site_id,uid,family,candidate_id,source,q,completed_repeats,window_completion_rate,mean_prefix,median_prefix,prefixes,first_failure_frames,first_failure_kinds,cumulative_latency_ms,run_ids
state_00,8f8f6133aa3add25b4508deb9f69a43d5dc1b700ed0d6c095f75caa9d48b9f72,smooth,candidate_00,original_trac,"[1.1867514195030047, -0.4876803225254135, 0.12080481927961934, -1.3758371164470788, -0.633023519884469, 2.796247510248761, 0.6325833241523295]",5,1.0,30.0,30.0,"[30, 30, 30, 30, 30]","[None, None, None, None, None]",{},"{'n': 5, 'mean': 17.6914758, 'median': 16.646586, 'p95': 20.3523284, 'minimum': 16.408102, 'maximum': 20.925525}","['state_00_candidate_00_r0', 'state_00_candidate_00_r1', 'state_00_candidate_00_r2', 'state_00_candidate_00_r3', 'state_00_candidate_00_r4']"
state_00,8f8f6133aa3add25b4508deb9f69a43d5dc1b700ed0d6c095f75caa9d48b9f72,smooth,candidate_01,pose_matched,"[1.1976514195030046, -0.48680084330216483, 0.11566573106913303, -1.3745989063492525, -0.644930592431233, 2.7934426201443454, 0.6389218191680252]",5,1.0,30.0,30.0,"[30, 30, 30, 30, 30]","[None, None, None, None, None]",{},"{'n': 5, 'mean': 17.5549628, 'median': 17.307929, 'p95': 19.4367716, 'minimum': 16.201594, 'maximum': 19.916789}","['state_00_candidate_01_r0', 'state_00_candidate_01_r1', 'state_00_candidate_01_r2', 'state_00_candidate_01_r3', 'state_00_candidate_01_r4']"
state_00,8f8f6133aa3add25b4508deb9f69a43d5dc1b700ed0d6c095f75caa9d48b9f72,smooth,candidate_02,pose_matched,"[1.1758514195030048, -0.48858774521666043, 0.1259592269142904, -1.3770761471744006, -0.6210003134181875, 2.7990184143618593, 0.6261331314122733]",5,1.0,30.0,30.0,"[30, 30, 30, 30, 30]","[None, None, None, None, None]",{},"{'n': 5, 'mean': 17.955718, 'median': 16.89502, 'p95': 21.7570346, 'minimum': 16.231684, 'maximum': 22.831578}","['state_00_candidate_02_r0', 'state_00_candidate_02_r1', 'state_00_candidate_02_r2', 'state_00_candidate_02_r3', 'state_00_candidate_02_r4']"
state_00,8f8f6133aa3add25b4508deb9f69a43d5dc1b700ed0d6c095f75caa9d48b9f72,smooth,candidate_03,pose_matched,"[1.2085514195030047, -0.4859492390139811, 0.11054204851304167, -1.3733622933692087, -0.656723438217654, 2.790604651850792, 0.6451500842784579]",5,1.0,30.0,30.0,"[30, 30, 30, 30, 30]","[None, None, None, None, None]",{},"{'n': 5, 'mean': 18.2462334, 'median': 17.70487, 'p95': 20.6028332, 'minimum': 17.000718, 'maximum': 21.188235}","['state_00_candidate_03_r0', 'state_00_candidate_03_r1', 'state_00_candidate_03_r2', 'state_00_candidate_03_r3', 'state_00_candidate_03_r4']"
state_00,8f8f6133aa3add25b4508deb9f69a43d5dc1b700ed0d6c095f75caa9d48b9f72,smooth,candidate_04,pose_matched,"[1.1649514195030046, -0.4895231768111637, 0.13112885902082197, -1.3783151801520894, -0.6088590868152722, 2.801754386564124, 0.6195697970841302]",5,1.0,30.0,30.0,"[30, 30, 30, 30, 30]","[None, None, None, None, None]",{},"{'n': 5, 'mean': 16.776846799999998, 'median': 16.493291, 'p95': 17.979174800000003, 'minimum': 16.199284, 'maximum': 18.309657}","['state_00_candidate_04_r0', 'state_00_candidate_04_r1', 'state_00_candidate_04_r2', 'state_00_candidate_04_r3', 'state_00_candidate_04_r4']"
state_00,8f8f6133aa3add25b4508deb9f69a43d5dc1b700ed0d6c095f75caa9d48b9f72,smooth,candidate_05,pose_matched,"[1.1911114195030046, -0.4873251813917089, 0.11874734065646061, -1.3753416895255943, -0.63780017858993, 2.7951295808443737, 0.6351320441712747]",5,1.0,30.0,30.0,"[30, 30, 30, 30, 30]","[None, None, None, None, None]",{},"{'n': 5, 'mean': 18.645771200000002, 'median': 19.215888, 'p95': 21.1713254, 'minimum': 16.276501, 'maximum': 21.485655}","['state_00_candidate_05_r0', 'state_00_candidate_05_r1', 'state_00_candidate_05_r2', 'state_00_candidate_05_r3', 'state_00_candidate_05_r4']"
state_01,5cb42b2934c0e392ce3a46109c71f4b13063588a522c5dc85ca3e4a385fef1f3,smooth,candidate_00,original_trac,"[1.6763873213048912, 0.2538350168951848, 0.9916560588652248, -1.9164548343326475, -1.1639427275446086, 0.9514197067638802, -1.2265847742135063]",5,1.0,30.0,30.0,"[30, 30, 30, 30, 30]","[None, None, None, None, None]",{},"{'n': 5, 'mean': 16.8670254, 'median': 16.368168, 'p95': 18.5981278, 'minimum': 15.977708, 'maximum': 19.007108}","['state_01_candidate_00_r0', 'state_01_candidate_00_r1', 'state_01_candidate_00_r2', 'state_01_candidate_00_r3', 'state_01_candidate_00_r4']"
state_01,5cb42b2934c0e392ce3a46109c71f4b13063588a522c5dc85ca3e4a385fef1f3,smooth,candidate_01,pose_matched,"[1.6674773159975784, 0.2574580901999323, 1.0025560588652247, -1.9160891600694427, -1.1663628090787943, 0.9480064343196369, -1.2251726397053597]",5,1.0,30.0,30.0,"[30, 30, 30, 30, 30]","[None, None, None, None, None]",{},"{'n': 5, 'mean': 16.5477926, 'median': 16.205169, 'p95': 17.924986200000003, 'minimum': 15.583839, 'maximum': 18.247064}","['state_01_candidate_01_r0', 'state_01_candidate_01_r1', 'state_01_candidate_01_r2', 'state_01_candidate_01_r3', 'state_01_candidate_01_r4']"
state_01,5cb42b2934c0e392ce3a46109c71f4b13063588a522c5dc85ca3e4a385fef1f3,smooth,candidate_02,pose_matched,"[1.6853496757872772, 0.25032591122751874, 0.9807560588652248, -1.916812384671865, -1.161582491247417, 0.954745118979922, -1.227967056077124]",5,1.0,30.0,30.0,"[30, 30, 30, 30, 30]","[None, None, None, None, None]",{},"{'n': 5, 'mean': 18.059804800000002, 'median': 16.592008, 'p95': 22.5787424, 'minimum': 15.837429, 'maximum': 23.870269}","['state_01_candidate_02_r0', 'state_01_candidate_02_r1', 'state_01_candidate_02_r2', 'state_01_candidate_02_r3', 'state_01_candidate_02_r4']"
state_01,5cb42b2934c0e392ce3a46109c71f4b13063588a522c5dc85ca3e4a385fef1f3,smooth,candidate_03,pose_matched,"[1.6586219191931875, 0.26119959991468517, 1.0134560588652248, -1.9157150758308827, -1.1688452077511255, 0.9445016246198971, -1.2237296466190288]",5,1.0,30.0,30.0,"[30, 30, 30, 30, 30]","[None, None, None, None, None]",{},"{'n': 5, 'mean': 18.548627000000003, 'median': 16.909417, 'p95': 22.019215000000003, 'minimum': 16.500476, 'maximum': 22.424047}","['state_01_candidate_03_r0', 'state_01_candidate_03_r1', 'state_01_candidate_03_r2', 'state_01_candidate_03_r3', 'state_01_candidate_03_r4']"
state_01,5cb42b2934c0e392ce3a46109c71f4b13063588a522c5dc85ca3e4a385fef1f3,smooth,candidate_04,pose_matched,"[1.6943622265901603, 0.2469265001349547, 0.9698560588652247, -1.9171620881020968, -1.1592797388086336, 0.9579861833200258, -1.2293204624822047]",5,1.0,30.0,30.0,"[30, 30, 30, 30, 30]","[None, None, None, None, None]",{},"{'n': 5, 'mean': 17.743945399999998, 'median': 16.786519, 'p95': 19.989846999999997, 'minimum': 16.218582, 'maximum': 20.30485}","['state_01_candidate_04_r0', 'state_01_candidate_04_r1', 'state_01_candidate_04_r2', 'state_01_candidate_04_r3', 'state_01_candidate_04_r4']"
state_01,5cb42b2934c0e392ce3a46109c71f4b13063588a522c5dc85ca3e4a385fef1f3,smooth,candidate_05,pose_matched,"[1.6728169132013067, 0.2552703243211628, 0.9960160588652248, -1.9163095553142095, -1.1649034428351759, 0.9500651431584426, -1.2260235584178698]",5,1.0,30.0,30.0,"[30, 30, 30, 30, 30]","[None, None, None, None, None]",{},"{'n': 5, 'mean': 17.008721, 'median': 16.792841, 'p95': 17.9097674, 'minimum': 15.988841, 'maximum': 17.980087}","['state_01_candidate_05_r0', 'state_01_candidate_05_r1', 'state_01_candidate_05_r2', 'state_01_candidate_05_r3', 'state_01_candidate_05_r4']"
state_02,b679adfdf204214d50a25fa86712b9aca9d874707a48fc1502277dc5839628ce,smooth,candidate_00,original_trac,"[0.2423745548301311, -0.4148924663247972, -0.5216463800504931, -2.1215602669621703, -1.331658289589987, 1.671546476248631, -0.6195441372922135]",5,1.0,30.0,30.0,"[30, 30, 30, 30, 30]","[None, None, None, None, None]",{},"{'n': 5, 'mean': 18.5372154, 'median': 17.487501, 'p95': 21.8331444, 'minimum': 16.672921, 'maximum': 22.690708}","['state_02_candidate_00_r0', 'state_02_candidate_00_r1', 'state_02_candidate_00_r2', 'state_02_candidate_00_r3', 'state_02_candidate_00_r4']"
state_02,b679adfdf204214d50a25fa86712b9aca9d874707a48fc1502277dc5839628ce,smooth,candidate_01,pose_matched,"[0.2532745548301311, -0.4173933214205853, -0.5295818311393808, -2.1213328074732445, -1.3349958925003813, 1.6672427575509308, -0.6186834457133806]",5,1.0,30.0,30.0,"[30, 30, 30, 30, 30]","[None, None, None, None, None]",{},"{'n': 5, 'mean': 17.292879199999998, 'median': 16.675209, 'p95': 19.5962272, 'minimum': 16.162481, 'maximum': 20.269044}","['state_02_candidate_01_r0', 'state_02_candidate_01_r1', 'state_02_candidate_01_r2', 'state_02_candidate_01_r3', 'state_02_candidate_01_r4']"
state_02,b679adfdf204214d50a25fa86712b9aca9d874707a48fc1502277dc5839628ce,smooth,candidate_02,pose_matched,"[0.2314745548301311, -0.4124521795245439, -0.5136776310234781, -2.1217884265068396, -1.3283495256057807, 1.6758035934207303, -0.6204082084161681]",5,1.0,30.0,30.0,"[30, 30, 30, 30, 30]","[None, None, None, None, None]",{},"{'n': 5, 'mean': 17.1578396, 'median': 17.335931, 'p95': 17.4535202, 'minimum': 16.585741, 'maximum': 17.477849}","['state_02_candidate_02_r0', 'state_02_candidate_02_r1', 'state_02_candidate_02_r2', 'state_02_candidate_02_r3', 'state_02_candidate_02_r4']"
state_02,b679adfdf204214d50a25fa86712b9aca9d874707a48fc1502277dc5839628ce,smooth,candidate_03,pose_matched,"[0.2641745548301311, -0.4199558470082191, -0.5374830682657777, -2.121106079384584, -1.3383631985204698, 1.6628912172913166, -0.6178262429610644]",5,1.0,30.0,30.0,"[30, 30, 30, 30, 30]","[None, None, None, None, None]",{},"{'n': 5, 'mean': 17.712926, 'median': 17.043789, 'p95': 20.7059228, 'minimum': 15.991053, 'maximum': 21.565604}","['state_02_candidate_03_r0', 'state_02_candidate_03_r1', 'state_02_candidate_03_r2', 'state_02_candidate_03_r3', 'state_02_candidate_03_r4']"
state_02,b679adfdf204214d50a25fa86712b9aca9d874707a48fc1502277dc5839628ce,smooth,candidate_04,pose_matched,"[0.2205745548301311, -0.41007138795848436, -0.5056764785736161, -2.12201725773109, -1.3250687540567176, 1.6800153036066918, -0.6212755607378168]",5,1.0,30.0,30.0,"[30, 30, 30, 30, 30]","[None, None, None, None, None]",{},"{'n': 5, 'mean': 18.36744, 'median': 16.94026, 'p95': 22.0124556, 'minimum': 16.234306, 'maximum': 22.70431}","['state_02_candidate_04_r0', 'state_02_candidate_04_r1', 'state_02_candidate_04_r2', 'state_02_candidate_04_r3', 'state_02_candidate_04_r4']"
state_02,b679adfdf204214d50a25fa86712b9aca9d874707a48fc1502277dc5839628ce,smooth,candidate_05,pose_matched,"[0.2467345548301311, -0.4158854791022037, -0.5248246070480079, -2.1214691974726807, -1.3329898220909533, 1.6698306486981138, -0.6191994492459273]",5,1.0,30.0,30.0,"[30, 30, 30, 30, 30]","[None, None, None, None, None]",{},"{'n': 5, 'mean': 17.533113, 'median': 16.961432, 'p95': 18.8459256, 'minimum': 16.412324, 'maximum': 18.903966}","['state_02_candidate_05_r0', 'state_02_candidate_05_r1', 'state_02_candidate_05_r2', 'state_02_candidate_05_r3', 'state_02_candidate_05_r4']"
state_03,de5fd8bdc41803a9c60ae3403f1bd816fe3517252f66357cb1585710a3dba6b2,smooth,candidate_00,original_trac,"[-1.0646154472789369, -0.5817955468789233, 0.5600765535702881, -1.8576098248551582, -1.0694285859323414, 2.3220274987238545, -1.4374094974131466]",5,1.0,30.0,30.0,"[30, 30, 30, 30, 30]","[None, None, None, None, None]",{},"{'n': 5, 'mean': 17.3434054, 'median': 17.533975, 'p95': 17.946758799999998, 'minimum': 16.023816, 'maximum': 17.971573}","['state_03_candidate_00_r0', 'state_03_candidate_00_r1', 'state_03_candidate_00_r2', 'state_03_candidate_00_r3', 'state_03_candidate_00_r4']"
state_03,de5fd8bdc41803a9c60ae3403f1bd816fe3517252f66357cb1585710a3dba6b2,smooth,candidate_01,pose_matched,"[-1.053715447278937, -0.577887460819292, 0.5549976777966779, -1.8568343843953203, -1.0772376740017782, 2.3165552277608077, -1.434315338064208]",5,1.0,30.0,30.0,"[30, 30, 30, 30, 30]","[None, None, None, None, None]",{},"{'n': 5, 'mean': 17.746377000000003, 'median': 17.204251, 'p95': 19.216472800000002, 'minimum': 16.636035, 'maximum': 19.326902}","['state_03_candidate_01_r0', 'state_03_candidate_01_r1', 'state_03_candidate_01_r2', 'state_03_candidate_01_r3', 'state_03_candidate_01_r4']"
state_03,de5fd8bdc41803a9c60ae3403f1bd816fe3517252f66357cb1585710a3dba6b2,smooth,candidate_02,pose_matched,"[-1.0755154472789368, -0.5857733694013552, 0.5651069433043738, -1.8584039248376163, -1.0614925820724832, 2.3275306668508673, -1.4405923327772407]",5,1.0,30.0,30.0,"[30, 30, 30, 30, 30]","[None, None, None, None, None]",{},"{'n': 5, 'mean': 17.211916600000002, 'median': 16.988813, 'p95': 18.5061414, 'minimum': 16.381797, 'maximum': 18.787675}","['state_03_candidate_02_r0', 'state_03_candidate_02_r1', 'state_03_candidate_02_r2', 'state_03_candidate_02_r3', 'state_03_candidate_02_r4']"
state_03,de5fd8bdc41803a9c60ae3403f1bd816fe3517252f66357cb1585710a3dba6b2,smooth,candidate_03,pose_matched,"[-1.0428154472789368, -0.5740482777347289, 0.5498708415015077, -1.856077200967373, -1.084923343843517, 2.3111140480087466, -1.4313070738468345]",5,1.0,30.0,30.0,"[30, 30, 30, 30, 30]","[None, None, None, None, None]",{},"{'n': 5, 'mean': 17.101070200000002, 'median': 17.344454, 'p95': 17.7090296, 'minimum': 16.04961, 'maximum': 17.747724}","['state_03_candidate_03_r0', 'state_03_candidate_03_r1', 'state_03_candidate_03_r2', 'state_03_candidate_03_r3', 'state_03_candidate_03_r4']"
state_03,de5fd8bdc41803a9c60ae3403f1bd816fe3517252f66357cb1585710a3dba6b2,smooth,candidate_04,pose_matched,"[-1.086415447278937, -0.5898217664986362, 0.5700883382764814, -1.8592170896920754, -1.053426057236681, 2.333064487854745, -1.4438667246961834]",5,1.0,30.0,30.0,"[30, 30, 30, 30, 30]","[None, None, None, None, None]",{},"{'n': 5, 'mean': 16.7251562, 'median': 16.528689, 'p95': 17.3799674, 'minimum': 16.320322, 'maximum': 17.538263}","['state_03_candidate_04_r0', 'state_03_candidate_04_r1', 'state_03_candidate_04_r2', 'state_03_candidate_04_r3', 'state_03_candidate_04_r4']"
state_03,de5fd8bdc41803a9c60ae3403f1bd816fe3517252f66357cb1585710a3dba6b2,smooth,candidate_05,pose_matched,"[-1.060255447278937, -0.5802239908644875, 0.5580507925175678, -1.85729743214008, -1.0725672528173014, 2.3198348707204652, -1.4361613504785866]",5,1.0,30.0,30.0,"[30, 30, 30, 30, 30]","[None, None, None, None, None]",{},"{'n': 5, 'mean': 17.691321000000002, 'median': 17.267339, 'p95': 19.310363799999998, 'minimum': 16.835958, 'maximum': 19.679654}","['state_03_candidate_05_r0', 'state_03_candidate_05_r1', 'state_03_candidate_05_r2', 'state_03_candidate_05_r3', 'state_03_candidate_05_r4']"
state_04,56d619efe2ff1c99577c3b877e99299fc95c9d00e6e7fa6fc3f05d97ad74fedb,smooth,candidate_00,original_trac,"[-0.6438325836377087, 0.4164077202879442, 1.6273186528065067, -1.6016278576027878, -1.076655488747117, 2.1274836098555445, 0.856327142438103]",5,1.0,30.0,30.0,"[30, 30, 30, 30, 30]","[None, None, None, None, None]",{},"{'n': 5, 'mean': 18.065643, 'median': 16.768885, 'p95': 21.169552999999997, 'minimum': 16.442335, 'maximum': 21.789803}","['state_04_candidate_00_r0', 'state_04_candidate_00_r1', 'state_04_candidate_00_r2', 'state_04_candidate_00_r3', 'state_04_candidate_00_r4']"
state_04,56d619efe2ff1c99577c3b877e99299fc95c9d00e6e7fa6fc3f05d97ad74fedb,smooth,candidate_01,pose_matched,"[-0.6416894685650117, 0.4273077202879442, 1.634027851988077, -1.6005409235417682, -1.0894490349920865, 2.119136083245446, 0.8603815112584682]",5,1.0,30.0,30.0,"[30, 30, 30, 30, 30]","[None, None, None, None, None]",{},"{'n': 5, 'mean': 17.768353, 'median': 18.245341, 'p95': 18.9333242, 'minimum': 15.89224, 'maximum': 18.977899}","['state_04_candidate_01_r0', 'state_04_candidate_01_r1', 'state_04_candidate_01_r2', 'state_04_candidate_01_r3', 'state_04_candidate_01_r4']"
state_04,56d619efe2ff1c99577c3b877e99299fc95c9d00e6e7fa6fc3f05d97ad74fedb,smooth,candidate_02,pose_matched,"[-0.6458560866464448, 0.4055077202879442, 1.6205440206682, -1.6027376270803464, -1.0637862494787031, 2.135774526438323, 0.8521575752320008]",5,1.0,30.0,30.0,"[30, 30, 30, 30, 30]","[None, None, None, None, None]",{},"{'n': 5, 'mean': 18.168742, 'median': 18.178707, 'p95': 18.9633662, 'minimum': 17.597497, 'maximum': 19.130383}","['state_04_candidate_02_r0', 'state_04_candidate_02_r1', 'state_04_candidate_02_r2', 'state_04_candidate_02_r3', 'state_04_candidate_02_r4']"
state_04,56d619efe2ff1c99577c3b877e99299fc95c9d00e6e7fa6fc3f05d97ad74fedb,smooth,candidate_03,pose_matched,"[-0.6394337985297238, 0.4382077202879442, 1.6406788426257164, -1.5994771677124606, -1.1021690395089603, 2.1107332229872937, 0.8643218613085306]",5,1.0,30.0,30.0,"[30, 30, 30, 30, 30]","[None, None, None, None, None]",{},"{'n': 5, 'mean': 17.496743399999996, 'median': 17.555321, 'p95': 18.654691, 'minimum': 15.676219, 'maximum': 18.709727}","['state_04_candidate_03_r0', 'state_04_candidate_03_r1', 'state_04_candidate_03_r2', 'state_04_candidate_03_r3', 'state_04_candidate_03_r4']"
state_04,56d619efe2ff1c99577c3b877e99299fc95c9d00e6e7fa6fc3f05d97ad74fedb,smooth,candidate_04,pose_matched,"[-0.64775209079262, 0.3946077202879442, 1.6136959093279042, -1.6038698665575246, -1.0508391474078178, 2.144007529902707, 0.8478716070173642]",5,1.0,30.0,30.0,"[30, 30, 30, 30, 30]","[None, None, None, None, None]",{},"{'n': 5, 'mean': 19.1752902, 'median': 19.449436, 'p95': 20.9200392, 'minimum': 16.382778, 'maximum': 21.159945}","['state_04_candidate_04_r0', 'state_04_candidate_04_r1', 'state_04_candidate_04_r2', 'state_04_candidate_04_r3', 'state_04_candidate_04_r4']"
state_04,56d619efe2ff1c99577c3b877e99299fc95c9d00e6e7fa6fc3f05d97ad74fedb,smooth,candidate_05,pose_matched,"[-0.6429892784291261, 0.4207677202879442, 1.6300097626331502, -1.6011903240357135, -1.0817818695366006, 2.124151320339608, 0.8579626471944559]",5,1.0,30.0,30.0,"[30, 30, 30, 30, 30]","[None, None, None, None, None]",{},"{'n': 5, 'mean': 19.0183634, 'median': 17.963839, 'p95': 23.367071, 'minimum': 15.911978, 'maximum': 24.023326}","['state_04_candidate_05_r0', 'state_04_candidate_05_r1', 'state_04_candidate_05_r2', 'state_04_candidate_05_r3', 'state_04_candidate_05_r4']"
state_05,a10896ea2be031cdafcdbbe89fd2752f92e2f6fa02699157324309a45e5d0a6d,smooth,candidate_00,original_trac,"[1.1633183216271457, 0.5702394553612334, 1.637750557665549, -1.4693474168163463, -1.395180700323172, 1.4339462822853644, 1.2397215437831808]",5,1.0,30.0,30.0,"[30, 30, 30, 30, 30]","[None, None, None, None, None]",{},"{'n': 5, 'mean': 17.214518599999998, 'median': 17.223322, 'p95': 18.1031732, 'minimum': 15.819613, 'maximum': 18.227131}","['state_05_candidate_00_r0', 'state_05_candidate_00_r1', 'state_05_candidate_00_r2', 'state_05_candidate_00_r3', 'state_05_candidate_00_r4']"
state_05,a10896ea2be031cdafcdbbe89fd2752f92e2f6fa02699157324309a45e5d0a6d,smooth,candidate_01,pose_matched,"[1.1649073560492726, 0.5811394553612335, 1.646852302891008, -1.468951133804353, -1.4069379627629188, 1.4247556284555845, 1.240992703368429]",5,1.0,30.0,30.0,"[30, 30, 30, 30, 30]","[None, None, None, None, None]",{},"{'n': 5, 'mean': 18.7830368, 'median': 19.246513, 'p95': 20.5714322, 'minimum': 16.349537, 'maximum': 20.793071}","['state_05_candidate_01_r0', 'state_05_candidate_01_r1', 'state_05_candidate_01_r2', 'state_05_candidate_01_r3', 'state_05_candidate_01_r4']"
state_05,a10896ea2be031cdafcdbbe89fd2752f92e2f6fa02699157324309a45e5d0a6d,smooth,candidate_02,pose_matched,"[1.1618792013745933, 0.5593394553612334, 1.6285489583260158, -1.4697692915967786, -1.383435758101723, 1.4431136094998123, 1.2383652772237908]",5,1.0,30.0,30.0,"[30, 30, 30, 30, 30]","[None, None, None, None, None]",{},"{'n': 5, 'mean': 17.042145400000003, 'median': 16.813179, 'p95': 17.868074, 'minimum': 16.370028, 'maximum': 17.953948}","['state_05_candidate_02_r0', 'state_05_candidate_02_r1', 'state_05_candidate_02_r2', 'state_05_candidate_02_r3', 'state_05_candidate_02_r4']"
state_05,a10896ea2be031cdafcdbbe89fd2752f92e2f6fa02699157324309a45e5d0a6d,smooth,candidate_03,pose_matched,"[1.166639757897893, 0.5920394553612335, 1.6558616285043155, -1.4685807217199474, -1.4187096339478462, 1.4155421565942392, 1.2421784107777714]",5,1.0,30.0,30.0,"[30, 30, 30, 30, 30]","[None, None, None, None, None]",{},"{'n': 5, 'mean': 18.4926618, 'median': 18.162565, 'p95': 21.160548, 'minimum': 16.330766, 'maximum': 21.613531}","['state_05_candidate_03_r0', 'state_05_candidate_03_r1', 'state_05_candidate_03_r2', 'state_05_candidate_03_r3', 'state_05_candidate_03_r4']"
state_05,a10896ea2be031cdafcdbbe89fd2752f92e2f6fa02699157324309a45e5d0a6d,smooth,candidate_04,pose_matched,"[1.1605971238784558, 0.5484394553612334, 1.619239477773902, -1.470216482840392, -1.3717010400918508, 1.4522571188518711, 1.2369242026397989]",5,1.0,30.0,30.0,"[30, 30, 30, 30, 30]","[None, None, None, None, None]",{},"{'n': 5, 'mean': 18.6483164, 'median': 18.937875, 'p95': 20.5225982, 'minimum': 16.465819, 'maximum': 20.56187}","['state_05_candidate_04_r0', 'state_05_candidate_04_r1', 'state_05_candidate_04_r2', 'state_05_candidate_04_r3', 'state_05_candidate_04_r4']"
state_05,a10896ea2be031cdafcdbbe89fd2752f92e2f6fa02699157324309a45e5d0a6d,smooth,candidate_05,pose_matched,"[1.1639363247471388, 0.5745994553612335, 1.6414028092687853, -1.4691858170514676, -1.3998820097938056, 1.4302727918429305, 1.2402402387538796]",5,1.0,30.0,30.0,"[30, 30, 30, 30, 30]","[None, None, None, None, None]",{},"{'n': 5, 'mean': 19.0913922, 'median': 19.080169, 'p95': 20.332149, 'minimum': 17.359048, 'maximum': 20.56926}","['state_05_candidate_05_r0', 'state_05_candidate_05_r1', 'state_05_candidate_05_r2', 'state_05_candidate_05_r3', 'state_05_candidate_05_r4']"
state_06,6db40955407e85f5dc6adf07a506eeb36af9baf5558e90c1d5d660b23f50f090,smooth,candidate_00,original_trac,"[-0.055202388740406706, 0.863987009853685, -0.2769983780942628, -2.016637704203235, 0.7726742417298791, 1.335736966858534, 0.4532854819508845]",5,1.0,30.0,30.0,"[30, 30, 30, 30, 30]","[None, None, None, None, None]",{},"{'n': 5, 'mean': 17.3882658, 'median': 17.93837, 'p95': 18.659007, 'minimum': 15.981848, 'maximum': 18.784899}","['state_06_candidate_00_r0', 'state_06_candidate_00_r1', 'state_06_candidate_00_r2', 'state_06_candidate_00_r3', 'state_06_candidate_00_r4']"
state_06,6db40955407e85f5dc6adf07a506eeb36af9baf5558e90c1d5d660b23f50f090,smooth,candidate_01,pose_matched,"[-0.044302388740406706, 0.8665845688964955, -0.287651981548894, -2.015743397239864, 0.7778868188726532, 1.3303427973332524, 0.44866744752851545]",5,1.0,30.0,30.0,"[30, 30, 30, 30, 30]","[None, None, None, None, None]",{},"{'n': 5, 'mean': 16.5410872, 'median': 16.607274, 'p95': 17.494405399999998, 'minimum': 15.523683, 'maximum': 17.535521}","['state_06_candidate_01_r0', 'state_06_candidate_01_r1', 'state_06_candidate_01_r2', 'state_06_candidate_01_r3', 'state_06_candidate_01_r4']"
state_06,6db40955407e85f5dc6adf07a506eeb36af9baf5558e90c1d5d660b23f50f090,smooth,candidate_02,pose_matched,"[-0.0661023887404067, 0.8614917871271458, -0.2663547342290442, -2.017526084181341, 0.7674717951623327, 1.3410744849262553, 0.457898198383842]",5,1.0,30.0,30.0,"[30, 30, 30, 30, 30]","[None, None, None, None, None]",{},"{'n': 5, 'mean': 16.810766, 'median': 16.87769, 'p95': 17.308142800000002, 'minimum': 15.747951, 'maximum': 17.308295}","['state_06_candidate_02_r0', 'state_06_candidate_02_r1', 'state_06_candidate_02_r2', 'state_06_candidate_02_r3', 'state_06_candidate_02_r4']"
state_06,6db40955407e85f5dc6adf07a506eeb36af9baf5558e90c1d5d660b23f50f090,smooth,candidate_03,pose_matched,"[-0.033402388740406706, 0.8692858329110801, -0.29831565369498947, -2.014843004554539, 0.7831105789269905, 1.3248905081132933, 0.44404327616982037]",5,1.0,30.0,30.0,"[30, 30, 30, 30, 30]","[None, None, None, None, None]",{},"{'n': 5, 'mean': 18.031050999999998, 'median': 18.452101, 'p95': 19.8079454, 'minimum': 15.350546, 'maximum': 20.063278}","['state_06_candidate_03_r0', 'state_06_candidate_03_r1', 'state_06_candidate_03_r2', 'state_06_candidate_03_r3', 'state_06_candidate_03_r4']"
state_06,6db40955407e85f5dc6adf07a506eeb36af9baf5558e90c1d5d660b23f50f090,smooth,candidate_04,pose_matched,"[-0.07700238874040671, 0.8590975918974446, -0.25572095073236295, -2.0184086919131325, 0.7622784377670125, 1.3463567742522817, 0.4625064120814422]",5,1.0,30.0,30.0,"[30, 30, 30, 30, 30]","[None, None, None, None, None]",{},"{'n': 5, 'mean': 17.782319, 'median': 17.624818, 'p95': 18.5397736, 'minimum': 17.369562, 'maximum': 18.761568}","['state_06_candidate_04_r0', 'state_06_candidate_04_r1', 'state_06_candidate_04_r2', 'state_06_candidate_04_r3', 'state_06_candidate_04_r4']"
state_06,6db40955407e85f5dc6adf07a506eeb36af9baf5558e90c1d5d660b23f50f090,smooth,candidate_05,pose_matched,"[-0.050842388740406703, 0.8650136778263646, -0.2812586184404745, -2.0162807014548596, 0.7747579982417342, 1.3335861784085519, 0.45143895211382823]",5,1.0,30.0,30.0,"[30, 30, 30, 30, 30]","[None, None, None, None, None]",{},"{'n': 5, 'mean': 17.376618, 'median': 16.659798, 'p95': 18.8634144, 'minimum': 16.641805, 'maximum': 19.127067}","['state_06_candidate_05_r0', 'state_06_candidate_05_r1', 'state_06_candidate_05_r2', 'state_06_candidate_05_r3', 'state_06_candidate_05_r4']"
state_07,78ab2e02787df24bab9b47e43eb0542fbbde14be2fabca2cb9720d8257e8e36d,smooth,candidate_00,original_trac,"[-0.7943146945488876, -0.7772104369119798, -0.14457258750581561, -1.9128503922004232, 0.7759461869040534, 2.693702017115855, 0.9229792846897731]",5,1.0,30.0,30.0,"[30, 30, 30, 30, 30]","[None, None, None, None, None]",{},"{'n': 5, 'mean': 17.942001799999996, 'median': 17.382005, 'p95': 20.475814, 'minimum': 16.690731, 'maximum': 21.166893}","['state_07_candidate_00_r0', 'state_07_candidate_00_r1', 'state_07_candidate_00_r2', 'state_07_candidate_00_r3', 'state_07_candidate_00_r4']"
state_07,78ab2e02787df24bab9b47e43eb0542fbbde14be2fabca2cb9720d8257e8e36d,smooth,candidate_01,pose_matched,"[-0.7834146945488876, -0.7786487003596871, -0.1490019691016725, -1.9143530460578182, 0.7628292983148344, 2.698567355096981, 0.9306396009675271]",5,1.0,30.0,30.0,"[30, 30, 30, 30, 30]","[None, None, None, None, None]",{},"{'n': 5, 'mean': 16.2832866, 'median': 16.085568, 'p95': 17.3411394, 'minimum': 15.49285, 'maximum': 17.543622}","['state_07_candidate_01_r0', 'state_07_candidate_01_r1', 'state_07_candidate_01_r2', 'state_07_candidate_01_r3', 'state_07_candidate_01_r4']"
state_07,78ab2e02787df24bab9b47e43eb0542fbbde14be2fabca2cb9720d8257e8e36d,smooth,candidate_02,pose_matched,"[-0.8052146945488876, -0.775811440433715, -0.1401676352970581, -1.9113621839535542, 0.7888684776209918, 2.6887896090396066, 0.9154948031880146]",5,1.0,30.0,30.0,"[30, 30, 30, 30, 30]","[None, None, None, None, None]",{},"{'n': 5, 'mean': 17.9450372, 'median': 16.976697, 'p95': 20.9621732, 'minimum': 15.820792, 'maximum': 21.595049}","['state_07_candidate_02_r0', 'state_07_candidate_02_r1', 'state_07_candidate_02_r2', 'state_07_candidate_02_r3', 'state_07_candidate_02_r4']"
state_07,78ab2e02787df24bab9b47e43eb0542fbbde14be2fabca2cb9720d8257e8e36d,smooth,candidate_03,pose_matched,"[-0.7725146945488875, -0.7801264641354205, -0.15345643268933465, -1.9158693524484134, 0.7495132526074788, 2.7033838239728727, 0.9384794589554308]",5,1.0,30.0,30.0,"[30, 30, 30, 30, 30]","[None, None, None, None, None]",{},"{'n': 5, 'mean': 16.506279999999997, 'median': 16.25075, 'p95': 17.1887036, 'minimum': 16.123954, 'maximum': 17.319399}","['state_07_candidate_03_r0', 'state_07_candidate_03_r1', 'state_07_candidate_03_r2', 'state_07_candidate_03_r3', 'state_07_candidate_03_r4']"
state_07,78ab2e02787df24bab9b47e43eb0542fbbde14be2fabca2cb9720d8257e8e36d,smooth,candidate_04,pose_matched,"[-0.8161146945488876, -0.7744514742297162, -0.13578647263007793, -1.9098891380182441, 0.8016006909347352, 2.683831845492775, 0.9081824755178382]",5,1.0,30.0,30.0,"[30, 30, 30, 30, 30]","[None, None, None, None, None]",{},"{'n': 5, 'mean': 17.808159999999997, 'median': 16.926104, 'p95': 20.1322094, 'minimum': 15.867308, 'maximum': 20.361687}","['state_07_candidate_04_r0', 'state_07_candidate_04_r1', 'state_07_candidate_04_r2', 'state_07_candidate_04_r3', 'state_07_candidate_04_r4']"
state_07,78ab2e02787df24bab9b47e43eb0542fbbde14be2fabca2cb9720d8257e8e36d,smooth,candidate_05,pose_matched,"[-0.7899546945488876, -0.7777810171032767, -0.14634137233497285, -1.9134497629180778, 0.7707230377557719, 2.6956538995375876, 0.9260221039342443]",5,1.0,30.0,30.0,"[30, 30, 30, 30, 30]","[None, None, None, None, None]",{},"{'n': 5, 'mean': 17.950847, 'median': 18.139875, 'p95': 20.390106, 'minimum': 15.86546, 'maximum': 20.736824}","['state_07_candidate_05_r0', 'state_07_candidate_05_r1', 'state_07_candidate_05_r2', 'state_07_candidate_05_r3', 'state_07_candidate_05_r4']"
state_08,06ca0c5d8d0cb31f50338aee261f6c596974205eb08300b4526361bb949a0c56,smooth,candidate_00,original_trac,"[-1.425286180067754, 0.39303002035763585, -0.2617401363953118, -1.6040816691381363, 0.11302911886768265, 1.4122442018381558, 0.10947919609457729]",5,1.0,30.0,30.0,"[30, 30, 30, 30, 30]","[None, None, None, None, None]",{},"{'n': 5, 'mean': 17.224466200000002, 'median': 17.07027, 'p95': 17.8370428, 'minimum': 16.663459, 'maximum': 17.902455}","['state_08_candidate_00_r0', 'state_08_candidate_00_r1', 'state_08_candidate_00_r2', 'state_08_candidate_00_r3', 'state_08_candidate_00_r4']"
state_08,06ca0c5d8d0cb31f50338aee261f6c596974205eb08300b4526361bb949a0c56,smooth,candidate_01,pose_matched,"[-1.4343986401937074, 0.3920977757114521, -0.2508401363953118, -1.604169649602191, 0.10991665385474111, 1.412602833006032, 0.11208749825170947]",5,1.0,30.0,30.0,"[30, 30, 30, 30, 30]","[None, None, None, None, None]",{},"{'n': 5, 'mean': 16.8739596, 'median': 16.999314, 'p95': 17.4195504, 'minimum': 16.21682, 'maximum': 17.428354}","['state_08_candidate_01_r0', 'state_08_candidate_01_r1', 'state_08_candidate_01_r2', 'state_08_candidate_01_r3', 'state_08_candidate_01_r4']"
state_08,06ca0c5d8d0cb31f50338aee261f6c596974205eb08300b4526361bb949a0c56,smooth,candidate_02,pose_matched,"[-1.4161825199264853, 0.39400491979583874, -0.2726401363953118, -1.6039908721760658, 0.1161545645332573, 1.4118739840228902, 0.10686041870027631]",5,1.0,30.0,30.0,"[30, 30, 30, 30, 30]","[None, None, None, None, None]",{},"{'n': 5, 'mean': 18.856635599999997, 'median': 18.785975, 'p95': 20.7957948, 'minimum': 16.791954, 'maximum': 21.252416}","['state_08_candidate_02_r0', 'state_08_candidate_02_r1', 'state_08_candidate_02_r2', 'state_08_candidate_02_r3', 'state_08_candidate_02_r4']"
state_08,06ca0c5d8d0cb31f50338aee261f6c596974205eb08300b4526361bb949a0c56,smooth,candidate_03,pose_matched,"[-1.443519496940288, 0.39120778355188895, -0.2399401363953118, -1.6042548585149246, 0.10681656909796983, 1.4129500704046223, 0.11468581221946804]",5,1.0,30.0,30.0,"[30, 30, 30, 30, 30]","[None, None, None, None, None]",{},"{'n': 5, 'mean': 17.725658799999998, 'median': 17.325395, 'p95': 19.0482978, 'minimum': 17.12789, 'maximum': 19.43231}","['state_08_candidate_03_r0', 'state_08_candidate_03_r1', 'state_08_candidate_03_r2', 'state_08_candidate_03_r3', 'state_08_candidate_03_r4']"
state_08,06ca0c5d8d0cb31f50338aee261f6c596974205eb08300b4526361bb949a0c56,smooth,candidate_04,pose_matched,"[-1.407088069551682, 0.39502289593364026, -0.2835401363953118, -1.6038972116350256, 0.11929359858623821, 1.4114919774470012, 0.10423067350920383]",5,1.0,30.0,30.0,"[30, 30, 30, 30, 30]","[None, None, None, None, None]",{},"{'n': 5, 'mean': 17.042961, 'median': 16.725694, 'p95': 18.26497, 'minimum': 15.567424, 'maximum': 18.308972}","['state_08_candidate_04_r0', 'state_08_candidate_04_r1', 'state_08_candidate_04_r2', 'state_08_candidate_04_r3', 'state_08_candidate_04_r4']"
state_08,06ca0c5d8d0cb31f50338aee261f6c596974205eb08300b4526361bb949a0c56,smooth,candidate_05,pose_matched,"[-1.4289301308486542, 0.3926520268889059, -0.2573801363953118, -1.6041171967392573, 0.1117826089670271, 1.4123890336975582, 0.11052374659051721]",5,1.0,30.0,30.0,"[30, 30, 30, 30, 30]","[None, None, None, None, None]",{},"{'n': 5, 'mean': 17.010136799999998, 'median': 16.664697, 'p95': 18.1557624, 'minimum': 16.097879, 'maximum': 18.290317}","['state_08_candidate_05_r0', 'state_08_candidate_05_r1', 'state_08_candidate_05_r2', 'state_08_candidate_05_r3', 'state_08_candidate_05_r4']"
state_09,1d0182481624543fd76f2a61695c7581ef7c8668e44b2d97959d5b285627834e,smooth,candidate_00,original_trac,"[1.2397814549142163, 0.628777695951748, -0.9382843992514303, -1.400187662661026, -0.5403072116634408, 1.7917468730487358, 0.04403853814743327]",5,1.0,30.0,30.0,"[30, 30, 30, 30, 30]","[None, None, None, None, None]",{},"{'n': 5, 'mean': 17.171018, 'median': 17.088432, 'p95': 18.2907568, 'minimum': 15.957094, 'maximum': 18.453854}","['state_09_candidate_00_r0', 'state_09_candidate_00_r1', 'state_09_candidate_00_r2', 'state_09_candidate_00_r3', 'state_09_candidate_00_r4']"
state_09,1d0182481624543fd76f2a61695c7581ef7c8668e44b2d97959d5b285627834e,smooth,candidate_01,pose_matched,"[1.233371931911463, 0.6239397331625466, -0.9273843992514302, -1.3995570095310772, -0.5481305705595401, 1.7889519973071257, 0.0477934078460352]",5,1.0,30.0,30.0,"[30, 30, 30, 30, 30]","[None, None, None, None, None]",{},"{'n': 5, 'mean': 17.8940472, 'median': 17.136995, 'p95': 19.8611026, 'minimum': 17.00205, 'maximum': 20.352995}","['state_09_candidate_01_r0', 'state_09_candidate_01_r1', 'state_09_candidate_01_r2', 'state_09_candidate_01_r3', 'state_09_candidate_01_r4']"
state_09,1d0182481624543fd76f2a61695c7581ef7c8668e44b2d97959d5b285627834e,smooth,candidate_02,pose_matched,"[1.2461370805027534, 0.633719380171892, -0.9491843992514303, -1.4008214546003075, -0.5323734760876466, 1.7945416019858036, 0.040214153265948134]",5,1.0,30.0,30.0,"[30, 30, 30, 30, 30]","[None, None, None, None, None]",{},"{'n': 5, 'mean': 17.9328334, 'median': 17.310387, 'p95': 19.965683799999997, 'minimum': 16.928242, 'maximum': 20.472596}","['state_09_candidate_02_r0', 'state_09_candidate_02_r1', 'state_09_candidate_02_r2', 'state_09_candidate_02_r3', 'state_09_candidate_02_r4']"
state_09,1d0182481624543fd76f2a61695c7581ef7c8668e44b2d97959d5b285627834e,smooth,candidate_03,pose_matched,"[1.2269098710175672, 0.6192036047596594, -0.9164843992514302, -1.3989296608921666, -0.5558461848270523, 1.7861577485436875, 0.05148047132018878]",5,1.0,30.0,30.0,"[30, 30, 30, 30, 30]","[None, None, None, None, None]",{},"{'n': 5, 'mean': 18.1226116, 'median': 17.816925, 'p95': 19.018909, 'minimum': 17.586238, 'maximum': 19.227125}","['state_09_candidate_03_r0', 'state_09_candidate_03_r1', 'state_09_candidate_03_r2', 'state_09_candidate_03_r3', 'state_09_candidate_03_r4']"
state_09,1d0182481624543fd76f2a61695c7581ef7c8668e44b2d97959d5b285627834e,smooth,candidate_04,pose_matched,"[1.2524374148357191, 0.6387667046253885, -0.9600843992514303, -1.4014582017046047, -0.5243266839414135, 1.7973353466903064, 0.03631850993777306]",5,1.0,30.0,30.0,"[30, 30, 30, 30, 30]","[None, None, None, None, None]",{},"{'n': 5, 'mean': 17.667702999999996, 'median': 17.837341, 'p95': 18.3835716, 'minimum': 16.276157, 'maximum': 18.428862}","['state_09_candidate_04_r0', 'state_09_candidate_04_r1', 'state_09_candidate_04_r2', 'state_09_candidate_04_r3', 'state_09_candidate_04_r4']"
state_09,1d0182481624543fd76f2a61695c7581ef7c8668e44b2d97959d5b285627834e,smooth,candidate_05,pose_matched,"[1.2372240365111746, 0.6268301706596542, -0.9339243992514302, -1.3999350150839776, -0.5434496519490788, 1.7906288956486467, 0.04554873137218286]",5,1.0,30.0,30.0,"[30, 30, 30, 30, 30]","[None, None, None, None, None]",{},"{'n': 5, 'mean': 18.846598, 'median': 17.447065, 'p95': 22.538814, 'minimum': 16.823894, 'maximum': 23.31989}","['state_09_candidate_05_r0', 'state_09_candidate_05_r1', 'state_09_candidate_05_r2', 'state_09_candidate_05_r3', 'state_09_candidate_05_r4']"
state_10,66f2b73ecb6abf41c70d57e46d0e222e2e94b89c45e10c47a9e731b19bf83181,near_singular,candidate_00,original_trac,"[1.2419909899814894, -0.018168948537864237, -1.1783031292529114, -0.37891473474875426, 0.5002013758795641, 1.869766110778805, 0.8817798435986912]",5,1.0,30.0,30.0,"[30, 30, 30, 30, 30]","[None, None, None, None, None]",{},"{'n': 5, 'mean': 17.201817600000002, 'median': 17.226195, 'p95': 18.404390199999998, 'minimum': 15.840052, 'maximum': 18.483013}","['state_10_candidate_00_r0', 'state_10_candidate_00_r1', 'state_10_candidate_00_r2', 'state_10_candidate_00_r3', 'state_10_candidate_00_r4']"
state_10,66f2b73ecb6abf41c70d57e46d0e222e2e94b89c45e10c47a9e731b19bf83181,near_singular,candidate_01,pose_matched,"[1.2528909899814893, -0.018462231890739707, -1.1876764380085871, -0.3788048051598775, 0.4985856080333325, 1.8698501811731802, 0.8820198449953398]",5,1.0,30.0,30.0,"[30, 30, 30, 30, 30]","[None, None, None, None, None]",{},"{'n': 5, 'mean': 18.169178, 'median': 18.054396, 'p95': 20.217075599999998, 'minimum': 16.646009, 'maximum': 20.613912}","['state_10_candidate_01_r0', 'state_10_candidate_01_r1', 'state_10_candidate_01_r2', 'state_10_candidate_01_r3', 'state_10_candidate_01_r4']"
state_10,66f2b73ecb6abf41c70d57e46d0e222e2e94b89c45e10c47a9e731b19bf83181,near_singular,candidate_02,pose_matched,"[1.2310909899814895, -0.017886527818320508, -1.1688830731027198, -0.3790217874107392, 0.5017676636634223, 1.8696843743246399, 0.8815471553408476]",5,1.0,30.0,30.0,"[30, 30, 30, 30, 30]","[None, None, None, None, None]",{},"{'n': 5, 'mean': 18.3665992, 'median': 17.851001, 'p95': 21.1354194, 'minimum': 16.051897, 'maximum': 21.787048}","['state_10_candidate_02_r0', 'state_10_candidate_02_r1', 'state_10_candidate_02_r2', 'state_10_candidate_02_r3', 'state_10_candidate_02_r4']"
state_10,66f2b73ecb6abf41c70d57e46d0e222e2e94b89c45e10c47a9e731b19bf83181,near_singular,candidate_03,pose_matched,"[1.2637909899814894, -0.018766940920068892, -1.1970004891945665, -0.3786918637859294, 0.4969177028721916, 1.8699366995579727, 0.8822675512694705]",5,1.0,30.0,30.0,"[30, 30, 30, 30, 30]","[None, None, None, None, None]",{},"{'n': 5, 'mean': 17.431843199999996, 'median': 17.027347, 'p95': 19.025457199999998, 'minimum': 16.184436, 'maximum': 19.380808}","['state_10_candidate_03_r0', 'state_10_candidate_03_r1', 'state_10_candidate_03_r2', 'state_10_candidate_03_r3', 'state_10_candidate_03_r4']"
state_10,66f2b73ecb6abf41c70d57e46d0e222e2e94b89c45e10c47a9e731b19bf83181,near_singular,candidate_04,pose_matched,"[1.2201909899814893, -0.017614442448749417, -1.159418620196558, -0.37912609075238596, 0.5032869597279767, 1.8696048642042167, 0.8813214133288558]",5,1.0,30.0,30.0,"[30, 30, 30, 30, 30]","[None, None, None, None, None]",{},"{'n': 5, 'mean': 16.841331, 'median': 16.389956, 'p95': 18.271066400000002, 'minimum': 16.008876, 'maximum': 18.575759}","['state_10_candidate_04_r0', 'state_10_candidate_04_r1', 'state_10_candidate_04_r2', 'state_10_candidate_04_r3', 'state_10_candidate_04_r4']"
state_10,66f2b73ecb6abf41c70d57e46d0e222e2e94b89c45e10c47a9e731b19bf83181,near_singular,candidate_05,pose_matched,"[1.2463509899814893, -0.018284927663865864, -1.1820581993020471, -0.3788711155290823, 0.4995611512264042, 1.8697994526259483, 0.8818749452211259]",5,1.0,30.0,30.0,"[30, 30, 30, 30, 30]","[None, None, None, None, None]",{},"{'n': 5, 'mean': 16.980787, 'median': 17.187493, 'p95': 17.584531, 'minimum': 16.026736, 'maximum': 17.679657}","['state_10_candidate_05_r0', 'state_10_candidate_05_r1', 'state_10_candidate_05_r2', 'state_10_candidate_05_r3', 'state_10_candidate_05_r4']"
state_11,edb82bb2a579031e23761a00f75585d666f99eba5f487dcbcbeb84c0e64816b9,near_singular,candidate_00,original_trac,"[0.3372849677985676, -0.10339042258667709, -0.6750161242544171, -0.45094542111704067, 2.3666736463782865, 1.6237396289386503, 0.4723036182436523]",5,1.0,30.0,30.0,"[30, 30, 30, 30, 30]","[None, None, None, None, None]",{},"{'n': 5, 'mean': 17.4866212, 'median': 17.329995, 'p95': 18.7165054, 'minimum': 16.776017, 'maximum': 19.047105}","['state_11_candidate_00_r0', 'state_11_candidate_00_r1', 'state_11_candidate_00_r2', 'state_11_candidate_00_r3', 'state_11_candidate_00_r4']"
state_11,edb82bb2a579031e23761a00f75585d666f99eba5f487dcbcbeb84c0e64816b9,near_singular,candidate_01,pose_matched,"[0.3481849677985676, -0.10220115071999587, -0.6851149924421571, -0.4480740453300565, 2.365912576403425, 1.6247769967793702, 0.4730224788769638]",5,1.0,30.0,30.0,"[30, 30, 30, 30, 30]","[None, None, None, None, None]",{},"{'n': 5, 'mean': 17.5677172, 'median': 18.454109, 'p95': 18.9094656, 'minimum': 15.780388, 'maximum': 18.944932}","['state_11_candidate_01_r0', 'state_11_candidate_01_r1', 'state_11_candidate_01_r2', 'state_11_candidate_01_r3', 'state_11_candidate_01_r4']"
state_11,edb82bb2a579031e23761a00f75585d666f99eba5f487dcbcbeb84c0e64816b9,near_singular,candidate_02,pose_matched,"[0.32638496779856757, -0.10432463150124803, -0.6655750651366826, -0.45348973538182974, 2.3680945367809842, 1.6227099714365114, 0.4717678280851085]",5,1.0,30.0,30.0,"[30, 30, 30, 30, 30]","[None, None, None, None, None]",{},"{'n': 5, 'mean': 17.2365362, 'median': 17.293964, 'p95': 18.38459, 'minimum': 15.765181, 'maximum': 18.505477}","['state_11_candidate_02_r0', 'state_11_candidate_02_r1', 'state_11_candidate_02_r2', 'state_11_candidate_02_r3', 'state_11_candidate_02_r4']"
state_11,edb82bb2a579031e23761a00f75585d666f99eba5f487dcbcbeb84c0e64816b9,near_singular,candidate_03,pose_matched,"[0.3590849677985676, -0.10060256661286433, -0.6962691045232238, -0.4446846298683319, 2.3662099088265163, 1.625827750276894, 0.4740295723715708]",5,1.0,30.0,30.0,"[30, 30, 30, 30, 30]","[None, None, None, None, None]",{},"{'n': 5, 'mean': 17.883941800000002, 'median': 17.758739, 'p95': 19.347293399999998, 'minimum': 15.948339, 'maximum': 19.449789}","['state_11_candidate_03_r0', 'state_11_candidate_03_r1', 'state_11_candidate_03_r2', 'state_11_candidate_03_r3', 'state_11_candidate_03_r4']"
state_11,edb82bb2a579031e23761a00f75585d666f99eba5f487dcbcbeb84c0e64816b9,near_singular,candidate_04,pose_matched,"[0.3154849677985676, -0.10508122294613902, -0.6565911988313878, -0.4558024206441268, 2.369974112178652, 1.6216858772125973, 0.4713622711970569]",5,1.0,30.0,30.0,"[30, 30, 30, 30, 30]","[None, None, None, None, None]",{},"{'n': 5, 'mean': 18.922655, 'median': 18.071317, 'p95': 24.5278726, 'minimum': 15.750144, 'maximum': 25.88016}","['state_11_candidate_04_r0', 'state_11_candidate_04_r1', 'state_11_candidate_04_r2', 'state_11_candidate_04_r3', 'state_11_candidate_04_r4']"
state_11,edb82bb2a579031e23761a00f75585d666f99eba5f487dcbcbeb84c0e64816b9,near_singular,candidate_05,pose_matched,"[0.34164496779856757, -0.10295140865735536, -0.6789610045052412, -0.4498436359898048, 2.3662742669587957, 1.6241534551545695, 0.4725650425923279]",5,1.0,30.0,30.0,"[30, 30, 30, 30, 30]","[None, None, None, None, None]",{},"{'n': 5, 'mean': 16.0012322, 'median': 16.006144, 'p95': 16.5601544, 'minimum': 15.462361, 'maximum': 16.66781}","['state_11_candidate_05_r0', 'state_11_candidate_05_r1', 'state_11_candidate_05_r2', 'state_11_candidate_05_r3', 'state_11_candidate_05_r4']"
state_12,34c7c753da7e4dd43e5997cf038433e8ec22792881ee3a042273d97c786de424,near_singular,candidate_00,original_trac,"[2.114038428967817, -0.05771449730797922, -1.3639092662054026, -0.37489502164468497, 2.3226313482476515, 1.422855287123634, 0.9345484454390183]",5,1.0,30.0,30.0,"[30, 30, 30, 30, 30]","[None, None, None, None, None]",{},"{'n': 5, 'mean': 18.3716904, 'median': 17.159334, 'p95': 21.6936194, 'minimum': 16.675818, 'maximum': 22.423495}","['state_12_candidate_00_r0', 'state_12_candidate_00_r1', 'state_12_candidate_00_r2', 'state_12_candidate_00_r3', 'state_12_candidate_00_r4']"
state_12,34c7c753da7e4dd43e5997cf038433e8ec22792881ee3a042273d97c786de424,near_singular,candidate_01,pose_matched,"[2.112121487151116, -0.05975665911491, -1.3530092662054027, -0.3756913142284782, 2.313372228306024, 1.4237513947054052, 0.933356515764713]",5,1.0,30.0,30.0,"[30, 30, 30, 30, 30]","[None, None, None, None, None]",{},"{'n': 5, 'mean': 17.115986399999997, 'median': 16.931367, 'p95': 18.4296894, 'minimum': 16.212887, 'maximum': 18.782917}","['state_12_candidate_01_r0', 'state_12_candidate_01_r1', 'state_12_candidate_01_r2', 'state_12_candidate_01_r3', 'state_12_candidate_01_r4']"
state_12,34c7c753da7e4dd43e5997cf038433e8ec22792881ee3a042273d97c786de424,near_singular,candidate_02,pose_matched,"[2.1162135874840518, -0.0557367010999026, -1.3748092662054026, -0.3741354335202852, 2.331625856067181, 1.4219946972760067, 0.9357072812013136]",5,1.0,30.0,30.0,"[30, 30, 30, 30, 30]","[None, None, None, None, None]",{},"{'n': 5, 'mean': 17.3803878, 'median': 17.782696, 'p95': 18.2066574, 'minimum': 16.359424, 'maximum': 18.27366}","['state_12_candidate_02_r0', 'state_12_candidate_02_r1', 'state_12_candidate_02_r2', 'state_12_candidate_02_r3', 'state_12_candidate_02_r4']"
state_12,34c7c753da7e4dd43e5997cf038433e8ec22792881ee3a042273d97c786de424,near_singular,candidate_03,pose_matched,"[2.1104568242965893, -0.06186235963164425, -1.3421092662054026, -0.3765254524260525, 2.3038547512453236, 1.424683264469388, 0.9321322826281221]",5,1.0,30.0,30.0,"[30, 30, 30, 30, 30]","[None, None, None, None, None]",{},"{'n': 5, 'mean': 18.3610264, 'median': 18.415017, 'p95': 19.844434, 'minimum': 16.944215, 'maximum': 19.958771}","['state_12_candidate_03_r0', 'state_12_candidate_03_r1', 'state_12_candidate_03_r2', 'state_12_candidate_03_r3', 'state_12_candidate_03_r4']"
state_12,34c7c753da7e4dd43e5997cf038433e8ec22792881ee3a042273d97c786de424,near_singular,candidate_04,pose_matched,"[2.118651620346636, -0.05382383664137934, -1.3857092662054027, -0.3734113952236024, 2.340350813939886, 1.4211692467891208, 0.93683237654774]",5,1.0,30.0,30.0,"[30, 30, 30, 30, 30]","[None, None, None, None, None]",{},"{'n': 5, 'mean': 17.877406, 'median': 17.317767, 'p95': 19.9627518, 'minimum': 16.532743, 'maximum': 20.373697}","['state_12_candidate_04_r0', 'state_12_candidate_04_r1', 'state_12_candidate_04_r2', 'state_12_candidate_04_r3', 'state_12_candidate_04_r4']"
state_12,34c7c753da7e4dd43e5997cf038433e8ec22792881ee3a042273d97c786de424,near_singular,candidate_05,pose_matched,"[2.1132409701625576, -0.058523678655682594, -1.3595492662054027, -0.3752090699603416, 2.3189591328359236, 1.4232094512342073, 0.9340756037219728]",5,1.0,30.0,30.0,"[30, 30, 30, 30, 30]","[None, None, None, None, None]",{},"{'n': 5, 'mean': 17.556874600000004, 'median': 17.618089, 'p95': 19.7424854, 'minimum': 15.729583, 'maximum': 20.245157}","['state_12_candidate_05_r0', 'state_12_candidate_05_r1', 'state_12_candidate_05_r2', 'state_12_candidate_05_r3', 'state_12_candidate_05_r4']"
state_13,0041eb55dd40437ac17fe39ad8e73df25d7db92ccc7ab532775994d081047948,near_singular,candidate_00,original_trac,"[1.0804185175237409, 0.03215105398526326, -2.1653111228548694, -0.45859723946961956, 0.225351357375744, 0.7111866918972807, -1.0740740281858983]",5,1.0,30.0,30.0,"[30, 30, 30, 30, 30]","[None, None, None, None, None]",{},"{'n': 5, 'mean': 19.1372084, 'median': 18.967793, 'p95': 20.9839214, 'minimum': 17.316734, 'maximum': 21.203437}","['state_13_candidate_00_r0', 'state_13_candidate_00_r1', 'state_13_candidate_00_r2', 'state_13_candidate_00_r3', 'state_13_candidate_00_r4']"
state_13,0041eb55dd40437ac17fe39ad8e73df25d7db92ccc7ab532775994d081047948,near_singular,candidate_01,pose_matched,"[1.07053294387858, 0.03156542270504312, -2.1544111228548695, -0.45754213200338534, 0.22461380695204125, 0.710768700775103, -1.0736586288917909]",5,1.0,30.0,30.0,"[30, 30, 30, 30, 30]","[None, None, None, None, None]",{},"{'n': 5, 'mean': 18.207079200000003, 'median': 17.275632, 'p95': 22.032606599999998, 'minimum': 16.483976, 'maximum': 23.142521}","['state_13_candidate_01_r0', 'state_13_candidate_01_r1', 'state_13_candidate_01_r2', 'state_13_candidate_01_r3', 'state_13_candidate_01_r4']"
state_13,0041eb55dd40437ac17fe39ad8e73df25d7db92ccc7ab532775994d081047948,near_singular,candidate_02,pose_matched,"[1.0905183163145657, 0.03267806844637964, -2.1762111228548693, -0.45961965985765746, 0.22591623169322947, 0.711600184605738, -1.0744279479910657]",5,1.0,30.0,30.0,"[30, 30, 30, 30, 30]","[None, None, None, None, None]",{},"{'n': 5, 'mean': 19.0266926, 'median': 19.308903, 'p95': 21.439251, 'minimum': 17.024687, 'maximum': 21.842854}","['state_13_candidate_02_r0', 'state_13_candidate_02_r1', 'state_13_candidate_02_r2', 'state_13_candidate_02_r3', 'state_13_candidate_02_r4']"
state_13,0041eb55dd40437ac17fe39ad8e73df25d7db92ccc7ab532775994d081047948,near_singular,candidate_03,pose_matched,"[1.0608872508589524, 0.030913972786317197, -2.1435111228548696, -0.45645156753417276, 0.22368263314440737, 0.7103460210518396, -1.0731748251598965]",5,1.0,30.0,30.0,"[30, 30, 30, 30, 30]","[None, None, None, None, None]",{},"{'n': 5, 'mean': 20.1751226, 'median': 18.927048, 'p95': 25.7064246, 'minimum': 16.363237, 'maximum': 26.765857}","['state_13_candidate_03_r0', 'state_13_candidate_03_r1', 'state_13_candidate_03_r2', 'state_13_candidate_03_r3', 'state_13_candidate_03_r4']"
state_13,0041eb55dd40437ac17fe39ad8e73df25d7db92ccc7ab532775994d081047948,near_singular,candidate_04,pose_matched,"[1.100810687017498, 0.03315249873860455, -2.187111122854869, -0.4606115635084846, 0.22632611933642174, 0.7120092446393098, -1.0747262162740345]",5,1.0,30.0,30.0,"[30, 30, 30, 30, 30]","[None, None, None, None, None]",{},"{'n': 5, 'mean': 16.5335442, 'median': 16.319163, 'p95': 17.6284514, 'minimum': 15.638664, 'maximum': 17.87904}","['state_13_candidate_04_r0', 'state_13_candidate_04_r1', 'state_13_candidate_04_r2', 'state_13_candidate_04_r3', 'state_13_candidate_04_r4']"
state_13,0041eb55dd40437ac17fe39ad8e73df25d7db92ccc7ab532775994d081047948,near_singular,candidate_05,pose_matched,"[1.076437247162428, 0.031924208625433055, -2.1609511228548692, -0.4581792580806854, 0.2250781477642947, 0.7110200424690613, -1.0739156055017467]",5,1.0,30.0,30.0,"[30, 30, 30, 30, 30]","[None, None, None, None, None]",{},"{'n': 5, 'mean': 17.8790176, 'median': 17.64156, 'p95': 19.432237, 'minimum': 16.567949, 'maximum': 19.74073}","['state_13_candidate_05_r0', 'state_13_candidate_05_r1', 'state_13_candidate_05_r2', 'state_13_candidate_05_r3', 'state_13_candidate_05_r4']"
state_14,652db5eb389e7355156299a8e5d39fecb8bc55621d923f9a05f415fc9d4a9f4d,near_singular,candidate_00,original_trac,"[2.4668384905780694, 0.22850866254833804, -1.819687172539125, -0.33521522849501284, -1.2982903121457678, 0.2189558108222837, 0.4377617990495719]",4,0.8,29.4,30.0,"[30, 27, 30, 30, 30]","[None, 102, None, None, None]",{'solver_failure': 1},"{'n': 5, 'mean': 23.2640092, 'median': 22.78305, 'p95': 30.142312399999998, 'minimum': 17.906883, 'maximum': 31.688975}","['state_14_candidate_00_r0', 'state_14_candidate_00_r1', 'state_14_candidate_00_r2', 'state_14_candidate_00_r3', 'state_14_candidate_00_r4']"
state_14,652db5eb389e7355156299a8e5d39fecb8bc55621d923f9a05f415fc9d4a9f4d,near_singular,candidate_01,pose_matched,"[2.4777384905780693, 0.22686845611727163, -1.8193591165981005, -0.3378318384543588, -1.3047359762498305, 0.2176380671477474, 0.4424859007705034]",5,1.0,30.0,30.0,"[30, 30, 30, 30, 30]","[None, None, None, None, None]",{},"{'n': 5, 'mean': 16.3982606, 'median': 16.139108, 'p95': 17.3840316, 'minimum': 15.835829, 'maximum': 17.635713}","['state_14_candidate_01_r0', 'state_14_candidate_01_r1', 'state_14_candidate_01_r2', 'state_14_candidate_01_r3', 'state_14_candidate_01_r4']"
state_14,652db5eb389e7355156299a8e5d39fecb8bc55621d923f9a05f415fc9d4a9f4d,near_singular,candidate_02,pose_matched,"[2.4559384905780695, 0.23030860544410925, -1.8209475150994716, -0.33264966097147186, -1.2909540106747157, 0.22039283642896695, 0.4329923703735962]",1,0.2,27.6,27.0,"[27, 27, 27, 30, 27]","[102, 102, 102, None, 102]",{'solver_failure': 4},"{'n': 5, 'mean': 31.465960799999998, 'median': 33.182737, 'p95': 33.898557, 'minimum': 24.597653, 'maximum': 33.95482}","['state_14_candidate_02_r0', 'state_14_candidate_02_r1', 'state_14_candidate_02_r2', 'state_14_candidate_02_r3', 'state_14_candidate_02_r4']"
state_14,652db5eb389e7355156299a8e5d39fecb8bc55621d923f9a05f415fc9d4a9f4d,near_singular,candidate_03,pose_matched,"[2.488638490578069, 0.225402876930815, -1.820018536452199, -0.34050461633706564, -1.3102306695743284, 0.2164521716881956, 0.44716944569855566]",5,1.0,30.0,30.0,"[30, 30, 30, 30, 30]","[None, None, None, None, None]",{},"{'n': 5, 'mean': 17.030311, 'median': 16.927575, 'p95': 18.162906, 'minimum': 16.392084, 'maximum': 18.470075}","['state_14_candidate_03_r0', 'state_14_candidate_03_r1', 'state_14_candidate_03_r2', 'state_14_candidate_03_r3', 'state_14_candidate_03_r4']"
state_14,652db5eb389e7355156299a8e5d39fecb8bc55621d923f9a05f415fc9d4a9f4d,near_singular,candidate_04,pose_matched,"[2.4450384905780695, 0.23225408576523932, -1.8230860813872125, -0.33013095961439803, -1.2827854941103642, 0.22193713498400727, 0.4281736170012961]",0,0.0,27.0,27.0,"[27, 27, 27, 27, 27]","[102, 102, 102, 102, 102]",{'solver_failure': 5},"{'n': 5, 'mean': 32.5925952, 'median': 31.974042, 'p95': 34.807357, 'minimum': 31.255161, 'maximum': 35.19288}","['state_14_candidate_04_r0', 'state_14_candidate_04_r1', 'state_14_candidate_04_r2', 'state_14_candidate_04_r3', 'state_14_candidate_04_r4']"
state_14,652db5eb389e7355156299a8e5d39fecb8bc55621d923f9a05f415fc9d4a9f4d,near_singular,candidate_05,pose_matched,"[2.4711984905780695, 0.22783259245050325, -1.819441003564407, -0.33625548334629807, -1.3009787964156971, 0.21841370761066536, 0.43965662973252967]",5,1.0,30.0,30.0,"[30, 30, 30, 30, 30]","[None, None, None, None, None]",{},"{'n': 5, 'mean': 16.8398662, 'median': 16.833883, 'p95': 17.6008462, 'minimum': 15.904109, 'maximum': 17.782307}","['state_14_candidate_05_r0', 'state_14_candidate_05_r1', 'state_14_candidate_05_r2', 'state_14_candidate_05_r3', 'state_14_candidate_05_r4']"
state_16,ec8aefceb5c3201f013492598c3a22130bd573f1c4f1e80ea03dd57faa5e994f,near_singular,candidate_00,original_trac,"[-1.9277947832092495, 1.3453102103575567, 1.2955759732148115, -0.44302740817534014, 2.2912684015904463, 1.7350228416256444, -0.746562072921551]",5,1.0,30.0,30.0,"[30, 30, 30, 30, 30]","[None, None, None, None, None]",{},"{'n': 5, 'mean': 17.4723794, 'median': 17.38, 'p95': 18.2694876, 'minimum': 16.583785, 'maximum': 18.286631}","['state_16_candidate_00_r0', 'state_16_candidate_00_r1', 'state_16_candidate_00_r2', 'state_16_candidate_00_r3', 'state_16_candidate_00_r4']"
state_16,ec8aefceb5c3201f013492598c3a22130bd573f1c4f1e80ea03dd57faa5e994f,near_singular,candidate_01,pose_matched,"[-1.9208355024539756, 1.3446928559650015, 1.285402932888242, -0.4321274081753401, 2.299393589245029, 1.7369818836752056, -0.7421560412384782]",5,1.0,30.0,30.0,"[30, 30, 30, 30, 30]","[None, None, None, None, None]",{},"{'n': 5, 'mean': 18.189887799999997, 'median': 18.607801, 'p95': 19.7168704, 'minimum': 16.240116, 'maximum': 19.918934}","['state_16_candidate_01_r0', 'state_16_candidate_01_r1', 'state_16_candidate_01_r2', 'state_16_candidate_01_r3', 'state_16_candidate_01_r4']"
state_16,ec8aefceb5c3201f013492598c3a22130bd573f1c4f1e80ea03dd57faa5e994f,near_singular,candidate_02,pose_matched,"[-1.9336031181273687, 1.3425666584725624, 1.2916255476837157, -0.45392740817534016, 2.296914703544752, 1.7309360102742402, -0.7492666038689212]",5,1.0,30.0,30.0,"[30, 30, 30, 30, 30]","[None, None, None, None, None]",{},"{'n': 5, 'mean': 19.008512800000002, 'median': 18.993628, 'p95': 20.648289, 'minimum': 16.962427, 'maximum': 20.768853}","['state_16_candidate_02_r0', 'state_16_candidate_02_r1', 'state_16_candidate_02_r2', 'state_16_candidate_02_r3', 'state_16_candidate_02_r4']"
state_16,ec8aefceb5c3201f013492598c3a22130bd573f1c4f1e80ea03dd57faa5e994f,near_singular,candidate_03,pose_matched,"[-1.9383061890750202, 1.3367132595624762, 1.2755198174194968, -0.46482740817534013, 2.314402394736748, 1.7249016509932773, -0.7503651235690879]",5,1.0,30.0,30.0,"[30, 30, 30, 30, 30]","[None, None, None, None, None]",{},"{'n': 5, 'mean': 17.2079636, 'median': 17.060026, 'p95': 18.993349000000002, 'minimum': 15.919105, 'maximum': 19.339147}","['state_16_candidate_03_r0', 'state_16_candidate_03_r1', 'state_16_candidate_03_r2', 'state_16_candidate_03_r3', 'state_16_candidate_03_r4']"
state_16,ec8aefceb5c3201f013492598c3a22130bd573f1c4f1e80ea03dd57faa5e994f,near_singular,candidate_04,pose_matched,"[-1.9251564427500971, 1.3454794129490344, 1.2933193210908012, -0.43866740817534017, 2.2927516426150345, 1.7360694549967237, -0.7450114912247372]",5,1.0,30.0,30.0,"[30, 30, 30, 30, 30]","[None, None, None, None, None]",{},"{'n': 5, 'mean': 17.6242884, 'median': 16.968764, 'p95': 19.0057148, 'minimum': 16.684414, 'maximum': 19.101398}","['state_16_candidate_04_r0', 'state_16_candidate_04_r1', 'state_16_candidate_04_r2', 'state_16_candidate_04_r3', 'state_16_candidate_04_r4']"
state_16,ec8aefceb5c3201f013492598c3a22130bd573f1c4f1e80ea03dd57faa5e994f,near_singular,candidate_05,pose_matched,"[-1.9302507082893259, 1.3446027576286772, 1.2955752732428198, -0.4473874081753401, 2.2919866975985177, 1.7336348445849328, -0.747841253832701]",5,1.0,30.0,30.0,"[30, 30, 30, 30, 30]","[None, None, None, None, None]",{},"{'n': 5, 'mean': 18.322603800000003, 'median': 18.034416, 'p95': 21.4779774, 'minimum': 16.083754, 'maximum': 22.160205}","['state_16_candidate_05_r0', 'state_16_candidate_05_r1', 'state_16_candidate_05_r2', 'state_16_candidate_05_r3', 'state_16_candidate_05_r4']"
state_17,9d31300368dce86a64ae7331dc830816bfd082fd79a577f4a53b0eb5d73e2735,near_singular,candidate_00,original_trac,"[1.5757360553772006, -0.1449954118349618, -1.2762097652391913, -0.5929996283943947, -2.109782850406004, 1.419857373269364, -1.0225346652602607]",5,1.0,30.0,30.0,"[30, 30, 30, 30, 30]","[None, None, None, None, None]",{},"{'n': 5, 'mean': 17.637782, 'median': 17.396879, 'p95': 18.636601000000002, 'minimum': 16.727025, 'maximum': 18.740687}","['state_17_candidate_00_r0', 'state_17_candidate_00_r1', 'state_17_candidate_00_r2', 'state_17_candidate_00_r3', 'state_17_candidate_00_r4']"
state_17,9d31300368dce86a64ae7331dc830816bfd082fd79a577f4a53b0eb5d73e2735,near_singular,candidate_01,pose_matched,"[1.5702607476441266, -0.14071806245297253, -1.283421656508136, -0.591890296450258, -2.0967078504060037, 1.4231649715897419, -1.0213020703672324]",5,1.0,30.0,30.0,"[30, 30, 30, 30, 30]","[None, None, None, None, None]",{},"{'n': 5, 'mean': 18.0724916, 'median': 17.01597, 'p95': 21.843355799999998, 'minimum': 16.550787, 'maximum': 23.042125}","['state_17_candidate_01_r0', 'state_17_candidate_01_r1', 'state_17_candidate_01_r2', 'state_17_candidate_01_r3', 'state_17_candidate_01_r4']"
state_17,9d31300368dce86a64ae7331dc830816bfd082fd79a577f4a53b0eb5d73e2735,near_singular,candidate_02,pose_matched,"[1.5812418121992209, -0.14927696790279066, -1.2690371671211784, -0.5941245510771853, -2.122857850406004, 1.4165607249544008, -1.0238032622319748]",5,1.0,30.0,30.0,"[30, 30, 30, 30, 30]","[None, None, None, None, None]",{},"{'n': 5, 'mean': 18.8378094, 'median': 17.243171, 'p95': 23.414203, 'minimum': 15.734565, 'maximum': 23.998391}","['state_17_candidate_02_r0', 'state_17_candidate_02_r1', 'state_17_candidate_02_r2', 'state_17_candidate_02_r3', 'state_17_candidate_02_r4']"
state_17,9d31300368dce86a64ae7331dc830816bfd082fd79a577f4a53b0eb5d73e2735,near_singular,candidate_03,pose_matched,"[1.5648155829417139, -0.13644506365329068, -1.2906723402713935, -0.5907973042309292, -2.083632850406004, 1.426482899755561, -1.0201052054747966]",5,1.0,30.0,30.0,"[30, 30, 30, 30, 30]","[None, None, None, None, None]",{},"{'n': 5, 'mean': 16.2701058, 'median': 16.143855, 'p95': 17.139010600000002, 'minimum': 15.468466, 'maximum': 17.158653}","['state_17_candidate_03_r0', 'state_17_candidate_03_r1', 'state_17_candidate_03_r2', 'state_17_candidate_03_r3', 'state_17_candidate_03_r4']"
state_17,9d31300368dce86a64ae7331dc830816bfd082fd79a577f4a53b0eb5d73e2735,near_singular,candidate_04,pose_matched,"[1.5867782805836699, -0.15356257378096969, -1.2619043158589547, -0.595264305883881, -2.135932850406004, 1.4132756657037573, -1.025108124583231]",5,1.0,30.0,30.0,"[30, 30, 30, 30, 30]","[None, None, None, None, None]",{},"{'n': 5, 'mean': 16.9527832, 'median': 16.602953, 'p95': 19.4744876, 'minimum': 15.522538, 'maximum': 20.185746}","['state_17_candidate_04_r0', 'state_17_candidate_04_r1', 'state_17_candidate_04_r2', 'state_17_candidate_04_r3', 'state_17_candidate_04_r4']"
state_17,9d31300368dce86a64ae7331dc830816bfd082fd79a577f4a53b0eb5d73e2735,near_singular,candidate_05,pose_matched,"[1.573542294524508, -0.14328395892950857, -1.2790898335261804, -0.5925539825644134, -2.104552850406004, 1.4211791337526245, -1.0220373221018406]",5,1.0,30.0,30.0,"[30, 30, 30, 30, 30]","[None, None, None, None, None]",{},"{'n': 5, 'mean': 16.7037548, 'median': 17.084875, 'p95': 17.910319599999998, 'minimum': 15.386178, 'maximum': 18.073776}","['state_17_candidate_05_r0', 'state_17_candidate_05_r1', 'state_17_candidate_05_r2', 'state_17_candidate_05_r3', 'state_17_candidate_05_r4']"
state_18,3bfeb80ec3cbe3ef7693197d0bbe1ddb98d7af3fd734dc69e928826901fdb975,near_singular,candidate_00,original_trac,"[-2.426801562809565, -0.3444276289503755, 1.2898073028288033, -0.41686920772147834, 0.038900677797882546, 1.960272364227653, 1.480932000557626]",0,0.0,16.0,16.0,"[16, 16, 16, 16, 16]","[91, 91, 91, 91, 91]",{'solver_failure': 5},"{'n': 5, 'mean': 88.2205952, 'median': 88.150103, 'p95': 90.1388316, 'minimum': 85.610401, 'maximum': 90.373576}","['state_18_candidate_00_r0', 'state_18_candidate_00_r1', 'state_18_candidate_00_r2', 'state_18_candidate_00_r3', 'state_18_candidate_00_r4']"
state_18,3bfeb80ec3cbe3ef7693197d0bbe1ddb98d7af3fd734dc69e928826901fdb975,near_singular,candidate_01,pose_matched,"[-2.4290300693853575, -0.34740372961583726, 1.2798882272625018, -0.41705671514370457, 0.05197567779788255, 1.960251645973528, 1.4787033009960158]",0,0.0,16.0,16.0,"[16, 16, 16, 16, 16]","[91, 91, 91, 91, 91]",{'solver_failure': 5},"{'n': 5, 'mean': 87.2953482, 'median': 88.146235, 'p95': 88.3010246, 'minimum': 85.613304, 'maximum': 88.335513}","['state_18_candidate_01_r0', 'state_18_candidate_01_r1', 'state_18_candidate_01_r2', 'state_18_candidate_01_r3', 'state_18_candidate_01_r4']"
state_18,3bfeb80ec3cbe3ef7693197d0bbe1ddb98d7af3fd734dc69e928826901fdb975,near_singular,candidate_02,pose_matched,"[-2.4245479275783324, -0.3414542202098927, 1.2997011260345739, -0.41673619809869816, 0.025825677797882546, 1.9602873222212116, 1.4831592350676754]",0,0.0,16.0,16.0,"[16, 16, 16, 16, 16]","[91, 91, 91, 91, 91]",{'solver_failure': 5},"{'n': 5, 'mean': 88.089267, 'median': 87.599483, 'p95': 90.030568, 'minimum': 86.368877, 'maximum': 90.162912}","['state_18_candidate_02_r0', 'state_18_candidate_02_r1', 'state_18_candidate_02_r2', 'state_18_candidate_02_r3', 'state_18_candidate_02_r4']"
state_18,3bfeb80ec3cbe3ef7693197d0bbe1ddb98d7af3fd734dc69e928826901fdb975,near_singular,candidate_03,pose_matched,"[-2.4312335381212065, -0.3503832940899299, 1.269944245773473, -0.4172995057408279, 0.06505067779788254, 1.9602254601034064, 1.4764726185001207]",0,0.0,16.0,16.0,"[16, 16, 16, 16, 16]","[91, 91, 91, 91, 91]",{'solver_failure': 5},"{'n': 5, 'mean': 88.56524820000001, 'median': 87.629853, 'p95': 91.3661824, 'minimum': 86.543626, 'maximum': 91.906133}","['state_18_candidate_03_r0', 'state_18_candidate_03_r1', 'state_18_candidate_03_r2', 'state_18_candidate_03_r3', 'state_18_candidate_03_r4']"
state_18,3bfeb80ec3cbe3ef7693197d0bbe1ddb98d7af3fd734dc69e928826901fdb975,near_singular,candidate_04,pose_matched,"[-2.422268745837378, -0.3384827783172014, 1.3095690499627337, -0.4166571378082285, 0.012750677797882547, 1.9602963159371098, 1.485385505805939]",0,0.0,16.0,16.0,"[16, 16, 16, 16, 16]","[91, 91, 91, 91, 91]",{'solver_failure': 5},"{'n': 5, 'mean': 86.937895, 'median': 86.393006, 'p95': 88.96315, 'minimum': 85.605686, 'maximum': 89.423833}","['state_18_candidate_04_r0', 'state_18_candidate_04_r1', 'state_18_candidate_04_r2', 'state_18_candidate_04_r3', 'state_18_candidate_04_r4']"
state_18,3bfeb80ec3cbe3ef7693197d0bbe1ddb98d7af3fd734dc69e928826901fdb975,near_singular,candidate_05,pose_matched,"[-2.427695968449287, -0.34561770409586445, 1.2858426767826279, -0.4169376324296805, 0.044130677797882545, 1.9602647538149933, 1.4800407251033505]",0,0.0,16.0,16.0,"[16, 16, 16, 16, 16]","[91, 91, 91, 91, 91]",{'solver_failure': 5},"{'n': 5, 'mean': 87.6972022, 'median': 87.174936, 'p95': 90.0494934, 'minimum': 86.013565, 'maximum': 90.565577}","['state_18_candidate_05_r0', 'state_18_candidate_05_r1', 'state_18_candidate_05_r2', 'state_18_candidate_05_r3', 'state_18_candidate_05_r4']"
state_19,fc963508119fc3361e153425664b330fa6223724c4cb2f5bb51e71ca242553c5,near_singular,candidate_00,original_trac,"[-0.8347973028887272, -0.44650337136423185, 0.43393786937795464, -0.39352639707915643, 1.770475056789932, 2.3237814122981413, 1.0812222631666009]",5,1.0,30.0,30.0,"[30, 30, 30, 30, 30]","[None, None, None, None, None]",{},"{'n': 5, 'mean': 17.523518799999998, 'median': 17.062744, 'p95': 19.4552102, 'minimum': 15.609417, 'maximum': 19.548233}","['state_19_candidate_00_r0', 'state_19_candidate_00_r1', 'state_19_candidate_00_r2', 'state_19_candidate_00_r3', 'state_19_candidate_00_r4']"
state_19,fc963508119fc3361e153425664b330fa6223724c4cb2f5bb51e71ca242553c5,near_singular,candidate_01,pose_matched,"[-0.8424056576434104, -0.4467587392790921, 0.42679992336946626, -0.3917703967524449, 1.7835500567899318, 2.3214615839488135, 1.0827495884892022]",5,1.0,30.0,30.0,"[30, 30, 30, 30, 30]","[None, None, None, None, None]",{},"{'n': 5, 'mean': 17.8302064, 'median': 16.853148, 'p95': 20.6974724, 'minimum': 15.979955, 'maximum': 21.331643}","['state_19_candidate_01_r0', 'state_19_candidate_01_r1', 'state_19_candidate_01_r2', 'state_19_candidate_01_r3', 'state_19_candidate_01_r4']"
state_19,fc963508119fc3361e153425664b330fa6223724c4cb2f5bb51e71ca242553c5,near_singular,candidate_02,pose_matched,"[-0.8271352883616752, -0.44624611733500463, 0.44102760756724163, -0.39533579187742496, 1.757400056789932, 2.32612521808349, 1.0796971356968077]",5,1.0,30.0,30.0,"[30, 30, 30, 30, 30]","[None, None, None, None, None]",{},"{'n': 5, 'mean': 17.088211, 'median': 17.085177, 'p95': 18.2645476, 'minimum': 15.820515, 'maximum': 18.336315}","['state_19_candidate_02_r0', 'state_19_candidate_02_r1', 'state_19_candidate_02_r2', 'state_19_candidate_02_r3', 'state_19_candidate_02_r4']"
state_19,fc963508119fc3361e153425664b330fa6223724c4cb2f5bb51e71ca242553c5,near_singular,candidate_03,pose_matched,"[-0.8499674840505422, -0.4470085682073468, 0.4196176995281365, -0.3900600090114828, 1.7966250567899318, 2.319165435064146, 1.0842829182025189]",5,1.0,30.0,30.0,"[30, 30, 30, 30, 30]","[None, None, None, None, None]",{},"{'n': 5, 'mean': 16.658886000000003, 'median': 16.793603, 'p95': 17.0320794, 'minimum': 16.088436, 'maximum': 17.032272}","['state_19_candidate_03_r0', 'state_19_candidate_03_r1', 'state_19_candidate_03_r2', 'state_19_candidate_03_r3', 'state_19_candidate_03_r4']"
state_19,fc963508119fc3361e153425664b330fa6223724c4cb2f5bb51e71ca242553c5,near_singular,candidate_04,pose_matched,"[-0.8194095289639431, -0.44599225910018403, 0.44806380415502356, -0.39720969214625584, 1.744325056789932, 2.3284934589967596, 1.0781685730887192]",5,1.0,30.0,30.0,"[30, 30, 30, 30, 30]","[None, None, None, None, None]",{},"{'n': 5, 'mean': 17.3014532, 'median': 17.630941, 'p95': 18.3511716, 'minimum': 16.016375, 'maximum': 18.520585}","['state_19_candidate_04_r0', 'state_19_candidate_04_r1', 'state_19_candidate_04_r2', 'state_19_candidate_04_r3', 'state_19_candidate_04_r4']"
state_19,fc963508119fc3361e153425664b330fa6223724c4cb2f5bb51e71ca242553c5,near_singular,candidate_05,pose_matched,"[-0.8378466324645147, -0.4466059781287823, 0.4310882309824746, -0.39281808407276825, 1.775705056789932, 2.322850623178748, 1.0818326842205401]",5,1.0,30.0,30.0,"[30, 30, 30, 30, 30]","[None, None, None, None, None]",{},"{'n': 5, 'mean': 16.9393578, 'median': 16.580163, 'p95': 18.2775368, 'minimum': 15.627283, 'maximum': 18.484805}","['state_19_candidate_05_r0', 'state_19_candidate_05_r1', 'state_19_candidate_05_r2', 'state_19_candidate_05_r3', 'state_19_candidate_05_r4']"
state_20,7b86c19fb56a762ae62799155036ffdf5710911470fdf55a25792d4173f4a362,joint_limit_return,candidate_00,original_trac,"[0.5772416760882734, -0.4519207724188881, -1.3261803584425707, -2.2231690192868236, 2.705078010227872, 1.4831873975754528, 1.3606513852419622]",5,1.0,30.0,30.0,"[30, 30, 30, 30, 30]","[None, None, None, None, None]",{},"{'n': 5, 'mean': 17.7631654, 'median': 16.956851, 'p95': 20.7026814, 'minimum': 15.747833, 'maximum': 21.165992}","['state_20_candidate_00_r0', 'state_20_candidate_00_r1', 'state_20_candidate_00_r2', 'state_20_candidate_00_r3', 'state_20_candidate_00_r4']"
state_20,7b86c19fb56a762ae62799155036ffdf5710911470fdf55a25792d4173f4a362,joint_limit_return,candidate_01,pose_matched,"[0.5704461155618522, -0.4410207724188881, -1.3224667954312366, -2.2240346569352654, 2.7132677268061216, 1.4788932040721392, 1.3683647444727682]",5,1.0,30.0,30.0,"[30, 30, 30, 30, 30]","[None, None, None, None, None]",{},"{'n': 5, 'mean': 18.933329800000003, 'median': 18.589437, 'p95': 21.361047, 'minimum': 16.316036, 'maximum': 21.361772}","['state_20_candidate_01_r0', 'state_20_candidate_01_r1', 'state_20_candidate_01_r2', 'state_20_candidate_01_r3', 'state_20_candidate_01_r4']"
state_20,7b86c19fb56a762ae62799155036ffdf5710911470fdf55a25792d4173f4a362,joint_limit_return,candidate_02,pose_matched,"[0.5837972559090404, -0.46282077241888814, -1.3296296407365613, -2.222292731712106, 2.6969356508546074, 1.48755199956065, 1.352979568178771]",5,1.0,30.0,30.0,"[30, 30, 30, 30, 30]","[None, None, None, None, None]",{},"{'n': 5, 'mean': 16.6263426, 'median': 16.368093, 'p95': 18.0453744, 'minimum': 15.679284, 'maximum': 18.436091}","['state_20_candidate_02_r0', 'state_20_candidate_02_r1', 'state_20_candidate_02_r2', 'state_20_candidate_02_r3', 'state_20_candidate_02_r4']"
state_20,7b86c19fb56a762ae62799155036ffdf5710911470fdf55a25792d4173f4a362,joint_limit_return,candidate_03,pose_matched,"[0.5633909635616603, -0.43012077241888813, -1.3184699553681274, -2.22488938930337, 2.721505327475007, 1.474669981338213, 1.3761201305749569]",5,1.0,30.0,30.0,"[30, 30, 30, 30, 30]","[None, None, None, None, None]",{},"{'n': 5, 'mean': 18.802910400000002, 'median': 17.76222, 'p95': 21.5091992, 'minimum': 17.123524, 'maximum': 21.860623}","['state_20_candidate_03_r0', 'state_20_candidate_03_r1', 'state_20_candidate_03_r2', 'state_20_candidate_03_r3', 'state_20_candidate_03_r4']"
state_20,7b86c19fb56a762ae62799155036ffdf5710911470fdf55a25792d4173f4a362,joint_limit_return,candidate_04,pose_matched,"[0.5901306173132288, -0.4737207724188881, -1.3328318128402759, -2.2214060494948624, 2.6888401755599416, 1.4919864398475229, 1.345348860578331]",5,1.0,30.0,30.0,"[30, 30, 30, 30, 30]","[None, None, None, None, None]",{},"{'n': 5, 'mean': 18.121171999999998, 'median': 17.870239, 'p95': 20.0265056, 'minimum': 15.412226, 'maximum': 20.076348}","['state_20_candidate_04_r0', 'state_20_candidate_04_r1', 'state_20_candidate_04_r2', 'state_20_candidate_04_r3', 'state_20_candidate_04_r4']"
state_20,7b86c19fb56a762ae62799155036ffdf5710911470fdf55a25792d4173f4a362,joint_limit_return,candidate_05,pose_matched,"[0.5745533038281163, -0.44756077241888814, -1.324727667319124, -2.2235165666399657, 2.708348185792694, 1.4814612394771776, 1.3637317179888881]",5,1.0,30.0,30.0,"[30, 30, 30, 30, 30]","[None, None, None, None, None]",{},"{'n': 5, 'mean': 17.674505, 'median': 17.187951, 'p95': 19.7839562, 'minimum': 15.700723, 'maximum': 20.176894}","['state_20_candidate_05_r0', 'state_20_candidate_05_r1', 'state_20_candidate_05_r2', 'state_20_candidate_05_r3', 'state_20_candidate_05_r4']"
state_21,be4796d347e87ed43ba39c8181b1f9f194482f8f2a3ebdacfde1ef49996d131f,joint_limit_return,candidate_00,original_trac,"[-1.5285483521293015, -0.1842493713963609, 0.4267962449476129, -0.07206734112852076, -0.8359611382005689, 2.665126455499655, 0.5846550001181874]",5,1.0,30.0,30.0,"[30, 30, 30, 30, 30]","[None, None, None, None, None]",{},"{'n': 5, 'mean': 17.094663199999996, 'median': 16.586412, 'p95': 18.6255724, 'minimum': 16.160974, 'maximum': 18.937964}","['state_21_candidate_00_r0', 'state_21_candidate_00_r1', 'state_21_candidate_00_r2', 'state_21_candidate_00_r3', 'state_21_candidate_00_r4']"
state_21,be4796d347e87ed43ba39c8181b1f9f194482f8f2a3ebdacfde1ef49996d131f,joint_limit_return,candidate_01,pose_matched,"[-1.5313556033210998, -0.18442260653652306, 0.4169182187574014, -0.07205268844966978, -0.822886138200569, 2.6654256690742213, 0.5841698204782532]",5,1.0,30.0,30.0,"[30, 30, 30, 30, 30]","[None, None, None, None, None]",{},"{'n': 5, 'mean': 18.090132, 'median': 17.721375, 'p95': 19.718560399999998, 'minimum': 17.000871, 'maximum': 20.179574}","['state_21_candidate_01_r0', 'state_21_candidate_01_r1', 'state_21_candidate_01_r2', 'state_21_candidate_01_r3', 'state_21_candidate_01_r4']"
state_21,be4796d347e87ed43ba39c8181b1f9f194482f8f2a3ebdacfde1ef49996d131f,joint_limit_return,candidate_02,pose_matched,"[-1.5257521492981978, -0.1840712978719649, 0.43669110992130733, -0.07208196780812601, -0.8490361382005689, 2.6648233512449866, 0.5851335152259065]",5,1.0,30.0,30.0,"[30, 30, 30, 30, 30]","[None, None, None, None, None]",{},"{'n': 5, 'mean': 19.7706096, 'median': 19.236543, 'p95': 21.7809168, 'minimum': 17.597672, 'maximum': 21.918119}","['state_21_candidate_02_r0', 'state_21_candidate_02_r1', 'state_21_candidate_02_r2', 'state_21_candidate_02_r3', 'state_21_candidate_02_r4']"
state_21,be4796d347e87ed43ba39c8181b1f9f194482f8f2a3ebdacfde1ef49996d131f,joint_limit_return,candidate_03,pose_matched,"[-1.5341736334345808, -0.1845910145947749, 0.4070566873694764, -0.07203801985814076, -0.8098111382005689, 2.665720950549301, 0.5836780683472499]",5,1.0,30.0,30.0,"[30, 30, 30, 30, 30]","[None, None, None, None, None]",{},"{'n': 5, 'mean': 16.650748200000002, 'median': 16.834473, 'p95': 17.7846194, 'minimum': 15.553402, 'maximum': 17.899137}","['state_21_candidate_03_r0', 'state_21_candidate_03_r1', 'state_21_candidate_03_r2', 'state_21_candidate_03_r3', 'state_21_candidate_03_r4']"
state_21,be4796d347e87ed43ba39c8181b1f9f194482f8f2a3ebdacfde1ef49996d131f,joint_limit_return,candidate_04,pose_matched,"[-1.5229672674678583, -0.18388837507032676, 0.44660315998018796, -0.07209655839329611, -0.862111138200569, 2.6645163985939506, 0.5856052745972768]",5,1.0,30.0,30.0,"[30, 30, 30, 30, 30]","[None, None, None, None, None]",{},"{'n': 5, 'mean': 18.2009928, 'median': 18.202985, 'p95': 19.7848156, 'minimum': 16.901982, 'maximum': 20.034634}","['state_21_candidate_04_r0', 'state_21_candidate_04_r1', 'state_21_candidate_04_r2', 'state_21_candidate_04_r3', 'state_21_candidate_04_r4']"
state_21,be4796d347e87ed43ba39c8181b1f9f194482f8f2a3ebdacfde1ef49996d131f,joint_limit_return,candidate_05,pose_matched,"[-1.5296699419624769, -0.18431924543453768, 0.4228430331321562, -0.07206148261177452, -0.830731138200569, 2.6652466101498993, 0.5844617228702126]",5,1.0,30.0,30.0,"[30, 30, 30, 30, 30]","[None, None, None, None, None]",{},"{'n': 5, 'mean': 17.589074399999998, 'median': 17.676307, 'p95': 19.0307908, 'minimum': 16.168859, 'maximum': 19.299546}","['state_21_candidate_05_r0', 'state_21_candidate_05_r1', 'state_21_candidate_05_r2', 'state_21_candidate_05_r3', 'state_21_candidate_05_r4']"
state_22,7ae96a5cac05cbcd87868bdcf802b9be8c313373bd04d5831aea61f149ec0d01,joint_limit_return,candidate_00,original_trac,"[-1.2142173199469317, 1.6427176279344387, 0.5054608708190171, -0.9737627929419129, 0.20914556798405465, 2.7659376455631888, 0.6854928516318998]",5,1.0,30.0,30.0,"[30, 30, 30, 30, 30]","[None, None, None, None, None]",{},"{'n': 5, 'mean': 17.9935384, 'median': 17.435832, 'p95': 21.2401688, 'minimum': 15.420274, 'maximum': 21.509888}","['state_22_candidate_00_r0', 'state_22_candidate_00_r1', 'state_22_candidate_00_r2', 'state_22_candidate_00_r3', 'state_22_candidate_00_r4']"
state_22,7ae96a5cac05cbcd87868bdcf802b9be8c313373bd04d5831aea61f149ec0d01,joint_limit_return,candidate_01,pose_matched,"[-1.2101926651876138, 1.6406931557355307, 0.4996730493015213, -0.9731875790967242, 0.22222056798405465, 2.7649978276367935, 0.6791019665780593]",5,1.0,30.0,30.0,"[30, 30, 30, 30, 30]","[None, None, None, None, None]",{},"{'n': 5, 'mean': 17.2917124, 'median': 17.175433, 'p95': 18.8395258, 'minimum': 15.91636, 'maximum': 19.063985}","['state_22_candidate_01_r0', 'state_22_candidate_01_r1', 'state_22_candidate_01_r2', 'state_22_candidate_01_r3', 'state_22_candidate_01_r4']"
state_22,7ae96a5cac05cbcd87868bdcf802b9be8c313373bd04d5831aea61f149ec0d01,joint_limit_return,candidate_02,pose_matched,"[-1.2182196714598525, 1.6447695454125073, 0.5112148417443895, -0.9743052333171437, 0.19607056798405464, 2.766820677627668, 0.6919061664935431]",5,1.0,30.0,30.0,"[30, 30, 30, 30, 30]","[None, None, None, None, None]",{},"{'n': 5, 'mean': 18.4317846, 'median': 16.616776, 'p95': 23.557139, 'minimum': 15.781198, 'maximum': 24.820428}","['state_22_candidate_02_r0', 'state_22_candidate_02_r1', 'state_22_candidate_02_r2', 'state_22_candidate_02_r3', 'state_22_candidate_02_r4']"
state_22,7ae96a5cac05cbcd87868bdcf802b9be8c313373bd04d5831aea61f149ec0d01,joint_limit_return,candidate_03,pose_matched,"[-1.206145460308591, 1.6386961619453806, 0.493849789580918, -0.9725800050605722, 0.23529556798405465, 2.7640012652151724, 0.6727348657732733]",5,1.0,30.0,30.0,"[30, 30, 30, 30, 30]","[None, None, None, None, None]",{},"{'n': 5, 'mean': 17.063223800000003, 'median': 17.029615, 'p95': 18.032473200000002, 'minimum': 15.924425, 'maximum': 18.267996}","['state_22_candidate_03_r0', 'state_22_candidate_03_r1', 'state_22_candidate_03_r2', 'state_22_candidate_03_r3', 'state_22_candidate_03_r4']"
state_22,7ae96a5cac05cbcd87868bdcf802b9be8c313373bd04d5831aea61f149ec0d01,joint_limit_return,candidate_04,pose_matched,"[-1.2221999698353825, 1.6468488855603614, 0.51693656411924, -0.9748145106360797, 0.18299556798405464, 2.7676468859578454, 0.698340548443326]",5,1.0,30.0,30.0,"[30, 30, 30, 30, 30]","[None, None, None, None, None]",{},"{'n': 5, 'mean': 17.9389708, 'median': 17.221374, 'p95': 21.1225202, 'minimum': 15.777211, 'maximum': 21.767532}","['state_22_candidate_04_r0', 'state_22_candidate_04_r1', 'state_22_candidate_04_r2', 'state_22_candidate_04_r3', 'state_22_candidate_04_r4']"
state_22,7ae96a5cac05cbcd87868bdcf802b9be8c313373bd04d5831aea61f149ec0d01,joint_limit_return,candidate_05,pose_matched,"[-1.212610148334494, 1.6419045440036388, 0.5031498935229441, -0.9735366176044228, 0.21437556798405466, 2.765568530459725, 0.6829337299933809]",5,1.0,30.0,30.0,"[30, 30, 30, 30, 30]","[None, None, None, None, None]",{},"{'n': 5, 'mean': 17.220335, 'median': 17.121993, 'p95': 18.328083200000002, 'minimum': 16.186043, 'maximum': 18.391296}","['state_22_candidate_05_r0', 'state_22_candidate_05_r1', 'state_22_candidate_05_r2', 'state_22_candidate_05_r3', 'state_22_candidate_05_r4']"
state_23,9310ffc5bfdd2b254668c43a676e00ab7e7ee2ea68349d74b82f7e2a4731a397,joint_limit_return,candidate_00,original_trac,"[1.5603015787164893, 0.08667911545157125, 1.1420648845638353, -2.1686457364780125, -0.9490724467846855, 2.6582124531633005, 2.8958421386548956]",5,1.0,30.0,30.0,"[30, 30, 30, 30, 30]","[None, None, None, None, None]",{},"{'n': 5, 'mean': 17.678487999999998, 'median': 17.099804, 'p95': 19.4178374, 'minimum': 16.740534, 'maximum': 19.818302}","['state_23_candidate_00_r0', 'state_23_candidate_00_r1', 'state_23_candidate_00_r2', 'state_23_candidate_00_r3', 'state_23_candidate_00_r4']"
state_23,9310ffc5bfdd2b254668c43a676e00ab7e7ee2ea68349d74b82f7e2a4731a397,joint_limit_return,candidate_01,pose_matched,"[1.5705878501587958, 0.08458867317826642, 1.1311648845638353, -2.1690298236342773, -0.9460138117299054, 2.659862553600192, 2.8940898130278767]",5,1.0,30.0,30.0,"[30, 30, 30, 30, 30]","[None, None, None, None, None]",{},"{'n': 5, 'mean': 18.792772199999998, 'median': 18.702131, 'p95': 20.239439, 'minimum': 17.172185, 'maximum': 20.590021}","['state_23_candidate_01_r0', 'state_23_candidate_01_r1', 'state_23_candidate_01_r2', 'state_23_candidate_01_r3', 'state_23_candidate_01_r4']"
state_23,9310ffc5bfdd2b254668c43a676e00ab7e7ee2ea68349d74b82f7e2a4731a397,joint_limit_return,candidate_02,pose_matched,"[1.5809045508051744, 0.08260179745947417, 1.1202648845638352, -2.1693981638159143, -0.9430814622576272, 2.661435164459404, 2.8924056015499704]",5,1.0,30.0,30.0,"[30, 30, 30, 30, 30]","[None, None, None, None, None]",{},"{'n': 5, 'mean': 18.174562, 'median': 17.409024, 'p95': 20.5665596, 'minimum': 16.530337, 'maximum': 21.038329}","['state_23_candidate_02_r0', 'state_23_candidate_02_r1', 'state_23_candidate_02_r2', 'state_23_candidate_02_r3', 'state_23_candidate_02_r4']"
state_23,9310ffc5bfdd2b254668c43a676e00ab7e7ee2ea68349d74b82f7e2a4731a397,joint_limit_return,candidate_03,pose_matched,"[1.556196127932243, 0.08754597677882121, 1.1464248845638352, -2.1684874622151136, -0.9503331493730397, 2.657529405186964, 2.896563087957498]",5,1.0,30.0,30.0,"[30, 30, 30, 30, 30]","[None, None, None, None, None]",{},"{'n': 5, 'mean': 17.7630526, 'median': 17.294682, 'p95': 20.383336, 'minimum': 15.849326, 'maximum': 21.140291}","['state_23_candidate_03_r0', 'state_23_candidate_03_r1', 'state_23_candidate_03_r2', 'state_23_candidate_03_r3', 'state_23_candidate_03_r4']"
state_23,9310ffc5bfdd2b254668c43a676e00ab7e7ee2ea68349d74b82f7e2a4731a397,joint_limit_return,candidate_04,pose_matched,"[1.564412285173144, 0.08583003762695943, 1.1377048845638353, -2.168801325737173, -0.9478333076730194, 2.6588821595845524, 2.8951327680758525]",5,1.0,30.0,30.0,"[30, 30, 30, 30, 30]","[None, None, None, None, None]",{},"{'n': 5, 'mean': 17.325726200000002, 'median': 17.594501, 'p95': 18.1574996, 'minimum': 16.061696, 'maximum': 18.226422}","['state_23_candidate_04_r0', 'state_23_candidate_04_r1', 'state_23_candidate_04_r2', 'state_23_candidate_04_r3', 'state_23_candidate_04_r4']"
state_24,b468ae9f87de9840ca110b7f553d7a967b0a606cbbe948cba649fbdaa815149a,joint_limit_return,candidate_00,original_trac,"[0.9388548128762833, -0.2969784924124833, 1.3269487660084824, -1.8610115961859421, 0.904927049018261, 1.4007877149292896, 2.8971866923909784]",5,1.0,30.0,30.0,"[30, 30, 30, 30, 30]","[None, None, None, None, None]",{},"{'n': 5, 'mean': 17.470477, 'median': 17.590477, 'p95': 19.077074, 'minimum': 16.07822, 'maximum': 19.421906}","['state_24_candidate_00_r0', 'state_24_candidate_00_r1', 'state_24_candidate_00_r2', 'state_24_candidate_00_r3', 'state_24_candidate_00_r4']"
state_24,b468ae9f87de9840ca110b7f553d7a967b0a606cbbe948cba649fbdaa815149a,joint_limit_return,candidate_01,pose_matched,"[0.9290250963853015, -0.30787849241248333, 1.3301111590703936, -1.8598850813221774, 0.9130970803184894, 1.3929890740698503, 2.8921761049845247]",5,1.0,30.0,30.0,"[30, 30, 30, 30, 30]","[None, None, None, None, None]",{},"{'n': 5, 'mean': 17.398674, 'median': 17.738967, 'p95': 17.9954324, 'minimum': 16.390827, 'maximum': 18.058034}","['state_24_candidate_01_r0', 'state_24_candidate_01_r1', 'state_24_candidate_01_r2', 'state_24_candidate_01_r3', 'state_24_candidate_01_r4']"
state_24,b468ae9f87de9840ca110b7f553d7a967b0a606cbbe948cba649fbdaa815149a,joint_limit_return,candidate_02,pose_matched,"[0.9196400226072581, -0.3187784924124833, 1.3328015016786001, -1.8587631488748342, 0.9212350948898499, 1.3851501542938878, 2.8872183842267916]",5,1.0,30.0,30.0,"[30, 30, 30, 30, 30]","[None, None, None, None, None]",{},"{'n': 5, 'mean': 16.941772800000003, 'median': 17.33757, 'p95': 17.7727466, 'minimum': 15.880834, 'maximum': 17.842509}","['state_24_candidate_02_r0', 'state_24_candidate_02_r1', 'state_24_candidate_02_r2', 'state_24_candidate_02_r3', 'state_24_candidate_02_r4']"
state_24,b468ae9f87de9840ca110b7f553d7a967b0a606cbbe948cba649fbdaa815149a,joint_limit_return,candidate_03,pose_matched,"[0.9348663083202986, -0.3013384924124833, 1.3282735554501834, -1.8605604442675863, 0.9081990183470213, 1.397673074376387, 2.895176057869288]",5,1.0,30.0,30.0,"[30, 30, 30, 30, 30]","[None, None, None, None, None]",{},"{'n': 5, 'mean': 17.8023602, 'median': 17.76107, 'p95': 19.079953800000002, 'minimum': 16.403139, 'maximum': 19.141476}","['state_24_candidate_03_r0', 'state_24_candidate_03_r1', 'state_24_candidate_03_r2', 'state_24_candidate_03_r3', 'state_24_candidate_03_r4']"
state_25,8b580e2b71283672f3426373cfd7f5a351403cfd71f173def041b44acd44e7c8,joint_limit_return,candidate_00,original_trac,"[0.49544179060097393, -0.2225991164979034, 1.37103101306804, -2.351199278960585, -0.6004014420523425, 2.354615624713719, 2.8752307896260527]",5,1.0,30.0,30.0,"[30, 30, 30, 30, 30]","[None, None, None, None, None]",{},"{'n': 5, 'mean': 17.2207686, 'median': 16.974011, 'p95': 19.137356, 'minimum': 15.977584, 'maximum': 19.507846}","['state_25_candidate_00_r0', 'state_25_candidate_00_r1', 'state_25_candidate_00_r2', 'state_25_candidate_00_r3', 'state_25_candidate_00_r4']"
state_25,8b580e2b71283672f3426373cfd7f5a351403cfd71f173def041b44acd44e7c8,joint_limit_return,candidate_01,pose_matched,"[0.48753903613306554, -0.23308652323791937, 1.3776191265942677, -2.3525113149525376, -0.5873264420523425, 2.3600879036555082, 2.8663247656667026]",5,1.0,30.0,30.0,"[30, 30, 30, 30, 30]","[None, None, None, None, None]",{},"{'n': 5, 'mean': 17.637840800000003, 'median': 17.323419, 'p95': 18.720740000000003, 'minimum': 16.684885, 'maximum': 18.771115}","['state_25_candidate_01_r0', 'state_25_candidate_01_r1', 'state_25_candidate_01_r2', 'state_25_candidate_01_r3', 'state_25_candidate_01_r4']"
state_25,8b580e2b71283672f3426373cfd7f5a351403cfd71f173def041b44acd44e7c8,joint_limit_return,candidate_02,pose_matched,"[0.5041513324595356, -0.2120056803961012, 1.3636964356403365, -2.3498658659153793, -0.6134764420523424, 2.348980497355394, 2.8841092596356726]",5,1.0,30.0,30.0,"[30, 30, 30, 30, 30]","[None, None, None, None, None]",{},"{'n': 5, 'mean': 18.0369352, 'median': 18.265169, 'p95': 18.9724512, 'minimum': 16.627721, 'maximum': 19.018697}","['state_25_candidate_02_r0', 'state_25_candidate_02_r1', 'state_25_candidate_02_r2', 'state_25_candidate_02_r3', 'state_25_candidate_02_r4']"
state_25,8b580e2b71283672f3426373cfd7f5a351403cfd71f173def041b44acd44e7c8,joint_limit_return,candidate_03,pose_matched,"[0.48032867128404305, -0.24346931597943788, 1.3835734991647286, -2.3538014374189253, -0.5742514420523425, 2.3654001778946614, 2.8573923354722455]",5,1.0,30.0,30.0,"[30, 30, 30, 30, 30]","[None, None, None, None, None]",{},"{'n': 5, 'mean': 19.263434, 'median': 19.761656, 'p95': 23.504346599999998, 'minimum': 15.699674, 'maximum': 24.386609}","['state_25_candidate_03_r0', 'state_25_candidate_03_r1', 'state_25_candidate_03_r2', 'state_25_candidate_03_r3', 'state_25_candidate_03_r4']"
state_25,8b580e2b71283672f3426373cfd7f5a351403cfd71f173def041b44acd44e7c8,joint_limit_return,candidate_04,pose_matched,"[0.5138088161848363, -0.20130522764054898, 1.3554759357865842, -2.348511630836796, -0.6265514420523425, 2.3431796060890844, 2.892958986218853]",5,1.0,30.0,30.0,"[30, 30, 30, 30, 30]","[None, None, None, None, None]",{},"{'n': 5, 'mean': 19.5594154, 'median': 19.04666, 'p95': 23.030852199999998, 'minimum': 16.435947, 'maximum': 23.804486}","['state_25_candidate_04_r0', 'state_25_candidate_04_r1', 'state_25_candidate_04_r2', 'state_25_candidate_04_r3', 'state_25_candidate_04_r4']"
state_25,8b580e2b71283672f3426373cfd7f5a351403cfd71f173def041b44acd44e7c8,joint_limit_return,candidate_05,pose_matched,"[0.49219080639686813, -0.22680673172151264, 1.373748996336406, -2.3517266890569393, -0.5951714420523425, 2.3568239172381427, 2.8716716213237294]",5,1.0,30.0,30.0,"[30, 30, 30, 30, 30]","[None, None, None, None, None]",{},"{'n': 5, 'mean': 16.814169200000002, 'median': 16.800665, 'p95': 17.155874999999998, 'minimum': 16.463104, 'maximum': 17.217668}","['state_25_candidate_05_r0', 'state_25_candidate_05_r1', 'state_25_candidate_05_r2', 'state_25_candidate_05_r3', 'state_25_candidate_05_r4']"
state_26,a8ae0570c0ff2180ee42cba45405928df376b6123464d613d96c91a714b0ce34,joint_limit_return,candidate_00,original_trac,"[-1.434053052938085, -0.3910861674791406, 0.33120621909469194, -0.07184166118670576, 0.7806049825151687, 1.0985773331165771, -1.065415984125509]",5,1.0,30.0,30.0,"[30, 30, 30, 30, 30]","[None, None, None, None, None]",{},"{'n': 5, 'mean': 18.5592026, 'median': 16.739825, 'p95': 21.5963424, 'minimum': 16.470809, 'maximum': 21.62837}","['state_26_candidate_00_r0', 'state_26_candidate_00_r1', 'state_26_candidate_00_r2', 'state_26_candidate_00_r3', 'state_26_candidate_00_r4']"
state_26,a8ae0570c0ff2180ee42cba45405928df376b6123464d613d96c91a714b0ce34,joint_limit_return,candidate_01,pose_matched,"[-1.4328437771114002, -0.39089467168941006, 0.34210621909469197, -0.07183375001387331, 0.7687082673556028, 1.0988478060353213, -1.0651387632436091]",5,1.0,30.0,30.0,"[30, 30, 30, 30, 30]","[None, None, None, None, None]",{},"{'n': 5, 'mean': 17.208613800000002, 'median': 17.616821, 'p95': 18.535851400000002, 'minimum': 15.891316, 'maximum': 18.700773}","['state_26_candidate_01_r0', 'state_26_candidate_01_r1', 'state_26_candidate_01_r2', 'state_26_candidate_01_r3', 'state_26_candidate_01_r4']"
state_26,a8ae0570c0ff2180ee42cba45405928df376b6123464d613d96c91a714b0ce34,joint_limit_return,candidate_02,pose_matched,"[-1.435266242004217, -0.3912725380129059, 0.3203062190946919, -0.07184958108951542, 0.7925065076477499, 1.0983034218897159, -1.0656901610256007]",5,1.0,30.0,30.0,"[30, 30, 30, 30, 30]","[None, None, None, None, None]",{},"{'n': 5, 'mean': 17.0307406, 'median': 16.667585, 'p95': 17.8399058, 'minimum': 16.217636, 'maximum': 17.863963}","['state_26_candidate_02_r0', 'state_26_candidate_02_r1', 'state_26_candidate_02_r2', 'state_26_candidate_02_r3', 'state_26_candidate_02_r4']"
state_26,a8ae0570c0ff2180ee42cba45405928df376b6123464d613d96c91a714b0ce34,joint_limit_return,candidate_03,pose_matched,"[-1.4316385536704541, -0.390698083210283, 0.35300621909469193, -0.07182585210061532, 0.7568164669811888, 1.0991148051612685, -1.0648585459731632]",5,1.0,30.0,30.0,"[30, 30, 30, 30, 30]","[None, None, None, None, None]",{},"{'n': 5, 'mean': 17.406427200000003, 'median': 17.166572, 'p95': 19.376004599999998, 'minimum': 15.897417, 'maximum': 19.764408}","['state_26_candidate_03_r0', 'state_26_candidate_03_r1', 'state_26_candidate_03_r2', 'state_26_candidate_03_r3', 'state_26_candidate_03_r4']"
state_26,a8ae0570c0ff2180ee42cba45405928df376b6123464d613d96c91a714b0ce34,joint_limit_return,candidate_04,pose_matched,"[-1.4364832045495426, -0.39145375140621336, 0.30940621909469196, -0.07185750517182793, 0.8044127373752161, 1.0980261086084204, -1.0659612467113857]",5,1.0,30.0,30.0,"[30, 30, 30, 30, 30]","[None, None, None, None, None]",{},"{'n': 5, 'mean': 18.0827112, 'median': 17.78038, 'p95': 20.2484978, 'minimum': 16.55204, 'maximum': 20.620881}","['state_26_candidate_04_r0', 'state_26_candidate_04_r1', 'state_26_candidate_04_r2', 'state_26_candidate_04_r3', 'state_26_candidate_04_r4']"
state_26,a8ae0570c0ff2180ee42cba45405928df376b6123464d613d96c91a714b0ce34,joint_limit_return,candidate_05,pose_matched,"[-1.43356886521262, -0.3910101823853956, 0.3355662190946919, -0.07183849541582099, 0.7758457133723999, 1.0986859368854502, -1.065305458393271]",5,1.0,30.0,30.0,"[30, 30, 30, 30, 30]","[None, None, None, None, None]",{},"{'n': 5, 'mean': 17.5296614, 'median': 16.803862, 'p95': 18.924998199999997, 'minimum': 16.641082, 'maximum': 19.044658}","['state_26_candidate_05_r0', 'state_26_candidate_05_r1', 'state_26_candidate_05_r2', 'state_26_candidate_05_r3', 'state_26_candidate_05_r4']"
state_27,6b566e2d61b274b1a7f3f72ee88c11cf145a31b84341b55e19b9cf79666cd9dc,joint_limit_return,candidate_00,original_trac,"[2.7493419706864985, -0.06092521632254495, -0.07477813611653719, -2.086535425322836, -0.7508698922031093, 2.657664118615715, -1.6130631079153293]",5,1.0,30.0,30.0,"[30, 30, 30, 30, 30]","[None, None, None, None, None]",{},"{'n': 5, 'mean': 18.008173, 'median': 18.129729, 'p95': 19.119707000000002, 'minimum': 16.436596, 'maximum': 19.26263}","['state_27_candidate_00_r0', 'state_27_candidate_00_r1', 'state_27_candidate_00_r2', 'state_27_candidate_00_r3', 'state_27_candidate_00_r4']"
state_27,6b566e2d61b274b1a7f3f72ee88c11cf145a31b84341b55e19b9cf79666cd9dc,joint_limit_return,candidate_01,pose_matched,"[2.7602419706864985, -0.06095352193502866, -0.08546037013565945, -2.086415207622624, -0.7519201389949226, 2.6572536509928444, -1.6124190547597321]",5,1.0,30.0,30.0,"[30, 30, 30, 30, 30]","[None, None, None, None, None]",{},"{'n': 5, 'mean': 17.7652814, 'median': 18.004343, 'p95': 19.6264082, 'minimum': 15.724591, 'maximum': 19.992311}","['state_27_candidate_01_r0', 'state_27_candidate_01_r1', 'state_27_candidate_01_r2', 'state_27_candidate_01_r3', 'state_27_candidate_01_r4']"
state_27,6b566e2d61b274b1a7f3f72ee88c11cf145a31b84341b55e19b9cf79666cd9dc,joint_limit_return,candidate_02,pose_matched,"[2.7384419706864986, -0.060904033270924945, -0.06409543109662791, -2.0866556042005193, -0.7498193543490455, 2.6580738381148166, -1.6137076907582422]",5,1.0,30.0,30.0,"[30, 30, 30, 30, 30]","[None, None, None, None, None]",{},"{'n': 5, 'mean': 18.163705999999998, 'median': 18.321886, 'p95': 19.452719, 'minimum': 15.980447, 'maximum': 19.535293}","['state_27_candidate_02_r0', 'state_27_candidate_02_r1', 'state_27_candidate_02_r2', 'state_27_candidate_02_r3', 'state_27_candidate_02_r4']"
state_27,6b566e2d61b274b1a7f3f72ee88c11cf145a31b84341b55e19b9cf79666cd9dc,joint_limit_return,candidate_03,pose_matched,"[2.7711419706864984, -0.060988966304078095, -0.0961420822034078, -2.0862949238605575, -0.7529703368952473, 2.656842339739714, -1.6117753835248085]",5,1.0,30.0,30.0,"[30, 30, 30, 30, 30]","[None, None, None, None, None]",{},"{'n': 5, 'mean': 18.046982399999997, 'median': 18.023303, 'p95': 20.141353, 'minimum': 15.896626, 'maximum': 20.413629}","['state_27_candidate_03_r0', 'state_27_candidate_03_r1', 'state_27_candidate_03_r2', 'state_27_candidate_03_r3', 'state_27_candidate_03_r4']"
state_27,6b566e2d61b274b1a7f3f72ee88c11cf145a31b84341b55e19b9cf79666cd9dc,joint_limit_return,candidate_04,pose_matched,"[2.7275419706864987, -0.06088996069315142, -0.053412305595333186, -2.086775771460826, -0.7487682829799317, 2.658482904311586, -1.6143529515525108]",5,1.0,30.0,30.0,"[30, 30, 30, 30, 30]","[None, None, None, None, None]",{},"{'n': 5, 'mean': 17.647388999999997, 'median': 17.259756, 'p95': 18.9396296, 'minimum': 17.016943, 'maximum': 19.286641}","['state_27_candidate_04_r0', 'state_27_candidate_04_r1', 'state_27_candidate_04_r2', 'state_27_candidate_04_r3', 'state_27_candidate_04_r4']"
state_27,6b566e2d61b274b1a7f3f72ee88c11cf145a31b84341b55e19b9cf79666cd9dc,joint_limit_return,candidate_05,pose_matched,"[2.7537019706864987, -0.06093568304552231, -0.07905108908735065, -2.0864873444258327, -0.7512900122817904, 2.6575000266734987, -1.6128054313752505]",5,1.0,30.0,30.0,"[30, 30, 30, 30, 30]","[None, None, None, None, None]",{},"{'n': 5, 'mean': 17.36412, 'median': 17.023032, 'p95': 18.99814, 'minimum': 15.737412, 'maximum': 19.22636}","['state_27_candidate_05_r0', 'state_27_candidate_05_r1', 'state_27_candidate_05_r2', 'state_27_candidate_05_r3', 'state_27_candidate_05_r4']"
state_28,46aa9a3765a4a0fe80d9ac1fd4a99111fbbc6a0e2b335d23a0ac9dec7d0061c0,joint_limit_return,candidate_00,original_trac,"[0.2800255580682405, -0.5832212753132272, 2.7577612515274943, -0.7721460792951822, 1.6021337082460017, 1.4273355248398099, 1.2189963691907526]",5,1.0,30.0,30.0,"[30, 30, 30, 30, 30]","[None, None, None, None, None]",{},"{'n': 5, 'mean': 18.7275768, 'median': 18.277283, 'p95': 20.6543492, 'minimum': 17.356466, 'maximum': 20.985633}","['state_28_candidate_00_r0', 'state_28_candidate_00_r1', 'state_28_candidate_00_r2', 'state_28_candidate_00_r3', 'state_28_candidate_00_r4']"
state_28,46aa9a3765a4a0fe80d9ac1fd4a99111fbbc6a0e2b335d23a0ac9dec7d0061c0,joint_limit_return,candidate_01,pose_matched,"[0.2749600480363498, -0.5821236417644351, 2.768661251527494, -0.7721174090699477, 1.5952576623985302, 1.4298425499011032, 1.2189448648018801]",5,1.0,30.0,30.0,"[30, 30, 30, 30, 30]","[None, None, None, None, None]",{},"{'n': 5, 'mean': 18.997028399999998, 'median': 19.331161, 'p95': 21.174976400000002, 'minimum': 15.769959, 'maximum': 21.210425}","['state_28_candidate_01_r0', 'state_28_candidate_01_r1', 'state_28_candidate_01_r2', 'state_28_candidate_01_r3', 'state_28_candidate_01_r4']"
state_28,46aa9a3765a4a0fe80d9ac1fd4a99111fbbc6a0e2b335d23a0ac9dec7d0061c0,joint_limit_return,candidate_02,pose_matched,"[0.28507503651081656, -0.5843498866307054, 2.7468612515274944, -0.7721819157480516, 1.6090288067007061, 1.4248225105949324, 1.2190607653669794]",5,1.0,30.0,30.0,"[30, 30, 30, 30, 30]","[None, None, None, None, None]",{},"{'n': 5, 'mean': 18.9167378, 'median': 19.429707, 'p95': 20.1019208, 'minimum': 17.497865, 'maximum': 20.237975}","['state_28_candidate_02_r0', 'state_28_candidate_02_r1', 'state_28_candidate_02_r2', 'state_28_candidate_02_r3', 'state_28_candidate_02_r4']"
state_28,46aa9a3765a4a0fe80d9ac1fd4a99111fbbc6a0e2b335d23a0ac9dec7d0061c0,joint_limit_return,candidate_03,pose_matched,"[0.26987889805447635, -0.5810568744899635, 2.779561251527494, -0.7720958495855048, 1.5884001575592095, 1.4323436894818904, 1.2189061429086352]",5,1.0,30.0,30.0,"[30, 30, 30, 30, 30]","[None, None, None, None, None]",{},"{'n': 5, 'mean': 19.213744400000003, 'median': 19.537712, 'p95': 22.737934199999998, 'minimum': 16.715657, 'maximum': 23.53117}","['state_28_candidate_03_r0', 'state_28_candidate_03_r1', 'state_28_candidate_03_r2', 'state_28_candidate_03_r3', 'state_28_candidate_03_r4']"
state_28,46aa9a3765a4a0fe80d9ac1fd4a99111fbbc6a0e2b335d23a0ac9dec7d0061c0,joint_limit_return,candidate_04,pose_matched,"[0.29010809062079346, -0.5855095908578466, 2.7359612515274945, -0.7722249749847299, 1.615943471474633, 1.4223034042612959, 1.2191381670783197]",5,1.0,30.0,30.0,"[30, 30, 30, 30, 30]","[None, None, None, None, None]",{},"{'n': 5, 'mean': 19.6059716, 'median': 19.691931, 'p95': 21.5877452, 'minimum': 17.790915, 'maximum': 21.774875}","['state_28_candidate_04_r0', 'state_28_candidate_04_r1', 'state_28_candidate_04_r2', 'state_28_candidate_04_r3', 'state_28_candidate_04_r4']"
state_28,46aa9a3765a4a0fe80d9ac1fd4a99111fbbc6a0e2b335d23a0ac9dec7d0061c0,joint_limit_return,candidate_05,pose_matched,"[0.2780012558901538, -0.5827785108869682, 2.7621212515274944, -0.7721337543890919, 1.5993810322901243, 1.4283390477762656, 1.218974226640282]",5,1.0,30.0,30.0,"[30, 30, 30, 30, 30]","[None, None, None, None, None]",{},"{'n': 5, 'mean': 17.3044742, 'median': 17.316544, 'p95': 18.835774999999998, 'minimum': 15.798872, 'maximum': 18.935951}","['state_28_candidate_05_r0', 'state_28_candidate_05_r1', 'state_28_candidate_05_r2', 'state_28_candidate_05_r3', 'state_28_candidate_05_r4']"
state_29,4fcff0d41c7272bb64e44e215285e6aad9c49f8ec8dd4869d1ee9ef64e0a1e45,joint_limit_return,candidate_00,original_trac,"[0.6318161165685616, 0.6016728033127553, 0.6399720075918987, -1.4288382993697357, 2.8334303981595124, 2.151332152928483, 1.1909871706949364]",5,1.0,30.0,30.0,"[30, 30, 30, 30, 30]","[None, None, None, None, None]",{},"{'n': 5, 'mean': 17.453142200000002, 'median': 16.859197, 'p95': 18.8861664, 'minimum': 16.259287, 'maximum': 18.95646}","['state_29_candidate_00_r0', 'state_29_candidate_00_r1', 'state_29_candidate_00_r2', 'state_29_candidate_00_r3', 'state_29_candidate_00_r4']"
state_29,4fcff0d41c7272bb64e44e215285e6aad9c49f8ec8dd4869d1ee9ef64e0a1e45,joint_limit_return,candidate_01,pose_matched,"[0.6242455252027481, 0.6050197927310575, 0.6508720075918987, -1.4284208100010982, 2.8297209899679965, 2.152818009259472, 1.1867226820122303]",5,1.0,30.0,30.0,"[30, 30, 30, 30, 30]","[None, None, None, None, None]",{},"{'n': 5, 'mean': 17.8589384, 'median': 16.944854, 'p95': 20.120316199999998, 'minimum': 16.715297, 'maximum': 20.612831}","['state_29_candidate_01_r0', 'state_29_candidate_01_r1', 'state_29_candidate_01_r2', 'state_29_candidate_01_r3', 'state_29_candidate_01_r4']"
state_29,4fcff0d41c7272bb64e44e215285e6aad9c49f8ec8dd4869d1ee9ef64e0a1e45,joint_limit_return,candidate_02,pose_matched,"[0.6394226184628558, 0.5984019779863992, 0.6290720075918986, -1.4292475875487736, 2.837109791092416, 2.1498759347785237, 1.1952173366633518]",5,1.0,30.0,30.0,"[30, 30, 30, 30, 30]","[None, None, None, None, None]",{},"{'n': 5, 'mean': 16.7521008, 'median': 16.602764, 'p95': 17.4613334, 'minimum': 16.143631, 'maximum': 17.521312}","['state_29_candidate_02_r0', 'state_29_candidate_02_r1', 'state_29_candidate_02_r2', 'state_29_candidate_02_r3', 'state_29_candidate_02_r4']"
state_29,4fcff0d41c7272bb64e44e215285e6aad9c49f8ec8dd4869d1ee9ef64e0a1e45,joint_limit_return,candidate_03,pose_matched,"[0.616711821719522, 0.6084440309686934, 0.6617720075918987, -1.4279949282171758, 2.8259808934212227, 2.154334210206716, 1.1824231058819812]",5,1.0,30.0,30.0,"[30, 30, 30, 30, 30]","[None, None, None, None, None]",{},"{'n': 5, 'mean': 19.1212442, 'median': 19.038531, 'p95': 22.0501972, 'minimum': 16.253279, 'maximum': 22.623359}","['state_29_candidate_03_r0', 'state_29_candidate_03_r1', 'state_29_candidate_03_r2', 'state_29_candidate_03_r3', 'state_29_candidate_03_r4']"
state_29,4fcff0d41c7272bb64e44e215285e6aad9c49f8ec8dd4869d1ee9ef64e0a1e45,joint_limit_return,candidate_04,pose_matched,"[0.6470640743183199, 0.595206250800683, 0.6181720075918986, -1.429648860967834, 2.8407598365888656, 2.1484486666060882, 1.1994139390517697]",5,1.0,30.0,30.0,"[30, 30, 30, 30, 30]","[None, None, None, None, None]",{},"{'n': 5, 'mean': 16.657523, 'median': 16.587351, 'p95': 17.298734, 'minimum': 16.022909, 'maximum': 17.436644}","['state_29_candidate_04_r0', 'state_29_candidate_04_r1', 'state_29_candidate_04_r2', 'state_29_candidate_04_r3', 'state_29_candidate_04_r4']"
state_29,4fcff0d41c7272bb64e44e215285e6aad9c49f8ec8dd4869d1ee9ef64e0a1e45,joint_limit_return,candidate_05,pose_matched,"[0.6287835164974895, 0.6030023990605018, 0.6443320075918987, -1.4286722983655742, 2.8319502742917786, 2.151922899730071, 1.1892855366504356]",5,1.0,30.0,30.0,"[30, 30, 30, 30, 30]","[None, None, None, None, None]",{},"{'n': 5, 'mean': 17.720520399999998, 'median': 17.912581, 'p95': 19.3575202, 'minimum': 15.744324, 'maximum': 19.667318}","['state_29_candidate_05_r0', 'state_29_candidate_05_r1', 'state_29_candidate_05_r2', 'state_29_candidate_05_r3', 'state_29_candidate_05_r4']"
state_30,fb66d43222970961a432514784a0323db562ab5e22b9fbe870aaa6f7bf4104eb,high_curvature,candidate_00,original_trac,"[-1.7772961218849934, 0.16372805902583631, -0.3930980419607202, -1.7313515435197446, 0.1879363479993616, 2.6551535406953968, 0.9514630765858899]",5,1.0,30.0,30.0,"[30, 30, 30, 30, 30]","[None, None, None, None, None]",{},"{'n': 5, 'mean': 16.831901, 'median': 16.512462, 'p95': 18.482160999999998, 'minimum': 15.864461, 'maximum': 18.965348}","['state_30_candidate_00_r0', 'state_30_candidate_00_r1', 'state_30_candidate_00_r2', 'state_30_candidate_00_r3', 'state_30_candidate_00_r4']"
state_30,fb66d43222970961a432514784a0323db562ab5e22b9fbe870aaa6f7bf4104eb,high_curvature,candidate_01,pose_matched,"[-1.7874820441772776, 0.16302396001552777, -0.38219804196072016, -1.7314779390220507, 0.1842362642182448, 2.6554610592081325, 0.9537922724270994]",5,1.0,30.0,30.0,"[30, 30, 30, 30, 30]","[None, None, None, None, None]",{},"{'n': 5, 'mean': 17.414269, 'median': 16.663703, 'p95': 19.083207400000003, 'minimum': 16.447404, 'maximum': 19.30402}","['state_30_candidate_01_r0', 'state_30_candidate_01_r1', 'state_30_candidate_01_r2', 'state_30_candidate_01_r3', 'state_30_candidate_01_r4']"
state_30,fb66d43222970961a432514784a0323db562ab5e22b9fbe870aaa6f7bf4104eb,high_curvature,candidate_02,pose_matched,"[-1.7671173471834503, 0.1644567406235231, -0.4039980419607202, -1.7312217197587942, 0.19166487328749834, 2.6548373405606407, 0.9491170479818012]",5,1.0,30.0,30.0,"[30, 30, 30, 30, 30]","[None, None, None, None, None]",{},"{'n': 5, 'mean': 16.785185, 'median': 16.751157, 'p95': 16.954457, 'minimum': 16.653175, 'maximum': 16.97805}","['state_30_candidate_02_r0', 'state_30_candidate_02_r1', 'state_30_candidate_02_r2', 'state_30_candidate_02_r3', 'state_30_candidate_02_r4']"
state_30,fb66d43222970961a432514784a0323db562ab5e22b9fbe870aaa6f7bf4104eb,high_curvature,candidate_03,pose_matched,"[-1.7976748406101706, 0.16234399769880395, -0.3712980419607202, -1.731600992405571, 0.18056356732136436, 2.655760132597295, 0.9561052541475256]",5,1.0,30.0,30.0,"[30, 30, 30, 30, 30]","[None, None, None, None, None]",{},"{'n': 5, 'mean': 17.616849600000002, 'median': 17.700235, 'p95': 19.1492972, 'minimum': 16.147908, 'maximum': 19.339801}","['state_30_candidate_03_r0', 'state_30_candidate_03_r1', 'state_30_candidate_03_r2', 'state_30_candidate_03_r3', 'state_30_candidate_03_r4']"
state_30,fb66d43222970961a432514784a0323db562ab5e22b9fbe870aaa6f7bf4104eb,high_curvature,candidate_04,pose_matched,"[-1.7569460020550685, 0.16521047010685394, -0.41489804196072017, -1.7310883778344894, 0.19542291944007958, 2.654512211383507, 0.9467535548616175]",5,1.0,30.0,30.0,"[30, 30, 30, 30, 30]","[None, None, None, None, None]",{},"{'n': 5, 'mean': 18.1194912, 'median': 17.650259, 'p95': 20.096904, 'minimum': 16.133351, 'maximum': 20.193946}","['state_30_candidate_04_r0', 'state_30_candidate_04_r1', 'state_30_candidate_04_r2', 'state_30_candidate_04_r3', 'state_30_candidate_04_r4']"
state_30,fb66d43222970961a432514784a0323db562ab5e22b9fbe870aaa6f7bf4104eb,high_curvature,candidate_05,pose_matched,"[-1.7813696485907593, 0.16344349490875004, -0.3887380419607202, -1.7314025082051048, 0.1864529611074045, 2.655277576411702, 0.9523967399220248]",5,1.0,30.0,30.0,"[30, 30, 30, 30, 30]","[None, None, None, None, None]",{},"{'n': 5, 'mean': 19.576821600000002, 'median': 16.886513, 'p95': 27.0731786, 'minimum': 15.9802, 'maximum': 28.917095}","['state_30_candidate_05_r0', 'state_30_candidate_05_r1', 'state_30_candidate_05_r2', 'state_30_candidate_05_r3', 'state_30_candidate_05_r4']"
state_31,3ad0dc908ceaf3578f01c04f53c252a3b2d12d74acb77a1cda314fc801d1cc21,high_curvature,candidate_00,original_trac,"[-0.49919840335196863, -0.17235476581642575, -0.5430453606145303, -0.9674229517236174, 0.6695632331034502, 0.7839360827174224, -1.426372542926113]",5,1.0,30.0,30.0,"[30, 30, 30, 30, 30]","[None, None, None, None, None]",{},"{'n': 5, 'mean': 18.4656446, 'median': 17.851391, 'p95': 20.4114526, 'minimum': 16.402467, 'maximum': 20.499628}","['state_31_candidate_00_r0', 'state_31_candidate_00_r1', 'state_31_candidate_00_r2', 'state_31_candidate_00_r3', 'state_31_candidate_00_r4']"
state_31,3ad0dc908ceaf3578f01c04f53c252a3b2d12d74acb77a1cda314fc801d1cc21,high_curvature,candidate_01,pose_matched,"[-0.4882984033519686, -0.17363100952532318, -0.5502166564862385, -0.967835373967438, 0.6667877878332414, 0.7851926046614008, -1.4247988178333855]",5,1.0,30.0,30.0,"[30, 30, 30, 30, 30]","[None, None, None, None, None]",{},"{'n': 5, 'mean': 17.6837782, 'median': 16.939037, 'p95': 20.1567244, 'minimum': 16.026837, 'maximum': 20.511976}","['state_31_candidate_01_r0', 'state_31_candidate_01_r1', 'state_31_candidate_01_r2', 'state_31_candidate_01_r3', 'state_31_candidate_01_r4']"
state_31,3ad0dc908ceaf3578f01c04f53c252a3b2d12d74acb77a1cda314fc801d1cc21,high_curvature,candidate_02,pose_matched,"[-0.5100984033519687, -0.17110687844948264, -0.5358321221837993, -0.9670145144074594, 0.6723082715203085, 0.782690476445758, -1.4279250039163658]",5,1.0,30.0,30.0,"[30, 30, 30, 30, 30]","[None, None, None, None, None]",{},"{'n': 5, 'mean': 17.3888266, 'median': 17.399157, 'p95': 18.399341800000002, 'minimum': 16.226727, 'maximum': 18.628067}","['state_31_candidate_02_r0', 'state_31_candidate_02_r1', 'state_31_candidate_02_r2', 'state_31_candidate_02_r3', 'state_31_candidate_02_r4']"
state_31,3ad0dc908ceaf3578f01c04f53c252a3b2d12d74acb77a1cda314fc801d1cc21,high_curvature,candidate_03,pose_matched,"[-0.47739840335196865, -0.1749361599163484, -0.5573449805159533, -0.9682518600373095, 0.6639811924637284, 0.7864602559344878, -1.4232032842588178]",5,1.0,30.0,30.0,"[30, 30, 30, 30, 30]","[None, None, None, None, None]",{},"{'n': 5, 'mean': 17.3595252, 'median': 17.266488, 'p95': 19.0452454, 'minimum': 15.760078, 'maximum': 19.480547}","['state_31_candidate_03_r0', 'state_31_candidate_03_r1', 'state_31_candidate_03_r2', 'state_31_candidate_03_r3', 'state_31_candidate_03_r4']"
state_31,3ad0dc908ceaf3578f01c04f53c252a3b2d12d74acb77a1cda314fc801d1cc21,high_curvature,candidate_04,pose_matched,"[-0.5209984033519687, -0.16988680964158498, -0.5285779510348654, -0.9666099835218511, 0.675023632800747, 0.7814555725554192, -1.4294567326412293]",5,1.0,30.0,30.0,"[30, 30, 30, 30, 30]","[None, None, None, None, None]",{},"{'n': 5, 'mean': 17.668116599999998, 'median': 17.449713, 'p95': 19.6951544, 'minimum': 16.179015, 'maximum': 19.983121}","['state_31_candidate_04_r0', 'state_31_candidate_04_r1', 'state_31_candidate_04_r2', 'state_31_candidate_04_r3', 'state_31_candidate_04_r4']"
state_31,3ad0dc908ceaf3578f01c04f53c252a3b2d12d74acb77a1cda314fc801d1cc21,high_curvature,candidate_05,pose_matched,"[-0.49483840335196866, -0.17286183000249006, -0.5459189692718726, -0.9675874380198444, 0.6684567451347814, 0.7844373696556676, -1.425745634782991]",5,1.0,30.0,30.0,"[30, 30, 30, 30, 30]","[None, None, None, None, None]",{},"{'n': 5, 'mean': 17.609193600000005, 'median': 17.006128, 'p95': 19.5038824, 'minimum': 15.83767, 'maximum': 19.518444}","['state_31_candidate_05_r0', 'state_31_candidate_05_r1', 'state_31_candidate_05_r2', 'state_31_candidate_05_r3', 'state_31_candidate_05_r4']"
state_32,e5354f56eaa1cee987b0a545affc453b6102aeee7bfd940caec607c2848f53ef,high_curvature,candidate_00,original_trac,"[0.18434761918331485, -0.49825726887304195, -0.8955385288610801, -1.7187367850153574, 1.1209609658077264, 2.4744353453036543, 0.7439304938290288]",5,1.0,30.0,30.0,"[30, 30, 30, 30, 30]","[None, None, None, None, None]",{},"{'n': 5, 'mean': 17.4226908, 'median': 17.232535, 'p95': 18.3106812, 'minimum': 16.809381, 'maximum': 18.519997}","['state_32_candidate_00_r0', 'state_32_candidate_00_r1', 'state_32_candidate_00_r2', 'state_32_candidate_00_r3', 'state_32_candidate_00_r4']"
state_32,e5354f56eaa1cee987b0a545affc453b6102aeee7bfd940caec607c2848f53ef,high_curvature,candidate_01,pose_matched,"[0.19524761918331485, -0.5051613184686344, -0.8991879903494047, -1.7197643774592808, 1.1102004394044225, 2.481194232831959, 0.7478197676184959]",5,1.0,30.0,30.0,"[30, 30, 30, 30, 30]","[None, None, None, None, None]",{},"{'n': 5, 'mean': 18.5908548, 'median': 17.787559, 'p95': 21.369700599999998, 'minimum': 16.899509, 'maximum': 21.930712}","['state_32_candidate_01_r0', 'state_32_candidate_01_r1', 'state_32_candidate_01_r2', 'state_32_candidate_01_r3', 'state_32_candidate_01_r4']"
state_32,e5354f56eaa1cee987b0a545affc453b6102aeee7bfd940caec607c2848f53ef,high_curvature,candidate_02,pose_matched,"[0.17344761918331486, -0.49149937485617495, -0.8917701508260862, -1.7177510518086327, 1.1314309168102457, 2.467767833424274, 0.7402196435643003]",5,1.0,30.0,30.0,"[30, 30, 30, 30, 30]","[None, None, None, None, None]",{},"{'n': 5, 'mean': 17.9873534, 'median': 18.220022, 'p95': 19.106495799999998, 'minimum': 16.656707, 'maximum': 19.258159}","['state_32_candidate_02_r0', 'state_32_candidate_02_r1', 'state_32_candidate_02_r2', 'state_32_candidate_02_r3', 'state_32_candidate_02_r4']"
state_32,e5354f56eaa1cee987b0a545affc453b6102aeee7bfd940caec607c2848f53ef,high_curvature,candidate_03,pose_matched,"[0.20614761918331487, -0.5122136752549818, -0.9027176270087548, -1.7208354638873173, 1.0991383993496093, 2.488043771049277, 0.751896718061152]",5,1.0,30.0,30.0,"[30, 30, 30, 30, 30]","[None, None, None, None, None]",{},"{'n': 5, 'mean': 17.290979, 'median': 17.459403, 'p95': 18.2352582, 'minimum': 16.21139, 'maximum': 18.393514}","['state_32_candidate_03_r0', 'state_32_candidate_03_r1', 'state_32_candidate_03_r2', 'state_32_candidate_03_r3', 'state_32_candidate_03_r4']"
state_32,e5354f56eaa1cee987b0a545affc453b6102aeee7bfd940caec607c2848f53ef,high_curvature,candidate_04,pose_matched,"[0.16254761918331484, -0.4848854411329593, -0.8878838973233921, -1.7168055774355127, 1.1416207855506924, 2.4611921960402117, 0.7366784311312419]",5,1.0,30.0,30.0,"[30, 30, 30, 30, 30]","[None, None, None, None, None]",{},"{'n': 5, 'mean': 16.962715600000003, 'median': 17.048385, 'p95': 17.8871738, 'minimum': 15.607563, 'maximum': 17.996767}","['state_32_candidate_04_r0', 'state_32_candidate_04_r1', 'state_32_candidate_04_r2', 'state_32_candidate_04_r3', 'state_32_candidate_04_r4']"
state_32,e5354f56eaa1cee987b0a545affc453b6102aeee7bfd940caec607c2848f53ef,high_curvature,candidate_05,pose_matched,"[0.18870761918331486, -0.5010012285092279, -0.8970126374188475, -1.7191427080654038, 1.116692226650697, 2.4771279705669897, 0.7454642850576777]",5,1.0,30.0,30.0,"[30, 30, 30, 30, 30]","[None, None, None, None, None]",{},"{'n': 5, 'mean': 17.2788278, 'median': 16.618468, 'p95': 19.3249296, 'minimum': 15.811539, 'maximum': 19.588618}","['state_32_candidate_05_r0', 'state_32_candidate_05_r1', 'state_32_candidate_05_r2', 'state_32_candidate_05_r3', 'state_32_candidate_05_r4']"
state_33,9cc25b94bef1d05e0d4366b6d912f2cbebc33b1bae9173de150c19a259c665d9,high_curvature,candidate_00,original_trac,"[0.5135174181899289, 0.3807476156912392, -0.4880768597415646, -0.8712132721648889, 0.4760364241479636, 1.326237042652766, 1.299283108151388]",5,1.0,30.0,30.0,"[30, 30, 30, 30, 30]","[None, None, None, None, None]",{},"{'n': 5, 'mean': 16.934231, 'median': 16.60845, 'p95': 18.2329574, 'minimum': 15.968355, 'maximum': 18.506226}","['state_33_candidate_00_r0', 'state_33_candidate_00_r1', 'state_33_candidate_00_r2', 'state_33_candidate_00_r3', 'state_33_candidate_00_r4']"
state_33,9cc25b94bef1d05e0d4366b6d912f2cbebc33b1bae9173de150c19a259c665d9,high_curvature,candidate_01,pose_matched,"[0.5070812081800742, 0.3793700473928126, -0.4771768597415646, -0.8715817132730541, 0.471172203775542, 1.3273747198363397, 1.300991451106812]",5,1.0,30.0,30.0,"[30, 30, 30, 30, 30]","[None, None, None, None, None]",{},"{'n': 5, 'mean': 16.4552814, 'median': 16.375633, 'p95': 17.3620322, 'minimum': 15.761855, 'maximum': 17.53349}","['state_33_candidate_01_r0', 'state_33_candidate_01_r1', 'state_33_candidate_01_r2', 'state_33_candidate_01_r3', 'state_33_candidate_01_r4']"
state_33,9cc25b94bef1d05e0d4366b6d912f2cbebc33b1bae9173de150c19a259c665d9,high_curvature,candidate_02,pose_matched,"[0.5199236653077435, 0.38215942463883906, -0.49897685974156464, -0.8708401577341573, 0.480929765094909, 1.325082759588751, 1.2975702500433421]",5,1.0,30.0,30.0,"[30, 30, 30, 30, 30]","[None, None, None, None, None]",{},"{'n': 5, 'mean': 17.6653592, 'median': 17.5056, 'p95': 19.944877199999997, 'minimum': 15.873456, 'maximum': 20.551674}","['state_33_candidate_02_r0', 'state_33_candidate_02_r1', 'state_33_candidate_02_r2', 'state_33_candidate_02_r3', 'state_33_candidate_02_r4']"
state_33,9cc25b94bef1d05e0d4366b6d912f2cbebc33b1bae9173de150c19a259c665d9,high_curvature,candidate_03,pose_matched,"[0.5006157767747, 0.37802643200614955, -0.46627685974156463, -0.8719455413161341, 0.4663363896628885, 1.3284960744553458, 1.3026953852524872]",5,1.0,30.0,30.0,"[30, 30, 30, 30, 30]","[None, None, None, None, None]",{},"{'n': 5, 'mean': 17.000150400000003, 'median': 16.829215, 'p95': 18.1043938, 'minimum': 16.014668, 'maximum': 18.246405}","['state_33_candidate_03_r0', 'state_33_candidate_03_r1', 'state_33_candidate_03_r2', 'state_33_candidate_03_r3', 'state_33_candidate_03_r4']"
state_33,9cc25b94bef1d05e0d4366b6d912f2cbebc33b1bae9173de150c19a259c665d9,high_curvature,candidate_04,pose_matched,"[0.5262991998828683, 0.38360576697747345, -0.5098768597415646, -0.8704623091545556, 0.48585294686396535, 1.3239115815856495, 1.2958527735225056]",5,1.0,30.0,30.0,"[30, 30, 30, 30, 30]","[None, None, None, None, None]",{},"{'n': 5, 'mean': 16.7605306, 'median': 16.560773, 'p95': 17.9398412, 'minimum': 16.055766, 'maximum': 18.267818}","['state_33_candidate_04_r0', 'state_33_candidate_04_r1', 'state_33_candidate_04_r2', 'state_33_candidate_04_r3', 'state_33_candidate_04_r4']"
state_33,9cc25b94bef1d05e0d4366b6d912f2cbebc33b1bae9173de150c19a259c665d9,high_curvature,candidate_05,pose_matched,"[0.5109464880274331, 0.3801924957209952, -0.48371685974156464, -0.8713612060191899, 0.47408728166445674, 1.3266940902376971, 1.2999669812641754]",5,1.0,30.0,30.0,"[30, 30, 30, 30, 30]","[None, None, None, None, None]",{},"{'n': 5, 'mean': 17.380276600000002, 'median': 16.890037, 'p95': 20.0438666, 'minimum': 15.377002, 'maximum': 20.684435}","['state_33_candidate_05_r0', 'state_33_candidate_05_r1', 'state_33_candidate_05_r2', 'state_33_candidate_05_r3', 'state_33_candidate_05_r4']"
state_34,28745e75175c62aa8d8d28d7434c9493f2ccdaea4a3da6f1e3fc6552748ce72c,high_curvature,candidate_00,original_trac,"[0.06685650272397334, -0.4205846101140411, 1.1470571664400584, -2.3620376038512036, -0.652683803448397, 1.6631510599276114, 0.4673720303827511]",5,1.0,30.0,30.0,"[30, 30, 30, 30, 30]","[None, None, None, None, None]",{},"{'n': 5, 'mean': 17.8043218, 'median': 17.637625, 'p95': 19.3792812, 'minimum': 16.192637, 'maximum': 19.602618}","['state_34_candidate_00_r0', 'state_34_candidate_00_r1', 'state_34_candidate_00_r2', 'state_34_candidate_00_r3', 'state_34_candidate_00_r4']"
state_34,28745e75175c62aa8d8d28d7434c9493f2ccdaea4a3da6f1e3fc6552748ce72c,high_curvature,candidate_01,pose_matched,"[0.07775650272397333, -0.4103521278267696, 1.1386875287166598, -2.3609649091037492, -0.6599721801685052, 1.656975887469953, 0.47405699941830454]",5,1.0,30.0,30.0,"[30, 30, 30, 30, 30]","[None, None, None, None, None]",{},"{'n': 5, 'mean': 17.979869200000003, 'median': 18.134901, 'p95': 19.4399936, 'minimum': 16.773488, 'maximum': 19.755355}","['state_34_candidate_01_r0', 'state_34_candidate_01_r1', 'state_34_candidate_01_r2', 'state_34_candidate_01_r3', 'state_34_candidate_01_r4']"
state_34,28745e75175c62aa8d8d28d7434c9493f2ccdaea4a3da6f1e3fc6552748ce72c,high_curvature,candidate_02,pose_matched,"[0.05595650272397334, -0.43130271399373754, 1.1553339416199713, -2.3631536401560407, -0.6450214761425396, 1.6695366055387333, 0.46034765378252684]",5,1.0,30.0,30.0,"[30, 30, 30, 30, 30]","[None, None, None, None, None]",{},"{'n': 5, 'mean': 18.4497364, 'median': 17.688096, 'p95': 21.041651599999998, 'minimum': 16.661588, 'maximum': 21.554588}","['state_34_candidate_02_r0', 'state_34_candidate_02_r1', 'state_34_candidate_02_r2', 'state_34_candidate_02_r3', 'state_34_candidate_02_r4']"
state_34,28745e75175c62aa8d8d28d7434c9493f2ccdaea4a3da6f1e3fc6552748ce72c,high_curvature,candidate_03,pose_matched,"[0.08865650272397334, -0.4005782055369424, 1.1302291273044103, -2.3599335765544613, -0.6669113056863594, 1.6510038620680718, 0.48042471966297634]",5,1.0,30.0,30.0,"[30, 30, 30, 30, 30]","[None, None, None, None, None]",{},"{'n': 5, 'mean': 17.0736264, 'median': 16.494569, 'p95': 18.485263399999997, 'minimum': 16.395348, 'maximum': 18.78982}","['state_34_candidate_03_r0', 'state_34_candidate_03_r1', 'state_34_candidate_03_r2', 'state_34_candidate_03_r3', 'state_34_candidate_03_r4']"
state_34,28745e75175c62aa8d8d28d7434c9493f2ccdaea4a3da6f1e3fc6552748ce72c,high_curvature,candidate_04,pose_matched,"[0.04505650272397334, -0.4425352105785988, 1.1635136184882133, -2.3643150373114286, -0.6369584790173827, 1.676139572322049, 0.4529599312457939]",5,1.0,30.0,30.0,"[30, 30, 30, 30, 30]","[None, None, None, None, None]",{},"{'n': 5, 'mean': 21.5319176, 'median': 20.669995, 'p95': 26.937210399999998, 'minimum': 16.547355, 'maximum': 27.311196}","['state_34_candidate_04_r0', 'state_34_candidate_04_r1', 'state_34_candidate_04_r2', 'state_34_candidate_04_r3', 'state_34_candidate_04_r4']"
state_34,28745e75175c62aa8d8d28d7434c9493f2ccdaea4a3da6f1e3fc6552748ce72c,high_curvature,candidate_05,pose_matched,"[0.07121650272397334, -0.41643489548427015, 1.1437202221631098, -2.3616034368575165, -0.6556426015028574, 1.6606561479938675, 0.47008546760972064]",5,1.0,30.0,30.0,"[30, 30, 30, 30, 30]","[None, None, None, None, None]",{},"{'n': 5, 'mean': 20.386092400000003, 'median': 18.556256, 'p95': 25.1398212, 'minimum': 16.604907, 'maximum': 25.476113}","['state_34_candidate_05_r0', 'state_34_candidate_05_r1', 'state_34_candidate_05_r2', 'state_34_candidate_05_r3', 'state_34_candidate_05_r4']"
state_36,ff3117ccc9acc826ca11b719e2a81e492274866c03b3dccc127f7f4e425e43ca,high_curvature,candidate_00,original_trac,"[0.7183657695048667, 0.3856492995129981, -1.312044638354333, -1.0293307599746138, -1.3515817081775927, 1.3058783381853458, 0.6685750118936752]",5,1.0,30.0,30.0,"[30, 30, 30, 30, 30]","[None, None, None, None, None]",{},"{'n': 5, 'mean': 18.394493599999997, 'median': 17.420245, 'p95': 21.3463176, 'minimum': 17.138148, 'maximum': 22.161044}","['state_36_candidate_00_r0', 'state_36_candidate_00_r1', 'state_36_candidate_00_r2', 'state_36_candidate_00_r3', 'state_36_candidate_00_r4']"
state_36,ff3117ccc9acc826ca11b719e2a81e492274866c03b3dccc127f7f4e425e43ca,high_curvature,candidate_01,pose_matched,"[0.7148134315599115, 0.3810127787087885, -1.301144638354333, -1.0290605258047372, -1.3594523755330898, 1.3018980871834984, 0.6692666760486258]",5,1.0,30.0,30.0,"[30, 30, 30, 30, 30]","[None, None, None, None, None]",{},"{'n': 5, 'mean': 17.6018146, 'median': 16.693462, 'p95': 19.6996288, 'minimum': 16.322748, 'maximum': 20.001123}","['state_36_candidate_01_r0', 'state_36_candidate_01_r1', 'state_36_candidate_01_r2', 'state_36_candidate_01_r3', 'state_36_candidate_01_r4']"
state_36,ff3117ccc9acc826ca11b719e2a81e492274866c03b3dccc127f7f4e425e43ca,high_curvature,candidate_02,pose_matched,"[0.7218024744446727, 0.39037188986563914, -1.3229446383543328, -1.0296144218720065, -1.3435960084164487, 1.3099144568435754, 0.6678475272987533]",5,1.0,30.0,30.0,"[30, 30, 30, 30, 30]","[None, None, None, None, None]",{},"{'n': 5, 'mean': 17.2080718, 'median': 17.33983, 'p95': 17.988314799999998, 'minimum': 15.946256, 'maximum': 18.021593}","['state_36_candidate_02_r0', 'state_36_candidate_02_r1', 'state_36_candidate_02_r2', 'state_36_candidate_02_r3', 'state_36_candidate_02_r4']"
state_36,ff3117ccc9acc826ca11b719e2a81e492274866c03b3dccc127f7f4e425e43ca,high_curvature,candidate_03,pose_matched,"[0.7111470620310331, 0.3764613850888849, -1.290244638354333, -1.0288033261191591, -1.3672094785743338, 1.2979733179682875, 0.6699237306057882]",5,1.0,30.0,30.0,"[30, 30, 30, 30, 30]","[None, None, None, None, None]",{},"{'n': 5, 'mean': 17.777804, 'median': 18.360803, 'p95': 18.8419028, 'minimum': 16.38033, 'maximum': 18.935235}","['state_36_candidate_03_r0', 'state_36_candidate_03_r1', 'state_36_candidate_03_r2', 'state_36_candidate_03_r3', 'state_36_candidate_03_r4']"
state_36,ff3117ccc9acc826ca11b719e2a81e492274866c03b3dccc127f7f4e425e43ca,high_curvature,candidate_04,pose_matched,"[0.7251219656298247, 0.3951814650278997, -1.333844638354333, -1.0299119088525612, -1.3354938312789402, 1.3140067895283012, 0.6670829807046211]",5,1.0,30.0,30.0,"[30, 30, 30, 30, 30]","[None, None, None, None, None]",{},"{'n': 5, 'mean': 17.4954038, 'median': 17.357548, 'p95': 18.6172144, 'minimum': 16.742452, 'maximum': 18.891842}","['state_36_candidate_04_r0', 'state_36_candidate_04_r1', 'state_36_candidate_04_r2', 'state_36_candidate_04_r3', 'state_36_candidate_04_r4']"
state_36,ff3117ccc9acc826ca11b719e2a81e492274866c03b3dccc127f7f4e425e43ca,high_curvature,candidate_05,pose_matched,"[0.7169586210485723, 0.3837844150334368, -1.307684638354333, -1.0292210770994485, -1.354743697293829, 1.3042795544160006, 0.6688559075126019]",5,1.0,30.0,30.0,"[30, 30, 30, 30, 30]","[None, None, None, None, None]",{},"{'n': 5, 'mean': 16.59985, 'median': 16.833367, 'p95': 17.1250852, 'minimum': 15.966253, 'maximum': 17.197439}","['state_36_candidate_05_r0', 'state_36_candidate_05_r1', 'state_36_candidate_05_r2', 'state_36_candidate_05_r3', 'state_36_candidate_05_r4']"
state_37,d396f1baca7369aabdfa21065ede0b3f178264e9d7acb055f134259b9b2634cb,high_curvature,candidate_00,original_trac,"[-0.1754923298124017, 0.5572484060067455, -1.0951444489270692, -2.4084899599908716, 1.5741355397017829, 1.6218076269405657, 1.5595851283243976]",5,1.0,30.0,30.0,"[30, 30, 30, 30, 30]","[None, None, None, None, None]",{},"{'n': 5, 'mean': 16.4633312, 'median': 16.242969, 'p95': 17.195943, 'minimum': 16.154605, 'maximum': 17.423405}","['state_37_candidate_00_r0', 'state_37_candidate_00_r1', 'state_37_candidate_00_r2', 'state_37_candidate_00_r3', 'state_37_candidate_00_r4']"
state_37,d396f1baca7369aabdfa21065ede0b3f178264e9d7acb055f134259b9b2634cb,high_curvature,candidate_01,pose_matched,"[-0.18545382708039854, 0.5472379376219711, -1.0842444489270693, -2.408488956293886, 1.5683767926616814, 1.6318177704137085, 1.5595812898837464]",5,1.0,30.0,30.0,"[30, 30, 30, 30, 30]","[None, None, None, None, None]",{},"{'n': 5, 'mean': 17.2410212, 'median': 16.959055, 'p95': 18.427766000000002, 'minimum': 16.249079, 'maximum': 18.495815}","['state_37_candidate_01_r0', 'state_37_candidate_01_r1', 'state_37_candidate_01_r2', 'state_37_candidate_01_r3', 'state_37_candidate_01_r4']"
state_37,d396f1baca7369aabdfa21065ede0b3f178264e9d7acb055f134259b9b2634cb,high_curvature,candidate_02,pose_matched,"[-0.16556483261204802, 0.5676579218190233, -1.106044448927069, -2.4085042103883807, 1.5800888640081878, 1.6114555307797451, 1.5596396272984627]",5,1.0,30.0,30.0,"[30, 30, 30, 30, 30]","[None, None, None, None, None]",{},"{'n': 5, 'mean': 17.417541399999998, 'median': 17.343816, 'p95': 18.8283358, 'minimum': 16.067482, 'maximum': 19.018407}","['state_37_candidate_02_r0', 'state_37_candidate_02_r1', 'state_37_candidate_02_r2', 'state_37_candidate_02_r3', 'state_37_candidate_02_r4']"
state_37,d396f1baca7369aabdfa21065ede0b3f178264e9d7acb055f134259b9b2634cb,high_curvature,candidate_03,pose_matched,"[-0.1954476876225509, 0.5376068242380944, -1.0733444489270692, -2.4084999578726287, 1.562802010807841, 1.6415028273246974, 1.5596233638269277]",5,1.0,30.0,30.0,"[30, 30, 30, 30, 30]","[None, None, None, None, None]",{},"{'n': 5, 'mean': 18.0557552, 'median': 18.501959, 'p95': 18.790115, 'minimum': 16.604094, 'maximum': 18.805076}","['state_37_candidate_03_r0', 'state_37_candidate_03_r1', 'state_37_candidate_03_r2', 'state_37_candidate_03_r3', 'state_37_candidate_03_r4']"
state_37,d396f1baca7369aabdfa21065ede0b3f178264e9d7acb055f134259b9b2634cb,high_curvature,candidate_04,pose_matched,"[-0.15567306218279156, 0.5784874630268977, -1.1169444489270692, -2.4085330851202458, 1.5862482077418505, 1.6007435624098443, 1.5597500618866207]",5,1.0,30.0,30.0,"[30, 30, 30, 30, 30]","[None, None, None, None, None]",{},"{'n': 5, 'mean': 17.776499, 'median': 17.023785, 'p95': 20.0153042, 'minimum': 15.973906, 'maximum': 20.353343}","['state_37_candidate_04_r0', 'state_37_candidate_04_r1', 'state_37_candidate_04_r2', 'state_37_candidate_04_r3', 'state_37_candidate_04_r4']"
state_37,d396f1baca7369aabdfa21065ede0b3f178264e9d7acb055f134259b9b2634cb,high_curvature,candidate_05,pose_matched,"[-0.1794729423452376, 0.5531974635305728, -1.0907844489270693, -2.40848804131273, 1.5718093036219505, 1.6258517513157824, 1.5595777907283408]",5,1.0,30.0,30.0,"[30, 30, 30, 30, 30]","[None, None, None, None, None]",{},"{'n': 5, 'mean': 17.563696, 'median': 18.145232, 'p95': 18.5728908, 'minimum': 16.333137, 'maximum': 18.622634}","['state_37_candidate_05_r0', 'state_37_candidate_05_r1', 'state_37_candidate_05_r2', 'state_37_candidate_05_r3', 'state_37_candidate_05_r4']"
state_38,d1a048cbc8812f1712532adb1394ba5ae2e1b504ba5c4b694468fe4fa89d9fd5,high_curvature,candidate_00,original_trac,"[1.523277625535571, 0.6566877962483179, -0.2852412713639955, -1.1990545501043564, 1.4598131460513621, 2.65801826306713, -0.48784078577553003]",5,1.0,30.0,30.0,"[30, 30, 30, 30, 30]","[None, None, None, None, None]",{},"{'n': 5, 'mean': 16.5575416, 'median': 16.512647, 'p95': 17.2200874, 'minimum': 15.766492, 'maximum': 17.286582}","['state_38_candidate_00_r0', 'state_38_candidate_00_r1', 'state_38_candidate_00_r2', 'state_38_candidate_00_r3', 'state_38_candidate_00_r4']"
state_38,d1a048cbc8812f1712532adb1394ba5ae2e1b504ba5c4b694468fe4fa89d9fd5,high_curvature,candidate_01,pose_matched,"[1.5165340739805189, 0.6554564703477027, -0.2743412713639955, -1.1992540704632928, 1.453294966560027, 2.6616298779820755, -0.48727678981349976]",5,1.0,30.0,30.0,"[30, 30, 30, 30, 30]","[None, None, None, None, None]",{},"{'n': 5, 'mean': 17.3608502, 'median': 17.633331, 'p95': 18.103700200000002, 'minimum': 15.716418, 'maximum': 18.118604}","['state_38_candidate_01_r0', 'state_38_candidate_01_r1', 'state_38_candidate_01_r2', 'state_38_candidate_01_r3', 'state_38_candidate_01_r4']"
state_38,d1a048cbc8812f1712532adb1394ba5ae2e1b504ba5c4b694468fe4fa89d9fd5,high_curvature,candidate_02,pose_matched,"[1.5300062733811752, 0.6579643946376461, -0.29614127136399554, -1.1988665728744716, 1.4663181705033461, 2.654395367236786, -0.4883717089662611]",5,1.0,30.0,30.0,"[30, 30, 30, 30, 30]","[None, None, None, None, None]",{},"{'n': 5, 'mean': 17.5644596, 'median': 18.133898, 'p95': 18.8386776, 'minimum': 15.703893, 'maximum': 18.957534}","['state_38_candidate_02_r0', 'state_38_candidate_02_r1', 'state_38_candidate_02_r2', 'state_38_candidate_02_r3', 'state_38_candidate_02_r4']"
state_38,d1a048cbc8812f1712532adb1394ba5ae2e1b504ba5c4b694468fe4fa89d9fd5,high_curvature,candidate_03,pose_matched,"[1.5097759990232151, 0.6542701741927996, -0.26344127136399553, -1.1994651930070934, 1.4467627132971912, 2.6652305129918523, -0.4866794686736657]",5,1.0,30.0,30.0,"[30, 30, 30, 30, 30]","[None, None, None, None, None]",{},"{'n': 5, 'mean': 17.0952362, 'median': 16.848136, 'p95': 17.9821806, 'minimum': 16.380274, 'maximum': 18.052516}","['state_38_candidate_03_r0', 'state_38_candidate_03_r1', 'state_38_candidate_03_r2', 'state_38_candidate_03_r3', 'state_38_candidate_03_r4']"
state_38,d1a048cbc8812f1712532adb1394ba5ae2e1b504ba5c4b694468fe4fa89d9fd5,high_curvature,candidate_04,pose_matched,"[1.5367196317877094, 0.6592865177458631, -0.3070412713639955, -1.1986900838373897, 1.472810946632411, 2.6507608875192497, -0.48886979439123723]",5,1.0,30.0,30.0,"[30, 30, 30, 30, 30]","[None, None, None, None, None]",{},"{'n': 5, 'mean': 17.7305018, 'median': 16.617215, 'p95': 21.5203334, 'minimum': 16.281132, 'maximum': 22.737989}","['state_38_candidate_04_r0', 'state_38_candidate_04_r1', 'state_38_candidate_04_r2', 'state_38_candidate_04_r3', 'state_38_candidate_04_r4']"
state_38,d1a048cbc8812f1712532adb1394ba5ae2e1b504ba5c4b694468fe4fa89d9fd5,high_curvature,candidate_05,pose_matched,"[1.5205819719404599, 0.6561898469956431, -0.28088127136399554, -1.199132969858244, 1.4572075040334622, 2.6594642458422237, -0.48761916986441267]",5,1.0,30.0,30.0,"[30, 30, 30, 30, 30]","[None, None, None, None, None]",{},"{'n': 5, 'mean': 16.193906, 'median': 16.102394, 'p95': 16.652092, 'minimum': 15.793076, 'maximum': 16.714063}","['state_38_candidate_05_r0', 'state_38_candidate_05_r1', 'state_38_candidate_05_r2', 'state_38_candidate_05_r3', 'state_38_candidate_05_r4']"
state_39,268a7b0d901f4883fbe739655c73c30b3e0577301bdd1416eeea179c898f3ade,high_curvature,candidate_00,original_trac,"[-0.41551551495352934, 0.5423220983521444, -1.5228673189155812, -1.789697701542958, 0.8632366274644351, 1.0114520461042245, -0.7047838154355627]",5,1.0,30.0,30.0,"[30, 30, 30, 30, 30]","[None, None, None, None, None]",{},"{'n': 5, 'mean': 18.050273800000003, 'median': 16.913876, 'p95': 22.9678668, 'minimum': 15.689583, 'maximum': 24.469417}","['state_39_candidate_00_r0', 'state_39_candidate_00_r1', 'state_39_candidate_00_r2', 'state_39_candidate_00_r3', 'state_39_candidate_00_r4']"
state_39,268a7b0d901f4883fbe739655c73c30b3e0577301bdd1416eeea179c898f3ade,high_curvature,candidate_01,pose_matched,"[-0.4150756414717592, 0.5532220983521444, -1.5297403171792727, -1.7884291159900243, 0.8694001175979054, 1.0041646912348197, -0.7105367467489311]",5,1.0,30.0,30.0,"[30, 30, 30, 30, 30]","[None, None, None, None, None]",{},"{'n': 5, 'mean': 17.8362346, 'median': 18.281154, 'p95': 19.476654, 'minimum': 16.227962, 'maximum': 19.691524}","['state_39_candidate_01_r0', 'state_39_candidate_01_r1', 'state_39_candidate_01_r2', 'state_39_candidate_01_r3', 'state_39_candidate_01_r4']"
state_39,268a7b0d901f4883fbe739655c73c30b3e0577301bdd1416eeea179c898f3ade,high_curvature,candidate_02,pose_matched,"[-0.41611207441797804, 0.5314220983521444, -1.5158752101907418, -1.7909644682371826, 0.8570555370139499, 1.018704147132321, -0.6990070834144118]",5,1.0,30.0,30.0,"[30, 30, 30, 30, 30]","[None, None, None, None, None]",{},"{'n': 5, 'mean': 17.813833, 'median': 17.13257, 'p95': 19.98188, 'minimum': 16.746502, 'maximum': 20.503183}","['state_39_candidate_02_r0', 'state_39_candidate_02_r1', 'state_39_candidate_02_r2', 'state_39_candidate_02_r3', 'state_39_candidate_02_r4']"
state_39,268a7b0d901f4883fbe739655c73c30b3e0577301bdd1416eeea179c898f3ade,high_curvature,candidate_03,pose_matched,"[-0.4147844650853996, 0.5641220983521444, -1.5365030196678362, -1.7871587427428732, 0.8755465904158218, 0.9968421226874361, -0.716266277541442]",5,1.0,30.0,30.0,"[30, 30, 30, 30, 30]","[None, None, None, None, None]",{},"{'n': 5, 'mean': 17.097634799999998, 'median': 16.674364, 'p95': 18.7671938, 'minimum': 16.121006, 'maximum': 19.210076}","['state_39_candidate_03_r0', 'state_39_candidate_03_r1', 'state_39_candidate_03_r2', 'state_39_candidate_03_r3', 'state_39_candidate_03_r4']"
state_39,268a7b0d901f4883fbe739655c73c30b3e0577301bdd1416eeea179c898f3ade,high_curvature,candidate_04,pose_matched,"[-0.41687402813970426, 0.5205220983521444, -1.5087544524662209, -1.7922293864866803, 0.8508562461809824, 1.0259209637175561, -0.6932061295088159]",5,1.0,30.0,30.0,"[30, 30, 30, 30, 30]","[None, None, None, None, None]",{},"{'n': 5, 'mean': 16.9663488, 'median': 16.700767, 'p95': 17.962813399999998, 'minimum': 16.34043, 'maximum': 18.126907}","['state_39_candidate_04_r0', 'state_39_candidate_04_r1', 'state_39_candidate_04_r2', 'state_39_candidate_04_r3', 'state_39_candidate_04_r4']"
state_39,268a7b0d901f4883fbe739655c73c30b3e0577301bdd1416eeea179c898f3ade,high_curvature,candidate_05,pose_matched,"[-0.4153212259479781, 0.5466820983521444, -1.5256303024482656, -1.7891904838717891, 0.8657041025513453, 1.0085413325642614, -0.7070878211881342]",5,1.0,30.0,30.0,"[30, 30, 30, 30, 30]","[None, None, None, None, None]",{},"{'n': 5, 'mean': 18.623441200000002, 'median': 18.102005, 'p95': 22.026908, 'minimum': 15.491925, 'maximum': 22.483685}","['state_39_candidate_05_r0', 'state_39_candidate_05_r1', 'state_39_candidate_05_r2', 'state_39_candidate_05_r3', 'state_39_candidate_05_r4']"
