problem_id,robot,stratum,kappa,method,repeat,theta,dual_updates,box_qp_updates,primal_upper,dual_lower,gap,converged,task_feasible_early,deadline,status,objective,feasible_box_violation,normal_residual,box_minorant_lower,task_squared,total_ns,solve_ns,conversion_ns,actual_verifier_calls,updated,raw_gap
panda_trajectory_30_k0_f0,panda,regular_first_subproblems,0,scalar_early,3,0.5,1,1,,0.0007657532538979143,,False,True,False,task_feasible_early,0.0007658308607832969,0.0,3.178341852196019e-14,0.0007657532538979143,"[2.9029685543148046e-07,1.350830846664827e-07]",228997,181060,6170,1,True,
panda_trajectory_30_k0_f0,panda,regular_first_subproblems,0,scalar_early,1,0.5,1,1,,0.0007657532538979143,,False,True,False,task_feasible_early,0.0007658308607832969,0.0,3.178341852196019e-14,0.0007657532538979143,"[2.9029685543148046e-07,1.350830846664827e-07]",227717,186471,4019,1,True,
panda_trajectory_30_k0_f0,panda,regular_first_subproblems,0,scalar_early,0,0.5,1,1,,0.0007657532538979143,,False,True,False,task_feasible_early,0.0007658308607832969,0.0,3.178341852196019e-14,0.0007657532538979143,"[2.9029685543148046e-07,1.350830846664827e-07]",207979,169790,3707,1,True,
panda_trajectory_30_k0_f0,panda,regular_first_subproblems,0,scalar_early,2,0.5,1,1,,0.0007657532538979143,,False,True,False,task_feasible_early,0.0007658308607832969,0.0,3.178341852196019e-14,0.0007657532538979143,"[2.9029685543148046e-07,1.350830846664827e-07]",209594,170560,3992,1,True,
panda_trajectory_30_k0_f0,panda,regular_first_subproblems,0,scalar_early,4,0.5,1,1,,0.0007657532538979143,,False,True,False,task_feasible_early,0.0007658308607832969,0.0,3.178341852196019e-14,0.0007657532538979143,"[2.9029685543148046e-07,1.350830846664827e-07]",222387,182799,4131,1,True,
panda_trajectory_30_k0_f21,panda,regular_first_subproblems,0,scalar_early,2,0.5,1,1,,0.00014934846112803085,,False,True,False,task_feasible_early,0.000149349283767552,0.0,3.499017183300205e-14,0.00014934846112803085,"[8.727065190370829e-09,1.0372344232667065e-08]",219518,180392,3751,1,True,
panda_trajectory_30_k0_f21,panda,regular_first_subproblems,0,scalar_early,0,0.5,1,1,,0.00014934846112803085,,False,True,False,task_feasible_early,0.000149349283767552,0.0,3.499017183300205e-14,0.00014934846112803085,"[8.727065190370829e-09,1.0372344232667065e-08]",202822,165130,3802,1,True,
panda_trajectory_30_k0_f21,panda,regular_first_subproblems,0,scalar_early,3,0.5,1,1,,0.00014934846112803085,,False,True,False,task_feasible_early,0.000149349283767552,0.0,3.499017183300205e-14,0.00014934846112803085,"[8.727065190370829e-09,1.0372344232667065e-08]",218712,178810,3741,1,True,
panda_trajectory_30_k0_f21,panda,regular_first_subproblems,0,scalar_early,1,0.5,1,1,,0.00014934846112803085,,False,True,False,task_feasible_early,0.000149349283767552,0.0,3.499017183300205e-14,0.00014934846112803085,"[8.727065190370829e-09,1.0372344232667065e-08]",204110,165023,3773,1,True,
panda_trajectory_30_k0_f21,panda,regular_first_subproblems,0,scalar_early,4,0.5,1,1,,0.00014934846112803085,,False,True,False,task_feasible_early,0.000149349283767552,0.0,3.499017183300205e-14,0.00014934846112803085,"[8.727065190370829e-09,1.0372344232667065e-08]",205870,167364,3952,1,True,
panda_trajectory_30_k0_f42,panda,regular_first_subproblems,0,scalar_early,4,0.5,1,1,,0.0022415873641183966,,False,True,False,task_feasible_early,0.0022417034497370075,0.0,1.3492421246679666e-13,0.0022415873641183966,"[1.2067944867092966e-06,9.746232494873352e-07]",223007,183244,4731,1,True,
panda_trajectory_30_k0_f42,panda,regular_first_subproblems,0,scalar_early,3,0.5,1,1,,0.0022415873641183966,,False,True,False,task_feasible_early,0.0022417034497370075,0.0,1.3492421246679666e-13,0.0022415873641183966,"[1.2067944867092966e-06,9.746232494873352e-07]",212231,172878,4252,1,True,
panda_trajectory_30_k0_f42,panda,regular_first_subproblems,0,scalar_early,1,0.5,1,1,,0.0022415873641183966,,False,True,False,task_feasible_early,0.0022417034497370075,0.0,1.3492421246679666e-13,0.0022415873641183966,"[1.2067944867092966e-06,9.746232494873352e-07]",205160,166171,3841,1,True,
panda_trajectory_30_k0_f42,panda,regular_first_subproblems,0,scalar_early,0,0.5,1,1,,0.0022415873641183966,,False,True,False,task_feasible_early,0.0022417034497370075,0.0,1.3492421246679666e-13,0.0022415873641183966,"[1.2067944867092966e-06,9.746232494873352e-07]",211421,173090,3732,1,True,
panda_trajectory_30_k0_f42,panda,regular_first_subproblems,0,scalar_early,2,0.5,1,1,,0.0022415873641183966,,False,True,False,task_feasible_early,0.0022417034497370075,0.0,1.3492421246679666e-13,0.0022415873641183966,"[1.2067944867092966e-06,9.746232494873352e-07]",218661,176821,3929,1,True,
panda_trajectory_30_k0_f63,panda,regular_first_subproblems,0,scalar_early,0,0.5,1,1,,0.0006561976785654277,,False,True,False,task_feasible_early,0.0006562686112077735,0.0,3.896867001259406e-14,0.0006561976785654277,"[8.490581461022982e-08,2.267710993020464e-07]",219312,180218,3706,1,True,
panda_trajectory_30_k0_f63,panda,regular_first_subproblems,0,scalar_early,3,0.5,1,1,,0.0006561976785654277,,False,True,False,task_feasible_early,0.0006562686112077735,0.0,3.896867001259406e-14,0.0006561976785654277,"[8.490581461022982e-08,2.267710993020464e-07]",207826,169769,3920,1,True,
panda_trajectory_30_k0_f63,panda,regular_first_subproblems,0,scalar_early,4,0.5,1,1,,0.0006561976785654277,,False,True,False,task_feasible_early,0.0006562686112077735,0.0,3.896867001259406e-14,0.0006561976785654277,"[8.490581461022982e-08,2.267710993020464e-07]",210034,171862,3815,1,True,
panda_trajectory_30_k0_f63,panda,regular_first_subproblems,0,scalar_early,2,0.5,1,1,,0.0006561976785654277,,False,True,False,task_feasible_early,0.0006562686112077735,0.0,3.896867001259406e-14,0.0006561976785654277,"[8.490581461022982e-08,2.267710993020464e-07]",200743,161902,3639,1,True,
panda_trajectory_30_k0_f63,panda,regular_first_subproblems,0,scalar_early,1,0.5,1,1,,0.0006561976785654277,,False,True,False,task_feasible_early,0.0006562686112077735,0.0,3.896867001259406e-14,0.0006561976785654277,"[8.490581461022982e-08,2.267710993020464e-07]",209051,171695,3715,1,True,
panda_trajectory_30_k0_f85,panda,regular_first_subproblems,0,scalar_early,2,0.5,1,1,,0.002889546029985254,,False,True,False,task_feasible_early,0.002889839106084617,0.0,1.3518122232560534e-13,0.002889546029985254,"[9.140201060527186e-07,3.2786790732611437e-07]",218156,180169,3710,1,True,
panda_trajectory_30_k0_f85,panda,regular_first_subproblems,0,scalar_early,3,0.5,1,1,,0.002889546029985254,,False,True,False,task_feasible_early,0.002889839106084617,0.0,1.3518122232560534e-13,0.002889546029985254,"[9.140201060527186e-07,3.2786790732611437e-07]",202792,165556,3833,1,True,
panda_trajectory_30_k0_f85,panda,regular_first_subproblems,0,scalar_early,1,0.5,1,1,,0.002889546029985254,,False,True,False,task_feasible_early,0.002889839106084617,0.0,1.3518122232560534e-13,0.002889546029985254,"[9.140201060527186e-07,3.2786790732611437e-07]",217958,179290,3559,1,True,
panda_trajectory_30_k0_f85,panda,regular_first_subproblems,0,scalar_early,4,0.5,1,1,,0.002889546029985254,,False,True,False,task_feasible_early,0.002889839106084617,0.0,1.3518122232560534e-13,0.002889546029985254,"[9.140201060527186e-07,3.2786790732611437e-07]",199222,162534,3820,1,True,
panda_trajectory_30_k0_f85,panda,regular_first_subproblems,0,scalar_early,0,0.5,1,1,,0.002889546029985254,,False,True,False,task_feasible_early,0.002889839106084617,0.0,1.3518122232560534e-13,0.002889546029985254,"[9.140201060527186e-07,3.2786790732611437e-07]",210755,172493,3627,1,True,
panda_trajectory_30_k0_f106,panda,regular_first_subproblems,0,scalar_early,0,0.5,1,1,,0.004398349882047568,,False,True,False,task_feasible_early,0.0043985322716531446,0.0,9.894323541199144e-14,0.004398349882047568,"[1.0910954633583394e-06,7.263162522054698e-07]",233580,192115,4378,1,True,
panda_trajectory_30_k0_f106,panda,regular_first_subproblems,0,scalar_early,2,0.5,1,1,,0.004398349882047568,,False,True,False,task_feasible_early,0.0043985322716531446,0.0,9.894323541199144e-14,0.004398349882047568,"[1.0910954633583394e-06,7.263162522054698e-07]",216773,175944,3686,1,True,
panda_trajectory_30_k0_f106,panda,regular_first_subproblems,0,scalar_early,1,0.5,1,1,,0.004398349882047568,,False,True,False,task_feasible_early,0.0043985322716531446,0.0,9.894323541199144e-14,0.004398349882047568,"[1.0910954633583394e-06,7.263162522054698e-07]",209912,169058,4067,1,True,
panda_trajectory_30_k0_f106,panda,regular_first_subproblems,0,scalar_early,4,0.5,1,1,,0.004398349882047568,,False,True,False,task_feasible_early,0.0043985322716531446,0.0,9.894323541199144e-14,0.004398349882047568,"[1.0910954633583394e-06,7.263162522054698e-07]",208752,170262,4162,1,True,
panda_trajectory_30_k0_f106,panda,regular_first_subproblems,0,scalar_early,3,0.5,1,1,,0.004398349882047568,,False,True,False,task_feasible_early,0.0043985322716531446,0.0,9.894323541199144e-14,0.004398349882047568,"[1.0910954633583394e-06,7.263162522054698e-07]",200512,162713,4057,1,True,
panda_trajectory_30_k0_f127,panda,regular_first_subproblems,0,scalar_early,2,0.5,1,1,,0.0003885620917025488,,False,True,False,task_feasible_early,0.0003885891257486103,0.0,3.338376206784712e-14,0.0003885620917025488,"[1.3181750358605869e-08,6.724984248168334e-08]",208637,168329,3951,1,True,
panda_trajectory_30_k0_f127,panda,regular_first_subproblems,0,scalar_early,0,0.5,1,1,,0.0003885620917025488,,False,True,False,task_feasible_early,0.0003885891257486103,0.0,3.338376206784712e-14,0.0003885620917025488,"[1.3181750358605869e-08,6.724984248168334e-08]",205338,167596,3783,1,True,
panda_trajectory_30_k0_f127,panda,regular_first_subproblems,0,scalar_early,4,0.5,1,1,,0.0003885620917025488,,False,True,False,task_feasible_early,0.0003885891257486103,0.0,3.338376206784712e-14,0.0003885620917025488,"[1.3181750358605869e-08,6.724984248168334e-08]",221556,179966,3579,1,True,
panda_trajectory_30_k0_f127,panda,regular_first_subproblems,0,scalar_early,1,0.5,1,1,,0.0003885620917025488,,False,True,False,task_feasible_early,0.0003885891257486103,0.0,3.338376206784712e-14,0.0003885620917025488,"[1.3181750358605869e-08,6.724984248168334e-08]",198711,159930,3699,1,True,
panda_trajectory_30_k0_f127,panda,regular_first_subproblems,0,scalar_early,3,0.5,1,1,,0.0003885620917025488,,False,True,False,task_feasible_early,0.0003885891257486103,0.0,3.338376206784712e-14,0.0003885620917025488,"[1.3181750358605869e-08,6.724984248168334e-08]",220628,181802,3807,1,True,
panda_trajectory_30_k0_f149,panda,regular_first_subproblems,0,scalar_early,0,0.5,1,1,,0.0009192092065944223,,False,True,False,task_feasible_early,0.0009192236859118045,0.0,4.028258782699569e-14,0.0009192092065944223,"[1.3397400900511164e-07,1.0501537424057747e-07]",708145,651677,3660,1,True,
panda_trajectory_30_k0_f149,panda,regular_first_subproblems,0,scalar_early,3,0.5,1,1,,0.0009192092065944223,,False,True,False,task_feasible_early,0.0009192236859118045,0.0,4.028258782699569e-14,0.0009192092065944223,"[1.3397400900511164e-07,1.0501537424057747e-07]",194435,157369,3658,1,True,
panda_trajectory_30_k0_f149,panda,regular_first_subproblems,0,scalar_early,4,0.5,1,1,,0.0009192092065944223,,False,True,False,task_feasible_early,0.0009192236859118045,0.0,4.028258782699569e-14,0.0009192092065944223,"[1.3397400900511164e-07,1.0501537424057747e-07]",200429,162424,3992,1,True,
panda_trajectory_30_k0_f149,panda,regular_first_subproblems,0,scalar_early,1,0.5,1,1,,0.0009192092065944223,,False,True,False,task_feasible_early,0.0009192236859118045,0.0,4.028258782699569e-14,0.0009192092065944223,"[1.3397400900511164e-07,1.0501537424057747e-07]",214014,174346,3548,1,True,
panda_trajectory_30_k0_f149,panda,regular_first_subproblems,0,scalar_early,2,0.5,1,1,,0.0009192092065944223,,False,True,False,task_feasible_early,0.0009192236859118045,0.0,4.028258782699569e-14,0.0009192092065944223,"[1.3397400900511164e-07,1.0501537424057747e-07]",245662,203460,5204,1,True,
panda_trajectory_30_k1_f0,panda,regular_first_subproblems,1,scalar_early,4,0.5,1,1,,0.12990686669155205,,False,True,False,task_feasible_early,0.12990729480633456,0.0,3.202372833989377e-14,0.12990686669155205,"[1.1536020134641766e-08,8.677655851786816e-07]",208584,166911,4034,1,True,
panda_trajectory_30_k1_f0,panda,regular_first_subproblems,1,scalar_early,3,0.5,1,1,,0.12990686669155205,,False,True,False,task_feasible_early,0.12990729480633456,0.0,3.202372833989377e-14,0.12990686669155205,"[1.1536020134641766e-08,8.677655851786816e-07]",205849,167635,4044,1,True,
panda_trajectory_30_k1_f0,panda,regular_first_subproblems,1,scalar_early,0,0.5,1,1,,0.12990686669155205,,False,True,False,task_feasible_early,0.12990729480633456,0.0,3.202372833989377e-14,0.12990686669155205,"[1.1536020134641766e-08,8.677655851786816e-07]",218291,175853,3959,1,True,
panda_trajectory_30_k1_f0,panda,regular_first_subproblems,1,scalar_early,1,0.5,1,1,,0.12990686669155205,,False,True,False,task_feasible_early,0.12990729480633456,0.0,3.202372833989377e-14,0.12990686669155205,"[1.1536020134641766e-08,8.677655851786816e-07]",210843,172664,3777,1,True,
panda_trajectory_30_k1_f0,panda,regular_first_subproblems,1,scalar_early,2,0.5,1,1,,0.12990686669155205,,False,True,False,task_feasible_early,0.12990729480633456,0.0,3.202372833989377e-14,0.12990686669155205,"[1.1536020134641766e-08,8.677655851786816e-07]",220044,179928,4223,1,True,
panda_trajectory_30_k1_f21,panda,regular_first_subproblems,1,scalar_early,1,0.5,1,1,,0.11876091378739125,,False,True,False,task_feasible_early,0.11876114480544173,0.0,3.532673140922665e-14,0.11876091378739125,"[4.734875224969585e-08,5.093848531950476e-07]",211748,173642,3705,1,True,
panda_trajectory_30_k1_f21,panda,regular_first_subproblems,1,scalar_early,4,0.5,1,1,,0.11876091378739125,,False,True,False,task_feasible_early,0.11876114480544173,0.0,3.532673140922665e-14,0.11876091378739125,"[4.734875224969585e-08,5.093848531950476e-07]",220930,181434,3756,1,True,
panda_trajectory_30_k1_f21,panda,regular_first_subproblems,1,scalar_early,2,0.5,1,1,,0.11876091378739125,,False,True,False,task_feasible_early,0.11876114480544173,0.0,3.532673140922665e-14,0.11876091378739125,"[4.734875224969585e-08,5.093848531950476e-07]",221694,182233,3643,1,True,
panda_trajectory_30_k1_f21,panda,regular_first_subproblems,1,scalar_early,3,0.5,1,1,,0.11876091378739125,,False,True,False,task_feasible_early,0.11876114480544173,0.0,3.532673140922665e-14,0.11876091378739125,"[4.734875224969585e-08,5.093848531950476e-07]",205407,167408,3773,1,True,
panda_trajectory_30_k1_f21,panda,regular_first_subproblems,1,scalar_early,0,0.5,1,1,,0.11876091378739125,,False,True,False,task_feasible_early,0.11876114480544173,0.0,3.532673140922665e-14,0.11876091378739125,"[4.734875224969585e-08,5.093848531950476e-07]",207437,169337,3642,1,True,
panda_trajectory_30_k1_f42,panda,regular_first_subproblems,1,scalar_early,1,0.5,1,1,,0.11704743394267875,,False,True,False,task_feasible_early,0.11704885595657546,0.0,4.277126097228337e-14,0.11704743394267875,"[3.185322424818734e-06,3.412946313786135e-07]",215881,177149,3839,1,True,
panda_trajectory_30_k1_f42,panda,regular_first_subproblems,1,scalar_early,0,0.5,1,1,,0.11704743394267875,,False,True,False,task_feasible_early,0.11704885595657546,0.0,4.277126097228337e-14,0.11704743394267875,"[3.185322424818734e-06,3.412946313786135e-07]",207958,169623,3736,1,True,
panda_trajectory_30_k1_f42,panda,regular_first_subproblems,1,scalar_early,4,0.5,1,1,,0.11704743394267875,,False,True,False,task_feasible_early,0.11704885595657546,0.0,4.277126097228337e-14,0.11704743394267875,"[3.185322424818734e-06,3.412946313786135e-07]",213508,173821,3975,1,True,
panda_trajectory_30_k1_f42,panda,regular_first_subproblems,1,scalar_early,2,0.5,1,1,,0.11704743394267875,,False,True,False,task_feasible_early,0.11704885595657546,0.0,4.277126097228337e-14,0.11704743394267875,"[3.185322424818734e-06,3.412946313786135e-07]",223998,183796,4130,1,True,
panda_trajectory_30_k1_f42,panda,regular_first_subproblems,1,scalar_early,3,0.5,1,1,,0.11704743394267875,,False,True,False,task_feasible_early,0.11704885595657546,0.0,4.277126097228337e-14,0.11704743394267875,"[3.185322424818734e-06,3.412946313786135e-07]",207282,169615,3831,1,True,
panda_trajectory_30_k1_f63,panda,regular_first_subproblems,1,scalar_early,4,0.5,1,1,,0.11982085089139734,,False,True,False,task_feasible_early,0.1198212608051288,0.0,6.498334267932263e-14,0.11982085089139734,"[2.3025200681803905e-08,8.428526636128946e-07]",227005,186880,4242,1,True,
panda_trajectory_30_k1_f63,panda,regular_first_subproblems,1,scalar_early,3,0.5,1,1,,0.11982085089139734,,False,True,False,task_feasible_early,0.1198212608051288,0.0,6.498334267932263e-14,0.11982085089139734,"[2.3025200681803905e-08,8.428526636128946e-07]",205619,167559,4045,1,True,
panda_trajectory_30_k1_f63,panda,regular_first_subproblems,1,scalar_early,0,0.5,1,1,,0.11982085089139734,,False,True,False,task_feasible_early,0.1198212608051288,0.0,6.498334267932263e-14,0.11982085089139734,"[2.3025200681803905e-08,8.428526636128946e-07]",217320,179052,3714,1,True,
panda_trajectory_30_k1_f63,panda,regular_first_subproblems,1,scalar_early,2,0.5,1,1,,0.11982085089139734,,False,True,False,task_feasible_early,0.1198212608051288,0.0,6.498334267932263e-14,0.11982085089139734,"[2.3025200681803905e-08,8.428526636128946e-07]",209483,171354,3804,1,True,
panda_trajectory_30_k1_f63,panda,regular_first_subproblems,1,scalar_early,1,0.5,1,1,,0.11982085089139734,,False,True,False,task_feasible_early,0.1198212608051288,0.0,6.498334267932263e-14,0.11982085089139734,"[2.3025200681803905e-08,8.428526636128946e-07]",205330,168027,3602,1,True,
panda_trajectory_30_k1_f85,panda,regular_first_subproblems,1,scalar_early,3,0.5,1,1,,0.11456754644708152,,False,True,False,task_feasible_early,0.11456780396566209,0.0,6.969229938411969e-14,0.11456754644708152,"[5.778613379855215e-07,1.092898499125852e-06]",201415,164243,3759,1,True,
panda_trajectory_30_k1_f85,panda,regular_first_subproblems,1,scalar_early,2,0.5,1,1,,0.11456754644708152,,False,True,False,task_feasible_early,0.11456780396566209,0.0,6.969229938411969e-14,0.11456754644708152,"[5.778613379855215e-07,1.092898499125852e-06]",218008,178088,4068,1,True,
panda_trajectory_30_k1_f85,panda,regular_first_subproblems,1,scalar_early,1,0.5,1,1,,0.11456754644708152,,False,True,False,task_feasible_early,0.11456780396566209,0.0,6.969229938411969e-14,0.11456754644708152,"[5.778613379855215e-07,1.092898499125852e-06]",212187,173608,4043,1,True,
panda_trajectory_30_k1_f85,panda,regular_first_subproblems,1,scalar_early,0,0.5,1,1,,0.11456754644708152,,False,True,False,task_feasible_early,0.11456780396566209,0.0,6.969229938411969e-14,0.11456754644708152,"[5.778613379855215e-07,1.092898499125852e-06]",217804,178259,3651,1,True,
panda_trajectory_30_k1_f85,panda,regular_first_subproblems,1,scalar_early,4,0.5,1,1,,0.11456754644708152,,False,True,False,task_feasible_early,0.11456780396566209,0.0,6.969229938411969e-14,0.11456754644708152,"[5.778613379855215e-07,1.092898499125852e-06]",203455,164203,5436,1,True,
panda_trajectory_30_k1_f106,panda,regular_first_subproblems,1,scalar_early,1,0.5,1,1,,0.1167406462422748,,False,True,False,task_feasible_early,0.11674066892227362,0.0,5.1544966085781526e-14,0.1167406462422748,"[1.421128449577848e-06,1.3757684519074245e-06]",223149,183496,4194,1,True,
panda_trajectory_30_k1_f106,panda,regular_first_subproblems,1,scalar_early,3,0.5,1,1,,0.1167406462422748,,False,True,False,task_feasible_early,0.11674066892227362,0.0,5.1544966085781526e-14,0.1167406462422748,"[1.421128449577848e-06,1.3757684519074245e-06]",206209,168745,3805,1,True,
panda_trajectory_30_k1_f106,panda,regular_first_subproblems,1,scalar_early,4,0.5,1,1,,0.1167406462422748,,False,True,False,task_feasible_early,0.11674066892227362,0.0,5.1544966085781526e-14,0.1167406462422748,"[1.421128449577848e-06,1.3757684519074245e-06]",217130,177871,3975,1,True,
panda_trajectory_30_k1_f106,panda,regular_first_subproblems,1,scalar_early,0,0.5,1,1,,0.1167406462422748,,False,True,False,task_feasible_early,0.11674066892227362,0.0,5.1544966085781526e-14,0.1167406462422748,"[1.421128449577848e-06,1.3757684519074245e-06]",210149,169918,3672,1,True,
panda_trajectory_30_k1_f106,panda,regular_first_subproblems,1,scalar_early,2,0.5,1,1,,0.1167406462422748,,False,True,False,task_feasible_early,0.11674066892227362,0.0,5.1544966085781526e-14,0.1167406462422748,"[1.421128449577848e-06,1.3757684519074245e-06]",200808,163022,3985,1,True,
panda_trajectory_30_k1_f127,panda,regular_first_subproblems,1,scalar_early,1,0.5,1,1,,0.11086123122907397,,False,True,False,task_feasible_early,0.11086142306424641,0.0,4.342221202383654e-14,0.11086123122907397,"[6.225136983943138e-07,2.388433535115013e-07]",204413,164677,3861,1,True,
panda_trajectory_30_k1_f127,panda,regular_first_subproblems,1,scalar_early,2,0.5,1,1,,0.11086123122907397,,False,True,False,task_feasible_early,0.11086142306424641,0.0,4.342221202383654e-14,0.11086123122907397,"[6.225136983943138e-07,2.388433535115013e-07]",209976,172136,3793,1,True,
panda_trajectory_30_k1_f127,panda,regular_first_subproblems,1,scalar_early,0,0.5,1,1,,0.11086123122907397,,False,True,False,task_feasible_early,0.11086142306424641,0.0,4.342221202383654e-14,0.11086123122907397,"[6.225136983943138e-07,2.388433535115013e-07]",199829,162652,3791,1,True,
panda_trajectory_30_k1_f127,panda,regular_first_subproblems,1,scalar_early,3,0.5,1,1,,0.11086123122907397,,False,True,False,task_feasible_early,0.11086142306424641,0.0,4.342221202383654e-14,0.11086123122907397,"[6.225136983943138e-07,2.388433535115013e-07]",216900,177813,4086,1,True,
panda_trajectory_30_k1_f127,panda,regular_first_subproblems,1,scalar_early,4,0.5,1,1,,0.11086123122907397,,False,True,False,task_feasible_early,0.11086142306424641,0.0,4.342221202383654e-14,0.11086123122907397,"[6.225136983943138e-07,2.388433535115013e-07]",222139,183541,3666,1,True,
panda_trajectory_30_k1_f149,panda,regular_first_subproblems,1,scalar_early,0,0.5,1,1,,0.11762064873235276,,False,True,False,task_feasible_early,0.1176207130648722,0.0,4.4938668397781776e-14,0.11762064873235276,"[8.610864870094392e-07,7.324214480888747e-07]",197014,159995,3762,1,True,
panda_trajectory_30_k1_f149,panda,regular_first_subproblems,1,scalar_early,2,0.5,1,1,,0.11762064873235276,,False,True,False,task_feasible_early,0.1176207130648722,0.0,4.4938668397781776e-14,0.11762064873235276,"[8.610864870094392e-07,7.324214480888747e-07]",223984,184476,3785,1,True,
panda_trajectory_30_k1_f149,panda,regular_first_subproblems,1,scalar_early,3,0.5,1,1,,0.11762064873235276,,False,True,False,task_feasible_early,0.1176207130648722,0.0,4.4938668397781776e-14,0.11762064873235276,"[8.610864870094392e-07,7.324214480888747e-07]",219387,181007,3635,1,True,
panda_trajectory_30_k1_f149,panda,regular_first_subproblems,1,scalar_early,4,0.5,1,1,,0.11762064873235276,,False,True,False,task_feasible_early,0.1176207130648722,0.0,4.4938668397781776e-14,0.11762064873235276,"[8.610864870094392e-07,7.324214480888747e-07]",197836,160841,3695,1,True,
panda_trajectory_30_k1_f149,panda,regular_first_subproblems,1,scalar_early,1,0.5,1,1,,0.11762064873235276,,False,True,False,task_feasible_early,0.1176207130648722,0.0,4.4938668397781776e-14,0.11762064873235276,"[8.610864870094392e-07,7.324214480888747e-07]",210554,169389,3756,1,True,
panda_trajectory_31_k0_f0,panda,regular_first_subproblems,0,scalar_early,0,0.5,1,1,,0.0022234816005962366,,False,True,False,task_feasible_early,0.0022238679615725686,0.0,3.256115871121665e-14,0.0022234816005962366,"[1.1333534884882541e-08,7.840554875492761e-07]",227972,187698,4314,1,True,
panda_trajectory_31_k0_f0,panda,regular_first_subproblems,0,scalar_early,3,0.5,1,1,,0.0022234816005962366,,False,True,False,task_feasible_early,0.0022238679615725686,0.0,3.256115871121665e-14,0.0022234816005962366,"[1.1333534884882541e-08,7.840554875492761e-07]",206398,167099,3984,1,True,
panda_trajectory_31_k0_f0,panda,regular_first_subproblems,0,scalar_early,4,0.5,1,1,,0.0022234816005962366,,False,True,False,task_feasible_early,0.0022238679615725686,0.0,3.256115871121665e-14,0.0022234816005962366,"[1.1333534884882541e-08,7.840554875492761e-07]",203508,165839,3927,1,True,
panda_trajectory_31_k0_f0,panda,regular_first_subproblems,0,scalar_early,2,0.5,1,1,,0.0022234816005962366,,False,True,False,task_feasible_early,0.0022238679615725686,0.0,3.256115871121665e-14,0.0022234816005962366,"[1.1333534884882541e-08,7.840554875492761e-07]",218078,178128,3783,1,True,
panda_trajectory_31_k0_f0,panda,regular_first_subproblems,0,scalar_early,1,0.5,1,1,,0.0022234816005962366,,False,True,False,task_feasible_early,0.0022238679615725686,0.0,3.256115871121665e-14,0.0022234816005962366,"[1.1333534884882541e-08,7.840554875492761e-07]",215402,174471,3693,1,True,
panda_trajectory_31_k0_f21,panda,regular_first_subproblems,0,scalar_early,3,0.5,1,1,,0.0004423583283683025,,False,True,False,task_feasible_early,0.0004424468572723977,0.0,1.5280799322856756e-14,0.0004423583283683025,"[1.539748282474845e-08,1.9245529101516214e-07]",203520,165746,3723,1,True,
panda_trajectory_31_k0_f21,panda,regular_first_subproblems,0,scalar_early,1,0.5,1,1,,0.0004423583283683025,,False,True,False,task_feasible_early,0.0004424468572723977,0.0,1.5280799322856756e-14,0.0004423583283683025,"[1.539748282474845e-08,1.9245529101516214e-07]",234997,193774,3797,1,True,
panda_trajectory_31_k0_f21,panda,regular_first_subproblems,0,scalar_early,0,0.5,1,1,,0.0004423583283683025,,False,True,False,task_feasible_early,0.0004424468572723977,0.0,1.5280799322856756e-14,0.0004423583283683025,"[1.539748282474845e-08,1.9245529101516214e-07]",210323,171302,4143,1,True,
panda_trajectory_31_k0_f21,panda,regular_first_subproblems,0,scalar_early,4,0.5,1,1,,0.0004423583283683025,,False,True,False,task_feasible_early,0.0004424468572723977,0.0,1.5280799322856756e-14,0.0004423583283683025,"[1.539748282474845e-08,1.9245529101516214e-07]",205864,168327,3656,1,True,
panda_trajectory_31_k0_f21,panda,regular_first_subproblems,0,scalar_early,2,0.5,1,1,,0.0004423583283683025,,False,True,False,task_feasible_early,0.0004424468572723977,0.0,1.5280799322856756e-14,0.0004423583283683025,"[1.539748282474845e-08,1.9245529101516214e-07]",200963,162113,3745,1,True,
panda_trajectory_31_k0_f42,panda,regular_first_subproblems,0,scalar_early,2,0.44494883459916634,2,2,0.007658281710538513,0.007658280232777496,1.4777610168534294e-09,True,False,False,gap_converged,0.007658281710538513,0.0,3.0613308282699766e-13,0.007658280232777496,"[6.012172010614771e-07,6.045383942000571e-07]",405383,368346,4035,2,True,1.4777610168534294e-09
panda_trajectory_31_k0_f42,panda,regular_first_subproblems,0,scalar_early,4,0.44494883459916634,2,2,0.007658281710538513,0.007658280232777496,1.4777610168534294e-09,True,False,False,gap_converged,0.007658281710538513,0.0,3.0613308282699766e-13,0.007658280232777496,"[6.012172010614771e-07,6.045383942000571e-07]",401780,364644,3869,2,True,1.4777610168534294e-09
panda_trajectory_31_k0_f42,panda,regular_first_subproblems,0,scalar_early,3,0.44494883459916634,2,2,0.007658281710538513,0.007658280232777496,1.4777610168534294e-09,True,False,False,gap_converged,0.007658281710538513,0.0,3.0613308282699766e-13,0.007658280232777496,"[6.012172010614771e-07,6.045383942000571e-07]",392411,354130,3846,2,True,1.4777610168534294e-09
panda_trajectory_31_k0_f42,panda,regular_first_subproblems,0,scalar_early,0,0.44494883459916634,2,2,0.007658281710538513,0.007658280232777496,1.4777610168534294e-09,True,False,False,gap_converged,0.007658281710538513,0.0,3.0613308282699766e-13,0.007658280232777496,"[6.012172010614771e-07,6.045383942000571e-07]",379304,342779,4063,2,True,1.4777610168534294e-09
panda_trajectory_31_k0_f42,panda,regular_first_subproblems,0,scalar_early,1,0.44494883459916634,2,2,0.007658281710538513,0.007658280232777496,1.4777610168534294e-09,True,False,False,gap_converged,0.007658281710538513,0.0,3.0613308282699766e-13,0.007658280232777496,"[6.012172010614771e-07,6.045383942000571e-07]",390793,353725,4147,2,True,1.4777610168534294e-09
panda_trajectory_31_k0_f63,panda,regular_first_subproblems,0,scalar_early,3,0.5,1,1,,0.004010914061911995,,False,True,False,task_feasible_early,0.004011036530701702,0.0,1.7289163490647712e-13,0.004010914061911995,"[5.78220769747039e-07,8.231583491614802e-07]",225033,183484,4186,1,True,
panda_trajectory_31_k0_f63,panda,regular_first_subproblems,0,scalar_early,4,0.5,1,1,,0.004010914061911995,,False,True,False,task_feasible_early,0.004011036530701702,0.0,1.7289163490647712e-13,0.004010914061911995,"[5.78220769747039e-07,8.231583491614802e-07]",220723,180689,3620,1,True,
panda_trajectory_31_k0_f63,panda,regular_first_subproblems,0,scalar_early,0,0.5,1,1,,0.004010914061911995,,False,True,False,task_feasible_early,0.004011036530701702,0.0,1.7289163490647712e-13,0.004010914061911995,"[5.78220769747039e-07,8.231583491614802e-07]",213256,174628,4188,1,True,
panda_trajectory_31_k0_f63,panda,regular_first_subproblems,0,scalar_early,1,0.5,1,1,,0.004010914061911995,,False,True,False,task_feasible_early,0.004011036530701702,0.0,1.7289163490647712e-13,0.004010914061911995,"[5.78220769747039e-07,8.231583491614802e-07]",200294,162541,3941,1,True,
panda_trajectory_31_k0_f63,panda,regular_first_subproblems,0,scalar_early,2,0.5,1,1,,0.004010914061911995,,False,True,False,task_feasible_early,0.004011036530701702,0.0,1.7289163490647712e-13,0.004010914061911995,"[5.78220769747039e-07,8.231583491614802e-07]",196181,159689,3845,1,True,
panda_trajectory_31_k0_f85,panda,regular_first_subproblems,0,scalar_early,1,0.5,1,1,,0.002499095226808051,,False,True,False,task_feasible_early,0.002499342459299828,0.0,1.2746520781739603e-13,0.002499095226808051,"[2.0259730436606185e-07,6.970622879200192e-07]",215772,176309,4139,1,True,
panda_trajectory_31_k0_f85,panda,regular_first_subproblems,0,scalar_early,3,0.5,1,1,,0.002499095226808051,,False,True,False,task_feasible_early,0.002499342459299828,0.0,1.2746520781739603e-13,0.002499095226808051,"[2.0259730436606185e-07,6.970622879200192e-07]",202635,162840,5267,1,True,
panda_trajectory_31_k0_f85,panda,regular_first_subproblems,0,scalar_early,4,0.5,1,1,,0.002499095226808051,,False,True,False,task_feasible_early,0.002499342459299828,0.0,1.2746520781739603e-13,0.002499095226808051,"[2.0259730436606185e-07,6.970622879200192e-07]",210721,171830,3869,1,True,
panda_trajectory_31_k0_f85,panda,regular_first_subproblems,0,scalar_early,0,0.5,1,1,,0.002499095226808051,,False,True,False,task_feasible_early,0.002499342459299828,0.0,1.2746520781739603e-13,0.002499095226808051,"[2.0259730436606185e-07,6.970622879200192e-07]",222922,181464,4505,1,True,
panda_trajectory_31_k0_f85,panda,regular_first_subproblems,0,scalar_early,2,0.5,1,1,,0.002499095226808051,,False,True,False,task_feasible_early,0.002499342459299828,0.0,1.2746520781739603e-13,0.002499095226808051,"[2.0259730436606185e-07,6.970622879200192e-07]",214408,175770,4022,1,True,
panda_trajectory_31_k0_f106,panda,regular_first_subproblems,0,scalar_early,1,0.5,1,1,,0.005286243998826873,,False,True,False,task_feasible_early,0.005286732051057951,0.0,1.1761575079025625e-13,0.005286243998826873,"[3.9175248703334363e-07,1.3678569491891332e-06]",207184,168830,3841,1,True,
panda_trajectory_31_k0_f106,panda,regular_first_subproblems,0,scalar_early,2,0.5,1,1,,0.005286243998826873,,False,True,False,task_feasible_early,0.005286732051057951,0.0,1.1761575079025625e-13,0.005286243998826873,"[3.9175248703334363e-07,1.3678569491891332e-06]",218183,178568,4118,1,True,
panda_trajectory_31_k0_f106,panda,regular_first_subproblems,0,scalar_early,4,0.5,1,1,,0.005286243998826873,,False,True,False,task_feasible_early,0.005286732051057951,0.0,1.1761575079025625e-13,0.005286243998826873,"[3.9175248703334363e-07,1.3678569491891332e-06]",208286,167401,3808,1,True,
panda_trajectory_31_k0_f106,panda,regular_first_subproblems,0,scalar_early,0,0.5,1,1,,0.005286243998826873,,False,True,False,task_feasible_early,0.005286732051057951,0.0,1.1761575079025625e-13,0.005286243998826873,"[3.9175248703334363e-07,1.3678569491891332e-06]",213333,172785,3638,1,True,
panda_trajectory_31_k0_f106,panda,regular_first_subproblems,0,scalar_early,3,0.5,1,1,,0.005286243998826873,,False,True,False,task_feasible_early,0.005286732051057951,0.0,1.1761575079025625e-13,0.005286243998826873,"[3.9175248703334363e-07,1.3678569491891332e-06]",210828,172056,4271,1,True,
panda_trajectory_31_k0_f127,panda,regular_first_subproblems,0,scalar_early,4,0.5,1,1,,0.0007168716489844305,,False,True,False,task_feasible_early,0.0007168854468600032,0.0,8.651423159652382e-14,0.0007168716489844305,"[4.3264488777452876e-08,7.086023992280177e-08]",213434,173756,5349,1,True,
panda_trajectory_31_k0_f127,panda,regular_first_subproblems,0,scalar_early,2,0.5,1,1,,0.0007168716489844305,,False,True,False,task_feasible_early,0.0007168854468600032,0.0,8.651423159652382e-14,0.0007168716489844305,"[4.3264488777452876e-08,7.086023992280177e-08]",221215,180965,4050,1,True,
panda_trajectory_31_k0_f127,panda,regular_first_subproblems,0,scalar_early,3,0.5,1,1,,0.0007168716489844305,,False,True,False,task_feasible_early,0.0007168854468600032,0.0,8.651423159652382e-14,0.0007168716489844305,"[4.3264488777452876e-08,7.086023992280177e-08]",215362,176155,3894,1,True,
panda_trajectory_31_k0_f127,panda,regular_first_subproblems,0,scalar_early,0,0.5,1,1,,0.0007168716489844305,,False,True,False,task_feasible_early,0.0007168854468600032,0.0,8.651423159652382e-14,0.0007168716489844305,"[4.3264488777452876e-08,7.086023992280177e-08]",201266,163604,3814,1,True,
panda_trajectory_31_k0_f127,panda,regular_first_subproblems,0,scalar_early,1,0.5,1,1,,0.0007168716489844305,,False,True,False,task_feasible_early,0.0007168854468600032,0.0,8.651423159652382e-14,0.0007168716489844305,"[4.3264488777452876e-08,7.086023992280177e-08]",196691,159964,3610,1,True,
panda_trajectory_31_k0_f149,panda,regular_first_subproblems,0,scalar_early,3,0.5,1,1,,0.0018652706660937102,,False,True,False,task_feasible_early,0.0018655529253902375,0.0,1.0048591735576161e-14,0.0018652706660937102,"[4.2938021448988955e-09,5.688123951994826e-07]",207244,167502,4534,1,True,
panda_trajectory_31_k0_f149,panda,regular_first_subproblems,0,scalar_early,1,0.5,1,1,,0.0018652706660937102,,False,True,False,task_feasible_early,0.0018655529253902375,0.0,1.0048591735576161e-14,0.0018652706660937102,"[4.2938021448988955e-09,5.688123951994826e-07]",217237,176966,3744,1,True,
panda_trajectory_31_k0_f149,panda,regular_first_subproblems,0,scalar_early,0,0.5,1,1,,0.0018652706660937102,,False,True,False,task_feasible_early,0.0018655529253902375,0.0,1.0048591735576161e-14,0.0018652706660937102,"[4.2938021448988955e-09,5.688123951994826e-07]",214057,176194,3643,1,True,
panda_trajectory_31_k0_f149,panda,regular_first_subproblems,0,scalar_early,2,0.5,1,1,,0.0018652706660937102,,False,True,False,task_feasible_early,0.0018655529253902375,0.0,1.0048591735576161e-14,0.0018652706660937102,"[4.2938021448988955e-09,5.688123951994826e-07]",203912,166110,3932,1,True,
panda_trajectory_31_k0_f149,panda,regular_first_subproblems,0,scalar_early,4,0.5,1,1,,0.0018652706660937102,,False,True,False,task_feasible_early,0.0018655529253902375,0.0,1.0048591735576161e-14,0.0018652706660937102,"[4.2938021448988955e-09,5.688123951994826e-07]",210276,170464,3647,1,True,
panda_trajectory_31_k1_f0,panda,regular_first_subproblems,1,scalar_early,2,0.5,1,1,,0.09551488834204089,,False,True,False,task_feasible_early,0.09551616698965419,0.0,2.842170943040401e-14,0.09551488834204089,"[1.7627567724673813e-07,2.7335709038380705e-06]",209243,170995,3702,1,True,
panda_trajectory_31_k1_f0,panda,regular_first_subproblems,1,scalar_early,3,0.5,1,1,,0.09551488834204089,,False,True,False,task_feasible_early,0.09551616698965419,0.0,2.842170943040401e-14,0.09551488834204089,"[1.7627567724673813e-07,2.7335709038380705e-06]",215409,176069,4033,1,True,
panda_trajectory_31_k1_f0,panda,regular_first_subproblems,1,scalar_early,4,0.5,1,1,,0.09551488834204089,,False,True,False,task_feasible_early,0.09551616698965419,0.0,2.842170943040401e-14,0.09551488834204089,"[1.7627567724673813e-07,2.7335709038380705e-06]",203987,164582,4134,1,True,
panda_trajectory_31_k1_f0,panda,regular_first_subproblems,1,scalar_early,0,0.5,1,1,,0.09551488834204089,,False,True,False,task_feasible_early,0.09551616698965419,0.0,2.842170943040401e-14,0.09551488834204089,"[1.7627567724673813e-07,2.7335709038380705e-06]",248645,208320,3804,1,True,
panda_trajectory_31_k1_f0,panda,regular_first_subproblems,1,scalar_early,1,0.5,1,1,,0.09551488834204089,,False,True,False,task_feasible_early,0.09551616698965419,0.0,2.842170943040401e-14,0.09551488834204089,"[1.7627567724673813e-07,2.7335709038380705e-06]",203617,165693,3963,1,True,
panda_trajectory_31_k1_f21,panda,regular_first_subproblems,1,scalar_early,4,0.5,1,1,,0.09340388975048122,,False,True,False,task_feasible_early,0.0934052919107438,0.0,1.7495085916501026e-14,0.09340388975048122,"[2.5441419177761936e-07,3.058734716930881e-06]",202907,164028,3915,1,True,
panda_trajectory_31_k1_f21,panda,regular_first_subproblems,1,scalar_early,3,0.5,1,1,,0.09340388975048122,,False,True,False,task_feasible_early,0.0934052919107438,0.0,1.7495085916501026e-14,0.09340388975048122,"[2.5441419177761936e-07,3.058734716930881e-06]",215361,174775,4234,1,True,
panda_trajectory_31_k1_f21,panda,regular_first_subproblems,1,scalar_early,1,0.5,1,1,,0.09340388975048122,,False,True,False,task_feasible_early,0.0934052919107438,0.0,1.7495085916501026e-14,0.09340388975048122,"[2.5441419177761936e-07,3.058734716930881e-06]",206620,167792,4422,1,True,
panda_trajectory_31_k1_f21,panda,regular_first_subproblems,1,scalar_early,2,0.5,1,1,,0.09340388975048122,,False,True,False,task_feasible_early,0.0934052919107438,0.0,1.7495085916501026e-14,0.09340388975048122,"[2.5441419177761936e-07,3.058734716930881e-06]",209598,170753,4454,1,True,
panda_trajectory_31_k1_f21,panda,regular_first_subproblems,1,scalar_early,0,0.5,1,1,,0.09340388975048122,,False,True,False,task_feasible_early,0.0934052919107438,0.0,1.7495085916501026e-14,0.09340388975048122,"[2.5441419177761936e-07,3.058734716930881e-06]",225511,184029,4444,1,True,
panda_trajectory_31_k1_f42,panda,regular_first_subproblems,1,scalar_early,4,0.22305805620081715,4,4,0.10198915354006637,0.10198913751307595,1.602699041536315e-08,True,False,False,gap_converged,0.10198915354006637,0.0,1.9076616911720934e-13,0.10198913751307595,"[2.0033496409445743e-06,1.98272134233694e-06]",730284,691140,4121,4,True,1.602699041536315e-08
panda_trajectory_31_k1_f42,panda,regular_first_subproblems,1,scalar_early,0,0.22305805620081715,4,4,0.10198915354006637,0.10198913751307595,1.602699041536315e-08,True,False,False,gap_converged,0.10198915354006637,0.0,1.9076616911720934e-13,0.10198913751307595,"[2.0033496409445743e-06,1.98272134233694e-06]",728534,687019,4065,4,True,1.602699041536315e-08
panda_trajectory_31_k1_f42,panda,regular_first_subproblems,1,scalar_early,2,0.22305805620081715,4,4,0.10198915354006637,0.10198913751307595,1.602699041536315e-08,True,False,False,gap_converged,0.10198915354006637,0.0,1.9076616911720934e-13,0.10198913751307595,"[2.0033496409445743e-06,1.98272134233694e-06]",715098,676558,4146,4,True,1.602699041536315e-08
panda_trajectory_31_k1_f42,panda,regular_first_subproblems,1,scalar_early,3,0.22305805620081715,4,4,0.10198915354006637,0.10198913751307595,1.602699041536315e-08,True,False,False,gap_converged,0.10198915354006637,0.0,1.9076616911720934e-13,0.10198913751307595,"[2.0033496409445743e-06,1.98272134233694e-06]",726687,684459,4006,4,True,1.602699041536315e-08
panda_trajectory_31_k1_f42,panda,regular_first_subproblems,1,scalar_early,1,0.22305805620081715,4,4,0.10198915354006637,0.10198913751307595,1.602699041536315e-08,True,False,False,gap_converged,0.10198915354006637,0.0,1.9076616911720934e-13,0.10198913751307595,"[2.0033496409445743e-06,1.98272134233694e-06]",753584,713367,3780,4,True,1.602699041536315e-08
panda_trajectory_31_k1_f63,panda,regular_first_subproblems,1,scalar_early,4,0.5,1,1,,0.10548154180569054,,False,True,False,task_feasible_early,0.10548261726360088,0.0,1.1720001406541965e-13,0.10548154180569054,"[1.1316092046908022e-06,3.2825250253827127e-06]",232380,190321,4720,1,True,
panda_trajectory_31_k1_f63,panda,regular_first_subproblems,1,scalar_early,3,0.5,1,1,,0.10548154180569054,,False,True,False,task_feasible_early,0.10548261726360088,0.0,1.1720001406541965e-13,0.10548154180569054,"[1.1316092046908022e-06,3.2825250253827127e-06]",207016,168263,4076,1,True,
panda_trajectory_31_k1_f63,panda,regular_first_subproblems,1,scalar_early,1,0.5,1,1,,0.10548154180569054,,False,True,False,task_feasible_early,0.10548261726360088,0.0,1.1720001406541965e-13,0.10548154180569054,"[1.1316092046908022e-06,3.2825250253827127e-06]",207724,169890,3740,1,True,
panda_trajectory_31_k1_f63,panda,regular_first_subproblems,1,scalar_early,2,0.5,1,1,,0.10548154180569054,,False,True,False,task_feasible_early,0.10548261726360088,0.0,1.1720001406541965e-13,0.10548154180569054,"[1.1316092046908022e-06,3.2825250253827127e-06]",210454,171444,3787,1,True,
panda_trajectory_31_k1_f63,panda,regular_first_subproblems,1,scalar_early,0,0.5,1,1,,0.10548154180569054,,False,True,False,task_feasible_early,0.10548261726360088,0.0,1.1720001406541965e-13,0.10548154180569054,"[1.1316092046908022e-06,3.2825250253827127e-06]",208845,169438,3969,1,True,
panda_trajectory_31_k1_f85,panda,regular_first_subproblems,1,scalar_early,1,0.5,1,1,,0.10457097130244147,,False,True,False,task_feasible_early,0.10457300658792287,0.0,8.27294216932374e-14,0.10457097130244147,"[3.7973393941402554e-07,4.4503049022021366e-06]",216966,177862,3975,1,True,
panda_trajectory_31_k1_f85,panda,regular_first_subproblems,1,scalar_early,4,0.5,1,1,,0.10457097130244147,,False,True,False,task_feasible_early,0.10457300658792287,0.0,8.27294216932374e-14,0.10457097130244147,"[3.7973393941402554e-07,4.4503049022021366e-06]",200215,162443,3801,1,True,
panda_trajectory_31_k1_f85,panda,regular_first_subproblems,1,scalar_early,3,0.5,1,1,,0.10457097130244147,,False,True,False,task_feasible_early,0.10457300658792287,0.0,8.27294216932374e-14,0.10457097130244147,"[3.7973393941402554e-07,4.4503049022021366e-06]",194516,157692,3559,1,True,
panda_trajectory_31_k1_f85,panda,regular_first_subproblems,1,scalar_early,0,0.5,1,1,,0.10457097130244147,,False,True,False,task_feasible_early,0.10457300658792287,0.0,8.27294216932374e-14,0.10457097130244147,"[3.7973393941402554e-07,4.4503049022021366e-06]",198068,159775,3572,1,True,
panda_trajectory_31_k1_f85,panda,regular_first_subproblems,1,scalar_early,2,0.5,1,1,,0.10457097130244147,,False,True,False,task_feasible_early,0.10457300658792287,0.0,8.27294216932374e-14,0.10457097130244147,"[3.7973393941402554e-07,4.4503049022021366e-06]",210271,171828,3908,1,True,
panda_trajectory_31_k1_f106,panda,regular_first_subproblems,1,scalar_early,0,0.5,1,1,,0.09320787367963485,,False,True,False,task_feasible_early,0.09320952939743175,0.0,1.312101383108156e-13,0.09320787367963485,"[1.0026209866789317e-06,4.314056580509655e-06]",224619,185824,3917,1,True,
panda_trajectory_31_k1_f106,panda,regular_first_subproblems,1,scalar_early,4,0.5,1,1,,0.09320787367963485,,False,True,False,task_feasible_early,0.09320952939743175,0.0,1.312101383108156e-13,0.09320787367963485,"[1.0026209866789317e-06,4.314056580509655e-06]",210224,170492,4245,1,True,
panda_trajectory_31_k1_f106,panda,regular_first_subproblems,1,scalar_early,1,0.5,1,1,,0.09320787367963485,,False,True,False,task_feasible_early,0.09320952939743175,0.0,1.312101383108156e-13,0.09320787367963485,"[1.0026209866789317e-06,4.314056580509655e-06]",219268,175688,4085,1,True,
panda_trajectory_31_k1_f106,panda,regular_first_subproblems,1,scalar_early,3,0.5,1,1,,0.09320787367963485,,False,True,False,task_feasible_early,0.09320952939743175,0.0,1.312101383108156e-13,0.09320787367963485,"[1.0026209866789317e-06,4.314056580509655e-06]",211164,172759,3958,1,True,
panda_trajectory_31_k1_f106,panda,regular_first_subproblems,1,scalar_early,2,0.5,1,1,,0.09320787367963485,,False,True,False,task_feasible_early,0.09320952939743175,0.0,1.312101383108156e-13,0.09320787367963485,"[1.0026209866789317e-06,4.314056580509655e-06]",219173,179011,3963,1,True,
panda_trajectory_31_k1_f127,panda,regular_first_subproblems,1,scalar_early,2,0.5,1,1,,0.0899114668881578,,False,True,False,task_feasible_early,0.08991283983550419,0.0,6.031771294470064e-14,0.0899114668881578,"[1.216787188216275e-07,2.867573411568662e-06]",234390,189173,4257,1,True,
panda_trajectory_31_k1_f127,panda,regular_first_subproblems,1,scalar_early,4,0.5,1,1,,0.0899114668881578,,False,True,False,task_feasible_early,0.08991283983550419,0.0,6.031771294470064e-14,0.0899114668881578,"[1.216787188216275e-07,2.867573411568662e-06]",209592,170742,4247,1,True,
panda_trajectory_31_k1_f127,panda,regular_first_subproblems,1,scalar_early,3,0.5,1,1,,0.0899114668881578,,False,True,False,task_feasible_early,0.08991283983550419,0.0,6.031771294470064e-14,0.0899114668881578,"[1.216787188216275e-07,2.867573411568662e-06]",219201,178145,4028,1,True,
panda_trajectory_31_k1_f127,panda,regular_first_subproblems,1,scalar_early,0,0.5,1,1,,0.0899114668881578,,False,True,False,task_feasible_early,0.08991283983550419,0.0,6.031771294470064e-14,0.0899114668881578,"[1.216787188216275e-07,2.867573411568662e-06]",208632,169777,4296,1,True,
panda_trajectory_31_k1_f127,panda,regular_first_subproblems,1,scalar_early,1,0.5,1,1,,0.0899114668881578,,False,True,False,task_feasible_early,0.08991283983550419,0.0,6.031771294470064e-14,0.0899114668881578,"[1.216787188216275e-07,2.867573411568662e-06]",224422,182353,3910,1,True,
panda_trajectory_31_k1_f149,panda,regular_first_subproblems,1,scalar_early,0,0.5,1,1,,0.09202287968574183,,False,True,False,task_feasible_early,0.09202373325557371,0.0,5.90221124448794e-14,0.09202287968574183,"[1.920544458515012e-07,1.8991941096375317e-06]",223785,182938,4690,1,True,
panda_trajectory_31_k1_f149,panda,regular_first_subproblems,1,scalar_early,1,0.5,1,1,,0.09202287968574183,,False,True,False,task_feasible_early,0.09202373325557371,0.0,5.90221124448794e-14,0.09202287968574183,"[1.920544458515012e-07,1.8991941096375317e-06]",207691,169153,3959,1,True,
panda_trajectory_31_k1_f149,panda,regular_first_subproblems,1,scalar_early,2,0.5,1,1,,0.09202287968574183,,False,True,False,task_feasible_early,0.09202373325557371,0.0,5.90221124448794e-14,0.09202287968574183,"[1.920544458515012e-07,1.8991941096375317e-06]",211557,172322,4059,1,True,
panda_trajectory_31_k1_f149,panda,regular_first_subproblems,1,scalar_early,3,0.5,1,1,,0.09202287968574183,,False,True,False,task_feasible_early,0.09202373325557371,0.0,5.90221124448794e-14,0.09202287968574183,"[1.920544458515012e-07,1.8991941096375317e-06]",216693,177761,3972,1,True,
panda_trajectory_31_k1_f149,panda,regular_first_subproblems,1,scalar_early,4,0.5,1,1,,0.09202287968574183,,False,True,False,task_feasible_early,0.09202373325557371,0.0,5.90221124448794e-14,0.09202287968574183,"[1.920544458515012e-07,1.8991941096375317e-06]",200473,162353,3806,1,True,
panda_trajectory_20_k0_f0,panda,regular_first_subproblems,0,scalar_early,2,0.5,1,1,,0.0002950485183683625,,False,True,False,task_feasible_early,0.0002950537790546789,0.0,4.7407433161632606e-14,0.0002950485183683625,"[5.205441421127976e-08,4.153304157852724e-08]",207505,168438,3581,1,True,
panda_trajectory_20_k0_f0,panda,regular_first_subproblems,0,scalar_early,3,0.5,1,1,,0.0002950485183683625,,False,True,False,task_feasible_early,0.0002950537790546789,0.0,4.7407433161632606e-14,0.0002950485183683625,"[5.205441421127976e-08,4.153304157852724e-08]",218009,179188,3926,1,True,
panda_trajectory_20_k0_f0,panda,regular_first_subproblems,0,scalar_early,4,0.5,1,1,,0.0002950485183683625,,False,True,False,task_feasible_early,0.0002950537790546789,0.0,4.7407433161632606e-14,0.0002950485183683625,"[5.205441421127976e-08,4.153304157852724e-08]",207322,169201,3908,1,True,
panda_trajectory_20_k0_f0,panda,regular_first_subproblems,0,scalar_early,0,0.5,1,1,,0.0002950485183683625,,False,True,False,task_feasible_early,0.0002950537790546789,0.0,4.7407433161632606e-14,0.0002950485183683625,"[5.205441421127976e-08,4.153304157852724e-08]",207586,169747,3680,1,True,
panda_trajectory_20_k0_f0,panda,regular_first_subproblems,0,scalar_early,1,0.5,1,1,,0.0002950485183683625,,False,True,False,task_feasible_early,0.0002950537790546789,0.0,4.7407433161632606e-14,0.0002950485183683625,"[5.205441421127976e-08,4.153304157852724e-08]",207636,169004,3927,1,True,
panda_trajectory_20_k0_f21,panda,regular_first_subproblems,0,scalar_early,1,0.5,1,1,,0.0010339371574707365,,False,True,False,task_feasible_early,0.001033978711815483,0.0,6.81763724274677e-14,0.0010339371574707365,"[1.9242019411795507e-07,1.0931150462495439e-07]",203310,164485,3709,1,True,
panda_trajectory_20_k0_f21,panda,regular_first_subproblems,0,scalar_early,0,0.5,1,1,,0.0010339371574707365,,False,True,False,task_feasible_early,0.001033978711815483,0.0,6.81763724274677e-14,0.0010339371574707365,"[1.9242019411795507e-07,1.0931150462495439e-07]",208394,169905,3976,1,True,
panda_trajectory_20_k0_f21,panda,regular_first_subproblems,0,scalar_early,3,0.5,1,1,,0.0010339371574707365,,False,True,False,task_feasible_early,0.001033978711815483,0.0,6.81763724274677e-14,0.0010339371574707365,"[1.9242019411795507e-07,1.0931150462495439e-07]",224410,185675,3559,1,True,
panda_trajectory_20_k0_f21,panda,regular_first_subproblems,0,scalar_early,2,0.5,1,1,,0.0010339371574707365,,False,True,False,task_feasible_early,0.001033978711815483,0.0,6.81763724274677e-14,0.0010339371574707365,"[1.9242019411795507e-07,1.0931150462495439e-07]",200199,162578,3883,1,True,
panda_trajectory_20_k0_f21,panda,regular_first_subproblems,0,scalar_early,4,0.5,1,1,,0.0010339371574707365,,False,True,False,task_feasible_early,0.001033978711815483,0.0,6.81763724274677e-14,0.0010339371574707365,"[1.9242019411795507e-07,1.0931150462495439e-07]",198616,161462,3609,1,True,
panda_trajectory_20_k0_f42,panda,regular_first_subproblems,0,scalar_early,4,0.5,1,1,,0.0016044882158135652,,False,True,False,task_feasible_early,0.0016044972352061916,0.0,7.141418453118289e-14,0.0016044882158135652,"[1.8442014617679053e-07,2.024589314297565e-07]",234347,190739,4295,1,True,
panda_trajectory_20_k0_f42,panda,regular_first_subproblems,0,scalar_early,3,0.5,1,1,,0.0016044882158135652,,False,True,False,task_feasible_early,0.0016044972352061916,0.0,7.141418453118289e-14,0.0016044882158135652,"[1.8442014617679053e-07,2.024589314297565e-07]",211485,171933,4110,1,True,
panda_trajectory_20_k0_f42,panda,regular_first_subproblems,0,scalar_early,1,0.5,1,1,,0.0016044882158135652,,False,True,False,task_feasible_early,0.0016044972352061916,0.0,7.141418453118289e-14,0.0016044882158135652,"[1.8442014617679053e-07,2.024589314297565e-07]",207777,169950,3711,1,True,
panda_trajectory_20_k0_f42,panda,regular_first_subproblems,0,scalar_early,2,0.5,1,1,,0.0016044882158135652,,False,True,False,task_feasible_early,0.0016044972352061916,0.0,7.141418453118289e-14,0.0016044882158135652,"[1.8442014617679053e-07,2.024589314297565e-07]",213848,175451,3766,1,True,
panda_trajectory_20_k0_f42,panda,regular_first_subproblems,0,scalar_early,0,0.5,1,1,,0.0016044882158135652,,False,True,False,task_feasible_early,0.0016044972352061916,0.0,7.141418453118289e-14,0.0016044882158135652,"[1.8442014617679053e-07,2.024589314297565e-07]",213290,174144,3887,1,True,
panda_trajectory_20_k0_f63,panda,regular_first_subproblems,0,scalar_early,2,0.5,1,1,,0.000730976452466249,,False,True,False,task_feasible_early,0.0007310005848125581,0.0,4.1763869136494445e-14,0.000730976452466249,"[3.567712835377366e-08,8.394182097190634e-08]",210491,171933,3898,1,True,
panda_trajectory_20_k0_f63,panda,regular_first_subproblems,0,scalar_early,3,0.5,1,1,,0.000730976452466249,,False,True,False,task_feasible_early,0.0007310005848125581,0.0,4.1763869136494445e-14,0.000730976452466249,"[3.567712835377366e-08,8.394182097190634e-08]",204415,166100,3856,1,True,
panda_trajectory_20_k0_f63,panda,regular_first_subproblems,0,scalar_early,1,0.5,1,1,,0.000730976452466249,,False,True,False,task_feasible_early,0.0007310005848125581,0.0,4.1763869136494445e-14,0.000730976452466249,"[3.567712835377366e-08,8.394182097190634e-08]",215831,176752,3721,1,True,
panda_trajectory_20_k0_f63,panda,regular_first_subproblems,0,scalar_early,0,0.5,1,1,,0.000730976452466249,,False,True,False,task_feasible_early,0.0007310005848125581,0.0,4.1763869136494445e-14,0.000730976452466249,"[3.567712835377366e-08,8.394182097190634e-08]",209165,171036,3667,1,True,
panda_trajectory_20_k0_f63,panda,regular_first_subproblems,0,scalar_early,4,0.5,1,1,,0.000730976452466249,,False,True,False,task_feasible_early,0.0007310005848125581,0.0,4.1763869136494445e-14,0.000730976452466249,"[3.567712835377366e-08,8.394182097190634e-08]",202913,165372,3564,1,True,
panda_trajectory_20_k0_f85,panda,regular_first_subproblems,0,scalar_early,2,0.5,1,1,,0.0006099263430572434,,False,True,False,task_feasible_early,0.0006100678235391461,0.0,1.2394147170083452e-13,0.0006099263430572434,"[3.1744604383513417e-07,3.448508002965812e-08]",209049,169838,3898,1,True,
panda_trajectory_20_k0_f85,panda,regular_first_subproblems,0,scalar_early,3,0.5,1,1,,0.0006099263430572434,,False,True,False,task_feasible_early,0.0006100678235391461,0.0,1.2394147170083452e-13,0.0006099263430572434,"[3.1744604383513417e-07,3.448508002965812e-08]",218180,178926,4072,1,True,
panda_trajectory_20_k0_f85,panda,regular_first_subproblems,0,scalar_early,1,0.5,1,1,,0.0006099263430572434,,False,True,False,task_feasible_early,0.0006100678235391461,0.0,1.2394147170083452e-13,0.0006099263430572434,"[3.1744604383513417e-07,3.448508002965812e-08]",223322,184597,3691,1,True,
panda_trajectory_20_k0_f85,panda,regular_first_subproblems,0,scalar_early,0,0.5,1,1,,0.0006099263430572434,,False,True,False,task_feasible_early,0.0006100678235391461,0.0,1.2394147170083452e-13,0.0006099263430572434,"[3.1744604383513417e-07,3.448508002965812e-08]",207857,168902,4056,1,True,
panda_trajectory_20_k0_f85,panda,regular_first_subproblems,0,scalar_early,4,0.5,1,1,,0.0006099263430572434,,False,True,False,task_feasible_early,0.0006100678235391461,0.0,1.2394147170083452e-13,0.0006099263430572434,"[3.1744604383513417e-07,3.448508002965812e-08]",205865,168290,3717,1,True,
panda_trajectory_20_k0_f106,panda,regular_first_subproblems,0,scalar_early,2,0.5,1,1,,0.0010960120780407188,,False,True,False,task_feasible_early,0.0010960190684237453,0.0,2.4741787777998282e-14,0.0010960120780407188,"[2.621158759374524e-07,2.7609664199050676e-07]",222711,182941,3820,1,True,
panda_trajectory_20_k0_f106,panda,regular_first_subproblems,0,scalar_early,1,0.5,1,1,,0.0010960120780407188,,False,True,False,task_feasible_early,0.0010960190684237453,0.0,2.4741787777998282e-14,0.0010960120780407188,"[2.621158759374524e-07,2.7609664199050676e-07]",206146,167573,3975,1,True,
panda_trajectory_20_k0_f106,panda,regular_first_subproblems,0,scalar_early,3,0.5,1,1,,0.0010960120780407188,,False,True,False,task_feasible_early,0.0010960190684237453,0.0,2.4741787777998282e-14,0.0010960120780407188,"[2.621158759374524e-07,2.7609664199050676e-07]",199831,160701,3691,1,True,
panda_trajectory_20_k0_f106,panda,regular_first_subproblems,0,scalar_early,0,0.5,1,1,,0.0010960120780407188,,False,True,False,task_feasible_early,0.0010960190684237453,0.0,2.4741787777998282e-14,0.0010960120780407188,"[2.621158759374524e-07,2.7609664199050676e-07]",207292,169488,3584,1,True,
panda_trajectory_20_k0_f106,panda,regular_first_subproblems,0,scalar_early,4,0.5,1,1,,0.0010960120780407188,,False,True,False,task_feasible_early,0.0010960190684237453,0.0,2.4741787777998282e-14,0.0010960120780407188,"[2.621158759374524e-07,2.7609664199050676e-07]",197178,160157,3731,1,True,
panda_trajectory_20_k0_f127,panda,regular_first_subproblems,0,scalar_early,2,0.5,1,1,,0.0013725092779905898,,False,True,False,task_feasible_early,0.0013725258366105988,0.0,5.23347404973728e-14,0.0013725092779905898,"[3.4948097906141797e-07,3.8259821907948043e-07]",227576,186960,4510,1,True,
panda_trajectory_20_k0_f127,panda,regular_first_subproblems,0,scalar_early,1,0.5,1,1,,0.0013725092779905898,,False,True,False,task_feasible_early,0.0013725258366105988,0.0,5.23347404973728e-14,0.0013725092779905898,"[3.4948097906141797e-07,3.8259821907948043e-07]",220811,179339,4421,1,True,
panda_trajectory_20_k0_f127,panda,regular_first_subproblems,0,scalar_early,3,0.5,1,1,,0.0013725092779905898,,False,True,False,task_feasible_early,0.0013725258366105988,0.0,5.23347404973728e-14,0.0013725092779905898,"[3.4948097906141797e-07,3.8259821907948043e-07]",208712,169975,4184,1,True,
panda_trajectory_20_k0_f127,panda,regular_first_subproblems,0,scalar_early,0,0.5,1,1,,0.0013725092779905898,,False,True,False,task_feasible_early,0.0013725258366105988,0.0,5.23347404973728e-14,0.0013725092779905898,"[3.4948097906141797e-07,3.8259821907948043e-07]",207349,168559,3466,1,True,
panda_trajectory_20_k0_f127,panda,regular_first_subproblems,0,scalar_early,4,0.5,1,1,,0.0013725092779905898,,False,True,False,task_feasible_early,0.0013725258366105988,0.0,5.23347404973728e-14,0.0013725092779905898,"[3.4948097906141797e-07,3.8259821907948043e-07]",207670,169644,3831,1,True,
panda_trajectory_20_k0_f149,panda,regular_first_subproblems,0,scalar_early,2,0.5,1,1,,0.0006182075578513513,,False,True,False,task_feasible_early,0.0006183067866383478,0.0,3.8438736653003506e-14,0.0006182075578513513,"[3.880929001592959e-07,1.8963532616648666e-07]",207960,166716,4010,1,True,
panda_trajectory_20_k0_f149,panda,regular_first_subproblems,0,scalar_early,0,0.5,1,1,,0.0006182075578513513,,False,True,False,task_feasible_early,0.0006183067866383478,0.0,3.8438736653003506e-14,0.0006182075578513513,"[3.880929001592959e-07,1.8963532616648666e-07]",204540,166617,3836,1,True,
panda_trajectory_20_k0_f149,panda,regular_first_subproblems,0,scalar_early,1,0.5,1,1,,0.0006182075578513513,,False,True,False,task_feasible_early,0.0006183067866383478,0.0,3.8438736653003506e-14,0.0006182075578513513,"[3.880929001592959e-07,1.8963532616648666e-07]",217466,178274,3817,1,True,
panda_trajectory_20_k0_f149,panda,regular_first_subproblems,0,scalar_early,3,0.5,1,1,,0.0006182075578513513,,False,True,False,task_feasible_early,0.0006183067866383478,0.0,3.8438736653003506e-14,0.0006182075578513513,"[3.880929001592959e-07,1.8963532616648666e-07]",213808,175095,3783,1,True,
panda_trajectory_20_k0_f149,panda,regular_first_subproblems,0,scalar_early,4,0.5,1,1,,0.0006182075578513513,,False,True,False,task_feasible_early,0.0006183067866383478,0.0,3.8438736653003506e-14,0.0006182075578513513,"[3.880929001592959e-07,1.8963532616648666e-07]",213706,175036,3821,1,True,
panda_trajectory_20_k1_f0,panda,regular_first_subproblems,1,scalar_early,2,0.5,1,1,,0.17621908937786143,,False,True,False,task_feasible_early,0.17621952972764204,0.0,3.3563274164711716e-14,0.17621908937786143,"[9.472875422123448e-08,9.75428315494094e-07]",204703,166813,4061,1,True,
panda_trajectory_20_k1_f0,panda,regular_first_subproblems,1,scalar_early,0,0.5,1,1,,0.17621908937786143,,False,True,False,task_feasible_early,0.17621952972764204,0.0,3.3563274164711716e-14,0.17621908937786143,"[9.472875422123448e-08,9.75428315494094e-07]",204002,164196,3797,1,True,
panda_trajectory_20_k1_f0,panda,regular_first_subproblems,1,scalar_early,1,0.5,1,1,,0.17621908937786143,,False,True,False,task_feasible_early,0.17621952972764204,0.0,3.3563274164711716e-14,0.17621908937786143,"[9.472875422123448e-08,9.75428315494094e-07]",238277,192999,3563,1,True,
panda_trajectory_20_k1_f0,panda,regular_first_subproblems,1,scalar_early,3,0.5,1,1,,0.17621908937786143,,False,True,False,task_feasible_early,0.17621952972764204,0.0,3.3563274164711716e-14,0.17621908937786143,"[9.472875422123448e-08,9.75428315494094e-07]",200790,163435,3810,1,True,
panda_trajectory_20_k1_f0,panda,regular_first_subproblems,1,scalar_early,4,0.5,1,1,,0.17621908937786143,,False,True,False,task_feasible_early,0.17621952972764204,0.0,3.3563274164711716e-14,0.17621908937786143,"[9.472875422123448e-08,9.75428315494094e-07]",220659,181037,4513,1,True,
panda_trajectory_20_k1_f21,panda,regular_first_subproblems,1,scalar_early,0,0.5,1,1,,0.15827123323812273,,False,True,False,task_feasible_early,0.1582712852284092,0.0,6.967001114993065e-14,0.15827123323812273,"[1.9879629332763815e-07,3.0277686623645865e-07]",210264,171443,3899,1,True,
panda_trajectory_20_k1_f21,panda,regular_first_subproblems,1,scalar_early,2,0.5,1,1,,0.15827123323812273,,False,True,False,task_feasible_early,0.1582712852284092,0.0,6.967001114993065e-14,0.15827123323812273,"[1.9879629332763815e-07,3.0277686623645865e-07]",204135,166405,3777,1,True,
panda_trajectory_20_k1_f21,panda,regular_first_subproblems,1,scalar_early,4,0.5,1,1,,0.15827123323812273,,False,True,False,task_feasible_early,0.1582712852284092,0.0,6.967001114993065e-14,0.15827123323812273,"[1.9879629332763815e-07,3.0277686623645865e-07]",224924,183844,4351,1,True,
panda_trajectory_20_k1_f21,panda,regular_first_subproblems,1,scalar_early,3,0.5,1,1,,0.15827123323812273,,False,True,False,task_feasible_early,0.1582712852284092,0.0,6.967001114993065e-14,0.15827123323812273,"[1.9879629332763815e-07,3.0277686623645865e-07]",214249,176839,3762,1,True,
panda_trajectory_20_k1_f21,panda,regular_first_subproblems,1,scalar_early,1,0.5,1,1,,0.15827123323812273,,False,True,False,task_feasible_early,0.1582712852284092,0.0,6.967001114993065e-14,0.15827123323812273,"[1.9879629332763815e-07,3.0277686623645865e-07]",220301,180949,3805,1,True,
panda_trajectory_20_k1_f42,panda,regular_first_subproblems,1,scalar_early,0,0.5,1,1,,0.13471005894377494,,False,True,False,task_feasible_early,0.13471028903562884,0.0,6.444651011489006e-14,0.13471005894377494,"[7.827667454151903e-07,3.22583037614005e-07]",214324,172906,4437,1,True,
panda_trajectory_20_k1_f42,panda,regular_first_subproblems,1,scalar_early,4,0.5,1,1,,0.13471005894377494,,False,True,False,task_feasible_early,0.13471028903562884,0.0,6.444651011489006e-14,0.13471005894377494,"[7.827667454151903e-07,3.22583037614005e-07]",212375,172910,4057,1,True,
panda_trajectory_20_k1_f42,panda,regular_first_subproblems,1,scalar_early,2,0.5,1,1,,0.13471005894377494,,False,True,False,task_feasible_early,0.13471028903562884,0.0,6.444651011489006e-14,0.13471005894377494,"[7.827667454151903e-07,3.22583037614005e-07]",209834,171163,3874,1,True,
panda_trajectory_20_k1_f42,panda,regular_first_subproblems,1,scalar_early,3,0.5,1,1,,0.13471005894377494,,False,True,False,task_feasible_early,0.13471028903562884,0.0,6.444651011489006e-14,0.13471005894377494,"[7.827667454151903e-07,3.22583037614005e-07]",207556,169140,3988,1,True,
panda_trajectory_20_k1_f42,panda,regular_first_subproblems,1,scalar_early,1,0.5,1,1,,0.13471005894377494,,False,True,False,task_feasible_early,0.13471028903562884,0.0,6.444651011489006e-14,0.13471005894377494,"[7.827667454151903e-07,3.22583037614005e-07]",213093,173056,3675,1,True,
panda_trajectory_20_k1_f63,panda,regular_first_subproblems,1,scalar_early,3,0.5,1,1,,0.13022805100284088,,False,True,False,task_feasible_early,0.13022809120256104,0.0,2.5562903977204184e-14,0.13022805100284088,"[6.230351212835036e-07,7.034345615599792e-07]",233647,192856,4675,1,True,
panda_trajectory_20_k1_f63,panda,regular_first_subproblems,1,scalar_early,0,0.5,1,1,,0.13022805100284088,,False,True,False,task_feasible_early,0.13022809120256104,0.0,2.5562903977204184e-14,0.13022805100284088,"[6.230351212835036e-07,7.034345615599792e-07]",221529,181145,4095,1,True,
panda_trajectory_20_k1_f63,panda,regular_first_subproblems,1,scalar_early,2,0.5,1,1,,0.13022805100284088,,False,True,False,task_feasible_early,0.13022809120256104,0.0,2.5562903977204184e-14,0.13022805100284088,"[6.230351212835036e-07,7.034345615599792e-07]",205632,167441,3692,1,True,
panda_trajectory_20_k1_f63,panda,regular_first_subproblems,1,scalar_early,4,0.5,1,1,,0.13022805100284088,,False,True,False,task_feasible_early,0.13022809120256104,0.0,2.5562903977204184e-14,0.13022805100284088,"[6.230351212835036e-07,7.034345615599792e-07]",213768,173954,4052,1,True,
panda_trajectory_20_k1_f63,panda,regular_first_subproblems,1,scalar_early,1,0.5,1,1,,0.13022805100284088,,False,True,False,task_feasible_early,0.13022809120256104,0.0,2.5562903977204184e-14,0.13022805100284088,"[6.230351212835036e-07,7.034345615599792e-07]",214213,175308,3806,1,True,
panda_trajectory_20_k1_f85,panda,regular_first_subproblems,1,scalar_early,4,0.5,1,1,,0.1361178858620512,,False,True,False,task_feasible_early,0.13611840227159322,0.0,3.1887955513483207e-14,0.1361178858620512,"[5.877896751338863e-08,1.0915980515466497e-06]",212053,173233,3914,1,True,
panda_trajectory_20_k1_f85,panda,regular_first_subproblems,1,scalar_early,0,0.5,1,1,,0.1361178858620512,,False,True,False,task_feasible_early,0.13611840227159322,0.0,3.1887955513483207e-14,0.1361178858620512,"[5.877896751338863e-08,1.0915980515466497e-06]",231587,191046,3959,1,True,
panda_trajectory_20_k1_f85,panda,regular_first_subproblems,1,scalar_early,3,0.5,1,1,,0.1361178858620512,,False,True,False,task_feasible_early,0.13611840227159322,0.0,3.1887955513483207e-14,0.1361178858620512,"[5.877896751338863e-08,1.0915980515466497e-06]",211696,172304,3829,1,True,
panda_trajectory_20_k1_f85,panda,regular_first_subproblems,1,scalar_early,2,0.5,1,1,,0.1361178858620512,,False,True,False,task_feasible_early,0.13611840227159322,0.0,3.1887955513483207e-14,0.1361178858620512,"[5.877896751338863e-08,1.0915980515466497e-06]",208817,168534,3779,1,True,
panda_trajectory_20_k1_f85,panda,regular_first_subproblems,1,scalar_early,1,0.5,1,1,,0.1361178858620512,,False,True,False,task_feasible_early,0.13611840227159322,0.0,3.1887955513483207e-14,0.1361178858620512,"[5.877896751338863e-08,1.0915980515466497e-06]",209837,171619,3671,1,True,
panda_trajectory_20_k1_f106,panda,regular_first_subproblems,1,scalar_early,0,0.5,1,1,,0.1365172491365847,,False,True,False,task_feasible_early,0.1365180762424756,0.0,3.4899874464835e-14,0.1365172491365847,"[5.436079170005035e-08,1.7085725735396442e-06]",233596,192705,4405,1,True,
panda_trajectory_20_k1_f106,panda,regular_first_subproblems,1,scalar_early,3,0.5,1,1,,0.1365172491365847,,False,True,False,task_feasible_early,0.1365180762424756,0.0,3.4899874464835e-14,0.1365172491365847,"[5.436079170005035e-08,1.7085725735396442e-06]",212020,172984,4162,1,True,
panda_trajectory_20_k1_f106,panda,regular_first_subproblems,1,scalar_early,2,0.5,1,1,,0.1365172491365847,,False,True,False,task_feasible_early,0.1365180762424756,0.0,3.4899874464835e-14,0.1365172491365847,"[5.436079170005035e-08,1.7085725735396442e-06]",206374,166973,3989,1,True,
panda_trajectory_20_k1_f106,panda,regular_first_subproblems,1,scalar_early,1,0.5,1,1,,0.1365172491365847,,False,True,False,task_feasible_early,0.1365180762424756,0.0,3.4899874464835e-14,0.1365172491365847,"[5.436079170005035e-08,1.7085725735396442e-06]",217101,176152,3862,1,True,
panda_trajectory_20_k1_f106,panda,regular_first_subproblems,1,scalar_early,4,0.5,1,1,,0.1365172491365847,,False,True,False,task_feasible_early,0.1365180762424756,0.0,3.4899874464835e-14,0.1365172491365847,"[5.436079170005035e-08,1.7085725735396442e-06]",211639,173487,3903,1,True,
panda_trajectory_20_k1_f127,panda,regular_first_subproblems,1,scalar_early,2,0.5,1,1,,0.1380298642098415,,False,True,False,task_feasible_early,0.13803091098995954,0.0,2.998835493907516e-14,0.1380298642098415,"[1.380255700504956e-07,2.231585806107018e-06]",227306,186831,4471,1,True,
panda_trajectory_20_k1_f127,panda,regular_first_subproblems,1,scalar_early,4,0.5,1,1,,0.1380298642098415,,False,True,False,task_feasible_early,0.13803091098995954,0.0,2.998835493907516e-14,0.1380298642098415,"[1.380255700504956e-07,2.231585806107018e-06]",206886,168247,3923,1,True,
panda_trajectory_20_k1_f127,panda,regular_first_subproblems,1,scalar_early,0,0.5,1,1,,0.1380298642098415,,False,True,False,task_feasible_early,0.13803091098995954,0.0,2.998835493907516e-14,0.1380298642098415,"[1.380255700504956e-07,2.231585806107018e-06]",212981,173507,4138,1,True,
panda_trajectory_20_k1_f127,panda,regular_first_subproblems,1,scalar_early,3,0.5,1,1,,0.1380298642098415,,False,True,False,task_feasible_early,0.13803091098995954,0.0,2.998835493907516e-14,0.1380298642098415,"[1.380255700504956e-07,2.231585806107018e-06]",215207,176450,3827,1,True,
panda_trajectory_20_k1_f127,panda,regular_first_subproblems,1,scalar_early,1,0.5,1,1,,0.1380298642098415,,False,True,False,task_feasible_early,0.13803091098995954,0.0,2.998835493907516e-14,0.1380298642098415,"[1.380255700504956e-07,2.231585806107018e-06]",225030,185052,3924,1,True,
panda_trajectory_20_k1_f149,panda,regular_first_subproblems,1,scalar_early,3,0.5,1,1,,0.14213627445518973,,False,True,False,task_feasible_early,0.1421369187072472,0.0,2.849101387231457e-14,0.14213627445518973,"[1.2687404959927136e-07,1.4153781645595519e-06]",211811,172194,4085,1,True,
panda_trajectory_20_k1_f149,panda,regular_first_subproblems,1,scalar_early,4,0.5,1,1,,0.14213627445518973,,False,True,False,task_feasible_early,0.1421369187072472,0.0,2.849101387231457e-14,0.14213627445518973,"[1.2687404959927136e-07,1.4153781645595519e-06]",248665,210308,3770,1,True,
panda_trajectory_20_k1_f149,panda,regular_first_subproblems,1,scalar_early,0,0.5,1,1,,0.14213627445518973,,False,True,False,task_feasible_early,0.1421369187072472,0.0,2.849101387231457e-14,0.14213627445518973,"[1.2687404959927136e-07,1.4153781645595519e-06]",233309,192739,3862,1,True,
panda_trajectory_20_k1_f149,panda,regular_first_subproblems,1,scalar_early,2,0.5,1,1,,0.14213627445518973,,False,True,False,task_feasible_early,0.1421369187072472,0.0,2.849101387231457e-14,0.14213627445518973,"[1.2687404959927136e-07,1.4153781645595519e-06]",210394,171568,4084,1,True,
panda_trajectory_20_k1_f149,panda,regular_first_subproblems,1,scalar_early,1,0.5,1,1,,0.14213627445518973,,False,True,False,task_feasible_early,0.1421369187072472,0.0,2.849101387231457e-14,0.14213627445518973,"[1.2687404959927136e-07,1.4153781645595519e-06]",220314,180390,3820,1,True,
panda_trajectory_21_k0_f0,panda,regular_first_subproblems,0,scalar_early,1,0.5,1,1,,0.0003706287347975057,,False,True,False,task_feasible_early,0.0003708244985849106,0.0,9.565974336450906e-15,0.0003706287347975057,"[7.367402977124824e-08,4.6520160458105063e-07]",205326,166899,3727,1,True,
panda_trajectory_21_k0_f0,panda,regular_first_subproblems,0,scalar_early,2,0.5,1,1,,0.0003706287347975057,,False,True,False,task_feasible_early,0.0003708244985849106,0.0,9.565974336450906e-15,0.0003706287347975057,"[7.367402977124824e-08,4.6520160458105063e-07]",217132,178004,4037,1,True,
panda_trajectory_21_k0_f0,panda,regular_first_subproblems,0,scalar_early,0,0.5,1,1,,0.0003706287347975057,,False,True,False,task_feasible_early,0.0003708244985849106,0.0,9.565974336450906e-15,0.0003706287347975057,"[7.367402977124824e-08,4.6520160458105063e-07]",210239,171378,3940,1,True,
panda_trajectory_21_k0_f0,panda,regular_first_subproblems,0,scalar_early,3,0.5,1,1,,0.0003706287347975057,,False,True,False,task_feasible_early,0.0003708244985849106,0.0,9.565974336450906e-15,0.0003706287347975057,"[7.367402977124824e-08,4.6520160458105063e-07]",215086,176592,3791,1,True,
panda_trajectory_21_k0_f0,panda,regular_first_subproblems,0,scalar_early,4,0.5,1,1,,0.0003706287347975057,,False,True,False,task_feasible_early,0.0003708244985849106,0.0,9.565974336450906e-15,0.0003706287347975057,"[7.367402977124824e-08,4.6520160458105063e-07]",235399,196519,3706,1,True,
panda_trajectory_21_k0_f21,panda,regular_first_subproblems,0,scalar_early,0,0.5,1,1,,0.0006842812211896855,,False,True,False,task_feasible_early,0.0006843406090548211,0.0,7.160723346098895e-15,0.0006842812211896855,"[3.5318576949014375e-08,1.5409430722032508e-07]",215819,177771,4024,1,True,
panda_trajectory_21_k0_f21,panda,regular_first_subproblems,0,scalar_early,2,0.5,1,1,,0.0006842812211896855,,False,True,False,task_feasible_early,0.0006843406090548211,0.0,7.160723346098895e-15,0.0006842812211896855,"[3.5318576949014375e-08,1.5409430722032508e-07]",220907,180271,3805,1,True,
panda_trajectory_21_k0_f21,panda,regular_first_subproblems,0,scalar_early,1,0.5,1,1,,0.0006842812211896855,,False,True,False,task_feasible_early,0.0006843406090548211,0.0,7.160723346098895e-15,0.0006842812211896855,"[3.5318576949014375e-08,1.5409430722032508e-07]",213315,173814,3950,1,True,
panda_trajectory_21_k0_f21,panda,regular_first_subproblems,0,scalar_early,4,0.5,1,1,,0.0006842812211896855,,False,True,False,task_feasible_early,0.0006843406090548211,0.0,7.160723346098895e-15,0.0006842812211896855,"[3.5318576949014375e-08,1.5409430722032508e-07]",202808,165536,3824,1,True,
panda_trajectory_21_k0_f21,panda,regular_first_subproblems,0,scalar_early,3,0.5,1,1,,0.0006842812211896855,,False,True,False,task_feasible_early,0.0006843406090548211,0.0,7.160723346098895e-15,0.0006842812211896855,"[3.5318576949014375e-08,1.5409430722032508e-07]",217415,179362,3734,1,True,
panda_trajectory_21_k0_f42,panda,regular_first_subproblems,0,scalar_early,0,0.5,1,1,,0.0007703995829970599,,False,True,False,task_feasible_early,0.0007704362054683263,0.0,1.432833034877994e-14,0.0007703995829970599,"[1.9878963505726935e-07,1.2554469252447398e-07]",211983,174027,3641,1,True,
panda_trajectory_21_k0_f42,panda,regular_first_subproblems,0,scalar_early,3,0.5,1,1,,0.0007703995829970599,,False,True,False,task_feasible_early,0.0007704362054683263,0.0,1.432833034877994e-14,0.0007703995829970599,"[1.9878963505726935e-07,1.2554469252447398e-07]",204322,166118,3810,1,True,
panda_trajectory_21_k0_f42,panda,regular_first_subproblems,0,scalar_early,1,0.5,1,1,,0.0007703995829970599,,False,True,False,task_feasible_early,0.0007704362054683263,0.0,1.432833034877994e-14,0.0007703995829970599,"[1.9878963505726935e-07,1.2554469252447398e-07]",204647,167452,3802,1,True,
panda_trajectory_21_k0_f42,panda,regular_first_subproblems,0,scalar_early,4,0.5,1,1,,0.0007703995829970599,,False,True,False,task_feasible_early,0.0007704362054683263,0.0,1.432833034877994e-14,0.0007703995829970599,"[1.9878963505726935e-07,1.2554469252447398e-07]",211382,172954,3682,1,True,
panda_trajectory_21_k0_f42,panda,regular_first_subproblems,0,scalar_early,2,0.5,1,1,,0.0007703995829970599,,False,True,False,task_feasible_early,0.0007704362054683263,0.0,1.432833034877994e-14,0.0007703995829970599,"[1.9878963505726935e-07,1.2554469252447398e-07]",217473,178995,3674,1,True,
panda_trajectory_21_k0_f63,panda,regular_first_subproblems,0,scalar_early,3,0.5,1,1,,0.0008827180368888533,,False,True,False,task_feasible_early,0.0008829438685103214,0.0,2.1413494042574116e-14,0.0008827180368888533,"[1.8273306963769102e-07,6.343963125738044e-07]",221581,182562,3929,1,True,
panda_trajectory_21_k0_f63,panda,regular_first_subproblems,0,scalar_early,0,0.5,1,1,,0.0008827180368888533,,False,True,False,task_feasible_early,0.0008829438685103214,0.0,2.1413494042574116e-14,0.0008827180368888533,"[1.8273306963769102e-07,6.343963125738044e-07]",201944,164576,3731,1,True,
panda_trajectory_21_k0_f63,panda,regular_first_subproblems,0,scalar_early,1,0.5,1,1,,0.0008827180368888533,,False,True,False,task_feasible_early,0.0008829438685103214,0.0,2.1413494042574116e-14,0.0008827180368888533,"[1.8273306963769102e-07,6.343963125738044e-07]",214238,175326,3886,1,True,
panda_trajectory_21_k0_f63,panda,regular_first_subproblems,0,scalar_early,4,0.5,1,1,,0.0008827180368888533,,False,True,False,task_feasible_early,0.0008829438685103214,0.0,2.1413494042574116e-14,0.0008827180368888533,"[1.8273306963769102e-07,6.343963125738044e-07]",221251,182015,4134,1,True,
panda_trajectory_21_k0_f63,panda,regular_first_subproblems,0,scalar_early,2,0.5,1,1,,0.0008827180368888533,,False,True,False,task_feasible_early,0.0008829438685103214,0.0,2.1413494042574116e-14,0.0008827180368888533,"[1.8273306963769102e-07,6.343963125738044e-07]",205802,167943,3705,1,True,
panda_trajectory_21_k0_f85,panda,regular_first_subproblems,0,scalar_early,4,0.5,1,1,,0.0003913326802488627,,False,True,False,task_feasible_early,0.00039144514322863856,0.0,8.89287949701369e-15,0.0003913326802488627,"[7.498221472300515e-09,2.324241810240033e-07]",208986,169288,4175,1,True,
panda_trajectory_21_k0_f85,panda,regular_first_subproblems,0,scalar_early,3,0.5,1,1,,0.0003913326802488627,,False,True,False,task_feasible_early,0.00039144514322863856,0.0,8.89287949701369e-15,0.0003913326802488627,"[7.498221472300515e-09,2.324241810240033e-07]",232318,192184,3701,1,True,
panda_trajectory_21_k0_f85,panda,regular_first_subproblems,0,scalar_early,2,0.5,1,1,,0.0003913326802488627,,False,True,False,task_feasible_early,0.00039144514322863856,0.0,8.89287949701369e-15,0.0003913326802488627,"[7.498221472300515e-09,2.324241810240033e-07]",205212,167640,3868,1,True,
panda_trajectory_21_k0_f85,panda,regular_first_subproblems,0,scalar_early,1,0.5,1,1,,0.0003913326802488627,,False,True,False,task_feasible_early,0.00039144514322863856,0.0,8.89287949701369e-15,0.0003913326802488627,"[7.498221472300515e-09,2.324241810240033e-07]",201992,164167,3818,1,True,
panda_trajectory_21_k0_f85,panda,regular_first_subproblems,0,scalar_early,0,0.5,1,1,,0.0003913326802488627,,False,True,False,task_feasible_early,0.00039144514322863856,0.0,8.89287949701369e-15,0.0003913326802488627,"[7.498221472300515e-09,2.324241810240033e-07]",202188,164749,3987,1,True,
panda_trajectory_21_k0_f106,panda,regular_first_subproblems,0,scalar_early,3,0.5,1,1,,0.0008023008755848603,,False,True,False,task_feasible_early,0.0008023432198752225,0.0,1.591302455776226e-14,0.0008023008755848603,"[1.3747743064279097e-07,5.2788849918348355e-08]",211421,170975,3798,1,True,
panda_trajectory_21_k0_f106,panda,regular_first_subproblems,0,scalar_early,0,0.5,1,1,,0.0008023008755848603,,False,True,False,task_feasible_early,0.0008023432198752225,0.0,1.591302455776226e-14,0.0008023008755848603,"[1.3747743064279097e-07,5.2788849918348355e-08]",227853,188075,3828,1,True,
panda_trajectory_21_k0_f106,panda,regular_first_subproblems,0,scalar_early,4,0.5,1,1,,0.0008023008755848603,,False,True,False,task_feasible_early,0.0008023432198752225,0.0,1.591302455776226e-14,0.0008023008755848603,"[1.3747743064279097e-07,5.2788849918348355e-08]",200054,162777,3795,1,True,
panda_trajectory_21_k0_f106,panda,regular_first_subproblems,0,scalar_early,2,0.5,1,1,,0.0008023008755848603,,False,True,False,task_feasible_early,0.0008023432198752225,0.0,1.591302455776226e-14,0.0008023008755848603,"[1.3747743064279097e-07,5.2788849918348355e-08]",204877,164934,3927,1,True,
panda_trajectory_21_k0_f106,panda,regular_first_subproblems,0,scalar_early,1,0.5,1,1,,0.0008023008755848603,,False,True,False,task_feasible_early,0.0008023432198752225,0.0,1.591302455776226e-14,0.0008023008755848603,"[1.3747743064279097e-07,5.2788849918348355e-08]",213118,174983,3841,1,True,
panda_trajectory_21_k0_f127,panda,regular_first_subproblems,0,scalar_early,3,0.5,1,1,,0.0006890179348149324,,False,True,False,task_feasible_early,0.0006890432582061401,0.0,1.4473834120327445e-14,0.0006890179348149324,"[2.4585886213458047e-07,2.9650564455012977e-07]",202212,164493,3875,1,True,
panda_trajectory_21_k0_f127,panda,regular_first_subproblems,0,scalar_early,2,0.5,1,1,,0.0006890179348149324,,False,True,False,task_feasible_early,0.0006890432582061401,0.0,1.4473834120327445e-14,0.0006890179348149324,"[2.4585886213458047e-07,2.9650564455012977e-07]",211558,173737,3760,1,True,
panda_trajectory_21_k0_f127,panda,regular_first_subproblems,0,scalar_early,0,0.5,1,1,,0.0006890179348149324,,False,True,False,task_feasible_early,0.0006890432582061401,0.0,1.4473834120327445e-14,0.0006890179348149324,"[2.4585886213458047e-07,2.9650564455012977e-07]",211762,172444,3778,1,True,
panda_trajectory_21_k0_f127,panda,regular_first_subproblems,0,scalar_early,4,0.5,1,1,,0.0006890179348149324,,False,True,False,task_feasible_early,0.0006890432582061401,0.0,1.4473834120327445e-14,0.0006890179348149324,"[2.4585886213458047e-07,2.9650564455012977e-07]",200273,162895,3775,1,True,
panda_trajectory_21_k0_f127,panda,regular_first_subproblems,0,scalar_early,1,0.5,1,1,,0.0006890179348149324,,False,True,False,task_feasible_early,0.0006890432582061401,0.0,1.4473834120327445e-14,0.0006890179348149324,"[2.4585886213458047e-07,2.9650564455012977e-07]",220273,180485,4229,1,True,
panda_trajectory_21_k0_f149,panda,regular_first_subproblems,0,scalar_early,1,0.5,1,1,,0.00035934499251014064,,False,True,False,task_feasible_early,0.00035953193661613053,0.0,1.706135029904003e-14,0.00035934499251014064,"[7.783306902600148e-08,4.5172128100585624e-07]",226658,187081,4009,1,True,
panda_trajectory_21_k0_f149,panda,regular_first_subproblems,0,scalar_early,3,0.5,1,1,,0.00035934499251014064,,False,True,False,task_feasible_early,0.00035953193661613053,0.0,1.706135029904003e-14,0.00035934499251014064,"[7.783306902600148e-08,4.5172128100585624e-07]",208318,169576,3922,1,True,
panda_trajectory_21_k0_f149,panda,regular_first_subproblems,0,scalar_early,0,0.5,1,1,,0.00035934499251014064,,False,True,False,task_feasible_early,0.00035953193661613053,0.0,1.706135029904003e-14,0.00035934499251014064,"[7.783306902600148e-08,4.5172128100585624e-07]",217363,178293,4218,1,True,
panda_trajectory_21_k0_f149,panda,regular_first_subproblems,0,scalar_early,2,0.5,1,1,,0.00035934499251014064,,False,True,False,task_feasible_early,0.00035953193661613053,0.0,1.706135029904003e-14,0.00035934499251014064,"[7.783306902600148e-08,4.5172128100585624e-07]",216164,176603,3382,1,True,
panda_trajectory_21_k0_f149,panda,regular_first_subproblems,0,scalar_early,4,0.5,1,1,,0.00035934499251014064,,False,True,False,task_feasible_early,0.00035953193661613053,0.0,1.706135029904003e-14,0.00035934499251014064,"[7.783306902600148e-08,4.5172128100585624e-07]",206562,169470,3780,1,True,
panda_trajectory_21_k1_f0,panda,regular_first_subproblems,1,scalar_early,4,0.5,1,1,,0.1271220343706038,,False,True,False,task_feasible_early,0.12712245267762384,0.0,3.13924272054161e-14,0.1271220343706038,"[2.9398634444263525e-07,1.1306003845229704e-06]",206947,169058,3812,1,True,
panda_trajectory_21_k1_f0,panda,regular_first_subproblems,1,scalar_early,0,0.5,1,1,,0.1271220343706038,,False,True,False,task_feasible_early,0.12712245267762384,0.0,3.13924272054161e-14,0.1271220343706038,"[2.9398634444263525e-07,1.1306003845229704e-06]",249287,205646,3979,1,True,
panda_trajectory_21_k1_f0,panda,regular_first_subproblems,1,scalar_early,3,0.5,1,1,,0.1271220343706038,,False,True,False,task_feasible_early,0.12712245267762384,0.0,3.13924272054161e-14,0.1271220343706038,"[2.9398634444263525e-07,1.1306003845229704e-06]",200421,163646,3817,1,True,
panda_trajectory_21_k1_f0,panda,regular_first_subproblems,1,scalar_early,1,0.5,1,1,,0.1271220343706038,,False,True,False,task_feasible_early,0.12712245267762384,0.0,3.13924272054161e-14,0.1271220343706038,"[2.9398634444263525e-07,1.1306003845229704e-06]",228994,190070,3478,1,True,
panda_trajectory_21_k1_f0,panda,regular_first_subproblems,1,scalar_early,2,0.5,1,1,,0.1271220343706038,,False,True,False,task_feasible_early,0.12712245267762384,0.0,3.13924272054161e-14,0.1271220343706038,"[2.9398634444263525e-07,1.1306003845229704e-06]",208140,169820,3775,1,True,
panda_trajectory_21_k1_f21,panda,regular_first_subproblems,1,scalar_early,1,0.5,1,1,,0.10507669583281597,,False,True,False,task_feasible_early,0.10507724436076561,0.0,2.1646786775438083e-14,0.10507669583281597,"[7.406414586832397e-08,1.1711200451483645e-06]",198699,161497,3800,1,True,
panda_trajectory_21_k1_f21,panda,regular_first_subproblems,1,scalar_early,3,0.5,1,1,,0.10507669583281597,,False,True,False,task_feasible_early,0.10507724436076561,0.0,2.1646786775438083e-14,0.10507669583281597,"[7.406414586832397e-08,1.1711200451483645e-06]",218819,179300,4149,1,True,
panda_trajectory_21_k1_f21,panda,regular_first_subproblems,1,scalar_early,0,0.5,1,1,,0.10507669583281597,,False,True,False,task_feasible_early,0.10507724436076561,0.0,2.1646786775438083e-14,0.10507669583281597,"[7.406414586832397e-08,1.1711200451483645e-06]",214269,173940,3904,1,True,
panda_trajectory_21_k1_f21,panda,regular_first_subproblems,1,scalar_early,4,0.5,1,1,,0.10507669583281597,,False,True,False,task_feasible_early,0.10507724436076561,0.0,2.1646786775438083e-14,0.10507669583281597,"[7.406414586832397e-08,1.1711200451483645e-06]",206627,168456,4000,1,True,
panda_trajectory_21_k1_f21,panda,regular_first_subproblems,1,scalar_early,2,0.5,1,1,,0.10507669583281597,,False,True,False,task_feasible_early,0.10507724436076561,0.0,2.1646786775438083e-14,0.10507669583281597,"[7.406414586832397e-08,1.1711200451483645e-06]",223270,183845,3830,1,True,
panda_trajectory_21_k1_f42,panda,regular_first_subproblems,1,scalar_early,3,0.5,1,1,,0.08564293888659165,,False,True,False,task_feasible_early,0.08564294755436345,0.0,3.1230437519257915e-14,0.08564293888659165,"[8.584045931907251e-08,6.850491570477022e-08]",228805,187064,4133,1,True,
panda_trajectory_21_k1_f42,panda,regular_first_subproblems,1,scalar_early,2,0.5,1,1,,0.08564293888659165,,False,True,False,task_feasible_early,0.08564294755436345,0.0,3.1230437519257915e-14,0.08564293888659165,"[8.584045931907251e-08,6.850491570477022e-08]",215014,176245,3597,1,True,
panda_trajectory_21_k1_f42,panda,regular_first_subproblems,1,scalar_early,0,0.5,1,1,,0.08564293888659165,,False,True,False,task_feasible_early,0.08564294755436345,0.0,3.1230437519257915e-14,0.08564293888659165,"[8.584045931907251e-08,6.850491570477022e-08]",203352,165899,3687,1,True,
panda_trajectory_21_k1_f42,panda,regular_first_subproblems,1,scalar_early,1,0.5,1,1,,0.08564293888659165,,False,True,False,task_feasible_early,0.08564294755436345,0.0,3.1230437519257915e-14,0.08564293888659165,"[8.584045931907251e-08,6.850491570477022e-08]",221396,182501,3632,1,True,
panda_trajectory_21_k1_f42,panda,regular_first_subproblems,1,scalar_early,4,0.5,1,1,,0.08564293888659165,,False,True,False,task_feasible_early,0.08564294755436345,0.0,3.1230437519257915e-14,0.08564293888659165,"[8.584045931907251e-08,6.850491570477022e-08]",207541,169821,3821,1,True,
panda_trajectory_21_k1_f63,panda,regular_first_subproblems,1,scalar_early,0,0.5,1,1,,0.06279867022726798,,False,True,False,task_feasible_early,0.06279881321596632,0.0,1.4728772825180592e-14,0.06279867022726798,"[5.051301254859048e-07,7.911075221601467e-07]",222221,183053,3556,1,True,
panda_trajectory_21_k1_f63,panda,regular_first_subproblems,1,scalar_early,1,0.5,1,1,,0.06279867022726798,,False,True,False,task_feasible_early,0.06279881321596632,0.0,1.4728772825180592e-14,0.06279867022726798,"[5.051301254859048e-07,7.911075221601467e-07]",200666,161148,6420,1,True,
panda_trajectory_21_k1_f63,panda,regular_first_subproblems,1,scalar_early,3,0.5,1,1,,0.06279867022726798,,False,True,False,task_feasible_early,0.06279881321596632,0.0,1.4728772825180592e-14,0.06279867022726798,"[5.051301254859048e-07,7.911075221601467e-07]",206969,168145,4116,1,True,
panda_trajectory_21_k1_f63,panda,regular_first_subproblems,1,scalar_early,4,0.5,1,1,,0.06279867022726798,,False,True,False,task_feasible_early,0.06279881321596632,0.0,1.4728772825180592e-14,0.06279867022726798,"[5.051301254859048e-07,7.911075221601467e-07]",211370,170639,3735,1,True,
panda_trajectory_21_k1_f63,panda,regular_first_subproblems,1,scalar_early,2,0.5,1,1,,0.06279867022726798,,False,True,False,task_feasible_early,0.06279881321596632,0.0,1.4728772825180592e-14,0.06279867022726798,"[5.051301254859048e-07,7.911075221601467e-07]",206570,169022,3766,1,True,
panda_trajectory_21_k1_f85,panda,regular_first_subproblems,1,scalar_early,0,0.5,1,1,,0.04776797953158453,,False,True,False,task_feasible_early,0.04776815327426247,0.0,6.676124710113433e-15,0.04776797953158453,"[6.715294761613051e-08,4.146383034946564e-07]",220522,178945,3920,1,True,
panda_trajectory_21_k1_f85,panda,regular_first_subproblems,1,scalar_early,4,0.5,1,1,,0.04776797953158453,,False,True,False,task_feasible_early,0.04776815327426247,0.0,6.676124710113433e-15,0.04776797953158453,"[6.715294761613051e-08,4.146383034946564e-07]",207579,169852,3653,1,True,
panda_trajectory_21_k1_f85,panda,regular_first_subproblems,1,scalar_early,2,0.5,1,1,,0.04776797953158453,,False,True,False,task_feasible_early,0.04776815327426247,0.0,6.676124710113433e-15,0.04776797953158453,"[6.715294761613051e-08,4.146383034946564e-07]",209428,169845,3792,1,True,
panda_trajectory_21_k1_f85,panda,regular_first_subproblems,1,scalar_early,3,0.5,1,1,,0.04776797953158453,,False,True,False,task_feasible_early,0.04776815327426247,0.0,6.676124710113433e-15,0.04776797953158453,"[6.715294761613051e-08,4.146383034946564e-07]",206752,167001,3612,1,True,
panda_trajectory_21_k1_f85,panda,regular_first_subproblems,1,scalar_early,1,0.5,1,1,,0.04776797953158453,,False,True,False,task_feasible_early,0.04776815327426247,0.0,6.676124710113433e-15,0.04776797953158453,"[6.715294761613051e-08,4.146383034946564e-07]",206277,167968,4035,1,True,
panda_trajectory_21_k1_f106,panda,regular_first_subproblems,1,scalar_early,4,0.5,1,1,,0.04399962649258649,,False,True,False,task_feasible_early,0.043999763495645966,0.0,1.152067043636937e-14,0.04399962649258649,"[4.045424431721369e-07,1.3053632421800638e-07]",208227,169935,3893,1,True,
panda_trajectory_21_k1_f106,panda,regular_first_subproblems,1,scalar_early,1,0.5,1,1,,0.04399962649258649,,False,True,False,task_feasible_early,0.043999763495645966,0.0,1.152067043636937e-14,0.04399962649258649,"[4.045424431721369e-07,1.3053632421800638e-07]",218766,179880,3996,1,True,
panda_trajectory_21_k1_f106,panda,regular_first_subproblems,1,scalar_early,2,0.5,1,1,,0.04399962649258649,,False,True,False,task_feasible_early,0.043999763495645966,0.0,1.152067043636937e-14,0.04399962649258649,"[4.045424431721369e-07,1.3053632421800638e-07]",205097,167234,4092,1,True,
panda_trajectory_21_k1_f106,panda,regular_first_subproblems,1,scalar_early,0,0.5,1,1,,0.04399962649258649,,False,True,False,task_feasible_early,0.043999763495645966,0.0,1.152067043636937e-14,0.04399962649258649,"[4.045424431721369e-07,1.3053632421800638e-07]",212454,172029,3767,1,True,
panda_trajectory_21_k1_f106,panda,regular_first_subproblems,1,scalar_early,3,0.5,1,1,,0.04399962649258649,,False,True,False,task_feasible_early,0.043999763495645966,0.0,1.152067043636937e-14,0.04399962649258649,"[4.045424431721369e-07,1.3053632421800638e-07]",205093,167190,3986,1,True,
panda_trajectory_21_k1_f127,panda,regular_first_subproblems,1,scalar_early,2,0.5,1,1,,0.051051661511306454,,False,True,False,task_feasible_early,0.05105166758731764,0.0,3.286935219177208e-14,0.051051661511306454,"[7.080040626147465e-07,6.958520402415685e-07]",212462,173923,4219,1,True,
panda_trajectory_21_k1_f127,panda,regular_first_subproblems,1,scalar_early,0,0.5,1,1,,0.051051661511306454,,False,True,False,task_feasible_early,0.05105166758731764,0.0,3.286935219177208e-14,0.051051661511306454,"[7.080040626147465e-07,6.958520402415685e-07]",206328,166573,3686,1,True,
panda_trajectory_21_k1_f127,panda,regular_first_subproblems,1,scalar_early,3,0.5,1,1,,0.051051661511306454,,False,True,False,task_feasible_early,0.05105166758731764,0.0,3.286935219177208e-14,0.051051661511306454,"[7.080040626147465e-07,6.958520402415685e-07]",207274,167504,3726,1,True,
panda_trajectory_21_k1_f127,panda,regular_first_subproblems,1,scalar_early,1,0.5,1,1,,0.051051661511306454,,False,True,False,task_feasible_early,0.05105166758731764,0.0,3.286935219177208e-14,0.051051661511306454,"[7.080040626147465e-07,6.958520402415685e-07]",230715,190005,3832,1,True,
panda_trajectory_21_k1_f127,panda,regular_first_subproblems,1,scalar_early,4,0.5,1,1,,0.051051661511306454,,False,True,False,task_feasible_early,0.05105166758731764,0.0,3.286935219177208e-14,0.051051661511306454,"[7.080040626147465e-07,6.958520402415685e-07]",208912,170735,4030,1,True,
panda_trajectory_21_k1_f149,panda,regular_first_subproblems,1,scalar_early,4,0.5,1,1,,0.06369645573481753,,False,True,False,task_feasible_early,0.06369705774274599,0.0,2.7245515444068443e-14,0.06369645573481753,"[7.144645050339586e-07,1.9184803619683596e-06]",208393,170208,4051,1,True,
panda_trajectory_21_k1_f149,panda,regular_first_subproblems,1,scalar_early,0,0.5,1,1,,0.06369645573481753,,False,True,False,task_feasible_early,0.06369705774274599,0.0,2.7245515444068443e-14,0.06369645573481753,"[7.144645050339586e-07,1.9184803619683596e-06]",202162,164847,3718,1,True,
panda_trajectory_21_k1_f149,panda,regular_first_subproblems,1,scalar_early,1,0.5,1,1,,0.06369645573481753,,False,True,False,task_feasible_early,0.06369705774274599,0.0,2.7245515444068443e-14,0.06369645573481753,"[7.144645050339586e-07,1.9184803619683596e-06]",214461,173656,3801,1,True,
panda_trajectory_21_k1_f149,panda,regular_first_subproblems,1,scalar_early,3,0.5,1,1,,0.06369645573481753,,False,True,False,task_feasible_early,0.06369705774274599,0.0,2.7245515444068443e-14,0.06369645573481753,"[7.144645050339586e-07,1.9184803619683596e-06]",221381,181174,3979,1,True,
panda_trajectory_21_k1_f149,panda,regular_first_subproblems,1,scalar_early,2,0.5,1,1,,0.06369645573481753,,False,True,False,task_feasible_early,0.06369705774274599,0.0,2.7245515444068443e-14,0.06369645573481753,"[7.144645050339586e-07,1.9184803619683596e-06]",206289,168833,3874,1,True,
panda_trajectory_10_k0_f3,panda,regular_first_subproblems,0,scalar_early,4,0.5,1,1,,6.720315130583258e-06,,False,True,False,task_feasible_early,6.721201534880135e-06,0.0,8.215650382226158e-15,6.720315130583258e-06,"[2.404479145198885e-10,2.013256508275157e-09]",214393,175344,4151,1,True,
panda_trajectory_10_k0_f3,panda,regular_first_subproblems,0,scalar_early,0,0.5,1,1,,6.720315130583258e-06,,False,True,False,task_feasible_early,6.721201534880135e-06,0.0,8.215650382226158e-15,6.720315130583258e-06,"[2.404479145198885e-10,2.013256508275157e-09]",210587,172854,3982,1,True,
panda_trajectory_10_k0_f3,panda,regular_first_subproblems,0,scalar_early,3,0.5,1,1,,6.720315130583258e-06,,False,True,False,task_feasible_early,6.721201534880135e-06,0.0,8.215650382226158e-15,6.720315130583258e-06,"[2.404479145198885e-10,2.013256508275157e-09]",239507,197377,3710,1,True,
panda_trajectory_10_k0_f3,panda,regular_first_subproblems,0,scalar_early,2,0.5,1,1,,6.720315130583258e-06,,False,True,False,task_feasible_early,6.721201534880135e-06,0.0,8.215650382226158e-15,6.720315130583258e-06,"[2.404479145198885e-10,2.013256508275157e-09]",221229,181673,3724,1,True,
panda_trajectory_10_k0_f3,panda,regular_first_subproblems,0,scalar_early,1,0.5,1,1,,6.720315130583258e-06,,False,True,False,task_feasible_early,6.721201534880135e-06,0.0,8.215650382226158e-15,6.720315130583258e-06,"[2.404479145198885e-10,2.013256508275157e-09]",202318,164710,3902,1,True,
panda_trajectory_10_k0_f24,panda,regular_first_subproblems,0,scalar_early,1,0.5,1,1,,5.736790083559543e-05,,False,True,False,task_feasible_early,5.737633441722927e-05,0.0,1.6165091241761062e-14,5.736790083559543e-05,"[3.5375889968107663e-09,2.0404752264483043e-08]",224895,184411,4460,1,True,
panda_trajectory_10_k0_f24,panda,regular_first_subproblems,0,scalar_early,2,0.5,1,1,,5.736790083559543e-05,,False,True,False,task_feasible_early,5.737633441722927e-05,0.0,1.6165091241761062e-14,5.736790083559543e-05,"[3.5375889968107663e-09,2.0404752264483043e-08]",217889,178412,3853,1,True,
panda_trajectory_10_k0_f24,panda,regular_first_subproblems,0,scalar_early,3,0.5,1,1,,5.736790083559543e-05,,False,True,False,task_feasible_early,5.737633441722927e-05,0.0,1.6165091241761062e-14,5.736790083559543e-05,"[3.5375889968107663e-09,2.0404752264483043e-08]",216122,178257,3877,1,True,
panda_trajectory_10_k0_f24,panda,regular_first_subproblems,0,scalar_early,0,0.5,1,1,,5.736790083559543e-05,,False,True,False,task_feasible_early,5.737633441722927e-05,0.0,1.6165091241761062e-14,5.736790083559543e-05,"[3.5375889968107663e-09,2.0404752264483043e-08]",206664,168760,3718,1,True,
panda_trajectory_10_k0_f24,panda,regular_first_subproblems,0,scalar_early,4,0.5,1,1,,5.736790083559543e-05,,False,True,False,task_feasible_early,5.737633441722927e-05,0.0,1.6165091241761062e-14,5.736790083559543e-05,"[3.5375889968107663e-09,2.0404752264483043e-08]",202901,165073,3935,1,True,
panda_trajectory_10_k0_f44,panda,regular_first_subproblems,0,scalar_early,3,0.5,1,1,,0.00015049129872641323,,False,True,False,task_feasible_early,0.0001505180971138884,0.0,3.2097544177376584e-14,0.00015049129872641323,"[2.0488899016329925e-08,7.408567396665951e-08]",203250,164793,3531,1,True,
panda_trajectory_10_k0_f44,panda,regular_first_subproblems,0,scalar_early,0,0.5,1,1,,0.00015049129872641323,,False,True,False,task_feasible_early,0.0001505180971138884,0.0,3.2097544177376584e-14,0.00015049129872641323,"[2.0488899016329925e-08,7.408567396665951e-08]",200596,163174,3793,1,True,
panda_trajectory_10_k0_f44,panda,regular_first_subproblems,0,scalar_early,1,0.5,1,1,,0.00015049129872641323,,False,True,False,task_feasible_early,0.0001505180971138884,0.0,3.2097544177376584e-14,0.00015049129872641323,"[2.0488899016329925e-08,7.408567396665951e-08]",207427,169224,3765,1,True,
panda_trajectory_10_k0_f44,panda,regular_first_subproblems,0,scalar_early,4,0.5,1,1,,0.00015049129872641323,,False,True,False,task_feasible_early,0.0001505180971138884,0.0,3.2097544177376584e-14,0.00015049129872641323,"[2.0488899016329925e-08,7.408567396665951e-08]",203356,165789,3752,1,True,
panda_trajectory_10_k0_f44,panda,regular_first_subproblems,0,scalar_early,2,0.5,1,1,,0.00015049129872641323,,False,True,False,task_feasible_early,0.0001505180971138884,0.0,3.2097544177376584e-14,0.00015049129872641323,"[2.0488899016329925e-08,7.408567396665951e-08]",203891,166218,3762,1,True,
panda_trajectory_10_k0_f64,panda,regular_first_subproblems,0,scalar_early,1,0.5,1,1,,0.0002177216548658659,,False,True,False,task_feasible_early,0.00021782606702845477,0.0,1.020439314654103e-14,0.0002177216548658659,"[4.004891754102163e-07,6.093135005879609e-07]",204752,166976,3851,1,True,
panda_trajectory_10_k0_f64,panda,regular_first_subproblems,0,scalar_early,4,0.5,1,1,,0.0002177216548658659,,False,True,False,task_feasible_early,0.00021782606702845477,0.0,1.020439314654103e-14,0.0002177216548658659,"[4.004891754102163e-07,6.093135005879609e-07]",201213,163579,3803,1,True,
panda_trajectory_10_k0_f64,panda,regular_first_subproblems,0,scalar_early,2,0.5,1,1,,0.0002177216548658659,,False,True,False,task_feasible_early,0.00021782606702845477,0.0,1.020439314654103e-14,0.0002177216548658659,"[4.004891754102163e-07,6.093135005879609e-07]",227104,187631,3506,1,True,
panda_trajectory_10_k0_f64,panda,regular_first_subproblems,0,scalar_early,0,0.5,1,1,,0.0002177216548658659,,False,True,False,task_feasible_early,0.00021782606702845477,0.0,1.020439314654103e-14,0.0002177216548658659,"[4.004891754102163e-07,6.093135005879609e-07]",215280,175124,4023,1,True,
panda_trajectory_10_k0_f64,panda,regular_first_subproblems,0,scalar_early,3,0.5,1,1,,0.0002177216548658659,,False,True,False,task_feasible_early,0.00021782606702845477,0.0,1.020439314654103e-14,0.0002177216548658659,"[4.004891754102163e-07,6.093135005879609e-07]",210514,171217,4281,1,True,
panda_trajectory_10_k0_f84,panda,regular_first_subproblems,0,scalar_early,0,0.5,1,1,,0.00021425540507161948,,False,True,False,task_feasible_early,0.00021426840991816497,0.0,1.443119118362539e-14,0.00021425540507161948,"[1.0712573522146482e-06,1.0452476591237025e-06]",233356,191745,4425,1,True,
panda_trajectory_10_k0_f84,panda,regular_first_subproblems,0,scalar_early,3,0.5,1,1,,0.00021425540507161948,,False,True,False,task_feasible_early,0.00021426840991816497,0.0,1.443119118362539e-14,0.00021425540507161948,"[1.0712573522146482e-06,1.0452476591237025e-06]",211755,172519,4263,1,True,
panda_trajectory_10_k0_f84,panda,regular_first_subproblems,0,scalar_early,1,0.5,1,1,,0.00021425540507161948,,False,True,False,task_feasible_early,0.00021426840991816497,0.0,1.443119118362539e-14,0.00021425540507161948,"[1.0712573522146482e-06,1.0452476591237025e-06]",219068,178583,3748,1,True,
panda_trajectory_10_k0_f84,panda,regular_first_subproblems,0,scalar_early,2,0.5,1,1,,0.00021425540507161948,,False,True,False,task_feasible_early,0.00021426840991816497,0.0,1.443119118362539e-14,0.00021425540507161948,"[1.0712573522146482e-06,1.0452476591237025e-06]",204287,166477,3795,1,True,
panda_trajectory_10_k0_f84,panda,regular_first_subproblems,0,scalar_early,4,0.5,1,1,,0.00021425540507161948,,False,True,False,task_feasible_early,0.00021426840991816497,0.0,1.443119118362539e-14,0.00021425540507161948,"[1.0712573522146482e-06,1.0452476591237025e-06]",210818,172088,4088,1,True,
panda_trajectory_10_k0_f104,panda,regular_first_subproblems,0,scalar_early,2,0.5,1,1,,0.00014008932749441915,,False,True,False,task_feasible_early,0.00014008983087917265,0.0,1.5987211554602254e-14,0.00014008932749441915,"[2.750187548170237e-08,2.850864498870106e-08]",220639,182293,3887,1,True,
panda_trajectory_10_k0_f104,panda,regular_first_subproblems,0,scalar_early,3,0.5,1,1,,0.00014008932749441915,,False,True,False,task_feasible_early,0.00014008983087917265,0.0,1.5987211554602254e-14,0.00014008932749441915,"[2.750187548170237e-08,2.850864498870106e-08]",220876,181252,4058,1,True,
panda_trajectory_10_k0_f104,panda,regular_first_subproblems,0,scalar_early,4,0.5,1,1,,0.00014008932749441915,,False,True,False,task_feasible_early,0.00014008983087917265,0.0,1.5987211554602254e-14,0.00014008932749441915,"[2.750187548170237e-08,2.850864498870106e-08]",205375,167119,3891,1,True,
panda_trajectory_10_k0_f104,panda,regular_first_subproblems,0,scalar_early,1,0.5,1,1,,0.00014008932749441915,,False,True,False,task_feasible_early,0.00014008983087917265,0.0,1.5987211554602254e-14,0.00014008932749441915,"[2.750187548170237e-08,2.850864498870106e-08]",204527,166079,4054,1,True,
panda_trajectory_10_k0_f104,panda,regular_first_subproblems,0,scalar_early,0,0.5,1,1,,0.00014008932749441915,,False,True,False,task_feasible_early,0.00014008983087917265,0.0,1.5987211554602254e-14,0.00014008932749441915,"[2.750187548170237e-08,2.850864498870106e-08]",217797,177958,4009,1,True,
panda_trajectory_10_k0_f124,panda,regular_first_subproblems,0,scalar_early,4,0.5,1,1,,5.29345376677303e-05,,False,True,False,task_feasible_early,5.293570432919403e-05,0.0,1.2932072993408848e-14,5.29345376677303e-05,"[5.334475807365187e-09,7.667798734809507e-09]",207813,168902,4150,1,True,
panda_trajectory_10_k0_f124,panda,regular_first_subproblems,0,scalar_early,1,0.5,1,1,,5.29345376677303e-05,,False,True,False,task_feasible_early,5.293570432919403e-05,0.0,1.2932072993408848e-14,5.29345376677303e-05,"[5.334475807365187e-09,7.667798734809507e-09]",213977,173754,4037,1,True,
panda_trajectory_10_k0_f124,panda,regular_first_subproblems,0,scalar_early,0,0.5,1,1,,5.29345376677303e-05,,False,True,False,task_feasible_early,5.293570432919403e-05,0.0,1.2932072993408848e-14,5.29345376677303e-05,"[5.334475807365187e-09,7.667798734809507e-09]",219223,180294,3690,1,True,
panda_trajectory_10_k0_f124,panda,regular_first_subproblems,0,scalar_early,2,0.5,1,1,,5.29345376677303e-05,,False,True,False,task_feasible_early,5.293570432919403e-05,0.0,1.2932072993408848e-14,5.29345376677303e-05,"[5.334475807365187e-09,7.667798734809507e-09]",207614,167843,3670,1,True,
panda_trajectory_10_k0_f124,panda,regular_first_subproblems,0,scalar_early,3,0.5,1,1,,5.29345376677303e-05,,False,True,False,task_feasible_early,5.293570432919403e-05,0.0,1.2932072993408848e-14,5.29345376677303e-05,"[5.334475807365187e-09,7.667798734809507e-09]",200830,162736,3876,1,True,
panda_trajectory_10_k0_f149,panda,regular_first_subproblems,0,scalar_early,1,0.5,1,1,,5.631007383346494e-06,,False,True,False,task_feasible_early,5.631158716869255e-06,0.0,1.0555880013644903e-14,5.631007383346494e-06,"[4.3932166779421e-10,7.419887133153531e-10]",214958,174430,3622,1,True,
panda_trajectory_10_k0_f149,panda,regular_first_subproblems,0,scalar_early,0,0.5,1,1,,5.631007383346494e-06,,False,True,False,task_feasible_early,5.631158716869255e-06,0.0,1.0555880013644903e-14,5.631007383346494e-06,"[4.3932166779421e-10,7.419887133153531e-10]",223344,183263,4090,1,True,
panda_trajectory_10_k0_f149,panda,regular_first_subproblems,0,scalar_early,4,0.5,1,1,,5.631007383346494e-06,,False,True,False,task_feasible_early,5.631158716869255e-06,0.0,1.0555880013644903e-14,5.631007383346494e-06,"[4.3932166779421e-10,7.419887133153531e-10]",203309,165297,3765,1,True,
panda_trajectory_10_k0_f149,panda,regular_first_subproblems,0,scalar_early,2,0.5,1,1,,5.631007383346494e-06,,False,True,False,task_feasible_early,5.631158716869255e-06,0.0,1.0555880013644903e-14,5.631007383346494e-06,"[4.3932166779421e-10,7.419887133153531e-10]",200969,164099,3722,1,True,
panda_trajectory_10_k0_f149,panda,regular_first_subproblems,0,scalar_early,3,0.5,1,1,,5.631007383346494e-06,,False,True,False,task_feasible_early,5.631158716869255e-06,0.0,1.0555880013644903e-14,5.631007383346494e-06,"[4.3932166779421e-10,7.419887133153531e-10]",207172,169066,3814,1,True,
panda_trajectory_10_k1_f3,panda,regular_first_subproblems,1,scalar_early,0,0.5,1,1,,0.32355683423090137,,False,True,False,task_feasible_early,0.3235576952485374,0.0,9.930136612989092e-16,0.32355683423090137,"[7.161747582096171e-06,5.4397123100315526e-06]",210905,172926,4052,1,True,
panda_trajectory_10_k1_f3,panda,regular_first_subproblems,1,scalar_early,3,0.5,1,1,,0.32355683423090137,,False,True,False,task_feasible_early,0.3235576952485374,0.0,9.930136612989092e-16,0.32355683423090137,"[7.161747582096171e-06,5.4397123100315526e-06]",199562,162647,3890,1,True,
panda_trajectory_10_k1_f3,panda,regular_first_subproblems,1,scalar_early,1,0.5,1,1,,0.32355683423090137,,False,True,False,task_feasible_early,0.3235576952485374,0.0,9.930136612989092e-16,0.32355683423090137,"[7.161747582096171e-06,5.4397123100315526e-06]",221591,181392,4055,1,True,
panda_trajectory_10_k1_f3,panda,regular_first_subproblems,1,scalar_early,2,0.5,1,1,,0.32355683423090137,,False,True,False,task_feasible_early,0.3235576952485374,0.0,9.930136612989092e-16,0.32355683423090137,"[7.161747582096171e-06,5.4397123100315526e-06]",210150,171023,3981,1,True,
panda_trajectory_10_k1_f3,panda,regular_first_subproblems,1,scalar_early,4,0.5,1,1,,0.32355683423090137,,False,True,False,task_feasible_early,0.3235576952485374,0.0,9.930136612989092e-16,0.32355683423090137,"[7.161747582096171e-06,5.4397123100315526e-06]",206836,169192,3719,1,True,
panda_trajectory_10_k1_f24,panda,regular_first_subproblems,1,scalar_early,2,0.5,1,1,,0.31967920323772603,,False,True,False,task_feasible_early,0.31968024661498873,0.0,1.432833034877994e-14,0.31967920323772603,"[8.834173938437852e-06,6.7474194130727855e-06]",205457,167335,3808,1,True,
panda_trajectory_10_k1_f24,panda,regular_first_subproblems,1,scalar_early,3,0.5,1,1,,0.31967920323772603,,False,True,False,task_feasible_early,0.31968024661498873,0.0,1.432833034877994e-14,0.31967920323772603,"[8.834173938437852e-06,6.7474194130727855e-06]",216179,177071,4148,1,True,
panda_trajectory_10_k1_f24,panda,regular_first_subproblems,1,scalar_early,1,0.5,1,1,,0.31967920323772603,,False,True,False,task_feasible_early,0.31968024661498873,0.0,1.432833034877994e-14,0.31967920323772603,"[8.834173938437852e-06,6.7474194130727855e-06]",217969,176851,3973,1,True,
panda_trajectory_10_k1_f24,panda,regular_first_subproblems,1,scalar_early,4,0.5,1,1,,0.31967920323772603,,False,True,False,task_feasible_early,0.31968024661498873,0.0,1.432833034877994e-14,0.31967920323772603,"[8.834173938437852e-06,6.7474194130727855e-06]",200810,163330,3734,1,True,
panda_trajectory_10_k1_f24,panda,regular_first_subproblems,1,scalar_early,0,0.5,1,1,,0.31967920323772603,,False,True,False,task_feasible_early,0.31968024661498873,0.0,1.432833034877994e-14,0.31967920323772603,"[8.834173938437852e-06,6.7474194130727855e-06]",209709,171089,3832,1,True,
panda_trajectory_10_k1_f44,panda,regular_first_subproblems,1,scalar_early,2,0.5,1,1,,0.3125747754053779,,False,True,False,task_feasible_early,0.31257618552115446,0.0,1.4708674422151798e-14,0.3125747754053779,"[1.670663107311618e-05,1.3886399520006554e-05]",226747,185969,4513,1,True,
panda_trajectory_10_k1_f44,panda,regular_first_subproblems,1,scalar_early,4,0.5,1,1,,0.3125747754053779,,False,True,False,task_feasible_early,0.31257618552115446,0.0,1.4708674422151798e-14,0.3125747754053779,"[1.670663107311618e-05,1.3886399520006554e-05]",204984,166890,3908,1,True,
panda_trajectory_10_k1_f44,panda,regular_first_subproblems,1,scalar_early,1,0.5,1,1,,0.3125747754053779,,False,True,False,task_feasible_early,0.31257618552115446,0.0,1.4708674422151798e-14,0.3125747754053779,"[1.670663107311618e-05,1.3886399520006554e-05]",202958,165261,3820,1,True,
panda_trajectory_10_k1_f44,panda,regular_first_subproblems,1,scalar_early,3,0.5,1,1,,0.3125747754053779,,False,True,False,task_feasible_early,0.31257618552115446,0.0,1.4708674422151798e-14,0.3125747754053779,"[1.670663107311618e-05,1.3886399520006554e-05]",212786,171846,3826,1,True,
panda_trajectory_10_k1_f44,panda,regular_first_subproblems,1,scalar_early,0,0.5,1,1,,0.3125747754053779,,False,True,False,task_feasible_early,0.31257618552115446,0.0,1.4708674422151798e-14,0.3125747754053779,"[1.670663107311618e-05,1.3886399520006554e-05]",221608,181741,3829,1,True,
panda_trajectory_10_k1_f64,panda,regular_first_subproblems,1,scalar_early,4,0.5,1,1,,0.30506095894844837,,False,True,False,task_feasible_early,0.3050614573037449,0.0,1.5987211554602254e-14,0.30506095894844837,"[0.00010762394519357592,0.00010662723460049713]",196702,159695,3708,1,True,
panda_trajectory_10_k1_f64,panda,regular_first_subproblems,1,scalar_early,2,0.5,1,1,,0.30506095894844837,,False,True,False,task_feasible_early,0.3050614573037449,0.0,1.5987211554602254e-14,0.30506095894844837,"[0.00010762394519357592,0.00010662723460049713]",220836,181766,3516,1,True,
panda_trajectory_10_k1_f64,panda,regular_first_subproblems,1,scalar_early,3,0.5,1,1,,0.30506095894844837,,False,True,False,task_feasible_early,0.3050614573037449,0.0,1.5987211554602254e-14,0.30506095894844837,"[0.00010762394519357592,0.00010662723460049713]",205971,168005,3862,1,True,
panda_trajectory_10_k1_f64,panda,regular_first_subproblems,1,scalar_early,1,0.5,1,1,,0.30506095894844837,,False,True,False,task_feasible_early,0.3050614573037449,0.0,1.5987211554602254e-14,0.30506095894844837,"[0.00010762394519357592,0.00010662723460049713]",207726,167965,3810,1,True,
panda_trajectory_10_k1_f64,panda,regular_first_subproblems,1,scalar_early,0,0.5,1,1,,0.30506095894844837,,False,True,False,task_feasible_early,0.3050614573037449,0.0,1.5987211554602254e-14,0.30506095894844837,"[0.00010762394519357592,0.00010662723460049713]",207892,169656,3959,1,True,
panda_trajectory_10_k1_f84,panda,regular_first_subproblems,1,scalar_early,4,0.5,1,1,,0.30110157099181417,,False,True,False,task_feasible_early,0.3011182645848571,0.0,4.525354030298344e-14,0.30110157099181417,"[0.00014374727801110505,0.00017713446409688455]",207352,168884,4102,1,True,
panda_trajectory_10_k1_f84,panda,regular_first_subproblems,1,scalar_early,1,0.5,1,1,,0.30110157099181417,,False,True,False,task_feasible_early,0.3011182645848571,0.0,4.525354030298344e-14,0.30110157099181417,"[0.00014374727801110505,0.00017713446409688455]",196141,158943,3776,1,True,
panda_trajectory_10_k1_f84,panda,regular_first_subproblems,1,scalar_early,0,0.5,1,1,,0.30110157099181417,,False,True,False,task_feasible_early,0.3011182645848571,0.0,4.525354030298344e-14,0.30110157099181417,"[0.00014374727801110505,0.00017713446409688455]",201146,162540,3828,1,True,
panda_trajectory_10_k1_f84,panda,regular_first_subproblems,1,scalar_early,3,0.5,1,1,,0.30110157099181417,,False,True,False,task_feasible_early,0.3011182645848571,0.0,4.525354030298344e-14,0.30110157099181417,"[0.00014374727801110505,0.00017713446409688455]",226087,185316,4461,1,True,
panda_trajectory_10_k1_f84,panda,regular_first_subproblems,1,scalar_early,2,0.5,1,1,,0.30110157099181417,,False,True,False,task_feasible_early,0.3011182645848571,0.0,4.525354030298344e-14,0.30110157099181417,"[0.00014374727801110505,0.00017713446409688455]",209214,170615,3929,1,True,
panda_trajectory_10_k1_f104,panda,regular_first_subproblems,1,scalar_early,4,0.5,1,1,,0.29948517051013973,,False,True,False,task_feasible_early,0.299488710649591,0.0,4.147897822134758e-14,0.29948517051013973,"[1.3494955620552738e-05,2.0575234523084853e-05]",209448,170925,4043,1,True,
panda_trajectory_10_k1_f104,panda,regular_first_subproblems,1,scalar_early,3,0.5,1,1,,0.29948517051013973,,False,True,False,task_feasible_early,0.299488710649591,0.0,4.147897822134758e-14,0.29948517051013973,"[1.3494955620552738e-05,2.0575234523084853e-05]",220115,179183,3744,1,True,
panda_trajectory_10_k1_f104,panda,regular_first_subproblems,1,scalar_early,1,0.5,1,1,,0.29948517051013973,,False,True,False,task_feasible_early,0.299488710649591,0.0,4.147897822134758e-14,0.29948517051013973,"[1.3494955620552738e-05,2.0575234523084853e-05]",207321,169252,4092,1,True,
panda_trajectory_10_k1_f104,panda,regular_first_subproblems,1,scalar_early,0,0.5,1,1,,0.29948517051013973,,False,True,False,task_feasible_early,0.299488710649591,0.0,4.147897822134758e-14,0.29948517051013973,"[1.3494955620552738e-05,2.0575234523084853e-05]",221072,182575,3697,1,True,
panda_trajectory_10_k1_f104,panda,regular_first_subproblems,1,scalar_early,2,0.5,1,1,,0.29948517051013973,,False,True,False,task_feasible_early,0.299488710649591,0.0,4.147897822134758e-14,0.29948517051013973,"[1.3494955620552738e-05,2.0575234523084853e-05]",202811,165708,3659,1,True,
panda_trajectory_10_k1_f124,panda,regular_first_subproblems,1,scalar_early,4,0.5,1,1,,0.29981150999771355,,False,True,False,task_feasible_early,0.29981371606391216,0.0,2.1614876153176178e-14,0.29981150999771355,"[5.770401839034469e-06,1.0182534236160933e-05]",227024,184998,4183,1,True,
panda_trajectory_10_k1_f124,panda,regular_first_subproblems,1,scalar_early,2,0.5,1,1,,0.29981150999771355,,False,True,False,task_feasible_early,0.29981371606391216,0.0,2.1614876153176178e-14,0.29981150999771355,"[5.770401839034469e-06,1.0182534236160933e-05]",213308,173504,3627,1,True,
panda_trajectory_10_k1_f124,panda,regular_first_subproblems,1,scalar_early,3,0.5,1,1,,0.29981150999771355,,False,True,False,task_feasible_early,0.29981371606391216,0.0,2.1614876153176178e-14,0.29981150999771355,"[5.770401839034469e-06,1.0182534236160933e-05]",206509,167526,4265,1,True,
panda_trajectory_10_k1_f124,panda,regular_first_subproblems,1,scalar_early,0,0.5,1,1,,0.29981150999771355,,False,True,False,task_feasible_early,0.29981371606391216,0.0,2.1614876153176178e-14,0.29981150999771355,"[5.770401839034469e-06,1.0182534236160933e-05]",213607,174652,3895,1,True,
panda_trajectory_10_k1_f124,panda,regular_first_subproblems,1,scalar_early,1,0.5,1,1,,0.29981150999771355,,False,True,False,task_feasible_early,0.29981371606391216,0.0,2.1614876153176178e-14,0.29981150999771355,"[5.770401839034469e-06,1.0182534236160933e-05]",201814,164449,3672,1,True,
panda_trajectory_10_k1_f149,panda,regular_first_subproblems,1,scalar_early,1,0.5,1,1,,0.3001243384969948,,False,True,False,task_feasible_early,0.300126204295167,0.0,5.425345383112397e-15,0.3001243384969948,"[4.339102777833816e-06,8.070699122256195e-06]",214957,175799,4001,1,True,
panda_trajectory_10_k1_f149,panda,regular_first_subproblems,1,scalar_early,4,0.5,1,1,,0.3001243384969948,,False,True,False,task_feasible_early,0.300126204295167,0.0,5.425345383112397e-15,0.3001243384969948,"[4.339102777833816e-06,8.070699122256195e-06]",208465,170027,4182,1,True,
panda_trajectory_10_k1_f149,panda,regular_first_subproblems,1,scalar_early,2,0.5,1,1,,0.3001243384969948,,False,True,False,task_feasible_early,0.300126204295167,0.0,5.425345383112397e-15,0.3001243384969948,"[4.339102777833816e-06,8.070699122256195e-06]",198049,160475,4032,1,True,
panda_trajectory_10_k1_f149,panda,regular_first_subproblems,1,scalar_early,3,0.5,1,1,,0.3001243384969948,,False,True,False,task_feasible_early,0.300126204295167,0.0,5.425345383112397e-15,0.3001243384969948,"[4.339102777833816e-06,8.070699122256195e-06]",207689,169734,3740,1,True,
panda_trajectory_10_k1_f149,panda,regular_first_subproblems,1,scalar_early,0,0.5,1,1,,0.3001243384969948,,False,True,False,task_feasible_early,0.300126204295167,0.0,5.425345383112397e-15,0.3001243384969948,"[4.339102777833816e-06,8.070699122256195e-06]",211010,172642,3758,1,True,
panda_trajectory_11_k0_f7,panda,regular_first_subproblems,0,scalar_early,4,0.5,1,1,,0.0001749475376574051,,False,True,False,task_feasible_early,0.00017504517510039027,0.0,4.773959005888173e-15,0.0001749475376574051,"[6.627724457674162e-07,4.6749755979706574e-07]",220311,180426,4141,1,True,
panda_trajectory_11_k0_f7,panda,regular_first_subproblems,0,scalar_early,2,0.5,1,1,,0.0001749475376574051,,False,True,False,task_feasible_early,0.00017504517510039027,0.0,4.773959005888173e-15,0.0001749475376574051,"[6.627724457674162e-07,4.6749755979706574e-07]",211124,173457,3660,1,True,
panda_trajectory_11_k0_f7,panda,regular_first_subproblems,0,scalar_early,1,0.5,1,1,,0.0001749475376574051,,False,True,False,task_feasible_early,0.00017504517510039027,0.0,4.773959005888173e-15,0.0001749475376574051,"[6.627724457674162e-07,4.6749755979706574e-07]",202688,162660,3675,1,True,
panda_trajectory_11_k0_f7,panda,regular_first_subproblems,0,scalar_early,3,0.5,1,1,,0.0001749475376574051,,False,True,False,task_feasible_early,0.00017504517510039027,0.0,4.773959005888173e-15,0.0001749475376574051,"[6.627724457674162e-07,4.6749755979706574e-07]",206634,168329,4091,1,True,
panda_trajectory_11_k0_f7,panda,regular_first_subproblems,0,scalar_early,0,0.5,1,1,,0.0001749475376574051,,False,True,False,task_feasible_early,0.00017504517510039027,0.0,4.773959005888173e-15,0.0001749475376574051,"[6.627724457674162e-07,4.6749755979706574e-07]",220299,179476,3792,1,True,
panda_trajectory_11_k0_f35,panda,regular_first_subproblems,0,scalar_early,1,0.5,1,1,,0.000712730675221305,,False,True,False,task_feasible_early,0.0007136571729940367,0.0,1.8732196651851094e-14,0.000712730675221305,"[6.3893006292086924e-06,4.536305083745506e-06]",220838,180157,4335,1,True,
panda_trajectory_11_k0_f35,panda,regular_first_subproblems,0,scalar_early,2,0.5,1,1,,0.000712730675221305,,False,True,False,task_feasible_early,0.0007136571729940367,0.0,1.8732196651851094e-14,0.000712730675221305,"[6.3893006292086924e-06,4.536305083745506e-06]",200305,162762,3884,1,True,
panda_trajectory_11_k0_f35,panda,regular_first_subproblems,0,scalar_early,3,0.5,1,1,,0.000712730675221305,,False,True,False,task_feasible_early,0.0007136571729940367,0.0,1.8732196651851094e-14,0.000712730675221305,"[6.3893006292086924e-06,4.536305083745506e-06]",210335,171532,4197,1,True,
panda_trajectory_11_k0_f35,panda,regular_first_subproblems,0,scalar_early,4,0.5,1,1,,0.000712730675221305,,False,True,False,task_feasible_early,0.0007136571729940367,0.0,1.8732196651851094e-14,0.000712730675221305,"[6.3893006292086924e-06,4.536305083745506e-06]",217688,178365,4303,1,True,
panda_trajectory_11_k0_f35,panda,regular_first_subproblems,0,scalar_early,0,0.5,1,1,,0.000712730675221305,,False,True,False,task_feasible_early,0.0007136571729940367,0.0,1.8732196651851094e-14,0.000712730675221305,"[6.3893006292086924e-06,4.536305083745506e-06]",205223,165239,3791,1,True,
panda_trajectory_11_k0_f63,panda,regular_first_subproblems,0,scalar_early,2,0.5,1,1,,0.0009010084863601321,,False,True,False,task_feasible_early,0.0009136229527748131,0.0,1.4921661787436095e-14,0.0009010084863601321,"[6.742815869759141e-05,4.219922586822941e-05]",222132,182096,4172,1,True,
panda_trajectory_11_k0_f63,panda,regular_first_subproblems,0,scalar_early,1,0.5,1,1,,0.0009010084863601321,,False,True,False,task_feasible_early,0.0009136229527748131,0.0,1.4921661787436095e-14,0.0009010084863601321,"[6.742815869759141e-05,4.219922586822941e-05]",206335,168492,3748,1,True,
panda_trajectory_11_k0_f63,panda,regular_first_subproblems,0,scalar_early,0,0.5,1,1,,0.0009010084863601321,,False,True,False,task_feasible_early,0.0009136229527748131,0.0,1.4921661787436095e-14,0.0009010084863601321,"[6.742815869759141e-05,4.219922586822941e-05]",211038,170183,3926,1,True,
panda_trajectory_11_k0_f63,panda,regular_first_subproblems,0,scalar_early,4,0.5,1,1,,0.0009010084863601321,,False,True,False,task_feasible_early,0.0009136229527748131,0.0,1.4921661787436095e-14,0.0009010084863601321,"[6.742815869759141e-05,4.219922586822941e-05]",213456,175456,3680,1,True,
panda_trajectory_11_k0_f63,panda,regular_first_subproblems,0,scalar_early,3,0.5,1,1,,0.0009010084863601321,,False,True,False,task_feasible_early,0.0009136229527748131,0.0,1.4921661787436095e-14,0.0009010084863601321,"[6.742815869759141e-05,4.219922586822941e-05]",196922,159174,3797,1,True,
panda_trajectory_11_k0_f83,panda,regular_first_subproblems,0,scalar_early,0,0.5,1,1,,0.0004883301024247494,,False,True,False,task_feasible_early,0.0004970802185882802,0.0,8.903960971090995e-15,0.0004883301024247494,"[3.9974467750111146e-05,2.247423542304964e-05]",219409,179934,4250,1,True,
panda_trajectory_11_k0_f83,panda,regular_first_subproblems,0,scalar_early,4,0.5,1,1,,0.0004883301024247494,,False,True,False,task_feasible_early,0.0004970802185882802,0.0,8.903960971090995e-15,0.0004883301024247494,"[3.9974467750111146e-05,2.247423542304964e-05]",206925,166718,3865,1,True,
panda_trajectory_11_k0_f83,panda,regular_first_subproblems,0,scalar_early,1,0.5,1,1,,0.0004883301024247494,,False,True,False,task_feasible_early,0.0004970802185882802,0.0,8.903960971090995e-15,0.0004883301024247494,"[3.9974467750111146e-05,2.247423542304964e-05]",206428,167380,4130,1,True,
panda_trajectory_11_k0_f83,panda,regular_first_subproblems,0,scalar_early,2,0.5,1,1,,0.0004883301024247494,,False,True,False,task_feasible_early,0.0004970802185882802,0.0,8.903960971090995e-15,0.0004883301024247494,"[3.9974467750111146e-05,2.247423542304964e-05]",212048,171195,3760,1,True,
panda_trajectory_11_k0_f83,panda,regular_first_subproblems,0,scalar_early,3,0.5,1,1,,0.0004883301024247494,,False,True,False,task_feasible_early,0.0004970802185882802,0.0,8.903960971090995e-15,0.0004883301024247494,"[3.9974467750111146e-05,2.247423542304964e-05]",217676,178272,3750,1,True,
panda_trajectory_11_k0_f97,panda,regular_first_subproblems,0,scalar_early,0,0.5,1,1,,0.0004940780338884306,,False,True,False,task_feasible_early,0.0004969234085235075,0.0,1.4989244362817607e-14,0.0004940780338884306,"[1.0175555501706353e-05,4.484806231552447e-06]",212750,171995,3662,1,True,
panda_trajectory_11_k0_f97,panda,regular_first_subproblems,0,scalar_early,4,0.5,1,1,,0.0004940780338884306,,False,True,False,task_feasible_early,0.0004969234085235075,0.0,1.4989244362817607e-14,0.0004940780338884306,"[1.0175555501706353e-05,4.484806231552447e-06]",215445,175081,4167,1,True,
panda_trajectory_11_k0_f97,panda,regular_first_subproblems,0,scalar_early,3,0.5,1,1,,0.0004940780338884306,,False,True,False,task_feasible_early,0.0004969234085235075,0.0,1.4989244362817607e-14,0.0004940780338884306,"[1.0175555501706353e-05,4.484806231552447e-06]",203225,164943,3940,1,True,
panda_trajectory_11_k0_f97,panda,regular_first_subproblems,0,scalar_early,1,0.5,1,1,,0.0004940780338884306,,False,True,False,task_feasible_early,0.0004969234085235075,0.0,1.4989244362817607e-14,0.0004940780338884306,"[1.0175555501706353e-05,4.484806231552447e-06]",223816,181571,4046,1,True,
panda_trajectory_11_k0_f97,panda,regular_first_subproblems,0,scalar_early,2,0.5,1,1,,0.0004940780338884306,,False,True,False,task_feasible_early,0.0004969234085235075,0.0,1.4989244362817607e-14,0.0004940780338884306,"[1.0175555501706353e-05,4.484806231552447e-06]",208035,169439,4060,1,True,
panda_trajectory_11_k0_f110,panda,regular_first_subproblems,0,scalar_early,1,0.5,1,1,,0.0003551126920844792,,False,True,False,task_feasible_early,0.0003560323075798633,0.0,8.986636477125414e-15,0.0003551126920844792,"[2.9379906658927007e-06,1.0987596751243503e-06]",207963,167737,3761,1,True,
panda_trajectory_11_k0_f110,panda,regular_first_subproblems,0,scalar_early,4,0.5,1,1,,0.0003551126920844792,,False,True,False,task_feasible_early,0.0003560323075798633,0.0,8.986636477125414e-15,0.0003551126920844792,"[2.9379906658927007e-06,1.0987596751243503e-06]",202014,164239,3971,1,True,
panda_trajectory_11_k0_f110,panda,regular_first_subproblems,0,scalar_early,3,0.5,1,1,,0.0003551126920844792,,False,True,False,task_feasible_early,0.0003560323075798633,0.0,8.986636477125414e-15,0.0003551126920844792,"[2.9379906658927007e-06,1.0987596751243503e-06]",213793,175334,3733,1,True,
panda_trajectory_11_k0_f110,panda,regular_first_subproblems,0,scalar_early,2,0.5,1,1,,0.0003551126920844792,,False,True,False,task_feasible_early,0.0003560323075798633,0.0,8.986636477125414e-15,0.0003551126920844792,"[2.9379906658927007e-06,1.0987596751243503e-06]",215450,176087,4293,1,True,
panda_trajectory_11_k0_f110,panda,regular_first_subproblems,0,scalar_early,0,0.5,1,1,,0.0003551126920844792,,False,True,False,task_feasible_early,0.0003560323075798633,0.0,8.986636477125414e-15,0.0003551126920844792,"[2.9379906658927007e-06,1.0987596751243503e-06]",200845,163360,3763,1,True,
panda_trajectory_11_k0_f124,panda,regular_first_subproblems,0,scalar_early,1,0.5,1,1,,0.00017314073845996298,,False,True,False,task_feasible_early,0.0001733873726831555,0.0,7.253079457508116e-15,0.00017314073845996298,"[7.638003102913377e-07,2.7053186390630843e-07]",222488,182209,3795,1,True,
panda_trajectory_11_k0_f124,panda,regular_first_subproblems,0,scalar_early,2,0.5,1,1,,0.00017314073845996298,,False,True,False,task_feasible_early,0.0001733873726831555,0.0,7.253079457508116e-15,0.00017314073845996298,"[7.638003102913377e-07,2.7053186390630843e-07]",221218,181995,3907,1,True,
panda_trajectory_11_k0_f124,panda,regular_first_subproblems,0,scalar_early,4,0.5,1,1,,0.00017314073845996298,,False,True,False,task_feasible_early,0.0001733873726831555,0.0,7.253079457508116e-15,0.00017314073845996298,"[7.638003102913377e-07,2.7053186390630843e-07]",212239,172612,4125,1,True,
panda_trajectory_11_k0_f124,panda,regular_first_subproblems,0,scalar_early,0,0.5,1,1,,0.00017314073845996298,,False,True,False,task_feasible_early,0.0001733873726831555,0.0,7.253079457508116e-15,0.00017314073845996298,"[7.638003102913377e-07,2.7053186390630843e-07]",213973,171869,3858,1,True,
panda_trajectory_11_k0_f124,panda,regular_first_subproblems,0,scalar_early,3,0.5,1,1,,0.00017314073845996298,,False,True,False,task_feasible_early,0.0001733873726831555,0.0,7.253079457508116e-15,0.00017314073845996298,"[7.638003102913377e-07,2.7053186390630843e-07]",208882,169994,3962,1,True,
panda_trajectory_11_k0_f144,panda,regular_first_subproblems,0,scalar_early,0,0.5,1,1,,0.000111632191881971,,False,True,False,task_feasible_early,0.00011173895405772054,0.0,1.955253733387902e-14,0.000111632191881971,"[3.373585415338907e-07,1.2383419003480257e-07]",226984,186357,4222,1,True,
panda_trajectory_11_k0_f144,panda,regular_first_subproblems,0,scalar_early,2,0.5,1,1,,0.000111632191881971,,False,True,False,task_feasible_early,0.00011173895405772054,0.0,1.955253733387902e-14,0.000111632191881971,"[3.373585415338907e-07,1.2383419003480257e-07]",208333,168418,3813,1,True,
panda_trajectory_11_k0_f144,panda,regular_first_subproblems,0,scalar_early,1,0.5,1,1,,0.000111632191881971,,False,True,False,task_feasible_early,0.00011173895405772054,0.0,1.955253733387902e-14,0.000111632191881971,"[3.373585415338907e-07,1.2383419003480257e-07]",209009,167364,3841,1,True,
panda_trajectory_11_k0_f144,panda,regular_first_subproblems,0,scalar_early,3,0.5,1,1,,0.000111632191881971,,False,True,False,task_feasible_early,0.00011173895405772054,0.0,1.955253733387902e-14,0.000111632191881971,"[3.373585415338907e-07,1.2383419003480257e-07]",221892,181357,4245,1,True,
panda_trajectory_11_k0_f144,panda,regular_first_subproblems,0,scalar_early,4,0.5,1,1,,0.000111632191881971,,False,True,False,task_feasible_early,0.00011173895405772054,0.0,1.955253733387902e-14,0.000111632191881971,"[3.373585415338907e-07,1.2383419003480257e-07]",202166,164207,4120,1,True,
panda_trajectory_11_k1_f7,panda,regular_first_subproblems,1,scalar_early,0,0.5,1,1,,0.10649415921797746,,False,True,False,task_feasible_early,0.10649448281167337,0.0,1.942890293094024e-14,0.10649415921797746,"[6.693914088058982e-06,7.341101479857163e-06]",202565,164561,3678,1,True,
panda_trajectory_11_k1_f7,panda,regular_first_subproblems,1,scalar_early,2,0.5,1,1,,0.10649415921797746,,False,True,False,task_feasible_early,0.10649448281167337,0.0,1.942890293094024e-14,0.10649415921797746,"[6.693914088058982e-06,7.341101479857163e-06]",224115,185466,3699,1,True,
panda_trajectory_11_k1_f7,panda,regular_first_subproblems,1,scalar_early,1,0.5,1,1,,0.10649415921797746,,False,True,False,task_feasible_early,0.10649448281167337,0.0,1.942890293094024e-14,0.10649415921797746,"[6.693914088058982e-06,7.341101479857163e-06]",212068,173890,3809,1,True,
panda_trajectory_11_k1_f7,panda,regular_first_subproblems,1,scalar_early,4,0.5,1,1,,0.10649415921797746,,False,True,False,task_feasible_early,0.10649448281167337,0.0,1.942890293094024e-14,0.10649415921797746,"[6.693914088058982e-06,7.341101479857163e-06]",211804,173544,3636,1,True,
panda_trajectory_11_k1_f7,panda,regular_first_subproblems,1,scalar_early,3,0.5,1,1,,0.10649415921797746,,False,True,False,task_feasible_early,0.10649448281167337,0.0,1.942890293094024e-14,0.10649415921797746,"[6.693914088058982e-06,7.341101479857163e-06]",228600,188376,4254,1,True,
panda_trajectory_11_k1_f35,panda,regular_first_subproblems,1,scalar_early,3,0.5,1,1,,0.11424551654528978,,False,True,False,task_feasible_early,0.11424700745442297,0.0,3.9286210825999874e-14,0.11424551654528978,"[2.6959148734441383e-05,2.3977330468046968e-05]",209663,171309,4110,1,True,
panda_trajectory_11_k1_f35,panda,regular_first_subproblems,1,scalar_early,4,0.5,1,1,,0.11424551654528978,,False,True,False,task_feasible_early,0.11424700745442297,0.0,3.9286210825999874e-14,0.11424551654528978,"[2.6959148734441383e-05,2.3977330468046968e-05]",214493,175397,4206,1,True,
panda_trajectory_11_k1_f35,panda,regular_first_subproblems,1,scalar_early,2,0.5,1,1,,0.11424551654528978,,False,True,False,task_feasible_early,0.11424700745442297,0.0,3.9286210825999874e-14,0.11424551654528978,"[2.6959148734441383e-05,2.3977330468046968e-05]",206852,166581,3875,1,True,
panda_trajectory_11_k1_f35,panda,regular_first_subproblems,1,scalar_early,1,0.5,1,1,,0.11424551654528978,,False,True,False,task_feasible_early,0.11424700745442297,0.0,3.9286210825999874e-14,0.11424551654528978,"[2.6959148734441383e-05,2.3977330468046968e-05]",226927,188196,3597,1,True,
panda_trajectory_11_k1_f35,panda,regular_first_subproblems,1,scalar_early,0,0.5,1,1,,0.11424551654528978,,False,True,False,task_feasible_early,0.11424700745442297,0.0,3.9286210825999874e-14,0.11424551654528978,"[2.6959148734441383e-05,2.3977330468046968e-05]",205537,167905,3723,1,True,
panda_trajectory_11_k1_f63,panda,regular_first_subproblems,1,scalar_early,1,0.5,1,1,,0.1304589958839584,,False,True,False,task_feasible_early,0.13050170662270213,0.0,1.821307252073179e-14,0.1304589958839584,"[0.0002754569350564966,0.00019003545756900674]",201094,163294,3896,1,True,
panda_trajectory_11_k1_f63,panda,regular_first_subproblems,1,scalar_early,2,0.5,1,1,,0.1304589958839584,,False,True,False,task_feasible_early,0.13050170662270213,0.0,1.821307252073179e-14,0.1304589958839584,"[0.0002754569350564966,0.00019003545756900674]",206485,168381,3845,1,True,
panda_trajectory_11_k1_f63,panda,regular_first_subproblems,1,scalar_early,4,0.5,1,1,,0.1304589958839584,,False,True,False,task_feasible_early,0.13050170662270213,0.0,1.821307252073179e-14,0.1304589958839584,"[0.0002754569350564966,0.00019003545756900674]",229770,188334,4273,1,True,
panda_trajectory_11_k1_f63,panda,regular_first_subproblems,1,scalar_early,3,0.5,1,1,,0.1304589958839584,,False,True,False,task_feasible_early,0.13050170662270213,0.0,1.821307252073179e-14,0.1304589958839584,"[0.0002754569350564966,0.00019003545756900674]",211989,172568,4075,1,True,
panda_trajectory_11_k1_f63,panda,regular_first_subproblems,1,scalar_early,0,0.5,1,1,,0.1304589958839584,,False,True,False,task_feasible_early,0.13050170662270213,0.0,1.821307252073179e-14,0.1304589958839584,"[0.0002754569350564966,0.00019003545756900674]",223310,182644,3959,1,True,
panda_trajectory_11_k1_f83,panda,regular_first_subproblems,1,scalar_early,3,0.5,1,1,,0.13076658074541464,,False,True,False,task_feasible_early,0.13076662130902808,0.0,1.4324136014267615e-14,0.13076658074541464,"[2.16687555824891e-07,2.978147826935305e-07]",231618,190956,4571,1,True,
panda_trajectory_11_k1_f83,panda,regular_first_subproblems,1,scalar_early,1,0.5,1,1,,0.13076658074541464,,False,True,False,task_feasible_early,0.13076662130902808,0.0,1.4324136014267615e-14,0.13076658074541464,"[2.16687555824891e-07,2.978147826935305e-07]",218166,176931,3976,1,True,
panda_trajectory_11_k1_f83,panda,regular_first_subproblems,1,scalar_early,2,0.5,1,1,,0.13076658074541464,,False,True,False,task_feasible_early,0.13076662130902808,0.0,1.4324136014267615e-14,0.13076658074541464,"[2.16687555824891e-07,2.978147826935305e-07]",209377,170401,4113,1,True,
panda_trajectory_11_k1_f83,panda,regular_first_subproblems,1,scalar_early,4,0.5,1,1,,0.13076658074541464,,False,True,False,task_feasible_early,0.13076662130902808,0.0,1.4324136014267615e-14,0.13076658074541464,"[2.16687555824891e-07,2.978147826935305e-07]",222116,179307,3686,1,True,
panda_trajectory_11_k1_f83,panda,regular_first_subproblems,1,scalar_early,0,0.5,1,1,,0.13076658074541464,,False,True,False,task_feasible_early,0.13076662130902808,0.0,1.4324136014267615e-14,0.13076658074541464,"[2.16687555824891e-07,2.978147826935305e-07]",201717,163672,3742,1,True,
panda_trajectory_11_k1_f97,panda,regular_first_subproblems,1,scalar_early,1,0.5,1,1,,0.12686697072640737,,False,True,False,task_feasible_early,0.1268670735379897,0.0,1.3044087046123034e-14,0.12686697072640737,"[6.211266081448819e-08,2.6773582547054664e-07]",214458,174723,4644,1,True,
panda_trajectory_11_k1_f97,panda,regular_first_subproblems,1,scalar_early,3,0.5,1,1,,0.12686697072640737,,False,True,False,task_feasible_early,0.1268670735379897,0.0,1.3044087046123034e-14,0.12686697072640737,"[6.211266081448819e-08,2.6773582547054664e-07]",216619,177944,3853,1,True,
panda_trajectory_11_k1_f97,panda,regular_first_subproblems,1,scalar_early,4,0.5,1,1,,0.12686697072640737,,False,True,False,task_feasible_early,0.1268670735379897,0.0,1.3044087046123034e-14,0.12686697072640737,"[6.211266081448819e-08,2.6773582547054664e-07]",210971,173321,3783,1,True,
panda_trajectory_11_k1_f97,panda,regular_first_subproblems,1,scalar_early,0,0.5,1,1,,0.12686697072640737,,False,True,False,task_feasible_early,0.1268670735379897,0.0,1.3044087046123034e-14,0.12686697072640737,"[6.211266081448819e-08,2.6773582547054664e-07]",221939,179364,3857,1,True,
panda_trajectory_11_k1_f97,panda,regular_first_subproblems,1,scalar_early,2,0.5,1,1,,0.12686697072640737,,False,True,False,task_feasible_early,0.1268670735379897,0.0,1.3044087046123034e-14,0.12686697072640737,"[6.211266081448819e-08,2.6773582547054664e-07]",215954,177800,3891,1,True,
panda_trajectory_11_k1_f110,panda,regular_first_subproblems,1,scalar_early,3,0.5,1,1,,0.12459978981506235,,False,True,False,task_feasible_early,0.12459979969053457,0.0,3.0716109388743882e-15,0.12459978981506235,"[2.1336736833094466e-07,2.3311831274849615e-07]",224679,185683,3740,1,True,
panda_trajectory_11_k1_f110,panda,regular_first_subproblems,1,scalar_early,2,0.5,1,1,,0.12459978981506235,,False,True,False,task_feasible_early,0.12459979969053457,0.0,3.0716109388743882e-15,0.12459978981506235,"[2.1336736833094466e-07,2.3311831274849615e-07]",204566,166858,4006,1,True,
panda_trajectory_11_k1_f110,panda,regular_first_subproblems,1,scalar_early,0,0.5,1,1,,0.12459978981506235,,False,True,False,task_feasible_early,0.12459979969053457,0.0,3.0716109388743882e-15,0.12459978981506235,"[2.1336736833094466e-07,2.3311831274849615e-07]",216022,176815,4030,1,True,
panda_trajectory_11_k1_f110,panda,regular_first_subproblems,1,scalar_early,4,0.5,1,1,,0.12459978981506235,,False,True,False,task_feasible_early,0.12459979969053457,0.0,3.0716109388743882e-15,0.12459978981506235,"[2.1336736833094466e-07,2.3311831274849615e-07]",203477,166281,3787,1,True,
panda_trajectory_11_k1_f110,panda,regular_first_subproblems,1,scalar_early,1,0.5,1,1,,0.12459978981506235,,False,True,False,task_feasible_early,0.12459979969053457,0.0,3.0716109388743882e-15,0.12459978981506235,"[2.1336736833094466e-07,2.3311831274849615e-07]",210282,170792,3628,1,True,
panda_trajectory_11_k1_f124,panda,regular_first_subproblems,1,scalar_early,3,0.5,1,1,,0.1235515264589581,,False,True,False,task_feasible_early,0.12355167915330156,0.0,9.311695721631298e-15,0.1235515264589581,"[5.263175263005374e-07,2.2092883937120237e-07]",211810,172975,4184,1,True,
panda_trajectory_11_k1_f124,panda,regular_first_subproblems,1,scalar_early,1,0.5,1,1,,0.1235515264589581,,False,True,False,task_feasible_early,0.12355167915330156,0.0,9.311695721631298e-15,0.1235515264589581,"[5.263175263005374e-07,2.2092883937120237e-07]",202823,165532,3750,1,True,
panda_trajectory_11_k1_f124,panda,regular_first_subproblems,1,scalar_early,4,0.5,1,1,,0.1235515264589581,,False,True,False,task_feasible_early,0.12355167915330156,0.0,9.311695721631298e-15,0.1235515264589581,"[5.263175263005374e-07,2.2092883937120237e-07]",197975,160845,3817,1,True,
panda_trajectory_11_k1_f124,panda,regular_first_subproblems,1,scalar_early,0,0.5,1,1,,0.1235515264589581,,False,True,False,task_feasible_early,0.12355167915330156,0.0,9.311695721631298e-15,0.1235515264589581,"[5.263175263005374e-07,2.2092883937120237e-07]",193729,157035,3724,1,True,
panda_trajectory_11_k1_f124,panda,regular_first_subproblems,1,scalar_early,2,0.5,1,1,,0.1235515264589581,,False,True,False,task_feasible_early,0.12355167915330156,0.0,9.311695721631298e-15,0.1235515264589581,"[5.263175263005374e-07,2.2092883937120237e-07]",200987,163312,3861,1,True,
panda_trajectory_11_k1_f144,panda,regular_first_subproblems,1,scalar_early,4,0.5,1,1,,0.12336314815205142,,False,True,False,task_feasible_early,0.12336332418067865,0.0,7.762833090302718e-15,0.12336314815205142,"[5.541381177793085e-07,2.0208086332588627e-07]",199489,162176,3675,1,True,
panda_trajectory_11_k1_f144,panda,regular_first_subproblems,1,scalar_early,2,0.5,1,1,,0.12336314815205142,,False,True,False,task_feasible_early,0.12336332418067865,0.0,7.762833090302718e-15,0.12336314815205142,"[5.541381177793085e-07,2.0208086332588627e-07]",234855,193445,3800,1,True,
panda_trajectory_11_k1_f144,panda,regular_first_subproblems,1,scalar_early,1,0.5,1,1,,0.12336314815205142,,False,True,False,task_feasible_early,0.12336332418067865,0.0,7.762833090302718e-15,0.12336314815205142,"[5.541381177793085e-07,2.0208086332588627e-07]",224598,186223,3727,1,True,
panda_trajectory_11_k1_f144,panda,regular_first_subproblems,1,scalar_early,3,0.5,1,1,,0.12336314815205142,,False,True,False,task_feasible_early,0.12336332418067865,0.0,7.762833090302718e-15,0.12336314815205142,"[5.541381177793085e-07,2.0208086332588627e-07]",208355,168370,3840,1,True,
panda_trajectory_11_k1_f144,panda,regular_first_subproblems,1,scalar_early,0,0.5,1,1,,0.12336314815205142,,False,True,False,task_feasible_early,0.12336332418067865,0.0,7.762833090302718e-15,0.12336314815205142,"[5.541381177793085e-07,2.0208086332588627e-07]",205986,168590,3818,1,True,
panda_trajectory_00_k0_f0,panda,regular_first_subproblems,0,scalar_early,3,0.5,1,1,,0.001071640865488716,,False,True,False,task_feasible_early,0.0010717261257117386,0.0,4.1469467965984394e-14,0.001071640865488716,"[6.154093567513573e-08,2.3206138171995104e-07]",217026,177461,3905,1,True,
panda_trajectory_00_k0_f0,panda,regular_first_subproblems,0,scalar_early,0,0.5,1,1,,0.001071640865488716,,False,True,False,task_feasible_early,0.0010717261257117386,0.0,4.1469467965984394e-14,0.001071640865488716,"[6.154093567513573e-08,2.3206138171995104e-07]",204107,166009,4005,1,True,
panda_trajectory_00_k0_f0,panda,regular_first_subproblems,0,scalar_early,4,0.5,1,1,,0.001071640865488716,,False,True,False,task_feasible_early,0.0010717261257117386,0.0,4.1469467965984394e-14,0.001071640865488716,"[6.154093567513573e-08,2.3206138171995104e-07]",206031,167994,3666,1,True,
panda_trajectory_00_k0_f0,panda,regular_first_subproblems,0,scalar_early,2,0.5,1,1,,0.001071640865488716,,False,True,False,task_feasible_early,0.0010717261257117386,0.0,4.1469467965984394e-14,0.001071640865488716,"[6.154093567513573e-08,2.3206138171995104e-07]",220813,181026,4067,1,True,
panda_trajectory_00_k0_f0,panda,regular_first_subproblems,0,scalar_early,1,0.5,1,1,,0.001071640865488716,,False,True,False,task_feasible_early,0.0010717261257117386,0.0,4.1469467965984394e-14,0.001071640865488716,"[6.154093567513573e-08,2.3206138171995104e-07]",212131,171814,3567,1,True,
panda_trajectory_00_k0_f21,panda,regular_first_subproblems,0,scalar_early,3,0.5,1,1,,0.0009608008671667796,,False,True,False,task_feasible_early,0.0009608830594100659,0.0,3.186630195434901e-14,0.0009608008671667796,"[4.680129819576986e-08,2.1118578476828552e-07]",197940,160736,3923,1,True,
panda_trajectory_00_k0_f21,panda,regular_first_subproblems,0,scalar_early,4,0.5,1,1,,0.0009608008671667796,,False,True,False,task_feasible_early,0.0009608830594100659,0.0,3.186630195434901e-14,0.0009608008671667796,"[4.680129819576986e-08,2.1118578476828552e-07]",205175,166736,4048,1,True,
panda_trajectory_00_k0_f21,panda,regular_first_subproblems,0,scalar_early,2,0.5,1,1,,0.0009608008671667796,,False,True,False,task_feasible_early,0.0009608830594100659,0.0,3.186630195434901e-14,0.0009608008671667796,"[4.680129819576986e-08,2.1118578476828552e-07]",202334,163620,3722,1,True,
panda_trajectory_00_k0_f21,panda,regular_first_subproblems,0,scalar_early,0,0.5,1,1,,0.0009608008671667796,,False,True,False,task_feasible_early,0.0009608830594100659,0.0,3.186630195434901e-14,0.0009608008671667796,"[4.680129819576986e-08,2.1118578476828552e-07]",211909,174175,3670,1,True,
panda_trajectory_00_k0_f21,panda,regular_first_subproblems,0,scalar_early,1,0.5,1,1,,0.0009608008671667796,,False,True,False,task_feasible_early,0.0009608830594100659,0.0,3.186630195434901e-14,0.0009608008671667796,"[4.680129819576986e-08,2.1118578476828552e-07]",209101,168278,3669,1,True,
panda_trajectory_00_k0_f42,panda,regular_first_subproblems,0,scalar_early,2,0.5,1,1,,0.000423932683030312,,False,True,False,task_feasible_early,0.0004239786493199391,0.0,2.3832327871173822e-14,0.000423932683030312,"[8.863643233653844e-09,1.007962224879233e-07]",214211,175822,3860,1,True,
panda_trajectory_00_k0_f42,panda,regular_first_subproblems,0,scalar_early,4,0.5,1,1,,0.000423932683030312,,False,True,False,task_feasible_early,0.0004239786493199391,0.0,2.3832327871173822e-14,0.000423932683030312,"[8.863643233653844e-09,1.007962224879233e-07]",205166,167344,3986,1,True,
panda_trajectory_00_k0_f42,panda,regular_first_subproblems,0,scalar_early,1,0.5,1,1,,0.000423932683030312,,False,True,False,task_feasible_early,0.0004239786493199391,0.0,2.3832327871173822e-14,0.000423932683030312,"[8.863643233653844e-09,1.007962224879233e-07]",200122,163343,3487,1,True,
panda_trajectory_00_k0_f42,panda,regular_first_subproblems,0,scalar_early,0,0.5,1,1,,0.000423932683030312,,False,True,False,task_feasible_early,0.0004239786493199391,0.0,2.3832327871173822e-14,0.000423932683030312,"[8.863643233653844e-09,1.007962224879233e-07]",210778,172737,3705,1,True,
panda_trajectory_00_k0_f42,panda,regular_first_subproblems,0,scalar_early,3,0.5,1,1,,0.000423932683030312,,False,True,False,task_feasible_early,0.0004239786493199391,0.0,2.3832327871173822e-14,0.000423932683030312,"[8.863643233653844e-09,1.007962224879233e-07]",207153,169590,3738,1,True,
panda_trajectory_00_k0_f63,panda,regular_first_subproblems,0,scalar_early,4,0.5,1,1,,0.0008975228538773065,,False,True,False,task_feasible_early,0.0008976028088883735,0.0,2.984332357487219e-14,0.0008975228538773065,"[3.876752303863243e-08,1.9867754517263777e-07]",203495,166078,3824,1,True,
panda_trajectory_00_k0_f63,panda,regular_first_subproblems,0,scalar_early,0,0.5,1,1,,0.0008975228538773065,,False,True,False,task_feasible_early,0.0008976028088883735,0.0,2.984332357487219e-14,0.0008975228538773065,"[3.876752303863243e-08,1.9867754517263777e-07]",230148,188966,3916,1,True,
panda_trajectory_00_k0_f63,panda,regular_first_subproblems,0,scalar_early,1,0.5,1,1,,0.0008975228538773065,,False,True,False,task_feasible_early,0.0008976028088883735,0.0,2.984332357487219e-14,0.0008975228538773065,"[3.876752303863243e-08,1.9867754517263777e-07]",214531,176055,3755,1,True,
panda_trajectory_00_k0_f63,panda,regular_first_subproblems,0,scalar_early,3,0.5,1,1,,0.0008975228538773065,,False,True,False,task_feasible_early,0.0008976028088883735,0.0,2.984332357487219e-14,0.0008975228538773065,"[3.876752303863243e-08,1.9867754517263777e-07]",206717,168508,3836,1,True,
panda_trajectory_00_k0_f63,panda,regular_first_subproblems,0,scalar_early,2,0.5,1,1,,0.0008975228538773065,,False,True,False,task_feasible_early,0.0008976028088883735,0.0,2.984332357487219e-14,0.0008975228538773065,"[3.876752303863243e-08,1.9867754517263777e-07]",215787,174567,5333,1,True,
panda_trajectory_00_k0_f85,panda,regular_first_subproblems,0,scalar_early,3,0.5,1,1,,0.0011684410119507304,,False,True,False,task_feasible_early,0.0011684970581522295,0.0,6.395501382668091e-14,0.0011684410119507304,"[5.761478537045779e-08,1.6970718836851676e-07]",213199,173038,3660,1,True,
panda_trajectory_00_k0_f85,panda,regular_first_subproblems,0,scalar_early,2,0.5,1,1,,0.0011684410119507304,,False,True,False,task_feasible_early,0.0011684970581522295,0.0,6.395501382668091e-14,0.0011684410119507304,"[5.761478537045779e-08,1.6970718836851676e-07]",211954,173448,3570,1,True,
panda_trajectory_00_k0_f85,panda,regular_first_subproblems,0,scalar_early,4,0.5,1,1,,0.0011684410119507304,,False,True,False,task_feasible_early,0.0011684970581522295,0.0,6.395501382668091e-14,0.0011684410119507304,"[5.761478537045779e-08,1.6970718836851676e-07]",210553,169461,3652,1,True,
panda_trajectory_00_k0_f85,panda,regular_first_subproblems,0,scalar_early,0,0.5,1,1,,0.0011684410119507304,,False,True,False,task_feasible_early,0.0011684970581522295,0.0,6.395501382668091e-14,0.0011684410119507304,"[5.761478537045779e-08,1.6970718836851676e-07]",212088,173915,3658,1,True,
panda_trajectory_00_k0_f85,panda,regular_first_subproblems,0,scalar_early,1,0.5,1,1,,0.0011684410119507304,,False,True,False,task_feasible_early,0.0011684970581522295,0.0,6.395501382668091e-14,0.0011684410119507304,"[5.761478537045779e-08,1.6970718836851676e-07]",200904,163140,3911,1,True,
panda_trajectory_00_k0_f106,panda,regular_first_subproblems,0,scalar_early,0,0.5,1,1,,0.000717050867443508,,False,True,False,task_feasible_early,0.0007171327222819495,0.0,3.2012179239918526e-14,0.000717050867443508,"[1.920465539729163e-08,1.8291433228026238e-07]",216754,178700,3850,1,True,
panda_trajectory_00_k0_f106,panda,regular_first_subproblems,0,scalar_early,2,0.5,1,1,,0.000717050867443508,,False,True,False,task_feasible_early,0.0007171327222819495,0.0,3.2012179239918526e-14,0.000717050867443508,"[1.920465539729163e-08,1.8291433228026238e-07]",231126,191553,3784,1,True,
panda_trajectory_00_k0_f106,panda,regular_first_subproblems,0,scalar_early,3,0.5,1,1,,0.000717050867443508,,False,True,False,task_feasible_early,0.0007171327222819495,0.0,3.2012179239918526e-14,0.000717050867443508,"[1.920465539729163e-08,1.8291433228026238e-07]",203960,166106,3932,1,True,
panda_trajectory_00_k0_f106,panda,regular_first_subproblems,0,scalar_early,1,0.5,1,1,,0.000717050867443508,,False,True,False,task_feasible_early,0.0007171327222819495,0.0,3.2012179239918526e-14,0.000717050867443508,"[1.920465539729163e-08,1.8291433228026238e-07]",201810,163064,3725,1,True,
panda_trajectory_00_k0_f106,panda,regular_first_subproblems,0,scalar_early,4,0.5,1,1,,0.000717050867443508,,False,True,False,task_feasible_early,0.0007171327222819495,0.0,3.2012179239918526e-14,0.000717050867443508,"[1.920465539729163e-08,1.8291433228026238e-07]",198080,161217,3620,1,True,
panda_trajectory_00_k0_f127,panda,regular_first_subproblems,0,scalar_early,2,0.5,1,1,,0.0005870788382250289,,False,True,False,task_feasible_early,0.0005871635500424042,0.0,2.019507583544224e-14,0.0005870788382250289,"[1.5483062340168703e-08,1.8490669709086288e-07]",213912,173760,3692,1,True,
panda_trajectory_00_k0_f127,panda,regular_first_subproblems,0,scalar_early,1,0.5,1,1,,0.0005870788382250289,,False,True,False,task_feasible_early,0.0005871635500424042,0.0,2.019507583544224e-14,0.0005870788382250289,"[1.5483062340168703e-08,1.8490669709086288e-07]",221036,179591,3653,1,True,
panda_trajectory_00_k0_f127,panda,regular_first_subproblems,0,scalar_early,4,0.5,1,1,,0.0005870788382250289,,False,True,False,task_feasible_early,0.0005871635500424042,0.0,2.019507583544224e-14,0.0005870788382250289,"[1.5483062340168703e-08,1.8490669709086288e-07]",211711,172949,4176,1,True,
panda_trajectory_00_k0_f127,panda,regular_first_subproblems,0,scalar_early,3,0.5,1,1,,0.0005870788382250289,,False,True,False,task_feasible_early,0.0005871635500424042,0.0,2.019507583544224e-14,0.0005870788382250289,"[1.5483062340168703e-08,1.8490669709086288e-07]",200582,163349,3823,1,True,
panda_trajectory_00_k0_f127,panda,regular_first_subproblems,0,scalar_early,0,0.5,1,1,,0.0005870788382250289,,False,True,False,task_feasible_early,0.0005871635500424042,0.0,2.019507583544224e-14,0.0005870788382250289,"[1.5483062340168703e-08,1.8490669709086288e-07]",220062,180927,3902,1,True,
panda_trajectory_00_k0_f149,panda,regular_first_subproblems,0,scalar_early,1,0.5,1,1,,0.0010730480907853832,,False,True,False,task_feasible_early,0.0010731321418112187,0.0,3.266999854245526e-14,0.0010730480907853832,"[6.171848329895152e-08,2.298205349701547e-07]",221379,181774,4420,1,True,
panda_trajectory_00_k0_f149,panda,regular_first_subproblems,0,scalar_early,4,0.5,1,1,,0.0010730480907853832,,False,True,False,task_feasible_early,0.0010731321418112187,0.0,3.266999854245526e-14,0.0010730480907853832,"[6.171848329895152e-08,2.298205349701547e-07]",204348,165887,4019,1,True,
panda_trajectory_00_k0_f149,panda,regular_first_subproblems,0,scalar_early,0,0.5,1,1,,0.0010730480907853832,,False,True,False,task_feasible_early,0.0010731321418112187,0.0,3.266999854245526e-14,0.0010730480907853832,"[6.171848329895152e-08,2.298205349701547e-07]",218220,179461,3823,1,True,
panda_trajectory_00_k0_f149,panda,regular_first_subproblems,0,scalar_early,2,0.5,1,1,,0.0010730480907853832,,False,True,False,task_feasible_early,0.0010731321418112187,0.0,3.266999854245526e-14,0.0010730480907853832,"[6.171848329895152e-08,2.298205349701547e-07]",206256,167369,3692,1,True,
panda_trajectory_00_k0_f149,panda,regular_first_subproblems,0,scalar_early,3,0.5,1,1,,0.0010730480907853832,,False,True,False,task_feasible_early,0.0010731321418112187,0.0,3.266999854245526e-14,0.0010730480907853832,"[6.171848329895152e-08,2.298205349701547e-07]",205830,168171,3628,1,True,
panda_trajectory_00_k1_f0,panda,regular_first_subproblems,1,scalar_early,0,0.5,1,1,,0.06234911167927461,,False,True,False,task_feasible_early,0.06234924108240411,0.0,1.7430236303939003e-14,0.06234911167927461,"[3.172285617572377e-08,2.9052911518085584e-07]",206017,165497,4064,1,True,
panda_trajectory_00_k1_f0,panda,regular_first_subproblems,1,scalar_early,4,0.5,1,1,,0.06234911167927461,,False,True,False,task_feasible_early,0.06234924108240411,0.0,1.7430236303939003e-14,0.06234911167927461,"[3.172285617572377e-08,2.9052911518085584e-07]",228615,186653,3897,1,True,
panda_trajectory_00_k1_f0,panda,regular_first_subproblems,1,scalar_early,2,0.5,1,1,,0.06234911167927461,,False,True,False,task_feasible_early,0.06234924108240411,0.0,1.7430236303939003e-14,0.06234911167927461,"[3.172285617572377e-08,2.9052911518085584e-07]",216079,176277,3952,1,True,
panda_trajectory_00_k1_f0,panda,regular_first_subproblems,1,scalar_early,3,0.5,1,1,,0.06234911167927461,,False,True,False,task_feasible_early,0.06234924108240411,0.0,1.7430236303939003e-14,0.06234911167927461,"[3.172285617572377e-08,2.9052911518085584e-07]",206135,167766,3917,1,True,
panda_trajectory_00_k1_f0,panda,regular_first_subproblems,1,scalar_early,1,0.5,1,1,,0.06234911167927461,,False,True,False,task_feasible_early,0.06234924108240411,0.0,1.7430236303939003e-14,0.06234911167927461,"[3.172285617572377e-08,2.9052911518085584e-07]",212060,172056,3682,1,True,
panda_trajectory_00_k1_f21,panda,regular_first_subproblems,1,scalar_early,1,0.5,1,1,,0.04500168769942308,,False,True,False,task_feasible_early,0.04500183900709659,0.0,8.539253527807334e-14,0.04500168769942308,"[4.430141785773032e-08,3.469167648672265e-07]",207822,169442,4024,1,True,
panda_trajectory_00_k1_f21,panda,regular_first_subproblems,1,scalar_early,2,0.5,1,1,,0.04500168769942308,,False,True,False,task_feasible_early,0.04500183900709659,0.0,8.539253527807334e-14,0.04500168769942308,"[4.430141785773032e-08,3.469167648672265e-07]",210210,168824,3734,1,True,
panda_trajectory_00_k1_f21,panda,regular_first_subproblems,1,scalar_early,4,0.5,1,1,,0.04500168769942308,,False,True,False,task_feasible_early,0.04500183900709659,0.0,8.539253527807334e-14,0.04500168769942308,"[4.430141785773032e-08,3.469167648672265e-07]",215397,176459,4001,1,True,
panda_trajectory_00_k1_f21,panda,regular_first_subproblems,1,scalar_early,3,0.5,1,1,,0.04500168769942308,,False,True,False,task_feasible_early,0.04500183900709659,0.0,8.539253527807334e-14,0.04500168769942308,"[4.430141785773032e-08,3.469167648672265e-07]",203161,165515,3774,1,True,
panda_trajectory_00_k1_f21,panda,regular_first_subproblems,1,scalar_early,0,0.5,1,1,,0.04500168769942308,,False,True,False,task_feasible_early,0.04500183900709659,0.0,8.539253527807334e-14,0.04500168769942308,"[4.430141785773032e-08,3.469167648672265e-07]",231395,184584,3726,1,True,
panda_trajectory_00_k1_f42,panda,regular_first_subproblems,1,scalar_early,4,0.5,1,1,,0.03532926368736854,,False,True,False,task_feasible_early,0.035329333879963766,0.0,3.247625332886312e-14,0.03532926368736854,"[1.2144519322779673e-08,1.5252970978523317e-07]",226827,183055,4192,1,True,
panda_trajectory_00_k1_f42,panda,regular_first_subproblems,1,scalar_early,2,0.5,1,1,,0.03532926368736854,,False,True,False,task_feasible_early,0.035329333879963766,0.0,3.247625332886312e-14,0.03532926368736854,"[1.2144519322779673e-08,1.5252970978523317e-07]",207684,170142,3649,1,True,
panda_trajectory_00_k1_f42,panda,regular_first_subproblems,1,scalar_early,0,0.5,1,1,,0.03532926368736854,,False,True,False,task_feasible_early,0.035329333879963766,0.0,3.247625332886312e-14,0.03532926368736854,"[1.2144519322779673e-08,1.5252970978523317e-07]",199936,162865,3683,1,True,
panda_trajectory_00_k1_f42,panda,regular_first_subproblems,1,scalar_early,1,0.5,1,1,,0.03532926368736854,,False,True,False,task_feasible_early,0.035329333879963766,0.0,3.247625332886312e-14,0.03532926368736854,"[1.2144519322779673e-08,1.5252970978523317e-07]",220918,181198,3542,1,True,
panda_trajectory_00_k1_f42,panda,regular_first_subproblems,1,scalar_early,3,0.5,1,1,,0.03532926368736854,,False,True,False,task_feasible_early,0.035329333879963766,0.0,3.247625332886312e-14,0.03532926368736854,"[1.2144519322779673e-08,1.5252970978523317e-07]",206369,168492,3681,1,True,
panda_trajectory_00_k1_f63,panda,regular_first_subproblems,1,scalar_early,2,0.5,1,1,,0.03202086280910306,,False,True,False,task_feasible_early,0.032020893809971196,0.0,4.1547862470286955e-14,0.03202086280910306,"[8.189214832610093e-08,1.4389388459954504e-07]",239577,199498,5714,1,True,
panda_trajectory_00_k1_f63,panda,regular_first_subproblems,1,scalar_early,3,0.5,1,1,,0.03202086280910306,,False,True,False,task_feasible_early,0.032020893809971196,0.0,4.1547862470286955e-14,0.03202086280910306,"[8.189214832610093e-08,1.4389388459954504e-07]",210019,171113,4029,1,True,
panda_trajectory_00_k1_f63,panda,regular_first_subproblems,1,scalar_early,4,0.5,1,1,,0.03202086280910306,,False,True,False,task_feasible_early,0.032020893809971196,0.0,4.1547862470286955e-14,0.03202086280910306,"[8.189214832610093e-08,1.4389388459954504e-07]",219943,178923,3717,1,True,
panda_trajectory_00_k1_f63,panda,regular_first_subproblems,1,scalar_early,0,0.5,1,1,,0.03202086280910306,,False,True,False,task_feasible_early,0.032020893809971196,0.0,4.1547862470286955e-14,0.03202086280910306,"[8.189214832610093e-08,1.4389388459954504e-07]",208922,171378,3857,1,True,
panda_trajectory_00_k1_f63,panda,regular_first_subproblems,1,scalar_early,1,0.5,1,1,,0.03202086280910306,,False,True,False,task_feasible_early,0.032020893809971196,0.0,4.1547862470286955e-14,0.03202086280910306,"[8.189214832610093e-08,1.4389388459954504e-07]",197990,159598,3655,1,True,
panda_trajectory_00_k1_f85,panda,regular_first_subproblems,1,scalar_early,0,0.5,1,1,,0.041211268881079496,,False,True,False,task_feasible_early,0.04121135558754741,0.0,2.95110562224397e-14,0.041211268881079496,"[1.5190169379475106e-07,3.253146296265038e-07]",196865,159964,3803,1,True,
panda_trajectory_00_k1_f85,panda,regular_first_subproblems,1,scalar_early,3,0.5,1,1,,0.041211268881079496,,False,True,False,task_feasible_early,0.04121135558754741,0.0,2.95110562224397e-14,0.041211268881079496,"[1.5190169379475106e-07,3.253146296265038e-07]",214721,175672,3921,1,True,
panda_trajectory_00_k1_f85,panda,regular_first_subproblems,1,scalar_early,1,0.5,1,1,,0.041211268881079496,,False,True,False,task_feasible_early,0.04121135558754741,0.0,2.95110562224397e-14,0.041211268881079496,"[1.5190169379475106e-07,3.253146296265038e-07]",204627,166973,3836,1,True,
panda_trajectory_00_k1_f85,panda,regular_first_subproblems,1,scalar_early,2,0.5,1,1,,0.041211268881079496,,False,True,False,task_feasible_early,0.04121135558754741,0.0,2.95110562224397e-14,0.041211268881079496,"[1.5190169379475106e-07,3.253146296265038e-07]",214203,174447,4206,1,True,
panda_trajectory_00_k1_f85,panda,regular_first_subproblems,1,scalar_early,4,0.5,1,1,,0.041211268881079496,,False,True,False,task_feasible_early,0.04121135558754741,0.0,2.95110562224397e-14,0.041211268881079496,"[1.5190169379475106e-07,3.253146296265038e-07]",206624,167866,3664,1,True,
panda_trajectory_00_k1_f106,panda,regular_first_subproblems,1,scalar_early,2,0.5,1,1,,0.05548042676893786,,False,True,False,task_feasible_early,0.05548058260345913,0.0,4.0984075058411203e-14,0.05548042676893786,"[7.484214850166147e-08,3.865111910539574e-07]",214454,173891,3885,1,True,
panda_trajectory_00_k1_f106,panda,regular_first_subproblems,1,scalar_early,3,0.5,1,1,,0.05548042676893786,,False,True,False,task_feasible_early,0.05548058260345913,0.0,4.0984075058411203e-14,0.05548042676893786,"[7.484214850166147e-08,3.865111910539574e-07]",206980,169004,3662,1,True,
panda_trajectory_00_k1_f106,panda,regular_first_subproblems,1,scalar_early,0,0.5,1,1,,0.05548042676893786,,False,True,False,task_feasible_early,0.05548058260345913,0.0,4.0984075058411203e-14,0.05548042676893786,"[7.484214850166147e-08,3.865111910539574e-07]",200860,163728,3812,1,True,
panda_trajectory_00_k1_f106,panda,regular_first_subproblems,1,scalar_early,4,0.5,1,1,,0.05548042676893786,,False,True,False,task_feasible_early,0.05548058260345913,0.0,4.0984075058411203e-14,0.05548042676893786,"[7.484214850166147e-08,3.865111910539574e-07]",213846,175605,3730,1,True,
panda_trajectory_00_k1_f106,panda,regular_first_subproblems,1,scalar_early,1,0.5,1,1,,0.05548042676893786,,False,True,False,task_feasible_early,0.05548058260345913,0.0,4.0984075058411203e-14,0.05548042676893786,"[7.484214850166147e-08,3.865111910539574e-07]",207540,167057,3653,1,True,
panda_trajectory_00_k1_f127,panda,regular_first_subproblems,1,scalar_early,4,0.5,1,1,,0.055947844443288514,,False,True,False,task_feasible_early,0.05594799902720817,0.0,4.782987168225453e-15,0.055947844443288514,"[6.750686330873852e-09,3.1591852564849497e-07]",224859,184736,4339,1,True,
panda_trajectory_00_k1_f127,panda,regular_first_subproblems,1,scalar_early,1,0.5,1,1,,0.055947844443288514,,False,True,False,task_feasible_early,0.05594799902720817,0.0,4.782987168225453e-15,0.055947844443288514,"[6.750686330873852e-09,3.1591852564849497e-07]",219668,180206,4060,1,True,
panda_trajectory_00_k1_f127,panda,regular_first_subproblems,1,scalar_early,2,0.5,1,1,,0.055947844443288514,,False,True,False,task_feasible_early,0.05594799902720817,0.0,4.782987168225453e-15,0.055947844443288514,"[6.750686330873852e-09,3.1591852564849497e-07]",215573,176741,3939,1,True,
panda_trajectory_00_k1_f127,panda,regular_first_subproblems,1,scalar_early,0,0.5,1,1,,0.055947844443288514,,False,True,False,task_feasible_early,0.05594799902720817,0.0,4.782987168225453e-15,0.055947844443288514,"[6.750686330873852e-09,3.1591852564849497e-07]",204240,166663,3856,1,True,
panda_trajectory_00_k1_f127,panda,regular_first_subproblems,1,scalar_early,3,0.5,1,1,,0.055947844443288514,,False,True,False,task_feasible_early,0.05594799902720817,0.0,4.782987168225453e-15,0.055947844443288514,"[6.750686330873852e-09,3.1591852564849497e-07]",219442,177656,3880,1,True,
panda_trajectory_00_k1_f149,panda,regular_first_subproblems,1,scalar_early,0,0.5,1,1,,0.04008477627806389,,False,True,False,task_feasible_early,0.04008492460969155,0.0,1.7405266973969706e-14,0.04008477627806389,"[3.775270508990438e-08,3.344159604065224e-07]",211028,171910,4458,1,True,
panda_trajectory_00_k1_f149,panda,regular_first_subproblems,1,scalar_early,3,0.5,1,1,,0.04008477627806389,,False,True,False,task_feasible_early,0.04008492460969155,0.0,1.7405266973969706e-14,0.04008477627806389,"[3.775270508990438e-08,3.344159604065224e-07]",202729,164853,3967,1,True,
panda_trajectory_00_k1_f149,panda,regular_first_subproblems,1,scalar_early,2,0.5,1,1,,0.04008477627806389,,False,True,False,task_feasible_early,0.04008492460969155,0.0,1.7405266973969706e-14,0.04008477627806389,"[3.775270508990438e-08,3.344159604065224e-07]",216895,178715,3725,1,True,
panda_trajectory_00_k1_f149,panda,regular_first_subproblems,1,scalar_early,4,0.5,1,1,,0.04008477627806389,,False,True,False,task_feasible_early,0.04008492460969155,0.0,1.7405266973969706e-14,0.04008477627806389,"[3.775270508990438e-08,3.344159604065224e-07]",211140,173116,3849,1,True,
panda_trajectory_00_k1_f149,panda,regular_first_subproblems,1,scalar_early,1,0.5,1,1,,0.04008477627806389,,False,True,False,task_feasible_early,0.04008492460969155,0.0,1.7405266973969706e-14,0.04008477627806389,"[3.775270508990438e-08,3.344159604065224e-07]",203743,166521,3747,1,True,
panda_trajectory_01_k0_f0,panda,regular_first_subproblems,0,scalar_early,1,0.5,1,1,,0.0008603028544194917,,False,True,False,task_feasible_early,0.0008603617572244485,0.0,2.8030438127152556e-14,0.0008603028544194917,"[3.1911688620345265e-07,4.369224961169512e-07]",220583,181355,3789,1,True,
panda_trajectory_01_k0_f0,panda,regular_first_subproblems,0,scalar_early,2,0.5,1,1,,0.0008603028544194917,,False,True,False,task_feasible_early,0.0008603617572244485,0.0,2.8030438127152556e-14,0.0008603028544194917,"[3.1911688620345265e-07,4.369224961169512e-07]",218146,179663,3798,1,True,
panda_trajectory_01_k0_f0,panda,regular_first_subproblems,0,scalar_early,0,0.5,1,1,,0.0008603028544194917,,False,True,False,task_feasible_early,0.0008603617572244485,0.0,2.8030438127152556e-14,0.0008603028544194917,"[3.1911688620345265e-07,4.369224961169512e-07]",224478,184158,3768,1,True,
panda_trajectory_01_k0_f0,panda,regular_first_subproblems,0,scalar_early,3,0.5,1,1,,0.0008603028544194917,,False,True,False,task_feasible_early,0.0008603617572244485,0.0,2.8030438127152556e-14,0.0008603028544194917,"[3.1911688620345265e-07,4.369224961169512e-07]",199359,162193,3600,1,True,
panda_trajectory_01_k0_f0,panda,regular_first_subproblems,0,scalar_early,4,0.5,1,1,,0.0008603028544194917,,False,True,False,task_feasible_early,0.0008603617572244485,0.0,2.8030438127152556e-14,0.0008603028544194917,"[3.1911688620345265e-07,4.369224961169512e-07]",206458,166837,3932,1,True,
panda_trajectory_01_k0_f21,panda,regular_first_subproblems,0,scalar_early,0,0.5,1,1,,0.0015238602251414844,,False,True,False,task_feasible_early,0.0015240460583007941,0.0,1.6280579355608324e-14,0.0015238602251414844,"[2.2099187737046185e-07,5.926581959900964e-07]",201922,163564,3906,1,True,
panda_trajectory_01_k0_f21,panda,regular_first_subproblems,0,scalar_early,3,0.5,1,1,,0.0015238602251414844,,False,True,False,task_feasible_early,0.0015240460583007941,0.0,1.6280579355608324e-14,0.0015238602251414844,"[2.2099187737046185e-07,5.926581959900964e-07]",222888,181485,3989,1,True,
panda_trajectory_01_k0_f21,panda,regular_first_subproblems,0,scalar_early,4,0.5,1,1,,0.0015238602251414844,,False,True,False,task_feasible_early,0.0015240460583007941,0.0,1.6280579355608324e-14,0.0015238602251414844,"[2.2099187737046185e-07,5.926581959900964e-07]",206540,167575,4290,1,True,
panda_trajectory_01_k0_f21,panda,regular_first_subproblems,0,scalar_early,2,0.5,1,1,,0.0015238602251414844,,False,True,False,task_feasible_early,0.0015240460583007941,0.0,1.6280579355608324e-14,0.0015238602251414844,"[2.2099187737046185e-07,5.926581959900964e-07]",195306,157696,3879,1,True,
panda_trajectory_01_k0_f21,panda,regular_first_subproblems,0,scalar_early,1,0.5,1,1,,0.0015238602251414844,,False,True,False,task_feasible_early,0.0015240460583007941,0.0,1.6280579355608324e-14,0.0015238602251414844,"[2.2099187737046185e-07,5.926581959900964e-07]",201903,162095,3876,1,True,
panda_trajectory_01_k0_f42,panda,regular_first_subproblems,0,scalar_early,4,0.5,1,1,,0.0006784379713394014,,False,True,False,task_feasible_early,0.0006785669838215828,0.0,2.4291314437578648e-14,0.0006784379713394014,"[3.325857095070469e-08,2.9128353531336747e-07]",203811,164822,3780,1,True,
panda_trajectory_01_k0_f42,panda,regular_first_subproblems,0,scalar_early,1,0.5,1,1,,0.0006784379713394014,,False,True,False,task_feasible_early,0.0006785669838215828,0.0,2.4291314437578648e-14,0.0006784379713394014,"[3.325857095070469e-08,2.9128353531336747e-07]",212313,173719,3779,1,True,
panda_trajectory_01_k0_f42,panda,regular_first_subproblems,0,scalar_early,3,0.5,1,1,,0.0006784379713394014,,False,True,False,task_feasible_early,0.0006785669838215828,0.0,2.4291314437578648e-14,0.0006784379713394014,"[3.325857095070469e-08,2.9128353531336747e-07]",212316,173976,3762,1,True,
panda_trajectory_01_k0_f42,panda,regular_first_subproblems,0,scalar_early,2,0.5,1,1,,0.0006784379713394014,,False,True,False,task_feasible_early,0.0006785669838215828,0.0,2.4291314437578648e-14,0.0006784379713394014,"[3.325857095070469e-08,2.9128353531336747e-07]",202786,164991,3944,1,True,
panda_trajectory_01_k0_f42,panda,regular_first_subproblems,0,scalar_early,0,0.5,1,1,,0.0006784379713394014,,False,True,False,task_feasible_early,0.0006785669838215828,0.0,2.4291314437578648e-14,0.0006784379713394014,"[3.325857095070469e-08,2.9128353531336747e-07]",222263,181293,4119,1,True,
panda_trajectory_01_k0_f63,panda,regular_first_subproblems,0,scalar_early,0,0.5,1,1,,0.0003201521901633411,,False,True,False,task_feasible_early,0.00032016264913770494,0.0,1.128939059470305e-14,0.0003201521901633411,"[4.65144161163346e-08,6.743236484392566e-08]",239949,196652,4352,1,True,
panda_trajectory_01_k0_f63,panda,regular_first_subproblems,0,scalar_early,1,0.5,1,1,,0.0003201521901633411,,False,True,False,task_feasible_early,0.00032016264913770494,0.0,1.128939059470305e-14,0.0003201521901633411,"[4.65144161163346e-08,6.743236484392566e-08]",214919,175942,3767,1,True,
panda_trajectory_01_k0_f63,panda,regular_first_subproblems,0,scalar_early,3,0.5,1,1,,0.0003201521901633411,,False,True,False,task_feasible_early,0.00032016264913770494,0.0,1.128939059470305e-14,0.0003201521901633411,"[4.65144161163346e-08,6.743236484392566e-08]",212189,173151,3747,1,True,
panda_trajectory_01_k0_f63,panda,regular_first_subproblems,0,scalar_early,4,0.5,1,1,,0.0003201521901633411,,False,True,False,task_feasible_early,0.00032016264913770494,0.0,1.128939059470305e-14,0.0003201521901633411,"[4.65144161163346e-08,6.743236484392566e-08]",217713,178684,3589,1,True,
panda_trajectory_01_k0_f63,panda,regular_first_subproblems,0,scalar_early,2,0.5,1,1,,0.0003201521901633411,,False,True,False,task_feasible_early,0.00032016264913770494,0.0,1.128939059470305e-14,0.0003201521901633411,"[4.65144161163346e-08,6.743236484392566e-08]",205466,166932,4801,1,True,
panda_trajectory_01_k0_f85,panda,regular_first_subproblems,0,scalar_early,4,0.5,1,1,,0.0013524567030903788,,False,True,False,task_feasible_early,0.0013525945361931874,0.0,2.0175535360778957e-14,0.0013524567030903788,"[2.3403267393786976e-07,5.096988795551642e-07]",220885,181897,3869,1,True,
panda_trajectory_01_k0_f85,panda,regular_first_subproblems,0,scalar_early,2,0.5,1,1,,0.0013524567030903788,,False,True,False,task_feasible_early,0.0013525945361931874,0.0,2.0175535360778957e-14,0.0013524567030903788,"[2.3403267393786976e-07,5.096988795551642e-07]",202861,165112,3947,1,True,
panda_trajectory_01_k0_f85,panda,regular_first_subproblems,0,scalar_early,1,0.5,1,1,,0.0013524567030903788,,False,True,False,task_feasible_early,0.0013525945361931874,0.0,2.0175535360778957e-14,0.0013524567030903788,"[2.3403267393786976e-07,5.096988795551642e-07]",218230,180551,3661,1,True,
panda_trajectory_01_k0_f85,panda,regular_first_subproblems,0,scalar_early,3,0.5,1,1,,0.0013524567030903788,,False,True,False,task_feasible_early,0.0013525945361931874,0.0,2.0175535360778957e-14,0.0013524567030903788,"[2.3403267393786976e-07,5.096988795551642e-07]",207249,169276,3746,1,True,
panda_trajectory_01_k0_f85,panda,regular_first_subproblems,0,scalar_early,0,0.5,1,1,,0.0013524567030903788,,False,True,False,task_feasible_early,0.0013525945361931874,0.0,2.0175535360778957e-14,0.0013524567030903788,"[2.3403267393786976e-07,5.096988795551642e-07]",216196,177972,3612,1,True,
panda_trajectory_01_k0_f106,panda,regular_first_subproblems,0,scalar_early,4,0.5,1,1,,0.0012436618264087182,,False,True,False,task_feasible_early,0.001243886098897235,0.0,4.6593403086362175e-14,0.0012436618264087182,"[1.666182241826031e-07,6.15163201216443e-07]",220397,179919,3502,1,True,
panda_trajectory_01_k0_f106,panda,regular_first_subproblems,0,scalar_early,3,0.5,1,1,,0.0012436618264087182,,False,True,False,task_feasible_early,0.001243886098897235,0.0,4.6593403086362175e-14,0.0012436618264087182,"[1.666182241826031e-07,6.15163201216443e-07]",199104,161320,3814,1,True,
panda_trajectory_01_k0_f106,panda,regular_first_subproblems,0,scalar_early,2,0.5,1,1,,0.0012436618264087182,,False,True,False,task_feasible_early,0.001243886098897235,0.0,4.6593403086362175e-14,0.0012436618264087182,"[1.666182241826031e-07,6.15163201216443e-07]",215574,176774,3788,1,True,
panda_trajectory_01_k0_f106,panda,regular_first_subproblems,0,scalar_early,0,0.5,1,1,,0.0012436618264087182,,False,True,False,task_feasible_early,0.001243886098897235,0.0,4.6593403086362175e-14,0.0012436618264087182,"[1.666182241826031e-07,6.15163201216443e-07]",216911,177925,4134,1,True,
panda_trajectory_01_k0_f106,panda,regular_first_subproblems,0,scalar_early,1,0.5,1,1,,0.0012436618264087182,,False,True,False,task_feasible_early,0.001243886098897235,0.0,4.6593403086362175e-14,0.0012436618264087182,"[1.666182241826031e-07,6.15163201216443e-07]",206595,168686,3882,1,True,
panda_trajectory_01_k0_f127,panda,regular_first_subproblems,0,scalar_early,0,0.5,1,1,,0.0002921804844518696,,False,True,False,task_feasible_early,0.0002922312089975575,0.0,1.6663704229186144e-14,0.0002921804844518696,"[1.0242129094267191e-08,1.1169122047001664e-07]",206993,168290,4002,1,True,
panda_trajectory_01_k0_f127,panda,regular_first_subproblems,0,scalar_early,3,0.5,1,1,,0.0002921804844518696,,False,True,False,task_feasible_early,0.0002922312089975575,0.0,1.6663704229186144e-14,0.0002921804844518696,"[1.0242129094267191e-08,1.1169122047001664e-07]",220459,181343,4042,1,True,
panda_trajectory_01_k0_f127,panda,regular_first_subproblems,0,scalar_early,1,0.5,1,1,,0.0002921804844518696,,False,True,False,task_feasible_early,0.0002922312089975575,0.0,1.6663704229186144e-14,0.0002921804844518696,"[1.0242129094267191e-08,1.1169122047001664e-07]",203296,165125,3849,1,True,
panda_trajectory_01_k0_f127,panda,regular_first_subproblems,0,scalar_early,4,0.5,1,1,,0.0002921804844518696,,False,True,False,task_feasible_early,0.0002922312089975575,0.0,1.6663704229186144e-14,0.0002921804844518696,"[1.0242129094267191e-08,1.1169122047001664e-07]",224458,183656,3837,1,True,
panda_trajectory_01_k0_f127,panda,regular_first_subproblems,0,scalar_early,2,0.5,1,1,,0.0002921804844518696,,False,True,False,task_feasible_early,0.0002922312089975575,0.0,1.6663704229186144e-14,0.0002921804844518696,"[1.0242129094267191e-08,1.1169122047001664e-07]",223370,184276,3796,1,True,
panda_trajectory_01_k0_f149,panda,regular_first_subproblems,0,scalar_early,1,0.5,1,1,,0.0007926116653341323,,False,True,False,task_feasible_early,0.0007926617627609966,0.0,1.3411200035432724e-14,0.0007926116653341323,"[2.793522564557516e-07,3.7954711018404716e-07]",205201,167684,3747,1,True,
panda_trajectory_01_k0_f149,panda,regular_first_subproblems,0,scalar_early,0,0.5,1,1,,0.0007926116653341323,,False,True,False,task_feasible_early,0.0007926617627609966,0.0,1.3411200035432724e-14,0.0007926116653341323,"[2.793522564557516e-07,3.7954711018404716e-07]",212934,172763,3928,1,True,
panda_trajectory_01_k0_f149,panda,regular_first_subproblems,0,scalar_early,2,0.5,1,1,,0.0007926116653341323,,False,True,False,task_feasible_early,0.0007926617627609966,0.0,1.3411200035432724e-14,0.0007926116653341323,"[2.793522564557516e-07,3.7954711018404716e-07]",201407,163996,3742,1,True,
panda_trajectory_01_k0_f149,panda,regular_first_subproblems,0,scalar_early,3,0.5,1,1,,0.0007926116653341323,,False,True,False,task_feasible_early,0.0007926617627609966,0.0,1.3411200035432724e-14,0.0007926116653341323,"[2.793522564557516e-07,3.7954711018404716e-07]",206736,168503,3759,1,True,
panda_trajectory_01_k0_f149,panda,regular_first_subproblems,0,scalar_early,4,0.5,1,1,,0.0007926116653341323,,False,True,False,task_feasible_early,0.0007926617627609966,0.0,1.3411200035432724e-14,0.0007926116653341323,"[2.793522564557516e-07,3.7954711018404716e-07]",201796,162910,3590,1,True,
panda_trajectory_01_k1_f0,panda,regular_first_subproblems,1,scalar_early,3,0.5,1,1,,0.04881012369309647,,False,True,False,task_feasible_early,0.048810206081203664,0.0,1.854570987253821e-14,0.04881012369309647,"[3.4113639034640284e-07,1.7636017596092492e-07]",211910,173454,4159,1,True,
panda_trajectory_01_k1_f0,panda,regular_first_subproblems,1,scalar_early,0,0.5,1,1,,0.04881012369309647,,False,True,False,task_feasible_early,0.048810206081203664,0.0,1.854570987253821e-14,0.04881012369309647,"[3.4113639034640284e-07,1.7636017596092492e-07]",202285,165330,3532,1,True,
panda_trajectory_01_k1_f0,panda,regular_first_subproblems,1,scalar_early,1,0.5,1,1,,0.04881012369309647,,False,True,False,task_feasible_early,0.048810206081203664,0.0,1.854570987253821e-14,0.04881012369309647,"[3.4113639034640284e-07,1.7636017596092492e-07]",195683,158616,3774,1,True,
panda_trajectory_01_k1_f0,panda,regular_first_subproblems,1,scalar_early,2,0.5,1,1,,0.04881012369309647,,False,True,False,task_feasible_early,0.048810206081203664,0.0,1.854570987253821e-14,0.04881012369309647,"[3.4113639034640284e-07,1.7636017596092492e-07]",217563,179404,3648,1,True,
panda_trajectory_01_k1_f0,panda,regular_first_subproblems,1,scalar_early,4,0.5,1,1,,0.04881012369309647,,False,True,False,task_feasible_early,0.048810206081203664,0.0,1.854570987253821e-14,0.04881012369309647,"[3.4113639034640284e-07,1.7636017596092492e-07]",204076,165832,3870,1,True,
panda_trajectory_01_k1_f21,panda,regular_first_subproblems,1,scalar_early,0,0.5,1,1,,0.05909754678766896,,False,True,False,task_feasible_early,0.05909760530550165,0.0,3.30540822551633e-14,0.05909754678766896,"[4.699940399331434e-07,5.870297053173313e-07]",209041,170517,3806,1,True,
panda_trajectory_01_k1_f21,panda,regular_first_subproblems,1,scalar_early,1,0.5,1,1,,0.05909754678766896,,False,True,False,task_feasible_early,0.05909760530550165,0.0,3.30540822551633e-14,0.05909754678766896,"[4.699940399331434e-07,5.870297053173313e-07]",208087,168500,4266,1,True,
panda_trajectory_01_k1_f21,panda,regular_first_subproblems,1,scalar_early,3,0.5,1,1,,0.05909754678766896,,False,True,False,task_feasible_early,0.05909760530550165,0.0,3.30540822551633e-14,0.05909754678766896,"[4.699940399331434e-07,5.870297053173313e-07]",222796,184489,3585,1,True,
panda_trajectory_01_k1_f21,panda,regular_first_subproblems,1,scalar_early,4,0.5,1,1,,0.05909754678766896,,False,True,False,task_feasible_early,0.05909760530550165,0.0,3.30540822551633e-14,0.05909754678766896,"[4.699940399331434e-07,5.870297053173313e-07]",211497,171063,3583,1,True,
panda_trajectory_01_k1_f21,panda,regular_first_subproblems,1,scalar_early,2,0.5,1,1,,0.05909754678766896,,False,True,False,task_feasible_early,0.05909760530550165,0.0,3.30540822551633e-14,0.05909754678766896,"[4.699940399331434e-07,5.870297053173313e-07]",209946,170087,3918,1,True,
panda_trajectory_01_k1_f42,panda,regular_first_subproblems,1,scalar_early,2,0.5,1,1,,0.07030618951227553,,False,True,False,task_feasible_early,0.07030631504204135,0.0,1.6473255640462455e-14,0.07030618951227553,"[2.5301122348586064e-07,5.040707551241827e-07]",218649,176351,4011,1,True,
panda_trajectory_01_k1_f42,panda,regular_first_subproblems,1,scalar_early,1,0.5,1,1,,0.07030618951227553,,False,True,False,task_feasible_early,0.07030631504204135,0.0,1.6473255640462455e-14,0.07030618951227553,"[2.5301122348586064e-07,5.040707551241827e-07]",221239,181237,3959,1,True,
panda_trajectory_01_k1_f42,panda,regular_first_subproblems,1,scalar_early,0,0.5,1,1,,0.07030618951227553,,False,True,False,task_feasible_early,0.07030631504204135,0.0,1.6473255640462455e-14,0.07030618951227553,"[2.5301122348586064e-07,5.040707551241827e-07]",208570,165658,3691,1,True,
panda_trajectory_01_k1_f42,panda,regular_first_subproblems,1,scalar_early,3,0.5,1,1,,0.07030618951227553,,False,True,False,task_feasible_early,0.07030631504204135,0.0,1.6473255640462455e-14,0.07030618951227553,"[2.5301122348586064e-07,5.040707551241827e-07]",211753,172950,3735,1,True,
panda_trajectory_01_k1_f42,panda,regular_first_subproblems,1,scalar_early,4,0.5,1,1,,0.07030618951227553,,False,True,False,task_feasible_early,0.07030631504204135,0.0,1.6473255640462455e-14,0.07030618951227553,"[2.5301122348586064e-07,5.040707551241827e-07]",215488,176608,3864,1,True,
panda_trajectory_01_k1_f63,panda,regular_first_subproblems,1,scalar_early,4,0.5,1,1,,0.06350809931152511,,False,True,False,task_feasible_early,0.06350811935734801,0.0,8.343678738167853e-15,0.06350809931152511,"[3.0246294040992893e-08,7.033793984269571e-08]",207948,170551,3767,1,True,
panda_trajectory_01_k1_f63,panda,regular_first_subproblems,1,scalar_early,0,0.5,1,1,,0.06350809931152511,,False,True,False,task_feasible_early,0.06350811935734801,0.0,8.343678738167853e-15,0.06350809931152511,"[3.0246294040992893e-08,7.033793984269571e-08]",209166,171032,3708,1,True,
panda_trajectory_01_k1_f63,panda,regular_first_subproblems,1,scalar_early,3,0.5,1,1,,0.06350809931152511,,False,True,False,task_feasible_early,0.06350811935734801,0.0,8.343678738167853e-15,0.06350809931152511,"[3.0246294040992893e-08,7.033793984269571e-08]",207766,169510,3674,1,True,
panda_trajectory_01_k1_f63,panda,regular_first_subproblems,1,scalar_early,1,0.5,1,1,,0.06350809931152511,,False,True,False,task_feasible_early,0.06350811935734801,0.0,8.343678738167853e-15,0.06350809931152511,"[3.0246294040992893e-08,7.033793984269571e-08]",200429,161707,3696,1,True,
panda_trajectory_01_k1_f63,panda,regular_first_subproblems,1,scalar_early,2,0.5,1,1,,0.06350809931152511,,False,True,False,task_feasible_early,0.06350811935734801,0.0,8.343678738167853e-15,0.06350809931152511,"[3.0246294040992893e-08,7.033793984269571e-08]",202761,165165,3852,1,True,
panda_trajectory_01_k1_f85,panda,regular_first_subproblems,1,scalar_early,2,0.5,1,1,,0.04216407703667976,,False,True,False,task_feasible_early,0.04216423077102169,0.0,4.089480552672362e-14,0.04216407703667976,"[9.857440951803241e-08,4.060430933844301e-07]",215137,173488,3800,1,True,
panda_trajectory_01_k1_f85,panda,regular_first_subproblems,1,scalar_early,0,0.5,1,1,,0.04216407703667976,,False,True,False,task_feasible_early,0.04216423077102169,0.0,4.089480552672362e-14,0.04216407703667976,"[9.857440951803241e-08,4.060430933844301e-07]",212574,174716,3746,1,True,
panda_trajectory_01_k1_f85,panda,regular_first_subproblems,1,scalar_early,1,0.5,1,1,,0.04216407703667976,,False,True,False,task_feasible_early,0.04216423077102169,0.0,4.089480552672362e-14,0.04216407703667976,"[9.857440951803241e-08,4.060430933844301e-07]",207619,169374,3802,1,True,
panda_trajectory_01_k1_f85,panda,regular_first_subproblems,1,scalar_early,3,0.5,1,1,,0.04216407703667976,,False,True,False,task_feasible_early,0.04216423077102169,0.0,4.089480552672362e-14,0.04216407703667976,"[9.857440951803241e-08,4.060430933844301e-07]",211268,172601,3840,1,True,
panda_trajectory_01_k1_f85,panda,regular_first_subproblems,1,scalar_early,4,0.5,1,1,,0.04216407703667976,,False,True,False,task_feasible_early,0.04216423077102169,0.0,4.089480552672362e-14,0.04216407703667976,"[9.857440951803241e-08,4.060430933844301e-07]",203843,163563,4000,1,True,
panda_trajectory_01_k1_f106,panda,regular_first_subproblems,1,scalar_early,3,0.5,1,1,,0.034839531802248414,,False,True,False,task_feasible_early,0.034839925823250094,0.0,3.019806626980426e-14,0.034839531802248414,"[1.8002142615294067e-07,9.680634295183485e-07]",212089,171051,3914,1,True,
panda_trajectory_01_k1_f106,panda,regular_first_subproblems,1,scalar_early,4,0.5,1,1,,0.034839531802248414,,False,True,False,task_feasible_early,0.034839925823250094,0.0,3.019806626980426e-14,0.034839531802248414,"[1.8002142615294067e-07,9.680634295183485e-07]",227235,186446,3892,1,True,
panda_trajectory_01_k1_f106,panda,regular_first_subproblems,1,scalar_early,0,0.5,1,1,,0.034839531802248414,,False,True,False,task_feasible_early,0.034839925823250094,0.0,3.019806626980426e-14,0.034839531802248414,"[1.8002142615294067e-07,9.680634295183485e-07]",218658,178806,4042,1,True,
panda_trajectory_01_k1_f106,panda,regular_first_subproblems,1,scalar_early,2,0.5,1,1,,0.034839531802248414,,False,True,False,task_feasible_early,0.034839925823250094,0.0,3.019806626980426e-14,0.034839531802248414,"[1.8002142615294067e-07,9.680634295183485e-07]",217628,174748,3665,1,True,
panda_trajectory_01_k1_f106,panda,regular_first_subproblems,1,scalar_early,1,0.5,1,1,,0.034839531802248414,,False,True,False,task_feasible_early,0.034839925823250094,0.0,3.019806626980426e-14,0.034839531802248414,"[1.8002142615294067e-07,9.680634295183485e-07]",208897,169810,4086,1,True,
panda_trajectory_01_k1_f127,panda,regular_first_subproblems,1,scalar_early,1,0.5,1,1,,0.041390964278147466,,False,True,False,task_feasible_early,0.04139116590999328,0.0,2.5121479338940403e-15,0.041390964278147466,"[1.064167801361661e-08,4.1390536964524107e-07]",225034,179409,4184,1,True,
panda_trajectory_01_k1_f127,panda,regular_first_subproblems,1,scalar_early,2,0.5,1,1,,0.041390964278147466,,False,True,False,task_feasible_early,0.04139116590999328,0.0,2.5121479338940403e-15,0.041390964278147466,"[1.064167801361661e-08,4.1390536964524107e-07]",214730,174747,3631,1,True,
panda_trajectory_01_k1_f127,panda,regular_first_subproblems,1,scalar_early,0,0.5,1,1,,0.041390964278147466,,False,True,False,task_feasible_early,0.04139116590999328,0.0,2.5121479338940403e-15,0.041390964278147466,"[1.064167801361661e-08,4.1390536964524107e-07]",212822,169940,3874,1,True,
panda_trajectory_01_k1_f127,panda,regular_first_subproblems,1,scalar_early,3,0.5,1,1,,0.041390964278147466,,False,True,False,task_feasible_early,0.04139116590999328,0.0,2.5121479338940403e-15,0.041390964278147466,"[1.064167801361661e-08,4.1390536964524107e-07]",214866,175829,3687,1,True,
panda_trajectory_01_k1_f127,panda,regular_first_subproblems,1,scalar_early,4,0.5,1,1,,0.041390964278147466,,False,True,False,task_feasible_early,0.04139116590999328,0.0,2.5121479338940403e-15,0.041390964278147466,"[1.064167801361661e-08,4.1390536964524107e-07]",206342,167084,4285,1,True,
panda_trajectory_01_k1_f149,panda,regular_first_subproblems,1,scalar_early,3,0.5,1,1,,0.0484011861331197,,False,True,False,task_feasible_early,0.048401238667392536,0.0,2.0485946440854968e-14,0.0484011861331197,"[2.408292946482923e-07,1.3576074897913727e-07]",203287,165738,3979,1,True,
panda_trajectory_01_k1_f149,panda,regular_first_subproblems,1,scalar_early,0,0.5,1,1,,0.0484011861331197,,False,True,False,task_feasible_early,0.048401238667392536,0.0,2.0485946440854968e-14,0.0484011861331197,"[2.408292946482923e-07,1.3576074897913727e-07]",223246,183254,4030,1,True,
panda_trajectory_01_k1_f149,panda,regular_first_subproblems,1,scalar_early,4,0.5,1,1,,0.0484011861331197,,False,True,False,task_feasible_early,0.048401238667392536,0.0,2.0485946440854968e-14,0.0484011861331197,"[2.408292946482923e-07,1.3576074897913727e-07]",200434,162997,3767,1,True,
panda_trajectory_01_k1_f149,panda,regular_first_subproblems,1,scalar_early,2,0.5,1,1,,0.0484011861331197,,False,True,False,task_feasible_early,0.048401238667392536,0.0,2.0485946440854968e-14,0.0484011861331197,"[2.408292946482923e-07,1.3576074897913727e-07]",205824,165996,3569,1,True,
panda_trajectory_01_k1_f149,panda,regular_first_subproblems,1,scalar_early,1,0.5,1,1,,0.0484011861331197,,False,True,False,task_feasible_early,0.048401238667392536,0.0,2.0485946440854968e-14,0.0484011861331197,"[2.408292946482923e-07,1.3576074897913727e-07]",210643,172458,3913,1,True,
016894bfe7220eb5304b71d9dc330e9a2a7872794dd09c7fb3f449f4be61911d_k0,panda,historical_failure_inputs,0,scalar_early,1,0.1709058931576647,10,29,,0.9567796854369047,,False,True,False,task_feasible_early,1.0696959795955354,0.0,2.6050289705037358e-14,0.9567796854369047,"[1.0598381064831308,0.9236457331122954]",1987475,1943949,4966,10,True,
016894bfe7220eb5304b71d9dc330e9a2a7872794dd09c7fb3f449f4be61911d_k0,panda,historical_failure_inputs,0,scalar_early,2,0.1709058931576647,10,29,,0.9567796854369047,,False,True,False,task_feasible_early,1.0696959795955354,0.0,2.6050289705037358e-14,0.9567796854369047,"[1.0598381064831308,0.9236457331122954]",1933020,1890425,4450,10,True,
016894bfe7220eb5304b71d9dc330e9a2a7872794dd09c7fb3f449f4be61911d_k0,panda,historical_failure_inputs,0,scalar_early,4,0.1709058931576647,10,29,,0.9567796854369047,,False,True,False,task_feasible_early,1.0696959795955354,0.0,2.6050289705037358e-14,0.9567796854369047,"[1.0598381064831308,0.9236457331122954]",1966687,1924140,4459,10,True,
016894bfe7220eb5304b71d9dc330e9a2a7872794dd09c7fb3f449f4be61911d_k0,panda,historical_failure_inputs,0,scalar_early,3,0.1709058931576647,10,29,,0.9567796854369047,,False,True,False,task_feasible_early,1.0696959795955354,0.0,2.6050289705037358e-14,0.9567796854369047,"[1.0598381064831308,0.9236457331122954]",1962644,1918967,4484,10,True,
016894bfe7220eb5304b71d9dc330e9a2a7872794dd09c7fb3f449f4be61911d_k0,panda,historical_failure_inputs,0,scalar_early,0,0.1709058931576647,10,29,,0.9567796854369047,,False,True,False,task_feasible_early,1.0696959795955354,0.0,2.6050289705037358e-14,0.9567796854369047,"[1.0598381064831308,0.9236457331122954]",1965289,1922025,4116,10,True,
016894bfe7220eb5304b71d9dc330e9a2a7872794dd09c7fb3f449f4be61911d_k1,panda,historical_failure_inputs,1,scalar_early,4,0.17232521364581843,11,30,,1.107134848823654,,False,True,False,task_feasible_early,1.202045401327142,0.0,2.2137746890064344e-14,1.107134848823654,"[1.0420168685486055,0.9273455579465771]",2146940,2104790,4313,11,True,
016894bfe7220eb5304b71d9dc330e9a2a7872794dd09c7fb3f449f4be61911d_k1,panda,historical_failure_inputs,1,scalar_early,2,0.17232521364581843,11,30,,1.107134848823654,,False,True,False,task_feasible_early,1.202045401327142,0.0,2.2137746890064344e-14,1.107134848823654,"[1.0420168685486055,0.9273455579465771]",2106478,2063568,4481,11,True,
016894bfe7220eb5304b71d9dc330e9a2a7872794dd09c7fb3f449f4be61911d_k1,panda,historical_failure_inputs,1,scalar_early,1,0.17232521364581843,11,30,,1.107134848823654,,False,True,False,task_feasible_early,1.202045401327142,0.0,2.2137746890064344e-14,1.107134848823654,"[1.0420168685486055,0.9273455579465771]",2133841,2091083,4886,11,True,
016894bfe7220eb5304b71d9dc330e9a2a7872794dd09c7fb3f449f4be61911d_k1,panda,historical_failure_inputs,1,scalar_early,0,0.17232521364581843,11,30,,1.107134848823654,,False,True,False,task_feasible_early,1.202045401327142,0.0,2.2137746890064344e-14,1.107134848823654,"[1.0420168685486055,0.9273455579465771]",2172191,2127321,4325,11,True,
016894bfe7220eb5304b71d9dc330e9a2a7872794dd09c7fb3f449f4be61911d_k1,panda,historical_failure_inputs,1,scalar_early,3,0.17232521364581843,11,30,,1.107134848823654,,False,True,False,task_feasible_early,1.202045401327142,0.0,2.2137746890064344e-14,1.107134848823654,"[1.0420168685486055,0.9273455579465771]",2140051,2094953,5054,11,True,
01b3d371907cb3f346fff18bae595c23d7574141a7c95d86ab1006bcd4e9fabe_k0,panda,historical_failure_inputs,0,scalar_early,1,0.48330897429237296,3,9,0.9547883572262906,0.9547883548731122,2.3531784298924663e-09,True,False,False,gap_converged,0.9547883572262906,0.0,2.929642751054232e-14,0.9547883548731122,"[0.9378939381929553,0.9378939336386312]",696817,657378,4057,3,True,2.3531784298924663e-09
01b3d371907cb3f346fff18bae595c23d7574141a7c95d86ab1006bcd4e9fabe_k0,panda,historical_failure_inputs,0,scalar_early,2,0.48330897429237296,3,9,0.9547883572262906,0.9547883548731122,2.3531784298924663e-09,True,False,False,gap_converged,0.9547883572262906,0.0,2.929642751054232e-14,0.9547883548731122,"[0.9378939381929553,0.9378939336386312]",684174,644809,4132,3,True,2.3531784298924663e-09
01b3d371907cb3f346fff18bae595c23d7574141a7c95d86ab1006bcd4e9fabe_k0,panda,historical_failure_inputs,0,scalar_early,4,0.48330897429237296,3,9,0.9547883572262906,0.9547883548731122,2.3531784298924663e-09,True,False,False,gap_converged,0.9547883572262906,0.0,2.929642751054232e-14,0.9547883548731122,"[0.9378939381929553,0.9378939336386312]",646736,606236,4080,3,True,2.3531784298924663e-09
01b3d371907cb3f346fff18bae595c23d7574141a7c95d86ab1006bcd4e9fabe_k0,panda,historical_failure_inputs,0,scalar_early,3,0.48330897429237296,3,9,0.9547883572262906,0.9547883548731122,2.3531784298924663e-09,True,False,False,gap_converged,0.9547883572262906,0.0,2.929642751054232e-14,0.9547883548731122,"[0.9378939381929553,0.9378939336386312]",677381,636751,3928,3,True,2.3531784298924663e-09
01b3d371907cb3f346fff18bae595c23d7574141a7c95d86ab1006bcd4e9fabe_k0,panda,historical_failure_inputs,0,scalar_early,0,0.48330897429237296,3,9,0.9547883572262906,0.9547883548731122,2.3531784298924663e-09,True,False,False,gap_converged,0.9547883572262906,0.0,2.929642751054232e-14,0.9547883548731122,"[0.9378939381929553,0.9378939336386312]",687056,644157,3982,3,True,2.3531784298924663e-09
01b3d371907cb3f346fff18bae595c23d7574141a7c95d86ab1006bcd4e9fabe_k1,panda,historical_failure_inputs,1,scalar_early,2,0.4832499649959975,3,9,1.0092094428045213,1.0092094404176197,2.386901565287758e-09,True,False,False,gap_converged,1.0092094428045213,0.0,1.302446348448666e-13,1.0092094404176197,"[0.937894566246416,0.9378945616273517]",693665,653457,3975,3,True,2.386901565287758e-09
01b3d371907cb3f346fff18bae595c23d7574141a7c95d86ab1006bcd4e9fabe_k1,panda,historical_failure_inputs,1,scalar_early,1,0.4832499649959975,3,9,1.0092094428045213,1.0092094404176197,2.386901565287758e-09,True,False,False,gap_converged,1.0092094428045213,0.0,1.302446348448666e-13,1.0092094404176197,"[0.937894566246416,0.9378945616273517]",651451,612224,4004,3,True,2.386901565287758e-09
01b3d371907cb3f346fff18bae595c23d7574141a7c95d86ab1006bcd4e9fabe_k1,panda,historical_failure_inputs,1,scalar_early,3,0.4832499649959975,3,9,1.0092094428045213,1.0092094404176197,2.386901565287758e-09,True,False,False,gap_converged,1.0092094428045213,0.0,1.302446348448666e-13,1.0092094404176197,"[0.937894566246416,0.9378945616273517]",653174,613031,4034,3,True,2.386901565287758e-09
01b3d371907cb3f346fff18bae595c23d7574141a7c95d86ab1006bcd4e9fabe_k1,panda,historical_failure_inputs,1,scalar_early,4,0.4832499649959975,3,9,1.0092094428045213,1.0092094404176197,2.386901565287758e-09,True,False,False,gap_converged,1.0092094428045213,0.0,1.302446348448666e-13,1.0092094404176197,"[0.937894566246416,0.9378945616273517]",668864,629163,4005,3,True,2.386901565287758e-09
01b3d371907cb3f346fff18bae595c23d7574141a7c95d86ab1006bcd4e9fabe_k1,panda,historical_failure_inputs,1,scalar_early,0,0.4832499649959975,3,9,1.0092094428045213,1.0092094404176197,2.386901565287758e-09,True,False,False,gap_converged,1.0092094428045213,0.0,1.302446348448666e-13,1.0092094404176197,"[0.937894566246416,0.9378945616273517]",660791,622402,3915,3,True,2.386901565287758e-09
09356f4513b62701731efafd2203596a897cfefe0acf13426c5f18d02b61686e_k0,panda,historical_failure_inputs,0,scalar_early,2,0.5720903739857996,4,12,0.7466080801000277,0.7466080790176564,1.082371303695595e-09,True,False,False,gap_converged,0.7466080801000277,0.0,1.321685888750201e-13,0.7466080790176564,"[0.7349562514773762,0.7349562533693348]",883764,843800,3985,4,True,1.082371303695595e-09
09356f4513b62701731efafd2203596a897cfefe0acf13426c5f18d02b61686e_k0,panda,historical_failure_inputs,0,scalar_early,0,0.5720903739857996,4,12,0.7466080801000277,0.7466080790176564,1.082371303695595e-09,True,False,False,gap_converged,0.7466080801000277,0.0,1.321685888750201e-13,0.7466080790176564,"[0.7349562514773762,0.7349562533693348]",899429,859595,4008,4,True,1.082371303695595e-09
09356f4513b62701731efafd2203596a897cfefe0acf13426c5f18d02b61686e_k0,panda,historical_failure_inputs,0,scalar_early,3,0.5720903739857996,4,12,0.7466080801000277,0.7466080790176564,1.082371303695595e-09,True,False,False,gap_converged,0.7466080801000277,0.0,1.321685888750201e-13,0.7466080790176564,"[0.7349562514773762,0.7349562533693348]",853452,813424,4295,4,True,1.082371303695595e-09
09356f4513b62701731efafd2203596a897cfefe0acf13426c5f18d02b61686e_k0,panda,historical_failure_inputs,0,scalar_early,1,0.5720903739857996,4,12,0.7466080801000277,0.7466080790176564,1.082371303695595e-09,True,False,False,gap_converged,0.7466080801000277,0.0,1.321685888750201e-13,0.7466080790176564,"[0.7349562514773762,0.7349562533693348]",876574,836597,3917,4,True,1.082371303695595e-09
09356f4513b62701731efafd2203596a897cfefe0acf13426c5f18d02b61686e_k0,panda,historical_failure_inputs,0,scalar_early,4,0.5720903739857996,4,12,0.7466080801000277,0.7466080790176564,1.082371303695595e-09,True,False,False,gap_converged,0.7466080801000277,0.0,1.321685888750201e-13,0.7466080790176564,"[0.7349562514773762,0.7349562533693348]",876772,837200,4117,4,True,1.082371303695595e-09
09356f4513b62701731efafd2203596a897cfefe0acf13426c5f18d02b61686e_k1,panda,historical_failure_inputs,1,scalar_early,1,0.5721419559065061,4,12,0.8148667703292602,-11.412201956402107,2.1701178631872153e-09,True,False,False,gap_converged,0.8148667703292602,0.0,0.4945112481156002,0.8148667692403295,"[0.7349563810364393,0.7349563829396921]",858052,816888,4795,4,True,2.1701178631872153e-09
09356f4513b62701731efafd2203596a897cfefe0acf13426c5f18d02b61686e_k1,panda,historical_failure_inputs,1,scalar_early,0,0.5721419559065061,4,12,0.8148667703292602,-11.412201956402107,2.1701178631872153e-09,True,False,False,gap_converged,0.8148667703292602,0.0,0.4945112481156002,0.8148667692403295,"[0.7349563810364393,0.7349563829396921]",879346,839051,3612,4,True,2.1701178631872153e-09
09356f4513b62701731efafd2203596a897cfefe0acf13426c5f18d02b61686e_k1,panda,historical_failure_inputs,1,scalar_early,4,0.5721419559065061,4,12,0.8148667703292602,-11.412201956402107,2.1701178631872153e-09,True,False,False,gap_converged,0.8148667703292602,0.0,0.4945112481156002,0.8148667692403295,"[0.7349563810364393,0.7349563829396921]",845887,806981,4098,4,True,2.1701178631872153e-09
09356f4513b62701731efafd2203596a897cfefe0acf13426c5f18d02b61686e_k1,panda,historical_failure_inputs,1,scalar_early,3,0.5721419559065061,4,12,0.8148667703292602,-11.412201956402107,2.1701178631872153e-09,True,False,False,gap_converged,0.8148667703292602,0.0,0.4945112481156002,0.8148667692403295,"[0.7349563810364393,0.7349563829396921]",888954,849220,4685,4,True,2.1701178631872153e-09
09356f4513b62701731efafd2203596a897cfefe0acf13426c5f18d02b61686e_k1,panda,historical_failure_inputs,1,scalar_early,2,0.5721419559065061,4,12,0.8148667703292602,-11.412201956402107,2.1701178631872153e-09,True,False,False,gap_converged,0.8148667703292602,0.0,0.4945112481156002,0.8148667692403295,"[0.7349563810364393,0.7349563829396921]",885132,845279,4424,4,True,2.1701178631872153e-09
0d2f0b8c4906d449cde87c2f3b3eb6368cf63ec256a2ba134f1429a0a8661022_k0,panda,historical_failure_inputs,0,scalar_early,4,0.2040784454708186,10,10,,0.7584338408651655,,False,True,False,task_feasible_early,0.8690792361886588,0.0,5.376231353587555e-14,0.7584338408651655,"[0.8680467451435205,0.7290312923091715]",1678648,1636764,4143,10,True,
0d2f0b8c4906d449cde87c2f3b3eb6368cf63ec256a2ba134f1429a0a8661022_k0,panda,historical_failure_inputs,0,scalar_early,1,0.2040784454708186,10,10,,0.7584338408651655,,False,True,False,task_feasible_early,0.8690792361886588,0.0,5.376231353587555e-14,0.7584338408651655,"[0.8680467451435205,0.7290312923091715]",1641772,1599767,4470,10,True,
0d2f0b8c4906d449cde87c2f3b3eb6368cf63ec256a2ba134f1429a0a8661022_k0,panda,historical_failure_inputs,0,scalar_early,2,0.2040784454708186,10,10,,0.7584338408651655,,False,True,False,task_feasible_early,0.8690792361886588,0.0,5.376231353587555e-14,0.7584338408651655,"[0.8680467451435205,0.7290312923091715]",1718565,1676229,3996,10,True,
0d2f0b8c4906d449cde87c2f3b3eb6368cf63ec256a2ba134f1429a0a8661022_k0,panda,historical_failure_inputs,0,scalar_early,0,0.2040784454708186,10,10,,0.7584338408651655,,False,True,False,task_feasible_early,0.8690792361886588,0.0,5.376231353587555e-14,0.7584338408651655,"[0.8680467451435205,0.7290312923091715]",1703901,1662224,3993,10,True,
0d2f0b8c4906d449cde87c2f3b3eb6368cf63ec256a2ba134f1429a0a8661022_k0,panda,historical_failure_inputs,0,scalar_early,3,0.2040784454708186,10,10,,0.7584338408651655,,False,True,False,task_feasible_early,0.8690792361886588,0.0,5.376231353587555e-14,0.7584338408651655,"[0.8680467451435205,0.7290312923091715]",1707338,1664646,4159,10,True,
0d2f0b8c4906d449cde87c2f3b3eb6368cf63ec256a2ba134f1429a0a8661022_k1,panda,historical_failure_inputs,1,scalar_early,1,0.2166432790376446,12,16,,0.9183355289031934,,False,True,False,task_feasible_early,0.9322586776975088,0.0,3.5704330589399866e-14,0.9183355289031934,"[0.7721988229702426,0.7544251211282378]",2153718,2109859,4541,12,True,
0d2f0b8c4906d449cde87c2f3b3eb6368cf63ec256a2ba134f1429a0a8661022_k1,panda,historical_failure_inputs,1,scalar_early,0,0.2166432790376446,12,16,,0.9183355289031934,,False,True,False,task_feasible_early,0.9322586776975088,0.0,3.5704330589399866e-14,0.9183355289031934,"[0.7721988229702426,0.7544251211282378]",2133943,2092205,3987,12,True,
0d2f0b8c4906d449cde87c2f3b3eb6368cf63ec256a2ba134f1429a0a8661022_k1,panda,historical_failure_inputs,1,scalar_early,4,0.2166432790376446,12,16,,0.9183355289031934,,False,True,False,task_feasible_early,0.9322586776975088,0.0,3.5704330589399866e-14,0.9183355289031934,"[0.7721988229702426,0.7544251211282378]",2108467,2066104,4183,12,True,
0d2f0b8c4906d449cde87c2f3b3eb6368cf63ec256a2ba134f1429a0a8661022_k1,panda,historical_failure_inputs,1,scalar_early,3,0.2166432790376446,12,16,,0.9183355289031934,,False,True,False,task_feasible_early,0.9322586776975088,0.0,3.5704330589399866e-14,0.9183355289031934,"[0.7721988229702426,0.7544251211282378]",2065610,2022907,4592,12,True,
0d2f0b8c4906d449cde87c2f3b3eb6368cf63ec256a2ba134f1429a0a8661022_k1,panda,historical_failure_inputs,1,scalar_early,2,0.2166432790376446,12,16,,0.9183355289031934,,False,True,False,task_feasible_early,0.9322586776975088,0.0,3.5704330589399866e-14,0.9183355289031934,"[0.7721988229702426,0.7544251211282378]",2105858,2053735,4519,12,True,
0fadcee75ebee19eeaf8f75e6cb4051343a5b42ad78fcbf01575d902138cfeb5_k0,panda,historical_failure_inputs,0,scalar_early,2,0.4829247368477862,3,9,0.7943396795315845,0.7943396772363946,2.2951898159817574e-09,True,False,False,gap_converged,0.7943396795315845,0.0,1.3029307994040273e-13,0.7943396772363946,"[0.7782405843357136,0.7782405798969213]",722580,680408,4514,3,True,2.2951898159817574e-09
0fadcee75ebee19eeaf8f75e6cb4051343a5b42ad78fcbf01575d902138cfeb5_k0,panda,historical_failure_inputs,0,scalar_early,4,0.4829247368477862,3,9,0.7943396795315845,0.7943396772363946,2.2951898159817574e-09,True,False,False,gap_converged,0.7943396795315845,0.0,1.3029307994040273e-13,0.7943396772363946,"[0.7782405843357136,0.7782405798969213]",668939,628949,4281,3,True,2.2951898159817574e-09
0fadcee75ebee19eeaf8f75e6cb4051343a5b42ad78fcbf01575d902138cfeb5_k0,panda,historical_failure_inputs,0,scalar_early,1,0.4829247368477862,3,9,0.7943396795315845,0.7943396772363946,2.2951898159817574e-09,True,False,False,gap_converged,0.7943396795315845,0.0,1.3029307994040273e-13,0.7943396772363946,"[0.7782405843357136,0.7782405798969213]",660122,621059,4050,3,True,2.2951898159817574e-09
0fadcee75ebee19eeaf8f75e6cb4051343a5b42ad78fcbf01575d902138cfeb5_k0,panda,historical_failure_inputs,0,scalar_early,3,0.4829247368477862,3,9,0.7943396795315845,0.7943396772363946,2.2951898159817574e-09,True,False,False,gap_converged,0.7943396795315845,0.0,1.3029307994040273e-13,0.7943396772363946,"[0.7782405843357136,0.7782405798969213]",683307,642301,4048,3,True,2.2951898159817574e-09
0fadcee75ebee19eeaf8f75e6cb4051343a5b42ad78fcbf01575d902138cfeb5_k0,panda,historical_failure_inputs,0,scalar_early,0,0.4829247368477862,3,9,0.7943396795315845,0.7943396772363946,2.2951898159817574e-09,True,False,False,gap_converged,0.7943396795315845,0.0,1.3029307994040273e-13,0.7943396772363946,"[0.7782405843357136,0.7782405798969213]",648068,609405,3963,3,True,2.2951898159817574e-09
0fadcee75ebee19eeaf8f75e6cb4051343a5b42ad78fcbf01575d902138cfeb5_k1,panda,historical_failure_inputs,1,scalar_early,2,0.4828591047450866,3,9,0.8489370686733297,0.8489370663423621,2.3309676411287228e-09,True,False,False,gap_converged,0.8489370686733297,0.0,6.665481691674458e-14,0.8489370663423621,"[0.7782411808231706,0.7782411763157573]",706583,665905,4117,3,True,2.3309676411287228e-09
0fadcee75ebee19eeaf8f75e6cb4051343a5b42ad78fcbf01575d902138cfeb5_k1,panda,historical_failure_inputs,1,scalar_early,3,0.4828591047450866,3,9,0.8489370686733297,0.8489370663423621,2.3309676411287228e-09,True,False,False,gap_converged,0.8489370686733297,0.0,6.665481691674458e-14,0.8489370663423621,"[0.7782411808231706,0.7782411763157573]",711847,670734,4474,3,True,2.3309676411287228e-09
0fadcee75ebee19eeaf8f75e6cb4051343a5b42ad78fcbf01575d902138cfeb5_k1,panda,historical_failure_inputs,1,scalar_early,4,0.4828591047450866,3,9,0.8489370686733297,0.8489370663423621,2.3309676411287228e-09,True,False,False,gap_converged,0.8489370686733297,0.0,6.665481691674458e-14,0.8489370663423621,"[0.7782411808231706,0.7782411763157573]",685701,647012,3777,3,True,2.3309676411287228e-09
0fadcee75ebee19eeaf8f75e6cb4051343a5b42ad78fcbf01575d902138cfeb5_k1,panda,historical_failure_inputs,1,scalar_early,1,0.4828591047450866,3,9,0.8489370686733297,0.8489370663423621,2.3309676411287228e-09,True,False,False,gap_converged,0.8489370686733297,0.0,6.665481691674458e-14,0.8489370663423621,"[0.7782411808231706,0.7782411763157573]",650842,611508,4172,3,True,2.3309676411287228e-09
0fadcee75ebee19eeaf8f75e6cb4051343a5b42ad78fcbf01575d902138cfeb5_k1,panda,historical_failure_inputs,1,scalar_early,0,0.4828591047450866,3,9,0.8489370686733297,0.8489370663423621,2.3309676411287228e-09,True,False,False,gap_converged,0.8489370686733297,0.0,6.665481691674458e-14,0.8489370663423621,"[0.7782411808231706,0.7782411763157573]",680917,641328,3936,3,True,2.3309676411287228e-09
10fa3fce33e1e01e44e4352b9ece7fac8d666b9b0ae0006cd95a27e4ae80f955_k0,panda,historical_failure_inputs,0,scalar_early,4,0.48330897429238645,3,9,0.9547883572465751,0.9547883548934051,2.353169992197479e-09,True,False,False,gap_converged,0.9547883572465751,0.0,1.180976748471683e-13,0.9547883548934051,"[0.9378939382132377,0.9378939336589298]",709075,667613,4396,3,True,2.353169992197479e-09
10fa3fce33e1e01e44e4352b9ece7fac8d666b9b0ae0006cd95a27e4ae80f955_k0,panda,historical_failure_inputs,0,scalar_early,3,0.48330897429238645,3,9,0.9547883572465751,0.9547883548934051,2.353169992197479e-09,True,False,False,gap_converged,0.9547883572465751,0.0,1.180976748471683e-13,0.9547883548934051,"[0.9378939382132377,0.9378939336589298]",678791,637579,4291,3,True,2.353169992197479e-09
10fa3fce33e1e01e44e4352b9ece7fac8d666b9b0ae0006cd95a27e4ae80f955_k0,panda,historical_failure_inputs,0,scalar_early,0,0.48330897429238645,3,9,0.9547883572465751,0.9547883548934051,2.353169992197479e-09,True,False,False,gap_converged,0.9547883572465751,0.0,1.180976748471683e-13,0.9547883548934051,"[0.9378939382132377,0.9378939336589298]",663658,624112,3845,3,True,2.353169992197479e-09
10fa3fce33e1e01e44e4352b9ece7fac8d666b9b0ae0006cd95a27e4ae80f955_k0,panda,historical_failure_inputs,0,scalar_early,2,0.48330897429238645,3,9,0.9547883572465751,0.9547883548934051,2.353169992197479e-09,True,False,False,gap_converged,0.9547883572465751,0.0,1.180976748471683e-13,0.9547883548934051,"[0.9378939382132377,0.9378939336589298]",669452,626349,3927,3,True,2.353169992197479e-09
10fa3fce33e1e01e44e4352b9ece7fac8d666b9b0ae0006cd95a27e4ae80f955_k0,panda,historical_failure_inputs,0,scalar_early,1,0.48330897429238645,3,9,0.9547883572465751,0.9547883548934051,2.353169992197479e-09,True,False,False,gap_converged,0.9547883572465751,0.0,1.180976748471683e-13,0.9547883548934051,"[0.9378939382132377,0.9378939336589298]",687795,647657,4214,3,True,2.353169992197479e-09
10fa3fce33e1e01e44e4352b9ece7fac8d666b9b0ae0006cd95a27e4ae80f955_k1,panda,historical_failure_inputs,1,scalar_early,2,0.4832499656110424,4,12,1.0092094404379097,1.0092094404378957,1.3988810110276972e-14,True,False,False,gap_converged,1.0092094404379097,0.0,3.43714720612747e-13,1.0092094404378957,"[0.9378945638809243,0.9378945638808969]",852604,812611,4457,4,True,1.3988810110276972e-14
10fa3fce33e1e01e44e4352b9ece7fac8d666b9b0ae0006cd95a27e4ae80f955_k1,panda,historical_failure_inputs,1,scalar_early,4,0.4832499656110424,4,12,1.0092094404379097,1.0092094404378957,1.3988810110276972e-14,True,False,False,gap_converged,1.0092094404379097,0.0,3.43714720612747e-13,1.0092094404378957,"[0.9378945638809243,0.9378945638808969]",841263,801252,4252,4,True,1.3988810110276972e-14
10fa3fce33e1e01e44e4352b9ece7fac8d666b9b0ae0006cd95a27e4ae80f955_k1,panda,historical_failure_inputs,1,scalar_early,3,0.4832499656110424,4,12,1.0092094404379097,1.0092094404378957,1.3988810110276972e-14,True,False,False,gap_converged,1.0092094404379097,0.0,3.43714720612747e-13,1.0092094404378957,"[0.9378945638809243,0.9378945638808969]",846918,807209,4367,4,True,1.3988810110276972e-14
10fa3fce33e1e01e44e4352b9ece7fac8d666b9b0ae0006cd95a27e4ae80f955_k1,panda,historical_failure_inputs,1,scalar_early,0,0.4832499656110424,4,12,1.0092094404379097,1.0092094404378957,1.3988810110276972e-14,True,False,False,gap_converged,1.0092094404379097,0.0,3.43714720612747e-13,1.0092094404378957,"[0.9378945638809243,0.9378945638808969]",902669,861514,3946,4,True,1.3988810110276972e-14
10fa3fce33e1e01e44e4352b9ece7fac8d666b9b0ae0006cd95a27e4ae80f955_k1,panda,historical_failure_inputs,1,scalar_early,1,0.4832499656110424,4,12,1.0092094404379097,1.0092094404378957,1.3988810110276972e-14,True,False,False,gap_converged,1.0092094404379097,0.0,3.43714720612747e-13,1.0092094404378957,"[0.9378945638809243,0.9378945638808969]",904122,863483,3597,4,True,1.3988810110276972e-14
12c8309cfc40ab3f04aa67bfde8845b4ac42a2b7671ea5e61b1a7471afc4c358_k0,panda,historical_failure_inputs,0,scalar_early,4,0.5784185914816214,4,12,0.713617631041636,0.7136176271584086,3.8832274062983174e-09,True,False,False,gap_converged,0.713617631041636,0.0,4.618527782440651e-14,0.7136176271584086,"[0.7002237657767011,0.7002237724902257]",902665,862750,4066,4,True,3.8832274062983174e-09
12c8309cfc40ab3f04aa67bfde8845b4ac42a2b7671ea5e61b1a7471afc4c358_k0,panda,historical_failure_inputs,0,scalar_early,0,0.5784185914816214,4,12,0.713617631041636,0.7136176271584086,3.8832274062983174e-09,True,False,False,gap_converged,0.713617631041636,0.0,4.618527782440651e-14,0.7136176271584086,"[0.7002237657767011,0.7002237724902257]",859576,818625,4427,4,True,3.8832274062983174e-09
12c8309cfc40ab3f04aa67bfde8845b4ac42a2b7671ea5e61b1a7471afc4c358_k0,panda,historical_failure_inputs,0,scalar_early,2,0.5784185914816214,4,12,0.713617631041636,0.7136176271584086,3.8832274062983174e-09,True,False,False,gap_converged,0.713617631041636,0.0,4.618527782440651e-14,0.7136176271584086,"[0.7002237657767011,0.7002237724902257]",847954,808991,4011,4,True,3.8832274062983174e-09
12c8309cfc40ab3f04aa67bfde8845b4ac42a2b7671ea5e61b1a7471afc4c358_k0,panda,historical_failure_inputs,0,scalar_early,1,0.5784185914816214,4,12,0.713617631041636,0.7136176271584086,3.8832274062983174e-09,True,False,False,gap_converged,0.713617631041636,0.0,4.618527782440651e-14,0.7136176271584086,"[0.7002237657767011,0.7002237724902257]",879742,838854,3859,4,True,3.8832274062983174e-09
12c8309cfc40ab3f04aa67bfde8845b4ac42a2b7671ea5e61b1a7471afc4c358_k0,panda,historical_failure_inputs,0,scalar_early,3,0.5784185914816214,4,12,0.713617631041636,0.7136176271584086,3.8832274062983174e-09,True,False,False,gap_converged,0.713617631041636,0.0,4.618527782440651e-14,0.7136176271584086,"[0.7002237657767011,0.7002237724902257]",842845,803347,4298,4,True,3.8832274062983174e-09
12c8309cfc40ab3f04aa67bfde8845b4ac42a2b7671ea5e61b1a7471afc4c358_k1,panda,historical_failure_inputs,1,scalar_early,2,0.5784484664567876,4,12,0.8232481165526698,-597.2825630222295,7.3933760225131095e-09,True,False,False,gap_converged,0.8232481165526698,0.0,3.4586292404213737,0.8232481126568567,"[0.7002240445612173,0.7002240512961523]",867395,827474,3910,4,True,7.3933760225131095e-09
12c8309cfc40ab3f04aa67bfde8845b4ac42a2b7671ea5e61b1a7471afc4c358_k1,panda,historical_failure_inputs,1,scalar_early,1,0.5784484664567876,4,12,0.8232481165526698,-597.2825630222295,7.3933760225131095e-09,True,False,False,gap_converged,0.8232481165526698,0.0,3.4586292404213737,0.8232481126568567,"[0.7002240445612173,0.7002240512961523]",899936,859663,3992,4,True,7.3933760225131095e-09
12c8309cfc40ab3f04aa67bfde8845b4ac42a2b7671ea5e61b1a7471afc4c358_k1,panda,historical_failure_inputs,1,scalar_early,0,0.5784484664567876,4,12,0.8232481165526698,-597.2825630222295,7.3933760225131095e-09,True,False,False,gap_converged,0.8232481165526698,0.0,3.4586292404213737,0.8232481126568567,"[0.7002240445612173,0.7002240512961523]",852042,812209,4396,4,True,7.3933760225131095e-09
12c8309cfc40ab3f04aa67bfde8845b4ac42a2b7671ea5e61b1a7471afc4c358_k1,panda,historical_failure_inputs,1,scalar_early,4,0.5784484664567876,4,12,0.8232481165526698,-597.2825630222295,7.3933760225131095e-09,True,False,False,gap_converged,0.8232481165526698,0.0,3.4586292404213737,0.8232481126568567,"[0.7002240445612173,0.7002240512961523]",870988,830816,3938,4,True,7.3933760225131095e-09
12c8309cfc40ab3f04aa67bfde8845b4ac42a2b7671ea5e61b1a7471afc4c358_k1,panda,historical_failure_inputs,1,scalar_early,3,0.5784484664567876,4,12,0.8232481165526698,-597.2825630222295,7.3933760225131095e-09,True,False,False,gap_converged,0.8232481165526698,0.0,3.4586292404213737,0.8232481126568567,"[0.7002240445612173,0.7002240512961523]",880347,841165,4265,4,True,7.3933760225131095e-09
1339de0a2b7e0c7fe442d1cc16653ecd1e53cb39b6001175c3ee189d588f0123_k0,panda,historical_failure_inputs,0,scalar_early,3,0.5,1,1,,0.0036566987203031144,,False,True,False,task_feasible_early,0.003833979732537845,0.0,1.8451091686115564e-14,0.0036566987203031144,"[0.0007658563130491174,0.0011204183375185788]",207617,167710,4562,1,True,
1339de0a2b7e0c7fe442d1cc16653ecd1e53cb39b6001175c3ee189d588f0123_k0,panda,historical_failure_inputs,0,scalar_early,2,0.5,1,1,,0.0036566987203031144,,False,True,False,task_feasible_early,0.003833979732537845,0.0,1.8451091686115564e-14,0.0036566987203031144,"[0.0007658563130491174,0.0011204183375185788]",197986,159008,4122,1,True,
1339de0a2b7e0c7fe442d1cc16653ecd1e53cb39b6001175c3ee189d588f0123_k0,panda,historical_failure_inputs,0,scalar_early,0,0.5,1,1,,0.0036566987203031144,,False,True,False,task_feasible_early,0.003833979732537845,0.0,1.8451091686115564e-14,0.0036566987203031144,"[0.0007658563130491174,0.0011204183375185788]",208251,168751,3994,1,True,
1339de0a2b7e0c7fe442d1cc16653ecd1e53cb39b6001175c3ee189d588f0123_k0,panda,historical_failure_inputs,0,scalar_early,1,0.5,1,1,,0.0036566987203031144,,False,True,False,task_feasible_early,0.003833979732537845,0.0,1.8451091686115564e-14,0.0036566987203031144,"[0.0007658563130491174,0.0011204183375185788]",210902,171725,3803,1,True,
1339de0a2b7e0c7fe442d1cc16653ecd1e53cb39b6001175c3ee189d588f0123_k0,panda,historical_failure_inputs,0,scalar_early,4,0.5,1,1,,0.0036566987203031144,,False,True,False,task_feasible_early,0.003833979732537845,0.0,1.8451091686115564e-14,0.0036566987203031144,"[0.0007658563130491174,0.0011204183375185788]",219150,177717,3697,1,True,
1339de0a2b7e0c7fe442d1cc16653ecd1e53cb39b6001175c3ee189d588f0123_k1,panda,historical_failure_inputs,1,scalar_early,2,0.5,1,1,,0.2835624049134887,,False,True,False,task_feasible_early,0.2837504099800331,0.0,2.087344773157494e-14,0.2835624049134887,"[0.0007450309327199756,0.0011210410658087327]",213932,173932,4094,1,True,
1339de0a2b7e0c7fe442d1cc16653ecd1e53cb39b6001175c3ee189d588f0123_k1,panda,historical_failure_inputs,1,scalar_early,1,0.5,1,1,,0.2835624049134887,,False,True,False,task_feasible_early,0.2837504099800331,0.0,2.087344773157494e-14,0.2835624049134887,"[0.0007450309327199756,0.0011210410658087327]",205604,166833,3826,1,True,
1339de0a2b7e0c7fe442d1cc16653ecd1e53cb39b6001175c3ee189d588f0123_k1,panda,historical_failure_inputs,1,scalar_early,3,0.5,1,1,,0.2835624049134887,,False,True,False,task_feasible_early,0.2837504099800331,0.0,2.087344773157494e-14,0.2835624049134887,"[0.0007450309327199756,0.0011210410658087327]",209174,169725,4074,1,True,
1339de0a2b7e0c7fe442d1cc16653ecd1e53cb39b6001175c3ee189d588f0123_k1,panda,historical_failure_inputs,1,scalar_early,4,0.5,1,1,,0.2835624049134887,,False,True,False,task_feasible_early,0.2837504099800331,0.0,2.087344773157494e-14,0.2835624049134887,"[0.0007450309327199756,0.0011210410658087327]",209720,168034,3671,1,True,
1339de0a2b7e0c7fe442d1cc16653ecd1e53cb39b6001175c3ee189d588f0123_k1,panda,historical_failure_inputs,1,scalar_early,0,0.5,1,1,,0.2835624049134887,,False,True,False,task_feasible_early,0.2837504099800331,0.0,2.087344773157494e-14,0.2835624049134887,"[0.0007450309327199756,0.0011210410658087327]",205865,166670,4018,1,True,
155366d9e36c3f00bb36d11c0390273736b0dcdcef6bce568f7f9c1042a2ae95_k0,panda,historical_failure_inputs,0,scalar_early,0,0.8504748964476628,10,25,,0.8615975060282358,,False,True,False,task_feasible_early,0.9470958271338102,0.0,1.9912053450390257e-13,0.8615975060282358,"[0.8363682375231932,0.9368983313127821]",1884929,1843549,4491,10,True,
155366d9e36c3f00bb36d11c0390273736b0dcdcef6bce568f7f9c1042a2ae95_k0,panda,historical_failure_inputs,0,scalar_early,4,0.8504748964476628,10,25,,0.8615975060282358,,False,True,False,task_feasible_early,0.9470958271338102,0.0,1.9912053450390257e-13,0.8615975060282358,"[0.8363682375231932,0.9368983313127821]",1988836,1945707,3812,10,True,
155366d9e36c3f00bb36d11c0390273736b0dcdcef6bce568f7f9c1042a2ae95_k0,panda,historical_failure_inputs,0,scalar_early,1,0.8504748964476628,10,25,,0.8615975060282358,,False,True,False,task_feasible_early,0.9470958271338102,0.0,1.9912053450390257e-13,0.8615975060282358,"[0.8363682375231932,0.9368983313127821]",1902811,1859479,4442,10,True,
155366d9e36c3f00bb36d11c0390273736b0dcdcef6bce568f7f9c1042a2ae95_k0,panda,historical_failure_inputs,0,scalar_early,2,0.8504748964476628,10,25,,0.8615975060282358,,False,True,False,task_feasible_early,0.9470958271338102,0.0,1.9912053450390257e-13,0.8615975060282358,"[0.8363682375231932,0.9368983313127821]",1928681,1886142,4535,10,True,
155366d9e36c3f00bb36d11c0390273736b0dcdcef6bce568f7f9c1042a2ae95_k0,panda,historical_failure_inputs,0,scalar_early,3,0.8504748964476628,10,25,,0.8615975060282358,,False,True,False,task_feasible_early,0.9470958271338102,0.0,1.9912053450390257e-13,0.8615975060282358,"[0.8363682375231932,0.9368983313127821]",1920022,1874260,4464,10,True,
155366d9e36c3f00bb36d11c0390273736b0dcdcef6bce568f7f9c1042a2ae95_k1,panda,historical_failure_inputs,1,scalar_early,0,0.8506901184226595,11,27,,1.192059249657896,,False,True,False,task_feasible_early,1.2762460624756538,0.0,3.552713678800501e-14,1.192059249657896,"[0.836603067761881,0.9355660285329032]",2105082,2061466,4388,11,True,
155366d9e36c3f00bb36d11c0390273736b0dcdcef6bce568f7f9c1042a2ae95_k1,panda,historical_failure_inputs,1,scalar_early,3,0.8506901184226595,11,27,,1.192059249657896,,False,True,False,task_feasible_early,1.2762460624756538,0.0,3.552713678800501e-14,1.192059249657896,"[0.836603067761881,0.9355660285329032]",2112000,2069328,4011,11,True,
155366d9e36c3f00bb36d11c0390273736b0dcdcef6bce568f7f9c1042a2ae95_k1,panda,historical_failure_inputs,1,scalar_early,4,0.8506901184226595,11,27,,1.192059249657896,,False,True,False,task_feasible_early,1.2762460624756538,0.0,3.552713678800501e-14,1.192059249657896,"[0.836603067761881,0.9355660285329032]",2133893,2090984,4110,11,True,
155366d9e36c3f00bb36d11c0390273736b0dcdcef6bce568f7f9c1042a2ae95_k1,panda,historical_failure_inputs,1,scalar_early,1,0.8506901184226595,11,27,,1.192059249657896,,False,True,False,task_feasible_early,1.2762460624756538,0.0,3.552713678800501e-14,1.192059249657896,"[0.836603067761881,0.9355660285329032]",2089396,2046343,4484,11,True,
155366d9e36c3f00bb36d11c0390273736b0dcdcef6bce568f7f9c1042a2ae95_k1,panda,historical_failure_inputs,1,scalar_early,2,0.8506901184226595,11,27,,1.192059249657896,,False,True,False,task_feasible_early,1.2762460624756538,0.0,3.552713678800501e-14,1.192059249657896,"[0.836603067761881,0.9355660285329032]",2112690,2069433,4751,11,True,
2377abf039b320ecbf2e642f1611dc1077ccf851439e8f61cddae7c22bda8d5b_k0,panda,historical_failure_inputs,0,scalar_early,3,0.47616443411132026,4,16,1.4508094328616161,1.4508094328616086,7.549516567451064e-15,True,False,False,gap_converged,1.4508094328616161,0.0,6.48309409388569e-14,1.4508094328616086,"[1.4315340985416074,1.431534098541623]",963072,921289,4698,4,True,7.549516567451064e-15
2377abf039b320ecbf2e642f1611dc1077ccf851439e8f61cddae7c22bda8d5b_k0,panda,historical_failure_inputs,0,scalar_early,2,0.47616443411132026,4,16,1.4508094328616161,1.4508094328616086,7.549516567451064e-15,True,False,False,gap_converged,1.4508094328616161,0.0,6.48309409388569e-14,1.4508094328616086,"[1.4315340985416074,1.431534098541623]",903652,863059,4249,4,True,7.549516567451064e-15
2377abf039b320ecbf2e642f1611dc1077ccf851439e8f61cddae7c22bda8d5b_k0,panda,historical_failure_inputs,0,scalar_early,1,0.47616443411132026,4,16,1.4508094328616161,1.4508094328616086,7.549516567451064e-15,True,False,False,gap_converged,1.4508094328616161,0.0,6.48309409388569e-14,1.4508094328616086,"[1.4315340985416074,1.431534098541623]",954241,913659,3643,4,True,7.549516567451064e-15
2377abf039b320ecbf2e642f1611dc1077ccf851439e8f61cddae7c22bda8d5b_k0,panda,historical_failure_inputs,0,scalar_early,4,0.47616443411132026,4,16,1.4508094328616161,1.4508094328616086,7.549516567451064e-15,True,False,False,gap_converged,1.4508094328616161,0.0,6.48309409388569e-14,1.4508094328616086,"[1.4315340985416074,1.431534098541623]",919650,879463,4278,4,True,7.549516567451064e-15
2377abf039b320ecbf2e642f1611dc1077ccf851439e8f61cddae7c22bda8d5b_k0,panda,historical_failure_inputs,0,scalar_early,0,0.47616443411132026,4,16,1.4508094328616161,1.4508094328616086,7.549516567451064e-15,True,False,False,gap_converged,1.4508094328616161,0.0,6.48309409388569e-14,1.4508094328616086,"[1.4315340985416074,1.431534098541623]",925177,885076,4222,4,True,7.549516567451064e-15
2377abf039b320ecbf2e642f1611dc1077ccf851439e8f61cddae7c22bda8d5b_k1,panda,historical_failure_inputs,1,scalar_early,2,0.4758817245876753,4,16,1.6016393544149221,1.6016393544149135,8.659739592076221e-15,True,False,False,gap_converged,1.6016393544149221,0.0,4.7265781317840344e-14,1.6016393544149135,"[1.4315339385971857,1.431533938597204]",893097,853912,3986,4,True,8.659739592076221e-15
2377abf039b320ecbf2e642f1611dc1077ccf851439e8f61cddae7c22bda8d5b_k1,panda,historical_failure_inputs,1,scalar_early,3,0.4758817245876753,4,16,1.6016393544149221,1.6016393544149135,8.659739592076221e-15,True,False,False,gap_converged,1.6016393544149221,0.0,4.7265781317840344e-14,1.6016393544149135,"[1.4315339385971857,1.431533938597204]",888918,849235,4494,4,True,8.659739592076221e-15
2377abf039b320ecbf2e642f1611dc1077ccf851439e8f61cddae7c22bda8d5b_k1,panda,historical_failure_inputs,1,scalar_early,0,0.4758817245876753,4,16,1.6016393544149221,1.6016393544149135,8.659739592076221e-15,True,False,False,gap_converged,1.6016393544149221,0.0,4.7265781317840344e-14,1.6016393544149135,"[1.4315339385971857,1.431533938597204]",918386,877448,3972,4,True,8.659739592076221e-15
2377abf039b320ecbf2e642f1611dc1077ccf851439e8f61cddae7c22bda8d5b_k1,panda,historical_failure_inputs,1,scalar_early,4,0.4758817245876753,4,16,1.6016393544149221,1.6016393544149135,8.659739592076221e-15,True,False,False,gap_converged,1.6016393544149221,0.0,4.7265781317840344e-14,1.6016393544149135,"[1.4315339385971857,1.431533938597204]",940605,900355,3534,4,True,8.659739592076221e-15
2377abf039b320ecbf2e642f1611dc1077ccf851439e8f61cddae7c22bda8d5b_k1,panda,historical_failure_inputs,1,scalar_early,1,0.4758817245876753,4,16,1.6016393544149221,1.6016393544149135,8.659739592076221e-15,True,False,False,gap_converged,1.6016393544149221,0.0,4.7265781317840344e-14,1.6016393544149135,"[1.4315339385971857,1.431533938597204]",921168,880900,3883,4,True,8.659739592076221e-15
2fd3a57eec6395bc3eb33f31da38087b302c57fc3e36e858c612b5478ea52b46_k0,panda,historical_failure_inputs,0,scalar_early,4,0.5698347366905405,4,12,0.7938362402095005,0.7938362395062891,7.03211378016988e-10,True,False,False,gap_converged,0.7938362402095005,0.0,1.3500311979441904e-13,0.7938362395062891,"[0.7823937038674131,0.7823937051014751]",879340,840014,4047,4,True,7.03211378016988e-10
2fd3a57eec6395bc3eb33f31da38087b302c57fc3e36e858c612b5478ea52b46_k0,panda,historical_failure_inputs,0,scalar_early,0,0.5698347366905405,4,12,0.7938362402095005,0.7938362395062891,7.03211378016988e-10,True,False,False,gap_converged,0.7938362402095005,0.0,1.3500311979441904e-13,0.7938362395062891,"[0.7823937038674131,0.7823937051014751]",891597,847974,4362,4,True,7.03211378016988e-10
2fd3a57eec6395bc3eb33f31da38087b302c57fc3e36e858c612b5478ea52b46_k0,panda,historical_failure_inputs,0,scalar_early,1,0.5698347366905405,4,12,0.7938362402095005,0.7938362395062891,7.03211378016988e-10,True,False,False,gap_converged,0.7938362402095005,0.0,1.3500311979441904e-13,0.7938362395062891,"[0.7823937038674131,0.7823937051014751]",873490,833295,4003,4,True,7.03211378016988e-10
2fd3a57eec6395bc3eb33f31da38087b302c57fc3e36e858c612b5478ea52b46_k0,panda,historical_failure_inputs,0,scalar_early,2,0.5698347366905405,4,12,0.7938362402095005,0.7938362395062891,7.03211378016988e-10,True,False,False,gap_converged,0.7938362402095005,0.0,1.3500311979441904e-13,0.7938362395062891,"[0.7823937038674131,0.7823937051014751]",881117,840936,3994,4,True,7.03211378016988e-10
2fd3a57eec6395bc3eb33f31da38087b302c57fc3e36e858c612b5478ea52b46_k0,panda,historical_failure_inputs,0,scalar_early,3,0.5698347366905405,4,12,0.7938362402095005,0.7938362395062891,7.03211378016988e-10,True,False,False,gap_converged,0.7938362402095005,0.0,1.3500311979441904e-13,0.7938362395062891,"[0.7823937038674131,0.7823937051014751]",852806,812092,4305,4,True,7.03211378016988e-10
2fd3a57eec6395bc3eb33f31da38087b302c57fc3e36e858c612b5478ea52b46_k1,panda,historical_failure_inputs,1,scalar_early,1,0.5698840800493028,4,12,0.8620589299868928,-9.18604446706647,1.4362182554350511e-09,True,False,False,gap_converged,0.8620589299868928,0.0,0.4482879297136151,0.8620589292794855,"[0.7823939268567028,0.7823939280980208]",903872,864221,4380,4,True,1.4362182554350511e-09
2fd3a57eec6395bc3eb33f31da38087b302c57fc3e36e858c612b5478ea52b46_k1,panda,historical_failure_inputs,1,scalar_early,0,0.5698840800493028,4,12,0.8620589299868928,-9.18604446706647,1.4362182554350511e-09,True,False,False,gap_converged,0.8620589299868928,0.0,0.4482879297136151,0.8620589292794855,"[0.7823939268567028,0.7823939280980208]",857993,818368,4172,4,True,1.4362182554350511e-09
2fd3a57eec6395bc3eb33f31da38087b302c57fc3e36e858c612b5478ea52b46_k1,panda,historical_failure_inputs,1,scalar_early,3,0.5698840800493028,4,12,0.8620589299868928,-9.18604446706647,1.4362182554350511e-09,True,False,False,gap_converged,0.8620589299868928,0.0,0.4482879297136151,0.8620589292794855,"[0.7823939268567028,0.7823939280980208]",863314,823235,4060,4,True,1.4362182554350511e-09
2fd3a57eec6395bc3eb33f31da38087b302c57fc3e36e858c612b5478ea52b46_k1,panda,historical_failure_inputs,1,scalar_early,2,0.5698840800493028,4,12,0.8620589299868928,-9.18604446706647,1.4362182554350511e-09,True,False,False,gap_converged,0.8620589299868928,0.0,0.4482879297136151,0.8620589292794855,"[0.7823939268567028,0.7823939280980208]",885713,845583,3785,4,True,1.4362182554350511e-09
2fd3a57eec6395bc3eb33f31da38087b302c57fc3e36e858c612b5478ea52b46_k1,panda,historical_failure_inputs,1,scalar_early,4,0.5698840800493028,4,12,0.8620589299868928,-9.18604446706647,1.4362182554350511e-09,True,False,False,gap_converged,0.8620589299868928,0.0,0.4482879297136151,0.8620589292794855,"[0.7823939268567028,0.7823939280980208]",879092,838059,4166,4,True,1.4362182554350511e-09
38a05d1395bf5c619495c550deeb27ab986b2f0ac6adb5ae722cd2a37e61e49e_k0,panda,historical_failure_inputs,0,scalar_early,2,0.8504748966830155,10,25,,0.8615975508686851,,False,True,False,task_feasible_early,0.9470958808370016,0.0,1.7763568394002505e-15,0.8615975508686851,"[0.8363682808266238,0.9368983850093261]",1912255,1869103,4682,10,True,
38a05d1395bf5c619495c550deeb27ab986b2f0ac6adb5ae722cd2a37e61e49e_k0,panda,historical_failure_inputs,0,scalar_early,4,0.8504748966830155,10,25,,0.8615975508686851,,False,True,False,task_feasible_early,0.9470958808370016,0.0,1.7763568394002505e-15,0.8615975508686851,"[0.8363682808266238,0.9368983850093261]",1911951,1867030,4461,10,True,
38a05d1395bf5c619495c550deeb27ab986b2f0ac6adb5ae722cd2a37e61e49e_k0,panda,historical_failure_inputs,0,scalar_early,1,0.8504748966830155,10,25,,0.8615975508686851,,False,True,False,task_feasible_early,0.9470958808370016,0.0,1.7763568394002505e-15,0.8615975508686851,"[0.8363682808266238,0.9368983850093261]",1914070,1871573,4390,10,True,
38a05d1395bf5c619495c550deeb27ab986b2f0ac6adb5ae722cd2a37e61e49e_k0,panda,historical_failure_inputs,0,scalar_early,3,0.8504748966830155,10,25,,0.8615975508686851,,False,True,False,task_feasible_early,0.9470958808370016,0.0,1.7763568394002505e-15,0.8615975508686851,"[0.8363682808266238,0.9368983850093261]",1873977,1831581,4510,10,True,
38a05d1395bf5c619495c550deeb27ab986b2f0ac6adb5ae722cd2a37e61e49e_k0,panda,historical_failure_inputs,0,scalar_early,0,0.8504748966830155,10,25,,0.8615975508686851,,False,True,False,task_feasible_early,0.9470958808370016,0.0,1.7763568394002505e-15,0.8615975508686851,"[0.8363682808266238,0.9368983850093261]",1936218,1893783,4184,10,True,
38a05d1395bf5c619495c550deeb27ab986b2f0ac6adb5ae722cd2a37e61e49e_k1,panda,historical_failure_inputs,1,scalar_early,0,0.8506901182981353,11,27,,1.1920592936256715,,False,True,False,task_feasible_early,1.2762461115979025,0.0,1.1588601317882371e-13,1.1920592936256715,"[0.836603111711985,0.9355660785566599]",2087936,2045708,4682,11,True,
38a05d1395bf5c619495c550deeb27ab986b2f0ac6adb5ae722cd2a37e61e49e_k1,panda,historical_failure_inputs,1,scalar_early,2,0.8506901182981353,11,27,,1.1920592936256715,,False,True,False,task_feasible_early,1.2762461115979025,0.0,1.1588601317882371e-13,1.1920592936256715,"[0.836603111711985,0.9355660785566599]",2156244,2112544,4201,11,True,
38a05d1395bf5c619495c550deeb27ab986b2f0ac6adb5ae722cd2a37e61e49e_k1,panda,historical_failure_inputs,1,scalar_early,3,0.8506901182981353,11,27,,1.1920592936256715,,False,True,False,task_feasible_early,1.2762461115979025,0.0,1.1588601317882371e-13,1.1920592936256715,"[0.836603111711985,0.9355660785566599]",2159215,2116525,3818,11,True,
38a05d1395bf5c619495c550deeb27ab986b2f0ac6adb5ae722cd2a37e61e49e_k1,panda,historical_failure_inputs,1,scalar_early,1,0.8506901182981353,11,27,,1.1920592936256715,,False,True,False,task_feasible_early,1.2762461115979025,0.0,1.1588601317882371e-13,1.1920592936256715,"[0.836603111711985,0.9355660785566599]",2130946,2088458,3947,11,True,
38a05d1395bf5c619495c550deeb27ab986b2f0ac6adb5ae722cd2a37e61e49e_k1,panda,historical_failure_inputs,1,scalar_early,4,0.8506901182981353,11,27,,1.1920592936256715,,False,True,False,task_feasible_early,1.2762461115979025,0.0,1.1588601317882371e-13,1.1920592936256715,"[0.836603111711985,0.9355660785566599]",2110327,2066957,4022,11,True,
39c75753efb5d6819f9e2fa625acc562639c1984188f4add89936eef1680ed81_k0,panda,historical_failure_inputs,0,scalar_early,4,0.20332995531089365,10,19,,0.7666683803675158,,False,True,False,task_feasible_early,0.8936803249661178,0.0,2.842170943040401e-14,0.7666683803675158,"[0.8922839990126814,0.7328554558594524]",1848481,1805745,4627,10,True,
39c75753efb5d6819f9e2fa625acc562639c1984188f4add89936eef1680ed81_k0,panda,historical_failure_inputs,0,scalar_early,0,0.20332995531089365,10,19,,0.7666683803675158,,False,True,False,task_feasible_early,0.8936803249661178,0.0,2.842170943040401e-14,0.7666683803675158,"[0.8922839990126814,0.7328554558594524]",1875876,1832666,4541,10,True,
39c75753efb5d6819f9e2fa625acc562639c1984188f4add89936eef1680ed81_k0,panda,historical_failure_inputs,0,scalar_early,3,0.20332995531089365,10,19,,0.7666683803675158,,False,True,False,task_feasible_early,0.8936803249661178,0.0,2.842170943040401e-14,0.7666683803675158,"[0.8922839990126814,0.7328554558594524]",1878781,1835124,4731,10,True,
39c75753efb5d6819f9e2fa625acc562639c1984188f4add89936eef1680ed81_k0,panda,historical_failure_inputs,0,scalar_early,2,0.20332995531089365,10,19,,0.7666683803675158,,False,True,False,task_feasible_early,0.8936803249661178,0.0,2.842170943040401e-14,0.7666683803675158,"[0.8922839990126814,0.7328554558594524]",1869856,1828253,3931,10,True,
39c75753efb5d6819f9e2fa625acc562639c1984188f4add89936eef1680ed81_k0,panda,historical_failure_inputs,0,scalar_early,1,0.20332995531089365,10,19,,0.7666683803675158,,False,True,False,task_feasible_early,0.8936803249661178,0.0,2.842170943040401e-14,0.7666683803675158,"[0.8922839990126814,0.7328554558594524]",1905671,1863302,4454,10,True,
39c75753efb5d6819f9e2fa625acc562639c1984188f4add89936eef1680ed81_k1,panda,historical_failure_inputs,1,scalar_early,3,0.21812553263391818,12,20,,0.9272215705071619,,False,True,False,task_feasible_early,0.9386375048737776,0.0,1.9459014222361976e-14,0.9272215705071619,"[0.7781027916449498,0.7635020662816152]",2163963,2121629,4363,12,True,
39c75753efb5d6819f9e2fa625acc562639c1984188f4add89936eef1680ed81_k1,panda,historical_failure_inputs,1,scalar_early,4,0.21812553263391818,12,20,,0.9272215705071619,,False,True,False,task_feasible_early,0.9386375048737776,0.0,1.9459014222361976e-14,0.9272215705071619,"[0.7781027916449498,0.7635020662816152]",2200889,2157831,4252,12,True,
39c75753efb5d6819f9e2fa625acc562639c1984188f4add89936eef1680ed81_k1,panda,historical_failure_inputs,1,scalar_early,1,0.21812553263391818,12,20,,0.9272215705071619,,False,True,False,task_feasible_early,0.9386375048737776,0.0,1.9459014222361976e-14,0.9272215705071619,"[0.7781027916449498,0.7635020662816152]",2175353,2132378,4317,12,True,
39c75753efb5d6819f9e2fa625acc562639c1984188f4add89936eef1680ed81_k1,panda,historical_failure_inputs,1,scalar_early,2,0.21812553263391818,12,20,,0.9272215705071619,,False,True,False,task_feasible_early,0.9386375048737776,0.0,1.9459014222361976e-14,0.9272215705071619,"[0.7781027916449498,0.7635020662816152]",2183233,2141001,4194,12,True,
39c75753efb5d6819f9e2fa625acc562639c1984188f4add89936eef1680ed81_k1,panda,historical_failure_inputs,1,scalar_early,0,0.21812553263391818,12,20,,0.9272215705071619,,False,True,False,task_feasible_early,0.9386375048737776,0.0,1.9459014222361976e-14,0.9272215705071619,"[0.7781027916449498,0.7635020662816152]",2161285,2118042,4309,12,True,
3cb5ae5e3ed83e96de6ea7b6a86708da3bcaaf99454050465495c03aa329b03d_k0,panda,historical_failure_inputs,0,scalar_early,3,0.8504748966830034,10,25,,0.861597550867888,,False,True,False,task_feasible_early,0.9470958808359587,0.0,6.394894259186285e-14,0.861597550867888,"[0.8363682808258687,0.9368983850082834]",1873240,1831021,4465,10,True,
3cb5ae5e3ed83e96de6ea7b6a86708da3bcaaf99454050465495c03aa329b03d_k0,panda,historical_failure_inputs,0,scalar_early,2,0.8504748966830034,10,25,,0.861597550867888,,False,True,False,task_feasible_early,0.9470958808359587,0.0,6.394894259186285e-14,0.861597550867888,"[0.8363682808258687,0.9368983850082834]",1930560,1887802,4063,10,True,
3cb5ae5e3ed83e96de6ea7b6a86708da3bcaaf99454050465495c03aa329b03d_k0,panda,historical_failure_inputs,0,scalar_early,4,0.8504748966830034,10,25,,0.861597550867888,,False,True,False,task_feasible_early,0.9470958808359587,0.0,6.394894259186285e-14,0.861597550867888,"[0.8363682808258687,0.9368983850082834]",1962607,1920201,4160,10,True,
3cb5ae5e3ed83e96de6ea7b6a86708da3bcaaf99454050465495c03aa329b03d_k0,panda,historical_failure_inputs,0,scalar_early,0,0.8504748966830034,10,25,,0.861597550867888,,False,True,False,task_feasible_early,0.9470958808359587,0.0,6.394894259186285e-14,0.861597550867888,"[0.8363682808258687,0.9368983850082834]",1927564,1884860,4323,10,True,
3cb5ae5e3ed83e96de6ea7b6a86708da3bcaaf99454050465495c03aa329b03d_k0,panda,historical_failure_inputs,0,scalar_early,1,0.8504748966830034,10,25,,0.861597550867888,,False,True,False,task_feasible_early,0.9470958808359587,0.0,6.394894259186285e-14,0.861597550867888,"[0.8363682808258687,0.9368983850082834]",1921180,1878818,4179,10,True,
3cb5ae5e3ed83e96de6ea7b6a86708da3bcaaf99454050465495c03aa329b03d_k1,panda,historical_failure_inputs,1,scalar_early,2,0.8506901182981581,11,27,,0.8518039922015641,,False,True,False,task_feasible_early,1.276246111597232,0.0,0.0824930665478405,1.1920592936248862,"[0.836603111711167,0.9355660785559741]",2149182,2106193,4125,11,True,
3cb5ae5e3ed83e96de6ea7b6a86708da3bcaaf99454050465495c03aa329b03d_k1,panda,historical_failure_inputs,1,scalar_early,3,0.8506901182981581,11,27,,0.8518039922015641,,False,True,False,task_feasible_early,1.276246111597232,0.0,0.0824930665478405,1.1920592936248862,"[0.836603111711167,0.9355660785559741]",2163125,2120016,4012,11,True,
3cb5ae5e3ed83e96de6ea7b6a86708da3bcaaf99454050465495c03aa329b03d_k1,panda,historical_failure_inputs,1,scalar_early,0,0.8506901182981581,11,27,,0.8518039922015641,,False,True,False,task_feasible_early,1.276246111597232,0.0,0.0824930665478405,1.1920592936248862,"[0.836603111711167,0.9355660785559741]",2107532,2064666,4240,11,True,
3cb5ae5e3ed83e96de6ea7b6a86708da3bcaaf99454050465495c03aa329b03d_k1,panda,historical_failure_inputs,1,scalar_early,1,0.8506901182981581,11,27,,0.8518039922015641,,False,True,False,task_feasible_early,1.276246111597232,0.0,0.0824930665478405,1.1920592936248862,"[0.836603111711167,0.9355660785559741]",2124479,2081771,4337,11,True,
3cb5ae5e3ed83e96de6ea7b6a86708da3bcaaf99454050465495c03aa329b03d_k1,panda,historical_failure_inputs,1,scalar_early,4,0.8506901182981581,11,27,,0.8518039922015641,,False,True,False,task_feasible_early,1.276246111597232,0.0,0.0824930665478405,1.1920592936248862,"[0.836603111711167,0.9355660785559741]",2131812,2089988,3961,11,True,
4481318d5ddc42ad85a73ca7db0930f598865b9f9facc5c5befea12352f1e43b_k0,panda,historical_failure_inputs,0,scalar_early,1,0.5720903739862377,4,12,0.7466080801122144,-215.1797718099897,2.1571289199329158e-09,True,False,False,gap_converged,0.7466080801122144,0.0,2.078106733972149,0.7466080790298597,"[0.7349562514895909,0.7349562533815199]",882665,842512,3927,4,True,2.1571289199329158e-09
4481318d5ddc42ad85a73ca7db0930f598865b9f9facc5c5befea12352f1e43b_k0,panda,historical_failure_inputs,0,scalar_early,4,0.5720903739862377,4,12,0.7466080801122144,-215.1797718099897,2.1571289199329158e-09,True,False,False,gap_converged,0.7466080801122144,0.0,2.078106733972149,0.7466080790298597,"[0.7349562514895909,0.7349562533815199]",861302,822029,4319,4,True,2.1571289199329158e-09
4481318d5ddc42ad85a73ca7db0930f598865b9f9facc5c5befea12352f1e43b_k0,panda,historical_failure_inputs,0,scalar_early,2,0.5720903739862377,4,12,0.7466080801122144,-215.1797718099897,2.1571289199329158e-09,True,False,False,gap_converged,0.7466080801122144,0.0,2.078106733972149,0.7466080790298597,"[0.7349562514895909,0.7349562533815199]",897476,857392,4005,4,True,2.1571289199329158e-09
4481318d5ddc42ad85a73ca7db0930f598865b9f9facc5c5befea12352f1e43b_k0,panda,historical_failure_inputs,0,scalar_early,3,0.5720903739862377,4,12,0.7466080801122144,-215.1797718099897,2.1571289199329158e-09,True,False,False,gap_converged,0.7466080801122144,0.0,2.078106733972149,0.7466080790298597,"[0.7349562514895909,0.7349562533815199]",902347,861852,3807,4,True,2.1571289199329158e-09
4481318d5ddc42ad85a73ca7db0930f598865b9f9facc5c5befea12352f1e43b_k0,panda,historical_failure_inputs,0,scalar_early,0,0.5720903739862377,4,12,0.7466080801122144,-215.1797718099897,2.1571289199329158e-09,True,False,False,gap_converged,0.7466080801122144,0.0,2.078106733972149,0.7466080790298597,"[0.7349562514895909,0.7349562533815199]",852923,815248,4001,4,True,2.1571289199329158e-09
4481318d5ddc42ad85a73ca7db0930f598865b9f9facc5c5befea12352f1e43b_k1,panda,historical_failure_inputs,1,scalar_early,2,0.5721419559069529,4,12,0.8148667703415221,-227.49077861139753,2.170145840807436e-09,True,False,False,gap_converged,0.8148667703415221,0.0,2.1368464866744645,0.8148667692525613,"[0.7349563810486178,0.7349563829519224]",840808,801802,4004,4,True,2.170145840807436e-09
4481318d5ddc42ad85a73ca7db0930f598865b9f9facc5c5befea12352f1e43b_k1,panda,historical_failure_inputs,1,scalar_early,3,0.5721419559069529,4,12,0.8148667703415221,-227.49077861139753,2.170145840807436e-09,True,False,False,gap_converged,0.8148667703415221,0.0,2.1368464866744645,0.8148667692525613,"[0.7349563810486178,0.7349563829519224]",876897,837276,4206,4,True,2.170145840807436e-09
4481318d5ddc42ad85a73ca7db0930f598865b9f9facc5c5befea12352f1e43b_k1,panda,historical_failure_inputs,1,scalar_early,1,0.5721419559069529,4,12,0.8148667703415221,-227.49077861139753,2.170145840807436e-09,True,False,False,gap_converged,0.8148667703415221,0.0,2.1368464866744645,0.8148667692525613,"[0.7349563810486178,0.7349563829519224]",906508,866737,3473,4,True,2.170145840807436e-09
4481318d5ddc42ad85a73ca7db0930f598865b9f9facc5c5befea12352f1e43b_k1,panda,historical_failure_inputs,1,scalar_early,4,0.5721419559069529,4,12,0.8148667703415221,-227.49077861139753,2.170145840807436e-09,True,False,False,gap_converged,0.8148667703415221,0.0,2.1368464866744645,0.8148667692525613,"[0.7349563810486178,0.7349563829519224]",852288,813005,4165,4,True,2.170145840807436e-09
4481318d5ddc42ad85a73ca7db0930f598865b9f9facc5c5befea12352f1e43b_k1,panda,historical_failure_inputs,1,scalar_early,0,0.5721419559069529,4,12,0.8148667703415221,-227.49077861139753,2.170145840807436e-09,True,False,False,gap_converged,0.8148667703415221,0.0,2.1368464866744645,0.8148667692525613,"[0.7349563810486178,0.7349563829519224]",842666,804061,4173,4,True,2.170145840807436e-09
45a6400afbe2a6553d656117bcbb5cd6eb766305192d712c5c29a37e44b96fae_k0,panda,historical_failure_inputs,0,scalar_early,0,0.20332995531109377,10,19,,0.766668380367224,,False,True,False,task_feasible_early,0.8936803249654762,0.0,2.07157025572446e-14,0.766668380367224,"[0.8922839990120377,0.7328554558592077]",1903575,1861055,3929,10,True,
45a6400afbe2a6553d656117bcbb5cd6eb766305192d712c5c29a37e44b96fae_k0,panda,historical_failure_inputs,0,scalar_early,2,0.20332995531109377,10,19,,0.766668380367224,,False,True,False,task_feasible_early,0.8936803249654762,0.0,2.07157025572446e-14,0.766668380367224,"[0.8922839990120377,0.7328554558592077]",1837872,1795972,4395,10,True,
45a6400afbe2a6553d656117bcbb5cd6eb766305192d712c5c29a37e44b96fae_k0,panda,historical_failure_inputs,0,scalar_early,1,0.20332995531109377,10,19,,0.766668380367224,,False,True,False,task_feasible_early,0.8936803249654762,0.0,2.07157025572446e-14,0.766668380367224,"[0.8922839990120377,0.7328554558592077]",1887077,1845128,4206,10,True,
45a6400afbe2a6553d656117bcbb5cd6eb766305192d712c5c29a37e44b96fae_k0,panda,historical_failure_inputs,0,scalar_early,3,0.20332995531109377,10,19,,0.766668380367224,,False,True,False,task_feasible_early,0.8936803249654762,0.0,2.07157025572446e-14,0.766668380367224,"[0.8922839990120377,0.7328554558592077]",1879640,1837810,4442,10,True,
45a6400afbe2a6553d656117bcbb5cd6eb766305192d712c5c29a37e44b96fae_k0,panda,historical_failure_inputs,0,scalar_early,4,0.20332995531109377,10,19,,0.766668380367224,,False,True,False,task_feasible_early,0.8936803249654762,0.0,2.07157025572446e-14,0.766668380367224,"[0.8922839990120377,0.7328554558592077]",1848002,1806041,4166,10,True,
45a6400afbe2a6553d656117bcbb5cd6eb766305192d712c5c29a37e44b96fae_k1,panda,historical_failure_inputs,1,scalar_early,4,0.21812553263410478,12,20,,0.9272215705068985,,False,True,False,task_feasible_early,0.9386375048734366,0.0,2.6586074758753436e-14,0.9272215705068985,"[0.7781027916445817,0.7635020662813428]",2120690,2078683,4357,12,True,
45a6400afbe2a6553d656117bcbb5cd6eb766305192d712c5c29a37e44b96fae_k1,panda,historical_failure_inputs,1,scalar_early,1,0.21812553263410478,12,20,,0.9272215705068985,,False,True,False,task_feasible_early,0.9386375048734366,0.0,2.6586074758753436e-14,0.9272215705068985,"[0.7781027916445817,0.7635020662813428]",2178033,2135489,4973,12,True,
45a6400afbe2a6553d656117bcbb5cd6eb766305192d712c5c29a37e44b96fae_k1,panda,historical_failure_inputs,1,scalar_early,3,0.21812553263410478,12,20,,0.9272215705068985,,False,True,False,task_feasible_early,0.9386375048734366,0.0,2.6586074758753436e-14,0.9272215705068985,"[0.7781027916445817,0.7635020662813428]",2183977,2140484,4518,12,True,
45a6400afbe2a6553d656117bcbb5cd6eb766305192d712c5c29a37e44b96fae_k1,panda,historical_failure_inputs,1,scalar_early,2,0.21812553263410478,12,20,,0.9272215705068985,,False,True,False,task_feasible_early,0.9386375048734366,0.0,2.6586074758753436e-14,0.9272215705068985,"[0.7781027916445817,0.7635020662813428]",2153047,2111068,4514,12,True,
45a6400afbe2a6553d656117bcbb5cd6eb766305192d712c5c29a37e44b96fae_k1,panda,historical_failure_inputs,1,scalar_early,0,0.21812553263410478,12,20,,0.9272215705068985,,False,True,False,task_feasible_early,0.9386375048734366,0.0,2.6586074758753436e-14,0.9272215705068985,"[0.7781027916445817,0.7635020662813428]",2188471,2146645,4342,12,True,
4a572d8f78d78baeb87b2b0623b7c585bda754c65c59e35bfb451b8b93f4e402_k0,panda,historical_failure_inputs,0,scalar_early,0,0.4868798621385774,3,12,1.2743751220899466,1.2743750995280116,2.2561934986953247e-08,True,False,False,gap_converged,1.2743751220899466,0.0,9.099386826154683e-14,1.2743750995280116,"[1.254898305185597,1.254898351525437]",700690,660155,4062,3,True,2.2561934986953247e-08
4a572d8f78d78baeb87b2b0623b7c585bda754c65c59e35bfb451b8b93f4e402_k0,panda,historical_failure_inputs,0,scalar_early,1,0.4868798621385774,3,12,1.2743751220899466,1.2743750995280116,2.2561934986953247e-08,True,False,False,gap_converged,1.2743751220899466,0.0,9.099386826154683e-14,1.2743750995280116,"[1.254898305185597,1.254898351525437]",699467,658635,4196,3,True,2.2561934986953247e-08
4a572d8f78d78baeb87b2b0623b7c585bda754c65c59e35bfb451b8b93f4e402_k0,panda,historical_failure_inputs,0,scalar_early,4,0.4868798621385774,3,12,1.2743751220899466,1.2743750995280116,2.2561934986953247e-08,True,False,False,gap_converged,1.2743751220899466,0.0,9.099386826154683e-14,1.2743750995280116,"[1.254898305185597,1.254898351525437]",735082,695227,4312,3,True,2.2561934986953247e-08
4a572d8f78d78baeb87b2b0623b7c585bda754c65c59e35bfb451b8b93f4e402_k0,panda,historical_failure_inputs,0,scalar_early,3,0.4868798621385774,3,12,1.2743751220899466,1.2743750995280116,2.2561934986953247e-08,True,False,False,gap_converged,1.2743751220899466,0.0,9.099386826154683e-14,1.2743750995280116,"[1.254898305185597,1.254898351525437]",711228,670478,4132,3,True,2.2561934986953247e-08
4a572d8f78d78baeb87b2b0623b7c585bda754c65c59e35bfb451b8b93f4e402_k0,panda,historical_failure_inputs,0,scalar_early,2,0.4868798621385774,3,12,1.2743751220899466,1.2743750995280116,2.2561934986953247e-08,True,False,False,gap_converged,1.2743751220899466,0.0,9.099386826154683e-14,1.2743750995280116,"[1.254898305185597,1.254898351525437]",681273,640612,5742,3,True,2.2561934986953247e-08
4a572d8f78d78baeb87b2b0623b7c585bda754c65c59e35bfb451b8b93f4e402_k1,panda,historical_failure_inputs,1,scalar_early,2,0.4865835728093102,3,12,1.4238315580924763,1.4238315334625322,2.4629944084253452e-08,True,False,False,gap_converged,1.4238315580924763,0.0,5.0242958677880804e-14,1.4238315334625322,"[1.2548981481876431,1.2548981988057597]",687811,647569,4863,3,True,2.4629944084253452e-08
4a572d8f78d78baeb87b2b0623b7c585bda754c65c59e35bfb451b8b93f4e402_k1,panda,historical_failure_inputs,1,scalar_early,1,0.4865835728093102,3,12,1.4238315580924763,1.4238315334625322,2.4629944084253452e-08,True,False,False,gap_converged,1.4238315580924763,0.0,5.0242958677880804e-14,1.4238315334625322,"[1.2548981481876431,1.2548981988057597]",731392,690384,4126,3,True,2.4629944084253452e-08
4a572d8f78d78baeb87b2b0623b7c585bda754c65c59e35bfb451b8b93f4e402_k1,panda,historical_failure_inputs,1,scalar_early,4,0.4865835728093102,3,12,1.4238315580924763,1.4238315334625322,2.4629944084253452e-08,True,False,False,gap_converged,1.4238315580924763,0.0,5.0242958677880804e-14,1.4238315334625322,"[1.2548981481876431,1.2548981988057597]",743760,703095,4367,3,True,2.4629944084253452e-08
4a572d8f78d78baeb87b2b0623b7c585bda754c65c59e35bfb451b8b93f4e402_k1,panda,historical_failure_inputs,1,scalar_early,3,0.4865835728093102,3,12,1.4238315580924763,1.4238315334625322,2.4629944084253452e-08,True,False,False,gap_converged,1.4238315580924763,0.0,5.0242958677880804e-14,1.4238315334625322,"[1.2548981481876431,1.2548981988057597]",713951,673365,3920,3,True,2.4629944084253452e-08
4a572d8f78d78baeb87b2b0623b7c585bda754c65c59e35bfb451b8b93f4e402_k1,panda,historical_failure_inputs,1,scalar_early,0,0.4865835728093102,3,12,1.4238315580924763,1.4238315334625322,2.4629944084253452e-08,True,False,False,gap_converged,1.4238315580924763,0.0,5.0242958677880804e-14,1.4238315334625322,"[1.2548981481876431,1.2548981988057597]",1188747,1145534,4496,3,True,2.4629944084253452e-08
5920dd051364a2dc65b383b67ee2307d07472209a36afe30ad84d89588e685f2_k0,panda,historical_failure_inputs,0,scalar_early,2,0.45395948426261135,4,12,1.449956397258326,1.4499563972561214,2.204680882300636e-12,True,False,False,gap_converged,1.449956397258326,0.0,1.2143058939324618e-13,1.4499563972561214,"[1.4341221110779132,1.4341221110738755]",854997,815262,4100,4,True,2.204680882300636e-12
5920dd051364a2dc65b383b67ee2307d07472209a36afe30ad84d89588e685f2_k0,panda,historical_failure_inputs,0,scalar_early,0,0.45395948426261135,4,12,1.449956397258326,1.4499563972561214,2.204680882300636e-12,True,False,False,gap_converged,1.449956397258326,0.0,1.2143058939324618e-13,1.4499563972561214,"[1.4341221110779132,1.4341221110738755]",897802,856562,4091,4,True,2.204680882300636e-12
5920dd051364a2dc65b383b67ee2307d07472209a36afe30ad84d89588e685f2_k0,panda,historical_failure_inputs,0,scalar_early,3,0.45395948426261135,4,12,1.449956397258326,1.4499563972561214,2.204680882300636e-12,True,False,False,gap_converged,1.449956397258326,0.0,1.2143058939324618e-13,1.4499563972561214,"[1.4341221110779132,1.4341221110738755]",855074,816325,4155,4,True,2.204680882300636e-12
5920dd051364a2dc65b383b67ee2307d07472209a36afe30ad84d89588e685f2_k0,panda,historical_failure_inputs,0,scalar_early,4,0.45395948426261135,4,12,1.449956397258326,1.4499563972561214,2.204680882300636e-12,True,False,False,gap_converged,1.449956397258326,0.0,1.2143058939324618e-13,1.4499563972561214,"[1.4341221110779132,1.4341221110738755]",885777,845343,4267,4,True,2.204680882300636e-12
5920dd051364a2dc65b383b67ee2307d07472209a36afe30ad84d89588e685f2_k0,panda,historical_failure_inputs,0,scalar_early,1,0.45395948426261135,4,12,1.449956397258326,1.4499563972561214,2.204680882300636e-12,True,False,False,gap_converged,1.449956397258326,0.0,1.2143058939324618e-13,1.4499563972561214,"[1.4341221110779132,1.4341221110738755]",889683,849999,3684,4,True,2.204680882300636e-12
5920dd051364a2dc65b383b67ee2307d07472209a36afe30ad84d89588e685f2_k1,panda,historical_failure_inputs,1,scalar_early,2,0.45404826610427,4,12,1.5546107846156736,1.5546107846135047,2.168931700907706e-12,True,False,False,gap_converged,1.5546107846156736,0.0,1.650005077597871e-13,1.5546107846135047,"[1.4341222493818941,1.434122249377921]",926043,881338,4457,4,True,2.168931700907706e-12
5920dd051364a2dc65b383b67ee2307d07472209a36afe30ad84d89588e685f2_k1,panda,historical_failure_inputs,1,scalar_early,3,0.45404826610427,4,12,1.5546107846156736,1.5546107846135047,2.168931700907706e-12,True,False,False,gap_converged,1.5546107846156736,0.0,1.650005077597871e-13,1.5546107846135047,"[1.4341222493818941,1.434122249377921]",844459,805170,4162,4,True,2.168931700907706e-12
5920dd051364a2dc65b383b67ee2307d07472209a36afe30ad84d89588e685f2_k1,panda,historical_failure_inputs,1,scalar_early,1,0.45404826610427,4,12,1.5546107846156736,1.5546107846135047,2.168931700907706e-12,True,False,False,gap_converged,1.5546107846156736,0.0,1.650005077597871e-13,1.5546107846135047,"[1.4341222493818941,1.434122249377921]",916681,875672,3606,4,True,2.168931700907706e-12
5920dd051364a2dc65b383b67ee2307d07472209a36afe30ad84d89588e685f2_k1,panda,historical_failure_inputs,1,scalar_early,4,0.45404826610427,4,12,1.5546107846156736,1.5546107846135047,2.168931700907706e-12,True,False,False,gap_converged,1.5546107846156736,0.0,1.650005077597871e-13,1.5546107846135047,"[1.4341222493818941,1.434122249377921]",852568,814151,4007,4,True,2.168931700907706e-12
5920dd051364a2dc65b383b67ee2307d07472209a36afe30ad84d89588e685f2_k1,panda,historical_failure_inputs,1,scalar_early,0,0.45404826610427,4,12,1.5546107846156736,1.5546107846135047,2.168931700907706e-12,True,False,False,gap_converged,1.5546107846156736,0.0,1.650005077597871e-13,1.5546107846135047,"[1.4341222493818941,1.434122249377921]",870947,830607,3955,4,True,2.168931700907706e-12
5be03d09d1d94309b2e2bcdbd947cd30c346ebece6c2b58ab606780cb72ba53a_k0,panda,historical_failure_inputs,0,scalar_early,0,0.42876525035071733,2,7,,0.8713071380033859,,False,True,False,task_feasible_early,0.8750062130137995,0.0,3.6404482152219934e-14,0.8713071380033859,"[0.8555733758652888,0.8490977981580768]",484849,441787,4546,2,True,
5be03d09d1d94309b2e2bcdbd947cd30c346ebece6c2b58ab606780cb72ba53a_k0,panda,historical_failure_inputs,0,scalar_early,2,0.42876525035071733,2,7,,0.8713071380033859,,False,True,False,task_feasible_early,0.8750062130137995,0.0,3.6404482152219934e-14,0.8713071380033859,"[0.8555733758652888,0.8490977981580768]",456360,414405,3928,2,True,
5be03d09d1d94309b2e2bcdbd947cd30c346ebece6c2b58ab606780cb72ba53a_k0,panda,historical_failure_inputs,0,scalar_early,3,0.42876525035071733,2,7,,0.8713071380033859,,False,True,False,task_feasible_early,0.8750062130137995,0.0,3.6404482152219934e-14,0.8713071380033859,"[0.8555733758652888,0.8490977981580768]",453012,412640,4254,2,True,
5be03d09d1d94309b2e2bcdbd947cd30c346ebece6c2b58ab606780cb72ba53a_k0,panda,historical_failure_inputs,0,scalar_early,1,0.42876525035071733,2,7,,0.8713071380033859,,False,True,False,task_feasible_early,0.8750062130137995,0.0,3.6404482152219934e-14,0.8713071380033859,"[0.8555733758652888,0.8490977981580768]",486121,444331,4161,2,True,
5be03d09d1d94309b2e2bcdbd947cd30c346ebece6c2b58ab606780cb72ba53a_k0,panda,historical_failure_inputs,0,scalar_early,4,0.42876525035071733,2,7,,0.8713071380033859,,False,True,False,task_feasible_early,0.8750062130137995,0.0,3.6404482152219934e-14,0.8713071380033859,"[0.8555733758652888,0.8490977981580768]",481831,440050,3699,2,True,
5be03d09d1d94309b2e2bcdbd947cd30c346ebece6c2b58ab606780cb72ba53a_k1,panda,historical_failure_inputs,1,scalar_early,2,0.42861482158033437,2,7,,-0.1685397334585057,,False,True,False,task_feasible_early,1.0333245326767733,0.0,0.1548367667570716,1.0301814835306837,"[0.8550164509897205,0.8495156972691171]",449700,409593,3930,2,True,
5be03d09d1d94309b2e2bcdbd947cd30c346ebece6c2b58ab606780cb72ba53a_k1,panda,historical_failure_inputs,1,scalar_early,1,0.42861482158033437,2,7,,-0.1685397334585057,,False,True,False,task_feasible_early,1.0333245326767733,0.0,0.1548367667570716,1.0301814835306837,"[0.8550164509897205,0.8495156972691171]",492115,451369,3810,2,True,
5be03d09d1d94309b2e2bcdbd947cd30c346ebece6c2b58ab606780cb72ba53a_k1,panda,historical_failure_inputs,1,scalar_early,4,0.42861482158033437,2,7,,-0.1685397334585057,,False,True,False,task_feasible_early,1.0333245326767733,0.0,0.1548367667570716,1.0301814835306837,"[0.8550164509897205,0.8495156972691171]",463275,422852,4320,2,True,
5be03d09d1d94309b2e2bcdbd947cd30c346ebece6c2b58ab606780cb72ba53a_k1,panda,historical_failure_inputs,1,scalar_early,0,0.42861482158033437,2,7,,-0.1685397334585057,,False,True,False,task_feasible_early,1.0333245326767733,0.0,0.1548367667570716,1.0301814835306837,"[0.8550164509897205,0.8495156972691171]",453655,414399,4159,2,True,
5be03d09d1d94309b2e2bcdbd947cd30c346ebece6c2b58ab606780cb72ba53a_k1,panda,historical_failure_inputs,1,scalar_early,3,0.42861482158033437,2,7,,-0.1685397334585057,,False,True,False,task_feasible_early,1.0333245326767733,0.0,0.1548367667570716,1.0301814835306837,"[0.8550164509897205,0.8495156972691171]",461093,421456,4213,2,True,
5c20cedcb0e226c817c20c7973b792c6237dae669f8f72560feb8931f1a58fdd_k0,panda,historical_failure_inputs,0,scalar_early,2,0.4868798621381185,3,12,1.2743751220931359,1.2743750995311998,2.2561936097176272e-08,True,False,False,gap_converged,1.2743751220931359,0.0,1.4426817432597938e-13,1.2743750995311998,"[1.254898305188783,1.2548983515286256]",691857,651816,4060,3,True,2.2561936097176272e-08
5c20cedcb0e226c817c20c7973b792c6237dae669f8f72560feb8931f1a58fdd_k0,panda,historical_failure_inputs,0,scalar_early,1,0.4868798621381185,3,12,1.2743751220931359,1.2743750995311998,2.2561936097176272e-08,True,False,False,gap_converged,1.2743751220931359,0.0,1.4426817432597938e-13,1.2743750995311998,"[1.254898305188783,1.2548983515286256]",683084,644217,3899,3,True,2.2561936097176272e-08
5c20cedcb0e226c817c20c7973b792c6237dae669f8f72560feb8931f1a58fdd_k0,panda,historical_failure_inputs,0,scalar_early,0,0.4868798621381185,3,12,1.2743751220931359,1.2743750995311998,2.2561936097176272e-08,True,False,False,gap_converged,1.2743751220931359,0.0,1.4426817432597938e-13,1.2743750995311998,"[1.254898305188783,1.2548983515286256]",719068,679290,3897,3,True,2.2561936097176272e-08
5c20cedcb0e226c817c20c7973b792c6237dae669f8f72560feb8931f1a58fdd_k0,panda,historical_failure_inputs,0,scalar_early,3,0.4868798621381185,3,12,1.2743751220931359,1.2743750995311998,2.2561936097176272e-08,True,False,False,gap_converged,1.2743751220931359,0.0,1.4426817432597938e-13,1.2743750995311998,"[1.254898305188783,1.2548983515286256]",669607,630819,4258,3,True,2.2561936097176272e-08
5c20cedcb0e226c817c20c7973b792c6237dae669f8f72560feb8931f1a58fdd_k0,panda,historical_failure_inputs,0,scalar_early,4,0.4868798621381185,3,12,1.2743751220931359,1.2743750995311998,2.2561936097176272e-08,True,False,False,gap_converged,1.2743751220931359,0.0,1.4426817432597938e-13,1.2743750995311998,"[1.254898305188783,1.2548983515286256]",711133,672152,4091,3,True,2.2561936097176272e-08
5c20cedcb0e226c817c20c7973b792c6237dae669f8f72560feb8931f1a58fdd_k1,panda,historical_failure_inputs,1,scalar_early,4,0.48658357280885156,3,12,1.4238315580957066,1.42383153346576,2.4629946526744106e-08,True,False,False,gap_converged,1.4238315580957066,0.0,1.1788372960834477e-13,1.42383153346576,"[1.2548981481908277,1.2548981988089494]",684824,644904,4072,3,True,2.4629946526744106e-08
5c20cedcb0e226c817c20c7973b792c6237dae669f8f72560feb8931f1a58fdd_k1,panda,historical_failure_inputs,1,scalar_early,2,0.48658357280885156,3,12,1.4238315580957066,1.42383153346576,2.4629946526744106e-08,True,False,False,gap_converged,1.4238315580957066,0.0,1.1788372960834477e-13,1.42383153346576,"[1.2548981481908277,1.2548981988089494]",733963,692810,4368,3,True,2.4629946526744106e-08
5c20cedcb0e226c817c20c7973b792c6237dae669f8f72560feb8931f1a58fdd_k1,panda,historical_failure_inputs,1,scalar_early,0,0.48658357280885156,3,12,1.4238315580957066,1.42383153346576,2.4629946526744106e-08,True,False,False,gap_converged,1.4238315580957066,0.0,1.1788372960834477e-13,1.42383153346576,"[1.2548981481908277,1.2548981988089494]",743630,698721,4479,3,True,2.4629946526744106e-08
5c20cedcb0e226c817c20c7973b792c6237dae669f8f72560feb8931f1a58fdd_k1,panda,historical_failure_inputs,1,scalar_early,3,0.48658357280885156,3,12,1.4238315580957066,1.42383153346576,2.4629946526744106e-08,True,False,False,gap_converged,1.4238315580957066,0.0,1.1788372960834477e-13,1.42383153346576,"[1.2548981481908277,1.2548981988089494]",717934,675851,4187,3,True,2.4629946526744106e-08
5c20cedcb0e226c817c20c7973b792c6237dae669f8f72560feb8931f1a58fdd_k1,panda,historical_failure_inputs,1,scalar_early,1,0.48658357280885156,3,12,1.4238315580957066,1.42383153346576,2.4629946526744106e-08,True,False,False,gap_converged,1.4238315580957066,0.0,1.1788372960834477e-13,1.42383153346576,"[1.2548981481908277,1.2548981988089494]",779035,734073,7463,3,True,2.4629946526744106e-08
5c958deb3dc1f5919302388d58c9a5d961bec7d2f0bb8d7685e59c6d95b72459_k0,panda,historical_failure_inputs,0,scalar_early,3,0.6747319973070272,6,42,1.6517930218903205,1.6517930218801486,1.0171863351615684e-11,True,False,False,gap_converged,1.6517930218903205,0.0,2.5708891641597944e-13,1.6517930218801486,"[1.6342978777982644,1.63429787781334]",1621273,1576129,4425,6,True,1.0171863351615684e-11
5c958deb3dc1f5919302388d58c9a5d961bec7d2f0bb8d7685e59c6d95b72459_k0,panda,historical_failure_inputs,0,scalar_early,1,0.6747319973070272,6,42,1.6517930218903205,1.6517930218801486,1.0171863351615684e-11,True,False,False,gap_converged,1.6517930218903205,0.0,2.5708891641597944e-13,1.6517930218801486,"[1.6342978777982644,1.63429787781334]",1569802,1529387,3774,6,True,1.0171863351615684e-11
5c958deb3dc1f5919302388d58c9a5d961bec7d2f0bb8d7685e59c6d95b72459_k0,panda,historical_failure_inputs,0,scalar_early,2,0.6747319973070272,6,42,1.6517930218903205,1.6517930218801486,1.0171863351615684e-11,True,False,False,gap_converged,1.6517930218903205,0.0,2.5708891641597944e-13,1.6517930218801486,"[1.6342978777982644,1.63429787781334]",1577051,1535206,4384,6,True,1.0171863351615684e-11
5c958deb3dc1f5919302388d58c9a5d961bec7d2f0bb8d7685e59c6d95b72459_k0,panda,historical_failure_inputs,0,scalar_early,4,0.6747319973070272,6,42,1.6517930218903205,1.6517930218801486,1.0171863351615684e-11,True,False,False,gap_converged,1.6517930218903205,0.0,2.5708891641597944e-13,1.6517930218801486,"[1.6342978777982644,1.63429787781334]",1559171,1518586,4722,6,True,1.0171863351615684e-11
5c958deb3dc1f5919302388d58c9a5d961bec7d2f0bb8d7685e59c6d95b72459_k0,panda,historical_failure_inputs,0,scalar_early,0,0.6747319973070272,6,42,1.6517930218903205,1.6517930218801486,1.0171863351615684e-11,True,False,False,gap_converged,1.6517930218903205,0.0,2.5708891641597944e-13,1.6517930218801486,"[1.6342978777982644,1.63429787781334]",1579518,1538349,4531,6,True,1.0171863351615684e-11
5c958deb3dc1f5919302388d58c9a5d961bec7d2f0bb8d7685e59c6d95b72459_k1,panda,historical_failure_inputs,1,scalar_early,0,0.6744406137963743,6,42,1.7698882755292873,1.7698882755199585,9.32875998671534e-12,True,False,False,gap_converged,1.7698882755292873,0.0,1.6101280939472901e-13,1.7698882755199585,"[1.634298154859451,1.6342981548732827]",1571711,1530353,4259,6,True,9.32875998671534e-12
5c958deb3dc1f5919302388d58c9a5d961bec7d2f0bb8d7685e59c6d95b72459_k1,panda,historical_failure_inputs,1,scalar_early,4,0.6744406137963743,6,42,1.7698882755292873,1.7698882755199585,9.32875998671534e-12,True,False,False,gap_converged,1.7698882755292873,0.0,1.6101280939472901e-13,1.7698882755199585,"[1.634298154859451,1.6342981548732827]",1528631,1488610,4353,6,True,9.32875998671534e-12
5c958deb3dc1f5919302388d58c9a5d961bec7d2f0bb8d7685e59c6d95b72459_k1,panda,historical_failure_inputs,1,scalar_early,2,0.6744406137963743,6,42,1.7698882755292873,1.7698882755199585,9.32875998671534e-12,True,False,False,gap_converged,1.7698882755292873,0.0,1.6101280939472901e-13,1.7698882755199585,"[1.634298154859451,1.6342981548732827]",1588900,1548380,4077,6,True,9.32875998671534e-12
5c958deb3dc1f5919302388d58c9a5d961bec7d2f0bb8d7685e59c6d95b72459_k1,panda,historical_failure_inputs,1,scalar_early,1,0.6744406137963743,6,42,1.7698882755292873,1.7698882755199585,9.32875998671534e-12,True,False,False,gap_converged,1.7698882755292873,0.0,1.6101280939472901e-13,1.7698882755199585,"[1.634298154859451,1.6342981548732827]",1568717,1528416,4415,6,True,9.32875998671534e-12
5c958deb3dc1f5919302388d58c9a5d961bec7d2f0bb8d7685e59c6d95b72459_k1,panda,historical_failure_inputs,1,scalar_early,3,0.6744406137963743,6,42,1.7698882755292873,1.7698882755199585,9.32875998671534e-12,True,False,False,gap_converged,1.7698882755292873,0.0,1.6101280939472901e-13,1.7698882755199585,"[1.634298154859451,1.6342981548732827]",1531500,1489965,4529,6,True,9.32875998671534e-12
6bbddc027841533c944d5fccacaa71c6ae80d2814987226ff64e72d169d46a50_k0,panda,historical_failure_inputs,0,scalar_early,1,0.48330897429238096,3,9,0.9547883572381224,0.9547883548849412,2.353181205450028e-09,True,False,False,gap_converged,0.9547883572381224,0.0,4.935587579328812e-14,0.9547883548849412,"[0.937893938204786,0.9378939336504564]",667908,628860,4140,3,True,2.353181205450028e-09
6bbddc027841533c944d5fccacaa71c6ae80d2814987226ff64e72d169d46a50_k0,panda,historical_failure_inputs,0,scalar_early,2,0.48330897429238096,3,9,0.9547883572381224,0.9547883548849412,2.353181205450028e-09,True,False,False,gap_converged,0.9547883572381224,0.0,4.935587579328812e-14,0.9547883548849412,"[0.937893938204786,0.9378939336504564]",711563,670369,4075,3,True,2.353181205450028e-09
6bbddc027841533c944d5fccacaa71c6ae80d2814987226ff64e72d169d46a50_k0,panda,historical_failure_inputs,0,scalar_early,3,0.48330897429238096,3,9,0.9547883572381224,0.9547883548849412,2.353181205450028e-09,True,False,False,gap_converged,0.9547883572381224,0.0,4.935587579328812e-14,0.9547883548849412,"[0.937893938204786,0.9378939336504564]",663693,623420,4446,3,True,2.353181205450028e-09
6bbddc027841533c944d5fccacaa71c6ae80d2814987226ff64e72d169d46a50_k0,panda,historical_failure_inputs,0,scalar_early,0,0.48330897429238096,3,9,0.9547883572381224,0.9547883548849412,2.353181205450028e-09,True,False,False,gap_converged,0.9547883572381224,0.0,4.935587579328812e-14,0.9547883548849412,"[0.937893938204786,0.9378939336504564]",706154,664499,4099,3,True,2.353181205450028e-09
6bbddc027841533c944d5fccacaa71c6ae80d2814987226ff64e72d169d46a50_k0,panda,historical_failure_inputs,0,scalar_early,4,0.48330897429238096,3,9,0.9547883572381224,0.9547883548849412,2.353181205450028e-09,True,False,False,gap_converged,0.9547883572381224,0.0,4.935587579328812e-14,0.9547883548849412,"[0.937893938204786,0.9378939336504564]",693128,651311,4054,3,True,2.353181205450028e-09
6bbddc027841533c944d5fccacaa71c6ae80d2814987226ff64e72d169d46a50_k1,panda,historical_failure_inputs,1,scalar_early,3,0.48324996561104105,4,12,1.009209440429436,1.009209440429434,1.9984014443252818e-15,True,False,False,gap_converged,1.009209440429436,0.0,4.2780337774645346e-14,1.009209440429434,"[0.9378945638724375,0.9378945638724417]",898462,854902,4394,4,True,1.9984014443252818e-15
6bbddc027841533c944d5fccacaa71c6ae80d2814987226ff64e72d169d46a50_k1,panda,historical_failure_inputs,1,scalar_early,4,0.48324996561104105,4,12,1.009209440429436,1.009209440429434,1.9984014443252818e-15,True,False,False,gap_converged,1.009209440429436,0.0,4.2780337774645346e-14,1.009209440429434,"[0.9378945638724375,0.9378945638724417]",851784,811658,4423,4,True,1.9984014443252818e-15
6bbddc027841533c944d5fccacaa71c6ae80d2814987226ff64e72d169d46a50_k1,panda,historical_failure_inputs,1,scalar_early,1,0.48324996561104105,4,12,1.009209440429436,1.009209440429434,1.9984014443252818e-15,True,False,False,gap_converged,1.009209440429436,0.0,4.2780337774645346e-14,1.009209440429434,"[0.9378945638724375,0.9378945638724417]",881830,840207,4455,4,True,1.9984014443252818e-15
6bbddc027841533c944d5fccacaa71c6ae80d2814987226ff64e72d169d46a50_k1,panda,historical_failure_inputs,1,scalar_early,0,0.48324996561104105,4,12,1.009209440429436,1.009209440429434,1.9984014443252818e-15,True,False,False,gap_converged,1.009209440429436,0.0,4.2780337774645346e-14,1.009209440429434,"[0.9378945638724375,0.9378945638724417]",888730,848715,4115,4,True,1.9984014443252818e-15
6bbddc027841533c944d5fccacaa71c6ae80d2814987226ff64e72d169d46a50_k1,panda,historical_failure_inputs,1,scalar_early,2,0.48324996561104105,4,12,1.009209440429436,1.009209440429434,1.9984014443252818e-15,True,False,False,gap_converged,1.009209440429436,0.0,4.2780337774645346e-14,1.009209440429434,"[0.9378945638724375,0.9378945638724417]",850694,808643,4045,4,True,1.9984014443252818e-15
777cecb834c2d2a97ee11f30726a9c1a3bfdbf129e98653491a9be48b524a07f_k0,panda,historical_failure_inputs,0,scalar_early,3,0.7105718671289393,7,7,1.1981889632216691,1.1981889632076967,1.397237880951252e-11,True,False,False,gap_converged,1.1981889632216691,0.0,5.746004821416369e-14,1.1981889632076967,"[1.1977108559949703,1.1977108560146337]",1209012,1167727,3809,7,True,1.397237880951252e-11
777cecb834c2d2a97ee11f30726a9c1a3bfdbf129e98653491a9be48b524a07f_k0,panda,historical_failure_inputs,0,scalar_early,4,0.7105718671289393,7,7,1.1981889632216691,1.1981889632076967,1.397237880951252e-11,True,False,False,gap_converged,1.1981889632216691,0.0,5.746004821416369e-14,1.1981889632076967,"[1.1977108559949703,1.1977108560146337]",1238813,1196736,4022,7,True,1.397237880951252e-11
777cecb834c2d2a97ee11f30726a9c1a3bfdbf129e98653491a9be48b524a07f_k0,panda,historical_failure_inputs,0,scalar_early,2,0.7105718671289393,7,7,1.1981889632216691,1.1981889632076967,1.397237880951252e-11,True,False,False,gap_converged,1.1981889632216691,0.0,5.746004821416369e-14,1.1981889632076967,"[1.1977108559949703,1.1977108560146337]",1213647,1173793,4247,7,True,1.397237880951252e-11
777cecb834c2d2a97ee11f30726a9c1a3bfdbf129e98653491a9be48b524a07f_k0,panda,historical_failure_inputs,0,scalar_early,0,0.7105718671289393,7,7,1.1981889632216691,1.1981889632076967,1.397237880951252e-11,True,False,False,gap_converged,1.1981889632216691,0.0,5.746004821416369e-14,1.1981889632076967,"[1.1977108559949703,1.1977108560146337]",1215778,1175564,4230,7,True,1.397237880951252e-11
777cecb834c2d2a97ee11f30726a9c1a3bfdbf129e98653491a9be48b524a07f_k0,panda,historical_failure_inputs,0,scalar_early,1,0.7105718671289393,7,7,1.1981889632216691,1.1981889632076967,1.397237880951252e-11,True,False,False,gap_converged,1.1981889632216691,0.0,5.746004821416369e-14,1.1981889632076967,"[1.1977108559949703,1.1977108560146337]",1182348,1143407,4187,7,True,1.397237880951252e-11
777cecb834c2d2a97ee11f30726a9c1a3bfdbf129e98653491a9be48b524a07f_k1,panda,historical_failure_inputs,1,scalar_early,1,0.7098693165314494,7,7,1.6503199451970083,1.6503199451866988,1.0309531006669204e-11,True,False,False,gap_converged,1.6503199451970083,0.0,6.391954195209729e-14,1.6503199451866988,"[1.19771305376466,1.1977130537791831]",1238923,1196996,3762,7,True,1.0309531006669204e-11
777cecb834c2d2a97ee11f30726a9c1a3bfdbf129e98653491a9be48b524a07f_k1,panda,historical_failure_inputs,1,scalar_early,0,0.7098693165314494,7,7,1.6503199451970083,1.6503199451866988,1.0309531006669204e-11,True,False,False,gap_converged,1.6503199451970083,0.0,6.391954195209729e-14,1.6503199451866988,"[1.19771305376466,1.1977130537791831]",1247647,1205325,4228,7,True,1.0309531006669204e-11
777cecb834c2d2a97ee11f30726a9c1a3bfdbf129e98653491a9be48b524a07f_k1,panda,historical_failure_inputs,1,scalar_early,3,0.7098693165314494,7,7,1.6503199451970083,1.6503199451866988,1.0309531006669204e-11,True,False,False,gap_converged,1.6503199451970083,0.0,6.391954195209729e-14,1.6503199451866988,"[1.19771305376466,1.1977130537791831]",1194694,1151328,4438,7,True,1.0309531006669204e-11
777cecb834c2d2a97ee11f30726a9c1a3bfdbf129e98653491a9be48b524a07f_k1,panda,historical_failure_inputs,1,scalar_early,2,0.7098693165314494,7,7,1.6503199451970083,1.6503199451866988,1.0309531006669204e-11,True,False,False,gap_converged,1.6503199451970083,0.0,6.391954195209729e-14,1.6503199451866988,"[1.19771305376466,1.1977130537791831]",1206369,1164470,4713,7,True,1.0309531006669204e-11
777cecb834c2d2a97ee11f30726a9c1a3bfdbf129e98653491a9be48b524a07f_k1,panda,historical_failure_inputs,1,scalar_early,4,0.7098693165314494,7,7,1.6503199451970083,1.6503199451866988,1.0309531006669204e-11,True,False,False,gap_converged,1.6503199451970083,0.0,6.391954195209729e-14,1.6503199451866988,"[1.19771305376466,1.1977130537791831]",1235372,1193654,4115,7,True,1.0309531006669204e-11
7ade05b4a35b609b65f62a72b9938ae9cfaaadc9380544f3dc0319f559c13519_k0,panda,historical_failure_inputs,0,scalar_early,3,0.5783772367672981,4,12,0.5627906880852552,0.5627906850636774,3.0215778767939128e-09,True,False,False,gap_converged,0.5627906880852552,0.0,1.4228607195221903e-13,0.5627906850636774,"[0.5491505309196628,0.5491505361438964]",904872,862852,4407,4,True,3.0215778767939128e-09
7ade05b4a35b609b65f62a72b9938ae9cfaaadc9380544f3dc0319f559c13519_k0,panda,historical_failure_inputs,0,scalar_early,4,0.5783772367672981,4,12,0.5627906880852552,0.5627906850636774,3.0215778767939128e-09,True,False,False,gap_converged,0.5627906880852552,0.0,1.4228607195221903e-13,0.5627906850636774,"[0.5491505309196628,0.5491505361438964]",859499,818852,4292,4,True,3.0215778767939128e-09
7ade05b4a35b609b65f62a72b9938ae9cfaaadc9380544f3dc0319f559c13519_k0,panda,historical_failure_inputs,0,scalar_early,2,0.5783772367672981,4,12,0.5627906880852552,0.5627906850636774,3.0215778767939128e-09,True,False,False,gap_converged,0.5627906880852552,0.0,1.4228607195221903e-13,0.5627906850636774,"[0.5491505309196628,0.5491505361438964]",878347,837294,4662,4,True,3.0215778767939128e-09
7ade05b4a35b609b65f62a72b9938ae9cfaaadc9380544f3dc0319f559c13519_k0,panda,historical_failure_inputs,0,scalar_early,0,0.5783772367672981,4,12,0.5627906880852552,0.5627906850636774,3.0215778767939128e-09,True,False,False,gap_converged,0.5627906880852552,0.0,1.4228607195221903e-13,0.5627906850636774,"[0.5491505309196628,0.5491505361438964]",887766,847150,4203,4,True,3.0215778767939128e-09
7ade05b4a35b609b65f62a72b9938ae9cfaaadc9380544f3dc0319f559c13519_k0,panda,historical_failure_inputs,0,scalar_early,1,0.5783772367672981,4,12,0.5627906880852552,0.5627906850636774,3.0215778767939128e-09,True,False,False,gap_converged,0.5627906880852552,0.0,1.4228607195221903e-13,0.5627906850636774,"[0.5491505309196628,0.5491505361438964]",842097,801762,4308,4,True,3.0215778767939128e-09
7ade05b4a35b609b65f62a72b9938ae9cfaaadc9380544f3dc0319f559c13519_k1,panda,historical_failure_inputs,1,scalar_early,3,0.578409967758275,4,12,0.6717801640180256,0.671780160985685,3.032340600839234e-09,True,False,False,gap_converged,0.6717801640180256,0.0,9.237055564881302e-14,0.671780160985685,"[0.5491508110458415,0.5491508162883868]",932921,891005,4253,4,True,3.032340600839234e-09
7ade05b4a35b609b65f62a72b9938ae9cfaaadc9380544f3dc0319f559c13519_k1,panda,historical_failure_inputs,1,scalar_early,0,0.578409967758275,4,12,0.6717801640180256,0.671780160985685,3.032340600839234e-09,True,False,False,gap_converged,0.6717801640180256,0.0,9.237055564881302e-14,0.671780160985685,"[0.5491508110458415,0.5491508162883868]",881991,841842,4621,4,True,3.032340600839234e-09
7ade05b4a35b609b65f62a72b9938ae9cfaaadc9380544f3dc0319f559c13519_k1,panda,historical_failure_inputs,1,scalar_early,1,0.578409967758275,4,12,0.6717801640180256,0.671780160985685,3.032340600839234e-09,True,False,False,gap_converged,0.6717801640180256,0.0,9.237055564881302e-14,0.671780160985685,"[0.5491508110458415,0.5491508162883868]",885934,844403,3981,4,True,3.032340600839234e-09
7ade05b4a35b609b65f62a72b9938ae9cfaaadc9380544f3dc0319f559c13519_k1,panda,historical_failure_inputs,1,scalar_early,4,0.578409967758275,4,12,0.6717801640180256,0.671780160985685,3.032340600839234e-09,True,False,False,gap_converged,0.6717801640180256,0.0,9.237055564881302e-14,0.671780160985685,"[0.5491508110458415,0.5491508162883868]",878158,836807,4220,4,True,3.032340600839234e-09
7ade05b4a35b609b65f62a72b9938ae9cfaaadc9380544f3dc0319f559c13519_k1,panda,historical_failure_inputs,1,scalar_early,2,0.578409967758275,4,12,0.6717801640180256,0.671780160985685,3.032340600839234e-09,True,False,False,gap_converged,0.6717801640180256,0.0,9.237055564881302e-14,0.671780160985685,"[0.5491508110458415,0.5491508162883868]",874636,833651,4187,4,True,3.032340600839234e-09
7e954bb8a4f7b108c34380f1fc198c04883f2e3b2216de70ca4aae281e3842d4_k0,panda,historical_failure_inputs,0,scalar_early,4,0.20332995531116638,10,19,,0.7666683803671027,,False,True,False,task_feasible_early,0.8936803249652818,0.0,3.9561345224328346e-14,0.7666683803671027,"[0.8922839990118385,0.7328554558590858]",1865570,1822521,4508,10,True,
7e954bb8a4f7b108c34380f1fc198c04883f2e3b2216de70ca4aae281e3842d4_k0,panda,historical_failure_inputs,0,scalar_early,2,0.20332995531116638,10,19,,0.7666683803671027,,False,True,False,task_feasible_early,0.8936803249652818,0.0,3.9561345224328346e-14,0.7666683803671027,"[0.8922839990118385,0.7328554558590858]",1824233,1781609,4358,10,True,
7e954bb8a4f7b108c34380f1fc198c04883f2e3b2216de70ca4aae281e3842d4_k0,panda,historical_failure_inputs,0,scalar_early,0,0.20332995531116638,10,19,,0.7666683803671027,,False,True,False,task_feasible_early,0.8936803249652818,0.0,3.9561345224328346e-14,0.7666683803671027,"[0.8922839990118385,0.7328554558590858]",1902642,1859296,4444,10,True,
7e954bb8a4f7b108c34380f1fc198c04883f2e3b2216de70ca4aae281e3842d4_k0,panda,historical_failure_inputs,0,scalar_early,3,0.20332995531116638,10,19,,0.7666683803671027,,False,True,False,task_feasible_early,0.8936803249652818,0.0,3.9561345224328346e-14,0.7666683803671027,"[0.8922839990118385,0.7328554558590858]",1832938,1790678,4375,10,True,
7e954bb8a4f7b108c34380f1fc198c04883f2e3b2216de70ca4aae281e3842d4_k0,panda,historical_failure_inputs,0,scalar_early,1,0.20332995531116638,10,19,,0.7666683803671027,,False,True,False,task_feasible_early,0.8936803249652818,0.0,3.9561345224328346e-14,0.7666683803671027,"[0.8922839990118385,0.7328554558590858]",1870765,1828140,4339,10,True,
7e954bb8a4f7b108c34380f1fc198c04883f2e3b2216de70ca4aae281e3842d4_k1,panda,historical_failure_inputs,1,scalar_early,3,0.218125532634187,12,20,,0.9272215705067899,,False,True,False,task_feasible_early,0.9386375048732604,0.0,4.819135301037582e-14,0.9272215705067899,"[0.7781027916443854,0.7635020662812315]",2249993,2205572,4782,12,True,
7e954bb8a4f7b108c34380f1fc198c04883f2e3b2216de70ca4aae281e3842d4_k1,panda,historical_failure_inputs,1,scalar_early,2,0.218125532634187,12,20,,0.9272215705067899,,False,True,False,task_feasible_early,0.9386375048732604,0.0,4.819135301037582e-14,0.9272215705067899,"[0.7781027916443854,0.7635020662812315]",2161807,2119275,4474,12,True,
7e954bb8a4f7b108c34380f1fc198c04883f2e3b2216de70ca4aae281e3842d4_k1,panda,historical_failure_inputs,1,scalar_early,1,0.218125532634187,12,20,,0.9272215705067899,,False,True,False,task_feasible_early,0.9386375048732604,0.0,4.819135301037582e-14,0.9272215705067899,"[0.7781027916443854,0.7635020662812315]",2234345,2191763,3939,12,True,
7e954bb8a4f7b108c34380f1fc198c04883f2e3b2216de70ca4aae281e3842d4_k1,panda,historical_failure_inputs,1,scalar_early,0,0.218125532634187,12,20,,0.9272215705067899,,False,True,False,task_feasible_early,0.9386375048732604,0.0,4.819135301037582e-14,0.9272215705067899,"[0.7781027916443854,0.7635020662812315]",2181091,2138483,4020,12,True,
7e954bb8a4f7b108c34380f1fc198c04883f2e3b2216de70ca4aae281e3842d4_k1,panda,historical_failure_inputs,1,scalar_early,4,0.218125532634187,12,20,,0.9272215705067899,,False,True,False,task_feasible_early,0.9386375048732604,0.0,4.819135301037582e-14,0.9272215705067899,"[0.7781027916443854,0.7635020662812315]",2177780,2135724,4097,12,True,
83087a7c16bc37c3c61ae735e33ac0bd25ea0555435bd0734c25156637b53d14_k0,panda,historical_failure_inputs,0,scalar_early,4,0.5720903739852561,4,12,0.7466080800833322,0.7466080790009786,1.0823536511495035e-09,True,False,False,gap_converged,0.7466080800833322,0.0,1.6171677937025268e-13,0.7466080790009786,"[0.7349562514607135,0.7349562533526414]",870941,829515,4699,4,True,1.0823536511495035e-09
83087a7c16bc37c3c61ae735e33ac0bd25ea0555435bd0734c25156637b53d14_k0,panda,historical_failure_inputs,0,scalar_early,2,0.5720903739852561,4,12,0.7466080800833322,0.7466080790009786,1.0823536511495035e-09,True,False,False,gap_converged,0.7466080800833322,0.0,1.6171677937025268e-13,0.7466080790009786,"[0.7349562514607135,0.7349562533526414]",888261,847869,4266,4,True,1.0823536511495035e-09
83087a7c16bc37c3c61ae735e33ac0bd25ea0555435bd0734c25156637b53d14_k0,panda,historical_failure_inputs,0,scalar_early,0,0.5720903739852561,4,12,0.7466080800833322,0.7466080790009786,1.0823536511495035e-09,True,False,False,gap_converged,0.7466080800833322,0.0,1.6171677937025268e-13,0.7466080790009786,"[0.7349562514607135,0.7349562533526414]",853852,814537,3967,4,True,1.0823536511495035e-09
83087a7c16bc37c3c61ae735e33ac0bd25ea0555435bd0734c25156637b53d14_k0,panda,historical_failure_inputs,0,scalar_early,1,0.5720903739852561,4,12,0.7466080800833322,0.7466080790009786,1.0823536511495035e-09,True,False,False,gap_converged,0.7466080800833322,0.0,1.6171677937025268e-13,0.7466080790009786,"[0.7349562514607135,0.7349562533526414]",877179,835831,3923,4,True,1.0823536511495035e-09
83087a7c16bc37c3c61ae735e33ac0bd25ea0555435bd0734c25156637b53d14_k0,panda,historical_failure_inputs,0,scalar_early,3,0.5720903739852561,4,12,0.7466080800833322,0.7466080790009786,1.0823536511495035e-09,True,False,False,gap_converged,0.7466080800833322,0.0,1.6171677937025268e-13,0.7466080790009786,"[0.7349562514607135,0.7349562533526414]",853910,813040,4018,4,True,1.0823536511495035e-09
83087a7c16bc37c3c61ae735e33ac0bd25ea0555435bd0734c25156637b53d14_k1,panda,historical_failure_inputs,1,scalar_early,2,0.5721419555889313,5,15,0.8148667692236244,0.8148667692236145,9.992007221626409e-15,True,False,False,gap_converged,0.8148667692236244,0.0,1.191086668529821e-13,0.8148667692236145,"[0.7349563818346548,0.7349563818346723]",1106250,1062223,5082,5,True,9.992007221626409e-15
83087a7c16bc37c3c61ae735e33ac0bd25ea0555435bd0734c25156637b53d14_k1,panda,historical_failure_inputs,1,scalar_early,0,0.5721419555889313,5,15,0.8148667692236244,0.8148667692236145,9.992007221626409e-15,True,False,False,gap_converged,0.8148667692236244,0.0,1.191086668529821e-13,0.8148667692236145,"[0.7349563818346548,0.7349563818346723]",1075298,1033362,4521,5,True,9.992007221626409e-15
83087a7c16bc37c3c61ae735e33ac0bd25ea0555435bd0734c25156637b53d14_k1,panda,historical_failure_inputs,1,scalar_early,1,0.5721419555889313,5,15,0.8148667692236244,0.8148667692236145,9.992007221626409e-15,True,False,False,gap_converged,0.8148667692236244,0.0,1.191086668529821e-13,0.8148667692236145,"[0.7349563818346548,0.7349563818346723]",1050556,1010550,4224,5,True,9.992007221626409e-15
83087a7c16bc37c3c61ae735e33ac0bd25ea0555435bd0734c25156637b53d14_k1,panda,historical_failure_inputs,1,scalar_early,4,0.5721419555889313,5,15,0.8148667692236244,0.8148667692236145,9.992007221626409e-15,True,False,False,gap_converged,0.8148667692236244,0.0,1.191086668529821e-13,0.8148667692236145,"[0.7349563818346548,0.7349563818346723]",1126450,1085053,3715,5,True,9.992007221626409e-15
83087a7c16bc37c3c61ae735e33ac0bd25ea0555435bd0734c25156637b53d14_k1,panda,historical_failure_inputs,1,scalar_early,3,0.5721419555889313,5,15,0.8148667692236244,0.8148667692236145,9.992007221626409e-15,True,False,False,gap_converged,0.8148667692236244,0.0,1.191086668529821e-13,0.8148667692236145,"[0.7349563818346548,0.7349563818346723]",1075325,1033939,4028,5,True,9.992007221626409e-15
8cf5b09c2aa354206fc25bce07f8ae45d95624abf37fb6bc2c6205e2350c43bd_k0,panda,historical_failure_inputs,0,scalar_early,3,0.578418591481679,4,12,0.7136176310850023,0.494131560058907,7.3697260516425445e-09,True,False,False,gap_converged,0.7136176310850023,0.0,0.06625497221233445,0.7136176272017676,"[0.700223765820044,0.7002237725335811]",896996,855469,4428,4,True,7.3697260516425445e-09
8cf5b09c2aa354206fc25bce07f8ae45d95624abf37fb6bc2c6205e2350c43bd_k0,panda,historical_failure_inputs,0,scalar_early,0,0.578418591481679,4,12,0.7136176310850023,0.494131560058907,7.3697260516425445e-09,True,False,False,gap_converged,0.7136176310850023,0.0,0.06625497221233445,0.7136176272017676,"[0.700223765820044,0.7002237725335811]",848486,808155,4418,4,True,7.3697260516425445e-09
8cf5b09c2aa354206fc25bce07f8ae45d95624abf37fb6bc2c6205e2350c43bd_k0,panda,historical_failure_inputs,0,scalar_early,1,0.578418591481679,4,12,0.7136176310850023,0.494131560058907,7.3697260516425445e-09,True,False,False,gap_converged,0.7136176310850023,0.0,0.06625497221233445,0.7136176272017676,"[0.700223765820044,0.7002237725335811]",898644,857843,3934,4,True,7.3697260516425445e-09
8cf5b09c2aa354206fc25bce07f8ae45d95624abf37fb6bc2c6205e2350c43bd_k0,panda,historical_failure_inputs,0,scalar_early,4,0.578418591481679,4,12,0.7136176310850023,0.494131560058907,7.3697260516425445e-09,True,False,False,gap_converged,0.7136176310850023,0.0,0.06625497221233445,0.7136176272017676,"[0.700223765820044,0.7002237725335811]",853170,813957,4063,4,True,7.3697260516425445e-09
8cf5b09c2aa354206fc25bce07f8ae45d95624abf37fb6bc2c6205e2350c43bd_k0,panda,historical_failure_inputs,0,scalar_early,2,0.578418591481679,4,12,0.7136176310850023,0.494131560058907,7.3697260516425445e-09,True,False,False,gap_converged,0.7136176310850023,0.0,0.06625497221233445,0.7136176272017676,"[0.700223765820044,0.7002237725335811]",877878,838135,4124,4,True,7.3697260516425445e-09
8cf5b09c2aa354206fc25bce07f8ae45d95624abf37fb6bc2c6205e2350c43bd_k1,panda,historical_failure_inputs,1,scalar_early,2,0.5784484652837657,5,15,0.8232481127002784,0.8232481127002758,2.6645352591003757e-15,True,False,False,gap_converged,0.8232481127002784,0.0,3.222019477394343e-14,0.8232481127002758,"[0.7002240474447763,0.7002240474447701]",1096824,1056239,4522,5,True,2.6645352591003757e-15
8cf5b09c2aa354206fc25bce07f8ae45d95624abf37fb6bc2c6205e2350c43bd_k1,panda,historical_failure_inputs,1,scalar_early,1,0.5784484652837657,5,15,0.8232481127002784,0.8232481127002758,2.6645352591003757e-15,True,False,False,gap_converged,0.8232481127002784,0.0,3.222019477394343e-14,0.8232481127002758,"[0.7002240474447763,0.7002240474447701]",1049967,1008519,4320,5,True,2.6645352591003757e-15
8cf5b09c2aa354206fc25bce07f8ae45d95624abf37fb6bc2c6205e2350c43bd_k1,panda,historical_failure_inputs,1,scalar_early,4,0.5784484652837657,5,15,0.8232481127002784,0.8232481127002758,2.6645352591003757e-15,True,False,False,gap_converged,0.8232481127002784,0.0,3.222019477394343e-14,0.8232481127002758,"[0.7002240474447763,0.7002240474447701]",1081111,1041568,3704,5,True,2.6645352591003757e-15
8cf5b09c2aa354206fc25bce07f8ae45d95624abf37fb6bc2c6205e2350c43bd_k1,panda,historical_failure_inputs,1,scalar_early,3,0.5784484652837657,5,15,0.8232481127002784,0.8232481127002758,2.6645352591003757e-15,True,False,False,gap_converged,0.8232481127002784,0.0,3.222019477394343e-14,0.8232481127002758,"[0.7002240474447763,0.7002240474447701]",1070726,1029260,4294,5,True,2.6645352591003757e-15
8cf5b09c2aa354206fc25bce07f8ae45d95624abf37fb6bc2c6205e2350c43bd_k1,panda,historical_failure_inputs,1,scalar_early,0,0.5784484652837657,5,15,0.8232481127002784,0.8232481127002758,2.6645352591003757e-15,True,False,False,gap_converged,0.8232481127002784,0.0,3.222019477394343e-14,0.8232481127002758,"[0.7002240474447763,0.7002240474447701]",1046409,1005915,4469,5,True,2.6645352591003757e-15
99596b92d749cfb0d60a69c35f886435bac6c03cd106abd1b9d3ecf6ec5f9596_k0,panda,historical_failure_inputs,0,scalar_early,3,0.4833089742923665,3,9,0.9547883572165861,-45.22939195886106,1.3834611345409087e-08,True,False,False,gap_converged,0.9547883572165861,0.0,0.9610845989165,0.9547883548634216,"[0.9378939381832518,0.9378939336289551]",699768,658894,3798,3,True,1.3834611345409087e-08
99596b92d749cfb0d60a69c35f886435bac6c03cd106abd1b9d3ecf6ec5f9596_k0,panda,historical_failure_inputs,0,scalar_early,4,0.4833089742923665,3,9,0.9547883572165861,-45.22939195886106,1.3834611345409087e-08,True,False,False,gap_converged,0.9547883572165861,0.0,0.9610845989165,0.9547883548634216,"[0.9378939381832518,0.9378939336289551]",670423,630782,4183,3,True,1.3834611345409087e-08
99596b92d749cfb0d60a69c35f886435bac6c03cd106abd1b9d3ecf6ec5f9596_k0,panda,historical_failure_inputs,0,scalar_early,1,0.4833089742923665,3,9,0.9547883572165861,-45.22939195886106,1.3834611345409087e-08,True,False,False,gap_converged,0.9547883572165861,0.0,0.9610845989165,0.9547883548634216,"[0.9378939381832518,0.9378939336289551]",657190,614323,4031,3,True,1.3834611345409087e-08
99596b92d749cfb0d60a69c35f886435bac6c03cd106abd1b9d3ecf6ec5f9596_k0,panda,historical_failure_inputs,0,scalar_early,0,0.4833089742923665,3,9,0.9547883572165861,-45.22939195886106,1.3834611345409087e-08,True,False,False,gap_converged,0.9547883572165861,0.0,0.9610845989165,0.9547883548634216,"[0.9378939381832518,0.9378939336289551]",658806,618369,4720,3,True,1.3834611345409087e-08
99596b92d749cfb0d60a69c35f886435bac6c03cd106abd1b9d3ecf6ec5f9596_k0,panda,historical_failure_inputs,0,scalar_early,2,0.4833089742923665,3,9,0.9547883572165861,-45.22939195886106,1.3834611345409087e-08,True,False,False,gap_converged,0.9547883572165861,0.0,0.9610845989165,0.9547883548634216,"[0.9378939381832518,0.9378939336289551]",721019,679125,4357,3,True,1.3834611345409087e-08
99596b92d749cfb0d60a69c35f886435bac6c03cd106abd1b9d3ecf6ec5f9596_k1,panda,historical_failure_inputs,1,scalar_early,4,0.48324996499598777,3,9,1.0092094427948395,1.0092094404079455,2.3868940157711904e-09,True,False,False,gap_converged,1.0092094427948395,0.0,6.039613253960852e-14,1.0092094404079455,"[0.9378945662367213,0.9378945616176719]",659837,618503,4646,3,True,2.3868940157711904e-09
99596b92d749cfb0d60a69c35f886435bac6c03cd106abd1b9d3ecf6ec5f9596_k1,panda,historical_failure_inputs,1,scalar_early,0,0.48324996499598777,3,9,1.0092094427948395,1.0092094404079455,2.3868940157711904e-09,True,False,False,gap_converged,1.0092094427948395,0.0,6.039613253960852e-14,1.0092094404079455,"[0.9378945662367213,0.9378945616176719]",649792,610442,4292,3,True,2.3868940157711904e-09
99596b92d749cfb0d60a69c35f886435bac6c03cd106abd1b9d3ecf6ec5f9596_k1,panda,historical_failure_inputs,1,scalar_early,3,0.48324996499598777,3,9,1.0092094427948395,1.0092094404079455,2.3868940157711904e-09,True,False,False,gap_converged,1.0092094427948395,0.0,6.039613253960852e-14,1.0092094404079455,"[0.9378945662367213,0.9378945616176719]",698891,656840,3801,3,True,2.3868940157711904e-09
99596b92d749cfb0d60a69c35f886435bac6c03cd106abd1b9d3ecf6ec5f9596_k1,panda,historical_failure_inputs,1,scalar_early,2,0.48324996499598777,3,9,1.0092094427948395,1.0092094404079455,2.3868940157711904e-09,True,False,False,gap_converged,1.0092094427948395,0.0,6.039613253960852e-14,1.0092094404079455,"[0.9378945662367213,0.9378945616176719]",669448,629439,4257,3,True,2.3868940157711904e-09
99596b92d749cfb0d60a69c35f886435bac6c03cd106abd1b9d3ecf6ec5f9596_k1,panda,historical_failure_inputs,1,scalar_early,1,0.48324996499598777,3,9,1.0092094427948395,1.0092094404079455,2.3868940157711904e-09,True,False,False,gap_converged,1.0092094427948395,0.0,6.039613253960852e-14,1.0092094404079455,"[0.9378945662367213,0.9378945616176719]",675964,631886,7498,3,True,2.3868940157711904e-09
99d76050ae371288ad457fc997446305c1a6ea08b5db988906cc87e12168bd95_k0,panda,historical_failure_inputs,0,scalar_early,2,0.8446254463471934,9,17,,0.8323519932794907,,False,True,False,task_feasible_early,0.9905588312903885,0.0,4.7672930137990626e-14,0.8323519932794907,"[0.7939685430300383,0.9812785970843]",1686250,1643069,4133,9,True,
99d76050ae371288ad457fc997446305c1a6ea08b5db988906cc87e12168bd95_k0,panda,historical_failure_inputs,0,scalar_early,0,0.8446254463471934,9,17,,0.8323519932794907,,False,True,False,task_feasible_early,0.9905588312903885,0.0,4.7672930137990626e-14,0.8323519932794907,"[0.7939685430300383,0.9812785970843]",1626467,1585053,4464,9,True,
99d76050ae371288ad457fc997446305c1a6ea08b5db988906cc87e12168bd95_k0,panda,historical_failure_inputs,0,scalar_early,4,0.8446254463471934,9,17,,0.8323519932794907,,False,True,False,task_feasible_early,0.9905588312903885,0.0,4.7672930137990626e-14,0.8323519932794907,"[0.7939685430300383,0.9812785970843]",1715692,1672497,4460,9,True,
99d76050ae371288ad457fc997446305c1a6ea08b5db988906cc87e12168bd95_k0,panda,historical_failure_inputs,0,scalar_early,1,0.8446254463471934,9,17,,0.8323519932794907,,False,True,False,task_feasible_early,0.9905588312903885,0.0,4.7672930137990626e-14,0.8323519932794907,"[0.7939685430300383,0.9812785970843]",1636856,1595335,4562,9,True,
99d76050ae371288ad457fc997446305c1a6ea08b5db988906cc87e12168bd95_k0,panda,historical_failure_inputs,0,scalar_early,3,0.8446254463471934,9,17,,0.8323519932794907,,False,True,False,task_feasible_early,0.9905588312903885,0.0,4.7672930137990626e-14,0.8323519932794907,"[0.7939685430300383,0.9812785970843]",1649622,1607247,4470,9,True,
99d76050ae371288ad457fc997446305c1a6ea08b5db988906cc87e12168bd95_k1,panda,historical_failure_inputs,1,scalar_early,3,0.8492698860067406,10,19,,1.1341026864695238,,False,True,False,task_feasible_early,1.3507861421425114,0.0,6.522446884208162e-14,1.1341026864695238,"[0.7835485352014371,1.0386894029553042]",1902956,1859660,4559,10,True,
99d76050ae371288ad457fc997446305c1a6ea08b5db988906cc87e12168bd95_k1,panda,historical_failure_inputs,1,scalar_early,0,0.8492698860067406,10,19,,1.1341026864695238,,False,True,False,task_feasible_early,1.3507861421425114,0.0,6.522446884208162e-14,1.1341026864695238,"[0.7835485352014371,1.0386894029553042]",1816424,1772853,4853,10,True,
99d76050ae371288ad457fc997446305c1a6ea08b5db988906cc87e12168bd95_k1,panda,historical_failure_inputs,1,scalar_early,2,0.8492698860067406,10,19,,1.1341026864695238,,False,True,False,task_feasible_early,1.3507861421425114,0.0,6.522446884208162e-14,1.1341026864695238,"[0.7835485352014371,1.0386894029553042]",1864944,1822850,4512,10,True,
99d76050ae371288ad457fc997446305c1a6ea08b5db988906cc87e12168bd95_k1,panda,historical_failure_inputs,1,scalar_early,4,0.8492698860067406,10,19,,1.1341026864695238,,False,True,False,task_feasible_early,1.3507861421425114,0.0,6.522446884208162e-14,1.1341026864695238,"[0.7835485352014371,1.0386894029553042]",1833481,1790299,4658,10,True,
99d76050ae371288ad457fc997446305c1a6ea08b5db988906cc87e12168bd95_k1,panda,historical_failure_inputs,1,scalar_early,1,0.8492698860067406,10,19,,1.1341026864695238,,False,True,False,task_feasible_early,1.3507861421425114,0.0,6.522446884208162e-14,1.1341026864695238,"[0.7835485352014371,1.0386894029553042]",1878742,1835486,4431,10,True,
9d80e946830f388536d3b0fcb43de10b356b07a1aeaa394a31029c39060ef30a_k0,panda,historical_failure_inputs,0,scalar_early,3,0.5,1,4,,0.547976847889657,,False,True,False,task_feasible_early,1.04568083382325,0.0,2.2895372273002298e-14,0.547976847889657,"[0.04113796957734739,1.0365459414445333]",274841,231741,4831,1,True,
9d80e946830f388536d3b0fcb43de10b356b07a1aeaa394a31029c39060ef30a_k0,panda,historical_failure_inputs,0,scalar_early,2,0.5,1,4,,0.547976847889657,,False,True,False,task_feasible_early,1.04568083382325,0.0,2.2895372273002298e-14,0.547976847889657,"[0.04113796957734739,1.0365459414445333]",259107,215930,4128,1,True,
9d80e946830f388536d3b0fcb43de10b356b07a1aeaa394a31029c39060ef30a_k0,panda,historical_failure_inputs,0,scalar_early,0,0.5,1,4,,0.547976847889657,,False,True,False,task_feasible_early,1.04568083382325,0.0,2.2895372273002298e-14,0.547976847889657,"[0.04113796957734739,1.0365459414445333]",255780,214422,4022,1,True,
9d80e946830f388536d3b0fcb43de10b356b07a1aeaa394a31029c39060ef30a_k0,panda,historical_failure_inputs,0,scalar_early,1,0.5,1,4,,0.547976847889657,,False,True,False,task_feasible_early,1.04568083382325,0.0,2.2895372273002298e-14,0.547976847889657,"[0.04113796957734739,1.0365459414445333]",248342,208223,4150,1,True,
9d80e946830f388536d3b0fcb43de10b356b07a1aeaa394a31029c39060ef30a_k0,panda,historical_failure_inputs,0,scalar_early,4,0.5,1,4,,0.547976847889657,,False,True,False,task_feasible_early,1.04568083382325,0.0,2.2895372273002298e-14,0.547976847889657,"[0.04113796957734739,1.0365459414445333]",265963,223072,4766,1,True,
9d80e946830f388536d3b0fcb43de10b356b07a1aeaa394a31029c39060ef30a_k1,panda,historical_failure_inputs,1,scalar_early,3,0.5,1,4,,0.697159681680869,,False,True,False,task_feasible_early,1.1949235973872485,0.0,4.197993880728914e-14,0.697159681680869,"[0.04107814594243754,1.036605977355197]",278621,235345,4481,1,True,
9d80e946830f388536d3b0fcb43de10b356b07a1aeaa394a31029c39060ef30a_k1,panda,historical_failure_inputs,1,scalar_early,4,0.5,1,4,,0.697159681680869,,False,True,False,task_feasible_early,1.1949235973872485,0.0,4.197993880728914e-14,0.697159681680869,"[0.04107814594243754,1.036605977355197]",264907,220982,3763,1,True,
9d80e946830f388536d3b0fcb43de10b356b07a1aeaa394a31029c39060ef30a_k1,panda,historical_failure_inputs,1,scalar_early,1,0.5,1,4,,0.697159681680869,,False,True,False,task_feasible_early,1.1949235973872485,0.0,4.197993880728914e-14,0.697159681680869,"[0.04107814594243754,1.036605977355197]",258599,217808,4253,1,True,
9d80e946830f388536d3b0fcb43de10b356b07a1aeaa394a31029c39060ef30a_k1,panda,historical_failure_inputs,1,scalar_early,0,0.5,1,4,,0.697159681680869,,False,True,False,task_feasible_early,1.1949235973872485,0.0,4.197993880728914e-14,0.697159681680869,"[0.04107814594243754,1.036605977355197]",264712,222948,3877,1,True,
9d80e946830f388536d3b0fcb43de10b356b07a1aeaa394a31029c39060ef30a_k1,panda,historical_failure_inputs,1,scalar_early,2,0.5,1,4,,0.697159681680869,,False,True,False,task_feasible_early,1.1949235973872485,0.0,4.197993880728914e-14,0.697159681680869,"[0.04107814594243754,1.036605977355197]",259322,218637,3651,1,True,
a22d51628b40e5812e67f71d55673cd14a221f59d81c4be6844a498fb5c5660e_k0,panda,historical_failure_inputs,0,scalar_early,4,0.5671350841166831,4,12,0.5589017773907132,0.5589017771262751,2.644381380534355e-10,True,False,False,gap_converged,0.5589017773907132,0.0,1.0658141036401503e-14,0.5589017771262751,"[0.5432881561928932,0.5432881566591633]",882091,838988,4672,4,True,2.644381380534355e-10
a22d51628b40e5812e67f71d55673cd14a221f59d81c4be6844a498fb5c5660e_k0,panda,historical_failure_inputs,0,scalar_early,1,0.5671350841166831,4,12,0.5589017773907132,0.5589017771262751,2.644381380534355e-10,True,False,False,gap_converged,0.5589017773907132,0.0,1.0658141036401503e-14,0.5589017771262751,"[0.5432881561928932,0.5432881566591633]",845624,806278,4406,4,True,2.644381380534355e-10
a22d51628b40e5812e67f71d55673cd14a221f59d81c4be6844a498fb5c5660e_k0,panda,historical_failure_inputs,0,scalar_early,0,0.5671350841166831,4,12,0.5589017773907132,0.5589017771262751,2.644381380534355e-10,True,False,False,gap_converged,0.5589017773907132,0.0,1.0658141036401503e-14,0.5589017771262751,"[0.5432881561928932,0.5432881566591633]",843552,803254,4206,4,True,2.644381380534355e-10
a22d51628b40e5812e67f71d55673cd14a221f59d81c4be6844a498fb5c5660e_k0,panda,historical_failure_inputs,0,scalar_early,2,0.5671350841166831,4,12,0.5589017773907132,0.5589017771262751,2.644381380534355e-10,True,False,False,gap_converged,0.5589017773907132,0.0,1.0658141036401503e-14,0.5589017771262751,"[0.5432881561928932,0.5432881566591633]",850215,809429,4173,4,True,2.644381380534355e-10
a22d51628b40e5812e67f71d55673cd14a221f59d81c4be6844a498fb5c5660e_k0,panda,historical_failure_inputs,0,scalar_early,3,0.5671350841166831,4,12,0.5589017773907132,0.5589017771262751,2.644381380534355e-10,True,False,False,gap_converged,0.5589017773907132,0.0,1.0658141036401503e-14,0.5589017771262751,"[0.5432881561928932,0.5432881566591633]",856432,813770,4251,4,True,2.644381380534355e-10
a22d51628b40e5812e67f71d55673cd14a221f59d81c4be6844a498fb5c5660e_k1,panda,historical_failure_inputs,1,scalar_early,0,0.5671661471327293,4,12,0.6879980073599669,0.6879980070944974,2.6546942422100983e-10,True,False,False,gap_converged,0.6879980073599669,0.0,6.275343527539581e-14,0.6879980070944974,"[0.5432887125242579,0.5432887129923207]",868066,827999,4038,4,True,2.6546942422100983e-10
a22d51628b40e5812e67f71d55673cd14a221f59d81c4be6844a498fb5c5660e_k1,panda,historical_failure_inputs,1,scalar_early,1,0.5671661471327293,4,12,0.6879980073599669,0.6879980070944974,2.6546942422100983e-10,True,False,False,gap_converged,0.6879980073599669,0.0,6.275343527539581e-14,0.6879980070944974,"[0.5432887125242579,0.5432887129923207]",845666,805720,4102,4,True,2.6546942422100983e-10
a22d51628b40e5812e67f71d55673cd14a221f59d81c4be6844a498fb5c5660e_k1,panda,historical_failure_inputs,1,scalar_early,4,0.5671661471327293,4,12,0.6879980073599669,0.6879980070944974,2.6546942422100983e-10,True,False,False,gap_converged,0.6879980073599669,0.0,6.275343527539581e-14,0.6879980070944974,"[0.5432887125242579,0.5432887129923207]",900182,860843,3658,4,True,2.6546942422100983e-10
a22d51628b40e5812e67f71d55673cd14a221f59d81c4be6844a498fb5c5660e_k1,panda,historical_failure_inputs,1,scalar_early,3,0.5671661471327293,4,12,0.6879980073599669,0.6879980070944974,2.6546942422100983e-10,True,False,False,gap_converged,0.6879980073599669,0.0,6.275343527539581e-14,0.6879980070944974,"[0.5432887125242579,0.5432887129923207]",836460,796974,4160,4,True,2.6546942422100983e-10
a22d51628b40e5812e67f71d55673cd14a221f59d81c4be6844a498fb5c5660e_k1,panda,historical_failure_inputs,1,scalar_early,2,0.5671661471327293,4,12,0.6879980073599669,0.6879980070944974,2.6546942422100983e-10,True,False,False,gap_converged,0.6879980073599669,0.0,6.275343527539581e-14,0.6879980070944974,"[0.5432887125242579,0.5432887129923207]",841389,801732,4252,4,True,2.6546942422100983e-10
adfda1919c54d142f754a573fd1aa0b0007fdf9d4871403ca32c2d175c02b7c6_k0,panda,historical_failure_inputs,0,scalar_early,1,0.5784185914815756,4,12,0.7136176312060648,0.7136176273228412,3.883223631540034e-09,True,False,False,gap_converged,0.7136176312060648,0.0,7.105427357601002e-15,0.7136176273228412,"[0.7002237659411075,0.7002237726546255]",952936,912079,4435,4,True,3.883223631540034e-09
adfda1919c54d142f754a573fd1aa0b0007fdf9d4871403ca32c2d175c02b7c6_k0,panda,historical_failure_inputs,0,scalar_early,0,0.5784185914815756,4,12,0.7136176312060648,0.7136176273228412,3.883223631540034e-09,True,False,False,gap_converged,0.7136176312060648,0.0,7.105427357601002e-15,0.7136176273228412,"[0.7002237659411075,0.7002237726546255]",879585,838629,4073,4,True,3.883223631540034e-09
adfda1919c54d142f754a573fd1aa0b0007fdf9d4871403ca32c2d175c02b7c6_k0,panda,historical_failure_inputs,0,scalar_early,2,0.5784185914815756,4,12,0.7136176312060648,0.7136176273228412,3.883223631540034e-09,True,False,False,gap_converged,0.7136176312060648,0.0,7.105427357601002e-15,0.7136176273228412,"[0.7002237659411075,0.7002237726546255]",892855,854290,3780,4,True,3.883223631540034e-09
adfda1919c54d142f754a573fd1aa0b0007fdf9d4871403ca32c2d175c02b7c6_k0,panda,historical_failure_inputs,0,scalar_early,4,0.5784185914815756,4,12,0.7136176312060648,0.7136176273228412,3.883223631540034e-09,True,False,False,gap_converged,0.7136176312060648,0.0,7.105427357601002e-15,0.7136176273228412,"[0.7002237659411075,0.7002237726546255]",846377,805437,4120,4,True,3.883223631540034e-09
adfda1919c54d142f754a573fd1aa0b0007fdf9d4871403ca32c2d175c02b7c6_k0,panda,historical_failure_inputs,0,scalar_early,3,0.5784185914815756,4,12,0.7136176312060648,0.7136176273228412,3.883223631540034e-09,True,False,False,gap_converged,0.7136176312060648,0.0,7.105427357601002e-15,0.7136176273228412,"[0.7002237659411075,0.7002237726546255]",881649,840483,4091,4,True,3.883223631540034e-09
adfda1919c54d142f754a573fd1aa0b0007fdf9d4871403ca32c2d175c02b7c6_k1,panda,historical_failure_inputs,1,scalar_early,3,0.5784484664567385,4,12,0.8232481167174985,0.6143352998456195,7.393375911490807e-09,True,False,False,gap_converged,0.8232481167174985,0.0,0.06463943269801575,0.823248112821685,"[0.7002240447256193,0.7002240514605556]",896490,855600,3764,4,True,7.393375911490807e-09
adfda1919c54d142f754a573fd1aa0b0007fdf9d4871403ca32c2d175c02b7c6_k1,panda,historical_failure_inputs,1,scalar_early,2,0.5784484664567385,4,12,0.8232481167174985,0.6143352998456195,7.393375911490807e-09,True,False,False,gap_converged,0.8232481167174985,0.0,0.06463943269801575,0.823248112821685,"[0.7002240447256193,0.7002240514605556]",906920,865065,4007,4,True,7.393375911490807e-09
adfda1919c54d142f754a573fd1aa0b0007fdf9d4871403ca32c2d175c02b7c6_k1,panda,historical_failure_inputs,1,scalar_early,1,0.5784484664567385,4,12,0.8232481167174985,0.6143352998456195,7.393375911490807e-09,True,False,False,gap_converged,0.8232481167174985,0.0,0.06463943269801575,0.823248112821685,"[0.7002240447256193,0.7002240514605556]",875445,834360,4175,4,True,7.393375911490807e-09
adfda1919c54d142f754a573fd1aa0b0007fdf9d4871403ca32c2d175c02b7c6_k1,panda,historical_failure_inputs,1,scalar_early,4,0.5784484664567385,4,12,0.8232481167174985,0.6143352998456195,7.393375911490807e-09,True,False,False,gap_converged,0.8232481167174985,0.0,0.06463943269801575,0.823248112821685,"[0.7002240447256193,0.7002240514605556]",864873,824155,3961,4,True,7.393375911490807e-09
adfda1919c54d142f754a573fd1aa0b0007fdf9d4871403ca32c2d175c02b7c6_k1,panda,historical_failure_inputs,1,scalar_early,0,0.5784484664567385,4,12,0.8232481167174985,0.6143352998456195,7.393375911490807e-09,True,False,False,gap_converged,0.8232481167174985,0.0,0.06463943269801575,0.823248112821685,"[0.7002240447256193,0.7002240514605556]",876482,835120,4322,4,True,7.393375911490807e-09
b3f003e1e7b251770f17697161638612064e313b5d651355be9eeec2f873853d_k0,panda,historical_failure_inputs,0,scalar_early,3,0.5,1,1,,0.00029402770111033183,,False,True,False,task_feasible_early,0.0002944682081007607,0.0,1.589442370446406e-14,0.00029402770111033183,"[4.5553817505785046e-06,5.43639573143624e-06]",206408,166656,4231,1,True,
b3f003e1e7b251770f17697161638612064e313b5d651355be9eeec2f873853d_k0,panda,historical_failure_inputs,0,scalar_early,1,0.5,1,1,,0.00029402770111033183,,False,True,False,task_feasible_early,0.0002944682081007607,0.0,1.589442370446406e-14,0.00029402770111033183,"[4.5553817505785046e-06,5.43639573143624e-06]",214295,172082,3814,1,True,
b3f003e1e7b251770f17697161638612064e313b5d651355be9eeec2f873853d_k0,panda,historical_failure_inputs,0,scalar_early,2,0.5,1,1,,0.00029402770111033183,,False,True,False,task_feasible_early,0.0002944682081007607,0.0,1.589442370446406e-14,0.00029402770111033183,"[4.5553817505785046e-06,5.43639573143624e-06]",226873,184232,3939,1,True,
b3f003e1e7b251770f17697161638612064e313b5d651355be9eeec2f873853d_k0,panda,historical_failure_inputs,0,scalar_early,0,0.5,1,1,,0.00029402770111033183,,False,True,False,task_feasible_early,0.0002944682081007607,0.0,1.589442370446406e-14,0.00029402770111033183,"[4.5553817505785046e-06,5.43639573143624e-06]",208602,166354,3709,1,True,
b3f003e1e7b251770f17697161638612064e313b5d651355be9eeec2f873853d_k0,panda,historical_failure_inputs,0,scalar_early,4,0.5,1,1,,0.00029402770111033183,,False,True,False,task_feasible_early,0.0002944682081007607,0.0,1.589442370446406e-14,0.00029402770111033183,"[4.5553817505785046e-06,5.43639573143624e-06]",205355,166271,3894,1,True,
b3f003e1e7b251770f17697161638612064e313b5d651355be9eeec2f873853d_k1,panda,historical_failure_inputs,1,scalar_early,3,0.5,1,1,,0.34003048182578094,,False,True,False,task_feasible_early,0.3400394977674624,0.0,1.915255390092325e-14,0.34003048182578094,"[0.00010870933673130903,0.0001267412200941251]",201089,161229,4208,1,True,
b3f003e1e7b251770f17697161638612064e313b5d651355be9eeec2f873853d_k1,panda,historical_failure_inputs,1,scalar_early,1,0.5,1,1,,0.34003048182578094,,False,True,False,task_feasible_early,0.3400394977674624,0.0,1.915255390092325e-14,0.34003048182578094,"[0.00010870933673130903,0.0001267412200941251]",207134,167018,3990,1,True,
b3f003e1e7b251770f17697161638612064e313b5d651355be9eeec2f873853d_k1,panda,historical_failure_inputs,1,scalar_early,2,0.5,1,1,,0.34003048182578094,,False,True,False,task_feasible_early,0.3400394977674624,0.0,1.915255390092325e-14,0.34003048182578094,"[0.00010870933673130903,0.0001267412200941251]",215059,172597,3671,1,True,
b3f003e1e7b251770f17697161638612064e313b5d651355be9eeec2f873853d_k1,panda,historical_failure_inputs,1,scalar_early,4,0.5,1,1,,0.34003048182578094,,False,True,False,task_feasible_early,0.3400394977674624,0.0,1.915255390092325e-14,0.34003048182578094,"[0.00010870933673130903,0.0001267412200941251]",211588,170850,3863,1,True,
b3f003e1e7b251770f17697161638612064e313b5d651355be9eeec2f873853d_k1,panda,historical_failure_inputs,1,scalar_early,0,0.5,1,1,,0.34003048182578094,,False,True,False,task_feasible_early,0.3400394977674624,0.0,1.915255390092325e-14,0.34003048182578094,"[0.00010870933673130903,0.0001267412200941251]",215585,175331,3997,1,True,
b80af2c9ad9ddbc0f44ff656687f91201f6f75726644d8c801f23dfc4b44479b_k0,panda,historical_failure_inputs,0,scalar_early,2,0.4868798622533141,3,12,1.2743751303728816,1.2743751078109455,2.2561936097176272e-08,True,False,False,gap_converged,1.2743751303728816,0.0,1.7259023083924942e-13,1.2743751078109455,"[1.2548983134689031,1.2548983598087455]",729782,689803,3950,3,True,2.2561936097176272e-08
b80af2c9ad9ddbc0f44ff656687f91201f6f75726644d8c801f23dfc4b44479b_k0,panda,historical_failure_inputs,0,scalar_early,1,0.4868798622533141,3,12,1.2743751303728816,1.2743751078109455,2.2561936097176272e-08,True,False,False,gap_converged,1.2743751303728816,0.0,1.7259023083924942e-13,1.2743751078109455,"[1.2548983134689031,1.2548983598087455]",696612,655538,4454,3,True,2.2561936097176272e-08
b80af2c9ad9ddbc0f44ff656687f91201f6f75726644d8c801f23dfc4b44479b_k0,panda,historical_failure_inputs,0,scalar_early,4,0.4868798622533141,3,12,1.2743751303728816,1.2743751078109455,2.2561936097176272e-08,True,False,False,gap_converged,1.2743751303728816,0.0,1.7259023083924942e-13,1.2743751078109455,"[1.2548983134689031,1.2548983598087455]",720747,678898,4054,3,True,2.2561936097176272e-08
b80af2c9ad9ddbc0f44ff656687f91201f6f75726644d8c801f23dfc4b44479b_k0,panda,historical_failure_inputs,0,scalar_early,3,0.4868798622533141,3,12,1.2743751303728816,1.2743751078109455,2.2561936097176272e-08,True,False,False,gap_converged,1.2743751303728816,0.0,1.7259023083924942e-13,1.2743751078109455,"[1.2548983134689031,1.2548983598087455]",706271,666355,3951,3,True,2.2561936097176272e-08
b80af2c9ad9ddbc0f44ff656687f91201f6f75726644d8c801f23dfc4b44479b_k0,panda,historical_failure_inputs,0,scalar_early,0,0.4868798622533141,3,12,1.2743751303728816,1.2743751078109455,2.2561936097176272e-08,True,False,False,gap_converged,1.2743751303728816,0.0,1.7259023083924942e-13,1.2743751078109455,"[1.2548983134689031,1.2548983598087455]",687391,647395,3910,3,True,2.2561936097176272e-08
b80af2c9ad9ddbc0f44ff656687f91201f6f75726644d8c801f23dfc4b44479b_k1,panda,historical_failure_inputs,1,scalar_early,4,0.48658357292502225,3,12,1.4238315664797283,1.4238315418497836,2.4629944750387267e-08,True,False,False,gap_converged,1.4238315664797283,0.0,8.585520542392951e-14,1.4238315418497836,"[1.2548981564709483,1.2548982070890662]",699734,660875,4276,3,True,2.4629944750387267e-08
b80af2c9ad9ddbc0f44ff656687f91201f6f75726644d8c801f23dfc4b44479b_k1,panda,historical_failure_inputs,1,scalar_early,2,0.48658357292502225,3,12,1.4238315664797283,1.4238315418497836,2.4629944750387267e-08,True,False,False,gap_converged,1.4238315664797283,0.0,8.585520542392951e-14,1.4238315418497836,"[1.2548981564709483,1.2548982070890662]",731229,689491,4393,3,True,2.4629944750387267e-08
b80af2c9ad9ddbc0f44ff656687f91201f6f75726644d8c801f23dfc4b44479b_k1,panda,historical_failure_inputs,1,scalar_early,3,0.48658357292502225,3,12,1.4238315664797283,1.4238315418497836,2.4629944750387267e-08,True,False,False,gap_converged,1.4238315664797283,0.0,8.585520542392951e-14,1.4238315418497836,"[1.2548981564709483,1.2548982070890662]",726673,687439,4112,3,True,2.4629944750387267e-08
b80af2c9ad9ddbc0f44ff656687f91201f6f75726644d8c801f23dfc4b44479b_k1,panda,historical_failure_inputs,1,scalar_early,0,0.48658357292502225,3,12,1.4238315664797283,1.4238315418497836,2.4629944750387267e-08,True,False,False,gap_converged,1.4238315664797283,0.0,8.585520542392951e-14,1.4238315418497836,"[1.2548981564709483,1.2548982070890662]",722535,682314,4114,3,True,2.4629944750387267e-08
b80af2c9ad9ddbc0f44ff656687f91201f6f75726644d8c801f23dfc4b44479b_k1,panda,historical_failure_inputs,1,scalar_early,1,0.48658357292502225,3,12,1.4238315664797283,1.4238315418497836,2.4629944750387267e-08,True,False,False,gap_converged,1.4238315664797283,0.0,8.585520542392951e-14,1.4238315418497836,"[1.2548981564709483,1.2548982070890662]",724204,684102,4007,3,True,2.4629944750387267e-08
cb2737c167ae847af11bc75ead3a073930efac6f76a44fad3cdd855be5fd803a_k0,panda,historical_failure_inputs,0,scalar_early,0,0.48687986511343123,3,12,1.2743750127197226,1.2743749901578125,2.2561910117957495e-08,True,False,False,gap_converged,1.2743750127197226,0.0,1.1528542202361757e-13,1.2743749901578125,"[1.2548981958113514,1.2548982421511408]",693161,653481,4111,3,True,2.2561910117957495e-08
cb2737c167ae847af11bc75ead3a073930efac6f76a44fad3cdd855be5fd803a_k0,panda,historical_failure_inputs,0,scalar_early,4,0.48687986511343123,3,12,1.2743750127197226,1.2743749901578125,2.2561910117957495e-08,True,False,False,gap_converged,1.2743750127197226,0.0,1.1528542202361757e-13,1.2743749901578125,"[1.2548981958113514,1.2548982421511408]",768601,727564,3838,3,True,2.2561910117957495e-08
cb2737c167ae847af11bc75ead3a073930efac6f76a44fad3cdd855be5fd803a_k0,panda,historical_failure_inputs,0,scalar_early,2,0.48687986511343123,3,12,1.2743750127197226,1.2743749901578125,2.2561910117957495e-08,True,False,False,gap_converged,1.2743750127197226,0.0,1.1528542202361757e-13,1.2743749901578125,"[1.2548981958113514,1.2548982421511408]",700711,659080,4085,3,True,2.2561910117957495e-08
cb2737c167ae847af11bc75ead3a073930efac6f76a44fad3cdd855be5fd803a_k0,panda,historical_failure_inputs,0,scalar_early,1,0.48687986511343123,3,12,1.2743750127197226,1.2743749901578125,2.2561910117957495e-08,True,False,False,gap_converged,1.2743750127197226,0.0,1.1528542202361757e-13,1.2743749901578125,"[1.2548981958113514,1.2548982421511408]",696681,656916,4161,3,True,2.2561910117957495e-08
cb2737c167ae847af11bc75ead3a073930efac6f76a44fad3cdd855be5fd803a_k0,panda,historical_failure_inputs,0,scalar_early,3,0.48687986511343123,3,12,1.2743750127197226,1.2743749901578125,2.2561910117957495e-08,True,False,False,gap_converged,1.2743750127197226,0.0,1.1528542202361757e-13,1.2743749901578125,"[1.2548981958113514,1.2548982421511408]",727171,686506,4561,3,True,2.2561910117957495e-08
cb2737c167ae847af11bc75ead3a073930efac6f76a44fad3cdd855be5fd803a_k1,panda,historical_failure_inputs,1,scalar_early,1,0.4865835757732397,3,12,1.4238314476409029,1.4238314230109808,2.4629922101837565e-08,True,False,False,gap_converged,1.4238314476409029,0.0,7.685694801574505e-14,1.4238314230109808,"[1.2548980388134097,1.2548980894314805]",706503,667681,3823,3,True,2.4629922101837565e-08
cb2737c167ae847af11bc75ead3a073930efac6f76a44fad3cdd855be5fd803a_k1,panda,historical_failure_inputs,1,scalar_early,3,0.4865835757732397,3,12,1.4238314476409029,1.4238314230109808,2.4629922101837565e-08,True,False,False,gap_converged,1.4238314476409029,0.0,7.685694801574505e-14,1.4238314230109808,"[1.2548980388134097,1.2548980894314805]",741191,700061,3534,3,True,2.4629922101837565e-08
cb2737c167ae847af11bc75ead3a073930efac6f76a44fad3cdd855be5fd803a_k1,panda,historical_failure_inputs,1,scalar_early,4,0.4865835757732397,3,12,1.4238314476409029,1.4238314230109808,2.4629922101837565e-08,True,False,False,gap_converged,1.4238314476409029,0.0,7.685694801574505e-14,1.4238314230109808,"[1.2548980388134097,1.2548980894314805]",747917,706689,3712,3,True,2.4629922101837565e-08
cb2737c167ae847af11bc75ead3a073930efac6f76a44fad3cdd855be5fd803a_k1,panda,historical_failure_inputs,1,scalar_early,0,0.4865835757732397,3,12,1.4238314476409029,1.4238314230109808,2.4629922101837565e-08,True,False,False,gap_converged,1.4238314476409029,0.0,7.685694801574505e-14,1.4238314230109808,"[1.2548980388134097,1.2548980894314805]",685181,646407,4073,3,True,2.4629922101837565e-08
cb2737c167ae847af11bc75ead3a073930efac6f76a44fad3cdd855be5fd803a_k1,panda,historical_failure_inputs,1,scalar_early,2,0.4865835757732397,3,12,1.4238314476409029,1.4238314230109808,2.4629922101837565e-08,True,False,False,gap_converged,1.4238314476409029,0.0,7.685694801574505e-14,1.4238314230109808,"[1.2548980388134097,1.2548980894314805]",700507,660102,4136,3,True,2.4629922101837565e-08
dd982443daf4495a5561d3ecec67f47c2c8cfb9c14a38468bb1ec530224e9ffd_k0,panda,historical_failure_inputs,0,scalar_early,1,0.8504748966829769,10,25,,0.8615975508687124,,False,True,False,task_feasible_early,0.9470958808366065,0.0,1.4281736551045228e-13,0.8615975508687124,"[0.8363682808267209,0.936898385008931]",1991032,1948339,4150,10,True,
dd982443daf4495a5561d3ecec67f47c2c8cfb9c14a38468bb1ec530224e9ffd_k0,panda,historical_failure_inputs,0,scalar_early,2,0.8504748966829769,10,25,,0.8615975508687124,,False,True,False,task_feasible_early,0.9470958808366065,0.0,1.4281736551045228e-13,0.8615975508687124,"[0.8363682808267209,0.936898385008931]",1920272,1876538,4427,10,True,
dd982443daf4495a5561d3ecec67f47c2c8cfb9c14a38468bb1ec530224e9ffd_k0,panda,historical_failure_inputs,0,scalar_early,0,0.8504748966829769,10,25,,0.8615975508687124,,False,True,False,task_feasible_early,0.9470958808366065,0.0,1.4281736551045228e-13,0.8615975508687124,"[0.8363682808267209,0.936898385008931]",1908783,1865674,4483,10,True,
dd982443daf4495a5561d3ecec67f47c2c8cfb9c14a38468bb1ec530224e9ffd_k0,panda,historical_failure_inputs,0,scalar_early,3,0.8504748966829769,10,25,,0.8615975508687124,,False,True,False,task_feasible_early,0.9470958808366065,0.0,1.4281736551045228e-13,0.8615975508687124,"[0.8363682808267209,0.936898385008931]",1970364,1928285,3780,10,True,
dd982443daf4495a5561d3ecec67f47c2c8cfb9c14a38468bb1ec530224e9ffd_k0,panda,historical_failure_inputs,0,scalar_early,4,0.8504748966829769,10,25,,0.8615975508687124,,False,True,False,task_feasible_early,0.9470958808366065,0.0,1.4281736551045228e-13,0.8615975508687124,"[0.8363682808267209,0.936898385008931]",1925332,1882680,4436,10,True,
dd982443daf4495a5561d3ecec67f47c2c8cfb9c14a38468bb1ec530224e9ffd_k1,panda,historical_failure_inputs,1,scalar_early,0,0.850690118298146,11,27,,1.1920592936256953,,False,True,False,task_feasible_early,1.276246111598021,0.0,6.112319729142702e-14,1.1920592936256953,"[0.8366031117119915,0.9355660785567769]",2158217,2116177,3785,11,True,
dd982443daf4495a5561d3ecec67f47c2c8cfb9c14a38468bb1ec530224e9ffd_k1,panda,historical_failure_inputs,1,scalar_early,1,0.850690118298146,11,27,,1.1920592936256953,,False,True,False,task_feasible_early,1.276246111598021,0.0,6.112319729142702e-14,1.1920592936256953,"[0.8366031117119915,0.9355660785567769]",2157814,2114317,4418,11,True,
dd982443daf4495a5561d3ecec67f47c2c8cfb9c14a38468bb1ec530224e9ffd_k1,panda,historical_failure_inputs,1,scalar_early,2,0.850690118298146,11,27,,1.1920592936256953,,False,True,False,task_feasible_early,1.276246111598021,0.0,6.112319729142702e-14,1.1920592936256953,"[0.8366031117119915,0.9355660785567769]",2084858,2041308,4650,11,True,
dd982443daf4495a5561d3ecec67f47c2c8cfb9c14a38468bb1ec530224e9ffd_k1,panda,historical_failure_inputs,1,scalar_early,4,0.850690118298146,11,27,,1.1920592936256953,,False,True,False,task_feasible_early,1.276246111598021,0.0,6.112319729142702e-14,1.1920592936256953,"[0.8366031117119915,0.9355660785567769]",2099795,2055179,4777,11,True,
dd982443daf4495a5561d3ecec67f47c2c8cfb9c14a38468bb1ec530224e9ffd_k1,panda,historical_failure_inputs,1,scalar_early,3,0.850690118298146,11,27,,1.1920592936256953,,False,True,False,task_feasible_early,1.276246111598021,0.0,6.112319729142702e-14,1.1920592936256953,"[0.8366031117119915,0.9355660785567769]",2105626,2061563,4390,11,True,
eeeb3d4a230c224f507d58ab1a2cf7380a60fe5bd391ab0cd921f3cfab8c60c7_k0,panda,historical_failure_inputs,0,scalar_early,0,0.4833491252784495,3,9,1.0154432586673434,1.0154432562011864,2.466157056346674e-09,True,False,False,gap_converged,1.0154432586673434,0.0,1.1550418013690134e-13,1.0154432562011864,"[0.998542962043264,0.9985429572699106]",721494,677236,4472,3,True,2.466157056346674e-09
eeeb3d4a230c224f507d58ab1a2cf7380a60fe5bd391ab0cd921f3cfab8c60c7_k0,panda,historical_failure_inputs,0,scalar_early,4,0.4833491252784495,3,9,1.0154432586673434,1.0154432562011864,2.466157056346674e-09,True,False,False,gap_converged,1.0154432586673434,0.0,1.1550418013690134e-13,1.0154432562011864,"[0.998542962043264,0.9985429572699106]",685797,644901,3818,3,True,2.466157056346674e-09
eeeb3d4a230c224f507d58ab1a2cf7380a60fe5bd391ab0cd921f3cfab8c60c7_k0,panda,historical_failure_inputs,0,scalar_early,1,0.4833491252784495,3,9,1.0154432586673434,1.0154432562011864,2.466157056346674e-09,True,False,False,gap_converged,1.0154432586673434,0.0,1.1550418013690134e-13,1.0154432562011864,"[0.998542962043264,0.9985429572699106]",679693,639004,3806,3,True,2.466157056346674e-09
eeeb3d4a230c224f507d58ab1a2cf7380a60fe5bd391ab0cd921f3cfab8c60c7_k0,panda,historical_failure_inputs,0,scalar_early,3,0.4833491252784495,3,9,1.0154432586673434,1.0154432562011864,2.466157056346674e-09,True,False,False,gap_converged,1.0154432586673434,0.0,1.1550418013690134e-13,1.0154432562011864,"[0.998542962043264,0.9985429572699106]",704960,664143,3902,3,True,2.466157056346674e-09
eeeb3d4a230c224f507d58ab1a2cf7380a60fe5bd391ab0cd921f3cfab8c60c7_k0,panda,historical_failure_inputs,0,scalar_early,2,0.4833491252784495,3,9,1.0154432586673434,1.0154432562011864,2.466157056346674e-09,True,False,False,gap_converged,1.0154432586673434,0.0,1.1550418013690134e-13,1.0154432562011864,"[0.998542962043264,0.9985429572699106]",665067,622912,4226,3,True,2.466157056346674e-09
eeeb3d4a230c224f507d58ab1a2cf7380a60fe5bd391ab0cd921f3cfab8c60c7_k1,panda,historical_failure_inputs,1,scalar_early,4,0.48329220967426206,3,9,1.0697933123203927,1.069793309820056,2.500336604427389e-09,True,False,False,gap_converged,1.0697933123203927,0.0,2.3005021280030855e-13,1.069793309820056,"[0.9985435896758708,0.9985435848368944]",675573,636404,4630,3,True,2.500336604427389e-09
eeeb3d4a230c224f507d58ab1a2cf7380a60fe5bd391ab0cd921f3cfab8c60c7_k1,panda,historical_failure_inputs,1,scalar_early,0,0.48329220967426206,3,9,1.0697933123203927,1.069793309820056,2.500336604427389e-09,True,False,False,gap_converged,1.0697933123203927,0.0,2.3005021280030855e-13,1.069793309820056,"[0.9985435896758708,0.9985435848368944]",655861,615894,4255,3,True,2.500336604427389e-09
eeeb3d4a230c224f507d58ab1a2cf7380a60fe5bd391ab0cd921f3cfab8c60c7_k1,panda,historical_failure_inputs,1,scalar_early,2,0.48329220967426206,3,9,1.0697933123203927,1.069793309820056,2.500336604427389e-09,True,False,False,gap_converged,1.0697933123203927,0.0,2.3005021280030855e-13,1.069793309820056,"[0.9985435896758708,0.9985435848368944]",688241,647940,4095,3,True,2.500336604427389e-09
eeeb3d4a230c224f507d58ab1a2cf7380a60fe5bd391ab0cd921f3cfab8c60c7_k1,panda,historical_failure_inputs,1,scalar_early,1,0.48329220967426206,3,9,1.0697933123203927,1.069793309820056,2.500336604427389e-09,True,False,False,gap_converged,1.0697933123203927,0.0,2.3005021280030855e-13,1.069793309820056,"[0.9985435896758708,0.9985435848368944]",662142,622802,4454,3,True,2.500336604427389e-09
eeeb3d4a230c224f507d58ab1a2cf7380a60fe5bd391ab0cd921f3cfab8c60c7_k1,panda,historical_failure_inputs,1,scalar_early,3,0.48329220967426206,3,9,1.0697933123203927,1.069793309820056,2.500336604427389e-09,True,False,False,gap_converged,1.0697933123203927,0.0,2.3005021280030855e-13,1.069793309820056,"[0.9985435896758708,0.9985435848368944]",653456,613524,4059,3,True,2.500336604427389e-09
f5bb666660fc518f44cef9187a1158f5e100b99ce44b8bed15a3ce9b6232e076_k0,panda,historical_failure_inputs,0,scalar_early,1,0.20332997146409001,10,11,,0.7666683598319103,,False,True,False,task_feasible_early,0.8936802864735948,0.0,1.7763568394002505e-14,0.7666683598319103,"[0.892283960486586,0.7328554366407696]",1747495,1705309,4532,10,True,
f5bb666660fc518f44cef9187a1158f5e100b99ce44b8bed15a3ce9b6232e076_k0,panda,historical_failure_inputs,0,scalar_early,4,0.20332997146409001,10,11,,0.7666683598319103,,False,True,False,task_feasible_early,0.8936802864735948,0.0,1.7763568394002505e-14,0.7666683598319103,"[0.892283960486586,0.7328554366407696]",1719070,1676935,3921,10,True,
f5bb666660fc518f44cef9187a1158f5e100b99ce44b8bed15a3ce9b6232e076_k0,panda,historical_failure_inputs,0,scalar_early,3,0.20332997146409001,10,11,,0.7666683598319103,,False,True,False,task_feasible_early,0.8936802864735948,0.0,1.7763568394002505e-14,0.7666683598319103,"[0.892283960486586,0.7328554366407696]",1691730,1650289,4457,10,True,
f5bb666660fc518f44cef9187a1158f5e100b99ce44b8bed15a3ce9b6232e076_k0,panda,historical_failure_inputs,0,scalar_early,0,0.20332997146409001,10,11,,0.7666683598319103,,False,True,False,task_feasible_early,0.8936802864735948,0.0,1.7763568394002505e-14,0.7666683598319103,"[0.892283960486586,0.7328554366407696]",1662392,1620485,4205,10,True,
f5bb666660fc518f44cef9187a1158f5e100b99ce44b8bed15a3ce9b6232e076_k0,panda,historical_failure_inputs,0,scalar_early,2,0.20332997146409001,10,11,,0.7666683598319103,,False,True,False,task_feasible_early,0.8936802864735948,0.0,1.7763568394002505e-14,0.7666683598319103,"[0.892283960486586,0.7328554366407696]",1695166,1653248,4314,10,True,
f5bb666660fc518f44cef9187a1158f5e100b99ce44b8bed15a3ce9b6232e076_k1,panda,historical_failure_inputs,1,scalar_early,2,0.21812554910791113,12,16,,0.9272215525829586,,False,True,False,task_feasible_early,0.9386374799162398,0.0,3.499017183300205e-14,0.9272215525829586,"[0.7781027639541684,0.7635020472786764]",2165642,2119823,4613,12,True,
f5bb666660fc518f44cef9187a1158f5e100b99ce44b8bed15a3ce9b6232e076_k1,panda,historical_failure_inputs,1,scalar_early,3,0.21812554910791113,12,16,,0.9272215525829586,,False,True,False,task_feasible_early,0.9386374799162398,0.0,3.499017183300205e-14,0.9272215525829586,"[0.7781027639541684,0.7635020472786764]",2144084,2101573,3802,12,True,
f5bb666660fc518f44cef9187a1158f5e100b99ce44b8bed15a3ce9b6232e076_k1,panda,historical_failure_inputs,1,scalar_early,4,0.21812554910791113,12,16,,0.9272215525829586,,False,True,False,task_feasible_early,0.9386374799162398,0.0,3.499017183300205e-14,0.9272215525829586,"[0.7781027639541684,0.7635020472786764]",2093352,2050569,4711,12,True,
f5bb666660fc518f44cef9187a1158f5e100b99ce44b8bed15a3ce9b6232e076_k1,panda,historical_failure_inputs,1,scalar_early,1,0.21812554910791113,12,16,,0.9272215525829586,,False,True,False,task_feasible_early,0.9386374799162398,0.0,3.499017183300205e-14,0.9272215525829586,"[0.7781027639541684,0.7635020472786764]",2082270,2038709,4608,12,True,
f5bb666660fc518f44cef9187a1158f5e100b99ce44b8bed15a3ce9b6232e076_k1,panda,historical_failure_inputs,1,scalar_early,0,0.21812554910791113,12,16,,0.9272215525829586,,False,True,False,task_feasible_early,0.9386374799162398,0.0,3.499017183300205e-14,0.9272215525829586,"[0.7781027639541684,0.7635020472786764]",2107990,2064162,4129,12,True,
faaa7d32220bcfa3d2c5ac8b69577acf0d5a75387e62bc63f89738709774e972_k0,panda,historical_failure_inputs,0,scalar_early,3,0.5,1,1,,0.0021850506277932,,False,True,False,task_feasible_early,0.0021852052582843097,0.0,2.9299793175153404e-14,0.0021850506277932,"[8.956268335394412e-07,5.863658513198469e-07]",198790,160555,3884,1,True,
faaa7d32220bcfa3d2c5ac8b69577acf0d5a75387e62bc63f89738709774e972_k0,panda,historical_failure_inputs,0,scalar_early,0,0.5,1,1,,0.0021850506277932,,False,True,False,task_feasible_early,0.0021852052582843097,0.0,2.9299793175153404e-14,0.0021850506277932,"[8.956268335394412e-07,5.863658513198469e-07]",191537,154253,3690,1,True,
faaa7d32220bcfa3d2c5ac8b69577acf0d5a75387e62bc63f89738709774e972_k0,panda,historical_failure_inputs,0,scalar_early,2,0.5,1,1,,0.0021850506277932,,False,True,False,task_feasible_early,0.0021852052582843097,0.0,2.9299793175153404e-14,0.0021850506277932,"[8.956268335394412e-07,5.863658513198469e-07]",211231,171657,3862,1,True,
faaa7d32220bcfa3d2c5ac8b69577acf0d5a75387e62bc63f89738709774e972_k0,panda,historical_failure_inputs,0,scalar_early,4,0.5,1,1,,0.0021850506277932,,False,True,False,task_feasible_early,0.0021852052582843097,0.0,2.9299793175153404e-14,0.0021850506277932,"[8.956268335394412e-07,5.863658513198469e-07]",198217,160585,3744,1,True,
faaa7d32220bcfa3d2c5ac8b69577acf0d5a75387e62bc63f89738709774e972_k0,panda,historical_failure_inputs,0,scalar_early,1,0.5,1,1,,0.0021850506277932,,False,True,False,task_feasible_early,0.0021852052582843097,0.0,2.9299793175153404e-14,0.0021850506277932,"[8.956268335394412e-07,5.863658513198469e-07]",218882,175947,3757,1,True,
faaa7d32220bcfa3d2c5ac8b69577acf0d5a75387e62bc63f89738709774e972_k1,panda,historical_failure_inputs,1,scalar_early,1,0.5,1,1,,0.24183418226171868,,False,True,False,task_feasible_early,0.24183452404072858,0.0,3.62334343047146e-14,0.24183418226171868,"[1.5040752880800042e-06,8.205172682420395e-07]",224652,183351,4462,1,True,
faaa7d32220bcfa3d2c5ac8b69577acf0d5a75387e62bc63f89738709774e972_k1,panda,historical_failure_inputs,1,scalar_early,0,0.5,1,1,,0.24183418226171868,,False,True,False,task_feasible_early,0.24183452404072858,0.0,3.62334343047146e-14,0.24183418226171868,"[1.5040752880800042e-06,8.205172682420395e-07]",206809,167845,4000,1,True,
faaa7d32220bcfa3d2c5ac8b69577acf0d5a75387e62bc63f89738709774e972_k1,panda,historical_failure_inputs,1,scalar_early,4,0.5,1,1,,0.24183418226171868,,False,True,False,task_feasible_early,0.24183452404072858,0.0,3.62334343047146e-14,0.24183418226171868,"[1.5040752880800042e-06,8.205172682420395e-07]",212568,170252,5877,1,True,
faaa7d32220bcfa3d2c5ac8b69577acf0d5a75387e62bc63f89738709774e972_k1,panda,historical_failure_inputs,1,scalar_early,3,0.5,1,1,,0.24183418226171868,,False,True,False,task_feasible_early,0.24183452404072858,0.0,3.62334343047146e-14,0.24183418226171868,"[1.5040752880800042e-06,8.205172682420395e-07]",197961,159353,3834,1,True,
faaa7d32220bcfa3d2c5ac8b69577acf0d5a75387e62bc63f89738709774e972_k1,panda,historical_failure_inputs,1,scalar_early,2,0.5,1,1,,0.24183418226171868,,False,True,False,task_feasible_early,0.24183452404072858,0.0,3.62334343047146e-14,0.24183418226171868,"[1.5040752880800042e-06,8.205172682420395e-07]",221088,179620,4208,1,True,
fd7483419acb37b0698d74d96763247c7210ec891dee628d25e00c0b2f5690a2_k0,panda,historical_failure_inputs,0,scalar_early,0,0.5784185914815454,4,12,0.7136176309950228,0.7136176271117887,3.883234178658768e-09,True,False,False,gap_converged,0.7136176309950228,0.0,3.759838749409412e-14,0.7136176271117887,"[0.700223765730076,0.7002237724436124]",904176,863011,4230,4,True,3.883234178658768e-09
fd7483419acb37b0698d74d96763247c7210ec891dee628d25e00c0b2f5690a2_k0,panda,historical_failure_inputs,0,scalar_early,2,0.5784185914815454,4,12,0.7136176309950228,0.7136176271117887,3.883234178658768e-09,True,False,False,gap_converged,0.7136176309950228,0.0,3.759838749409412e-14,0.7136176271117887,"[0.700223765730076,0.7002237724436124]",885332,843767,4088,4,True,3.883234178658768e-09
fd7483419acb37b0698d74d96763247c7210ec891dee628d25e00c0b2f5690a2_k0,panda,historical_failure_inputs,0,scalar_early,4,0.5784185914815454,4,12,0.7136176309950228,0.7136176271117887,3.883234178658768e-09,True,False,False,gap_converged,0.7136176309950228,0.0,3.759838749409412e-14,0.7136176271117887,"[0.700223765730076,0.7002237724436124]",900126,858811,4183,4,True,3.883234178658768e-09
fd7483419acb37b0698d74d96763247c7210ec891dee628d25e00c0b2f5690a2_k0,panda,historical_failure_inputs,0,scalar_early,1,0.5784185914815454,4,12,0.7136176309950228,0.7136176271117887,3.883234178658768e-09,True,False,False,gap_converged,0.7136176309950228,0.0,3.759838749409412e-14,0.7136176271117887,"[0.700223765730076,0.7002237724436124]",863722,823820,4336,4,True,3.883234178658768e-09
fd7483419acb37b0698d74d96763247c7210ec891dee628d25e00c0b2f5690a2_k0,panda,historical_failure_inputs,0,scalar_early,3,0.5784185914815454,4,12,0.7136176309950228,0.7136176271117887,3.883234178658768e-09,True,False,False,gap_converged,0.7136176309950228,0.0,3.759838749409412e-14,0.7136176271117887,"[0.700223765730076,0.7002237724436124]",880880,839870,3841,4,True,3.883234178658768e-09
fd7483419acb37b0698d74d96763247c7210ec891dee628d25e00c0b2f5690a2_k1,panda,historical_failure_inputs,1,scalar_early,3,0.5784484664567104,4,12,0.8232481165059974,0.614335298697165,7.393375356379295e-09,True,False,False,gap_converged,0.8232481165059974,0.0,0.06463943284296647,0.8232481126101836,"[0.7002240445145957,0.7002240512495324]",895540,854113,4565,4,True,7.393375356379295e-09
fd7483419acb37b0698d74d96763247c7210ec891dee628d25e00c0b2f5690a2_k1,panda,historical_failure_inputs,1,scalar_early,2,0.5784484664567104,4,12,0.8232481165059974,0.614335298697165,7.393375356379295e-09,True,False,False,gap_converged,0.8232481165059974,0.0,0.06463943284296647,0.8232481126101836,"[0.7002240445145957,0.7002240512495324]",882893,843674,4085,4,True,7.393375356379295e-09
fd7483419acb37b0698d74d96763247c7210ec891dee628d25e00c0b2f5690a2_k1,panda,historical_failure_inputs,1,scalar_early,1,0.5784484664567104,4,12,0.8232481165059974,0.614335298697165,7.393375356379295e-09,True,False,False,gap_converged,0.8232481165059974,0.0,0.06463943284296647,0.8232481126101836,"[0.7002240445145957,0.7002240512495324]",874095,831984,4441,4,True,7.393375356379295e-09
fd7483419acb37b0698d74d96763247c7210ec891dee628d25e00c0b2f5690a2_k1,panda,historical_failure_inputs,1,scalar_early,4,0.5784484664567104,4,12,0.8232481165059974,0.614335298697165,7.393375356379295e-09,True,False,False,gap_converged,0.8232481165059974,0.0,0.06463943284296647,0.8232481126101836,"[0.7002240445145957,0.7002240512495324]",890413,850752,3904,4,True,7.393375356379295e-09
fd7483419acb37b0698d74d96763247c7210ec891dee628d25e00c0b2f5690a2_k1,panda,historical_failure_inputs,1,scalar_early,0,0.5784484664567104,4,12,0.8232481165059974,0.614335298697165,7.393375356379295e-09,True,False,False,gap_converged,0.8232481165059974,0.0,0.06463943284296647,0.8232481126101836,"[0.7002240445145957,0.7002240512495324]",891790,850875,4081,4,True,7.393375356379295e-09
fde1ad725563456ef5767c6ec8259b1928f843da4030295adf56e52df9b4e43e_k0,panda,historical_failure_inputs,0,scalar_early,1,0.5720903739860048,4,12,0.746608080105594,-215.17977180926835,2.1571363584271808e-09,True,False,False,gap_converged,0.746608080105594,0.0,2.078106733968646,0.7466080790232325,"[0.7349562514829593,0.7349562533749006]",874940,833695,4069,4,True,2.1571363584271808e-09
fde1ad725563456ef5767c6ec8259b1928f843da4030295adf56e52df9b4e43e_k0,panda,historical_failure_inputs,0,scalar_early,2,0.5720903739860048,4,12,0.746608080105594,-215.17977180926835,2.1571363584271808e-09,True,False,False,gap_converged,0.746608080105594,0.0,2.078106733968646,0.7466080790232325,"[0.7349562514829593,0.7349562533749006]",829778,789996,4151,4,True,2.1571363584271808e-09
fde1ad725563456ef5767c6ec8259b1928f843da4030295adf56e52df9b4e43e_k0,panda,historical_failure_inputs,0,scalar_early,4,0.5720903739860048,4,12,0.746608080105594,-215.17977180926835,2.1571363584271808e-09,True,False,False,gap_converged,0.746608080105594,0.0,2.078106733968646,0.7466080790232325,"[0.7349562514829593,0.7349562533749006]",839109,799928,4533,4,True,2.1571363584271808e-09
fde1ad725563456ef5767c6ec8259b1928f843da4030295adf56e52df9b4e43e_k0,panda,historical_failure_inputs,0,scalar_early,0,0.5720903739860048,4,12,0.746608080105594,-215.17977180926835,2.1571363584271808e-09,True,False,False,gap_converged,0.746608080105594,0.0,2.078106733968646,0.7466080790232325,"[0.7349562514829593,0.7349562533749006]",880705,840397,3996,4,True,2.1571363584271808e-09
fde1ad725563456ef5767c6ec8259b1928f843da4030295adf56e52df9b4e43e_k0,panda,historical_failure_inputs,0,scalar_early,3,0.5720903739860048,4,12,0.746608080105594,-215.17977180926835,2.1571363584271808e-09,True,False,False,gap_converged,0.746608080105594,0.0,2.078106733968646,0.7466080790232325,"[0.7349562514829593,0.7349562533749006]",846128,807850,4086,4,True,2.1571363584271808e-09
fde1ad725563456ef5767c6ec8259b1928f843da4030295adf56e52df9b4e43e_k1,panda,historical_failure_inputs,1,scalar_early,4,0.5721419555896778,14,42,0.8148667692459266,-11.412201956582042,5.95883318244006e-08,True,False,False,gap_converged,0.8148667692459266,0.0,0.4945112481193519,0.8148667692459179,"[0.7349563818569059,0.7349563818569209]",2843663,2802084,4052,14,True,5.95883318244006e-08
fde1ad725563456ef5767c6ec8259b1928f843da4030295adf56e52df9b4e43e_k1,panda,historical_failure_inputs,1,scalar_early,1,0.5721419555896778,14,42,0.8148667692459266,-11.412201956582042,5.95883318244006e-08,True,False,False,gap_converged,0.8148667692459266,0.0,0.4945112481193519,0.8148667692459179,"[0.7349563818569059,0.7349563818569209]",2871864,2828911,4369,14,True,5.95883318244006e-08
fde1ad725563456ef5767c6ec8259b1928f843da4030295adf56e52df9b4e43e_k1,panda,historical_failure_inputs,1,scalar_early,3,0.5721419555896778,14,42,0.8148667692459266,-11.412201956582042,5.95883318244006e-08,True,False,False,gap_converged,0.8148667692459266,0.0,0.4945112481193519,0.8148667692459179,"[0.7349563818569059,0.7349563818569209]",2884286,2841229,4455,14,True,5.95883318244006e-08
fde1ad725563456ef5767c6ec8259b1928f843da4030295adf56e52df9b4e43e_k1,panda,historical_failure_inputs,1,scalar_early,2,0.5721419555896778,14,42,0.8148667692459266,-11.412201956582042,5.95883318244006e-08,True,False,False,gap_converged,0.8148667692459266,0.0,0.4945112481193519,0.8148667692459179,"[0.7349563818569059,0.7349563818569209]",2832458,2790749,4657,14,True,5.95883318244006e-08
fde1ad725563456ef5767c6ec8259b1928f843da4030295adf56e52df9b4e43e_k1,panda,historical_failure_inputs,1,scalar_early,0,0.5721419555896778,14,42,0.8148667692459266,-11.412201956582042,5.95883318244006e-08,True,False,False,gap_converged,0.8148667692459266,0.0,0.4945112481193519,0.8148667692459179,"[0.7349563818569059,0.7349563818569209]",2819156,2775738,4214,14,True,5.95883318244006e-08
ur5e_trajectory_30_k0_f0,ur5e,regular_first_subproblems,0,scalar_early,4,0.5,1,1,,0.00221530340111966,,False,True,False,task_feasible_early,0.0022158745215644328,0.0,3.499017183300205e-14,0.00221530340111966,"[1.1845512791236674e-07,1.260696017458104e-06]",208323,169838,3808,1,True,
ur5e_trajectory_30_k0_f0,ur5e,regular_first_subproblems,0,scalar_early,2,0.5,1,1,,0.00221530340111966,,False,True,False,task_feasible_early,0.0022158745215644328,0.0,3.499017183300205e-14,0.00221530340111966,"[1.1845512791236674e-07,1.260696017458104e-06]",231169,190554,4074,1,True,
ur5e_trajectory_30_k0_f0,ur5e,regular_first_subproblems,0,scalar_early,0,0.5,1,1,,0.00221530340111966,,False,True,False,task_feasible_early,0.0022158745215644328,0.0,3.499017183300205e-14,0.00221530340111966,"[1.1845512791236674e-07,1.260696017458104e-06]",210315,162708,3865,1,True,
ur5e_trajectory_30_k0_f0,ur5e,regular_first_subproblems,0,scalar_early,3,0.5,1,1,,0.00221530340111966,,False,True,False,task_feasible_early,0.0022158745215644328,0.0,3.499017183300205e-14,0.00221530340111966,"[1.1845512791236674e-07,1.260696017458104e-06]",197486,159958,3572,1,True,
ur5e_trajectory_30_k0_f0,ur5e,regular_first_subproblems,0,scalar_early,1,0.5,1,1,,0.00221530340111966,,False,True,False,task_feasible_early,0.0022158745215644328,0.0,3.499017183300205e-14,0.00221530340111966,"[1.1845512791236674e-07,1.260696017458104e-06]",193917,156536,3601,1,True,
ur5e_trajectory_30_k0_f21,ur5e,regular_first_subproblems,0,scalar_early,2,0.5,1,1,,0.0003734648054616798,,False,True,False,task_feasible_early,0.00037349266132472844,0.0,5.9746092726847654e-15,0.0003734648054616798,"[1.2134514727534644e-06,1.1577397466561284e-06]",207989,168696,4081,1,True,
ur5e_trajectory_30_k0_f21,ur5e,regular_first_subproblems,0,scalar_early,1,0.5,1,1,,0.0003734648054616798,,False,True,False,task_feasible_early,0.00037349266132472844,0.0,5.9746092726847654e-15,0.0003734648054616798,"[1.2134514727534644e-06,1.1577397466561284e-06]",195618,157326,3924,1,True,
ur5e_trajectory_30_k0_f21,ur5e,regular_first_subproblems,0,scalar_early,4,0.5,1,1,,0.0003734648054616798,,False,True,False,task_feasible_early,0.00037349266132472844,0.0,5.9746092726847654e-15,0.0003734648054616798,"[1.2134514727534644e-06,1.1577397466561284e-06]",198714,160596,3785,1,True,
ur5e_trajectory_30_k0_f21,ur5e,regular_first_subproblems,0,scalar_early,3,0.5,1,1,,0.0003734648054616798,,False,True,False,task_feasible_early,0.00037349266132472844,0.0,5.9746092726847654e-15,0.0003734648054616798,"[1.2134514727534644e-06,1.1577397466561284e-06]",216152,174717,4095,1,True,
ur5e_trajectory_30_k0_f21,ur5e,regular_first_subproblems,0,scalar_early,0,0.5,1,1,,0.0003734648054616798,,False,True,False,task_feasible_early,0.00037349266132472844,0.0,5.9746092726847654e-15,0.0003734648054616798,"[1.2134514727534644e-06,1.1577397466561284e-06]",197789,160435,3789,1,True,
ur5e_trajectory_30_k0_f42,ur5e,regular_first_subproblems,0,scalar_early,2,0.5424696528079364,3,3,0.04864022932712941,0.04864019072885631,3.859827309854458e-08,True,False,False,gap_converged,0.04864022932712941,0.0,2.388522988492754e-13,0.04864019072885631,"[0.037442974212232236,0.037443045365103005]",531955,492227,4214,3,True,3.859827309854458e-08
ur5e_trajectory_30_k0_f42,ur5e,regular_first_subproblems,0,scalar_early,0,0.5424696528079364,3,3,0.04864022932712941,0.04864019072885631,3.859827309854458e-08,True,False,False,gap_converged,0.04864022932712941,0.0,2.388522988492754e-13,0.04864019072885631,"[0.037442974212232236,0.037443045365103005]",521592,482539,4484,3,True,3.859827309854458e-08
ur5e_trajectory_30_k0_f42,ur5e,regular_first_subproblems,0,scalar_early,4,0.5424696528079364,3,3,0.04864022932712941,0.04864019072885631,3.859827309854458e-08,True,False,False,gap_converged,0.04864022932712941,0.0,2.388522988492754e-13,0.04864019072885631,"[0.037442974212232236,0.037443045365103005]",596765,556875,3631,3,True,3.859827309854458e-08
ur5e_trajectory_30_k0_f42,ur5e,regular_first_subproblems,0,scalar_early,1,0.5424696528079364,3,3,0.04864022932712941,0.04864019072885631,3.859827309854458e-08,True,False,False,gap_converged,0.04864022932712941,0.0,2.388522988492754e-13,0.04864019072885631,"[0.037442974212232236,0.037443045365103005]",521790,482927,3960,3,True,3.859827309854458e-08
ur5e_trajectory_30_k0_f42,ur5e,regular_first_subproblems,0,scalar_early,3,0.5424696528079364,3,3,0.04864022932712941,0.04864019072885631,3.859827309854458e-08,True,False,False,gap_converged,0.04864022932712941,0.0,2.388522988492754e-13,0.04864019072885631,"[0.037442974212232236,0.037443045365103005]",553399,513956,4178,3,True,3.859827309854458e-08
ur5e_trajectory_30_k0_f63,ur5e,regular_first_subproblems,0,scalar_early,3,0.5,1,1,,0.0009590551847285299,,False,True,False,task_feasible_early,0.0009592173588900464,0.0,1.659260160657141e-13,0.0009590551847285299,"[6.248198061938471e-08,3.868303036523132e-07]",193659,155943,3710,1,True,
ur5e_trajectory_30_k0_f63,ur5e,regular_first_subproblems,0,scalar_early,1,0.5,1,1,,0.0009590551847285299,,False,True,False,task_feasible_early,0.0009592173588900464,0.0,1.659260160657141e-13,0.0009590551847285299,"[6.248198061938471e-08,3.868303036523132e-07]",203242,164465,3689,1,True,
ur5e_trajectory_30_k0_f63,ur5e,regular_first_subproblems,0,scalar_early,2,0.5,1,1,,0.0009590551847285299,,False,True,False,task_feasible_early,0.0009592173588900464,0.0,1.659260160657141e-13,0.0009590551847285299,"[6.248198061938471e-08,3.868303036523132e-07]",210447,169515,3653,1,True,
ur5e_trajectory_30_k0_f63,ur5e,regular_first_subproblems,0,scalar_early,0,0.5,1,1,,0.0009590551847285299,,False,True,False,task_feasible_early,0.0009592173588900464,0.0,1.659260160657141e-13,0.0009590551847285299,"[6.248198061938471e-08,3.868303036523132e-07]",200823,161409,3796,1,True,
ur5e_trajectory_30_k0_f63,ur5e,regular_first_subproblems,0,scalar_early,4,0.5,1,1,,0.0009590551847285299,,False,True,False,task_feasible_early,0.0009592173588900464,0.0,1.659260160657141e-13,0.0009590551847285299,"[6.248198061938471e-08,3.868303036523132e-07]",199363,158197,3764,1,True,
ur5e_trajectory_30_k0_f85,ur5e,regular_first_subproblems,0,scalar_early,4,0.5,1,1,,0.0001463290736524035,,False,True,False,task_feasible_early,0.00014633794279336667,0.0,2.8031317582423842e-14,0.0001463290736524035,"[1.4935728799923863e-10,1.7887639214319445e-08]",211171,169718,4392,1,True,
ur5e_trajectory_30_k0_f85,ur5e,regular_first_subproblems,0,scalar_early,3,0.5,1,1,,0.0001463290736524035,,False,True,False,task_feasible_early,0.00014633794279336667,0.0,2.8031317582423842e-14,0.0001463290736524035,"[1.4935728799923863e-10,1.7887639214319445e-08]",200486,160158,3346,1,True,
ur5e_trajectory_30_k0_f85,ur5e,regular_first_subproblems,0,scalar_early,1,0.5,1,1,,0.0001463290736524035,,False,True,False,task_feasible_early,0.00014633794279336667,0.0,2.8031317582423842e-14,0.0001463290736524035,"[1.4935728799923863e-10,1.7887639214319445e-08]",192302,153661,3657,1,True,
ur5e_trajectory_30_k0_f85,ur5e,regular_first_subproblems,0,scalar_early,2,0.5,1,1,,0.0001463290736524035,,False,True,False,task_feasible_early,0.00014633794279336667,0.0,2.8031317582423842e-14,0.0001463290736524035,"[1.4935728799923863e-10,1.7887639214319445e-08]",196707,158107,4005,1,True,
ur5e_trajectory_30_k0_f85,ur5e,regular_first_subproblems,0,scalar_early,0,0.5,1,1,,0.0001463290736524035,,False,True,False,task_feasible_early,0.00014633794279336667,0.0,2.8031317582423842e-14,0.0001463290736524035,"[1.4935728799923863e-10,1.7887639214319445e-08]",207225,167033,3884,1,True,
ur5e_trajectory_30_k0_f106,ur5e,regular_first_subproblems,0,scalar_early,1,0.5,1,1,,0.0004964890262962642,,False,True,False,task_feasible_early,0.0004965233534777605,0.0,2.333814499933205e-13,0.0004964890262962642,"[4.822813270711843e-08,1.1688249569966288e-07]",192712,155407,3752,1,True,
ur5e_trajectory_30_k0_f106,ur5e,regular_first_subproblems,0,scalar_early,0,0.5,1,1,,0.0004964890262962642,,False,True,False,task_feasible_early,0.0004965233534777605,0.0,2.333814499933205e-13,0.0004964890262962642,"[4.822813270711843e-08,1.1688249569966288e-07]",207652,169052,3486,1,True,
ur5e_trajectory_30_k0_f106,ur5e,regular_first_subproblems,0,scalar_early,4,0.5,1,1,,0.0004964890262962642,,False,True,False,task_feasible_early,0.0004965233534777605,0.0,2.333814499933205e-13,0.0004964890262962642,"[4.822813270711843e-08,1.1688249569966288e-07]",197646,158866,4162,1,True,
ur5e_trajectory_30_k0_f106,ur5e,regular_first_subproblems,0,scalar_early,3,0.5,1,1,,0.0004964890262962642,,False,True,False,task_feasible_early,0.0004965233534777605,0.0,2.333814499933205e-13,0.0004964890262962642,"[4.822813270711843e-08,1.1688249569966288e-07]",216576,172771,6442,1,True,
ur5e_trajectory_30_k0_f106,ur5e,regular_first_subproblems,0,scalar_early,2,0.5,1,1,,0.0004964890262962642,,False,True,False,task_feasible_early,0.0004965233534777605,0.0,2.333814499933205e-13,0.0004964890262962642,"[4.822813270711843e-08,1.1688249569966288e-07]",198062,158068,3725,1,True,
ur5e_trajectory_30_k0_f127,ur5e,regular_first_subproblems,0,scalar_early,4,0.5,1,1,,0.0005776297186938716,,False,True,False,task_feasible_early,0.000577729093053277,0.0,3.142696061245355e-14,0.0005776297186938716,"[1.1524382486866738e-07,3.1399254367945424e-07]",208813,169437,3774,1,True,
ur5e_trajectory_30_k0_f127,ur5e,regular_first_subproblems,0,scalar_early,3,0.5,1,1,,0.0005776297186938716,,False,True,False,task_feasible_early,0.000577729093053277,0.0,3.142696061245355e-14,0.0005776297186938716,"[1.1524382486866738e-07,3.1399254367945424e-07]",194254,155165,3749,1,True,
ur5e_trajectory_30_k0_f127,ur5e,regular_first_subproblems,0,scalar_early,0,0.5,1,1,,0.0005776297186938716,,False,True,False,task_feasible_early,0.000577729093053277,0.0,3.142696061245355e-14,0.0005776297186938716,"[1.1524382486866738e-07,3.1399254367945424e-07]",213617,171671,3915,1,True,
ur5e_trajectory_30_k0_f127,ur5e,regular_first_subproblems,0,scalar_early,1,0.5,1,1,,0.0005776297186938716,,False,True,False,task_feasible_early,0.000577729093053277,0.0,3.142696061245355e-14,0.0005776297186938716,"[1.1524382486866738e-07,3.1399254367945424e-07]",188800,151336,3468,1,True,
ur5e_trajectory_30_k0_f127,ur5e,regular_first_subproblems,0,scalar_early,2,0.5,1,1,,0.0005776297186938716,,False,True,False,task_feasible_early,0.000577729093053277,0.0,3.142696061245355e-14,0.0005776297186938716,"[1.1524382486866738e-07,3.1399254367945424e-07]",200953,161246,3707,1,True,
ur5e_trajectory_30_k0_f149,ur5e,regular_first_subproblems,0,scalar_early,3,0.5,1,1,,0.0021989978481139565,,False,True,False,task_feasible_early,0.002199511126684073,0.0,8.165446938733967e-14,0.0021989978481139565,"[1.1949809393727697e-07,1.146055234169666e-06]",199656,160766,3993,1,True,
ur5e_trajectory_30_k0_f149,ur5e,regular_first_subproblems,0,scalar_early,2,0.5,1,1,,0.0021989978481139565,,False,True,False,task_feasible_early,0.002199511126684073,0.0,8.165446938733967e-14,0.0021989978481139565,"[1.1949809393727697e-07,1.146055234169666e-06]",216323,175103,3748,1,True,
ur5e_trajectory_30_k0_f149,ur5e,regular_first_subproblems,0,scalar_early,4,0.5,1,1,,0.0021989978481139565,,False,True,False,task_feasible_early,0.002199511126684073,0.0,8.165446938733967e-14,0.0021989978481139565,"[1.1949809393727697e-07,1.146055234169666e-06]",204876,166238,3989,1,True,
ur5e_trajectory_30_k0_f149,ur5e,regular_first_subproblems,0,scalar_early,1,0.5,1,1,,0.0021989978481139565,,False,True,False,task_feasible_early,0.002199511126684073,0.0,8.165446938733967e-14,0.0021989978481139565,"[1.1949809393727697e-07,1.146055234169666e-06]",199364,161266,3668,1,True,
ur5e_trajectory_30_k0_f149,ur5e,regular_first_subproblems,0,scalar_early,0,0.5,1,1,,0.0021989978481139565,,False,True,False,task_feasible_early,0.002199511126684073,0.0,8.165446938733967e-14,0.0021989978481139565,"[1.1949809393727697e-07,1.146055234169666e-06]",201236,161992,3850,1,True,
ur5e_trajectory_30_k1_f0,ur5e,regular_first_subproblems,1,scalar_early,3,0.5,1,1,,0.0648954657801134,,False,True,False,task_feasible_early,0.06489586860824567,0.0,1.0805156823142815e-14,0.0648954657801134,"[7.734840092826883e-08,8.830046654754178e-07]",203966,165337,3530,1,True,
ur5e_trajectory_30_k1_f0,ur5e,regular_first_subproblems,1,scalar_early,1,0.5,1,1,,0.0648954657801134,,False,True,False,task_feasible_early,0.06489586860824567,0.0,1.0805156823142815e-14,0.0648954657801134,"[7.734840092826883e-08,8.830046654754178e-07]",205908,166156,3838,1,True,
ur5e_trajectory_30_k1_f0,ur5e,regular_first_subproblems,1,scalar_early,0,0.5,1,1,,0.0648954657801134,,False,True,False,task_feasible_early,0.06489586860824567,0.0,1.0805156823142815e-14,0.0648954657801134,"[7.734840092826883e-08,8.830046654754178e-07]",196146,157978,3755,1,True,
ur5e_trajectory_30_k1_f0,ur5e,regular_first_subproblems,1,scalar_early,4,0.5,1,1,,0.0648954657801134,,False,True,False,task_feasible_early,0.06489586860824567,0.0,1.0805156823142815e-14,0.0648954657801134,"[7.734840092826883e-08,8.830046654754178e-07]",210627,170620,3594,1,True,
ur5e_trajectory_30_k1_f0,ur5e,regular_first_subproblems,1,scalar_early,2,0.5,1,1,,0.0648954657801134,,False,True,False,task_feasible_early,0.06489586860824567,0.0,1.0805156823142815e-14,0.0648954657801134,"[7.734840092826883e-08,8.830046654754178e-07]",190623,153059,3575,1,True,
ur5e_trajectory_30_k1_f21,ur5e,regular_first_subproblems,1,scalar_early,3,0.5,1,1,,0.05918993808892695,,False,True,False,task_feasible_early,0.059190089689899035,0.0,8.31111502828681e-15,0.05918993808892695,"[1.3191305608394307e-06,1.6223325050145308e-06]",192107,153471,3791,1,True,
ur5e_trajectory_30_k1_f21,ur5e,regular_first_subproblems,1,scalar_early,1,0.5,1,1,,0.05918993808892695,,False,True,False,task_feasible_early,0.059190089689899035,0.0,8.31111502828681e-15,0.05918993808892695,"[1.3191305608394307e-06,1.6223325050145308e-06]",195919,157796,3782,1,True,
ur5e_trajectory_30_k1_f21,ur5e,regular_first_subproblems,1,scalar_early,0,0.5,1,1,,0.05918993808892695,,False,True,False,task_feasible_early,0.059190089689899035,0.0,8.31111502828681e-15,0.05918993808892695,"[1.3191305608394307e-06,1.6223325050145308e-06]",188926,150884,3808,1,True,
ur5e_trajectory_30_k1_f21,ur5e,regular_first_subproblems,1,scalar_early,4,0.5,1,1,,0.05918993808892695,,False,True,False,task_feasible_early,0.059190089689899035,0.0,8.31111502828681e-15,0.05918993808892695,"[1.3191305608394307e-06,1.6223325050145308e-06]",204528,166136,3696,1,True,
ur5e_trajectory_30_k1_f21,ur5e,regular_first_subproblems,1,scalar_early,2,0.5,1,1,,0.05918993808892695,,False,True,False,task_feasible_early,0.059190089689899035,0.0,8.31111502828681e-15,0.05918993808892695,"[1.3191305608394307e-06,1.6223325050145308e-06]",203684,162932,3508,1,True,
ur5e_trajectory_30_k1_f42,ur5e,regular_first_subproblems,1,scalar_early,1,0.5426052433031165,3,3,0.10415463168380681,0.10415459245143177,3.9232375043107837e-08,True,False,False,gap_converged,0.10415463168380681,0.0,1.3667566923774402e-13,0.10415459245143177,"[0.037507350137582864,0.0375074224412982]",1065890,1025842,3523,3,True,3.9232375043107837e-08
ur5e_trajectory_30_k1_f42,ur5e,regular_first_subproblems,1,scalar_early,2,0.5426052433031165,3,3,0.10415463168380681,0.10415459245143177,3.9232375043107837e-08,True,False,False,gap_converged,0.10415463168380681,0.0,1.3667566923774402e-13,0.10415459245143177,"[0.037507350137582864,0.0375074224412982]",572459,532772,3713,3,True,3.9232375043107837e-08
ur5e_trajectory_30_k1_f42,ur5e,regular_first_subproblems,1,scalar_early,3,0.5426052433031165,3,3,0.10415463168380681,0.10415459245143177,3.9232375043107837e-08,True,False,False,gap_converged,0.10415463168380681,0.0,1.3667566923774402e-13,0.10415459245143177,"[0.037507350137582864,0.0375074224412982]",522855,483619,4986,3,True,3.9232375043107837e-08
ur5e_trajectory_30_k1_f42,ur5e,regular_first_subproblems,1,scalar_early,0,0.5426052433031165,3,3,0.10415463168380681,0.10415459245143177,3.9232375043107837e-08,True,False,False,gap_converged,0.10415463168380681,0.0,1.3667566923774402e-13,0.10415459245143177,"[0.037507350137582864,0.0375074224412982]",523619,485389,4002,3,True,3.9232375043107837e-08
ur5e_trajectory_30_k1_f42,ur5e,regular_first_subproblems,1,scalar_early,4,0.5426052433031165,3,3,0.10415463168380681,0.10415459245143177,3.9232375043107837e-08,True,False,False,gap_converged,0.10415463168380681,0.0,1.3667566923774402e-13,0.10415459245143177,"[0.037507350137582864,0.0375074224412982]",532245,494245,3905,3,True,3.9232375043107837e-08
ur5e_trajectory_30_k1_f63,ur5e,regular_first_subproblems,1,scalar_early,3,0.5,1,1,,0.05913857641331049,,False,True,False,task_feasible_early,0.059138815346460774,0.0,1.273568571858195e-13,0.05913857641331049,"[1.6929379101879427e-07,6.471600915838376e-07]",204976,166209,3649,1,True,
ur5e_trajectory_30_k1_f63,ur5e,regular_first_subproblems,1,scalar_early,2,0.5,1,1,,0.05913857641331049,,False,True,False,task_feasible_early,0.059138815346460774,0.0,1.273568571858195e-13,0.05913857641331049,"[1.6929379101879427e-07,6.471600915838376e-07]",197803,149265,3502,1,True,
ur5e_trajectory_30_k1_f63,ur5e,regular_first_subproblems,1,scalar_early,0,0.5,1,1,,0.05913857641331049,,False,True,False,task_feasible_early,0.059138815346460774,0.0,1.273568571858195e-13,0.05913857641331049,"[1.6929379101879427e-07,6.471600915838376e-07]",208923,168900,3794,1,True,
ur5e_trajectory_30_k1_f63,ur5e,regular_first_subproblems,1,scalar_early,4,0.5,1,1,,0.05913857641331049,,False,True,False,task_feasible_early,0.059138815346460774,0.0,1.273568571858195e-13,0.05913857641331049,"[1.6929379101879427e-07,6.471600915838376e-07]",205753,164145,3696,1,True,
ur5e_trajectory_30_k1_f63,ur5e,regular_first_subproblems,1,scalar_early,1,0.5,1,1,,0.05913857641331049,,False,True,False,task_feasible_early,0.059138815346460774,0.0,1.273568571858195e-13,0.05913857641331049,"[1.6929379101879427e-07,6.471600915838376e-07]",192225,154457,3806,1,True,
ur5e_trajectory_30_k1_f85,ur5e,regular_first_subproblems,1,scalar_early,3,0.5,1,1,,0.05802153004853792,,False,True,False,task_feasible_early,0.058021530140030086,0.0,6.125212212838941e-14,0.05802153004853792,"[2.594709635353857e-08,2.61300806870723e-08]",205967,165083,3388,1,True,
ur5e_trajectory_30_k1_f85,ur5e,regular_first_subproblems,1,scalar_early,0,0.5,1,1,,0.05802153004853792,,False,True,False,task_feasible_early,0.058021530140030086,0.0,6.125212212838941e-14,0.05802153004853792,"[2.594709635353857e-08,2.61300806870723e-08]",203839,165708,3762,1,True,
ur5e_trajectory_30_k1_f85,ur5e,regular_first_subproblems,1,scalar_early,4,0.5,1,1,,0.05802153004853792,,False,True,False,task_feasible_early,0.058021530140030086,0.0,6.125212212838941e-14,0.05802153004853792,"[2.594709635353857e-08,2.61300806870723e-08]",189380,151875,3593,1,True,
ur5e_trajectory_30_k1_f85,ur5e,regular_first_subproblems,1,scalar_early,1,0.5,1,1,,0.05802153004853792,,False,True,False,task_feasible_early,0.058021530140030086,0.0,6.125212212838941e-14,0.05802153004853792,"[2.594709635353857e-08,2.61300806870723e-08]",196375,158076,3664,1,True,
ur5e_trajectory_30_k1_f85,ur5e,regular_first_subproblems,1,scalar_early,2,0.5,1,1,,0.05802153004853792,,False,True,False,task_feasible_early,0.058021530140030086,0.0,6.125212212838941e-14,0.05802153004853792,"[2.594709635353857e-08,2.61300806870723e-08]",189890,152420,3655,1,True,
ur5e_trajectory_30_k1_f106,ur5e,regular_first_subproblems,1,scalar_early,4,0.5,1,1,,0.06573905112727575,,False,True,False,task_feasible_early,0.06573916085443714,0.0,3.0106497307042256e-14,0.06573905112727575,"[9.000586772297417e-08,3.094601905006697e-07]",207165,167776,3916,1,True,
ur5e_trajectory_30_k1_f106,ur5e,regular_first_subproblems,1,scalar_early,1,0.5,1,1,,0.06573905112727575,,False,True,False,task_feasible_early,0.06573916085443714,0.0,3.0106497307042256e-14,0.06573905112727575,"[9.000586772297417e-08,3.094601905006697e-07]",199122,158057,3782,1,True,
ur5e_trajectory_30_k1_f106,ur5e,regular_first_subproblems,1,scalar_early,0,0.5,1,1,,0.06573905112727575,,False,True,False,task_feasible_early,0.06573916085443714,0.0,3.0106497307042256e-14,0.06573905112727575,"[9.000586772297417e-08,3.094601905006697e-07]",194283,156274,3881,1,True,
ur5e_trajectory_30_k1_f106,ur5e,regular_first_subproblems,1,scalar_early,3,0.5,1,1,,0.06573905112727575,,False,True,False,task_feasible_early,0.06573916085443714,0.0,3.0106497307042256e-14,0.06573905112727575,"[9.000586772297417e-08,3.094601905006697e-07]",196495,158974,3498,1,True,
ur5e_trajectory_30_k1_f106,ur5e,regular_first_subproblems,1,scalar_early,2,0.5,1,1,,0.06573905112727575,,False,True,False,task_feasible_early,0.06573916085443714,0.0,3.0106497307042256e-14,0.06573905112727575,"[9.000586772297417e-08,3.094601905006697e-07]",191571,152637,3809,1,True,
ur5e_trajectory_30_k1_f127,ur5e,regular_first_subproblems,1,scalar_early,4,0.5,1,1,,0.06149873896077502,,False,True,False,task_feasible_early,0.06149896715514646,0.0,1.7763568394002505e-15,0.06149873896077502,"[1.3901964941934598e-07,5.954083922972999e-07]",188620,150513,3622,1,True,
ur5e_trajectory_30_k1_f127,ur5e,regular_first_subproblems,1,scalar_early,0,0.5,1,1,,0.06149873896077502,,False,True,False,task_feasible_early,0.06149896715514646,0.0,1.7763568394002505e-15,0.06149873896077502,"[1.3901964941934598e-07,5.954083922972999e-07]",215232,176204,3622,1,True,
ur5e_trajectory_30_k1_f127,ur5e,regular_first_subproblems,1,scalar_early,2,0.5,1,1,,0.06149873896077502,,False,True,False,task_feasible_early,0.06149896715514646,0.0,1.7763568394002505e-15,0.06149873896077502,"[1.3901964941934598e-07,5.954083922972999e-07]",199408,160043,3983,1,True,
ur5e_trajectory_30_k1_f127,ur5e,regular_first_subproblems,1,scalar_early,1,0.5,1,1,,0.06149873896077502,,False,True,False,task_feasible_early,0.06149896715514646,0.0,1.7763568394002505e-15,0.06149873896077502,"[1.3901964941934598e-07,5.954083922972999e-07]",190865,153135,3911,1,True,
ur5e_trajectory_30_k1_f127,ur5e,regular_first_subproblems,1,scalar_early,3,0.5,1,1,,0.06149873896077502,,False,True,False,task_feasible_early,0.06149896715514646,0.0,1.7763568394002505e-15,0.06149873896077502,"[1.3901964941934598e-07,5.954083922972999e-07]",203106,164110,3419,1,True,
ur5e_trajectory_30_k1_f149,ur5e,regular_first_subproblems,1,scalar_early,1,0.5,1,1,,0.06519950928842908,,False,True,False,task_feasible_early,0.06519985838792411,0.0,4.5566236431613516e-14,0.06519950928842908,"[8.647285650589752e-08,7.846718465862237e-07]",212172,171717,4352,1,True,
ur5e_trajectory_30_k1_f149,ur5e,regular_first_subproblems,1,scalar_early,3,0.5,1,1,,0.06519950928842908,,False,True,False,task_feasible_early,0.06519985838792411,0.0,4.5566236431613516e-14,0.06519950928842908,"[8.647285650589752e-08,7.846718465862237e-07]",196417,157819,3816,1,True,
ur5e_trajectory_30_k1_f149,ur5e,regular_first_subproblems,1,scalar_early,2,0.5,1,1,,0.06519950928842908,,False,True,False,task_feasible_early,0.06519985838792411,0.0,4.5566236431613516e-14,0.06519950928842908,"[8.647285650589752e-08,7.846718465862237e-07]",203745,165812,3717,1,True,
ur5e_trajectory_30_k1_f149,ur5e,regular_first_subproblems,1,scalar_early,4,0.5,1,1,,0.06519950928842908,,False,True,False,task_feasible_early,0.06519985838792411,0.0,4.5566236431613516e-14,0.06519950928842908,"[8.647285650589752e-08,7.846718465862237e-07]",205743,166012,3628,1,True,
ur5e_trajectory_30_k1_f149,ur5e,regular_first_subproblems,1,scalar_early,0,0.5,1,1,,0.06519950928842908,,False,True,False,task_feasible_early,0.06519985838792411,0.0,4.5566236431613516e-14,0.06519950928842908,"[8.647285650589752e-08,7.846718465862237e-07]",210627,171782,3727,1,True,
ur5e_trajectory_31_k0_f0,ur5e,regular_first_subproblems,0,scalar_early,1,0.5,1,1,,0.0024819082576210583,,False,True,False,task_feasible_early,0.0024821146130284,0.0,5.826883674891095e-14,0.0024819082576210583,"[2.3176293266808697e-07,6.44473747350818e-07]",199843,156920,3784,1,True,
ur5e_trajectory_31_k0_f0,ur5e,regular_first_subproblems,0,scalar_early,0,0.5,1,1,,0.0024819082576210583,,False,True,False,task_feasible_early,0.0024821146130284,0.0,5.826883674891095e-14,0.0024819082576210583,"[2.3176293266808697e-07,6.44473747350818e-07]",221920,181538,3792,1,True,
ur5e_trajectory_31_k0_f0,ur5e,regular_first_subproblems,0,scalar_early,4,0.5,1,1,,0.0024819082576210583,,False,True,False,task_feasible_early,0.0024821146130284,0.0,5.826883674891095e-14,0.0024819082576210583,"[2.3176293266808697e-07,6.44473747350818e-07]",197505,159875,3882,1,True,
ur5e_trajectory_31_k0_f0,ur5e,regular_first_subproblems,0,scalar_early,2,0.5,1,1,,0.0024819082576210583,,False,True,False,task_feasible_early,0.0024821146130284,0.0,5.826883674891095e-14,0.0024819082576210583,"[2.3176293266808697e-07,6.44473747350818e-07]",203792,164235,3840,1,True,
ur5e_trajectory_31_k0_f0,ur5e,regular_first_subproblems,0,scalar_early,3,0.5,1,1,,0.0024819082576210583,,False,True,False,task_feasible_early,0.0024821146130284,0.0,5.826883674891095e-14,0.0024819082576210583,"[2.3176293266808697e-07,6.44473747350818e-07]",198195,158719,3480,1,True,
ur5e_trajectory_31_k0_f21,ur5e,regular_first_subproblems,0,scalar_early,4,0.5,1,1,,0.0003606203866857337,,False,True,False,task_feasible_early,0.00036064356391304225,0.0,2.7303361614164952e-14,0.0003606203866857337,"[3.764550022649742e-08,8.399995484359643e-08]",211218,170043,4239,1,True,
ur5e_trajectory_31_k0_f21,ur5e,regular_first_subproblems,0,scalar_early,2,0.5,1,1,,0.0003606203866857337,,False,True,False,task_feasible_early,0.00036064356391304225,0.0,2.7303361614164952e-14,0.0003606203866857337,"[3.764550022649742e-08,8.399995484359643e-08]",200538,161956,3571,1,True,
ur5e_trajectory_31_k0_f21,ur5e,regular_first_subproblems,0,scalar_early,0,0.5,1,1,,0.0003606203866857337,,False,True,False,task_feasible_early,0.00036064356391304225,0.0,2.7303361614164952e-14,0.0003606203866857337,"[3.764550022649742e-08,8.399995484359643e-08]",209564,166736,4078,1,True,
ur5e_trajectory_31_k0_f21,ur5e,regular_first_subproblems,0,scalar_early,3,0.5,1,1,,0.0003606203866857337,,False,True,False,task_feasible_early,0.00036064356391304225,0.0,2.7303361614164952e-14,0.0003606203866857337,"[3.764550022649742e-08,8.399995484359643e-08]",200656,162266,3624,1,True,
ur5e_trajectory_31_k0_f21,ur5e,regular_first_subproblems,0,scalar_early,1,0.5,1,1,,0.0003606203866857337,,False,True,False,task_feasible_early,0.00036064356391304225,0.0,2.7303361614164952e-14,0.0003606203866857337,"[3.764550022649742e-08,8.399995484359643e-08]",193488,155985,3689,1,True,
ur5e_trajectory_31_k0_f42,ur5e,regular_first_subproblems,0,scalar_early,1,0.5,1,1,,0.0011030216829032526,,False,True,False,task_feasible_early,0.0011030312074999705,0.0,4.688303443075554e-13,0.0011030216829032526,"[2.240655597298824e-08,4.145574940850886e-08]",205609,166818,4108,1,True,
ur5e_trajectory_31_k0_f42,ur5e,regular_first_subproblems,0,scalar_early,3,0.5,1,1,,0.0011030216829032526,,False,True,False,task_feasible_early,0.0011030312074999705,0.0,4.688303443075554e-13,0.0011030216829032526,"[2.240655597298824e-08,4.145574940850886e-08]",233720,195040,3685,1,True,
ur5e_trajectory_31_k0_f42,ur5e,regular_first_subproblems,0,scalar_early,4,0.5,1,1,,0.0011030216829032526,,False,True,False,task_feasible_early,0.0011030312074999705,0.0,4.688303443075554e-13,0.0011030216829032526,"[2.240655597298824e-08,4.145574940850886e-08]",203514,162545,3498,1,True,
ur5e_trajectory_31_k0_f42,ur5e,regular_first_subproblems,0,scalar_early,0,0.5,1,1,,0.0011030216829032526,,False,True,False,task_feasible_early,0.0011030312074999705,0.0,4.688303443075554e-13,0.0011030216829032526,"[2.240655597298824e-08,4.145574940850886e-08]",212169,174172,3587,1,True,
ur5e_trajectory_31_k0_f42,ur5e,regular_first_subproblems,0,scalar_early,2,0.5,1,1,,0.0011030216829032526,,False,True,False,task_feasible_early,0.0011030312074999705,0.0,4.688303443075554e-13,0.0011030216829032526,"[2.240655597298824e-08,4.145574940850886e-08]",186551,149726,3643,1,True,
ur5e_trajectory_31_k0_f63,ur5e,regular_first_subproblems,0,scalar_early,4,0.5,1,1,,0.0003813326701778443,,False,True,False,task_feasible_early,0.0003813612058875204,0.0,3.213438851035296e-14,0.0003813326701778443,"[6.4027666969565275e-09,6.347418604915031e-08]",226173,184279,3816,1,True,
ur5e_trajectory_31_k0_f63,ur5e,regular_first_subproblems,0,scalar_early,2,0.5,1,1,,0.0003813326701778443,,False,True,False,task_feasible_early,0.0003813612058875204,0.0,3.213438851035296e-14,0.0003813326701778443,"[6.4027666969565275e-09,6.347418604915031e-08]",204063,165961,3561,1,True,
ur5e_trajectory_31_k0_f63,ur5e,regular_first_subproblems,0,scalar_early,1,0.5,1,1,,0.0003813326701778443,,False,True,False,task_feasible_early,0.0003813612058875204,0.0,3.213438851035296e-14,0.0003813326701778443,"[6.4027666969565275e-09,6.347418604915031e-08]",196047,158336,3706,1,True,
ur5e_trajectory_31_k0_f63,ur5e,regular_first_subproblems,0,scalar_early,0,0.5,1,1,,0.0003813326701778443,,False,True,False,task_feasible_early,0.0003813612058875204,0.0,3.213438851035296e-14,0.0003813326701778443,"[6.4027666969565275e-09,6.347418604915031e-08]",194187,155595,3706,1,True,
ur5e_trajectory_31_k0_f63,ur5e,regular_first_subproblems,0,scalar_early,3,0.5,1,1,,0.0003813326701778443,,False,True,False,task_feasible_early,0.0003813612058875204,0.0,3.213438851035296e-14,0.0003813326701778443,"[6.4027666969565275e-09,6.347418604915031e-08]",208368,168797,3632,1,True,
ur5e_trajectory_31_k0_f85,ur5e,regular_first_subproblems,0,scalar_early,2,0.5,1,1,,0.00027670333351679355,,False,True,False,task_feasible_early,0.0002767124030133831,0.0,4.036084450654358e-14,0.00027670333351679355,"[1.573536783668654e-08,3.387436101579627e-08]",199834,161255,3486,1,True,
ur5e_trajectory_31_k0_f85,ur5e,regular_first_subproblems,0,scalar_early,1,0.5,1,1,,0.00027670333351679355,,False,True,False,task_feasible_early,0.0002767124030133831,0.0,4.036084450654358e-14,0.00027670333351679355,"[1.573536783668654e-08,3.387436101579627e-08]",196839,159196,3492,1,True,
ur5e_trajectory_31_k0_f85,ur5e,regular_first_subproblems,0,scalar_early,4,0.5,1,1,,0.00027670333351679355,,False,True,False,task_feasible_early,0.0002767124030133831,0.0,4.036084450654358e-14,0.00027670333351679355,"[1.573536783668654e-08,3.387436101579627e-08]",201072,159916,3764,1,True,
ur5e_trajectory_31_k0_f85,ur5e,regular_first_subproblems,0,scalar_early,3,0.5,1,1,,0.00027670333351679355,,False,True,False,task_feasible_early,0.0002767124030133831,0.0,4.036084450654358e-14,0.00027670333351679355,"[1.573536783668654e-08,3.387436101579627e-08]",200487,161497,4009,1,True,
ur5e_trajectory_31_k0_f85,ur5e,regular_first_subproblems,0,scalar_early,0,0.5,1,1,,0.00027670333351679355,,False,True,False,task_feasible_early,0.0002767124030133831,0.0,4.036084450654358e-14,0.00027670333351679355,"[1.573536783668654e-08,3.387436101579627e-08]",189158,151871,3581,1,True,
ur5e_trajectory_31_k0_f106,ur5e,regular_first_subproblems,0,scalar_early,3,0.5,1,1,,0.000593842803966327,,False,True,False,task_feasible_early,0.0005938770980736059,0.0,2.929642751054232e-14,0.000593842803966327,"[1.785301012922285e-08,8.644122468694531e-08]",187287,150013,3642,1,True,
ur5e_trajectory_31_k0_f106,ur5e,regular_first_subproblems,0,scalar_early,2,0.5,1,1,,0.000593842803966327,,False,True,False,task_feasible_early,0.0005938770980736059,0.0,2.929642751054232e-14,0.000593842803966327,"[1.785301012922285e-08,8.644122468694531e-08]",204395,164819,3762,1,True,
ur5e_trajectory_31_k0_f106,ur5e,regular_first_subproblems,0,scalar_early,4,0.5,1,1,,0.000593842803966327,,False,True,False,task_feasible_early,0.0005938770980736059,0.0,2.929642751054232e-14,0.000593842803966327,"[1.785301012922285e-08,8.644122468694531e-08]",199055,158566,3579,1,True,
ur5e_trajectory_31_k0_f106,ur5e,regular_first_subproblems,0,scalar_early,1,0.5,1,1,,0.000593842803966327,,False,True,False,task_feasible_early,0.0005938770980736059,0.0,2.929642751054232e-14,0.000593842803966327,"[1.785301012922285e-08,8.644122468694531e-08]",201050,163310,3654,1,True,
ur5e_trajectory_31_k0_f106,ur5e,regular_first_subproblems,0,scalar_early,0,0.5,1,1,,0.000593842803966327,,False,True,False,task_feasible_early,0.0005938770980736059,0.0,2.929642751054232e-14,0.000593842803966327,"[1.785301012922285e-08,8.644122468694531e-08]",198708,158056,3984,1,True,
ur5e_trajectory_31_k0_f127,ur5e,regular_first_subproblems,0,scalar_early,3,0.5,1,1,,0.0007648168469977787,,False,True,False,task_feasible_early,0.0007648506660533834,0.0,5.734772108694815e-14,0.0007648168469977787,"[4.8767723307026975e-08,1.1640583451648199e-07]",192521,153583,3594,1,True,
ur5e_trajectory_31_k0_f127,ur5e,regular_first_subproblems,0,scalar_early,2,0.5,1,1,,0.0007648168469977787,,False,True,False,task_feasible_early,0.0007648506660533834,0.0,5.734772108694815e-14,0.0007648168469977787,"[4.8767723307026975e-08,1.1640583451648199e-07]",209860,170215,4245,1,True,
ur5e_trajectory_31_k0_f127,ur5e,regular_first_subproblems,0,scalar_early,1,0.5,1,1,,0.0007648168469977787,,False,True,False,task_feasible_early,0.0007648506660533834,0.0,5.734772108694815e-14,0.0007648168469977787,"[4.8767723307026975e-08,1.1640583451648199e-07]",205383,165209,3689,1,True,
ur5e_trajectory_31_k0_f127,ur5e,regular_first_subproblems,0,scalar_early,0,0.5,1,1,,0.0007648168469977787,,False,True,False,task_feasible_early,0.0007648506660533834,0.0,5.734772108694815e-14,0.0007648168469977787,"[4.8767723307026975e-08,1.1640583451648199e-07]",200169,162225,3711,1,True,
ur5e_trajectory_31_k0_f127,ur5e,regular_first_subproblems,0,scalar_early,4,0.5,1,1,,0.0007648168469977787,,False,True,False,task_feasible_early,0.0007648506660533834,0.0,5.734772108694815e-14,0.0007648168469977787,"[4.8767723307026975e-08,1.1640583451648199e-07]",191031,150665,6094,1,True,
ur5e_trajectory_31_k0_f149,ur5e,regular_first_subproblems,0,scalar_early,3,0.5,1,1,,0.0027160779125633685,,False,True,False,task_feasible_early,0.002716226698057429,0.0,1.0414057674594697e-13,0.0027160779125633685,"[2.9302521395601376e-07,5.905962020766499e-07]",216760,175419,4253,1,True,
ur5e_trajectory_31_k0_f149,ur5e,regular_first_subproblems,0,scalar_early,4,0.5,1,1,,0.0027160779125633685,,False,True,False,task_feasible_early,0.002716226698057429,0.0,1.0414057674594697e-13,0.0027160779125633685,"[2.9302521395601376e-07,5.905962020766499e-07]",202663,161944,3416,1,True,
ur5e_trajectory_31_k0_f149,ur5e,regular_first_subproblems,0,scalar_early,2,0.5,1,1,,0.0027160779125633685,,False,True,False,task_feasible_early,0.002716226698057429,0.0,1.0414057674594697e-13,0.0027160779125633685,"[2.9302521395601376e-07,5.905962020766499e-07]",211345,171667,3628,1,True,
ur5e_trajectory_31_k0_f149,ur5e,regular_first_subproblems,0,scalar_early,1,0.5,1,1,,0.0027160779125633685,,False,True,False,task_feasible_early,0.002716226698057429,0.0,1.0414057674594697e-13,0.0027160779125633685,"[2.9302521395601376e-07,5.905962020766499e-07]",192663,154447,3907,1,True,
ur5e_trajectory_31_k0_f149,ur5e,regular_first_subproblems,0,scalar_early,0,0.5,1,1,,0.0027160779125633685,,False,True,False,task_feasible_early,0.002716226698057429,0.0,1.0414057674594697e-13,0.0027160779125633685,"[2.9302521395601376e-07,5.905962020766499e-07]",189609,152415,3628,1,True,
ur5e_trajectory_31_k1_f0,ur5e,regular_first_subproblems,1,scalar_early,2,0.5,1,1,,0.08228875844686603,,False,True,False,task_feasible_early,0.08228908105133037,0.0,8.689635541710323e-14,0.08228875844686603,"[2.5144465822291116e-07,8.966535868934503e-07]",202436,163878,3935,1,True,
ur5e_trajectory_31_k1_f0,ur5e,regular_first_subproblems,1,scalar_early,3,0.5,1,1,,0.08228875844686603,,False,True,False,task_feasible_early,0.08228908105133037,0.0,8.689635541710323e-14,0.08228875844686603,"[2.5144465822291116e-07,8.966535868934503e-07]",200815,162052,3916,1,True,
ur5e_trajectory_31_k1_f0,ur5e,regular_first_subproblems,1,scalar_early,4,0.5,1,1,,0.08228875844686603,,False,True,False,task_feasible_early,0.08228908105133037,0.0,8.689635541710323e-14,0.08228875844686603,"[2.5144465822291116e-07,8.966535868934503e-07]",194569,155875,3671,1,True,
ur5e_trajectory_31_k1_f0,ur5e,regular_first_subproblems,1,scalar_early,1,0.5,1,1,,0.08228875844686603,,False,True,False,task_feasible_early,0.08228908105133037,0.0,8.689635541710323e-14,0.08228875844686603,"[2.5144465822291116e-07,8.966535868934503e-07]",202839,162256,3563,1,True,
ur5e_trajectory_31_k1_f0,ur5e,regular_first_subproblems,1,scalar_early,0,0.5,1,1,,0.08228875844686603,,False,True,False,task_feasible_early,0.08228908105133037,0.0,8.689635541710323e-14,0.08228875844686603,"[2.5144465822291116e-07,8.966535868934503e-07]",203359,165140,3699,1,True,
ur5e_trajectory_31_k1_f21,ur5e,regular_first_subproblems,1,scalar_early,1,0.5,1,1,,0.07883421808936346,,False,True,False,task_feasible_early,0.07883422571318946,0.0,1.8471205239398935e-14,0.07883421808936346,"[4.7757562061255275e-08,6.300521405684525e-08]",214052,174153,4267,1,True,
ur5e_trajectory_31_k1_f21,ur5e,regular_first_subproblems,1,scalar_early,3,0.5,1,1,,0.07883421808936346,,False,True,False,task_feasible_early,0.07883422571318946,0.0,1.8471205239398935e-14,0.07883421808936346,"[4.7757562061255275e-08,6.300521405684525e-08]",196665,158026,3882,1,True,
ur5e_trajectory_31_k1_f21,ur5e,regular_first_subproblems,1,scalar_early,4,0.5,1,1,,0.07883421808936346,,False,True,False,task_feasible_early,0.07883422571318946,0.0,1.8471205239398935e-14,0.07883421808936346,"[4.7757562061255275e-08,6.300521405684525e-08]",188822,151153,3518,1,True,
ur5e_trajectory_31_k1_f21,ur5e,regular_first_subproblems,1,scalar_early,2,0.5,1,1,,0.07883421808936346,,False,True,False,task_feasible_early,0.07883422571318946,0.0,1.8471205239398935e-14,0.07883421808936346,"[4.7757562061255275e-08,6.300521405684525e-08]",193299,156162,3618,1,True,
ur5e_trajectory_31_k1_f21,ur5e,regular_first_subproblems,1,scalar_early,0,0.5,1,1,,0.07883421808936346,,False,True,False,task_feasible_early,0.07883422571318946,0.0,1.8471205239398935e-14,0.07883421808936346,"[4.7757562061255275e-08,6.300521405684525e-08]",209704,171145,3573,1,True,
ur5e_trajectory_31_k1_f42,ur5e,regular_first_subproblems,1,scalar_early,1,0.5,1,1,,0.08255800899546256,,False,True,False,task_feasible_early,0.08255801929496785,0.0,5.695433295429594e-14,0.08255800899546256,"[1.8320953164361834e-08,3.8919963739471726e-08]",195871,156507,3661,1,True,
ur5e_trajectory_31_k1_f42,ur5e,regular_first_subproblems,1,scalar_early,0,0.5,1,1,,0.08255800899546256,,False,True,False,task_feasible_early,0.08255801929496785,0.0,5.695433295429594e-14,0.08255800899546256,"[1.8320953164361834e-08,3.8919963739471726e-08]",204931,165617,3926,1,True,
ur5e_trajectory_31_k1_f42,ur5e,regular_first_subproblems,1,scalar_early,2,0.5,1,1,,0.08255800899546256,,False,True,False,task_feasible_early,0.08255801929496785,0.0,5.695433295429594e-14,0.08255800899546256,"[1.8320953164361834e-08,3.8919963739471726e-08]",194987,157079,3509,1,True,
ur5e_trajectory_31_k1_f42,ur5e,regular_first_subproblems,1,scalar_early,3,0.5,1,1,,0.08255800899546256,,False,True,False,task_feasible_early,0.08255801929496785,0.0,5.695433295429594e-14,0.08255800899546256,"[1.8320953164361834e-08,3.8919963739471726e-08]",189742,152404,3626,1,True,
ur5e_trajectory_31_k1_f42,ur5e,regular_first_subproblems,1,scalar_early,4,0.5,1,1,,0.08255800899546256,,False,True,False,task_feasible_early,0.08255801929496785,0.0,5.695433295429594e-14,0.08255800899546256,"[1.8320953164361834e-08,3.8919963739471726e-08]",200443,161629,3814,1,True,
ur5e_trajectory_31_k1_f63,ur5e,regular_first_subproblems,1,scalar_early,0,0.5,1,1,,0.07513600792302821,,False,True,False,task_feasible_early,0.07513604381223403,0.0,1.1807095289301988e-13,0.07513600792302821,"[1.9590990563738503e-08,9.136940220128668e-08]",188331,150981,3676,1,True,
ur5e_trajectory_31_k1_f63,ur5e,regular_first_subproblems,1,scalar_early,3,0.5,1,1,,0.07513600792302821,,False,True,False,task_feasible_early,0.07513604381223403,0.0,1.1807095289301988e-13,0.07513600792302821,"[1.9590990563738503e-08,9.136940220128668e-08]",219564,179241,3576,1,True,
ur5e_trajectory_31_k1_f63,ur5e,regular_first_subproblems,1,scalar_early,4,0.5,1,1,,0.07513600792302821,,False,True,False,task_feasible_early,0.07513604381223403,0.0,1.1807095289301988e-13,0.07513600792302821,"[1.9590990563738503e-08,9.136940220128668e-08]",204826,165912,3437,1,True,
ur5e_trajectory_31_k1_f63,ur5e,regular_first_subproblems,1,scalar_early,1,0.5,1,1,,0.07513600792302821,,False,True,False,task_feasible_early,0.07513604381223403,0.0,1.1807095289301988e-13,0.07513600792302821,"[1.9590990563738503e-08,9.136940220128668e-08]",184600,147381,3528,1,True,
ur5e_trajectory_31_k1_f63,ur5e,regular_first_subproblems,1,scalar_early,2,0.5,1,1,,0.07513600792302821,,False,True,False,task_feasible_early,0.07513604381223403,0.0,1.1807095289301988e-13,0.07513600792302821,"[1.9590990563738503e-08,9.136940220128668e-08]",202871,164467,3538,1,True,
ur5e_trajectory_31_k1_f85,ur5e,regular_first_subproblems,1,scalar_early,2,0.5,1,1,,0.07639377785916691,,False,True,False,task_feasible_early,0.07639379360457808,0.0,7.007609531788139e-14,0.07639377785916691,"[2.6620721716415333e-08,5.811154405833627e-08]",209617,170753,3849,1,True,
ur5e_trajectory_31_k1_f85,ur5e,regular_first_subproblems,1,scalar_early,0,0.5,1,1,,0.07639377785916691,,False,True,False,task_feasible_early,0.07639379360457808,0.0,7.007609531788139e-14,0.07639377785916691,"[2.6620721716415333e-08,5.811154405833627e-08]",195887,155940,3629,1,True,
ur5e_trajectory_31_k1_f85,ur5e,regular_first_subproblems,1,scalar_early,3,0.5,1,1,,0.07639377785916691,,False,True,False,task_feasible_early,0.07639379360457808,0.0,7.007609531788139e-14,0.07639377785916691,"[2.6620721716415333e-08,5.811154405833627e-08]",199953,161132,3341,1,True,
ur5e_trajectory_31_k1_f85,ur5e,regular_first_subproblems,1,scalar_early,4,0.5,1,1,,0.07639377785916691,,False,True,False,task_feasible_early,0.07639379360457808,0.0,7.007609531788139e-14,0.07639377785916691,"[2.6620721716415333e-08,5.811154405833627e-08]",191301,154211,3534,1,True,
ur5e_trajectory_31_k1_f85,ur5e,regular_first_subproblems,1,scalar_early,1,0.5,1,1,,0.07639377785916691,,False,True,False,task_feasible_early,0.07639379360457808,0.0,7.007609531788139e-14,0.07639377785916691,"[2.6620721716415333e-08,5.811154405833627e-08]",195111,158317,3535,1,True,
ur5e_trajectory_31_k1_f106,ur5e,regular_first_subproblems,1,scalar_early,0,0.5,1,1,,0.0734752333099385,,False,True,False,task_feasible_early,0.0734752883118427,0.0,6.39735130838272e-14,0.0734752333099385,"[2.2286573967639625e-08,1.3229038237010605e-07]",219118,178648,3466,1,True,
ur5e_trajectory_31_k1_f106,ur5e,regular_first_subproblems,1,scalar_early,1,0.5,1,1,,0.0734752333099385,,False,True,False,task_feasible_early,0.0734752883118427,0.0,6.39735130838272e-14,0.0734752333099385,"[2.2286573967639625e-08,1.3229038237010605e-07]",196523,158311,3857,1,True,
ur5e_trajectory_31_k1_f106,ur5e,regular_first_subproblems,1,scalar_early,3,0.5,1,1,,0.0734752333099385,,False,True,False,task_feasible_early,0.0734752883118427,0.0,6.39735130838272e-14,0.0734752333099385,"[2.2286573967639625e-08,1.3229038237010605e-07]",205092,164109,3604,1,True,
ur5e_trajectory_31_k1_f106,ur5e,regular_first_subproblems,1,scalar_early,4,0.5,1,1,,0.0734752333099385,,False,True,False,task_feasible_early,0.0734752883118427,0.0,6.39735130838272e-14,0.0734752333099385,"[2.2286573967639625e-08,1.3229038237010605e-07]",191782,153502,3546,1,True,
ur5e_trajectory_31_k1_f106,ur5e,regular_first_subproblems,1,scalar_early,2,0.5,1,1,,0.0734752333099385,,False,True,False,task_feasible_early,0.0734752883118427,0.0,6.39735130838272e-14,0.0734752333099385,"[2.2286573967639625e-08,1.3229038237010605e-07]",198045,156393,5094,1,True,
ur5e_trajectory_31_k1_f127,ur5e,regular_first_subproblems,1,scalar_early,1,0.5,1,1,,0.07591101363489089,,False,True,False,task_feasible_early,0.07591101394724224,0.0,3.0227440240156574e-14,0.07591101363489089,"[6.088831675653755e-08,6.026361403068683e-08]",199583,160809,4011,1,True,
ur5e_trajectory_31_k1_f127,ur5e,regular_first_subproblems,1,scalar_early,3,0.5,1,1,,0.07591101363489089,,False,True,False,task_feasible_early,0.07591101394724224,0.0,3.0227440240156574e-14,0.07591101363489089,"[6.088831675653755e-08,6.026361403068683e-08]",195741,157238,3597,1,True,
ur5e_trajectory_31_k1_f127,ur5e,regular_first_subproblems,1,scalar_early,0,0.5,1,1,,0.07591101363489089,,False,True,False,task_feasible_early,0.07591101394724224,0.0,3.0227440240156574e-14,0.07591101363489089,"[6.088831675653755e-08,6.026361403068683e-08]",195562,157313,3618,1,True,
ur5e_trajectory_31_k1_f127,ur5e,regular_first_subproblems,1,scalar_early,4,0.5,1,1,,0.07591101363489089,,False,True,False,task_feasible_early,0.07591101394724224,0.0,3.0227440240156574e-14,0.07591101363489089,"[6.088831675653755e-08,6.026361403068683e-08]",194233,152446,3661,1,True,
ur5e_trajectory_31_k1_f127,ur5e,regular_first_subproblems,1,scalar_early,2,0.5,1,1,,0.07591101363489089,,False,True,False,task_feasible_early,0.07591101394724224,0.0,3.0227440240156574e-14,0.07591101363489089,"[6.088831675653755e-08,6.026361403068683e-08]",197140,158836,3579,1,True,
ur5e_trajectory_31_k1_f149,ur5e,regular_first_subproblems,1,scalar_early,1,0.5,1,1,,0.08191760419516395,,False,True,False,task_feasible_early,0.08191787076462265,0.0,8.182818196389278e-14,0.08191760419516395,"[3.0881551754565595e-07,8.419544349651225e-07]",227648,185532,3654,1,True,
ur5e_trajectory_31_k1_f149,ur5e,regular_first_subproblems,1,scalar_early,4,0.5,1,1,,0.08191760419516395,,False,True,False,task_feasible_early,0.08191787076462265,0.0,8.182818196389278e-14,0.08191760419516395,"[3.0881551754565595e-07,8.419544349651225e-07]",201670,160190,3968,1,True,
ur5e_trajectory_31_k1_f149,ur5e,regular_first_subproblems,1,scalar_early,2,0.5,1,1,,0.08191760419516395,,False,True,False,task_feasible_early,0.08191787076462265,0.0,8.182818196389278e-14,0.08191760419516395,"[3.0881551754565595e-07,8.419544349651225e-07]",207822,169025,3830,1,True,
ur5e_trajectory_31_k1_f149,ur5e,regular_first_subproblems,1,scalar_early,0,0.5,1,1,,0.08191760419516395,,False,True,False,task_feasible_early,0.08191787076462265,0.0,8.182818196389278e-14,0.08191760419516395,"[3.0881551754565595e-07,8.419544349651225e-07]",208586,167599,3715,1,True,
ur5e_trajectory_31_k1_f149,ur5e,regular_first_subproblems,1,scalar_early,3,0.5,1,1,,0.08191760419516395,,False,True,False,task_feasible_early,0.08191787076462265,0.0,8.182818196389278e-14,0.08191760419516395,"[3.0881551754565595e-07,8.419544349651225e-07]",191634,154157,3866,1,True,
ur5e_trajectory_20_k0_f0,ur5e,regular_first_subproblems,0,scalar_early,1,0.5,1,1,,0.0003012724542505997,,False,True,False,task_feasible_early,0.00030131309782751464,0.0,6.5532883104768e-14,0.0003012724542505997,"[8.042160354105828e-09,8.932931418392133e-08]",191758,153745,3677,1,True,
ur5e_trajectory_20_k0_f0,ur5e,regular_first_subproblems,0,scalar_early,0,0.5,1,1,,0.0003012724542505997,,False,True,False,task_feasible_early,0.00030131309782751464,0.0,6.5532883104768e-14,0.0003012724542505997,"[8.042160354105828e-09,8.932931418392133e-08]",190660,151488,3693,1,True,
ur5e_trajectory_20_k0_f0,ur5e,regular_first_subproblems,0,scalar_early,3,0.5,1,1,,0.0003012724542505997,,False,True,False,task_feasible_early,0.00030131309782751464,0.0,6.5532883104768e-14,0.0003012724542505997,"[8.042160354105828e-09,8.932931418392133e-08]",215465,175660,3672,1,True,
ur5e_trajectory_20_k0_f0,ur5e,regular_first_subproblems,0,scalar_early,4,0.5,1,1,,0.0003012724542505997,,False,True,False,task_feasible_early,0.00030131309782751464,0.0,6.5532883104768e-14,0.0003012724542505997,"[8.042160354105828e-09,8.932931418392133e-08]",197678,159241,3845,1,True,
ur5e_trajectory_20_k0_f0,ur5e,regular_first_subproblems,0,scalar_early,2,0.5,1,1,,0.0003012724542505997,,False,True,False,task_feasible_early,0.00030131309782751464,0.0,6.5532883104768e-14,0.0003012724542505997,"[8.042160354105828e-09,8.932931418392133e-08]",202991,164244,3455,1,True,
ur5e_trajectory_20_k0_f21,ur5e,regular_first_subproblems,0,scalar_early,4,0.5,1,1,,0.0003933173629655364,,False,True,False,task_feasible_early,0.00040910780462238134,0.0,0.0,0.0003933173629655364,"[1.433599252852944e-06,3.30144825665429e-05]",188409,151539,3596,1,True,
ur5e_trajectory_20_k0_f21,ur5e,regular_first_subproblems,0,scalar_early,0,0.5,1,1,,0.0003933173629655364,,False,True,False,task_feasible_early,0.00040910780462238134,0.0,0.0,0.0003933173629655364,"[1.433599252852944e-06,3.30144825665429e-05]",191144,152377,3879,1,True,
ur5e_trajectory_20_k0_f21,ur5e,regular_first_subproblems,0,scalar_early,1,0.5,1,1,,0.0003933173629655364,,False,True,False,task_feasible_early,0.00040910780462238134,0.0,0.0,0.0003933173629655364,"[1.433599252852944e-06,3.30144825665429e-05]",200950,162961,3491,1,True,
ur5e_trajectory_20_k0_f21,ur5e,regular_first_subproblems,0,scalar_early,2,0.5,1,1,,0.0003933173629655364,,False,True,False,task_feasible_early,0.00040910780462238134,0.0,0.0,0.0003933173629655364,"[1.433599252852944e-06,3.30144825665429e-05]",210702,172048,3592,1,True,
ur5e_trajectory_20_k0_f21,ur5e,regular_first_subproblems,0,scalar_early,3,0.5,1,1,,0.0003933173629655364,,False,True,False,task_feasible_early,0.00040910780462238134,0.0,0.0,0.0003933173629655364,"[1.433599252852944e-06,3.30144825665429e-05]",198918,160405,3857,1,True,
ur5e_trajectory_20_k0_f42,ur5e,regular_first_subproblems,0,scalar_early,3,0.5,1,1,,0.00040086400536754876,,False,True,False,task_feasible_early,0.0004018467437607889,0.0,2.0116800053149086e-14,0.00040086400536754876,"[9.154753862068298e-08,2.05702432510091e-06]",205022,163928,4108,1,True,
ur5e_trajectory_20_k0_f42,ur5e,regular_first_subproblems,0,scalar_early,4,0.5,1,1,,0.00040086400536754876,,False,True,False,task_feasible_early,0.0004018467437607889,0.0,2.0116800053149086e-14,0.00040086400536754876,"[9.154753862068298e-08,2.05702432510091e-06]",207221,167161,3729,1,True,
ur5e_trajectory_20_k0_f42,ur5e,regular_first_subproblems,0,scalar_early,2,0.5,1,1,,0.00040086400536754876,,False,True,False,task_feasible_early,0.0004018467437607889,0.0,2.0116800053149086e-14,0.00040086400536754876,"[9.154753862068298e-08,2.05702432510091e-06]",215442,174823,4143,1,True,
ur5e_trajectory_20_k0_f42,ur5e,regular_first_subproblems,0,scalar_early,1,0.5,1,1,,0.00040086400536754876,,False,True,False,task_feasible_early,0.0004018467437607889,0.0,2.0116800053149086e-14,0.00040086400536754876,"[9.154753862068298e-08,2.05702432510091e-06]",199173,159194,4300,1,True,
ur5e_trajectory_20_k0_f42,ur5e,regular_first_subproblems,0,scalar_early,0,0.5,1,1,,0.00040086400536754876,,False,True,False,task_feasible_early,0.0004018467437607889,0.0,2.0116800053149086e-14,0.00040086400536754876,"[9.154753862068298e-08,2.05702432510091e-06]",204734,164690,3844,1,True,
ur5e_trajectory_20_k0_f63,ur5e,regular_first_subproblems,0,scalar_early,4,0.5,1,1,,0.00031108501124101735,,False,True,False,task_feasible_early,0.0003111914526619197,0.0,1.0395861869767154e-14,0.00031108501124101735,"[7.124556650495598e-09,2.200073984552691e-07]",192447,154509,3795,1,True,
ur5e_trajectory_20_k0_f63,ur5e,regular_first_subproblems,0,scalar_early,1,0.5,1,1,,0.00031108501124101735,,False,True,False,task_feasible_early,0.0003111914526619197,0.0,1.0395861869767154e-14,0.00031108501124101735,"[7.124556650495598e-09,2.200073984552691e-07]",210845,169067,3526,1,True,
ur5e_trajectory_20_k0_f63,ur5e,regular_first_subproblems,0,scalar_early,2,0.5,1,1,,0.00031108501124101735,,False,True,False,task_feasible_early,0.0003111914526619197,0.0,1.0395861869767154e-14,0.00031108501124101735,"[7.124556650495598e-09,2.200073984552691e-07]",197025,157950,3819,1,True,
ur5e_trajectory_20_k0_f63,ur5e,regular_first_subproblems,0,scalar_early,0,0.5,1,1,,0.00031108501124101735,,False,True,False,task_feasible_early,0.0003111914526619197,0.0,1.0395861869767154e-14,0.00031108501124101735,"[7.124556650495598e-09,2.200073984552691e-07]",201993,162295,4148,1,True,
ur5e_trajectory_20_k0_f63,ur5e,regular_first_subproblems,0,scalar_early,3,0.5,1,1,,0.00031108501124101735,,False,True,False,task_feasible_early,0.0003111914526619197,0.0,1.0395861869767154e-14,0.00031108501124101735,"[7.124556650495598e-09,2.200073984552691e-07]",194289,156318,3822,1,True,
ur5e_trajectory_20_k0_f85,ur5e,regular_first_subproblems,0,scalar_early,1,0.5,1,1,,0.0003353232201759126,,False,True,False,task_feasible_early,0.00033535403227126194,0.0,5.880787539512812e-14,0.0003353232201759126,"[1.0790630496180882e-08,7.241482119488328e-08]",194921,155227,3515,1,True,
ur5e_trajectory_20_k0_f85,ur5e,regular_first_subproblems,0,scalar_early,3,0.5,1,1,,0.0003353232201759126,,False,True,False,task_feasible_early,0.00033535403227126194,0.0,5.880787539512812e-14,0.0003353232201759126,"[1.0790630496180882e-08,7.241482119488328e-08]",216852,176688,3885,1,True,
ur5e_trajectory_20_k0_f85,ur5e,regular_first_subproblems,0,scalar_early,0,0.5,1,1,,0.0003353232201759126,,False,True,False,task_feasible_early,0.00033535403227126194,0.0,5.880787539512812e-14,0.0003353232201759126,"[1.0790630496180882e-08,7.241482119488328e-08]",203385,162458,5958,1,True,
ur5e_trajectory_20_k0_f85,ur5e,regular_first_subproblems,0,scalar_early,2,0.5,1,1,,0.0003353232201759126,,False,True,False,task_feasible_early,0.00033535403227126194,0.0,5.880787539512812e-14,0.0003353232201759126,"[1.0790630496180882e-08,7.241482119488328e-08]",200616,161097,3670,1,True,
ur5e_trajectory_20_k0_f85,ur5e,regular_first_subproblems,0,scalar_early,4,0.5,1,1,,0.0003353232201759126,,False,True,False,task_feasible_early,0.00033535403227126194,0.0,5.880787539512812e-14,0.0003353232201759126,"[1.0790630496180882e-08,7.241482119488328e-08]",190513,153364,3575,1,True,
ur5e_trajectory_20_k0_f106,ur5e,regular_first_subproblems,0,scalar_early,2,0.5,1,1,,0.0004131561775102228,,False,True,False,task_feasible_early,0.0004140333408891815,0.0,4.9259883723571986e-14,0.0004131561775102228,"[5.360434902922967e-08,1.8079311069466492e-06]",188774,150593,3714,1,True,
ur5e_trajectory_20_k0_f106,ur5e,regular_first_subproblems,0,scalar_early,3,0.5,1,1,,0.0004131561775102228,,False,True,False,task_feasible_early,0.0004140333408891815,0.0,4.9259883723571986e-14,0.0004131561775102228,"[5.360434902922967e-08,1.8079311069466492e-06]",217467,177659,3953,1,True,
ur5e_trajectory_20_k0_f106,ur5e,regular_first_subproblems,0,scalar_early,1,0.5,1,1,,0.0004131561775102228,,False,True,False,task_feasible_early,0.0004140333408891815,0.0,4.9259883723571986e-14,0.0004131561775102228,"[5.360434902922967e-08,1.8079311069466492e-06]",191872,153683,3793,1,True,
ur5e_trajectory_20_k0_f106,ur5e,regular_first_subproblems,0,scalar_early,0,0.5,1,1,,0.0004131561775102228,,False,True,False,task_feasible_early,0.0004140333408891815,0.0,4.9259883723571986e-14,0.0004131561775102228,"[5.360434902922967e-08,1.8079311069466492e-06]",201170,162920,3672,1,True,
ur5e_trajectory_20_k0_f106,ur5e,regular_first_subproblems,0,scalar_early,4,0.5,1,1,,0.0004131561775102228,,False,True,False,task_feasible_early,0.0004140333408891815,0.0,4.9259883723571986e-14,0.0004131561775102228,"[5.360434902922967e-08,1.8079311069466492e-06]",192436,154244,3637,1,True,
ur5e_trajectory_20_k0_f127,ur5e,regular_first_subproblems,0,scalar_early,2,0.5,1,1,,0.0003737058128426147,,False,True,False,task_feasible_early,0.0003867713474987028,0.0,4.3293573550876165e-14,0.0003737058128426147,"[5.201343860023614e-07,2.6651203698178448e-05]",232049,187709,4304,1,True,
ur5e_trajectory_20_k0_f127,ur5e,regular_first_subproblems,0,scalar_early,3,0.5,1,1,,0.0003737058128426147,,False,True,False,task_feasible_early,0.0003867713474987028,0.0,4.3293573550876165e-14,0.0003737058128426147,"[5.201343860023614e-07,2.6651203698178448e-05]",201145,162180,3662,1,True,
ur5e_trajectory_20_k0_f127,ur5e,regular_first_subproblems,0,scalar_early,0,0.5,1,1,,0.0003737058128426147,,False,True,False,task_feasible_early,0.0003867713474987028,0.0,4.3293573550876165e-14,0.0003737058128426147,"[5.201343860023614e-07,2.6651203698178448e-05]",205778,163880,3854,1,True,
ur5e_trajectory_20_k0_f127,ur5e,regular_first_subproblems,0,scalar_early,4,0.5,1,1,,0.0003737058128426147,,False,True,False,task_feasible_early,0.0003867713474987028,0.0,4.3293573550876165e-14,0.0003737058128426147,"[5.201343860023614e-07,2.6651203698178448e-05]",209369,169027,3486,1,True,
ur5e_trajectory_20_k0_f127,ur5e,regular_first_subproblems,0,scalar_early,1,0.5,1,1,,0.0003737058128426147,,False,True,False,task_feasible_early,0.0003867713474987028,0.0,4.3293573550876165e-14,0.0003737058128426147,"[5.201343860023614e-07,2.6651203698178448e-05]",197404,158617,4196,1,True,
ur5e_trajectory_20_k0_f149,ur5e,regular_first_subproblems,0,scalar_early,1,0.5,1,1,,0.0003009500273277653,,False,True,False,task_feasible_early,0.0003010508044169662,0.0,8.644125458514252e-14,0.0003009500273277653,"[1.17525378527452e-08,2.133067162546172e-07]",217877,177640,4066,1,True,
ur5e_trajectory_20_k0_f149,ur5e,regular_first_subproblems,0,scalar_early,4,0.5,1,1,,0.0003009500273277653,,False,True,False,task_feasible_early,0.0003010508044169662,0.0,8.644125458514252e-14,0.0003009500273277653,"[1.17525378527452e-08,2.133067162546172e-07]",200483,162367,3673,1,True,
ur5e_trajectory_20_k0_f149,ur5e,regular_first_subproblems,0,scalar_early,0,0.5,1,1,,0.0003009500273277653,,False,True,False,task_feasible_early,0.0003010508044169662,0.0,8.644125458514252e-14,0.0003009500273277653,"[1.17525378527452e-08,2.133067162546172e-07]",189324,151989,3820,1,True,
ur5e_trajectory_20_k0_f149,ur5e,regular_first_subproblems,0,scalar_early,2,0.5,1,1,,0.0003009500273277653,,False,True,False,task_feasible_early,0.0003010508044169662,0.0,8.644125458514252e-14,0.0003009500273277653,"[1.17525378527452e-08,2.133067162546172e-07]",197762,160500,3658,1,True,
ur5e_trajectory_20_k0_f149,ur5e,regular_first_subproblems,0,scalar_early,3,0.5,1,1,,0.0003009500273277653,,False,True,False,task_feasible_early,0.0003010508044169662,0.0,8.644125458514252e-14,0.0003009500273277653,"[1.17525378527452e-08,2.133067162546172e-07]",198375,157987,3452,1,True,
ur5e_trajectory_20_k1_f0,ur5e,regular_first_subproblems,1,scalar_early,2,0.5,1,1,,0.18694552082698265,,False,True,False,task_feasible_early,0.1869474370357557,0.0,6.550880341146756e-14,0.18694552082698265,"[1.447869181132091e-07,3.977204464251131e-06]",190957,153660,3582,1,True,
ur5e_trajectory_20_k1_f0,ur5e,regular_first_subproblems,1,scalar_early,1,0.5,1,1,,0.18694552082698265,,False,True,False,task_feasible_early,0.1869474370357557,0.0,6.550880341146756e-14,0.18694552082698265,"[1.447869181132091e-07,3.977204464251131e-06]",190003,152042,3765,1,True,
ur5e_trajectory_20_k1_f0,ur5e,regular_first_subproblems,1,scalar_early,3,0.5,1,1,,0.18694552082698265,,False,True,False,task_feasible_early,0.1869474370357557,0.0,6.550880341146756e-14,0.18694552082698265,"[1.447869181132091e-07,3.977204464251131e-06]",202751,163951,3840,1,True,
ur5e_trajectory_20_k1_f0,ur5e,regular_first_subproblems,1,scalar_early,0,0.5,1,1,,0.18694552082698265,,False,True,False,task_feasible_early,0.1869474370357557,0.0,6.550880341146756e-14,0.18694552082698265,"[1.447869181132091e-07,3.977204464251131e-06]",201622,158860,4029,1,True,
ur5e_trajectory_20_k1_f0,ur5e,regular_first_subproblems,1,scalar_early,4,0.5,1,1,,0.18694552082698265,,False,True,False,task_feasible_early,0.1869474370357557,0.0,6.550880341146756e-14,0.18694552082698265,"[1.447869181132091e-07,3.977204464251131e-06]",203695,165656,3682,1,True,
ur5e_trajectory_20_k1_f21,ur5e,regular_first_subproblems,1,scalar_early,1,0.5,1,1,,0.19991468833383977,,False,True,False,task_feasible_early,0.20004815415737928,0.0,6.473352399285872e-14,0.19991468833383977,"[1.1874384784665046e-05,0.0002788060318636941]",192356,154422,3686,1,True,
ur5e_trajectory_20_k1_f21,ur5e,regular_first_subproblems,1,scalar_early,3,0.5,1,1,,0.19991468833383977,,False,True,False,task_feasible_early,0.20004815415737928,0.0,6.473352399285872e-14,0.19991468833383977,"[1.1874384784665046e-05,0.0002788060318636941]",210610,170558,3854,1,True,
ur5e_trajectory_20_k1_f21,ur5e,regular_first_subproblems,1,scalar_early,2,0.5,1,1,,0.19991468833383977,,False,True,False,task_feasible_early,0.20004815415737928,0.0,6.473352399285872e-14,0.19991468833383977,"[1.1874384784665046e-05,0.0002788060318636941]",196701,155489,3868,1,True,
ur5e_trajectory_20_k1_f21,ur5e,regular_first_subproblems,1,scalar_early,4,0.5,1,1,,0.19991468833383977,,False,True,False,task_feasible_early,0.20004815415737928,0.0,6.473352399285872e-14,0.19991468833383977,"[1.1874384784665046e-05,0.0002788060318636941]",205922,165033,3850,1,True,
ur5e_trajectory_20_k1_f21,ur5e,regular_first_subproblems,1,scalar_early,0,0.5,1,1,,0.19991468833383977,,False,True,False,task_feasible_early,0.20004815415737928,0.0,6.473352399285872e-14,0.19991468833383977,"[1.1874384784665046e-05,0.0002788060318636941]",204472,165738,3780,1,True,
ur5e_trajectory_20_k1_f42,ur5e,regular_first_subproblems,1,scalar_early,0,0.5,1,1,,0.21902745516717959,,False,True,False,task_feasible_early,0.219033515139475,0.0,2.2275401441590598e-14,0.21902745516717959,"[7.809649852692368e-07,1.2900909576103792e-05]",199834,161034,3999,1,True,
ur5e_trajectory_20_k1_f42,ur5e,regular_first_subproblems,1,scalar_early,3,0.5,1,1,,0.21902745516717959,,False,True,False,task_feasible_early,0.219033515139475,0.0,2.2275401441590598e-14,0.21902745516717959,"[7.809649852692368e-07,1.2900909576103792e-05]",212658,172238,4416,1,True,
ur5e_trajectory_20_k1_f42,ur5e,regular_first_subproblems,1,scalar_early,2,0.5,1,1,,0.21902745516717959,,False,True,False,task_feasible_early,0.219033515139475,0.0,2.2275401441590598e-14,0.21902745516717959,"[7.809649852692368e-07,1.2900909576103792e-05]",201043,162452,3845,1,True,
ur5e_trajectory_20_k1_f42,ur5e,regular_first_subproblems,1,scalar_early,4,0.5,1,1,,0.21902745516717959,,False,True,False,task_feasible_early,0.219033515139475,0.0,2.2275401441590598e-14,0.21902745516717959,"[7.809649852692368e-07,1.2900909576103792e-05]",207982,166803,3848,1,True,
ur5e_trajectory_20_k1_f42,ur5e,regular_first_subproblems,1,scalar_early,1,0.5,1,1,,0.21902745516717959,,False,True,False,task_feasible_early,0.219033515139475,0.0,2.2275401441590598e-14,0.21902745516717959,"[7.809649852692368e-07,1.2900909576103792e-05]",194301,156038,3672,1,True,
ur5e_trajectory_20_k1_f63,ur5e,regular_first_subproblems,1,scalar_early,1,0.5,1,1,,0.22948700905153563,,False,True,False,task_feasible_early,0.2294884336419097,0.0,4.0351070721557915e-14,0.22948700905153563,"[2.0633751356942702e-07,3.0555182617542086e-06]",191573,153893,3677,1,True,
ur5e_trajectory_20_k1_f63,ur5e,regular_first_subproblems,1,scalar_early,2,0.5,1,1,,0.22948700905153563,,False,True,False,task_feasible_early,0.2294884336419097,0.0,4.0351070721557915e-14,0.22948700905153563,"[2.0633751356942702e-07,3.0555182617542086e-06]",210437,168687,3766,1,True,
ur5e_trajectory_20_k1_f63,ur5e,regular_first_subproblems,1,scalar_early,4,0.5,1,1,,0.22948700905153563,,False,True,False,task_feasible_early,0.2294884336419097,0.0,4.0351070721557915e-14,0.22948700905153563,"[2.0633751356942702e-07,3.0555182617542086e-06]",199092,160264,4094,1,True,
ur5e_trajectory_20_k1_f63,ur5e,regular_first_subproblems,1,scalar_early,0,0.5,1,1,,0.22948700905153563,,False,True,False,task_feasible_early,0.2294884336419097,0.0,4.0351070721557915e-14,0.22948700905153563,"[2.0633751356942702e-07,3.0555182617542086e-06]",201755,161537,4159,1,True,
ur5e_trajectory_20_k1_f63,ur5e,regular_first_subproblems,1,scalar_early,3,0.5,1,1,,0.22948700905153563,,False,True,False,task_feasible_early,0.2294884336419097,0.0,4.0351070721557915e-14,0.22948700905153563,"[2.0633751356942702e-07,3.0555182617542086e-06]",199177,159491,3855,1,True,
ur5e_trajectory_20_k1_f85,ur5e,regular_first_subproblems,1,scalar_early,0,0.5,1,1,,0.22284786041680243,,False,True,False,task_feasible_early,0.22284833591545067,0.0,1.27316589180206e-13,0.22284786041680243,"[6.859335410253987e-08,1.0195906505655198e-06]",202202,162696,3931,1,True,
ur5e_trajectory_20_k1_f85,ur5e,regular_first_subproblems,1,scalar_early,4,0.5,1,1,,0.22284786041680243,,False,True,False,task_feasible_early,0.22284833591545067,0.0,1.27316589180206e-13,0.22284786041680243,"[6.859335410253987e-08,1.0195906505655198e-06]",191221,153619,3514,1,True,
ur5e_trajectory_20_k1_f85,ur5e,regular_first_subproblems,1,scalar_early,1,0.5,1,1,,0.22284786041680243,,False,True,False,task_feasible_early,0.22284833591545067,0.0,1.27316589180206e-13,0.22284786041680243,"[6.859335410253987e-08,1.0195906505655198e-06]",205971,166559,4077,1,True,
ur5e_trajectory_20_k1_f85,ur5e,regular_first_subproblems,1,scalar_early,2,0.5,1,1,,0.22284786041680243,,False,True,False,task_feasible_early,0.22284833591545067,0.0,1.27316589180206e-13,0.22284786041680243,"[6.859335410253987e-08,1.0195906505655198e-06]",206943,164756,3667,1,True,
ur5e_trajectory_20_k1_f85,ur5e,regular_first_subproblems,1,scalar_early,3,0.5,1,1,,0.22284786041680243,,False,True,False,task_feasible_early,0.22284833591545067,0.0,1.27316589180206e-13,0.22284786041680243,"[6.859335410253987e-08,1.0195906505655198e-06]",192960,154878,3890,1,True,
ur5e_trajectory_20_k1_f106,ur5e,regular_first_subproblems,1,scalar_early,4,0.5,1,1,,0.205314275248274,,False,True,False,task_feasible_early,0.20531462811577403,0.0,4.085620730620576e-14,0.205314275248274,"[3.766883988330464e-08,7.434038399349158e-07]",202085,161937,4191,1,True,
ur5e_trajectory_20_k1_f106,ur5e,regular_first_subproblems,1,scalar_early,2,0.5,1,1,,0.205314275248274,,False,True,False,task_feasible_early,0.20531462811577403,0.0,4.085620730620576e-14,0.205314275248274,"[3.766883988330464e-08,7.434038399349158e-07]",217569,176855,3760,1,True,
ur5e_trajectory_20_k1_f106,ur5e,regular_first_subproblems,1,scalar_early,0,0.5,1,1,,0.205314275248274,,False,True,False,task_feasible_early,0.20531462811577403,0.0,4.085620730620576e-14,0.205314275248274,"[3.766883988330464e-08,7.434038399349158e-07]",198465,158966,3768,1,True,
ur5e_trajectory_20_k1_f106,ur5e,regular_first_subproblems,1,scalar_early,3,0.5,1,1,,0.205314275248274,,False,True,False,task_feasible_early,0.20531462811577403,0.0,4.085620730620576e-14,0.205314275248274,"[3.766883988330464e-08,7.434038399349158e-07]",194115,154762,5462,1,True,
ur5e_trajectory_20_k1_f106,ur5e,regular_first_subproblems,1,scalar_early,1,0.5,1,1,,0.205314275248274,,False,True,False,task_feasible_early,0.20531462811577403,0.0,4.085620730620576e-14,0.205314275248274,"[3.766883988330464e-08,7.434038399349158e-07]",198092,159721,3660,1,True,
ur5e_trajectory_20_k1_f127,ur5e,regular_first_subproblems,1,scalar_early,2,0.5,1,1,,0.1895566330274897,,False,True,False,task_feasible_early,0.18956055181025996,0.0,3.241547046942845e-14,0.1895566330274897,"[1.4700364946717012e-07,7.984569190027583e-06]",196935,158793,3878,1,True,
ur5e_trajectory_20_k1_f127,ur5e,regular_first_subproblems,1,scalar_early,3,0.5,1,1,,0.1895566330274897,,False,True,False,task_feasible_early,0.18956055181025996,0.0,3.241547046942845e-14,0.1895566330274897,"[1.4700364946717012e-07,7.984569190027583e-06]",200061,160646,3695,1,True,
ur5e_trajectory_20_k1_f127,ur5e,regular_first_subproblems,1,scalar_early,1,0.5,1,1,,0.1895566330274897,,False,True,False,task_feasible_early,0.18956055181025996,0.0,3.241547046942845e-14,0.1895566330274897,"[1.4700364946717012e-07,7.984569190027583e-06]",199898,159297,3781,1,True,
ur5e_trajectory_20_k1_f127,ur5e,regular_first_subproblems,1,scalar_early,4,0.5,1,1,,0.1895566330274897,,False,True,False,task_feasible_early,0.18956055181025996,0.0,3.241547046942845e-14,0.1895566330274897,"[1.4700364946717012e-07,7.984569190027583e-06]",212591,172045,3777,1,True,
ur5e_trajectory_20_k1_f127,ur5e,regular_first_subproblems,1,scalar_early,0,0.5,1,1,,0.1895566330274897,,False,True,False,task_feasible_early,0.18956055181025996,0.0,3.241547046942845e-14,0.1895566330274897,"[1.4700364946717012e-07,7.984569190027583e-06]",190457,152651,3881,1,True,
ur5e_trajectory_20_k1_f149,ur5e,regular_first_subproblems,1,scalar_early,4,0.5,1,1,,0.1866638384330862,,False,True,False,task_feasible_early,0.18666549050637282,0.0,1.464821375527116e-14,0.1866638384330862,"[1.2607543011158764e-07,3.4302220033685183e-06]",221063,177948,4275,1,True,
ur5e_trajectory_20_k1_f149,ur5e,regular_first_subproblems,1,scalar_early,2,0.5,1,1,,0.1866638384330862,,False,True,False,task_feasible_early,0.18666549050637282,0.0,1.464821375527116e-14,0.1866638384330862,"[1.2607543011158764e-07,3.4302220033685183e-06]",188723,150132,3694,1,True,
ur5e_trajectory_20_k1_f149,ur5e,regular_first_subproblems,1,scalar_early,3,0.5,1,1,,0.1866638384330862,,False,True,False,task_feasible_early,0.18666549050637282,0.0,1.464821375527116e-14,0.1866638384330862,"[1.2607543011158764e-07,3.4302220033685183e-06]",205714,166459,3753,1,True,
ur5e_trajectory_20_k1_f149,ur5e,regular_first_subproblems,1,scalar_early,1,0.5,1,1,,0.1866638384330862,,False,True,False,task_feasible_early,0.18666549050637282,0.0,1.464821375527116e-14,0.1866638384330862,"[1.2607543011158764e-07,3.4302220033685183e-06]",197564,159564,3710,1,True,
ur5e_trajectory_20_k1_f149,ur5e,regular_first_subproblems,1,scalar_early,0,0.5,1,1,,0.1866638384330862,,False,True,False,task_feasible_early,0.18666549050637282,0.0,1.464821375527116e-14,0.1866638384330862,"[1.2607543011158764e-07,3.4302220033685183e-06]",207751,166050,3697,1,True,
ur5e_trajectory_21_k0_f1,ur5e,regular_first_subproblems,0,scalar_early,1,0.5,1,1,,0.000761106261893751,,False,True,False,task_feasible_early,0.000793761241217377,0.0,4.440892098500626e-15,0.000761106261893751,"[8.93246183613792e-05,2.4014659714127274e-05]",211728,171371,4329,1,True,
ur5e_trajectory_21_k0_f1,ur5e,regular_first_subproblems,0,scalar_early,0,0.5,1,1,,0.000761106261893751,,False,True,False,task_feasible_early,0.000793761241217377,0.0,4.440892098500626e-15,0.000761106261893751,"[8.93246183613792e-05,2.4014659714127274e-05]",187751,149112,3677,1,True,
ur5e_trajectory_21_k0_f1,ur5e,regular_first_subproblems,0,scalar_early,3,0.5,1,1,,0.000761106261893751,,False,True,False,task_feasible_early,0.000793761241217377,0.0,4.440892098500626e-15,0.000761106261893751,"[8.93246183613792e-05,2.4014659714127274e-05]",211419,169166,3385,1,True,
ur5e_trajectory_21_k0_f1,ur5e,regular_first_subproblems,0,scalar_early,4,0.5,1,1,,0.000761106261893751,,False,True,False,task_feasible_early,0.000793761241217377,0.0,4.440892098500626e-15,0.000761106261893751,"[8.93246183613792e-05,2.4014659714127274e-05]",189581,151771,3823,1,True,
ur5e_trajectory_21_k0_f1,ur5e,regular_first_subproblems,0,scalar_early,2,0.5,1,1,,0.000761106261893751,,False,True,False,task_feasible_early,0.000793761241217377,0.0,4.440892098500626e-15,0.000761106261893751,"[8.93246183613792e-05,2.4014659714127274e-05]",197003,158158,3893,1,True,
ur5e_trajectory_21_k0_f25,ur5e,regular_first_subproblems,0,scalar_early,3,0.5,1,1,,0.0002144977252773837,,False,True,False,task_feasible_early,0.0002162316246953865,0.0,7.562566735475685e-15,0.0002144977252773837,"[4.288507628691127e-06,8.207087926855642e-07]",206511,168128,3905,1,True,
ur5e_trajectory_21_k0_f25,ur5e,regular_first_subproblems,0,scalar_early,1,0.5,1,1,,0.0002144977252773837,,False,True,False,task_feasible_early,0.0002162316246953865,0.0,7.562566735475685e-15,0.0002144977252773837,"[4.288507628691127e-06,8.207087926855642e-07]",201189,163358,4019,1,True,
ur5e_trajectory_21_k0_f25,ur5e,regular_first_subproblems,0,scalar_early,4,0.5,1,1,,0.0002144977252773837,,False,True,False,task_feasible_early,0.0002162316246953865,0.0,7.562566735475685e-15,0.0002144977252773837,"[4.288507628691127e-06,8.207087926855642e-07]",193217,155089,3842,1,True,
ur5e_trajectory_21_k0_f25,ur5e,regular_first_subproblems,0,scalar_early,0,0.5,1,1,,0.0002144977252773837,,False,True,False,task_feasible_early,0.0002162316246953865,0.0,7.562566735475685e-15,0.0002144977252773837,"[4.288507628691127e-06,8.207087926855642e-07]",194698,155975,3713,1,True,
ur5e_trajectory_21_k0_f25,ur5e,regular_first_subproblems,0,scalar_early,2,0.5,1,1,,0.0002144977252773837,,False,True,False,task_feasible_early,0.0002162316246953865,0.0,7.562566735475685e-15,0.0002144977252773837,"[4.288507628691127e-06,8.207087926855642e-07]",202407,164443,3867,1,True,
ur5e_trajectory_21_k0_f45,ur5e,regular_first_subproblems,0,scalar_early,0,0.5,1,1,,0.0001954094498284574,,False,True,False,task_feasible_early,0.00019559976416624167,0.0,4.351167857633658e-15,0.0001954094498284574,"[4.473136006713014e-07,6.668492510275948e-08]",205566,165577,4036,1,True,
ur5e_trajectory_21_k0_f45,ur5e,regular_first_subproblems,0,scalar_early,3,0.5,1,1,,0.0001954094498284574,,False,True,False,task_feasible_early,0.00019559976416624167,0.0,4.351167857633658e-15,0.0001954094498284574,"[4.473136006713014e-07,6.668492510275948e-08]",193259,153808,3807,1,True,
ur5e_trajectory_21_k0_f45,ur5e,regular_first_subproblems,0,scalar_early,2,0.5,1,1,,0.0001954094498284574,,False,True,False,task_feasible_early,0.00019559976416624167,0.0,4.351167857633658e-15,0.0001954094498284574,"[4.473136006713014e-07,6.668492510275948e-08]",200228,162077,4013,1,True,
ur5e_trajectory_21_k0_f45,ur5e,regular_first_subproblems,0,scalar_early,1,0.5,1,1,,0.0001954094498284574,,False,True,False,task_feasible_early,0.00019559976416624167,0.0,4.351167857633658e-15,0.0001954094498284574,"[4.473136006713014e-07,6.668492510275948e-08]",200581,161493,3479,1,True,
ur5e_trajectory_21_k0_f45,ur5e,regular_first_subproblems,0,scalar_early,4,0.5,1,1,,0.0001954094498284574,,False,True,False,task_feasible_early,0.00019559976416624167,0.0,4.351167857633658e-15,0.0001954094498284574,"[4.473136006713014e-07,6.668492510275948e-08]",206869,166746,3937,1,True,
ur5e_trajectory_21_k0_f66,ur5e,regular_first_subproblems,0,scalar_early,2,0.5,1,1,,0.00018098122098472808,,False,True,False,task_feasible_early,0.00018442606867859787,0.0,1.4708674422151798e-14,0.00018098122098472808,"[7.0525651794626105e-06,1.6286979172299065e-07]",204450,165989,3703,1,True,
ur5e_trajectory_21_k0_f66,ur5e,regular_first_subproblems,0,scalar_early,4,0.5,1,1,,0.00018098122098472808,,False,True,False,task_feasible_early,0.00018442606867859787,0.0,1.4708674422151798e-14,0.00018098122098472808,"[7.0525651794626105e-06,1.6286979172299065e-07]",199129,160123,4075,1,True,
ur5e_trajectory_21_k0_f66,ur5e,regular_first_subproblems,0,scalar_early,0,0.5,1,1,,0.00018098122098472808,,False,True,False,task_feasible_early,0.00018442606867859787,0.0,1.4708674422151798e-14,0.00018098122098472808,"[7.0525651794626105e-06,1.6286979172299065e-07]",203221,162597,4598,1,True,
ur5e_trajectory_21_k0_f66,ur5e,regular_first_subproblems,0,scalar_early,1,0.5,1,1,,0.00018098122098472808,,False,True,False,task_feasible_early,0.00018442606867859787,0.0,1.4708674422151798e-14,0.00018098122098472808,"[7.0525651794626105e-06,1.6286979172299065e-07]",210292,169682,3950,1,True,
ur5e_trajectory_21_k0_f66,ur5e,regular_first_subproblems,0,scalar_early,3,0.5,1,1,,0.00018098122098472808,,False,True,False,task_feasible_early,0.00018442606867859787,0.0,1.4708674422151798e-14,0.00018098122098472808,"[7.0525651794626105e-06,1.6286979172299065e-07]",219329,177792,3919,1,True,
ur5e_trajectory_21_k0_f87,ur5e,regular_first_subproblems,0,scalar_early,2,0.5,1,1,,0.00016297666812859835,,False,True,False,task_feasible_early,0.00019022350023533807,0.0,7.105427357601002e-15,0.00016297666812859835,"[5.7027584366330026e-05,2.5339201528506005e-06]",218025,177622,4141,1,True,
ur5e_trajectory_21_k0_f87,ur5e,regular_first_subproblems,0,scalar_early,1,0.5,1,1,,0.00016297666812859835,,False,True,False,task_feasible_early,0.00019022350023533807,0.0,7.105427357601002e-15,0.00016297666812859835,"[5.7027584366330026e-05,2.5339201528506005e-06]",195349,155000,3844,1,True,
ur5e_trajectory_21_k0_f87,ur5e,regular_first_subproblems,0,scalar_early,4,0.5,1,1,,0.00016297666812859835,,False,True,False,task_feasible_early,0.00019022350023533807,0.0,7.105427357601002e-15,0.00016297666812859835,"[5.7027584366330026e-05,2.5339201528506005e-06]",215989,176718,3529,1,True,
ur5e_trajectory_21_k0_f87,ur5e,regular_first_subproblems,0,scalar_early,3,0.5,1,1,,0.00016297666812859835,,False,True,False,task_feasible_early,0.00019022350023533807,0.0,7.105427357601002e-15,0.00016297666812859835,"[5.7027584366330026e-05,2.5339201528506005e-06]",192747,155019,3886,1,True,
ur5e_trajectory_21_k0_f87,ur5e,regular_first_subproblems,0,scalar_early,0,0.5,1,1,,0.00016297666812859835,,False,True,False,task_feasible_early,0.00019022350023533807,0.0,7.105427357601002e-15,0.00016297666812859835,"[5.7027584366330026e-05,2.5339201528506005e-06]",203286,163365,4381,1,True,
ur5e_trajectory_21_k0_f108,ur5e,regular_first_subproblems,0,scalar_early,3,0.5,1,1,,0.0014714542710240733,,False,True,False,task_feasible_early,0.002249674530559312,0.0,1.5217752116818806e-14,0.0014714542710240733,"[0.0016396370071384,8.319648806792266e-05]",220458,178219,3951,1,True,
ur5e_trajectory_21_k0_f108,ur5e,regular_first_subproblems,0,scalar_early,1,0.5,1,1,,0.0014714542710240733,,False,True,False,task_feasible_early,0.002249674530559312,0.0,1.5217752116818806e-14,0.0014714542710240733,"[0.0016396370071384,8.319648806792266e-05]",199883,160429,4079,1,True,
ur5e_trajectory_21_k0_f108,ur5e,regular_first_subproblems,0,scalar_early,0,0.5,1,1,,0.0014714542710240733,,False,True,False,task_feasible_early,0.002249674530559312,0.0,1.5217752116818806e-14,0.0014714542710240733,"[0.0016396370071384,8.319648806792266e-05]",209374,166652,3981,1,True,
ur5e_trajectory_21_k0_f108,ur5e,regular_first_subproblems,0,scalar_early,4,0.5,1,1,,0.0014714542710240733,,False,True,False,task_feasible_early,0.002249674530559312,0.0,1.5217752116818806e-14,0.0014714542710240733,"[0.0016396370071384,8.319648806792266e-05]",199195,159825,4248,1,True,
ur5e_trajectory_21_k0_f108,ur5e,regular_first_subproblems,0,scalar_early,2,0.5,1,1,,0.0014714542710240733,,False,True,False,task_feasible_early,0.002249674530559312,0.0,1.5217752116818806e-14,0.0014714542710240733,"[0.0016396370071384,8.319648806792266e-05]",193318,154698,3890,1,True,
ur5e_trajectory_21_k0_f128,ur5e,regular_first_subproblems,0,scalar_early,1,0.5,1,1,,0.00019376070870531114,,False,True,False,task_feasible_early,0.0001983599056861514,0.0,8.611209269944328e-15,0.00019376070870531114,"[1.139722421286395e-05,2.19883025118341e-06]",191610,153426,3731,1,True,
ur5e_trajectory_21_k0_f128,ur5e,regular_first_subproblems,0,scalar_early,0,0.5,1,1,,0.00019376070870531114,,False,True,False,task_feasible_early,0.0001983599056861514,0.0,8.611209269944328e-15,0.00019376070870531114,"[1.139722421286395e-05,2.19883025118341e-06]",203438,164145,3998,1,True,
ur5e_trajectory_21_k0_f128,ur5e,regular_first_subproblems,0,scalar_early,2,0.5,1,1,,0.00019376070870531114,,False,True,False,task_feasible_early,0.0001983599056861514,0.0,8.611209269944328e-15,0.00019376070870531114,"[1.139722421286395e-05,2.19883025118341e-06]",199305,160284,3770,1,True,
ur5e_trajectory_21_k0_f128,ur5e,regular_first_subproblems,0,scalar_early,3,0.5,1,1,,0.00019376070870531114,,False,True,False,task_feasible_early,0.0001983599056861514,0.0,8.611209269944328e-15,0.00019376070870531114,"[1.139722421286395e-05,2.19883025118341e-06]",214629,172546,3637,1,True,
ur5e_trajectory_21_k0_f128,ur5e,regular_first_subproblems,0,scalar_early,4,0.5,1,1,,0.00019376070870531114,,False,True,False,task_feasible_early,0.0001983599056861514,0.0,8.611209269944328e-15,0.00019376070870531114,"[1.139722421286395e-05,2.19883025118341e-06]",211014,171260,3728,1,True,
ur5e_trajectory_21_k0_f149,ur5e,regular_first_subproblems,0,scalar_early,1,0.5,1,1,,0.00021508633324876563,,False,True,False,task_feasible_early,0.00022533014847448896,0.0,4.7207330545682824e-15,0.00021508633324876563,"[2.78850866958535e-05,7.397456244406835e-06]",206230,166616,3665,1,True,
ur5e_trajectory_21_k0_f149,ur5e,regular_first_subproblems,0,scalar_early,0,0.5,1,1,,0.00021508633324876563,,False,True,False,task_feasible_early,0.00022533014847448896,0.0,4.7207330545682824e-15,0.00021508633324876563,"[2.78850866958535e-05,7.397456244406835e-06]",225211,180911,3721,1,True,
ur5e_trajectory_21_k0_f149,ur5e,regular_first_subproblems,0,scalar_early,3,0.5,1,1,,0.00021508633324876563,,False,True,False,task_feasible_early,0.00022533014847448896,0.0,4.7207330545682824e-15,0.00021508633324876563,"[2.78850866958535e-05,7.397456244406835e-06]",193255,153137,3548,1,True,
ur5e_trajectory_21_k0_f149,ur5e,regular_first_subproblems,0,scalar_early,4,0.5,1,1,,0.00021508633324876563,,False,True,False,task_feasible_early,0.00022533014847448896,0.0,4.7207330545682824e-15,0.00021508633324876563,"[2.78850866958535e-05,7.397456244406835e-06]",196555,158261,3863,1,True,
ur5e_trajectory_21_k0_f149,ur5e,regular_first_subproblems,0,scalar_early,2,0.5,1,1,,0.00021508633324876563,,False,True,False,task_feasible_early,0.00022533014847448896,0.0,4.7207330545682824e-15,0.00021508633324876563,"[2.78850866958535e-05,7.397456244406835e-06]",204889,166273,4180,1,True,
ur5e_trajectory_21_k1_f1,ur5e,regular_first_subproblems,1,scalar_early,0,0.5,1,1,,0.13114199866508178,,False,True,False,task_feasible_early,0.131181174232422,0.0,3.6687789788066426e-15,0.13114199866508178,"[0.000107487585190273,2.913645050982495e-05]",219192,178810,4181,1,True,
ur5e_trajectory_21_k1_f1,ur5e,regular_first_subproblems,1,scalar_early,1,0.5,1,1,,0.13114199866508178,,False,True,False,task_feasible_early,0.131181174232422,0.0,3.6687789788066426e-15,0.13114199866508178,"[0.000107487585190273,2.913645050982495e-05]",203056,159785,3761,1,True,
ur5e_trajectory_21_k1_f1,ur5e,regular_first_subproblems,1,scalar_early,3,0.5,1,1,,0.13114199866508178,,False,True,False,task_feasible_early,0.131181174232422,0.0,3.6687789788066426e-15,0.13114199866508178,"[0.000107487585190273,2.913645050982495e-05]",197299,158695,3947,1,True,
ur5e_trajectory_21_k1_f1,ur5e,regular_first_subproblems,1,scalar_early,2,0.5,1,1,,0.13114199866508178,,False,True,False,task_feasible_early,0.131181174232422,0.0,3.6687789788066426e-15,0.13114199866508178,"[0.000107487585190273,2.913645050982495e-05]",197453,158843,3638,1,True,
ur5e_trajectory_21_k1_f1,ur5e,regular_first_subproblems,1,scalar_early,4,0.5,1,1,,0.13114199866508178,,False,True,False,task_feasible_early,0.131181174232422,0.0,3.6687789788066426e-15,0.13114199866508178,"[0.000107487585190273,2.913645050982495e-05]",201847,162816,3937,1,True,
ur5e_trajectory_21_k1_f25,ur5e,regular_first_subproblems,1,scalar_early,1,0.5,1,1,,0.13507694315202518,,False,True,False,task_feasible_early,0.1350803270741468,0.0,1.6444797933421927e-14,0.13507694315202518,"[8.536629649928521e-06,1.768785406645396e-06]",200037,161141,3886,1,True,
ur5e_trajectory_21_k1_f25,ur5e,regular_first_subproblems,1,scalar_early,3,0.5,1,1,,0.13507694315202518,,False,True,False,task_feasible_early,0.1350803270741468,0.0,1.6444797933421927e-14,0.13507694315202518,"[8.536629649928521e-06,1.768785406645396e-06]",199487,159539,4139,1,True,
ur5e_trajectory_21_k1_f25,ur5e,regular_first_subproblems,1,scalar_early,4,0.5,1,1,,0.13507694315202518,,False,True,False,task_feasible_early,0.1350803270741468,0.0,1.6444797933421927e-14,0.13507694315202518,"[8.536629649928521e-06,1.768785406645396e-06]",188432,151287,3643,1,True,
ur5e_trajectory_21_k1_f25,ur5e,regular_first_subproblems,1,scalar_early,2,0.5,1,1,,0.13507694315202518,,False,True,False,task_feasible_early,0.1350803270741468,0.0,1.6444797933421927e-14,0.13507694315202518,"[8.536629649928521e-06,1.768785406645396e-06]",195668,158191,3623,1,True,
ur5e_trajectory_21_k1_f25,ur5e,regular_first_subproblems,1,scalar_early,0,0.5,1,1,,0.13507694315202518,,False,True,False,task_feasible_early,0.1350803270741468,0.0,1.6444797933421927e-14,0.13507694315202518,"[8.536629649928521e-06,1.768785406645396e-06]",202044,162337,3895,1,True,
ur5e_trajectory_21_k1_f45,ur5e,regular_first_subproblems,1,scalar_early,2,0.5,1,1,,0.14213745808282163,,False,True,False,task_feasible_early,0.1421425341163378,0.0,1.5485919901226005e-14,0.14213745808282163,"[1.113197989601469e-05,9.799128637065673e-07]",218883,177764,4303,1,True,
ur5e_trajectory_21_k1_f45,ur5e,regular_first_subproblems,1,scalar_early,4,0.5,1,1,,0.14213745808282163,,False,True,False,task_feasible_early,0.1421425341163378,0.0,1.5485919901226005e-14,0.14213745808282163,"[1.113197989601469e-05,9.799128637065673e-07]",195814,155494,5185,1,True,
ur5e_trajectory_21_k1_f45,ur5e,regular_first_subproblems,1,scalar_early,3,0.5,1,1,,0.14213745808282163,,False,True,False,task_feasible_early,0.1421425341163378,0.0,1.5485919901226005e-14,0.14213745808282163,"[1.113197989601469e-05,9.799128637065673e-07]",197090,157671,3872,1,True,
ur5e_trajectory_21_k1_f45,ur5e,regular_first_subproblems,1,scalar_early,1,0.5,1,1,,0.14213745808282163,,False,True,False,task_feasible_early,0.1421425341163378,0.0,1.5485919901226005e-14,0.14213745808282163,"[1.113197989601469e-05,9.799128637065673e-07]",203503,163311,3899,1,True,
ur5e_trajectory_21_k1_f45,ur5e,regular_first_subproblems,1,scalar_early,0,0.5,1,1,,0.14213745808282163,,False,True,False,task_feasible_early,0.1421425341163378,0.0,1.5485919901226005e-14,0.14213745808282163,"[1.113197989601469e-05,9.799128637065673e-07]",200198,161430,3664,1,True,
ur5e_trajectory_21_k1_f66,ur5e,regular_first_subproblems,1,scalar_early,4,0.5,1,1,,0.14742437241776704,,False,True,False,task_feasible_early,0.14742437906548123,0.0,5.9580819677934555e-15,0.14742437241776704,"[3.2854965734155173e-07,3.418450857128687e-07]",216360,173937,3968,1,True,
ur5e_trajectory_21_k1_f66,ur5e,regular_first_subproblems,1,scalar_early,3,0.5,1,1,,0.14742437241776704,,False,True,False,task_feasible_early,0.14742437906548123,0.0,5.9580819677934555e-15,0.14742437241776704,"[3.2854965734155173e-07,3.418450857128687e-07]",196916,157098,4312,1,True,
ur5e_trajectory_21_k1_f66,ur5e,regular_first_subproblems,1,scalar_early,0,0.5,1,1,,0.14742437241776704,,False,True,False,task_feasible_early,0.14742437906548123,0.0,5.9580819677934555e-15,0.14742437241776704,"[3.2854965734155173e-07,3.418450857128687e-07]",197778,159531,3832,1,True,
ur5e_trajectory_21_k1_f66,ur5e,regular_first_subproblems,1,scalar_early,2,0.5,1,1,,0.14742437241776704,,False,True,False,task_feasible_early,0.14742437906548123,0.0,5.9580819677934555e-15,0.14742437241776704,"[3.2854965734155173e-07,3.418450857128687e-07]",186918,149804,3868,1,True,
ur5e_trajectory_21_k1_f66,ur5e,regular_first_subproblems,1,scalar_early,1,0.5,1,1,,0.14742437241776704,,False,True,False,task_feasible_early,0.14742437906548123,0.0,5.9580819677934555e-15,0.14742437241776704,"[3.2854965734155173e-07,3.418450857128687e-07]",203795,165050,3714,1,True,
ur5e_trajectory_21_k1_f87,ur5e,regular_first_subproblems,1,scalar_early,2,0.5,1,1,,0.14693151569203966,,False,True,False,task_feasible_early,0.1469340294754658,0.0,6.840271371877088e-15,0.14693151569203966,"[7.139984321509698e-06,2.1124174692092464e-06]",213602,173966,4018,1,True,
ur5e_trajectory_21_k1_f87,ur5e,regular_first_subproblems,1,scalar_early,3,0.5,1,1,,0.14693151569203966,,False,True,False,task_feasible_early,0.1469340294754658,0.0,6.840271371877088e-15,0.14693151569203966,"[7.139984321509698e-06,2.1124174692092464e-06]",205823,165869,3925,1,True,
ur5e_trajectory_21_k1_f87,ur5e,regular_first_subproblems,1,scalar_early,4,0.5,1,1,,0.14693151569203966,,False,True,False,task_feasible_early,0.1469340294754658,0.0,6.840271371877088e-15,0.14693151569203966,"[7.139984321509698e-06,2.1124174692092464e-06]",213573,172265,3706,1,True,
ur5e_trajectory_21_k1_f87,ur5e,regular_first_subproblems,1,scalar_early,1,0.5,1,1,,0.14693151569203966,,False,True,False,task_feasible_early,0.1469340294754658,0.0,6.840271371877088e-15,0.14693151569203966,"[7.139984321509698e-06,2.1124174692092464e-06]",209459,169431,3864,1,True,
ur5e_trajectory_21_k1_f87,ur5e,regular_first_subproblems,1,scalar_early,0,0.5,1,1,,0.14693151569203966,,False,True,False,task_feasible_early,0.1469340294754658,0.0,6.840271371877088e-15,0.14693151569203966,"[7.139984321509698e-06,2.1124174692092464e-06]",191844,152958,3831,1,True,
ur5e_trajectory_21_k1_f108,ur5e,regular_first_subproblems,1,scalar_early,1,0.5,1,1,,0.14105299092474138,,False,True,False,task_feasible_early,0.14142264719066566,0.0,1.3673332971056464e-14,0.14105299092474138,"[0.0007812775365369684,4.196500468842343e-05]",212037,172683,4282,1,True,
ur5e_trajectory_21_k1_f108,ur5e,regular_first_subproblems,1,scalar_early,4,0.5,1,1,,0.14105299092474138,,False,True,False,task_feasible_early,0.14142264719066566,0.0,1.3673332971056464e-14,0.14105299092474138,"[0.0007812775365369684,4.196500468842343e-05]",191155,152451,3874,1,True,
ur5e_trajectory_21_k1_f108,ur5e,regular_first_subproblems,1,scalar_early,2,0.5,1,1,,0.14105299092474138,,False,True,False,task_feasible_early,0.14142264719066566,0.0,1.3673332971056464e-14,0.14105299092474138,"[0.0007812775365369684,4.196500468842343e-05]",192146,153348,3721,1,True,
ur5e_trajectory_21_k1_f108,ur5e,regular_first_subproblems,1,scalar_early,3,0.5,1,1,,0.14105299092474138,,False,True,False,task_feasible_early,0.14142264719066566,0.0,1.3673332971056464e-14,0.14105299092474138,"[0.0007812775365369684,4.196500468842343e-05]",214521,175337,3774,1,True,
ur5e_trajectory_21_k1_f108,ur5e,regular_first_subproblems,1,scalar_early,0,0.5,1,1,,0.14105299092474138,,False,True,False,task_feasible_early,0.14142264719066566,0.0,1.3673332971056464e-14,0.14105299092474138,"[0.0007812775365369684,4.196500468842343e-05]",197555,158432,3956,1,True,
ur5e_trajectory_21_k1_f128,ur5e,regular_first_subproblems,1,scalar_early,2,0.5,1,1,,0.13358449668143102,,False,True,False,task_feasible_early,0.1335933773709234,0.0,1.6687357476335705e-14,0.13358449668143102,"[2.196838498999874e-05,4.20700600523464e-06]",196271,157749,3721,1,True,
ur5e_trajectory_21_k1_f128,ur5e,regular_first_subproblems,1,scalar_early,4,0.5,1,1,,0.13358449668143102,,False,True,False,task_feasible_early,0.1335933773709234,0.0,1.6687357476335705e-14,0.13358449668143102,"[2.196838498999874e-05,4.20700600523464e-06]",195578,156370,5056,1,True,
ur5e_trajectory_21_k1_f128,ur5e,regular_first_subproblems,1,scalar_early,3,0.5,1,1,,0.13358449668143102,,False,True,False,task_feasible_early,0.1335933773709234,0.0,1.6687357476335705e-14,0.13358449668143102,"[2.196838498999874e-05,4.20700600523464e-06]",206271,166267,3902,1,True,
ur5e_trajectory_21_k1_f128,ur5e,regular_first_subproblems,1,scalar_early,0,0.5,1,1,,0.13358449668143102,,False,True,False,task_feasible_early,0.1335933773709234,0.0,1.6687357476335705e-14,0.13358449668143102,"[2.196838498999874e-05,4.20700600523464e-06]",192710,154780,3771,1,True,
ur5e_trajectory_21_k1_f128,ur5e,regular_first_subproblems,1,scalar_early,1,0.5,1,1,,0.13358449668143102,,False,True,False,task_feasible_early,0.1335933773709234,0.0,1.6687357476335705e-14,0.13358449668143102,"[2.196838498999874e-05,4.20700600523464e-06]",214383,174002,3681,1,True,
ur5e_trajectory_21_k1_f149,ur5e,regular_first_subproblems,1,scalar_early,0,0.5,1,1,,0.13057875981425837,,False,True,False,task_feasible_early,0.1305933490012475,0.0,8.1531501406827e-15,0.13057875981425837,"[4.0014022230499085e-05,1.0835648252262397e-05]",206052,166143,3828,1,True,
ur5e_trajectory_21_k1_f149,ur5e,regular_first_subproblems,1,scalar_early,3,0.5,1,1,,0.13057875981425837,,False,True,False,task_feasible_early,0.1305933490012475,0.0,8.1531501406827e-15,0.13057875981425837,"[4.0014022230499085e-05,1.0835648252262397e-05]",193202,154414,3839,1,True,
ur5e_trajectory_21_k1_f149,ur5e,regular_first_subproblems,1,scalar_early,1,0.5,1,1,,0.13057875981425837,,False,True,False,task_feasible_early,0.1305933490012475,0.0,8.1531501406827e-15,0.13057875981425837,"[4.0014022230499085e-05,1.0835648252262397e-05]",199936,161187,3870,1,True,
ur5e_trajectory_21_k1_f149,ur5e,regular_first_subproblems,1,scalar_early,4,0.5,1,1,,0.13057875981425837,,False,True,False,task_feasible_early,0.1305933490012475,0.0,8.1531501406827e-15,0.13057875981425837,"[4.0014022230499085e-05,1.0835648252262397e-05]",193924,155647,3647,1,True,
ur5e_trajectory_21_k1_f149,ur5e,regular_first_subproblems,1,scalar_early,2,0.5,1,1,,0.13057875981425837,,False,True,False,task_feasible_early,0.1305933490012475,0.0,8.1531501406827e-15,0.13057875981425837,"[4.0014022230499085e-05,1.0835648252262397e-05]",212152,171676,3900,1,True,
ur5e_trajectory_10_k0_f5,ur5e,regular_first_subproblems,0,scalar_early,3,0.5,1,1,,2.065781821027628e-05,,False,True,False,task_feasible_early,2.065887148188288e-05,0.0,1.7979101253009106e-15,2.065781821027628e-05,"[7.475122645613507e-10,2.854055477759359e-09]",222033,180253,3833,1,True,
ur5e_trajectory_10_k0_f5,ur5e,regular_first_subproblems,0,scalar_early,1,0.5,1,1,,2.065781821027628e-05,,False,True,False,task_feasible_early,2.065887148188288e-05,0.0,1.7979101253009106e-15,2.065781821027628e-05,"[7.475122645613507e-10,2.854055477759359e-09]",199615,159549,3679,1,True,
ur5e_trajectory_10_k0_f5,ur5e,regular_first_subproblems,0,scalar_early,4,0.5,1,1,,2.065781821027628e-05,,False,True,False,task_feasible_early,2.065887148188288e-05,0.0,1.7979101253009106e-15,2.065781821027628e-05,"[7.475122645613507e-10,2.854055477759359e-09]",202289,162772,3615,1,True,
ur5e_trajectory_10_k0_f5,ur5e,regular_first_subproblems,0,scalar_early,2,0.5,1,1,,2.065781821027628e-05,,False,True,False,task_feasible_early,2.065887148188288e-05,0.0,1.7979101253009106e-15,2.065781821027628e-05,"[7.475122645613507e-10,2.854055477759359e-09]",205108,166367,3708,1,True,
ur5e_trajectory_10_k0_f5,ur5e,regular_first_subproblems,0,scalar_early,0,0.5,1,1,,2.065781821027628e-05,,False,True,False,task_feasible_early,2.065887148188288e-05,0.0,1.7979101253009106e-15,2.065781821027628e-05,"[7.475122645613507e-10,2.854055477759359e-09]",208015,169069,3374,1,True,
ur5e_trajectory_10_k0_f28,ur5e,regular_first_subproblems,0,scalar_early,2,0.5,1,1,,4.6035467542909e-05,,False,True,False,task_feasible_early,4.603803501765586e-05,0.0,5.347542221830668e-15,4.6035467542909e-05,"[1.8379620830652636e-09,6.972911576773378e-09]",213266,174367,4102,1,True,
ur5e_trajectory_10_k0_f28,ur5e,regular_first_subproblems,0,scalar_early,4,0.5,1,1,,4.6035467542909e-05,,False,True,False,task_feasible_early,4.603803501765586e-05,0.0,5.347542221830668e-15,4.6035467542909e-05,"[1.8379620830652636e-09,6.972911576773378e-09]",187393,149862,3796,1,True,
ur5e_trajectory_10_k0_f28,ur5e,regular_first_subproblems,0,scalar_early,3,0.5,1,1,,4.6035467542909e-05,,False,True,False,task_feasible_early,4.603803501765586e-05,0.0,5.347542221830668e-15,4.6035467542909e-05,"[1.8379620830652636e-09,6.972911576773378e-09]",194569,156820,3548,1,True,
ur5e_trajectory_10_k0_f28,ur5e,regular_first_subproblems,0,scalar_early,1,0.5,1,1,,4.6035467542909e-05,,False,True,False,task_feasible_early,4.603803501765586e-05,0.0,5.347542221830668e-15,4.6035467542909e-05,"[1.8379620830652636e-09,6.972911576773378e-09]",189973,152486,3562,1,True,
ur5e_trajectory_10_k0_f28,ur5e,regular_first_subproblems,0,scalar_early,0,0.5,1,1,,4.6035467542909e-05,,False,True,False,task_feasible_early,4.603803501765586e-05,0.0,5.347542221830668e-15,4.6035467542909e-05,"[1.8379620830652636e-09,6.972911576773378e-09]",215303,173509,4185,1,True,
ur5e_trajectory_10_k0_f46,ur5e,regular_first_subproblems,0,scalar_early,4,0.5,1,1,,9.969431195779167e-05,,False,True,False,task_feasible_early,9.970135236475883e-05,0.0,1.2573000033218178e-14,9.969431195779167e-05,"[6.1841957893405475e-09,2.026500972364929e-08]",183746,147447,3664,1,True,
ur5e_trajectory_10_k0_f46,ur5e,regular_first_subproblems,0,scalar_early,0,0.5,1,1,,9.969431195779167e-05,,False,True,False,task_feasible_early,9.970135236475883e-05,0.0,1.2573000033218178e-14,9.969431195779167e-05,"[6.1841957893405475e-09,2.026500972364929e-08]",210535,171136,3513,1,True,
ur5e_trajectory_10_k0_f46,ur5e,regular_first_subproblems,0,scalar_early,2,0.5,1,1,,9.969431195779167e-05,,False,True,False,task_feasible_early,9.970135236475883e-05,0.0,1.2573000033218178e-14,9.969431195779167e-05,"[6.1841957893405475e-09,2.026500972364929e-08]",194382,157207,3743,1,True,
ur5e_trajectory_10_k0_f46,ur5e,regular_first_subproblems,0,scalar_early,1,0.5,1,1,,9.969431195779167e-05,,False,True,False,task_feasible_early,9.970135236475883e-05,0.0,1.2573000033218178e-14,9.969431195779167e-05,"[6.1841957893405475e-09,2.026500972364929e-08]",182838,146076,3548,1,True,
ur5e_trajectory_10_k0_f46,ur5e,regular_first_subproblems,0,scalar_early,3,0.5,1,1,,9.969431195779167e-05,,False,True,False,task_feasible_early,9.970135236475883e-05,0.0,1.2573000033218178e-14,9.969431195779167e-05,"[6.1841957893405475e-09,2.026500972364929e-08]",188669,150967,3578,1,True,
ur5e_trajectory_10_k0_f64,ur5e,regular_first_subproblems,0,scalar_early,4,0.5,1,1,,0.00013906195814121698,,False,True,False,task_feasible_early,0.0001390737992387364,0.0,1.112884370092863e-14,0.00013906195814121698,"[6.348185294392518e-08,8.716404798272748e-08]",226471,185999,3608,1,True,
ur5e_trajectory_10_k0_f64,ur5e,regular_first_subproblems,0,scalar_early,1,0.5,1,1,,0.00013906195814121698,,False,True,False,task_feasible_early,0.0001390737992387364,0.0,1.112884370092863e-14,0.00013906195814121698,"[6.348185294392518e-08,8.716404798272748e-08]",211554,171519,3545,1,True,
ur5e_trajectory_10_k0_f64,ur5e,regular_first_subproblems,0,scalar_early,0,0.5,1,1,,0.00013906195814121698,,False,True,False,task_feasible_early,0.0001390737992387364,0.0,1.112884370092863e-14,0.00013906195814121698,"[6.348185294392518e-08,8.716404798272748e-08]",191592,154504,3596,1,True,
ur5e_trajectory_10_k0_f64,ur5e,regular_first_subproblems,0,scalar_early,2,0.5,1,1,,0.00013906195814121698,,False,True,False,task_feasible_early,0.0001390737992387364,0.0,1.112884370092863e-14,0.00013906195814121698,"[6.348185294392518e-08,8.716404798272748e-08]",192974,154617,3549,1,True,
ur5e_trajectory_10_k0_f64,ur5e,regular_first_subproblems,0,scalar_early,3,0.5,1,1,,0.00013906195814121698,,False,True,False,task_feasible_early,0.0001390737992387364,0.0,1.112884370092863e-14,0.00013906195814121698,"[6.348185294392518e-08,8.716404798272748e-08]",197024,159564,3746,1,True,
ur5e_trajectory_10_k0_f82,ur5e,regular_first_subproblems,0,scalar_early,2,0.5,1,1,,0.00014299043767735246,,False,True,False,task_feasible_early,0.00014312326473559447,0.0,1.0841599276764049e-14,0.00014299043767735246,"[3.616433132578082e-07,9.598919677378924e-08]",196547,157581,3810,1,True,
ur5e_trajectory_10_k0_f82,ur5e,regular_first_subproblems,0,scalar_early,1,0.5,1,1,,0.00014299043767735246,,False,True,False,task_feasible_early,0.00014312326473559447,0.0,1.0841599276764049e-14,0.00014299043767735246,"[3.616433132578082e-07,9.598919677378924e-08]",220674,180194,3604,1,True,
ur5e_trajectory_10_k0_f82,ur5e,regular_first_subproblems,0,scalar_early,4,0.5,1,1,,0.00014299043767735246,,False,True,False,task_feasible_early,0.00014312326473559447,0.0,1.0841599276764049e-14,0.00014299043767735246,"[3.616433132578082e-07,9.598919677378924e-08]",211317,170513,3916,1,True,
ur5e_trajectory_10_k0_f82,ur5e,regular_first_subproblems,0,scalar_early,0,0.5,1,1,,0.00014299043767735246,,False,True,False,task_feasible_early,0.00014312326473559447,0.0,1.0841599276764049e-14,0.00014299043767735246,"[3.616433132578082e-07,9.598919677378924e-08]",186685,148177,3649,1,True,
ur5e_trajectory_10_k0_f82,ur5e,regular_first_subproblems,0,scalar_early,3,0.5,1,1,,0.00014299043767735246,,False,True,False,task_feasible_early,0.00014312326473559447,0.0,1.0841599276764049e-14,0.00014299043767735246,"[3.616433132578082e-07,9.598919677378924e-08]",191420,153798,3746,1,True,
ur5e_trajectory_10_k0_f100,ur5e,regular_first_subproblems,0,scalar_early,4,0.5,1,1,,0.00010801901782615608,,False,True,False,task_feasible_early,0.00010803911399823116,0.0,3.8968670012594065e-15,0.00010801901782615608,"[4.4404485428777446e-08,4.212141278634191e-09]",203331,163966,4247,1,True,
ur5e_trajectory_10_k0_f100,ur5e,regular_first_subproblems,0,scalar_early,0,0.5,1,1,,0.00010801901782615608,,False,True,False,task_feasible_early,0.00010803911399823116,0.0,3.8968670012594065e-15,0.00010801901782615608,"[4.4404485428777446e-08,4.212141278634191e-09]",188613,150949,3614,1,True,
ur5e_trajectory_10_k0_f100,ur5e,regular_first_subproblems,0,scalar_early,3,0.5,1,1,,0.00010801901782615608,,False,True,False,task_feasible_early,0.00010803911399823116,0.0,3.8968670012594065e-15,0.00010801901782615608,"[4.4404485428777446e-08,4.212141278634191e-09]",198862,159875,3678,1,True,
ur5e_trajectory_10_k0_f100,ur5e,regular_first_subproblems,0,scalar_early,2,0.5,1,1,,0.00010801901782615608,,False,True,False,task_feasible_early,0.00010803911399823116,0.0,3.8968670012594065e-15,0.00010801901782615608,"[4.4404485428777446e-08,4.212141278634191e-09]",191161,152632,3797,1,True,
ur5e_trajectory_10_k0_f100,ur5e,regular_first_subproblems,0,scalar_early,1,0.5,1,1,,0.00010801901782615608,,False,True,False,task_feasible_early,0.00010803911399823116,0.0,3.8968670012594065e-15,0.00010801901782615608,"[4.4404485428777446e-08,4.212141278634191e-09]",202704,162355,4174,1,True,
ur5e_trajectory_10_k0_f118,ur5e,regular_first_subproblems,0,scalar_early,3,0.5,1,1,,5.476257228497207e-05,,False,True,False,task_feasible_early,5.476994856287365e-05,0.0,5.407139474782739e-15,5.476257228497207e-05,"[1.6500329720609132e-08,1.7477739174513227e-09]",219634,178076,3970,1,True,
ur5e_trajectory_10_k0_f118,ur5e,regular_first_subproblems,0,scalar_early,4,0.5,1,1,,5.476257228497207e-05,,False,True,False,task_feasible_early,5.476994856287365e-05,0.0,5.407139474782739e-15,5.476257228497207e-05,"[1.6500329720609132e-08,1.7477739174513227e-09]",199501,157399,3714,1,True,
ur5e_trajectory_10_k0_f118,ur5e,regular_first_subproblems,0,scalar_early,0,0.5,1,1,,5.476257228497207e-05,,False,True,False,task_feasible_early,5.476994856287365e-05,0.0,5.407139474782739e-15,5.476257228497207e-05,"[1.6500329720609132e-08,1.7477739174513227e-09]",200814,163373,3473,1,True,
ur5e_trajectory_10_k0_f118,ur5e,regular_first_subproblems,0,scalar_early,1,0.5,1,1,,5.476257228497207e-05,,False,True,False,task_feasible_early,5.476994856287365e-05,0.0,5.407139474782739e-15,5.476257228497207e-05,"[1.6500329720609132e-08,1.7477739174513227e-09]",192271,154043,3664,1,True,
ur5e_trajectory_10_k0_f118,ur5e,regular_first_subproblems,0,scalar_early,2,0.5,1,1,,5.476257228497207e-05,,False,True,False,task_feasible_early,5.476994856287365e-05,0.0,5.407139474782739e-15,5.476257228497207e-05,"[1.6500329720609132e-08,1.7477739174513227e-09]",192984,154317,3561,1,True,
ur5e_trajectory_10_k0_f146,ur5e,regular_first_subproblems,0,scalar_early,0,0.5,1,1,,2.554327917817499e-05,,False,True,False,task_feasible_early,2.554654712404068e-05,0.0,4.179219242832202e-15,2.554327917817499e-05,"[7.395786851277796e-09,8.598951199002757e-10]",201527,162732,3818,1,True,
ur5e_trajectory_10_k0_f146,ur5e,regular_first_subproblems,0,scalar_early,4,0.5,1,1,,2.554327917817499e-05,,False,True,False,task_feasible_early,2.554654712404068e-05,0.0,4.179219242832202e-15,2.554327917817499e-05,"[7.395786851277796e-09,8.598951199002757e-10]",190157,151045,3586,1,True,
ur5e_trajectory_10_k0_f146,ur5e,regular_first_subproblems,0,scalar_early,2,0.5,1,1,,2.554327917817499e-05,,False,True,False,task_feasible_early,2.554654712404068e-05,0.0,4.179219242832202e-15,2.554327917817499e-05,"[7.395786851277796e-09,8.598951199002757e-10]",196641,159141,3739,1,True,
ur5e_trajectory_10_k0_f146,ur5e,regular_first_subproblems,0,scalar_early,3,0.5,1,1,,2.554327917817499e-05,,False,True,False,task_feasible_early,2.554654712404068e-05,0.0,4.179219242832202e-15,2.554327917817499e-05,"[7.395786851277796e-09,8.598951199002757e-10]",196618,158687,3636,1,True,
ur5e_trajectory_10_k0_f146,ur5e,regular_first_subproblems,0,scalar_early,1,0.5,1,1,,2.554327917817499e-05,,False,True,False,task_feasible_early,2.554654712404068e-05,0.0,4.179219242832202e-15,2.554327917817499e-05,"[7.395786851277796e-09,8.598951199002757e-10]",208909,169245,3584,1,True,
ur5e_trajectory_10_k1_f5,ur5e,regular_first_subproblems,1,scalar_early,1,0.5,1,1,,0.23034260474337476,,False,True,False,task_feasible_early,0.23034261682995438,0.0,3.6959756370341226e-15,0.23034260474337476,"[6.351496914639092e-08,8.768812839988685e-08]",193331,155075,3893,1,True,
ur5e_trajectory_10_k1_f5,ur5e,regular_first_subproblems,1,scalar_early,3,0.5,1,1,,0.23034260474337476,,False,True,False,task_feasible_early,0.23034261682995438,0.0,3.6959756370341226e-15,0.23034260474337476,"[6.351496914639092e-08,8.768812839988685e-08]",207080,168244,3755,1,True,
ur5e_trajectory_10_k1_f5,ur5e,regular_first_subproblems,1,scalar_early,0,0.5,1,1,,0.23034260474337476,,False,True,False,task_feasible_early,0.23034261682995438,0.0,3.6959756370341226e-15,0.23034260474337476,"[6.351496914639092e-08,8.768812839988685e-08]",203967,165330,3842,1,True,
ur5e_trajectory_10_k1_f5,ur5e,regular_first_subproblems,1,scalar_early,4,0.5,1,1,,0.23034260474337476,,False,True,False,task_feasible_early,0.23034261682995438,0.0,3.6959756370341226e-15,0.23034260474337476,"[6.351496914639092e-08,8.768812839988685e-08]",196698,158210,3799,1,True,
ur5e_trajectory_10_k1_f5,ur5e,regular_first_subproblems,1,scalar_early,2,0.5,1,1,,0.23034260474337476,,False,True,False,task_feasible_early,0.23034261682995438,0.0,3.6959756370341226e-15,0.23034260474337476,"[6.351496914639092e-08,8.768812839988685e-08]",206093,167350,3774,1,True,
ur5e_trajectory_10_k1_f28,ur5e,regular_first_subproblems,1,scalar_early,0,0.5,1,1,,0.23311610631477098,,False,True,False,task_feasible_early,0.2331161123213057,0.0,3.554447978966673e-15,0.23311610631477098,"[8.073045031441466e-08,9.274351971585005e-08]",205288,163996,3503,1,True,
ur5e_trajectory_10_k1_f28,ur5e,regular_first_subproblems,1,scalar_early,3,0.5,1,1,,0.23311610631477098,,False,True,False,task_feasible_early,0.2331161123213057,0.0,3.554447978966673e-15,0.23311610631477098,"[8.073045031441466e-08,9.274351971585005e-08]",197927,159147,3986,1,True,
ur5e_trajectory_10_k1_f28,ur5e,regular_first_subproblems,1,scalar_early,1,0.5,1,1,,0.23311610631477098,,False,True,False,task_feasible_early,0.2331161123213057,0.0,3.554447978966673e-15,0.23311610631477098,"[8.073045031441466e-08,9.274351971585005e-08]",190056,151647,3861,1,True,
ur5e_trajectory_10_k1_f28,ur5e,regular_first_subproblems,1,scalar_early,2,0.5,1,1,,0.23311610631477098,,False,True,False,task_feasible_early,0.2331161123213057,0.0,3.554447978966673e-15,0.23311610631477098,"[8.073045031441466e-08,9.274351971585005e-08]",210078,171103,3481,1,True,
ur5e_trajectory_10_k1_f28,ur5e,regular_first_subproblems,1,scalar_early,4,0.5,1,1,,0.23311610631477098,,False,True,False,task_feasible_early,0.2331161123213057,0.0,3.554447978966673e-15,0.23311610631477098,"[8.073045031441466e-08,9.274351971585005e-08]",186633,149586,3584,1,True,
ur5e_trajectory_10_k1_f46,ur5e,regular_first_subproblems,1,scalar_early,4,0.5,1,1,,0.23762540921168102,,False,True,False,task_feasible_early,0.23762543270495504,0.0,7.337557957613285e-15,0.23762540921168102,"[1.3598122217022659e-07,8.899467413010628e-08]",195214,155059,3704,1,True,
ur5e_trajectory_10_k1_f46,ur5e,regular_first_subproblems,1,scalar_early,3,0.5,1,1,,0.23762540921168102,,False,True,False,task_feasible_early,0.23762543270495504,0.0,7.337557957613285e-15,0.23762540921168102,"[1.3598122217022659e-07,8.899467413010628e-08]",202545,161919,3574,1,True,
ur5e_trajectory_10_k1_f46,ur5e,regular_first_subproblems,1,scalar_early,0,0.5,1,1,,0.23762540921168102,,False,True,False,task_feasible_early,0.23762543270495504,0.0,7.337557957613285e-15,0.23762540921168102,"[1.3598122217022659e-07,8.899467413010628e-08]",209122,169266,3879,1,True,
ur5e_trajectory_10_k1_f46,ur5e,regular_first_subproblems,1,scalar_early,1,0.5,1,1,,0.23762540921168102,,False,True,False,task_feasible_early,0.23762543270495504,0.0,7.337557957613285e-15,0.23762540921168102,"[1.3598122217022659e-07,8.899467413010628e-08]",192300,154844,3778,1,True,
ur5e_trajectory_10_k1_f46,ur5e,regular_first_subproblems,1,scalar_early,2,0.5,1,1,,0.23762540921168102,,False,True,False,task_feasible_early,0.23762543270495504,0.0,7.337557957613285e-15,0.23762540921168102,"[1.3598122217022659e-07,8.899467413010628e-08]",194111,155341,3722,1,True,
ur5e_trajectory_10_k1_f64,ur5e,regular_first_subproblems,1,scalar_early,4,0.5,1,1,,0.24368298932249688,,False,True,False,task_feasible_early,0.24368327514513174,0.0,7.53971411808758e-15,0.24368298932249688,"[6.35651122410427e-07,6.400585269131203e-08]",197725,158200,3900,1,True,
ur5e_trajectory_10_k1_f64,ur5e,regular_first_subproblems,1,scalar_early,1,0.5,1,1,,0.24368298932249688,,False,True,False,task_feasible_early,0.24368327514513174,0.0,7.53971411808758e-15,0.24368298932249688,"[6.35651122410427e-07,6.400585269131203e-08]",205381,166744,3783,1,True,
ur5e_trajectory_10_k1_f64,ur5e,regular_first_subproblems,1,scalar_early,2,0.5,1,1,,0.24368298932249688,,False,True,False,task_feasible_early,0.24368327514513174,0.0,7.53971411808758e-15,0.24368298932249688,"[6.35651122410427e-07,6.400585269131203e-08]",212475,173220,3624,1,True,
ur5e_trajectory_10_k1_f64,ur5e,regular_first_subproblems,1,scalar_early,3,0.5,1,1,,0.24368298932249688,,False,True,False,task_feasible_early,0.24368327514513174,0.0,7.53971411808758e-15,0.24368298932249688,"[6.35651122410427e-07,6.400585269131203e-08]",189380,151919,3663,1,True,
ur5e_trajectory_10_k1_f64,ur5e,regular_first_subproblems,1,scalar_early,0,0.5,1,1,,0.24368298932249688,,False,True,False,task_feasible_early,0.24368327514513174,0.0,7.53971411808758e-15,0.24368298932249688,"[6.35651122410427e-07,6.400585269131203e-08]",193468,154884,3786,1,True,
ur5e_trajectory_10_k1_f82,ur5e,regular_first_subproblems,1,scalar_early,3,0.5,1,1,,0.250592666717521,,False,True,False,task_feasible_early,0.2505928432867029,0.0,1.0862044427137904e-14,0.250592666717521,"[1.5549687768806402e-06,1.908107140652498e-06]",196287,157338,3679,1,True,
ur5e_trajectory_10_k1_f82,ur5e,regular_first_subproblems,1,scalar_early,4,0.5,1,1,,0.250592666717521,,False,True,False,task_feasible_early,0.2505928432867029,0.0,1.0862044427137904e-14,0.250592666717521,"[1.5549687768806402e-06,1.908107140652498e-06]",187800,150502,3539,1,True,
ur5e_trajectory_10_k1_f82,ur5e,regular_first_subproblems,1,scalar_early,1,0.5,1,1,,0.250592666717521,,False,True,False,task_feasible_early,0.2505928432867029,0.0,1.0862044427137904e-14,0.250592666717521,"[1.5549687768806402e-06,1.908107140652498e-06]",188767,151989,3564,1,True,
ur5e_trajectory_10_k1_f82,ur5e,regular_first_subproblems,1,scalar_early,0,0.5,1,1,,0.250592666717521,,False,True,False,task_feasible_early,0.2505928432867029,0.0,1.0862044427137904e-14,0.250592666717521,"[1.5549687768806402e-06,1.908107140652498e-06]",235993,196203,3783,1,True,
ur5e_trajectory_10_k1_f82,ur5e,regular_first_subproblems,1,scalar_early,2,0.5,1,1,,0.250592666717521,,False,True,False,task_feasible_early,0.2505928432867029,0.0,1.0862044427137904e-14,0.250592666717521,"[1.5549687768806402e-06,1.908107140652498e-06]",188122,150516,3404,1,True,
ur5e_trajectory_10_k1_f100,ur5e,regular_first_subproblems,1,scalar_early,1,0.5,1,1,,0.25733584442890367,,False,True,False,task_feasible_early,0.25733606809294446,0.0,2.5510982866352577e-15,0.25733584442890367,"[2.0084920504375754e-07,6.481772866823825e-07]",203341,163357,4222,1,True,
ur5e_trajectory_10_k1_f100,ur5e,regular_first_subproblems,1,scalar_early,0,0.5,1,1,,0.25733584442890367,,False,True,False,task_feasible_early,0.25733606809294446,0.0,2.5510982866352577e-15,0.25733584442890367,"[2.0084920504375754e-07,6.481772866823825e-07]",204962,165561,3644,1,True,
ur5e_trajectory_10_k1_f100,ur5e,regular_first_subproblems,1,scalar_early,4,0.5,1,1,,0.25733584442890367,,False,True,False,task_feasible_early,0.25733606809294446,0.0,2.5510982866352577e-15,0.25733584442890367,"[2.0084920504375754e-07,6.481772866823825e-07]",189605,152137,3567,1,True,
ur5e_trajectory_10_k1_f100,ur5e,regular_first_subproblems,1,scalar_early,2,0.5,1,1,,0.25733584442890367,,False,True,False,task_feasible_early,0.25733606809294446,0.0,2.5510982866352577e-15,0.25733584442890367,"[2.0084920504375754e-07,6.481772866823825e-07]",189139,151349,3691,1,True,
ur5e_trajectory_10_k1_f100,ur5e,regular_first_subproblems,1,scalar_early,3,0.5,1,1,,0.25733584442890367,,False,True,False,task_feasible_early,0.25733606809294446,0.0,2.5510982866352577e-15,0.25733584442890367,"[2.0084920504375754e-07,6.481772866823825e-07]",206798,167345,3459,1,True,
ur5e_trajectory_10_k1_f118,ur5e,regular_first_subproblems,1,scalar_early,4,0.5,1,1,,0.26288801036310117,,False,True,False,task_feasible_early,0.26288820324188206,0.0,7.219011258556334e-15,0.26288801036310117,"[1.3741538004331577e-07,5.231729418352572e-07]",189299,151321,3449,1,True,
ur5e_trajectory_10_k1_f118,ur5e,regular_first_subproblems,1,scalar_early,0,0.5,1,1,,0.26288801036310117,,False,True,False,task_feasible_early,0.26288820324188206,0.0,7.219011258556334e-15,0.26288801036310117,"[1.3741538004331577e-07,5.231729418352572e-07]",187698,149947,3875,1,True,
ur5e_trajectory_10_k1_f118,ur5e,regular_first_subproblems,1,scalar_early,2,0.5,1,1,,0.26288801036310117,,False,True,False,task_feasible_early,0.26288820324188206,0.0,7.219011258556334e-15,0.26288801036310117,"[1.3741538004331577e-07,5.231729418352572e-07]",213860,172054,3437,1,True,
ur5e_trajectory_10_k1_f118,ur5e,regular_first_subproblems,1,scalar_early,1,0.5,1,1,,0.26288801036310117,,False,True,False,task_feasible_early,0.26288820324188206,0.0,7.219011258556334e-15,0.26288801036310117,"[1.3741538004331577e-07,5.231729418352572e-07]",202960,163798,3708,1,True,
ur5e_trajectory_10_k1_f118,ur5e,regular_first_subproblems,1,scalar_early,3,0.5,1,1,,0.26288801036310117,,False,True,False,task_feasible_early,0.26288820324188206,0.0,7.219011258556334e-15,0.26288801036310117,"[1.3741538004331577e-07,5.231729418352572e-07]",197423,159268,3582,1,True,
ur5e_trajectory_10_k1_f146,ur5e,regular_first_subproblems,1,scalar_early,2,0.5,1,1,,0.26704086569908003,,False,True,False,task_feasible_early,0.26704104067311846,0.0,8.098542381079492e-15,0.26704086569908003,"[1.2769729144004596e-07,4.776453682796661e-07]",194960,156967,3712,1,True,
ur5e_trajectory_10_k1_f146,ur5e,regular_first_subproblems,1,scalar_early,0,0.5,1,1,,0.26704086569908003,,False,True,False,task_feasible_early,0.26704104067311846,0.0,8.098542381079492e-15,0.26704086569908003,"[1.2769729144004596e-07,4.776453682796661e-07]",208697,168779,3950,1,True,
ur5e_trajectory_10_k1_f146,ur5e,regular_first_subproblems,1,scalar_early,4,0.5,1,1,,0.26704086569908003,,False,True,False,task_feasible_early,0.26704104067311846,0.0,8.098542381079492e-15,0.26704086569908003,"[1.2769729144004596e-07,4.776453682796661e-07]",197489,158909,3580,1,True,
ur5e_trajectory_10_k1_f146,ur5e,regular_first_subproblems,1,scalar_early,1,0.5,1,1,,0.26704086569908003,,False,True,False,task_feasible_early,0.26704104067311846,0.0,8.098542381079492e-15,0.26704086569908003,"[1.2769729144004596e-07,4.776453682796661e-07]",201541,161196,3497,1,True,
ur5e_trajectory_10_k1_f146,ur5e,regular_first_subproblems,1,scalar_early,3,0.5,1,1,,0.26704086569908003,,False,True,False,task_feasible_early,0.26704104067311846,0.0,8.098542381079492e-15,0.26704086569908003,"[1.2769729144004596e-07,4.776453682796661e-07]",194282,154899,3675,1,True,
ur5e_trajectory_11_k0_f4,ur5e,regular_first_subproblems,0,scalar_early,1,0.5,1,1,,1.4172576221711966e-05,,False,True,False,task_feasible_early,1.4173265627752883e-05,0.0,8.636935761597507e-15,1.4172576221711966e-05,"[3.2218489011255344e-09,1.843036819293229e-09]",213123,173609,4048,1,True,
ur5e_trajectory_11_k0_f4,ur5e,regular_first_subproblems,0,scalar_early,2,0.5,1,1,,1.4172576221711966e-05,,False,True,False,task_feasible_early,1.4173265627752883e-05,0.0,8.636935761597507e-15,1.4172576221711966e-05,"[3.2218489011255344e-09,1.843036819293229e-09]",194248,156958,3348,1,True,
ur5e_trajectory_11_k0_f4,ur5e,regular_first_subproblems,0,scalar_early,0,0.5,1,1,,1.4172576221711966e-05,,False,True,False,task_feasible_early,1.4173265627752883e-05,0.0,8.636935761597507e-15,1.4172576221711966e-05,"[3.2218489011255344e-09,1.843036819293229e-09]",191935,154119,3789,1,True,
ur5e_trajectory_11_k0_f4,ur5e,regular_first_subproblems,0,scalar_early,4,0.5,1,1,,1.4172576221711966e-05,,False,True,False,task_feasible_early,1.4173265627752883e-05,0.0,8.636935761597507e-15,1.4172576221711966e-05,"[3.2218489011255344e-09,1.843036819293229e-09]",214097,174271,3663,1,True,
ur5e_trajectory_11_k0_f4,ur5e,regular_first_subproblems,0,scalar_early,3,0.5,1,1,,1.4172576221711966e-05,,False,True,False,task_feasible_early,1.4173265627752883e-05,0.0,8.636935761597507e-15,1.4172576221711966e-05,"[3.2218489011255344e-09,1.843036819293229e-09]",206095,167694,3465,1,True,
ur5e_trajectory_11_k0_f26,ur5e,regular_first_subproblems,0,scalar_early,1,0.5,1,1,,5.773037531511249e-05,,False,True,False,task_feasible_early,5.7736809249576825e-05,0.0,2.314808350320545e-14,5.773037531511249e-05,"[2.1092103280528522e-08,8.224234351852205e-09]",201913,162825,3951,1,True,
ur5e_trajectory_11_k0_f26,ur5e,regular_first_subproblems,0,scalar_early,4,0.5,1,1,,5.773037531511249e-05,,False,True,False,task_feasible_early,5.7736809249576825e-05,0.0,2.314808350320545e-14,5.773037531511249e-05,"[2.1092103280528522e-08,8.224234351852205e-09]",199601,161252,3575,1,True,
ur5e_trajectory_11_k0_f26,ur5e,regular_first_subproblems,0,scalar_early,3,0.5,1,1,,5.773037531511249e-05,,False,True,False,task_feasible_early,5.7736809249576825e-05,0.0,2.314808350320545e-14,5.773037531511249e-05,"[2.1092103280528522e-08,8.224234351852205e-09]",201260,161849,3817,1,True,
ur5e_trajectory_11_k0_f26,ur5e,regular_first_subproblems,0,scalar_early,2,0.5,1,1,,5.773037531511249e-05,,False,True,False,task_feasible_early,5.7736809249576825e-05,0.0,2.314808350320545e-14,5.773037531511249e-05,"[2.1092103280528522e-08,8.224234351852205e-09]",188775,152030,3521,1,True,
ur5e_trajectory_11_k0_f26,ur5e,regular_first_subproblems,0,scalar_early,0,0.5,1,1,,5.773037531511249e-05,,False,True,False,task_feasible_early,5.7736809249576825e-05,0.0,2.314808350320545e-14,5.773037531511249e-05,"[2.1092103280528522e-08,8.224234351852205e-09]",197668,158978,3496,1,True,
ur5e_trajectory_11_k0_f45,ur5e,regular_first_subproblems,0,scalar_early,0,0.5,1,1,,0.00013819093710976864,,False,True,False,task_feasible_early,0.0001382287218700354,0.0,1.540931966283796e-14,0.00013819093710976864,"[1.122825484417007e-07,3.6713027908164134e-08]",197231,159606,3690,1,True,
ur5e_trajectory_11_k0_f45,ur5e,regular_first_subproblems,0,scalar_early,1,0.5,1,1,,0.00013819093710976864,,False,True,False,task_feasible_early,0.0001382287218700354,0.0,1.540931966283796e-14,0.00013819093710976864,"[1.122825484417007e-07,3.6713027908164134e-08]",206122,166156,3889,1,True,
ur5e_trajectory_11_k0_f45,ur5e,regular_first_subproblems,0,scalar_early,4,0.5,1,1,,0.00013819093710976864,,False,True,False,task_feasible_early,0.0001382287218700354,0.0,1.540931966283796e-14,0.00013819093710976864,"[1.122825484417007e-07,3.6713027908164134e-08]",191199,153277,3700,1,True,
ur5e_trajectory_11_k0_f45,ur5e,regular_first_subproblems,0,scalar_early,2,0.5,1,1,,0.00013819093710976864,,False,True,False,task_feasible_early,0.0001382287218700354,0.0,1.540931966283796e-14,0.00013819093710976864,"[1.122825484417007e-07,3.6713027908164134e-08]",188397,150502,3682,1,True,
ur5e_trajectory_11_k0_f45,ur5e,regular_first_subproblems,0,scalar_early,3,0.5,1,1,,0.00013819093710976864,,False,True,False,task_feasible_early,0.0001382287218700354,0.0,1.540931966283796e-14,0.00013819093710976864,"[1.122825484417007e-07,3.6713027908164134e-08]",202014,163110,3829,1,True,
ur5e_trajectory_11_k0_f64,ur5e,regular_first_subproblems,0,scalar_early,0,0.5,1,1,,0.00020992653926789822,,False,True,False,task_feasible_early,0.00021100502697337907,0.0,3.859234884089423e-14,0.00020992653926789822,"[7.349904190814429e-06,5.192928779852742e-06]",190230,152595,3663,1,True,
ur5e_trajectory_11_k0_f64,ur5e,regular_first_subproblems,0,scalar_early,1,0.5,1,1,,0.00020992653926789822,,False,True,False,task_feasible_early,0.00021100502697337907,0.0,3.859234884089423e-14,0.00020992653926789822,"[7.349904190814429e-06,5.192928779852742e-06]",212725,171067,3605,1,True,
ur5e_trajectory_11_k0_f64,ur5e,regular_first_subproblems,0,scalar_early,4,0.5,1,1,,0.00020992653926789822,,False,True,False,task_feasible_early,0.00021100502697337907,0.0,3.859234884089423e-14,0.00020992653926789822,"[7.349904190814429e-06,5.192928779852742e-06]",205769,164748,3514,1,True,
ur5e_trajectory_11_k0_f64,ur5e,regular_first_subproblems,0,scalar_early,2,0.5,1,1,,0.00020992653926789822,,False,True,False,task_feasible_early,0.00021100502697337907,0.0,3.859234884089423e-14,0.00020992653926789822,"[7.349904190814429e-06,5.192928779852742e-06]",197395,159190,3698,1,True,
ur5e_trajectory_11_k0_f64,ur5e,regular_first_subproblems,0,scalar_early,3,0.5,1,1,,0.00020992653926789822,,False,True,False,task_feasible_early,0.00021100502697337907,0.0,3.859234884089423e-14,0.00020992653926789822,"[7.349904190814429e-06,5.192928779852742e-06]",209900,168242,3569,1,True,
ur5e_trajectory_11_k0_f84,ur5e,regular_first_subproblems,0,scalar_early,4,0.5,1,1,,0.00019717832479926214,,False,True,False,task_feasible_early,0.00019727585231374447,0.0,1.637720085286689e-14,0.00019717832479926214,"[3.855807324452227e-07,1.9052570348059099e-07]",189085,150454,3796,1,True,
ur5e_trajectory_11_k0_f84,ur5e,regular_first_subproblems,0,scalar_early,0,0.5,1,1,,0.00019717832479926214,,False,True,False,task_feasible_early,0.00019727585231374447,0.0,1.637720085286689e-14,0.00019717832479926214,"[3.855807324452227e-07,1.9052570348059099e-07]",203285,165941,3569,1,True,
ur5e_trajectory_11_k0_f84,ur5e,regular_first_subproblems,0,scalar_early,2,0.5,1,1,,0.00019717832479926214,,False,True,False,task_feasible_early,0.00019727585231374447,0.0,1.637720085286689e-14,0.00019717832479926214,"[3.855807324452227e-07,1.9052570348059099e-07]",198019,159775,3893,1,True,
ur5e_trajectory_11_k0_f84,ur5e,regular_first_subproblems,0,scalar_early,3,0.5,1,1,,0.00019717832479926214,,False,True,False,task_feasible_early,0.00019727585231374447,0.0,1.637720085286689e-14,0.00019717832479926214,"[3.855807324452227e-07,1.9052570348059099e-07]",202778,162178,3640,1,True,
ur5e_trajectory_11_k0_f84,ur5e,regular_first_subproblems,0,scalar_early,1,0.5,1,1,,0.00019717832479926214,,False,True,False,task_feasible_early,0.00019727585231374447,0.0,1.637720085286689e-14,0.00019717832479926214,"[3.855807324452227e-07,1.9052570348059099e-07]",209216,167695,3656,1,True,
ur5e_trajectory_11_k0_f103,ur5e,regular_first_subproblems,0,scalar_early,3,0.5,1,1,,0.00014201942371900418,,False,True,False,task_feasible_early,0.00014202004868235911,0.0,3.579259853767149e-14,0.00014201942371900418,"[1.1128116286742437e-07,1.1003123615751618e-07]",196491,158492,3830,1,True,
ur5e_trajectory_11_k0_f103,ur5e,regular_first_subproblems,0,scalar_early,2,0.5,1,1,,0.00014201942371900418,,False,True,False,task_feasible_early,0.00014202004868235911,0.0,3.579259853767149e-14,0.00014201942371900418,"[1.1128116286742437e-07,1.1003123615751618e-07]",237852,198277,3512,1,True,
ur5e_trajectory_11_k0_f103,ur5e,regular_first_subproblems,0,scalar_early,4,0.5,1,1,,0.00014201942371900418,,False,True,False,task_feasible_early,0.00014202004868235911,0.0,3.579259853767149e-14,0.00014201942371900418,"[1.1128116286742437e-07,1.1003123615751618e-07]",194378,156413,3568,1,True,
ur5e_trajectory_11_k0_f103,ur5e,regular_first_subproblems,0,scalar_early,0,0.5,1,1,,0.00014201942371900418,,False,True,False,task_feasible_early,0.00014202004868235911,0.0,3.579259853767149e-14,0.00014201942371900418,"[1.1128116286742437e-07,1.1003123615751618e-07]",192796,155136,3564,1,True,
ur5e_trajectory_11_k0_f103,ur5e,regular_first_subproblems,0,scalar_early,1,0.5,1,1,,0.00014201942371900418,,False,True,False,task_feasible_early,0.00014202004868235911,0.0,3.579259853767149e-14,0.00014201942371900418,"[1.1128116286742437e-07,1.1003123615751618e-07]",192809,153350,3673,1,True,
ur5e_trajectory_11_k0_f122,ur5e,regular_first_subproblems,0,scalar_early,4,0.5,1,1,,6.163618673527323e-05,,False,True,False,task_feasible_early,6.164158398218431e-05,0.0,1.2992930143631825e-14,6.163618673527323e-05,"[2.2958060291706155e-08,3.3752554113850196e-08]",216598,176088,3532,1,True,
ur5e_trajectory_11_k0_f122,ur5e,regular_first_subproblems,0,scalar_early,2,0.5,1,1,,6.163618673527323e-05,,False,True,False,task_feasible_early,6.164158398218431e-05,0.0,1.2992930143631825e-14,6.163618673527323e-05,"[2.2958060291706155e-08,3.3752554113850196e-08]",199622,160631,3900,1,True,
ur5e_trajectory_11_k0_f122,ur5e,regular_first_subproblems,0,scalar_early,3,0.5,1,1,,6.163618673527323e-05,,False,True,False,task_feasible_early,6.164158398218431e-05,0.0,1.2992930143631825e-14,6.163618673527323e-05,"[2.2958060291706155e-08,3.3752554113850196e-08]",195786,155881,3769,1,True,
ur5e_trajectory_11_k0_f122,ur5e,regular_first_subproblems,0,scalar_early,0,0.5,1,1,,6.163618673527323e-05,,False,True,False,task_feasible_early,6.164158398218431e-05,0.0,1.2992930143631825e-14,6.163618673527323e-05,"[2.2958060291706155e-08,3.3752554113850196e-08]",191348,151780,3496,1,True,
ur5e_trajectory_11_k0_f122,ur5e,regular_first_subproblems,0,scalar_early,1,0.5,1,1,,6.163618673527323e-05,,False,True,False,task_feasible_early,6.164158398218431e-05,0.0,1.2992930143631825e-14,6.163618673527323e-05,"[2.2958060291706155e-08,3.3752554113850196e-08]",197135,159283,3712,1,True,
ur5e_trajectory_11_k0_f146,ur5e,regular_first_subproblems,0,scalar_early,0,0.5,1,1,,1.6569176879482886e-05,,False,True,False,task_feasible_early,1.6570927917254907e-05,0.0,1.111110848057422e-14,1.6569176879482886e-05,"[4.5413611987369706e-09,8.043436742775038e-09]",199626,161390,3924,1,True,
ur5e_trajectory_11_k0_f146,ur5e,regular_first_subproblems,0,scalar_early,2,0.5,1,1,,1.6569176879482886e-05,,False,True,False,task_feasible_early,1.6570927917254907e-05,0.0,1.111110848057422e-14,1.6569176879482886e-05,"[4.5413611987369706e-09,8.043436742775038e-09]",195339,157682,3473,1,True,
ur5e_trajectory_11_k0_f146,ur5e,regular_first_subproblems,0,scalar_early,1,0.5,1,1,,1.6569176879482886e-05,,False,True,False,task_feasible_early,1.6570927917254907e-05,0.0,1.111110848057422e-14,1.6569176879482886e-05,"[4.5413611987369706e-09,8.043436742775038e-09]",199158,157769,4700,1,True,
ur5e_trajectory_11_k0_f146,ur5e,regular_first_subproblems,0,scalar_early,4,0.5,1,1,,1.6569176879482886e-05,,False,True,False,task_feasible_early,1.6570927917254907e-05,0.0,1.111110848057422e-14,1.6569176879482886e-05,"[4.5413611987369706e-09,8.043436742775038e-09]",194384,155524,3906,1,True,
ur5e_trajectory_11_k0_f146,ur5e,regular_first_subproblems,0,scalar_early,3,0.5,1,1,,1.6569176879482886e-05,,False,True,False,task_feasible_early,1.6570927917254907e-05,0.0,1.111110848057422e-14,1.6569176879482886e-05,"[4.5413611987369706e-09,8.043436742775038e-09]",209194,169854,3858,1,True,
ur5e_trajectory_11_k1_f4,ur5e,regular_first_subproblems,1,scalar_early,3,0.5,1,1,,0.038316796761237476,,False,True,False,task_feasible_early,0.0383168355278939,0.0,2.6266630899556766e-14,0.038316796761237476,"[1.0716776577408535e-07,2.9634452912897734e-08]",199426,160785,3854,1,True,
ur5e_trajectory_11_k1_f4,ur5e,regular_first_subproblems,1,scalar_early,4,0.5,1,1,,0.038316796761237476,,False,True,False,task_feasible_early,0.0383168355278939,0.0,2.6266630899556766e-14,0.038316796761237476,"[1.0716776577408535e-07,2.9634452912897734e-08]",202545,163862,3587,1,True,
ur5e_trajectory_11_k1_f4,ur5e,regular_first_subproblems,1,scalar_early,2,0.5,1,1,,0.038316796761237476,,False,True,False,task_feasible_early,0.0383168355278939,0.0,2.6266630899556766e-14,0.038316796761237476,"[1.0716776577408535e-07,2.9634452912897734e-08]",190417,152722,3751,1,True,
ur5e_trajectory_11_k1_f4,ur5e,regular_first_subproblems,1,scalar_early,0,0.5,1,1,,0.038316796761237476,,False,True,False,task_feasible_early,0.0383168355278939,0.0,2.6266630899556766e-14,0.038316796761237476,"[1.0716776577408535e-07,2.9634452912897734e-08]",194990,155339,3611,1,True,
ur5e_trajectory_11_k1_f4,ur5e,regular_first_subproblems,1,scalar_early,1,0.5,1,1,,0.038316796761237476,,False,True,False,task_feasible_early,0.0383168355278939,0.0,2.6266630899556766e-14,0.038316796761237476,"[1.0716776577408535e-07,2.9634452912897734e-08]",196015,156904,3909,1,True,
ur5e_trajectory_11_k1_f26,ur5e,regular_first_subproblems,1,scalar_early,4,0.5,1,1,,0.03876226951201454,,False,True,False,task_feasible_early,0.038762293023644846,0.0,1.7020845086023684e-14,0.03876226951201454,"[9.150122960973544e-08,4.4477968984028085e-08]",197639,159205,3959,1,True,
ur5e_trajectory_11_k1_f26,ur5e,regular_first_subproblems,1,scalar_early,1,0.5,1,1,,0.03876226951201454,,False,True,False,task_feasible_early,0.038762293023644846,0.0,1.7020845086023684e-14,0.03876226951201454,"[9.150122960973544e-08,4.4477968984028085e-08]",195061,157103,3681,1,True,
ur5e_trajectory_11_k1_f26,ur5e,regular_first_subproblems,1,scalar_early,2,0.5,1,1,,0.03876226951201454,,False,True,False,task_feasible_early,0.038762293023644846,0.0,1.7020845086023684e-14,0.03876226951201454,"[9.150122960973544e-08,4.4477968984028085e-08]",186209,149412,3436,1,True,
ur5e_trajectory_11_k1_f26,ur5e,regular_first_subproblems,1,scalar_early,0,0.5,1,1,,0.03876226951201454,,False,True,False,task_feasible_early,0.038762293023644846,0.0,1.7020845086023684e-14,0.03876226951201454,"[9.150122960973544e-08,4.4477968984028085e-08]",213141,171996,4011,1,True,
ur5e_trajectory_11_k1_f26,ur5e,regular_first_subproblems,1,scalar_early,3,0.5,1,1,,0.03876226951201454,,False,True,False,task_feasible_early,0.038762293023644846,0.0,1.7020845086023684e-14,0.03876226951201454,"[9.150122960973544e-08,4.4477968984028085e-08]",200841,159758,5849,1,True,
ur5e_trajectory_11_k1_f45,ur5e,regular_first_subproblems,1,scalar_early,1,0.5,1,1,,0.039726157356377155,,False,True,False,task_feasible_early,0.03972616353518137,0.0,1.559379280465073e-14,0.039726157356377155,"[1.0612733803036742e-07,9.376972958820127e-08]",209636,169974,4133,1,True,
ur5e_trajectory_11_k1_f45,ur5e,regular_first_subproblems,1,scalar_early,4,0.5,1,1,,0.039726157356377155,,False,True,False,task_feasible_early,0.03972616353518137,0.0,1.559379280465073e-14,0.039726157356377155,"[1.0612733803036742e-07,9.376972958820127e-08]",197840,156381,5101,1,True,
ur5e_trajectory_11_k1_f45,ur5e,regular_first_subproblems,1,scalar_early,0,0.5,1,1,,0.039726157356377155,,False,True,False,task_feasible_early,0.03972616353518137,0.0,1.559379280465073e-14,0.039726157356377155,"[1.0612733803036742e-07,9.376972958820127e-08]",193311,155149,3689,1,True,
ur5e_trajectory_11_k1_f45,ur5e,regular_first_subproblems,1,scalar_early,3,0.5,1,1,,0.039726157356377155,,False,True,False,task_feasible_early,0.03972616353518137,0.0,1.559379280465073e-14,0.039726157356377155,"[1.0612733803036742e-07,9.376972958820127e-08]",186540,149649,3692,1,True,
ur5e_trajectory_11_k1_f45,ur5e,regular_first_subproblems,1,scalar_early,2,0.5,1,1,,0.039726157356377155,,False,True,False,task_feasible_early,0.03972616353518137,0.0,1.559379280465073e-14,0.039726157356377155,"[1.0612733803036742e-07,9.376972958820127e-08]",205084,165629,3801,1,True,
ur5e_trajectory_11_k1_f64,ur5e,regular_first_subproblems,1,scalar_early,4,0.5,1,1,,0.041231424100341876,,False,True,False,task_feasible_early,0.04123166871712087,0.0,1.6280579355608324e-14,0.041231424100341876,"[1.1218624529918584e-06,6.326288949991563e-07]",216466,177697,3591,1,True,
ur5e_trajectory_11_k1_f64,ur5e,regular_first_subproblems,1,scalar_early,2,0.5,1,1,,0.041231424100341876,,False,True,False,task_feasible_early,0.04123166871712087,0.0,1.6280579355608324e-14,0.041231424100341876,"[1.1218624529918584e-06,6.326288949991563e-07]",213371,175133,3475,1,True,
ur5e_trajectory_11_k1_f64,ur5e,regular_first_subproblems,1,scalar_early,0,0.5,1,1,,0.041231424100341876,,False,True,False,task_feasible_early,0.04123166871712087,0.0,1.6280579355608324e-14,0.041231424100341876,"[1.1218624529918584e-06,6.326288949991563e-07]",190723,153434,3764,1,True,
ur5e_trajectory_11_k1_f64,ur5e,regular_first_subproblems,1,scalar_early,3,0.5,1,1,,0.041231424100341876,,False,True,False,task_feasible_early,0.04123166871712087,0.0,1.6280579355608324e-14,0.041231424100341876,"[1.1218624529918584e-06,6.326288949991563e-07]",192482,155163,3402,1,True,
ur5e_trajectory_11_k1_f64,ur5e,regular_first_subproblems,1,scalar_early,1,0.5,1,1,,0.041231424100341876,,False,True,False,task_feasible_early,0.04123166871712087,0.0,1.6280579355608324e-14,0.041231424100341876,"[1.1218624529918584e-06,6.326288949991563e-07]",198278,160607,3518,1,True,
ur5e_trajectory_11_k1_f84,ur5e,regular_first_subproblems,1,scalar_early,4,0.5,1,1,,0.04337227476348361,,False,True,False,task_feasible_early,0.04337229340340274,0.0,1.637720085286689e-14,0.04337227476348361,"[1.6310325075665798e-07,1.2582341250259877e-07]",210097,170790,3615,1,True,
ur5e_trajectory_11_k1_f84,ur5e,regular_first_subproblems,1,scalar_early,2,0.5,1,1,,0.04337227476348361,,False,True,False,task_feasible_early,0.04337229340340274,0.0,1.637720085286689e-14,0.04337227476348361,"[1.6310325075665798e-07,1.2582341250259877e-07]",194994,156282,3678,1,True,
ur5e_trajectory_11_k1_f84,ur5e,regular_first_subproblems,1,scalar_early,1,0.5,1,1,,0.04337227476348361,,False,True,False,task_feasible_early,0.04337229340340274,0.0,1.637720085286689e-14,0.04337227476348361,"[1.6310325075665798e-07,1.2582341250259877e-07]",190619,151568,3706,1,True,
ur5e_trajectory_11_k1_f84,ur5e,regular_first_subproblems,1,scalar_early,3,0.5,1,1,,0.04337227476348361,,False,True,False,task_feasible_early,0.04337229340340274,0.0,1.637720085286689e-14,0.04337227476348361,"[1.6310325075665798e-07,1.2582341250259877e-07]",197995,160372,3625,1,True,
ur5e_trajectory_11_k1_f84,ur5e,regular_first_subproblems,1,scalar_early,0,0.5,1,1,,0.04337227476348361,,False,True,False,task_feasible_early,0.04337229340340274,0.0,1.637720085286689e-14,0.04337227476348361,"[1.6310325075665798e-07,1.2582341250259877e-07]",205330,166533,3563,1,True,
ur5e_trajectory_11_k1_f103,ur5e,regular_first_subproblems,1,scalar_early,0,0.5,1,1,,0.04555471798293929,,False,True,False,task_feasible_early,0.04555472916609522,0.0,2.0485946440854968e-14,0.04555471798293929,"[4.7627622088943965e-08,2.5261310215656845e-08]",190672,153039,3754,1,True,
ur5e_trajectory_11_k1_f103,ur5e,regular_first_subproblems,1,scalar_early,1,0.5,1,1,,0.04555471798293929,,False,True,False,task_feasible_early,0.04555472916609522,0.0,2.0485946440854968e-14,0.04555471798293929,"[4.7627622088943965e-08,2.5261310215656845e-08]",206533,166723,3455,1,True,
ur5e_trajectory_11_k1_f103,ur5e,regular_first_subproblems,1,scalar_early,2,0.5,1,1,,0.04555471798293929,,False,True,False,task_feasible_early,0.04555472916609522,0.0,2.0485946440854968e-14,0.04555471798293929,"[4.7627622088943965e-08,2.5261310215656845e-08]",201693,163377,3718,1,True,
ur5e_trajectory_11_k1_f103,ur5e,regular_first_subproblems,1,scalar_early,3,0.5,1,1,,0.04555471798293929,,False,True,False,task_feasible_early,0.04555472916609522,0.0,2.0485946440854968e-14,0.04555471798293929,"[4.7627622088943965e-08,2.5261310215656845e-08]",193997,155744,3605,1,True,
ur5e_trajectory_11_k1_f103,ur5e,regular_first_subproblems,1,scalar_early,4,0.5,1,1,,0.04555471798293929,,False,True,False,task_feasible_early,0.04555472916609522,0.0,2.0485946440854968e-14,0.04555471798293929,"[4.7627622088943965e-08,2.5261310215656845e-08]",188336,151775,3461,1,True,
ur5e_trajectory_11_k1_f122,ur5e,regular_first_subproblems,1,scalar_early,2,0.5,1,1,,0.04738266382223261,,False,True,False,task_feasible_early,0.04738266657901612,0.0,8.565282493038633e-15,0.04738266382223261,"[1.7041041757726882e-08,1.1527474733032489e-08]",208098,168289,3688,1,True,
ur5e_trajectory_11_k1_f122,ur5e,regular_first_subproblems,1,scalar_early,3,0.5,1,1,,0.04738266382223261,,False,True,False,task_feasible_early,0.04738266657901612,0.0,8.565282493038633e-15,0.04738266382223261,"[1.7041041757726882e-08,1.1527474733032489e-08]",223335,184621,3663,1,True,
ur5e_trajectory_11_k1_f122,ur5e,regular_first_subproblems,1,scalar_early,4,0.5,1,1,,0.04738266382223261,,False,True,False,task_feasible_early,0.04738266657901612,0.0,8.565282493038633e-15,0.04738266382223261,"[1.7041041757726882e-08,1.1527474733032489e-08]",187118,149063,3706,1,True,
ur5e_trajectory_11_k1_f122,ur5e,regular_first_subproblems,1,scalar_early,0,0.5,1,1,,0.04738266382223261,,False,True,False,task_feasible_early,0.04738266657901612,0.0,8.565282493038633e-15,0.04738266382223261,"[1.7041041757726882e-08,1.1527474733032489e-08]",197986,159403,3535,1,True,
ur5e_trajectory_11_k1_f122,ur5e,regular_first_subproblems,1,scalar_early,1,0.5,1,1,,0.04738266382223261,,False,True,False,task_feasible_early,0.04738266657901612,0.0,8.565282493038633e-15,0.04738266382223261,"[1.7041041757726882e-08,1.1527474733032489e-08]",197453,159365,3877,1,True,
ur5e_trajectory_11_k1_f146,ur5e,regular_first_subproblems,1,scalar_early,4,0.5,1,1,,0.04849561625184636,,False,True,False,task_feasible_early,0.04849561758465616,0.0,7.464959971954173e-15,0.04849561625184636,"[9.939465356994997e-09,1.2605084964875519e-08]",204514,166004,3696,1,True,
ur5e_trajectory_11_k1_f146,ur5e,regular_first_subproblems,1,scalar_early,3,0.5,1,1,,0.04849561625184636,,False,True,False,task_feasible_early,0.04849561758465616,0.0,7.464959971954173e-15,0.04849561625184636,"[9.939465356994997e-09,1.2605084964875519e-08]",189951,149810,6503,1,True,
ur5e_trajectory_11_k1_f146,ur5e,regular_first_subproblems,1,scalar_early,1,0.5,1,1,,0.04849561625184636,,False,True,False,task_feasible_early,0.04849561758465616,0.0,7.464959971954173e-15,0.04849561625184636,"[9.939465356994997e-09,1.2605084964875519e-08]",193459,155335,3991,1,True,
ur5e_trajectory_11_k1_f146,ur5e,regular_first_subproblems,1,scalar_early,2,0.5,1,1,,0.04849561625184636,,False,True,False,task_feasible_early,0.04849561758465616,0.0,7.464959971954173e-15,0.04849561625184636,"[9.939465356994997e-09,1.2605084964875519e-08]",207452,167657,3795,1,True,
ur5e_trajectory_11_k1_f146,ur5e,regular_first_subproblems,1,scalar_early,0,0.5,1,1,,0.04849561625184636,,False,True,False,task_feasible_early,0.04849561758465616,0.0,7.464959971954173e-15,0.04849561625184636,"[9.939465356994997e-09,1.2605084964875519e-08]",196881,156296,3864,1,True,
ur5e_trajectory_00_k0_f0,ur5e,regular_first_subproblems,0,scalar_early,0,0.5,1,1,,0.0005376385468571944,,False,True,False,task_feasible_early,0.0005540788965956568,0.0,6.375116770458917e-14,0.0005376385468571944,"[9.29416830731086e-06,4.217486778423558e-05]",206331,166535,3598,1,True,
ur5e_trajectory_00_k0_f0,ur5e,regular_first_subproblems,0,scalar_early,2,0.5,1,1,,0.0005376385468571944,,False,True,False,task_feasible_early,0.0005540788965956568,0.0,6.375116770458917e-14,0.0005376385468571944,"[9.29416830731086e-06,4.217486778423558e-05]",206119,167632,3762,1,True,
ur5e_trajectory_00_k0_f0,ur5e,regular_first_subproblems,0,scalar_early,1,0.5,1,1,,0.0005376385468571944,,False,True,False,task_feasible_early,0.0005540788965956568,0.0,6.375116770458917e-14,0.0005376385468571944,"[9.29416830731086e-06,4.217486778423558e-05]",214325,173224,4064,1,True,
ur5e_trajectory_00_k0_f0,ur5e,regular_first_subproblems,0,scalar_early,4,0.5,1,1,,0.0005376385468571944,,False,True,False,task_feasible_early,0.0005540788965956568,0.0,6.375116770458917e-14,0.0005376385468571944,"[9.29416830731086e-06,4.217486778423558e-05]",193720,155971,3722,1,True,
ur5e_trajectory_00_k0_f0,ur5e,regular_first_subproblems,0,scalar_early,3,0.5,1,1,,0.0005376385468571944,,False,True,False,task_feasible_early,0.0005540788965956568,0.0,6.375116770458917e-14,0.0005376385468571944,"[9.29416830731086e-06,4.217486778423558e-05]",198057,159507,3934,1,True,
ur5e_trajectory_00_k0_f21,ur5e,regular_first_subproblems,0,scalar_early,1,0.5,1,1,,0.0002731564826362828,,False,True,False,task_feasible_early,0.0002732062053590116,0.0,9.565974336450906e-15,0.0002731564826362828,"[2.4391843145664503e-06,2.3397388691089226e-06]",206888,167922,3939,1,True,
ur5e_trajectory_00_k0_f21,ur5e,regular_first_subproblems,0,scalar_early,3,0.5,1,1,,0.0002731564826362828,,False,True,False,task_feasible_early,0.0002732062053590116,0.0,9.565974336450906e-15,0.0002731564826362828,"[2.4391843145664503e-06,2.3397388691089226e-06]",207231,169111,3600,1,True,
ur5e_trajectory_00_k0_f21,ur5e,regular_first_subproblems,0,scalar_early,4,0.5,1,1,,0.0002731564826362828,,False,True,False,task_feasible_early,0.0002732062053590116,0.0,9.565974336450906e-15,0.0002731564826362828,"[2.4391843145664503e-06,2.3397388691089226e-06]",206981,167731,3906,1,True,
ur5e_trajectory_00_k0_f21,ur5e,regular_first_subproblems,0,scalar_early,2,0.5,1,1,,0.0002731564826362828,,False,True,False,task_feasible_early,0.0002732062053590116,0.0,9.565974336450906e-15,0.0002731564826362828,"[2.4391843145664503e-06,2.3397388691089226e-06]",195835,154916,3502,1,True,
ur5e_trajectory_00_k0_f21,ur5e,regular_first_subproblems,0,scalar_early,0,0.5,1,1,,0.0002731564826362828,,False,True,False,task_feasible_early,0.0002732062053590116,0.0,9.565974336450906e-15,0.0002731564826362828,"[2.4391843145664503e-06,2.3397388691089226e-06]",198804,161342,3710,1,True,
ur5e_trajectory_00_k0_f42,ur5e,regular_first_subproblems,0,scalar_early,4,0.5,1,1,,0.0004812981074122229,,False,True,False,task_feasible_early,0.00048147661868743033,0.0,1.6304788408914756e-14,0.0004812981074122229,"[4.953284174885604e-08,4.0655539216371974e-07]",201024,160299,4089,1,True,
ur5e_trajectory_00_k0_f42,ur5e,regular_first_subproblems,0,scalar_early,0,0.5,1,1,,0.0004812981074122229,,False,True,False,task_feasible_early,0.00048147661868743033,0.0,1.6304788408914756e-14,0.0004812981074122229,"[4.953284174885604e-08,4.0655539216371974e-07]",188186,150092,3874,1,True,
ur5e_trajectory_00_k0_f42,ur5e,regular_first_subproblems,0,scalar_early,1,0.5,1,1,,0.0004812981074122229,,False,True,False,task_feasible_early,0.00048147661868743033,0.0,1.6304788408914756e-14,0.0004812981074122229,"[4.953284174885604e-08,4.0655539216371974e-07]",208570,168745,3560,1,True,
ur5e_trajectory_00_k0_f42,ur5e,regular_first_subproblems,0,scalar_early,3,0.5,1,1,,0.0004812981074122229,,False,True,False,task_feasible_early,0.00048147661868743033,0.0,1.6304788408914756e-14,0.0004812981074122229,"[4.953284174885604e-08,4.0655539216371974e-07]",201480,163253,3516,1,True,
ur5e_trajectory_00_k0_f42,ur5e,regular_first_subproblems,0,scalar_early,2,0.5,1,1,,0.0004812981074122229,,False,True,False,task_feasible_early,0.00048147661868743033,0.0,1.6304788408914756e-14,0.0004812981074122229,"[4.953284174885604e-08,4.0655539216371974e-07]",204269,166069,3575,1,True,
ur5e_trajectory_00_k0_f63,ur5e,regular_first_subproblems,0,scalar_early,3,0.5,1,1,,0.0005031995034657157,,False,True,False,task_feasible_early,0.0005032095299255042,0.0,6.029155041345696e-14,0.0005031995034657157,"[6.108505822250376e-09,2.616142539912668e-08]",216549,176508,3639,1,True,
ur5e_trajectory_00_k0_f63,ur5e,regular_first_subproblems,0,scalar_early,1,0.5,1,1,,0.0005031995034657157,,False,True,False,task_feasible_early,0.0005032095299255042,0.0,6.029155041345696e-14,0.0005031995034657157,"[6.108505822250376e-09,2.616142539912668e-08]",193978,155383,3862,1,True,
ur5e_trajectory_00_k0_f63,ur5e,regular_first_subproblems,0,scalar_early,2,0.5,1,1,,0.0005031995034657157,,False,True,False,task_feasible_early,0.0005032095299255042,0.0,6.029155041345696e-14,0.0005031995034657157,"[6.108505822250376e-09,2.616142539912668e-08]",195183,155028,3480,1,True,
ur5e_trajectory_00_k0_f63,ur5e,regular_first_subproblems,0,scalar_early,4,0.5,1,1,,0.0005031995034657157,,False,True,False,task_feasible_early,0.0005032095299255042,0.0,6.029155041345696e-14,0.0005031995034657157,"[6.108505822250376e-09,2.616142539912668e-08]",194264,156080,3629,1,True,
ur5e_trajectory_00_k0_f63,ur5e,regular_first_subproblems,0,scalar_early,0,0.5,1,1,,0.0005031995034657157,,False,True,False,task_feasible_early,0.0005032095299255042,0.0,6.029155041345696e-14,0.0005031995034657157,"[6.108505822250376e-09,2.616142539912668e-08]",197221,157335,3385,1,True,
ur5e_trajectory_00_k0_f85,ur5e,regular_first_subproblems,0,scalar_early,1,0.5,1,1,,0.0002710197791109752,,False,True,False,task_feasible_early,0.00027222080308138415,0.0,6.976724876645164e-14,0.0002710197791109752,"[7.506650773370563e-09,2.409554591591243e-06]",205322,165831,4002,1,True,
ur5e_trajectory_00_k0_f85,ur5e,regular_first_subproblems,0,scalar_early,3,0.5,1,1,,0.0002710197791109752,,False,True,False,task_feasible_early,0.00027222080308138415,0.0,6.976724876645164e-14,0.0002710197791109752,"[7.506650773370563e-09,2.409554591591243e-06]",202348,162486,3815,1,True,
ur5e_trajectory_00_k0_f85,ur5e,regular_first_subproblems,0,scalar_early,0,0.5,1,1,,0.0002710197791109752,,False,True,False,task_feasible_early,0.00027222080308138415,0.0,6.976724876645164e-14,0.0002710197791109752,"[7.506650773370563e-09,2.409554591591243e-06]",201178,162195,3973,1,True,
ur5e_trajectory_00_k0_f85,ur5e,regular_first_subproblems,0,scalar_early,2,0.5,1,1,,0.0002710197791109752,,False,True,False,task_feasible_early,0.00027222080308138415,0.0,6.976724876645164e-14,0.0002710197791109752,"[7.506650773370563e-09,2.409554591591243e-06]",191603,153318,3749,1,True,
ur5e_trajectory_00_k0_f85,ur5e,regular_first_subproblems,0,scalar_early,4,0.5,1,1,,0.0002710197791109752,,False,True,False,task_feasible_early,0.00027222080308138415,0.0,6.976724876645164e-14,0.0002710197791109752,"[7.506650773370563e-09,2.409554591591243e-06]",210484,170644,3751,1,True,
ur5e_trajectory_00_k0_f106,ur5e,regular_first_subproblems,0,scalar_early,2,0.5,1,1,,0.0003581573808825166,,False,True,False,task_feasible_early,0.0003640627205059372,0.0,6.434238129413513e-14,0.0003581573808825166,"[1.371894847705303e-08,1.1824398195318272e-05]",227824,185519,4270,1,True,
ur5e_trajectory_00_k0_f106,ur5e,regular_first_subproblems,0,scalar_early,0,0.5,1,1,,0.0003581573808825166,,False,True,False,task_feasible_early,0.0003640627205059372,0.0,6.434238129413513e-14,0.0003581573808825166,"[1.371894847705303e-08,1.1824398195318272e-05]",199318,160198,3916,1,True,
ur5e_trajectory_00_k0_f106,ur5e,regular_first_subproblems,0,scalar_early,4,0.5,1,1,,0.0003581573808825166,,False,True,False,task_feasible_early,0.0003640627205059372,0.0,6.434238129413513e-14,0.0003581573808825166,"[1.371894847705303e-08,1.1824398195318272e-05]",222750,182259,4397,1,True,
ur5e_trajectory_00_k0_f106,ur5e,regular_first_subproblems,0,scalar_early,1,0.5,1,1,,0.0003581573808825166,,False,True,False,task_feasible_early,0.0003640627205059372,0.0,6.434238129413513e-14,0.0003581573808825166,"[1.371894847705303e-08,1.1824398195318272e-05]",196071,157521,3825,1,True,
ur5e_trajectory_00_k0_f106,ur5e,regular_first_subproblems,0,scalar_early,3,0.5,1,1,,0.0003581573808825166,,False,True,False,task_feasible_early,0.0003640627205059372,0.0,6.434238129413513e-14,0.0003581573808825166,"[1.371894847705303e-08,1.1824398195318272e-05]",213117,172847,3706,1,True,
ur5e_trajectory_00_k0_f127,ur5e,regular_first_subproblems,0,scalar_early,2,0.5,1,1,,0.0005441270367566297,,False,True,False,task_feasible_early,0.0005443444835156593,0.0,2.864289338439558e-14,0.0005441270367566297,"[2.758509830251587e-08,4.624786163617461e-07]",193115,155671,3734,1,True,
ur5e_trajectory_00_k0_f127,ur5e,regular_first_subproblems,0,scalar_early,4,0.5,1,1,,0.0005441270367566297,,False,True,False,task_feasible_early,0.0005443444835156593,0.0,2.864289338439558e-14,0.0005441270367566297,"[2.758509830251587e-08,4.624786163617461e-07]",219446,179145,4009,1,True,
ur5e_trajectory_00_k0_f127,ur5e,regular_first_subproblems,0,scalar_early,3,0.5,1,1,,0.0005441270367566297,,False,True,False,task_feasible_early,0.0005443444835156593,0.0,2.864289338439558e-14,0.0005441270367566297,"[2.758509830251587e-08,4.624786163617461e-07]",200522,159175,3695,1,True,
ur5e_trajectory_00_k0_f127,ur5e,regular_first_subproblems,0,scalar_early,1,0.5,1,1,,0.0005441270367566297,,False,True,False,task_feasible_early,0.0005443444835156593,0.0,2.864289338439558e-14,0.0005441270367566297,"[2.758509830251587e-08,4.624786163617461e-07]",205950,166709,3939,1,True,
ur5e_trajectory_00_k0_f127,ur5e,regular_first_subproblems,0,scalar_early,0,0.5,1,1,,0.0005441270367566297,,False,True,False,task_feasible_early,0.0005443444835156593,0.0,2.864289338439558e-14,0.0005441270367566297,"[2.758509830251587e-08,4.624786163617461e-07]",200985,161617,3713,1,True,
ur5e_trajectory_00_k0_f149,ur5e,regular_first_subproblems,0,scalar_early,4,0.5,1,1,,0.0003853255546038301,,False,True,False,task_feasible_early,0.00038598583892212094,0.0,3.595820250601821e-15,0.0003853255546038301,"[2.0593728348281174e-07,1.5265059200644814e-06]",211068,168267,3779,1,True,
ur5e_trajectory_00_k0_f149,ur5e,regular_first_subproblems,0,scalar_early,2,0.5,1,1,,0.0003853255546038301,,False,True,False,task_feasible_early,0.00038598583892212094,0.0,3.595820250601821e-15,0.0003853255546038301,"[2.0593728348281174e-07,1.5265059200644814e-06]",194677,157312,3508,1,True,
ur5e_trajectory_00_k0_f149,ur5e,regular_first_subproblems,0,scalar_early,3,0.5,1,1,,0.0003853255546038301,,False,True,False,task_feasible_early,0.00038598583892212094,0.0,3.595820250601821e-15,0.0003853255546038301,"[2.0593728348281174e-07,1.5265059200644814e-06]",207525,167707,3591,1,True,
ur5e_trajectory_00_k0_f149,ur5e,regular_first_subproblems,0,scalar_early,1,0.5,1,1,,0.0003853255546038301,,False,True,False,task_feasible_early,0.00038598583892212094,0.0,3.595820250601821e-15,0.0003853255546038301,"[2.0593728348281174e-07,1.5265059200644814e-06]",187702,150903,3585,1,True,
ur5e_trajectory_00_k0_f149,ur5e,regular_first_subproblems,0,scalar_early,0,0.5,1,1,,0.0003853255546038301,,False,True,False,task_feasible_early,0.00038598583892212094,0.0,3.595820250601821e-15,0.0003853255546038301,"[2.0593728348281174e-07,1.5265059200644814e-06]",192244,154662,3862,1,True,
ur5e_trajectory_00_k1_f0,ur5e,regular_first_subproblems,1,scalar_early,1,0.5,1,1,,0.07903384867779818,,False,True,False,task_feasible_early,0.07905455311545334,0.0,8.048559883567093e-14,0.07903384867779818,"[1.2694012332363564e-05,5.410288764266118e-05]",204211,165109,4207,1,True,
ur5e_trajectory_00_k1_f0,ur5e,regular_first_subproblems,1,scalar_early,4,0.5,1,1,,0.07903384867779818,,False,True,False,task_feasible_early,0.07905455311545334,0.0,8.048559883567093e-14,0.07903384867779818,"[1.2694012332363564e-05,5.410288764266118e-05]",207627,165866,3964,1,True,
ur5e_trajectory_00_k1_f0,ur5e,regular_first_subproblems,1,scalar_early,2,0.5,1,1,,0.07903384867779818,,False,True,False,task_feasible_early,0.07905455311545334,0.0,8.048559883567093e-14,0.07903384867779818,"[1.2694012332363564e-05,5.410288764266118e-05]",210563,170571,3812,1,True,
ur5e_trajectory_00_k1_f0,ur5e,regular_first_subproblems,1,scalar_early,0,0.5,1,1,,0.07903384867779818,,False,True,False,task_feasible_early,0.07905455311545334,0.0,8.048559883567093e-14,0.07903384867779818,"[1.2694012332363564e-05,5.410288764266118e-05]",196739,155945,3857,1,True,
ur5e_trajectory_00_k1_f0,ur5e,regular_first_subproblems,1,scalar_early,3,0.5,1,1,,0.07903384867779818,,False,True,False,task_feasible_early,0.07905455311545334,0.0,8.048559883567093e-14,0.07903384867779818,"[1.2694012332363564e-05,5.410288764266118e-05]",191987,154272,3709,1,True,
ur5e_trajectory_00_k1_f21,ur5e,regular_first_subproblems,1,scalar_early,2,0.5,1,1,,0.06975982027391901,,False,True,False,task_feasible_early,0.06976014859676254,0.0,9.769962616701378e-15,0.06975982027391901,"[4.053783145343235e-06,4.7104288324103775e-06]",215293,175422,4309,1,True,
ur5e_trajectory_00_k1_f21,ur5e,regular_first_subproblems,1,scalar_early,3,0.5,1,1,,0.06975982027391901,,False,True,False,task_feasible_early,0.06976014859676254,0.0,9.769962616701378e-15,0.06975982027391901,"[4.053783145343235e-06,4.7104288324103775e-06]",210227,171917,3824,1,True,
ur5e_trajectory_00_k1_f21,ur5e,regular_first_subproblems,1,scalar_early,1,0.5,1,1,,0.06975982027391901,,False,True,False,task_feasible_early,0.06976014859676254,0.0,9.769962616701378e-15,0.06975982027391901,"[4.053783145343235e-06,4.7104288324103775e-06]",197452,159256,3743,1,True,
ur5e_trajectory_00_k1_f21,ur5e,regular_first_subproblems,1,scalar_early,0,0.5,1,1,,0.06975982027391901,,False,True,False,task_feasible_early,0.06976014859676254,0.0,9.769962616701378e-15,0.06975982027391901,"[4.053783145343235e-06,4.7104288324103775e-06]",192973,155002,3749,1,True,
ur5e_trajectory_00_k1_f21,ur5e,regular_first_subproblems,1,scalar_early,4,0.5,1,1,,0.06975982027391901,,False,True,False,task_feasible_early,0.06976014859676254,0.0,9.769962616701378e-15,0.06975982027391901,"[4.053783145343235e-06,4.7104288324103775e-06]",199154,160681,3759,1,True,
ur5e_trajectory_00_k1_f42,ur5e,regular_first_subproblems,1,scalar_early,4,0.5,1,1,,0.06977143922850212,,False,True,False,task_feasible_early,0.06977181617854243,0.0,5.0242958677880805e-15,0.06977143922850212,"[5.017125104852631e-08,8.040713316610077e-07]",209665,168587,4000,1,True,
ur5e_trajectory_00_k1_f42,ur5e,regular_first_subproblems,1,scalar_early,0,0.5,1,1,,0.06977143922850212,,False,True,False,task_feasible_early,0.06977181617854243,0.0,5.0242958677880805e-15,0.06977143922850212,"[5.017125104852631e-08,8.040713316610077e-07]",198620,160106,4077,1,True,
ur5e_trajectory_00_k1_f42,ur5e,regular_first_subproblems,1,scalar_early,2,0.5,1,1,,0.06977143922850212,,False,True,False,task_feasible_early,0.06977181617854243,0.0,5.0242958677880805e-15,0.06977143922850212,"[5.017125104852631e-08,8.040713316610077e-07]",198091,159055,4286,1,True,
ur5e_trajectory_00_k1_f42,ur5e,regular_first_subproblems,1,scalar_early,3,0.5,1,1,,0.06977143922850212,,False,True,False,task_feasible_early,0.06977181617854243,0.0,5.0242958677880805e-15,0.06977143922850212,"[5.017125104852631e-08,8.040713316610077e-07]",207482,166666,3669,1,True,
ur5e_trajectory_00_k1_f42,ur5e,regular_first_subproblems,1,scalar_early,1,0.5,1,1,,0.06977143922850212,,False,True,False,task_feasible_early,0.06977181617854243,0.0,5.0242958677880805e-15,0.06977143922850212,"[5.017125104852631e-08,8.040713316610077e-07]",193390,155207,3733,1,True,
ur5e_trajectory_00_k1_f63,ur5e,regular_first_subproblems,1,scalar_early,2,0.5,1,1,,0.0794935639000606,,False,True,False,task_feasible_early,0.07949360730263522,0.0,1.1396405548925828e-13,0.0794935639000606,"[2.665469002964318e-08,1.1345983925886818e-07]",203052,163903,4090,1,True,
ur5e_trajectory_00_k1_f63,ur5e,regular_first_subproblems,1,scalar_early,0,0.5,1,1,,0.0794935639000606,,False,True,False,task_feasible_early,0.07949360730263522,0.0,1.1396405548925828e-13,0.0794935639000606,"[2.665469002964318e-08,1.1345983925886818e-07]",203944,162837,3670,1,True,
ur5e_trajectory_00_k1_f63,ur5e,regular_first_subproblems,1,scalar_early,1,0.5,1,1,,0.0794935639000606,,False,True,False,task_feasible_early,0.07949360730263522,0.0,1.1396405548925828e-13,0.0794935639000606,"[2.665469002964318e-08,1.1345983925886818e-07]",207171,166923,3929,1,True,
ur5e_trajectory_00_k1_f63,ur5e,regular_first_subproblems,1,scalar_early,4,0.5,1,1,,0.0794935639000606,,False,True,False,task_feasible_early,0.07949360730263522,0.0,1.1396405548925828e-13,0.0794935639000606,"[2.665469002964318e-08,1.1345983925886818e-07]",194964,157364,3385,1,True,
ur5e_trajectory_00_k1_f63,ur5e,regular_first_subproblems,1,scalar_early,3,0.5,1,1,,0.0794935639000606,,False,True,False,task_feasible_early,0.07949360730263522,0.0,1.1396405548925828e-13,0.0794935639000606,"[2.665469002964318e-08,1.1345983925886818e-07]",384872,345860,3721,1,True,
ur5e_trajectory_00_k1_f85,ur5e,regular_first_subproblems,1,scalar_early,0,0.5,1,1,,0.09255370852820873,,False,True,False,task_feasible_early,0.09255442329501214,0.0,6.39750544471274e-14,0.09255370852820873,"[3.913882105578241e-08,1.4686724278626085e-06]",204023,165736,3588,1,True,
ur5e_trajectory_00_k1_f85,ur5e,regular_first_subproblems,1,scalar_early,3,0.5,1,1,,0.09255370852820873,,False,True,False,task_feasible_early,0.09255442329501214,0.0,6.39750544471274e-14,0.09255370852820873,"[3.913882105578241e-08,1.4686724278626085e-06]",215915,173901,4133,1,True,
ur5e_trajectory_00_k1_f85,ur5e,regular_first_subproblems,1,scalar_early,2,0.5,1,1,,0.09255370852820873,,False,True,False,task_feasible_early,0.09255442329501214,0.0,6.39750544471274e-14,0.09255370852820873,"[3.913882105578241e-08,1.4686724278626085e-06]",193176,155076,3748,1,True,
ur5e_trajectory_00_k1_f85,ur5e,regular_first_subproblems,1,scalar_early,4,0.5,1,1,,0.09255370852820873,,False,True,False,task_feasible_early,0.09255442329501214,0.0,6.39750544471274e-14,0.09255370852820873,"[3.913882105578241e-08,1.4686724278626085e-06]",191992,153445,3717,1,True,
ur5e_trajectory_00_k1_f85,ur5e,regular_first_subproblems,1,scalar_early,1,0.5,1,1,,0.09255370852820873,,False,True,False,task_feasible_early,0.09255442329501214,0.0,6.39750544471274e-14,0.09255370852820873,"[3.913882105578241e-08,1.4686724278626085e-06]",201877,160874,3571,1,True,
ur5e_trajectory_00_k1_f106,ur5e,regular_first_subproblems,1,scalar_early,2,0.5,1,1,,0.0976514195336501,,False,True,False,task_feasible_early,0.09765444896399719,0.0,2.9724135207732e-14,0.0976514195336501,"[3.09806081843134e-08,6.089841302370779e-06]",216851,174720,4511,1,True,
ur5e_trajectory_00_k1_f106,ur5e,regular_first_subproblems,1,scalar_early,3,0.5,1,1,,0.0976514195336501,,False,True,False,task_feasible_early,0.09765444896399719,0.0,2.9724135207732e-14,0.0976514195336501,"[3.09806081843134e-08,6.089841302370779e-06]",200058,159058,4196,1,True,
ur5e_trajectory_00_k1_f106,ur5e,regular_first_subproblems,1,scalar_early,0,0.5,1,1,,0.0976514195336501,,False,True,False,task_feasible_early,0.09765444896399719,0.0,2.9724135207732e-14,0.0976514195336501,"[3.09806081843134e-08,6.089841302370779e-06]",200326,160552,3967,1,True,
ur5e_trajectory_00_k1_f106,ur5e,regular_first_subproblems,1,scalar_early,4,0.5,1,1,,0.0976514195336501,,False,True,False,task_feasible_early,0.09765444896399719,0.0,2.9724135207732e-14,0.0976514195336501,"[3.09806081843134e-08,6.089841302370779e-06]",215168,170981,3921,1,True,
ur5e_trajectory_00_k1_f106,ur5e,regular_first_subproblems,1,scalar_early,1,0.5,1,1,,0.0976514195336501,,False,True,False,task_feasible_early,0.09765444896399719,0.0,2.9724135207732e-14,0.0976514195336501,"[3.09806081843134e-08,6.089841302370779e-06]",218402,178828,3712,1,True,
ur5e_trajectory_00_k1_f127,ur5e,regular_first_subproblems,1,scalar_early,3,0.5,1,1,,0.09183743135362993,,False,True,False,task_feasible_early,0.09183745638854256,0.0,2.95110562224397e-14,0.09183743135362993,"[2.0500444894807115e-08,7.057027014059532e-08]",213781,173338,3814,1,True,
ur5e_trajectory_00_k1_f127,ur5e,regular_first_subproblems,1,scalar_early,2,0.5,1,1,,0.09183743135362993,,False,True,False,task_feasible_early,0.09183745638854256,0.0,2.95110562224397e-14,0.09183743135362993,"[2.0500444894807115e-08,7.057027014059532e-08]",189674,152304,3753,1,True,
ur5e_trajectory_00_k1_f127,ur5e,regular_first_subproblems,1,scalar_early,1,0.5,1,1,,0.09183743135362993,,False,True,False,task_feasible_early,0.09183745638854256,0.0,2.95110562224397e-14,0.09183743135362993,"[2.0500444894807115e-08,7.057027014059532e-08]",190534,151882,3641,1,True,
ur5e_trajectory_00_k1_f127,ur5e,regular_first_subproblems,1,scalar_early,4,0.5,1,1,,0.09183743135362993,,False,True,False,task_feasible_early,0.09183745638854256,0.0,2.95110562224397e-14,0.09183743135362993,"[2.0500444894807115e-08,7.057027014059532e-08]",197589,158948,3890,1,True,
ur5e_trajectory_00_k1_f127,ur5e,regular_first_subproblems,1,scalar_early,0,0.5,1,1,,0.09183743135362993,,False,True,False,task_feasible_early,0.09183745638854256,0.0,2.95110562224397e-14,0.09183743135362993,"[2.0500444894807115e-08,7.057027014059532e-08]",197490,159589,3784,1,True,
ur5e_trajectory_00_k1_f149,ur5e,regular_first_subproblems,1,scalar_early,0,0.5,1,1,,0.07944665326402377,,False,True,False,task_feasible_early,0.07944842799745609,0.0,6.365364737736103e-14,0.07944665326402377,"[9.121035057123361e-07,4.461570370362372e-06]",212418,173041,4251,1,True,
ur5e_trajectory_00_k1_f149,ur5e,regular_first_subproblems,1,scalar_early,1,0.5,1,1,,0.07944665326402377,,False,True,False,task_feasible_early,0.07944842799745609,0.0,6.365364737736103e-14,0.07944665326402377,"[9.121035057123361e-07,4.461570370362372e-06]",207587,166625,3893,1,True,
ur5e_trajectory_00_k1_f149,ur5e,regular_first_subproblems,1,scalar_early,4,0.5,1,1,,0.07944665326402377,,False,True,False,task_feasible_early,0.07944842799745609,0.0,6.365364737736103e-14,0.07944665326402377,"[9.121035057123361e-07,4.461570370362372e-06]",188054,150989,3634,1,True,
ur5e_trajectory_00_k1_f149,ur5e,regular_first_subproblems,1,scalar_early,2,0.5,1,1,,0.07944665326402377,,False,True,False,task_feasible_early,0.07944842799745609,0.0,6.365364737736103e-14,0.07944665326402377,"[9.121035057123361e-07,4.461570370362372e-06]",199795,161186,4014,1,True,
ur5e_trajectory_00_k1_f149,ur5e,regular_first_subproblems,1,scalar_early,3,0.5,1,1,,0.07944665326402377,,False,True,False,task_feasible_early,0.07944842799745609,0.0,6.365364737736103e-14,0.07944665326402377,"[9.121035057123361e-07,4.461570370362372e-06]",190279,152150,3599,1,True,
ur5e_trajectory_01_k0_f0,ur5e,regular_first_subproblems,0,scalar_early,1,0.5,1,1,,0.00024724198234604206,,False,True,False,task_feasible_early,0.00024724901765278256,0.0,7.160723346098895e-15,0.00024724198234604206,"[1.21147108728586e-08,2.6185324353870212e-08]",203540,165292,3668,1,True,
ur5e_trajectory_01_k0_f0,ur5e,regular_first_subproblems,0,scalar_early,2,0.5,1,1,,0.00024724198234604206,,False,True,False,task_feasible_early,0.00024724901765278256,0.0,7.160723346098895e-15,0.00024724198234604206,"[1.21147108728586e-08,2.6185324353870212e-08]",221424,177127,5571,1,True,
ur5e_trajectory_01_k0_f0,ur5e,regular_first_subproblems,0,scalar_early,0,0.5,1,1,,0.00024724198234604206,,False,True,False,task_feasible_early,0.00024724901765278256,0.0,7.160723346098895e-15,0.00024724198234604206,"[1.21147108728586e-08,2.6185324353870212e-08]",205850,166595,3773,1,True,
ur5e_trajectory_01_k0_f0,ur5e,regular_first_subproblems,0,scalar_early,3,0.5,1,1,,0.00024724198234604206,,False,True,False,task_feasible_early,0.00024724901765278256,0.0,7.160723346098895e-15,0.00024724198234604206,"[1.21147108728586e-08,2.6185324353870212e-08]",196760,159299,3691,1,True,
ur5e_trajectory_01_k0_f0,ur5e,regular_first_subproblems,0,scalar_early,4,0.5,1,1,,0.00024724198234604206,,False,True,False,task_feasible_early,0.00024724901765278256,0.0,7.160723346098895e-15,0.00024724198234604206,"[1.21147108728586e-08,2.6185324353870212e-08]",200146,162118,3612,1,True,
ur5e_trajectory_01_k0_f21,ur5e,regular_first_subproblems,0,scalar_early,4,0.5,1,1,,0.0004239882198986335,,False,True,False,task_feasible_early,0.00042419616160953717,0.0,6.801962370611318e-14,0.0004239882198986335,"[7.708341408310796e-07,3.54950719023774e-07]",190793,153302,3773,1,True,
ur5e_trajectory_01_k0_f21,ur5e,regular_first_subproblems,0,scalar_early,1,0.5,1,1,,0.0004239882198986335,,False,True,False,task_feasible_early,0.00042419616160953717,0.0,6.801962370611318e-14,0.0004239882198986335,"[7.708341408310796e-07,3.54950719023774e-07]",203304,163640,3831,1,True,
ur5e_trajectory_01_k0_f21,ur5e,regular_first_subproblems,0,scalar_early,3,0.5,1,1,,0.0004239882198986335,,False,True,False,task_feasible_early,0.00042419616160953717,0.0,6.801962370611318e-14,0.0004239882198986335,"[7.708341408310796e-07,3.54950719023774e-07]",208582,168776,3470,1,True,
ur5e_trajectory_01_k0_f21,ur5e,regular_first_subproblems,0,scalar_early,2,0.5,1,1,,0.0004239882198986335,,False,True,False,task_feasible_early,0.00042419616160953717,0.0,6.801962370611318e-14,0.0004239882198986335,"[7.708341408310796e-07,3.54950719023774e-07]",210437,170210,3749,1,True,
ur5e_trajectory_01_k0_f21,ur5e,regular_first_subproblems,0,scalar_early,0,0.5,1,1,,0.0004239882198986335,,False,True,False,task_feasible_early,0.00042419616160953717,0.0,6.801962370611318e-14,0.0004239882198986335,"[7.708341408310796e-07,3.54950719023774e-07]",194411,155712,4016,1,True,
ur5e_trajectory_01_k0_f42,ur5e,regular_first_subproblems,0,scalar_early,1,0.5,1,1,,0.0007455623872526869,,False,True,False,task_feasible_early,0.0007460900003193292,0.0,6.434238129413513e-14,0.0007455623872526869,"[2.3553738622025364e-06,3.410599995487146e-06]",208180,167940,4906,1,True,
ur5e_trajectory_01_k0_f42,ur5e,regular_first_subproblems,0,scalar_early,3,0.5,1,1,,0.0007455623872526869,,False,True,False,task_feasible_early,0.0007460900003193292,0.0,6.434238129413513e-14,0.0007455623872526869,"[2.3553738622025364e-06,3.410599995487146e-06]",196893,158443,3868,1,True,
ur5e_trajectory_01_k0_f42,ur5e,regular_first_subproblems,0,scalar_early,2,0.5,1,1,,0.0007455623872526869,,False,True,False,task_feasible_early,0.0007460900003193292,0.0,6.434238129413513e-14,0.0007455623872526869,"[2.3553738622025364e-06,3.410599995487146e-06]",195017,156524,3842,1,True,
ur5e_trajectory_01_k0_f42,ur5e,regular_first_subproblems,0,scalar_early,4,0.5,1,1,,0.0007455623872526869,,False,True,False,task_feasible_early,0.0007460900003193292,0.0,6.434238129413513e-14,0.0007455623872526869,"[2.3553738622025364e-06,3.410599995487146e-06]",206486,166314,3989,1,True,
ur5e_trajectory_01_k0_f42,ur5e,regular_first_subproblems,0,scalar_early,0,0.5,1,1,,0.0007455623872526869,,False,True,False,task_feasible_early,0.0007460900003193292,0.0,6.434238129413513e-14,0.0007455623872526869,"[2.3553738622025364e-06,3.410599995487146e-06]",203942,164201,4108,1,True,
ur5e_trajectory_01_k0_f63,ur5e,regular_first_subproblems,0,scalar_early,3,0.5,1,1,,0.0003056686853872802,,False,True,False,task_feasible_early,0.0003057548233442298,0.0,9.39959687352353e-15,0.0003056686853872802,"[9.099668404541584e-08,2.632725979446779e-07]",203967,165504,3950,1,True,
ur5e_trajectory_01_k0_f63,ur5e,regular_first_subproblems,0,scalar_early,1,0.5,1,1,,0.0003056686853872802,,False,True,False,task_feasible_early,0.0003057548233442298,0.0,9.39959687352353e-15,0.0003056686853872802,"[9.099668404541584e-08,2.632725979446779e-07]",190862,152002,3725,1,True,
ur5e_trajectory_01_k0_f63,ur5e,regular_first_subproblems,0,scalar_early,0,0.5,1,1,,0.0003056686853872802,,False,True,False,task_feasible_early,0.0003057548233442298,0.0,9.39959687352353e-15,0.0003056686853872802,"[9.099668404541584e-08,2.632725979446779e-07]",202917,164546,3736,1,True,
ur5e_trajectory_01_k0_f63,ur5e,regular_first_subproblems,0,scalar_early,2,0.5,1,1,,0.0003056686853872802,,False,True,False,task_feasible_early,0.0003057548233442298,0.0,9.39959687352353e-15,0.0003056686853872802,"[9.099668404541584e-08,2.632725979446779e-07]",193831,155155,3781,1,True,
ur5e_trajectory_01_k0_f63,ur5e,regular_first_subproblems,0,scalar_early,4,0.5,1,1,,0.0003056686853872802,,False,True,False,task_feasible_early,0.0003057548233442298,0.0,9.39959687352353e-15,0.0003056686853872802,"[9.099668404541584e-08,2.632725979446779e-07]",208811,170165,3363,1,True,
ur5e_trajectory_01_k0_f85,ur5e,regular_first_subproblems,0,scalar_early,4,0.5,1,1,,0.0009695533767008271,,False,True,False,task_feasible_early,0.0009696202925038781,0.0,3.3101779368366066e-14,0.0009695533767008271,"[8.319123491859685e-06,8.185291885757367e-06]",202506,160477,3698,1,True,
ur5e_trajectory_01_k0_f85,ur5e,regular_first_subproblems,0,scalar_early,2,0.5,1,1,,0.0009695533767008271,,False,True,False,task_feasible_early,0.0009696202925038781,0.0,3.3101779368366066e-14,0.0009695533767008271,"[8.319123491859685e-06,8.185291885757367e-06]",203491,164017,3671,1,True,
ur5e_trajectory_01_k0_f85,ur5e,regular_first_subproblems,0,scalar_early,3,0.5,1,1,,0.0009695533767008271,,False,True,False,task_feasible_early,0.0009696202925038781,0.0,3.3101779368366066e-14,0.0009695533767008271,"[8.319123491859685e-06,8.185291885757367e-06]",191482,153682,3784,1,True,
ur5e_trajectory_01_k0_f85,ur5e,regular_first_subproblems,0,scalar_early,0,0.5,1,1,,0.0009695533767008271,,False,True,False,task_feasible_early,0.0009696202925038781,0.0,3.3101779368366066e-14,0.0009695533767008271,"[8.319123491859685e-06,8.185291885757367e-06]",185161,147371,3770,1,True,
ur5e_trajectory_01_k0_f85,ur5e,regular_first_subproblems,0,scalar_early,1,0.5,1,1,,0.0009695533767008271,,False,True,False,task_feasible_early,0.0009696202925038781,0.0,3.3101779368366066e-14,0.0009695533767008271,"[8.319123491859685e-06,8.185291885757367e-06]",192414,153921,3985,1,True,
ur5e_trajectory_01_k0_f106,ur5e,regular_first_subproblems,0,scalar_early,2,0.5,1,1,,0.00047427737054290837,,False,True,False,task_feasible_early,0.0004745166576169439,0.0,4.271574971572196e-14,0.00047427737054290837,"[1.024670499865295e-06,5.46096351794211e-07]",216949,176435,3969,1,True,
ur5e_trajectory_01_k0_f106,ur5e,regular_first_subproblems,0,scalar_early,4,0.5,1,1,,0.00047427737054290837,,False,True,False,task_feasible_early,0.0004745166576169439,0.0,4.271574971572196e-14,0.00047427737054290837,"[1.024670499865295e-06,5.46096351794211e-07]",200101,161240,3819,1,True,
ur5e_trajectory_01_k0_f106,ur5e,regular_first_subproblems,0,scalar_early,0,0.5,1,1,,0.00047427737054290837,,False,True,False,task_feasible_early,0.0004745166576169439,0.0,4.271574971572196e-14,0.00047427737054290837,"[1.024670499865295e-06,5.46096351794211e-07]",193285,154569,3849,1,True,
ur5e_trajectory_01_k0_f106,ur5e,regular_first_subproblems,0,scalar_early,3,0.5,1,1,,0.00047427737054290837,,False,True,False,task_feasible_early,0.0004745166576169439,0.0,4.271574971572196e-14,0.00047427737054290837,"[1.024670499865295e-06,5.46096351794211e-07]",200349,161553,3919,1,True,
ur5e_trajectory_01_k0_f106,ur5e,regular_first_subproblems,0,scalar_early,1,0.5,1,1,,0.00047427737054290837,,False,True,False,task_feasible_early,0.0004745166576169439,0.0,4.271574971572196e-14,0.00047427737054290837,"[1.024670499865295e-06,5.46096351794211e-07]",185238,148456,3688,1,True,
ur5e_trajectory_01_k0_f127,ur5e,regular_first_subproblems,0,scalar_early,1,0.5,1,1,,0.00037992491673982887,,False,True,False,task_feasible_early,0.0003799304212792233,0.0,1.5280799322856756e-14,0.00037992491673982887,"[6.92257737911284e-08,8.02348525800525e-08]",198505,161533,3385,1,True,
ur5e_trajectory_01_k0_f127,ur5e,regular_first_subproblems,0,scalar_early,4,0.5,1,1,,0.00037992491673982887,,False,True,False,task_feasible_early,0.0003799304212792233,0.0,1.5280799322856756e-14,0.00037992491673982887,"[6.92257737911284e-08,8.02348525800525e-08]",217248,175002,3523,1,True,
ur5e_trajectory_01_k0_f127,ur5e,regular_first_subproblems,0,scalar_early,3,0.5,1,1,,0.00037992491673982887,,False,True,False,task_feasible_early,0.0003799304212792233,0.0,1.5280799322856756e-14,0.00037992491673982887,"[6.92257737911284e-08,8.02348525800525e-08]",195771,157150,3724,1,True,
ur5e_trajectory_01_k0_f127,ur5e,regular_first_subproblems,0,scalar_early,2,0.5,1,1,,0.00037992491673982887,,False,True,False,task_feasible_early,0.0003799304212792233,0.0,1.5280799322856756e-14,0.00037992491673982887,"[6.92257737911284e-08,8.02348525800525e-08]",204710,166434,3610,1,True,
ur5e_trajectory_01_k0_f127,ur5e,regular_first_subproblems,0,scalar_early,0,0.5,1,1,,0.00037992491673982887,,False,True,False,task_feasible_early,0.0003799304212792233,0.0,1.5280799322856756e-14,0.00037992491673982887,"[6.92257737911284e-08,8.02348525800525e-08]",207189,168907,3650,1,True,
ur5e_trajectory_01_k0_f149,ur5e,regular_first_subproblems,0,scalar_early,1,0.5,1,1,,0.00024715541359981606,,False,True,False,task_feasible_early,0.0002471655399268308,0.0,1.671097724396267e-14,0.00024715541359981606,"[1.1839725006590438e-08,3.209237903615835e-08]",198142,158757,4131,1,True,
ur5e_trajectory_01_k0_f149,ur5e,regular_first_subproblems,0,scalar_early,0,0.5,1,1,,0.00024715541359981606,,False,True,False,task_feasible_early,0.0002471655399268308,0.0,1.671097724396267e-14,0.00024715541359981606,"[1.1839725006590438e-08,3.209237903615835e-08]",217614,176719,3575,1,True,
ur5e_trajectory_01_k0_f149,ur5e,regular_first_subproblems,0,scalar_early,4,0.5,1,1,,0.00024715541359981606,,False,True,False,task_feasible_early,0.0002471655399268308,0.0,1.671097724396267e-14,0.00024715541359981606,"[1.1839725006590438e-08,3.209237903615835e-08]",200370,161675,3785,1,True,
ur5e_trajectory_01_k0_f149,ur5e,regular_first_subproblems,0,scalar_early,3,0.5,1,1,,0.00024715541359981606,,False,True,False,task_feasible_early,0.0002471655399268308,0.0,1.671097724396267e-14,0.00024715541359981606,"[1.1839725006590438e-08,3.209237903615835e-08]",200198,158817,3575,1,True,
ur5e_trajectory_01_k0_f149,ur5e,regular_first_subproblems,0,scalar_early,2,0.5,1,1,,0.00024715541359981606,,False,True,False,task_feasible_early,0.0002471655399268308,0.0,1.671097724396267e-14,0.00024715541359981606,"[1.1839725006590438e-08,3.209237903615835e-08]",195433,158030,3537,1,True,
ur5e_trajectory_01_k1_f0,ur5e,regular_first_subproblems,1,scalar_early,4,0.5,1,1,,0.07756872220993542,,False,True,False,task_feasible_early,0.07756887380584399,0.0,3.399531182602658e-14,0.07756872220993542,"[9.78518845649756e-08,4.0104370167901663e-07]",200752,162315,4043,1,True,
ur5e_trajectory_01_k1_f0,ur5e,regular_first_subproblems,1,scalar_early,2,0.5,1,1,,0.07756872220993542,,False,True,False,task_feasible_early,0.07756887380584399,0.0,3.399531182602658e-14,0.07756872220993542,"[9.78518845649756e-08,4.0104370167901663e-07]",198523,158559,3770,1,True,
ur5e_trajectory_01_k1_f0,ur5e,regular_first_subproblems,1,scalar_early,0,0.5,1,1,,0.07756872220993542,,False,True,False,task_feasible_early,0.07756887380584399,0.0,3.399531182602658e-14,0.07756872220993542,"[9.78518845649756e-08,4.0104370167901663e-07]",201678,161855,3798,1,True,
ur5e_trajectory_01_k1_f0,ur5e,regular_first_subproblems,1,scalar_early,3,0.5,1,1,,0.07756872220993542,,False,True,False,task_feasible_early,0.07756887380584399,0.0,3.399531182602658e-14,0.07756872220993542,"[9.78518845649756e-08,4.0104370167901663e-07]",203891,163334,4075,1,True,
ur5e_trajectory_01_k1_f0,ur5e,regular_first_subproblems,1,scalar_early,1,0.5,1,1,,0.07756872220993542,,False,True,False,task_feasible_early,0.07756887380584399,0.0,3.399531182602658e-14,0.07756872220993542,"[9.78518845649756e-08,4.0104370167901663e-07]",209799,168890,3527,1,True,
ur5e_trajectory_01_k1_f21,ur5e,regular_first_subproblems,1,scalar_early,0,0.5,1,1,,0.08113751956661495,,False,True,False,task_feasible_early,0.0811376358708355,0.0,8.575062514519271e-14,0.08113751956661495,"[9.194375393277949e-08,3.2455219500414506e-07]",191185,152452,3633,1,True,
ur5e_trajectory_01_k1_f21,ur5e,regular_first_subproblems,1,scalar_early,2,0.5,1,1,,0.08113751956661495,,False,True,False,task_feasible_early,0.0811376358708355,0.0,8.575062514519271e-14,0.08113751956661495,"[9.194375393277949e-08,3.2455219500414506e-07]",204890,165880,3729,1,True,
ur5e_trajectory_01_k1_f21,ur5e,regular_first_subproblems,1,scalar_early,1,0.5,1,1,,0.08113751956661495,,False,True,False,task_feasible_early,0.0811376358708355,0.0,8.575062514519271e-14,0.08113751956661495,"[9.194375393277949e-08,3.2455219500414506e-07]",207564,167987,3676,1,True,
ur5e_trajectory_01_k1_f21,ur5e,regular_first_subproblems,1,scalar_early,3,0.5,1,1,,0.08113751956661495,,False,True,False,task_feasible_early,0.0811376358708355,0.0,8.575062514519271e-14,0.08113751956661495,"[9.194375393277949e-08,3.2455219500414506e-07]",199215,158577,3732,1,True,
ur5e_trajectory_01_k1_f21,ur5e,regular_first_subproblems,1,scalar_early,4,0.5,1,1,,0.08113751956661495,,False,True,False,task_feasible_early,0.0811376358708355,0.0,8.575062514519271e-14,0.08113751956661495,"[9.194375393277949e-08,3.2455219500414506e-07]",193693,153943,3664,1,True,
ur5e_trajectory_01_k1_f42,ur5e,regular_first_subproblems,1,scalar_early,2,0.5,1,1,,0.08962713080107827,,False,True,False,task_feasible_early,0.08962838936196743,0.0,8.590924129552725e-14,0.08962713080107827,"[4.979467091955761e-06,7.496588870277144e-06]",186768,148536,3735,1,True,
ur5e_trajectory_01_k1_f42,ur5e,regular_first_subproblems,1,scalar_early,3,0.5,1,1,,0.08962713080107827,,False,True,False,task_feasible_early,0.08962838936196743,0.0,8.590924129552725e-14,0.08962713080107827,"[4.979467091955761e-06,7.496588870277144e-06]",195180,156746,3891,1,True,
ur5e_trajectory_01_k1_f42,ur5e,regular_first_subproblems,1,scalar_early,0,0.5,1,1,,0.08962713080107827,,False,True,False,task_feasible_early,0.08962838936196743,0.0,8.590924129552725e-14,0.08962713080107827,"[4.979467091955761e-06,7.496588870277144e-06]",186662,149508,3851,1,True,
ur5e_trajectory_01_k1_f42,ur5e,regular_first_subproblems,1,scalar_early,1,0.5,1,1,,0.08962713080107827,,False,True,False,task_feasible_early,0.08962838936196743,0.0,8.590924129552725e-14,0.08962713080107827,"[4.979467091955761e-06,7.496588870277144e-06]",204571,166079,3616,1,True,
ur5e_trajectory_01_k1_f42,ur5e,regular_first_subproblems,1,scalar_early,4,0.5,1,1,,0.08962713080107827,,False,True,False,task_feasible_early,0.08962838936196743,0.0,8.590924129552725e-14,0.08962713080107827,"[4.979467091955761e-06,7.496588870277144e-06]",224069,183669,3556,1,True,
ur5e_trajectory_01_k1_f63,ur5e,regular_first_subproblems,1,scalar_early,2,0.5,1,1,,0.09118914140164658,,False,True,False,task_feasible_early,0.0911891561086686,0.0,8.89287949701369e-15,0.09118914140164658,"[4.203926357538166e-08,7.145330762103568e-08]",208850,169060,4022,1,True,
ur5e_trajectory_01_k1_f63,ur5e,regular_first_subproblems,1,scalar_early,3,0.5,1,1,,0.09118914140164658,,False,True,False,task_feasible_early,0.0911891561086686,0.0,8.89287949701369e-15,0.09118914140164658,"[4.203926357538166e-08,7.145330762103568e-08]",196192,157315,3832,1,True,
ur5e_trajectory_01_k1_f63,ur5e,regular_first_subproblems,1,scalar_early,1,0.5,1,1,,0.09118914140164658,,False,True,False,task_feasible_early,0.0911891561086686,0.0,8.89287949701369e-15,0.09118914140164658,"[4.203926357538166e-08,7.145330762103568e-08]",200555,160853,3863,1,True,
ur5e_trajectory_01_k1_f63,ur5e,regular_first_subproblems,1,scalar_early,0,0.5,1,1,,0.09118914140164658,,False,True,False,task_feasible_early,0.0911891561086686,0.0,8.89287949701369e-15,0.09118914140164658,"[4.203926357538166e-08,7.145330762103568e-08]",190225,152441,3730,1,True,
ur5e_trajectory_01_k1_f63,ur5e,regular_first_subproblems,1,scalar_early,4,0.5,1,1,,0.09118914140164658,,False,True,False,task_feasible_early,0.0911891561086686,0.0,8.89287949701369e-15,0.09118914140164658,"[4.203926357538166e-08,7.145330762103568e-08]",205161,166926,3279,1,True,
ur5e_trajectory_01_k1_f85,ur5e,regular_first_subproblems,1,scalar_early,1,0.5,1,1,,0.08131353566967282,,False,True,False,task_feasible_early,0.0813136642482446,0.0,8.003468342159301e-14,0.08131353566967282,"[4.28968065113232e-06,4.032523507592379e-06]",204963,166153,4137,1,True,
ur5e_trajectory_01_k1_f85,ur5e,regular_first_subproblems,1,scalar_early,4,0.5,1,1,,0.08131353566967282,,False,True,False,task_feasible_early,0.0813136642482446,0.0,8.003468342159301e-14,0.08131353566967282,"[4.28968065113232e-06,4.032523507592379e-06]",197029,159074,3608,1,True,
ur5e_trajectory_01_k1_f85,ur5e,regular_first_subproblems,1,scalar_early,2,0.5,1,1,,0.08131353566967282,,False,True,False,task_feasible_early,0.0813136642482446,0.0,8.003468342159301e-14,0.08131353566967282,"[4.28968065113232e-06,4.032523507592379e-06]",194544,157450,3650,1,True,
ur5e_trajectory_01_k1_f85,ur5e,regular_first_subproblems,1,scalar_early,3,0.5,1,1,,0.08131353566967282,,False,True,False,task_feasible_early,0.0813136642482446,0.0,8.003468342159301e-14,0.08131353566967282,"[4.28968065113232e-06,4.032523507592379e-06]",193925,154475,3636,1,True,
ur5e_trajectory_01_k1_f85,ur5e,regular_first_subproblems,1,scalar_early,0,0.5,1,1,,0.08131353566967282,,False,True,False,task_feasible_early,0.0813136642482446,0.0,8.003468342159301e-14,0.08131353566967282,"[4.28968065113232e-06,4.032523507592379e-06]",198079,157785,5820,1,True,
ur5e_trajectory_01_k1_f106,ur5e,regular_first_subproblems,1,scalar_early,3,0.5,1,1,,0.07343128970829493,,False,True,False,task_feasible_early,0.07343219895277518,0.0,1.930128395963913e-14,0.07343128970829493,"[5.196565771562957e-06,3.3780768110639003e-06]",217664,178270,4106,1,True,
ur5e_trajectory_01_k1_f106,ur5e,regular_first_subproblems,1,scalar_early,4,0.5,1,1,,0.07343128970829493,,False,True,False,task_feasible_early,0.07343219895277518,0.0,1.930128395963913e-14,0.07343128970829493,"[5.196565771562957e-06,3.3780768110639003e-06]",193205,155088,3736,1,True,
ur5e_trajectory_01_k1_f106,ur5e,regular_first_subproblems,1,scalar_early,0,0.5,1,1,,0.07343128970829493,,False,True,False,task_feasible_early,0.07343219895277518,0.0,1.930128395963913e-14,0.07343128970829493,"[5.196565771562957e-06,3.3780768110639003e-06]",196342,156059,5628,1,True,
ur5e_trajectory_01_k1_f106,ur5e,regular_first_subproblems,1,scalar_early,2,0.5,1,1,,0.07343128970829493,,False,True,False,task_feasible_early,0.07343219895277518,0.0,1.930128395963913e-14,0.07343128970829493,"[5.196565771562957e-06,3.3780768110639003e-06]",204288,166109,3839,1,True,
ur5e_trajectory_01_k1_f106,ur5e,regular_first_subproblems,1,scalar_early,1,0.5,1,1,,0.07343128970829493,,False,True,False,task_feasible_early,0.07343219895277518,0.0,1.930128395963913e-14,0.07343128970829493,"[5.196565771562957e-06,3.3780768110639003e-06]",202337,161035,3510,1,True,
ur5e_trajectory_01_k1_f127,ur5e,regular_first_subproblems,1,scalar_early,0,0.5,1,1,,0.07399383948172636,,False,True,False,task_feasible_early,0.073993902020379,0.0,6.031771294470064e-14,0.07399383948172636,"[3.3402334420180547e-07,4.5910064948456277e-07]",200624,159836,3420,1,True,
ur5e_trajectory_01_k1_f127,ur5e,regular_first_subproblems,1,scalar_early,2,0.5,1,1,,0.07399383948172636,,False,True,False,task_feasible_early,0.073993902020379,0.0,6.031771294470064e-14,0.07399383948172636,"[3.3402334420180547e-07,4.5910064948456277e-07]",203483,164273,3469,1,True,
ur5e_trajectory_01_k1_f127,ur5e,regular_first_subproblems,1,scalar_early,1,0.5,1,1,,0.07399383948172636,,False,True,False,task_feasible_early,0.073993902020379,0.0,6.031771294470064e-14,0.07399383948172636,"[3.3402334420180547e-07,4.5910064948456277e-07]",204051,165112,3708,1,True,
ur5e_trajectory_01_k1_f127,ur5e,regular_first_subproblems,1,scalar_early,3,0.5,1,1,,0.07399383948172636,,False,True,False,task_feasible_early,0.073993902020379,0.0,6.031771294470064e-14,0.07399383948172636,"[3.3402334420180547e-07,4.5910064948456277e-07]",196691,159203,3748,1,True,
ur5e_trajectory_01_k1_f127,ur5e,regular_first_subproblems,1,scalar_early,4,0.5,1,1,,0.07399383948172636,,False,True,False,task_feasible_early,0.073993902020379,0.0,6.031771294470064e-14,0.07399383948172636,"[3.3402334420180547e-07,4.5910064948456277e-07]",190521,152745,3660,1,True,
ur5e_trajectory_01_k1_f149,ur5e,regular_first_subproblems,1,scalar_early,4,0.5,1,1,,0.07739826885033473,,False,True,False,task_feasible_early,0.07739841994617262,0.0,1.152067043636937e-14,0.07739826885033473,"[1.0957752397039653e-07,4.117691997454244e-07]",198533,159213,3877,1,True,
ur5e_trajectory_01_k1_f149,ur5e,regular_first_subproblems,1,scalar_early,2,0.5,1,1,,0.07739826885033473,,False,True,False,task_feasible_early,0.07739841994617262,0.0,1.152067043636937e-14,0.07739826885033473,"[1.0957752397039653e-07,4.117691997454244e-07]",198466,160640,3764,1,True,
ur5e_trajectory_01_k1_f149,ur5e,regular_first_subproblems,1,scalar_early,1,0.5,1,1,,0.07739826885033473,,False,True,False,task_feasible_early,0.07739841994617262,0.0,1.152067043636937e-14,0.07739826885033473,"[1.0957752397039653e-07,4.117691997454244e-07]",208814,166992,3712,1,True,
ur5e_trajectory_01_k1_f149,ur5e,regular_first_subproblems,1,scalar_early,3,0.5,1,1,,0.07739826885033473,,False,True,False,task_feasible_early,0.07739841994617262,0.0,1.152067043636937e-14,0.07739826885033473,"[1.0957752397039653e-07,4.117691997454244e-07]",195883,158634,3630,1,True,
ur5e_trajectory_01_k1_f149,ur5e,regular_first_subproblems,1,scalar_early,0,0.5,1,1,,0.07739826885033473,,False,True,False,task_feasible_early,0.07739841994617262,0.0,1.152067043636937e-14,0.07739826885033473,"[1.0957752397039653e-07,4.117691997454244e-07]",191241,153246,3612,1,True,
051833cbe006de8ff0b74c24491dc92760ae8fa05993116db6211ab7fa33682b_k0,ur5e,historical_failure_inputs,0,scalar_early,0,0.6444652529829874,5,10,5.090661010441111,5.090660988910689,2.1530421889792706e-08,True,False,False,gap_converged,5.090661010441111,0.0,1.7171041084785901e-13,5.090660988910689,"[5.081033142735601,5.081033176143798]",940439,899849,4032,5,True,2.1530421889792706e-08
051833cbe006de8ff0b74c24491dc92760ae8fa05993116db6211ab7fa33682b_k0,ur5e,historical_failure_inputs,0,scalar_early,3,0.6444652529829874,5,10,5.090661010441111,5.090660988910689,2.1530421889792706e-08,True,False,False,gap_converged,5.090661010441111,0.0,1.7171041084785901e-13,5.090660988910689,"[5.081033142735601,5.081033176143798]",929770,887876,3876,5,True,2.1530421889792706e-08
051833cbe006de8ff0b74c24491dc92760ae8fa05993116db6211ab7fa33682b_k0,ur5e,historical_failure_inputs,0,scalar_early,4,0.6444652529829874,5,10,5.090661010441111,5.090660988910689,2.1530421889792706e-08,True,False,False,gap_converged,5.090661010441111,0.0,1.7171041084785901e-13,5.090660988910689,"[5.081033142735601,5.081033176143798]",950070,909832,4377,5,True,2.1530421889792706e-08
051833cbe006de8ff0b74c24491dc92760ae8fa05993116db6211ab7fa33682b_k0,ur5e,historical_failure_inputs,0,scalar_early,2,0.6444652529829874,5,10,5.090661010441111,5.090660988910689,2.1530421889792706e-08,True,False,False,gap_converged,5.090661010441111,0.0,1.7171041084785901e-13,5.090660988910689,"[5.081033142735601,5.081033176143798]",921791,882314,3947,5,True,2.1530421889792706e-08
051833cbe006de8ff0b74c24491dc92760ae8fa05993116db6211ab7fa33682b_k0,ur5e,historical_failure_inputs,0,scalar_early,1,0.6444652529829874,5,10,5.090661010441111,5.090660988910689,2.1530421889792706e-08,True,False,False,gap_converged,5.090661010441111,0.0,1.7171041084785901e-13,5.090660988910689,"[5.081033142735601,5.081033176143798]",896623,857482,4224,5,True,2.1530421889792706e-08
051833cbe006de8ff0b74c24491dc92760ae8fa05993116db6211ab7fa33682b_k1,ur5e,historical_failure_inputs,1,scalar_early,2,0.6444691388445049,5,10,5.133292420324092,5.1332923987830466,2.154104539187074e-08,True,False,False,gap_converged,5.133292420324092,0.0,2.3789921560227195e-13,5.1332923987830466,"[5.081030215810929,5.0810302492354085]",960423,919259,4171,5,True,2.154104539187074e-08
051833cbe006de8ff0b74c24491dc92760ae8fa05993116db6211ab7fa33682b_k1,ur5e,historical_failure_inputs,1,scalar_early,4,0.6444691388445049,5,10,5.133292420324092,5.1332923987830466,2.154104539187074e-08,True,False,False,gap_converged,5.133292420324092,0.0,2.3789921560227195e-13,5.1332923987830466,"[5.081030215810929,5.0810302492354085]",995403,954270,3866,5,True,2.154104539187074e-08
051833cbe006de8ff0b74c24491dc92760ae8fa05993116db6211ab7fa33682b_k1,ur5e,historical_failure_inputs,1,scalar_early,1,0.6444691388445049,5,10,5.133292420324092,5.1332923987830466,2.154104539187074e-08,True,False,False,gap_converged,5.133292420324092,0.0,2.3789921560227195e-13,5.1332923987830466,"[5.081030215810929,5.0810302492354085]",939362,898894,4337,5,True,2.154104539187074e-08
051833cbe006de8ff0b74c24491dc92760ae8fa05993116db6211ab7fa33682b_k1,ur5e,historical_failure_inputs,1,scalar_early,0,0.6444691388445049,5,10,5.133292420324092,5.1332923987830466,2.154104539187074e-08,True,False,False,gap_converged,5.133292420324092,0.0,2.3789921560227195e-13,5.1332923987830466,"[5.081030215810929,5.0810302492354085]",931553,891979,3814,5,True,2.154104539187074e-08
051833cbe006de8ff0b74c24491dc92760ae8fa05993116db6211ab7fa33682b_k1,ur5e,historical_failure_inputs,1,scalar_early,3,0.6444691388445049,5,10,5.133292420324092,5.1332923987830466,2.154104539187074e-08,True,False,False,gap_converged,5.133292420324092,0.0,2.3789921560227195e-13,5.1332923987830466,"[5.081030215810929,5.0810302492354085]",956919,917215,4116,5,True,2.154104539187074e-08
4d824fcbe98ef5c10812f59139ebd51a12365b7e6d7efadfc76ffdcdccd427c6_k0,ur5e,historical_failure_inputs,0,scalar_early,2,0.6444707616073304,5,10,5.08864382451812,5.088643802968123,2.1549996453984477e-08,True,False,False,gap_converged,5.08864382451812,0.0,3.69089165379866e-13,5.088643802968123,"[5.0790184206983096,5.079018454136594]",926231,887132,3973,5,True,2.1549996453984477e-08
4d824fcbe98ef5c10812f59139ebd51a12365b7e6d7efadfc76ffdcdccd427c6_k0,ur5e,historical_failure_inputs,0,scalar_early,3,0.6444707616073304,5,10,5.08864382451812,5.088643802968123,2.1549996453984477e-08,True,False,False,gap_converged,5.08864382451812,0.0,3.69089165379866e-13,5.088643802968123,"[5.0790184206983096,5.079018454136594]",961436,920222,4207,5,True,2.1549996453984477e-08
4d824fcbe98ef5c10812f59139ebd51a12365b7e6d7efadfc76ffdcdccd427c6_k0,ur5e,historical_failure_inputs,0,scalar_early,1,0.6444707616073304,5,10,5.08864382451812,5.088643802968123,2.1549996453984477e-08,True,False,False,gap_converged,5.08864382451812,0.0,3.69089165379866e-13,5.088643802968123,"[5.0790184206983096,5.079018454136594]",908983,868423,4461,5,True,2.1549996453984477e-08
4d824fcbe98ef5c10812f59139ebd51a12365b7e6d7efadfc76ffdcdccd427c6_k0,ur5e,historical_failure_inputs,0,scalar_early,0,0.6444707616073304,5,10,5.08864382451812,5.088643802968123,2.1549996453984477e-08,True,False,False,gap_converged,5.08864382451812,0.0,3.69089165379866e-13,5.088643802968123,"[5.0790184206983096,5.079018454136594]",942285,903055,3944,5,True,2.1549996453984477e-08
4d824fcbe98ef5c10812f59139ebd51a12365b7e6d7efadfc76ffdcdccd427c6_k0,ur5e,historical_failure_inputs,0,scalar_early,4,0.6444707616073304,5,10,5.08864382451812,5.088643802968123,2.1549996453984477e-08,True,False,False,gap_converged,5.08864382451812,0.0,3.69089165379866e-13,5.088643802968123,"[5.0790184206983096,5.079018454136594]",980136,940435,3472,5,True,2.1549996453984477e-08
4d824fcbe98ef5c10812f59139ebd51a12365b7e6d7efadfc76ffdcdccd427c6_k1,ur5e,historical_failure_inputs,1,scalar_early,4,0.64447464521213,5,10,5.131274961459774,5.131274939898875,2.1560899732264716e-08,True,False,False,gap_converged,5.131274961459774,0.0,1.7204087062059516e-13,5.131274939898875,"[5.079015500827517,5.079015534282518]",907634,866615,4277,5,True,2.1560899732264716e-08
4d824fcbe98ef5c10812f59139ebd51a12365b7e6d7efadfc76ffdcdccd427c6_k1,ur5e,historical_failure_inputs,1,scalar_early,1,0.64447464521213,5,10,5.131274961459774,5.131274939898875,2.1560899732264716e-08,True,False,False,gap_converged,5.131274961459774,0.0,1.7204087062059516e-13,5.131274939898875,"[5.079015500827517,5.079015534282518]",959209,918544,3891,5,True,2.1560899732264716e-08
4d824fcbe98ef5c10812f59139ebd51a12365b7e6d7efadfc76ffdcdccd427c6_k1,ur5e,historical_failure_inputs,1,scalar_early,2,0.64447464521213,5,10,5.131274961459774,5.131274939898875,2.1560899732264716e-08,True,False,False,gap_converged,5.131274961459774,0.0,1.7204087062059516e-13,5.131274939898875,"[5.079015500827517,5.079015534282518]",943032,903187,4165,5,True,2.1560899732264716e-08
4d824fcbe98ef5c10812f59139ebd51a12365b7e6d7efadfc76ffdcdccd427c6_k1,ur5e,historical_failure_inputs,1,scalar_early,3,0.64447464521213,5,10,5.131274961459774,5.131274939898875,2.1560899732264716e-08,True,False,False,gap_converged,5.131274961459774,0.0,1.7204087062059516e-13,5.131274939898875,"[5.079015500827517,5.079015534282518]",954632,912091,4106,5,True,2.1560899732264716e-08
4d824fcbe98ef5c10812f59139ebd51a12365b7e6d7efadfc76ffdcdccd427c6_k1,ur5e,historical_failure_inputs,1,scalar_early,0,0.64447464521213,5,10,5.131274961459774,5.131274939898875,2.1560899732264716e-08,True,False,False,gap_converged,5.131274961459774,0.0,1.7204087062059516e-13,5.131274939898875,"[5.079015500827517,5.079015534282518]",976755,937059,4006,5,True,2.1560899732264716e-08
627e5c96e87407119a14e91c76336465ed5c018ce852ee1b241cf08a79550502_k0,ur5e,historical_failure_inputs,0,scalar_early,3,0.6080462691567419,2,4,,0.1369361142045017,,False,True,False,task_feasible_early,0.8621668701413696,0.0,0.1164863894691841,0.8153900607828239,"[0.7751536721196686,0.85208335943346]",390997,351055,4046,2,True,
627e5c96e87407119a14e91c76336465ed5c018ce852ee1b241cf08a79550502_k0,ur5e,historical_failure_inputs,0,scalar_early,2,0.6080462691567419,2,4,,0.1369361142045017,,False,True,False,task_feasible_early,0.8621668701413696,0.0,0.1164863894691841,0.8153900607828239,"[0.7751536721196686,0.85208335943346]",420093,377861,3728,2,True,
627e5c96e87407119a14e91c76336465ed5c018ce852ee1b241cf08a79550502_k0,ur5e,historical_failure_inputs,0,scalar_early,1,0.6080462691567419,2,4,,0.1369361142045017,,False,True,False,task_feasible_early,0.8621668701413696,0.0,0.1164863894691841,0.8153900607828239,"[0.7751536721196686,0.85208335943346]",389797,351214,3820,2,True,
627e5c96e87407119a14e91c76336465ed5c018ce852ee1b241cf08a79550502_k0,ur5e,historical_failure_inputs,0,scalar_early,0,0.6080462691567419,2,4,,0.1369361142045017,,False,True,False,task_feasible_early,0.8621668701413696,0.0,0.1164863894691841,0.8153900607828239,"[0.7751536721196686,0.85208335943346]",406142,361555,3935,2,True,
627e5c96e87407119a14e91c76336465ed5c018ce852ee1b241cf08a79550502_k0,ur5e,historical_failure_inputs,0,scalar_early,4,0.6080462691567419,2,4,,0.1369361142045017,,False,True,False,task_feasible_early,0.8621668701413696,0.0,0.1164863894691841,0.8153900607828239,"[0.7751536721196686,0.85208335943346]",410541,371303,3667,2,True,
627e5c96e87407119a14e91c76336465ed5c018ce852ee1b241cf08a79550502_k1,ur5e,historical_failure_inputs,1,scalar_early,2,0.6081514122620891,2,4,,1.0717847509771117,,False,True,False,task_feasible_early,1.1186586425050462,0.0,2.4995556343779214e-14,1.0717847509771117,"[0.7750967510721359,0.852172772902919]",420643,380121,4124,2,True,
627e5c96e87407119a14e91c76336465ed5c018ce852ee1b241cf08a79550502_k1,ur5e,historical_failure_inputs,1,scalar_early,0,0.6081514122620891,2,4,,1.0717847509771117,,False,True,False,task_feasible_early,1.1186586425050462,0.0,2.4995556343779214e-14,1.0717847509771117,"[0.7750967510721359,0.852172772902919]",394984,355392,4110,2,True,
627e5c96e87407119a14e91c76336465ed5c018ce852ee1b241cf08a79550502_k1,ur5e,historical_failure_inputs,1,scalar_early,3,0.6081514122620891,2,4,,1.0717847509771117,,False,True,False,task_feasible_early,1.1186586425050462,0.0,2.4995556343779214e-14,1.0717847509771117,"[0.7750967510721359,0.852172772902919]",392208,351871,3876,2,True,
627e5c96e87407119a14e91c76336465ed5c018ce852ee1b241cf08a79550502_k1,ur5e,historical_failure_inputs,1,scalar_early,4,0.6081514122620891,2,4,,1.0717847509771117,,False,True,False,task_feasible_early,1.1186586425050462,0.0,2.4995556343779214e-14,1.0717847509771117,"[0.7750967510721359,0.852172772902919]",410460,371002,3786,2,True,
627e5c96e87407119a14e91c76336465ed5c018ce852ee1b241cf08a79550502_k1,ur5e,historical_failure_inputs,1,scalar_early,1,0.6081514122620891,2,4,,1.0717847509771117,,False,True,False,task_feasible_early,1.1186586425050462,0.0,2.4995556343779214e-14,1.0717847509771117,"[0.7750967510721359,0.852172772902919]",422443,383071,3742,2,True,
6a7217fc67b9b7666d71bab36d05ac04297bba7ad75a01c4adcae0a4a9b88de5_k0,ur5e,historical_failure_inputs,0,scalar_early,4,0.6444707616073242,5,10,5.0886438245149135,5.088643802964886,2.1550027540229166e-08,True,False,False,gap_converged,5.0886438245149135,0.0,2.3177202635764743e-13,5.088643802964886,"[5.079018420695057,5.079018454133389]",948232,907683,3766,5,True,2.1550027540229166e-08
6a7217fc67b9b7666d71bab36d05ac04297bba7ad75a01c4adcae0a4a9b88de5_k0,ur5e,historical_failure_inputs,0,scalar_early,1,0.6444707616073242,5,10,5.0886438245149135,5.088643802964886,2.1550027540229166e-08,True,False,False,gap_converged,5.0886438245149135,0.0,2.3177202635764743e-13,5.088643802964886,"[5.079018420695057,5.079018454133389]",912339,871435,4402,5,True,2.1550027540229166e-08
6a7217fc67b9b7666d71bab36d05ac04297bba7ad75a01c4adcae0a4a9b88de5_k0,ur5e,historical_failure_inputs,0,scalar_early,0,0.6444707616073242,5,10,5.0886438245149135,5.088643802964886,2.1550027540229166e-08,True,False,False,gap_converged,5.0886438245149135,0.0,2.3177202635764743e-13,5.088643802964886,"[5.079018420695057,5.079018454133389]",975472,934718,3928,5,True,2.1550027540229166e-08
6a7217fc67b9b7666d71bab36d05ac04297bba7ad75a01c4adcae0a4a9b88de5_k0,ur5e,historical_failure_inputs,0,scalar_early,2,0.6444707616073242,5,10,5.0886438245149135,5.088643802964886,2.1550027540229166e-08,True,False,False,gap_converged,5.0886438245149135,0.0,2.3177202635764743e-13,5.088643802964886,"[5.079018420695057,5.079018454133389]",930029,890073,4305,5,True,2.1550027540229166e-08
6a7217fc67b9b7666d71bab36d05ac04297bba7ad75a01c4adcae0a4a9b88de5_k0,ur5e,historical_failure_inputs,0,scalar_early,3,0.6444707616073242,5,10,5.0886438245149135,5.088643802964886,2.1550027540229166e-08,True,False,False,gap_converged,5.0886438245149135,0.0,2.3177202635764743e-13,5.088643802964886,"[5.079018420695057,5.079018454133389]",909726,868131,4480,5,True,2.1550027540229166e-08
6a7217fc67b9b7666d71bab36d05ac04297bba7ad75a01c4adcae0a4a9b88de5_k1,ur5e,historical_failure_inputs,1,scalar_early,3,0.644474645212129,5,10,5.131274961456621,5.131274939895631,2.1560990326463525e-08,True,False,False,gap_converged,5.131274961456621,0.0,6.923417722203781e-13,5.131274939895631,"[5.079015500824225,5.079015534279366]",899114,861003,4168,5,True,2.1560990326463525e-08
6a7217fc67b9b7666d71bab36d05ac04297bba7ad75a01c4adcae0a4a9b88de5_k1,ur5e,historical_failure_inputs,1,scalar_early,0,0.644474645212129,5,10,5.131274961456621,5.131274939895631,2.1560990326463525e-08,True,False,False,gap_converged,5.131274961456621,0.0,6.923417722203781e-13,5.131274939895631,"[5.079015500824225,5.079015534279366]",962641,923176,3700,5,True,2.1560990326463525e-08
6a7217fc67b9b7666d71bab36d05ac04297bba7ad75a01c4adcae0a4a9b88de5_k1,ur5e,historical_failure_inputs,1,scalar_early,2,0.644474645212129,5,10,5.131274961456621,5.131274939895631,2.1560990326463525e-08,True,False,False,gap_converged,5.131274961456621,0.0,6.923417722203781e-13,5.131274939895631,"[5.079015500824225,5.079015534279366]",945019,904722,3721,5,True,2.1560990326463525e-08
6a7217fc67b9b7666d71bab36d05ac04297bba7ad75a01c4adcae0a4a9b88de5_k1,ur5e,historical_failure_inputs,1,scalar_early,4,0.644474645212129,5,10,5.131274961456621,5.131274939895631,2.1560990326463525e-08,True,False,False,gap_converged,5.131274961456621,0.0,6.923417722203781e-13,5.131274939895631,"[5.079015500824225,5.079015534279366]",898887,859858,4198,5,True,2.1560990326463525e-08
6a7217fc67b9b7666d71bab36d05ac04297bba7ad75a01c4adcae0a4a9b88de5_k1,ur5e,historical_failure_inputs,1,scalar_early,1,0.644474645212129,5,10,5.131274961456621,5.131274939895631,2.1560990326463525e-08,True,False,False,gap_converged,5.131274961456621,0.0,6.923417722203781e-13,5.131274939895631,"[5.079015500824225,5.079015534279366]",940746,899714,4063,5,True,2.1560990326463525e-08
6b6aaf1e1768445f8c978d98191ac18f2fdd9339e124c9caf1411cec09edf352_k0,ur5e,historical_failure_inputs,0,scalar_early,0,0.6444707616070139,5,10,5.088643824604723,5.088643803054647,2.155007639004225e-08,True,False,False,gap_converged,5.088643824604723,0.0,6.07087979554246e-14,5.088643803054647,"[5.079018420781834,5.0790184542202415]",914650,875442,4232,5,True,2.155007639004225e-08
6b6aaf1e1768445f8c978d98191ac18f2fdd9339e124c9caf1411cec09edf352_k0,ur5e,historical_failure_inputs,0,scalar_early,3,0.6444707616070139,5,10,5.088643824604723,5.088643803054647,2.155007639004225e-08,True,False,False,gap_converged,5.088643824604723,0.0,6.07087979554246e-14,5.088643803054647,"[5.079018420781834,5.0790184542202415]",940002,901196,3951,5,True,2.155007639004225e-08
6b6aaf1e1768445f8c978d98191ac18f2fdd9339e124c9caf1411cec09edf352_k0,ur5e,historical_failure_inputs,0,scalar_early,1,0.6444707616070139,5,10,5.088643824604723,5.088643803054647,2.155007639004225e-08,True,False,False,gap_converged,5.088643824604723,0.0,6.07087979554246e-14,5.088643803054647,"[5.079018420781834,5.0790184542202415]",930885,892262,3952,5,True,2.155007639004225e-08
6b6aaf1e1768445f8c978d98191ac18f2fdd9339e124c9caf1411cec09edf352_k0,ur5e,historical_failure_inputs,0,scalar_early,4,0.6444707616070139,5,10,5.088643824604723,5.088643803054647,2.155007639004225e-08,True,False,False,gap_converged,5.088643824604723,0.0,6.07087979554246e-14,5.088643803054647,"[5.079018420781834,5.0790184542202415]",951831,907158,4068,5,True,2.155007639004225e-08
6b6aaf1e1768445f8c978d98191ac18f2fdd9339e124c9caf1411cec09edf352_k0,ur5e,historical_failure_inputs,0,scalar_early,2,0.6444707616070139,5,10,5.088643824604723,5.088643803054647,2.155007639004225e-08,True,False,False,gap_converged,5.088643824604723,0.0,6.07087979554246e-14,5.088643803054647,"[5.079018420781834,5.0790184542202415]",922809,882930,4511,5,True,2.155007639004225e-08
6b6aaf1e1768445f8c978d98191ac18f2fdd9339e124c9caf1411cec09edf352_k1,ur5e,historical_failure_inputs,1,scalar_early,1,0.6444746452118164,5,10,5.131274961546096,5.13127493998539,2.156070610936922e-08,True,False,False,gap_converged,5.131274961546096,0.0,2.454202677763894e-13,5.13127493998539,"[5.079015500911179,5.079015534365879]",920833,880452,4326,5,True,2.156070610936922e-08
6b6aaf1e1768445f8c978d98191ac18f2fdd9339e124c9caf1411cec09edf352_k1,ur5e,historical_failure_inputs,1,scalar_early,2,0.6444746452118164,5,10,5.131274961546096,5.13127493998539,2.156070610936922e-08,True,False,False,gap_converged,5.131274961546096,0.0,2.454202677763894e-13,5.13127493998539,"[5.079015500911179,5.079015534365879]",923934,883232,4230,5,True,2.156070610936922e-08
6b6aaf1e1768445f8c978d98191ac18f2fdd9339e124c9caf1411cec09edf352_k1,ur5e,historical_failure_inputs,1,scalar_early,0,0.6444746452118164,5,10,5.131274961546096,5.13127493998539,2.156070610936922e-08,True,False,False,gap_converged,5.131274961546096,0.0,2.454202677763894e-13,5.13127493998539,"[5.079015500911179,5.079015534365879]",924407,885077,4175,5,True,2.156070610936922e-08
6b6aaf1e1768445f8c978d98191ac18f2fdd9339e124c9caf1411cec09edf352_k1,ur5e,historical_failure_inputs,1,scalar_early,4,0.6444746452118164,5,10,5.131274961546096,5.13127493998539,2.156070610936922e-08,True,False,False,gap_converged,5.131274961546096,0.0,2.454202677763894e-13,5.13127493998539,"[5.079015500911179,5.079015534365879]",921943,882511,4022,5,True,2.156070610936922e-08
6b6aaf1e1768445f8c978d98191ac18f2fdd9339e124c9caf1411cec09edf352_k1,ur5e,historical_failure_inputs,1,scalar_early,3,0.6444746452118164,5,10,5.131274961546096,5.13127493998539,2.156070610936922e-08,True,False,False,gap_converged,5.131274961546096,0.0,2.454202677763894e-13,5.13127493998539,"[5.079015500911179,5.079015534365879]",942534,903157,3504,5,True,2.156070610936922e-08
94df3da8818589a2259a85811e69046fb88819748d2f5675d92475eea5c7c7c6_k0,ur5e,historical_failure_inputs,0,scalar_early,1,0.6080462691568863,2,4,,0.8153900607824591,,False,True,False,task_feasible_early,0.8621668701411578,0.0,2.7889368091584967e-14,0.8153900607824591,"[0.7751536721192147,0.8520833594332395]",406567,366418,4281,2,True,
94df3da8818589a2259a85811e69046fb88819748d2f5675d92475eea5c7c7c6_k0,ur5e,historical_failure_inputs,0,scalar_early,0,0.6080462691568863,2,4,,0.8153900607824591,,False,True,False,task_feasible_early,0.8621668701411578,0.0,2.7889368091584967e-14,0.8153900607824591,"[0.7751536721192147,0.8520833594332395]",380585,342068,3890,2,True,
94df3da8818589a2259a85811e69046fb88819748d2f5675d92475eea5c7c7c6_k0,ur5e,historical_failure_inputs,0,scalar_early,2,0.6080462691568863,2,4,,0.8153900607824591,,False,True,False,task_feasible_early,0.8621668701411578,0.0,2.7889368091584967e-14,0.8153900607824591,"[0.7751536721192147,0.8520833594332395]",421928,378249,7130,2,True,
94df3da8818589a2259a85811e69046fb88819748d2f5675d92475eea5c7c7c6_k0,ur5e,historical_failure_inputs,0,scalar_early,4,0.6080462691568863,2,4,,0.8153900607824591,,False,True,False,task_feasible_early,0.8621668701411578,0.0,2.7889368091584967e-14,0.8153900607824591,"[0.7751536721192147,0.8520833594332395]",383252,343663,3887,2,True,
94df3da8818589a2259a85811e69046fb88819748d2f5675d92475eea5c7c7c6_k0,ur5e,historical_failure_inputs,0,scalar_early,3,0.6080462691568863,2,4,,0.8153900607824591,,False,True,False,task_feasible_early,0.8621668701411578,0.0,2.7889368091584967e-14,0.8153900607824591,"[0.7751536721192147,0.8520833594332395]",398001,358652,4009,2,True,
94df3da8818589a2259a85811e69046fb88819748d2f5675d92475eea5c7c7c6_k1,ur5e,historical_failure_inputs,1,scalar_early,1,0.6081514122622336,2,4,,1.0717847509767555,,False,True,False,task_feasible_early,1.1186586425048293,0.0,2.135325743809934e-14,1.0717847509767555,"[0.7750967510716922,0.852172772902686]",390969,350003,4122,2,True,
94df3da8818589a2259a85811e69046fb88819748d2f5675d92475eea5c7c7c6_k1,ur5e,historical_failure_inputs,1,scalar_early,2,0.6081514122622336,2,4,,1.0717847509767555,,False,True,False,task_feasible_early,1.1186586425048293,0.0,2.135325743809934e-14,1.0717847509767555,"[0.7750967510716922,0.852172772902686]",395183,354695,4028,2,True,
94df3da8818589a2259a85811e69046fb88819748d2f5675d92475eea5c7c7c6_k1,ur5e,historical_failure_inputs,1,scalar_early,0,0.6081514122622336,2,4,,1.0717847509767555,,False,True,False,task_feasible_early,1.1186586425048293,0.0,2.135325743809934e-14,1.0717847509767555,"[0.7750967510716922,0.852172772902686]",415009,373404,3913,2,True,
94df3da8818589a2259a85811e69046fb88819748d2f5675d92475eea5c7c7c6_k1,ur5e,historical_failure_inputs,1,scalar_early,3,0.6081514122622336,2,4,,1.0717847509767555,,False,True,False,task_feasible_early,1.1186586425048293,0.0,2.135325743809934e-14,1.0717847509767555,"[0.7750967510716922,0.852172772902686]",421176,379112,4529,2,True,
94df3da8818589a2259a85811e69046fb88819748d2f5675d92475eea5c7c7c6_k1,ur5e,historical_failure_inputs,1,scalar_early,4,0.6081514122622336,2,4,,1.0717847509767555,,False,True,False,task_feasible_early,1.1186586425048293,0.0,2.135325743809934e-14,1.0717847509767555,"[0.7750967510716922,0.852172772902686]",402938,363004,3984,2,True,
a7181c0f75cd6931b2b802d28abf86ef7bebfc26248fc62458f9b39c5b23ce06_k0,ur5e,historical_failure_inputs,0,scalar_early,1,0.6080462691567228,2,4,,0.8153900607828065,,False,True,False,task_feasible_early,0.862166870141303,0.0,3.543820764530637e-14,0.8153900607828065,"[0.7751536721196757,0.8520833594333888]",432782,390602,4237,2,True,
a7181c0f75cd6931b2b802d28abf86ef7bebfc26248fc62458f9b39c5b23ce06_k0,ur5e,historical_failure_inputs,0,scalar_early,4,0.6080462691567228,2,4,,0.8153900607828065,,False,True,False,task_feasible_early,0.862166870141303,0.0,3.543820764530637e-14,0.8153900607828065,"[0.7751536721196757,0.8520833594333888]",391109,349372,3731,2,True,
a7181c0f75cd6931b2b802d28abf86ef7bebfc26248fc62458f9b39c5b23ce06_k0,ur5e,historical_failure_inputs,0,scalar_early,0,0.6080462691567228,2,4,,0.8153900607828065,,False,True,False,task_feasible_early,0.862166870141303,0.0,3.543820764530637e-14,0.8153900607828065,"[0.7751536721196757,0.8520833594333888]",401440,358296,3845,2,True,
a7181c0f75cd6931b2b802d28abf86ef7bebfc26248fc62458f9b39c5b23ce06_k0,ur5e,historical_failure_inputs,0,scalar_early,3,0.6080462691567228,2,4,,0.8153900607828065,,False,True,False,task_feasible_early,0.862166870141303,0.0,3.543820764530637e-14,0.8153900607828065,"[0.7751536721196757,0.8520833594333888]",416502,374089,3826,2,True,
a7181c0f75cd6931b2b802d28abf86ef7bebfc26248fc62458f9b39c5b23ce06_k0,ur5e,historical_failure_inputs,0,scalar_early,2,0.6080462691567228,2,4,,0.8153900607828065,,False,True,False,task_feasible_early,0.862166870141303,0.0,3.543820764530637e-14,0.8153900607828065,"[0.7751536721196757,0.8520833594333888]",426537,382936,6201,2,True,
a7181c0f75cd6931b2b802d28abf86ef7bebfc26248fc62458f9b39c5b23ce06_k1,ur5e,historical_failure_inputs,1,scalar_early,4,0.6081514122620738,2,4,,1.0717847509770935,,False,True,False,task_feasible_early,1.1186586425049843,0.0,2.7303361614164952e-14,1.0717847509770935,"[0.7750967510721385,0.8521727729028514]",439818,398140,3582,2,True,
a7181c0f75cd6931b2b802d28abf86ef7bebfc26248fc62458f9b39c5b23ce06_k1,ur5e,historical_failure_inputs,1,scalar_early,1,0.6081514122620738,2,4,,1.0717847509770935,,False,True,False,task_feasible_early,1.1186586425049843,0.0,2.7303361614164952e-14,1.0717847509770935,"[0.7750967510721385,0.8521727729028514]",400692,360938,3816,2,True,
a7181c0f75cd6931b2b802d28abf86ef7bebfc26248fc62458f9b39c5b23ce06_k1,ur5e,historical_failure_inputs,1,scalar_early,0,0.6081514122620738,2,4,,1.0717847509770935,,False,True,False,task_feasible_early,1.1186586425049843,0.0,2.7303361614164952e-14,1.0717847509770935,"[0.7750967510721385,0.8521727729028514]",402081,360391,4037,2,True,
a7181c0f75cd6931b2b802d28abf86ef7bebfc26248fc62458f9b39c5b23ce06_k1,ur5e,historical_failure_inputs,1,scalar_early,2,0.6081514122620738,2,4,,1.0717847509770935,,False,True,False,task_feasible_early,1.1186586425049843,0.0,2.7303361614164952e-14,1.0717847509770935,"[0.7750967510721385,0.8521727729028514]",411631,369754,3890,2,True,
a7181c0f75cd6931b2b802d28abf86ef7bebfc26248fc62458f9b39c5b23ce06_k1,ur5e,historical_failure_inputs,1,scalar_early,3,0.6081514122620738,2,4,,1.0717847509770935,,False,True,False,task_feasible_early,1.1186586425049843,0.0,2.7303361614164952e-14,1.0717847509770935,"[0.7750967510721385,0.8521727729028514]",400473,359615,3887,2,True,
e151f586479c16aa2176b3b307283c59ff0a56b30e9f612130cfe3184a9a803a_k0,ur5e,historical_failure_inputs,0,scalar_early,0,0.6444707616073337,5,10,5.088643824515161,5.08864380296485,2.155031086914505e-08,True,False,False,gap_converged,5.088643824515161,0.0,4.591805121599478e-13,5.08864380296485,"[5.079018420694863,5.079018454133635]",910156,870755,3965,5,True,2.155031086914505e-08
e151f586479c16aa2176b3b307283c59ff0a56b30e9f612130cfe3184a9a803a_k0,ur5e,historical_failure_inputs,0,scalar_early,2,0.6444707616073337,5,10,5.088643824515161,5.08864380296485,2.155031086914505e-08,True,False,False,gap_converged,5.088643824515161,0.0,4.591805121599478e-13,5.08864380296485,"[5.079018420694863,5.079018454133635]",942241,904799,3829,5,True,2.155031086914505e-08
e151f586479c16aa2176b3b307283c59ff0a56b30e9f612130cfe3184a9a803a_k0,ur5e,historical_failure_inputs,0,scalar_early,3,0.6444707616073337,5,10,5.088643824515161,5.08864380296485,2.155031086914505e-08,True,False,False,gap_converged,5.088643824515161,0.0,4.591805121599478e-13,5.08864380296485,"[5.079018420694863,5.079018454133635]",947374,906519,4269,5,True,2.155031086914505e-08
e151f586479c16aa2176b3b307283c59ff0a56b30e9f612130cfe3184a9a803a_k0,ur5e,historical_failure_inputs,0,scalar_early,1,0.6444707616073337,5,10,5.088643824515161,5.08864380296485,2.155031086914505e-08,True,False,False,gap_converged,5.088643824515161,0.0,4.591805121599478e-13,5.08864380296485,"[5.079018420694863,5.079018454133635]",952154,912405,3783,5,True,2.155031086914505e-08
e151f586479c16aa2176b3b307283c59ff0a56b30e9f612130cfe3184a9a803a_k0,ur5e,historical_failure_inputs,0,scalar_early,4,0.6444707616073337,5,10,5.088643824515161,5.08864380296485,2.155031086914505e-08,True,False,False,gap_converged,5.088643824515161,0.0,4.591805121599478e-13,5.08864380296485,"[5.079018420694863,5.079018454133635]",898440,859626,3956,5,True,2.155031086914505e-08
e151f586479c16aa2176b3b307283c59ff0a56b30e9f612130cfe3184a9a803a_k1,ur5e,historical_failure_inputs,1,scalar_early,4,0.6444746452121335,5,10,5.131274961456521,5.131274939895597,2.1560923713082047e-08,True,False,False,gap_converged,5.131274961456521,0.0,2.2958338407482174e-13,5.131274939895597,"[5.079015500824224,5.079015534279262]",945622,904485,3754,5,True,2.1560923713082047e-08
e151f586479c16aa2176b3b307283c59ff0a56b30e9f612130cfe3184a9a803a_k1,ur5e,historical_failure_inputs,1,scalar_early,1,0.6444746452121335,5,10,5.131274961456521,5.131274939895597,2.1560923713082047e-08,True,False,False,gap_converged,5.131274961456521,0.0,2.2958338407482174e-13,5.131274939895597,"[5.079015500824224,5.079015534279262]",901836,862016,4376,5,True,2.1560923713082047e-08
e151f586479c16aa2176b3b307283c59ff0a56b30e9f612130cfe3184a9a803a_k1,ur5e,historical_failure_inputs,1,scalar_early,2,0.6444746452121335,5,10,5.131274961456521,5.131274939895597,2.1560923713082047e-08,True,False,False,gap_converged,5.131274961456521,0.0,2.2958338407482174e-13,5.131274939895597,"[5.079015500824224,5.079015534279262]",925769,886313,4106,5,True,2.1560923713082047e-08
e151f586479c16aa2176b3b307283c59ff0a56b30e9f612130cfe3184a9a803a_k1,ur5e,historical_failure_inputs,1,scalar_early,3,0.6444746452121335,5,10,5.131274961456521,5.131274939895597,2.1560923713082047e-08,True,False,False,gap_converged,5.131274961456521,0.0,2.2958338407482174e-13,5.131274939895597,"[5.079015500824224,5.079015534279262]",903259,863834,4357,5,True,2.1560923713082047e-08
e151f586479c16aa2176b3b307283c59ff0a56b30e9f612130cfe3184a9a803a_k1,ur5e,historical_failure_inputs,1,scalar_early,0,0.6444746452121335,5,10,5.131274961456521,5.131274939895597,2.1560923713082047e-08,True,False,False,gap_converged,5.131274961456521,0.0,2.2958338407482174e-13,5.131274939895597,"[5.079015500824224,5.079015534279262]",943797,903140,3905,5,True,2.1560923713082047e-08
e3a6c3ac62eaae83cb8a529c34daff20c378b173b9307bcc628ba8730512d8fa_k0,ur5e,historical_failure_inputs,0,scalar_early,4,0.5,1,2,,0.006580334187414794,,False,True,False,task_feasible_early,0.00933410070705176,0.0,2.842170943040401e-14,0.006580334187414794,"[0.0032889370464287567,0.008796470085702692]",226664,184126,3893,1,True,
e3a6c3ac62eaae83cb8a529c34daff20c378b173b9307bcc628ba8730512d8fa_k0,ur5e,historical_failure_inputs,0,scalar_early,0,0.5,1,2,,0.006580334187414794,,False,True,False,task_feasible_early,0.00933410070705176,0.0,2.842170943040401e-14,0.006580334187414794,"[0.0032889370464287567,0.008796470085702692]",230836,188674,3930,1,True,
e3a6c3ac62eaae83cb8a529c34daff20c378b173b9307bcc628ba8730512d8fa_k0,ur5e,historical_failure_inputs,0,scalar_early,1,0.5,1,2,,0.006580334187414794,,False,True,False,task_feasible_early,0.00933410070705176,0.0,2.842170943040401e-14,0.006580334187414794,"[0.0032889370464287567,0.008796470085702692]",234955,189219,3977,1,True,
e3a6c3ac62eaae83cb8a529c34daff20c378b173b9307bcc628ba8730512d8fa_k0,ur5e,historical_failure_inputs,0,scalar_early,3,0.5,1,2,,0.006580334187414794,,False,True,False,task_feasible_early,0.00933410070705176,0.0,2.842170943040401e-14,0.006580334187414794,"[0.0032889370464287567,0.008796470085702692]",245729,197749,3678,1,True,
e3a6c3ac62eaae83cb8a529c34daff20c378b173b9307bcc628ba8730512d8fa_k0,ur5e,historical_failure_inputs,0,scalar_early,2,0.5,1,2,,0.006580334187414794,,False,True,False,task_feasible_early,0.00933410070705176,0.0,2.842170943040401e-14,0.006580334187414794,"[0.0032889370464287567,0.008796470085702692]",219847,178866,4206,1,True,
e3a6c3ac62eaae83cb8a529c34daff20c378b173b9307bcc628ba8730512d8fa_k1,ur5e,historical_failure_inputs,1,scalar_early,4,0.5,1,2,,0.19504925557440383,,False,True,False,task_feasible_early,0.1978065759805923,0.0,1.1368683772161603e-13,0.19504925557440383,"[0.003285339163969257,0.008799979976346184]",220526,178966,3675,1,True,
e3a6c3ac62eaae83cb8a529c34daff20c378b173b9307bcc628ba8730512d8fa_k1,ur5e,historical_failure_inputs,1,scalar_early,3,0.5,1,2,,0.19504925557440383,,False,True,False,task_feasible_early,0.1978065759805923,0.0,1.1368683772161603e-13,0.19504925557440383,"[0.003285339163969257,0.008799979976346184]",220772,181722,3804,1,True,
e3a6c3ac62eaae83cb8a529c34daff20c378b173b9307bcc628ba8730512d8fa_k1,ur5e,historical_failure_inputs,1,scalar_early,1,0.5,1,2,,0.19504925557440383,,False,True,False,task_feasible_early,0.1978065759805923,0.0,1.1368683772161603e-13,0.19504925557440383,"[0.003285339163969257,0.008799979976346184]",226653,184426,3558,1,True,
e3a6c3ac62eaae83cb8a529c34daff20c378b173b9307bcc628ba8730512d8fa_k1,ur5e,historical_failure_inputs,1,scalar_early,0,0.5,1,2,,0.19504925557440383,,False,True,False,task_feasible_early,0.1978065759805923,0.0,1.1368683772161603e-13,0.19504925557440383,"[0.003285339163969257,0.008799979976346184]",207513,169465,3825,1,True,
e3a6c3ac62eaae83cb8a529c34daff20c378b173b9307bcc628ba8730512d8fa_k1,ur5e,historical_failure_inputs,1,scalar_early,2,0.5,1,2,,0.19504925557440383,,False,True,False,task_feasible_early,0.1978065759805923,0.0,1.1368683772161603e-13,0.19504925557440383,"[0.003285339163969257,0.008799979976346184]",219276,178425,4085,1,True,
ee0ecb2eb3773a23b878ecc7049713169d9807a4f2d86e48059a242608725f29_k0,ur5e,historical_failure_inputs,0,scalar_early,2,0.516758688794209,3,6,0.9929114902756188,-0.11476397852701714,1.450876030428816e-08,True,False,False,gap_converged,0.9929114902756188,0.0,0.1488405500085488,0.9929114878153484,"[0.9832465269548896,0.9832465317158551]",630564,590267,3835,3,True,1.450876030428816e-08
ee0ecb2eb3773a23b878ecc7049713169d9807a4f2d86e48059a242608725f29_k0,ur5e,historical_failure_inputs,0,scalar_early,4,0.516758688794209,3,6,0.9929114902756188,-0.11476397852701714,1.450876030428816e-08,True,False,False,gap_converged,0.9929114902756188,0.0,0.1488405500085488,0.9929114878153484,"[0.9832465269548896,0.9832465317158551]",573243,533620,3784,3,True,1.450876030428816e-08
ee0ecb2eb3773a23b878ecc7049713169d9807a4f2d86e48059a242608725f29_k0,ur5e,historical_failure_inputs,0,scalar_early,0,0.516758688794209,3,6,0.9929114902756188,-0.11476397852701714,1.450876030428816e-08,True,False,False,gap_converged,0.9929114902756188,0.0,0.1488405500085488,0.9929114878153484,"[0.9832465269548896,0.9832465317158551]",593262,554415,4108,3,True,1.450876030428816e-08
ee0ecb2eb3773a23b878ecc7049713169d9807a4f2d86e48059a242608725f29_k0,ur5e,historical_failure_inputs,0,scalar_early,3,0.516758688794209,3,6,0.9929114902756188,-0.11476397852701714,1.450876030428816e-08,True,False,False,gap_converged,0.9929114902756188,0.0,0.1488405500085488,0.9929114878153484,"[0.9832465269548896,0.9832465317158551]",608871,570111,4104,3,True,1.450876030428816e-08
ee0ecb2eb3773a23b878ecc7049713169d9807a4f2d86e48059a242608725f29_k0,ur5e,historical_failure_inputs,0,scalar_early,1,0.516758688794209,3,6,0.9929114902756188,-0.11476397852701714,1.450876030428816e-08,True,False,False,gap_converged,0.9929114902756188,0.0,0.1488405500085488,0.9929114878153484,"[0.9832465269548896,0.9832465317158551]",578065,537111,4162,3,True,1.450876030428816e-08
ee0ecb2eb3773a23b878ecc7049713169d9807a4f2d86e48059a242608725f29_k1,ur5e,historical_failure_inputs,1,scalar_early,3,0.5168246655464174,3,6,1.2462608936667698,1.246260891167281,2.499488838125785e-09,True,False,False,gap_converged,1.2462608936667698,0.0,2.9256009334234186e-14,1.246260891167281,"[0.9832469692535142,0.9832469740897555]",593228,553870,3708,3,True,2.499488838125785e-09
ee0ecb2eb3773a23b878ecc7049713169d9807a4f2d86e48059a242608725f29_k1,ur5e,historical_failure_inputs,1,scalar_early,2,0.5168246655464174,3,6,1.2462608936667698,1.246260891167281,2.499488838125785e-09,True,False,False,gap_converged,1.2462608936667698,0.0,2.9256009334234186e-14,1.246260891167281,"[0.9832469692535142,0.9832469740897555]",609494,570947,3944,3,True,2.499488838125785e-09
ee0ecb2eb3773a23b878ecc7049713169d9807a4f2d86e48059a242608725f29_k1,ur5e,historical_failure_inputs,1,scalar_early,1,0.5168246655464174,3,6,1.2462608936667698,1.246260891167281,2.499488838125785e-09,True,False,False,gap_converged,1.2462608936667698,0.0,2.9256009334234186e-14,1.246260891167281,"[0.9832469692535142,0.9832469740897555]",574408,535152,4160,3,True,2.499488838125785e-09
ee0ecb2eb3773a23b878ecc7049713169d9807a4f2d86e48059a242608725f29_k1,ur5e,historical_failure_inputs,1,scalar_early,0,0.5168246655464174,3,6,1.2462608936667698,1.246260891167281,2.499488838125785e-09,True,False,False,gap_converged,1.2462608936667698,0.0,2.9256009334234186e-14,1.246260891167281,"[0.9832469692535142,0.9832469740897555]",589577,549958,4012,3,True,2.499488838125785e-09
ee0ecb2eb3773a23b878ecc7049713169d9807a4f2d86e48059a242608725f29_k1,ur5e,historical_failure_inputs,1,scalar_early,4,0.5168246655464174,3,6,1.2462608936667698,1.246260891167281,2.499488838125785e-09,True,False,False,gap_converged,1.2462608936667698,0.0,2.9256009334234186e-14,1.246260891167281,"[0.9832469692535142,0.9832469740897555]",585501,545789,3957,3,True,2.499488838125785e-09
f6f620eab81798b95df8b98f45cf60e2b8b5522631ea729c5f4585b884619b10_k0,ur5e,historical_failure_inputs,0,scalar_early,3,0.608046269156689,2,4,,0.8153900607828359,,False,True,False,task_feasible_early,0.8621668701413149,0.0,3.295848094936011e-14,0.8153900607828359,"[0.7751536721197136,0.852083359433402]",418818,377835,4179,2,True,
f6f620eab81798b95df8b98f45cf60e2b8b5522631ea729c5f4585b884619b10_k0,ur5e,historical_failure_inputs,0,scalar_early,0,0.608046269156689,2,4,,0.8153900607828359,,False,True,False,task_feasible_early,0.8621668701413149,0.0,3.295848094936011e-14,0.8153900607828359,"[0.7751536721197136,0.852083359433402]",401217,361545,4208,2,True,
f6f620eab81798b95df8b98f45cf60e2b8b5522631ea729c5f4585b884619b10_k0,ur5e,historical_failure_inputs,0,scalar_early,4,0.608046269156689,2,4,,0.8153900607828359,,False,True,False,task_feasible_early,0.8621668701413149,0.0,3.295848094936011e-14,0.8153900607828359,"[0.7751536721197136,0.852083359433402]",426437,385202,3596,2,True,
f6f620eab81798b95df8b98f45cf60e2b8b5522631ea729c5f4585b884619b10_k0,ur5e,historical_failure_inputs,0,scalar_early,1,0.608046269156689,2,4,,0.8153900607828359,,False,True,False,task_feasible_early,0.8621668701413149,0.0,3.295848094936011e-14,0.8153900607828359,"[0.7751536721197136,0.852083359433402]",393227,351738,3775,2,True,
f6f620eab81798b95df8b98f45cf60e2b8b5522631ea729c5f4585b884619b10_k0,ur5e,historical_failure_inputs,0,scalar_early,2,0.608046269156689,2,4,,0.8153900607828359,,False,True,False,task_feasible_early,0.8621668701413149,0.0,3.295848094936011e-14,0.8153900607828359,"[0.7751536721197136,0.852083359433402]",395410,355431,3826,2,True,
f6f620eab81798b95df8b98f45cf60e2b8b5522631ea729c5f4585b884619b10_k1,ur5e,historical_failure_inputs,1,scalar_early,0,0.6081514122620366,2,4,,1.0717847509771237,,False,True,False,task_feasible_early,1.1186586425049736,0.0,5.5331448319764295e-14,1.0717847509771237,"[0.7750967510721927,0.8521727729028437]",387306,346773,4172,2,True,
f6f620eab81798b95df8b98f45cf60e2b8b5522631ea729c5f4585b884619b10_k1,ur5e,historical_failure_inputs,1,scalar_early,4,0.6081514122620366,2,4,,1.0717847509771237,,False,True,False,task_feasible_early,1.1186586425049736,0.0,5.5331448319764295e-14,1.0717847509771237,"[0.7750967510721927,0.8521727729028437]",409360,367947,4299,2,True,
f6f620eab81798b95df8b98f45cf60e2b8b5522631ea729c5f4585b884619b10_k1,ur5e,historical_failure_inputs,1,scalar_early,3,0.6081514122620366,2,4,,1.0717847509771237,,False,True,False,task_feasible_early,1.1186586425049736,0.0,5.5331448319764295e-14,1.0717847509771237,"[0.7750967510721927,0.8521727729028437]",405170,363820,3875,2,True,
f6f620eab81798b95df8b98f45cf60e2b8b5522631ea729c5f4585b884619b10_k1,ur5e,historical_failure_inputs,1,scalar_early,1,0.6081514122620366,2,4,,1.0717847509771237,,False,True,False,task_feasible_early,1.1186586425049736,0.0,5.5331448319764295e-14,1.0717847509771237,"[0.7750967510721927,0.8521727729028437]",417216,375905,4117,2,True,
f6f620eab81798b95df8b98f45cf60e2b8b5522631ea729c5f4585b884619b10_k1,ur5e,historical_failure_inputs,1,scalar_early,2,0.6081514122620366,2,4,,1.0717847509771237,,False,True,False,task_feasible_early,1.1186586425049736,0.0,5.5331448319764295e-14,1.0717847509771237,"[0.7750967510721927,0.8521727729028437]",395887,355620,3998,2,True,
