robot,method,uid,family,search_repeats,completion,deadline_completion,total_latency_ns,frame_success,successful_prefix
panda,cr_ik,06aebb8df22d3ad4e9c1848a0460c93838cc094c6b0ae854e4e08d4342c4956b,near_singular,3,0.0,0.0,1756651021.0,0.7322222222222222,109.66666666666667
panda,cr_ik,0947026b3677880f22d0f6f4f7dd7fb9b0dee71bde71d85a87c811f8ee530ce6,near_singular,3,1.0,1.0,1688775252.3333333,1.0,300.0
panda,cr_ik,0a5779597ea40a6c0c2d6bfa5e18333d9546d8140f0a9f2fb0e863954e5c8006,smooth,3,1.0,1.0,1725467839.3333333,1.0,300.0
panda,cr_ik,0acf6b3b34916e17c91dc15c1b3ae3376c97fba839f05ad672662e234c5213e9,near_singular,3,1.0,1.0,1682850792.0,1.0,300.0
panda,cr_ik,0f6a0c79afed4b21be7ee2d431001f7fb484154f17b756f5d1b747c684f059d5,high_curvature,3,1.0,1.0,1714388785.0,1.0,300.0
panda,cr_ik,140dabfd29d6d5c2fbd3588d5fff9808e34e13c505070d185fa8d5eea0cd8289,high_curvature,3,1.0,1.0,1676770121.6666667,1.0,300.0
panda,cr_ik,1dbf7fd1392f9c76bac68d43d8f91b06649a92d6e9150a42f2a07fbdbdba9fba,high_curvature,3,1.0,1.0,1723562147.3333333,1.0,300.0
panda,cr_ik,21352bbb304315d0ccdccfcd7255175605e8f0250aee148834e1a55b01ce3135,smooth,3,1.0,1.0,1710907034.6666667,1.0,300.0
panda,cr_ik,21feb300555127533b2bf2a8a5e73cbd52c673cc58f9af3f6d0e19bdfe2f91d3,smooth,3,1.0,1.0,1814755931.6666667,1.0,300.0
panda,cr_ik,24c355c532cc7b4fe8ef2ed4e6ab75fcb40c9f4a5b26576f1f6c8fb1f47927b2,smooth,3,1.0,1.0,1799335299.3333333,1.0,300.0
panda,cr_ik,24fecc1811b319e44e0d5617288d7c075d3dbdac3e0e105398bce4e31b6e798f,smooth,3,1.0,1.0,1725223762.0,1.0,300.0
panda,cr_ik,315ff9a23634573934fbf6e59468742652b3c4cb477f05055d46f51021c2f1fe,smooth,3,0.6666666666666666,0.6666666666666666,1856218782.3333333,0.9988888888888888,270.0
panda,cr_ik,33144a1316cb49fe7786ddd8e54273ed9c977b91b3c6c8d99b4db33487665e0f,joint_limit_return,3,1.0,1.0,1724020762.6666667,1.0,300.0
panda,cr_ik,34eb9af30166b583e8bdfc8113a9006e72bc7b799632e072237b319142c8c172,high_curvature,3,1.0,1.0,1702539628.3333333,1.0,300.0
panda,cr_ik,3c602c660fc7198dc4496132dd579f3d963f7ef1158467b741b3bfa3b0776f47,high_curvature,3,1.0,1.0,1711010580.0,1.0,300.0
panda,cr_ik,3f81a83aecef4ad8ebe9476e340790674b8e3ecb2b1f76ffe99de9f9716a9415,near_singular,3,0.0,0.0,1789654963.0,0.5677777777777778,94.0
panda,cr_ik,4071c3d68133744ee4c306e955811f94e999148ab2b3df32cfb075c45714e4d1,near_singular,3,1.0,1.0,1695613479.0,1.0,300.0
panda,cr_ik,4219a14779a0ac637faebf4fbc1d60919ac99a4fb3e80bb25755af29d7ecd3ce,high_curvature,3,1.0,1.0,1729382303.6666667,1.0,300.0
panda,cr_ik,4af903f5b095c4031d906b09874d2b75d6e9f9eff0d04ba0c381aff34d9bfaea,smooth,3,1.0,0.6666666666666666,1774376210.0,1.0,300.0
panda,cr_ik,4ba88cc9afb6dec1645efb7efc5e1e6a72d6c97f0c59e67c4b8deaf815ae54c8,near_singular,3,0.0,0.0,1788597205.6666667,0.8411111111111111,125.33333333333333
panda,cr_ik,4ced57cd9c400313f5dd5e5ac32a6046f131b8787aa28567b4630a79f2b54765,joint_limit_return,3,0.3333333333333333,0.3333333333333333,1829155392.0,0.83,186.0
panda,cr_ik,4d5726022b02c15cb1a454c63889654368a8fbcdae89aeb1a95cb2563625cfb6,near_singular,3,1.0,1.0,1648774708.3333333,1.0,300.0
panda,cr_ik,4d9996b01d53260dc4f34a510f4f98fb408f0402cd9aefc444ca7e69d8829238,near_singular,3,1.0,1.0,1695103953.0,1.0,300.0
panda,cr_ik,4e60787710ac0931de62ebece84a087b21af34332d9809821839206b91edc0f3,smooth,3,0.0,0.0,1858247345.6666667,0.61,183.0
panda,cr_ik,528b294d13074a07a40e0a7339ae08b0d6097234268db4ea1e93ae53bec4dcfc,joint_limit_return,3,1.0,1.0,1696447083.6666667,1.0,300.0
panda,cr_ik,587ba8b6832890074f74e4ca536848bd71559842bc1fd8b33761d1d5f78fb3c6,near_singular,3,1.0,1.0,1674911637.3333333,1.0,300.0
panda,cr_ik,5eca0902459073bb6385cd4ab9c0876850167c58f176877e32bc8387f19e7d5d,joint_limit_return,3,0.0,0.0,1853841391.0,0.39444444444444443,118.33333333333333
panda,cr_ik,62cf2ffefadcb1e65693edf88d9a5ff3c7ce7ecd4608b2fa1753a386424b029c,joint_limit_return,3,1.0,1.0,1704537704.3333333,1.0,300.0
panda,cr_ik,6c3aabc3376e7062b96f34ca650085bfc027153443ef0de8ffb96f45514a3aba,joint_limit_return,3,1.0,1.0,1770639173.6666667,1.0,300.0
panda,cr_ik,722a448034a3fed404996d6168213b64acca2136a9aaad2ce6353057b1ffc678,smooth,3,1.0,1.0,1685757501.6666667,1.0,300.0
panda,cr_ik,74c29f013d2517822ab54de8735b63dabbc0a07cdd226d3a70e41c4686849f7c,high_curvature,3,1.0,1.0,1675466411.3333333,1.0,300.0
panda,cr_ik,7bdcf203789ad15d75685113185e00a91052d420c457bb26e272c88d62da2c98,joint_limit_return,3,1.0,1.0,1752216018.0,1.0,300.0
panda,cr_ik,812544c6b72fdd71f051a965144990526e50ca9926205b2a2e7ba406d2ddd8f3,near_singular,3,1.0,1.0,1670702923.0,1.0,300.0
panda,cr_ik,84523d1d744136e9e35c5a0846ee6fdfd78b2496c84b089c8f8bcc3d8908c904,high_curvature,3,1.0,1.0,1711659203.6666667,1.0,300.0
panda,cr_ik,85446a938e6594ba12ebfe3207a6173c71f86e8dfd6947fd5a8d061b332f381b,joint_limit_return,3,1.0,0.6666666666666666,1739851147.3333333,1.0,300.0
panda,cr_ik,8655e30c0a88dd37857c82aa2cde84f1d22fbee5d7dbb4afd750e74a10dbca42,smooth,3,0.0,0.0,1815478541.3333333,0.9288888888888889,278.6666666666667
panda,cr_ik,8b5c315d061bd3688cd962944fbdec36386def0bb36634bc033a0644d0733ac1,smooth,3,1.0,1.0,1789290202.3333333,1.0,300.0
panda,cr_ik,903efc63f245668f0d5df44b9f48b6bb4a5fdb9b31b0971edddcd8cf6b164412,high_curvature,3,1.0,0.6666666666666666,1715201677.6666667,1.0,300.0
panda,cr_ik,93c78d3583b1a2d2e43e833ee9ea0764d227b9a4588ddde91047b592d81ec731,smooth,3,1.0,1.0,1678835691.6666667,1.0,300.0
panda,cr_ik,94ea2ce5856235c6dff346ecf93fb77155022b282b96203ebd91f7759fb2289c,joint_limit_return,3,1.0,1.0,1769383001.0,1.0,300.0
panda,cr_ik,97ebdfa4a3a9a940fb7522eb9b8401747e322c7ff968f9ea9c1ab4283448f6f6,high_curvature,3,1.0,1.0,1695930405.6666667,1.0,300.0
panda,cr_ik,9a30ac65bd31ac87ba8a356ba5ab2a24c838f26d4d35dd012d79cb0ecfd1af37,joint_limit_return,3,0.3333333333333333,0.3333333333333333,1829069441.6666667,0.6666666666666666,200.0
panda,cr_ik,9b3f40d0a4a73b7cc2e3980d85021ef2d18c830c4e00b031383e0db7fa8f4648,near_singular,3,1.0,0.6666666666666666,1693021971.3333333,1.0,300.0
panda,cr_ik,9f1b36e9cc0ddbf63840ff77df4b27bbec6c67e0eac9898c93c99f790cc53bf3,smooth,3,1.0,1.0,1756716586.0,1.0,300.0
panda,cr_ik,a72f800756d93a8e0178233f43a4f5603c6c82ad658b2ff01c4caa1849f2970b,high_curvature,3,0.0,0.0,1858348242.6666667,0.33666666666666667,101.0
panda,cr_ik,b08d384226627695e9db8f0a97656f925d30a0f1ef52dcde3d3a316d83edcb3e,near_singular,3,0.0,0.0,1758443064.3333333,0.7933333333333333,119.0
panda,cr_ik,b6a6a000490bc47bb8fec594bb1d6757753d9bd36af82ad4c1748474d41782e2,high_curvature,3,1.0,1.0,1732821279.6666667,1.0,300.0
panda,cr_ik,b9c322dc8c438a25dea153e56bc41fc79dc76ea0ace4376381db039feb18b3b0,high_curvature,3,1.0,1.0,1711482255.6666667,1.0,300.0
panda,cr_ik,bc7b61b631a2c73339b0a18fe9ce2af1ecc47bd2a1fe4a55bbcaf44df1841327,near_singular,3,1.0,1.0,1679272350.6666667,1.0,300.0
panda,cr_ik,c5bd51fc1f0b1af9b6d6ed97195efa4e43917678d7c0a6e46c724fb08fb2987a,joint_limit_return,3,0.6666666666666666,0.6666666666666666,1841941683.6666667,0.8355555555555556,250.66666666666666
panda,cr_ik,c847cede995cb96325c52ddba655ac3f3339bcb88ec454d20da33ff7c4dca452,joint_limit_return,3,0.0,0.0,1865167728.6666667,0.29,87.0
panda,cr_ik,ca118da3da91a1cb20f6a15069f4225c4ab380bda8936de41e382e6809a5faee,smooth,3,1.0,1.0,1671065321.6666667,1.0,300.0
panda,cr_ik,d25d583eed966f0a4890611c655aeceee05aa2dc824247686f5206001d639b8e,smooth,3,1.0,1.0,1805604201.6666667,1.0,300.0
panda,cr_ik,d90e435ba578b99631a5a05c3eead70e9cd16754dc13a8814cbeb1915a81a9a2,high_curvature,3,1.0,1.0,1738845410.0,1.0,300.0
panda,cr_ik,dca441d2100c1f10950c3c449391bbd6a640a265a757197fdd41cd5c559dd7f2,high_curvature,3,1.0,1.0,1665614693.6666667,1.0,300.0
panda,cr_ik,dcbb02363eb3b300284cb187544b9e0543c356b6dd7bca56d057c833d82ec1ce,near_singular,3,1.0,1.0,1662523757.0,1.0,300.0
panda,cr_ik,debf69dafe061d996b768380f530ab93195d3413240dda7d60d9d3fa00885214,near_singular,3,1.0,1.0,1693285625.6666667,1.0,300.0
panda,cr_ik,dec1d20758f8defc5511ecdd0c280145fbf924733124a98dc39d84e75ed8ee4e,high_curvature,3,1.0,1.0,1669752651.6666667,1.0,300.0
panda,cr_ik,df08692c7b2eadcbd67d39e863103437a360bf3bf3789377b3135f5f72f8bffc,joint_limit_return,3,1.0,1.0,1710531877.0,1.0,300.0
panda,cr_ik,df44e1636782557b5abbc632834a1ece131221f4fc404be790941389867a2cd3,smooth,3,0.6666666666666666,0.6666666666666666,1807806250.3333333,0.8366666666666666,208.33333333333334
panda,cr_ik,e19650a533a455116a834987b098810e9605d1c04733dea4621cc43c343ed94d,joint_limit_return,3,1.0,1.0,1701079304.0,1.0,300.0
panda,cr_ik,e35821d52566b007aebb32807a82ddc409386b691a38ddc83a59e9cf6e98fb41,high_curvature,3,1.0,1.0,1738015086.0,1.0,300.0
panda,cr_ik,e763efcea4c5a3ff0c296248966ee293d0a9f99aecc2f6a554c20c543be0cc43,near_singular,3,1.0,1.0,1713424531.6666667,1.0,300.0
panda,cr_ik,e77349617b81f85cf8b145de06bc2cb4284d5ce13b204dfc6903dc267be1d1d1,joint_limit_return,3,1.0,1.0,1733513404.0,1.0,300.0
panda,cr_ik,e8425231608ebce58ab60b002e394065d5bb879295307ecf60de5cdc1e7a7137,near_singular,3,1.0,1.0,1687179378.6666667,1.0,300.0
panda,cr_ik,ea60fc22a775879ef892b95c88f6967d69d85595d76aeae7dfeadca2575f9489,joint_limit_return,3,1.0,1.0,1719218381.3333333,1.0,300.0
panda,cr_ik,eae9cac6cf5a5c981eef189594a46bad4785e1921cac5a98be1a2a58b884a3f8,near_singular,3,1.0,1.0,1700344817.6666667,1.0,300.0
panda,cr_ik,edb8551b11cbe2a492b2fef2c7e20214a3f8e4cea5b1fa49ca5ff404f7d5ac15,smooth,3,1.0,1.0,1785029451.0,1.0,300.0
panda,cr_ik,f04fdd99ab579f7ee40055390e8c5cef35503d4edb0b245e0f872a409d1599d0,high_curvature,3,1.0,1.0,1725748563.0,1.0,300.0
panda,cr_ik,f2c68553f437084ff2273ee212367879dde91e8a8754e9b14110a76538e24f47,near_singular,3,1.0,1.0,1665408322.0,1.0,300.0
panda,cr_ik,f37eecc6128724e548d6e984280626d79ac0edd3c00e7257663f251fdb9b7b73,joint_limit_return,3,1.0,1.0,1690512804.0,1.0,300.0
panda,cr_ik,f3b051777058603dc21c7fbb80a89960ffaaf9cbc3fa59cfe0b027639eea6341,near_singular,3,1.0,1.0,1697184887.3333333,1.0,300.0
panda,cr_ik,f3e4e108a041e58c73332f6c32e84dee68ee37ebccb985aed3fc3a289bebc5c0,joint_limit_return,3,1.0,1.0,1722878850.0,1.0,300.0
panda,cr_ik,f85bc7a2dd13734c7e2d96d76439ed60f384fc1f8e47704220bde66ffe5c8b39,smooth,3,1.0,1.0,1727243565.3333333,1.0,300.0
panda,cr_ik,f8fed72df3635734707a9bc9597f301ce6bf7d9c25feb44f52a05f522b7ae082,high_curvature,3,1.0,1.0,1694514079.6666667,1.0,300.0
panda,cr_ik,f91e21d1d8b74244a42e85cfb61a758947cfc44d68d87959474904131ea43f76,joint_limit_return,3,0.0,0.0,1869282285.3333333,0.3477777777777778,104.33333333333333
panda,cr_ik,fc43b28e1ef0f4315f89dd747d1dce530589fa33f04e25f828aae6278d154bf1,smooth,3,1.0,1.0,1759367142.6666667,1.0,300.0
panda,cr_ik,ffaabb719fe344e26a3ace6121ad9aa63deeeaf6be4e90ad76219dafa0642fd9,smooth,3,1.0,0.6666666666666666,1735178283.6666667,1.0,300.0
panda,cr_ik,ffb925c3c350cd58b2a3c0ca3a1d005e853f19a40ad015cec3a82257101a6301,joint_limit_return,3,1.0,1.0,1686832328.0,1.0,300.0
panda,cr_ik,ffe27a227d9a6794f4dc89435acf02972c4d4f0aca9976152097f76b64c2dcfe,high_curvature,3,1.0,1.0,1700169221.6666667,1.0,300.0
panda,pink_qp,06aebb8df22d3ad4e9c1848a0460c93838cc094c6b0ae854e4e08d4342c4956b,near_singular,1,1.0,1.0,293595619.0,1.0,300.0
panda,pink_qp,0947026b3677880f22d0f6f4f7dd7fb9b0dee71bde71d85a87c811f8ee530ce6,near_singular,1,1.0,1.0,253049061.0,1.0,300.0
panda,pink_qp,0a5779597ea40a6c0c2d6bfa5e18333d9546d8140f0a9f2fb0e863954e5c8006,smooth,1,1.0,1.0,263261256.0,1.0,300.0
panda,pink_qp,0acf6b3b34916e17c91dc15c1b3ae3376c97fba839f05ad672662e234c5213e9,near_singular,1,0.0,0.0,274371687.0,0.69,207.0
panda,pink_qp,0f6a0c79afed4b21be7ee2d431001f7fb484154f17b756f5d1b747c684f059d5,high_curvature,1,0.0,0.0,279882127.0,0.9566666666666667,208.0
panda,pink_qp,140dabfd29d6d5c2fbd3588d5fff9808e34e13c505070d185fa8d5eea0cd8289,high_curvature,1,1.0,1.0,305523925.0,1.0,300.0
panda,pink_qp,1dbf7fd1392f9c76bac68d43d8f91b06649a92d6e9150a42f2a07fbdbdba9fba,high_curvature,1,1.0,1.0,299586403.0,1.0,300.0
panda,pink_qp,21352bbb304315d0ccdccfcd7255175605e8f0250aee148834e1a55b01ce3135,smooth,1,1.0,1.0,302961435.0,1.0,300.0
panda,pink_qp,21feb300555127533b2bf2a8a5e73cbd52c673cc58f9af3f6d0e19bdfe2f91d3,smooth,1,0.0,0.0,280140781.0,0.69,207.0
panda,pink_qp,24c355c532cc7b4fe8ef2ed4e6ab75fcb40c9f4a5b26576f1f6c8fb1f47927b2,smooth,1,0.0,0.0,286433402.0,0.8133333333333334,244.0
panda,pink_qp,24fecc1811b319e44e0d5617288d7c075d3dbdac3e0e105398bce4e31b6e798f,smooth,1,1.0,1.0,279476200.0,1.0,300.0
panda,pink_qp,315ff9a23634573934fbf6e59468742652b3c4cb477f05055d46f51021c2f1fe,smooth,1,0.0,0.0,256079425.0,0.29,85.0
panda,pink_qp,33144a1316cb49fe7786ddd8e54273ed9c977b91b3c6c8d99b4db33487665e0f,joint_limit_return,1,1.0,1.0,267481462.0,1.0,300.0
panda,pink_qp,34eb9af30166b583e8bdfc8113a9006e72bc7b799632e072237b319142c8c172,high_curvature,1,1.0,1.0,293504970.0,1.0,300.0
panda,pink_qp,3c602c660fc7198dc4496132dd579f3d963f7ef1158467b741b3bfa3b0776f47,high_curvature,1,1.0,1.0,295852110.0,1.0,300.0
panda,pink_qp,3f81a83aecef4ad8ebe9476e340790674b8e3ecb2b1f76ffe99de9f9716a9415,near_singular,1,1.0,1.0,272999136.0,1.0,300.0
panda,pink_qp,4071c3d68133744ee4c306e955811f94e999148ab2b3df32cfb075c45714e4d1,near_singular,1,1.0,1.0,292593969.0,1.0,300.0
panda,pink_qp,4219a14779a0ac637faebf4fbc1d60919ac99a4fb3e80bb25755af29d7ecd3ce,high_curvature,1,1.0,1.0,297911129.0,1.0,300.0
panda,pink_qp,4af903f5b095c4031d906b09874d2b75d6e9f9eff0d04ba0c381aff34d9bfaea,smooth,1,1.0,1.0,304527870.0,1.0,300.0
panda,pink_qp,4ba88cc9afb6dec1645efb7efc5e1e6a72d6c97f0c59e67c4b8deaf815ae54c8,near_singular,1,0.0,0.0,251032507.0,0.8533333333333334,128.0
panda,pink_qp,4ced57cd9c400313f5dd5e5ac32a6046f131b8787aa28567b4630a79f2b54765,joint_limit_return,1,1.0,1.0,294160771.0,1.0,300.0
panda,pink_qp,4d5726022b02c15cb1a454c63889654368a8fbcdae89aeb1a95cb2563625cfb6,near_singular,1,1.0,1.0,270325742.0,1.0,300.0
panda,pink_qp,4d9996b01d53260dc4f34a510f4f98fb408f0402cd9aefc444ca7e69d8829238,near_singular,1,1.0,1.0,252528149.0,1.0,300.0
panda,pink_qp,4e60787710ac0931de62ebece84a087b21af34332d9809821839206b91edc0f3,smooth,1,1.0,1.0,272918630.0,1.0,300.0
panda,pink_qp,528b294d13074a07a40e0a7339ae08b0d6097234268db4ea1e93ae53bec4dcfc,joint_limit_return,1,1.0,1.0,302870307.0,1.0,300.0
panda,pink_qp,587ba8b6832890074f74e4ca536848bd71559842bc1fd8b33761d1d5f78fb3c6,near_singular,1,1.0,1.0,280903498.0,1.0,300.0
panda,pink_qp,5eca0902459073bb6385cd4ab9c0876850167c58f176877e32bc8387f19e7d5d,joint_limit_return,1,0.0,0.0,265909203.0,0.4033333333333333,121.0
panda,pink_qp,62cf2ffefadcb1e65693edf88d9a5ff3c7ce7ecd4608b2fa1753a386424b029c,joint_limit_return,1,1.0,1.0,284296718.0,1.0,300.0
panda,pink_qp,6c3aabc3376e7062b96f34ca650085bfc027153443ef0de8ffb96f45514a3aba,joint_limit_return,1,1.0,1.0,290600517.0,1.0,300.0
panda,pink_qp,722a448034a3fed404996d6168213b64acca2136a9aaad2ce6353057b1ffc678,smooth,1,1.0,1.0,300453835.0,1.0,300.0
panda,pink_qp,74c29f013d2517822ab54de8735b63dabbc0a07cdd226d3a70e41c4686849f7c,high_curvature,1,1.0,1.0,260893664.0,1.0,300.0
panda,pink_qp,7bdcf203789ad15d75685113185e00a91052d420c457bb26e272c88d62da2c98,joint_limit_return,1,1.0,1.0,305973610.0,1.0,300.0
panda,pink_qp,812544c6b72fdd71f051a965144990526e50ca9926205b2a2e7ba406d2ddd8f3,near_singular,1,1.0,1.0,282616017.0,1.0,300.0
panda,pink_qp,84523d1d744136e9e35c5a0846ee6fdfd78b2496c84b089c8f8bcc3d8908c904,high_curvature,1,1.0,1.0,301764376.0,1.0,300.0
panda,pink_qp,85446a938e6594ba12ebfe3207a6173c71f86e8dfd6947fd5a8d061b332f381b,joint_limit_return,1,1.0,1.0,293543465.0,1.0,300.0
panda,pink_qp,8655e30c0a88dd37857c82aa2cde84f1d22fbee5d7dbb4afd750e74a10dbca42,smooth,1,0.0,0.0,282137886.0,0.8833333333333333,265.0
panda,pink_qp,8b5c315d061bd3688cd962944fbdec36386def0bb36634bc033a0644d0733ac1,smooth,1,1.0,1.0,274665236.0,1.0,300.0
panda,pink_qp,903efc63f245668f0d5df44b9f48b6bb4a5fdb9b31b0971edddcd8cf6b164412,high_curvature,1,1.0,1.0,245035972.0,1.0,300.0
panda,pink_qp,93c78d3583b1a2d2e43e833ee9ea0764d227b9a4588ddde91047b592d81ec731,smooth,1,1.0,1.0,303545910.0,1.0,300.0
panda,pink_qp,94ea2ce5856235c6dff346ecf93fb77155022b282b96203ebd91f7759fb2289c,joint_limit_return,1,1.0,1.0,291260707.0,1.0,300.0
panda,pink_qp,97ebdfa4a3a9a940fb7522eb9b8401747e322c7ff968f9ea9c1ab4283448f6f6,high_curvature,1,1.0,1.0,242103919.0,1.0,300.0
panda,pink_qp,9a30ac65bd31ac87ba8a356ba5ab2a24c838f26d4d35dd012d79cb0ecfd1af37,joint_limit_return,1,1.0,1.0,298853487.0,1.0,300.0
panda,pink_qp,9b3f40d0a4a73b7cc2e3980d85021ef2d18c830c4e00b031383e0db7fa8f4648,near_singular,1,1.0,1.0,266201704.0,1.0,300.0
panda,pink_qp,9f1b36e9cc0ddbf63840ff77df4b27bbec6c67e0eac9898c93c99f790cc53bf3,smooth,1,1.0,1.0,299258936.0,1.0,300.0
panda,pink_qp,a72f800756d93a8e0178233f43a4f5603c6c82ad658b2ff01c4caa1849f2970b,high_curvature,1,0.0,0.0,262656464.0,0.3333333333333333,100.0
panda,pink_qp,b08d384226627695e9db8f0a97656f925d30a0f1ef52dcde3d3a316d83edcb3e,near_singular,1,1.0,1.0,308834311.0,1.0,300.0
panda,pink_qp,b6a6a000490bc47bb8fec594bb1d6757753d9bd36af82ad4c1748474d41782e2,high_curvature,1,1.0,1.0,300150210.0,1.0,300.0
panda,pink_qp,b9c322dc8c438a25dea153e56bc41fc79dc76ea0ace4376381db039feb18b3b0,high_curvature,1,1.0,1.0,300774529.0,1.0,300.0
panda,pink_qp,bc7b61b631a2c73339b0a18fe9ce2af1ecc47bd2a1fe4a55bbcaf44df1841327,near_singular,1,1.0,1.0,295676162.0,1.0,300.0
panda,pink_qp,c5bd51fc1f0b1af9b6d6ed97195efa4e43917678d7c0a6e46c724fb08fb2987a,joint_limit_return,1,0.0,0.0,257953795.0,0.29333333333333333,88.0
panda,pink_qp,c847cede995cb96325c52ddba655ac3f3339bcb88ec454d20da33ff7c4dca452,joint_limit_return,1,1.0,1.0,292209932.0,1.0,300.0
panda,pink_qp,ca118da3da91a1cb20f6a15069f4225c4ab380bda8936de41e382e6809a5faee,smooth,1,1.0,1.0,294757973.0,1.0,300.0
panda,pink_qp,d25d583eed966f0a4890611c655aeceee05aa2dc824247686f5206001d639b8e,smooth,1,1.0,1.0,287289375.0,1.0,300.0
panda,pink_qp,d90e435ba578b99631a5a05c3eead70e9cd16754dc13a8814cbeb1915a81a9a2,high_curvature,1,1.0,1.0,286839239.0,1.0,300.0
panda,pink_qp,dca441d2100c1f10950c3c449391bbd6a640a265a757197fdd41cd5c559dd7f2,high_curvature,1,1.0,1.0,250769084.0,1.0,300.0
panda,pink_qp,dcbb02363eb3b300284cb187544b9e0543c356b6dd7bca56d057c833d82ec1ce,near_singular,1,1.0,1.0,294012421.0,1.0,300.0
panda,pink_qp,debf69dafe061d996b768380f530ab93195d3413240dda7d60d9d3fa00885214,near_singular,1,1.0,1.0,266411316.0,1.0,300.0
panda,pink_qp,dec1d20758f8defc5511ecdd0c280145fbf924733124a98dc39d84e75ed8ee4e,high_curvature,1,1.0,1.0,201056468.0,1.0,300.0
panda,pink_qp,df08692c7b2eadcbd67d39e863103437a360bf3bf3789377b3135f5f72f8bffc,joint_limit_return,1,1.0,1.0,301713525.0,1.0,300.0
panda,pink_qp,df44e1636782557b5abbc632834a1ece131221f4fc404be790941389867a2cd3,smooth,1,0.0,0.0,246628962.0,0.09333333333333334,25.0
panda,pink_qp,e19650a533a455116a834987b098810e9605d1c04733dea4621cc43c343ed94d,joint_limit_return,1,1.0,1.0,307317895.0,1.0,300.0
panda,pink_qp,e35821d52566b007aebb32807a82ddc409386b691a38ddc83a59e9cf6e98fb41,high_curvature,1,0.0,0.0,260504424.0,0.33,94.0
panda,pink_qp,e763efcea4c5a3ff0c296248966ee293d0a9f99aecc2f6a554c20c543be0cc43,near_singular,1,1.0,1.0,302311616.0,1.0,300.0
panda,pink_qp,e77349617b81f85cf8b145de06bc2cb4284d5ce13b204dfc6903dc267be1d1d1,joint_limit_return,1,1.0,1.0,274033800.0,1.0,300.0
panda,pink_qp,e8425231608ebce58ab60b002e394065d5bb879295307ecf60de5cdc1e7a7137,near_singular,1,1.0,1.0,305514481.0,1.0,300.0
panda,pink_qp,ea60fc22a775879ef892b95c88f6967d69d85595d76aeae7dfeadca2575f9489,joint_limit_return,1,1.0,1.0,294211155.0,1.0,300.0
panda,pink_qp,eae9cac6cf5a5c981eef189594a46bad4785e1921cac5a98be1a2a58b884a3f8,near_singular,1,1.0,1.0,281150371.0,1.0,300.0
panda,pink_qp,edb8551b11cbe2a492b2fef2c7e20214a3f8e4cea5b1fa49ca5ff404f7d5ac15,smooth,1,1.0,1.0,300029935.0,1.0,300.0
panda,pink_qp,f04fdd99ab579f7ee40055390e8c5cef35503d4edb0b245e0f872a409d1599d0,high_curvature,1,1.0,1.0,300402035.0,1.0,300.0
panda,pink_qp,f2c68553f437084ff2273ee212367879dde91e8a8754e9b14110a76538e24f47,near_singular,1,1.0,1.0,276966278.0,1.0,300.0
panda,pink_qp,f37eecc6128724e548d6e984280626d79ac0edd3c00e7257663f251fdb9b7b73,joint_limit_return,1,1.0,1.0,303367812.0,1.0,300.0
panda,pink_qp,f3b051777058603dc21c7fbb80a89960ffaaf9cbc3fa59cfe0b027639eea6341,near_singular,1,1.0,1.0,274150465.0,1.0,300.0
panda,pink_qp,f3e4e108a041e58c73332f6c32e84dee68ee37ebccb985aed3fc3a289bebc5c0,joint_limit_return,1,1.0,1.0,246878685.0,1.0,300.0
panda,pink_qp,f85bc7a2dd13734c7e2d96d76439ed60f384fc1f8e47704220bde66ffe5c8b39,smooth,1,1.0,1.0,305193009.0,1.0,300.0
panda,pink_qp,f8fed72df3635734707a9bc9597f301ce6bf7d9c25feb44f52a05f522b7ae082,high_curvature,1,1.0,1.0,291562426.0,1.0,300.0
panda,pink_qp,f91e21d1d8b74244a42e85cfb61a758947cfc44d68d87959474904131ea43f76,joint_limit_return,1,1.0,1.0,300303686.0,1.0,300.0
panda,pink_qp,fc43b28e1ef0f4315f89dd747d1dce530589fa33f04e25f828aae6278d154bf1,smooth,1,1.0,1.0,292878372.0,1.0,300.0
panda,pink_qp,ffaabb719fe344e26a3ace6121ad9aa63deeeaf6be4e90ad76219dafa0642fd9,smooth,1,1.0,1.0,285319187.0,1.0,300.0
panda,pink_qp,ffb925c3c350cd58b2a3c0ca3a1d005e853f19a40ad015cec3a82257101a6301,joint_limit_return,1,1.0,1.0,254912686.0,1.0,300.0
panda,pink_qp,ffe27a227d9a6794f4dc89435acf02972c4d4f0aca9976152097f76b64c2dcfe,high_curvature,1,1.0,1.0,275649865.0,1.0,300.0
panda,ranged_ik_positive_range,06aebb8df22d3ad4e9c1848a0460c93838cc094c6b0ae854e4e08d4342c4956b,near_singular,1,0.0,0.0,91157729.0,0.023333333333333334,6.0
panda,ranged_ik_positive_range,0947026b3677880f22d0f6f4f7dd7fb9b0dee71bde71d85a87c811f8ee530ce6,near_singular,1,0.0,0.0,84434201.0,0.02666666666666667,6.0
panda,ranged_ik_positive_range,0a5779597ea40a6c0c2d6bfa5e18333d9546d8140f0a9f2fb0e863954e5c8006,smooth,1,0.0,0.0,82502567.0,0.006666666666666667,1.0
panda,ranged_ik_positive_range,0acf6b3b34916e17c91dc15c1b3ae3376c97fba839f05ad672662e234c5213e9,near_singular,1,0.0,0.0,83794895.0,0.02666666666666667,4.0
panda,ranged_ik_positive_range,0f6a0c79afed4b21be7ee2d431001f7fb484154f17b756f5d1b747c684f059d5,high_curvature,1,0.0,0.0,80491594.0,0.006666666666666667,1.0
panda,ranged_ik_positive_range,140dabfd29d6d5c2fbd3588d5fff9808e34e13c505070d185fa8d5eea0cd8289,high_curvature,1,0.0,0.0,94652395.0,0.006666666666666667,1.0
panda,ranged_ik_positive_range,1dbf7fd1392f9c76bac68d43d8f91b06649a92d6e9150a42f2a07fbdbdba9fba,high_curvature,1,0.0,0.0,86367657.0,0.006666666666666667,1.0
panda,ranged_ik_positive_range,21352bbb304315d0ccdccfcd7255175605e8f0250aee148834e1a55b01ce3135,smooth,1,0.0,0.0,83154893.0,0.006666666666666667,1.0
panda,ranged_ik_positive_range,21feb300555127533b2bf2a8a5e73cbd52c673cc58f9af3f6d0e19bdfe2f91d3,smooth,1,0.0,0.0,81574912.0,0.006666666666666667,1.0
panda,ranged_ik_positive_range,24c355c532cc7b4fe8ef2ed4e6ab75fcb40c9f4a5b26576f1f6c8fb1f47927b2,smooth,1,0.0,0.0,81075174.0,0.006666666666666667,1.0
panda,ranged_ik_positive_range,24fecc1811b319e44e0d5617288d7c075d3dbdac3e0e105398bce4e31b6e798f,smooth,1,0.0,0.0,104231709.0,0.006666666666666667,1.0
panda,ranged_ik_positive_range,315ff9a23634573934fbf6e59468742652b3c4cb477f05055d46f51021c2f1fe,smooth,1,0.0,0.0,81143588.0,0.006666666666666667,1.0
panda,ranged_ik_positive_range,33144a1316cb49fe7786ddd8e54273ed9c977b91b3c6c8d99b4db33487665e0f,joint_limit_return,1,0.0,0.0,77943226.0,0.006666666666666667,1.0
panda,ranged_ik_positive_range,34eb9af30166b583e8bdfc8113a9006e72bc7b799632e072237b319142c8c172,high_curvature,1,0.0,0.0,78083567.0,0.006666666666666667,1.0
panda,ranged_ik_positive_range,3c602c660fc7198dc4496132dd579f3d963f7ef1158467b741b3bfa3b0776f47,high_curvature,1,0.0,0.0,87576701.0,0.006666666666666667,1.0
panda,ranged_ik_positive_range,3f81a83aecef4ad8ebe9476e340790674b8e3ecb2b1f76ffe99de9f9716a9415,near_singular,1,0.0,0.0,91168354.0,0.02666666666666667,4.0
panda,ranged_ik_positive_range,4071c3d68133744ee4c306e955811f94e999148ab2b3df32cfb075c45714e4d1,near_singular,1,0.0,0.0,82255124.0,0.03333333333333333,5.0
panda,ranged_ik_positive_range,4219a14779a0ac637faebf4fbc1d60919ac99a4fb3e80bb25755af29d7ecd3ce,high_curvature,1,0.0,0.0,89570143.0,0.006666666666666667,1.0
panda,ranged_ik_positive_range,4af903f5b095c4031d906b09874d2b75d6e9f9eff0d04ba0c381aff34d9bfaea,smooth,1,0.0,0.0,85252284.0,0.006666666666666667,1.0
panda,ranged_ik_positive_range,4ba88cc9afb6dec1645efb7efc5e1e6a72d6c97f0c59e67c4b8deaf815ae54c8,near_singular,1,0.0,0.0,89488881.0,0.03666666666666667,8.0
panda,ranged_ik_positive_range,4ced57cd9c400313f5dd5e5ac32a6046f131b8787aa28567b4630a79f2b54765,joint_limit_return,1,0.0,0.0,79895726.0,0.006666666666666667,1.0
panda,ranged_ik_positive_range,4d5726022b02c15cb1a454c63889654368a8fbcdae89aeb1a95cb2563625cfb6,near_singular,1,0.0,0.0,85126161.0,0.04666666666666667,7.0
panda,ranged_ik_positive_range,4d9996b01d53260dc4f34a510f4f98fb408f0402cd9aefc444ca7e69d8829238,near_singular,1,0.0,0.0,92920991.0,0.03333333333333333,8.0
panda,ranged_ik_positive_range,4e60787710ac0931de62ebece84a087b21af34332d9809821839206b91edc0f3,smooth,1,0.0,0.0,81766374.0,0.006666666666666667,1.0
panda,ranged_ik_positive_range,528b294d13074a07a40e0a7339ae08b0d6097234268db4ea1e93ae53bec4dcfc,joint_limit_return,1,0.0,0.0,81170081.0,0.006666666666666667,1.0
panda,ranged_ik_positive_range,587ba8b6832890074f74e4ca536848bd71559842bc1fd8b33761d1d5f78fb3c6,near_singular,1,0.0,0.0,85298330.0,0.04,6.0
panda,ranged_ik_positive_range,5eca0902459073bb6385cd4ab9c0876850167c58f176877e32bc8387f19e7d5d,joint_limit_return,1,0.0,0.0,80606408.0,0.006666666666666667,1.0
panda,ranged_ik_positive_range,62cf2ffefadcb1e65693edf88d9a5ff3c7ce7ecd4608b2fa1753a386424b029c,joint_limit_return,1,0.0,0.0,81618486.0,0.006666666666666667,1.0
panda,ranged_ik_positive_range,6c3aabc3376e7062b96f34ca650085bfc027153443ef0de8ffb96f45514a3aba,joint_limit_return,1,0.0,0.0,80872444.0,0.006666666666666667,1.0
panda,ranged_ik_positive_range,722a448034a3fed404996d6168213b64acca2136a9aaad2ce6353057b1ffc678,smooth,1,0.0,0.0,85611933.0,0.006666666666666667,1.0
panda,ranged_ik_positive_range,74c29f013d2517822ab54de8735b63dabbc0a07cdd226d3a70e41c4686849f7c,high_curvature,1,0.0,0.0,89357393.0,0.0033333333333333335,1.0
panda,ranged_ik_positive_range,7bdcf203789ad15d75685113185e00a91052d420c457bb26e272c88d62da2c98,joint_limit_return,1,0.0,0.0,81948085.0,0.006666666666666667,1.0
panda,ranged_ik_positive_range,812544c6b72fdd71f051a965144990526e50ca9926205b2a2e7ba406d2ddd8f3,near_singular,1,0.0,0.0,94554864.0,0.03333333333333333,5.0
panda,ranged_ik_positive_range,84523d1d744136e9e35c5a0846ee6fdfd78b2496c84b089c8f8bcc3d8908c904,high_curvature,1,0.0,0.0,147075712.0,0.006666666666666667,1.0
panda,ranged_ik_positive_range,85446a938e6594ba12ebfe3207a6173c71f86e8dfd6947fd5a8d061b332f381b,joint_limit_return,1,0.0,0.0,81608320.0,0.006666666666666667,1.0
panda,ranged_ik_positive_range,8655e30c0a88dd37857c82aa2cde84f1d22fbee5d7dbb4afd750e74a10dbca42,smooth,1,0.0,0.0,80958712.0,0.006666666666666667,1.0
panda,ranged_ik_positive_range,8b5c315d061bd3688cd962944fbdec36386def0bb36634bc033a0644d0733ac1,smooth,1,0.0,0.0,79149586.0,0.006666666666666667,1.0
panda,ranged_ik_positive_range,903efc63f245668f0d5df44b9f48b6bb4a5fdb9b31b0971edddcd8cf6b164412,high_curvature,1,0.0,0.0,88032014.0,0.0033333333333333335,1.0
panda,ranged_ik_positive_range,93c78d3583b1a2d2e43e833ee9ea0764d227b9a4588ddde91047b592d81ec731,smooth,1,0.0,0.0,83709202.0,0.006666666666666667,1.0
panda,ranged_ik_positive_range,94ea2ce5856235c6dff346ecf93fb77155022b282b96203ebd91f7759fb2289c,joint_limit_return,1,0.0,0.0,80382343.0,0.006666666666666667,1.0
panda,ranged_ik_positive_range,97ebdfa4a3a9a940fb7522eb9b8401747e322c7ff968f9ea9c1ab4283448f6f6,high_curvature,1,0.0,0.0,88856695.0,0.006666666666666667,1.0
panda,ranged_ik_positive_range,9a30ac65bd31ac87ba8a356ba5ab2a24c838f26d4d35dd012d79cb0ecfd1af37,joint_limit_return,1,0.0,0.0,86616988.0,0.006666666666666667,1.0
panda,ranged_ik_positive_range,9b3f40d0a4a73b7cc2e3980d85021ef2d18c830c4e00b031383e0db7fa8f4648,near_singular,1,0.0,0.0,80792165.0,0.023333333333333334,5.0
panda,ranged_ik_positive_range,9f1b36e9cc0ddbf63840ff77df4b27bbec6c67e0eac9898c93c99f790cc53bf3,smooth,1,0.0,0.0,139169376.0,0.006666666666666667,1.0
panda,ranged_ik_positive_range,a72f800756d93a8e0178233f43a4f5603c6c82ad658b2ff01c4caa1849f2970b,high_curvature,1,0.0,0.0,93705406.0,0.006666666666666667,1.0
panda,ranged_ik_positive_range,b08d384226627695e9db8f0a97656f925d30a0f1ef52dcde3d3a316d83edcb3e,near_singular,1,0.0,0.0,95137330.0,0.02666666666666667,4.0
panda,ranged_ik_positive_range,b6a6a000490bc47bb8fec594bb1d6757753d9bd36af82ad4c1748474d41782e2,high_curvature,1,0.0,0.0,87874692.0,0.0033333333333333335,1.0
panda,ranged_ik_positive_range,b9c322dc8c438a25dea153e56bc41fc79dc76ea0ace4376381db039feb18b3b0,high_curvature,1,0.0,0.0,86614731.0,0.006666666666666667,1.0
panda,ranged_ik_positive_range,bc7b61b631a2c73339b0a18fe9ce2af1ecc47bd2a1fe4a55bbcaf44df1841327,near_singular,1,0.0,0.0,107478980.0,0.04,5.0
panda,ranged_ik_positive_range,c5bd51fc1f0b1af9b6d6ed97195efa4e43917678d7c0a6e46c724fb08fb2987a,joint_limit_return,1,0.0,0.0,81437634.0,0.006666666666666667,1.0
panda,ranged_ik_positive_range,c847cede995cb96325c52ddba655ac3f3339bcb88ec454d20da33ff7c4dca452,joint_limit_return,1,0.0,0.0,79922401.0,0.006666666666666667,1.0
panda,ranged_ik_positive_range,ca118da3da91a1cb20f6a15069f4225c4ab380bda8936de41e382e6809a5faee,smooth,1,0.0,0.0,138296184.0,0.006666666666666667,1.0
panda,ranged_ik_positive_range,d25d583eed966f0a4890611c655aeceee05aa2dc824247686f5206001d639b8e,smooth,1,0.0,0.0,79443022.0,0.006666666666666667,1.0
panda,ranged_ik_positive_range,d90e435ba578b99631a5a05c3eead70e9cd16754dc13a8814cbeb1915a81a9a2,high_curvature,1,0.0,0.0,88457232.0,0.006666666666666667,1.0
panda,ranged_ik_positive_range,dca441d2100c1f10950c3c449391bbd6a640a265a757197fdd41cd5c559dd7f2,high_curvature,1,0.0,0.0,95187207.0,0.006666666666666667,1.0
panda,ranged_ik_positive_range,dcbb02363eb3b300284cb187544b9e0543c356b6dd7bca56d057c833d82ec1ce,near_singular,1,0.0,0.0,78477151.0,0.04666666666666667,7.0
panda,ranged_ik_positive_range,debf69dafe061d996b768380f530ab93195d3413240dda7d60d9d3fa00885214,near_singular,1,0.0,0.0,86649977.0,0.02666666666666667,4.0
panda,ranged_ik_positive_range,dec1d20758f8defc5511ecdd0c280145fbf924733124a98dc39d84e75ed8ee4e,high_curvature,1,0.0,0.0,98326437.0,0.006666666666666667,1.0
panda,ranged_ik_positive_range,df08692c7b2eadcbd67d39e863103437a360bf3bf3789377b3135f5f72f8bffc,joint_limit_return,1,0.0,0.0,85722470.0,0.006666666666666667,1.0
panda,ranged_ik_positive_range,df44e1636782557b5abbc632834a1ece131221f4fc404be790941389867a2cd3,smooth,1,0.0,0.0,133279488.0,0.006666666666666667,1.0
panda,ranged_ik_positive_range,e19650a533a455116a834987b098810e9605d1c04733dea4621cc43c343ed94d,joint_limit_return,1,0.0,0.0,81712496.0,0.006666666666666667,1.0
panda,ranged_ik_positive_range,e35821d52566b007aebb32807a82ddc409386b691a38ddc83a59e9cf6e98fb41,high_curvature,1,0.0,0.0,81692007.0,0.0033333333333333335,1.0
panda,ranged_ik_positive_range,e763efcea4c5a3ff0c296248966ee293d0a9f99aecc2f6a554c20c543be0cc43,near_singular,1,0.0,0.0,83064612.0,0.03333333333333333,5.0
panda,ranged_ik_positive_range,e77349617b81f85cf8b145de06bc2cb4284d5ce13b204dfc6903dc267be1d1d1,joint_limit_return,1,0.0,0.0,79810746.0,0.006666666666666667,1.0
panda,ranged_ik_positive_range,e8425231608ebce58ab60b002e394065d5bb879295307ecf60de5cdc1e7a7137,near_singular,1,0.0,0.0,91084264.0,0.04666666666666667,7.0
panda,ranged_ik_positive_range,ea60fc22a775879ef892b95c88f6967d69d85595d76aeae7dfeadca2575f9489,joint_limit_return,1,0.0,0.0,82357302.0,0.006666666666666667,1.0
panda,ranged_ik_positive_range,eae9cac6cf5a5c981eef189594a46bad4785e1921cac5a98be1a2a58b884a3f8,near_singular,1,0.0,0.0,88096152.0,0.03333333333333333,5.0
panda,ranged_ik_positive_range,edb8551b11cbe2a492b2fef2c7e20214a3f8e4cea5b1fa49ca5ff404f7d5ac15,smooth,1,0.0,0.0,83009930.0,0.006666666666666667,1.0
panda,ranged_ik_positive_range,f04fdd99ab579f7ee40055390e8c5cef35503d4edb0b245e0f872a409d1599d0,high_curvature,1,0.0,0.0,95430997.0,0.006666666666666667,1.0
panda,ranged_ik_positive_range,f2c68553f437084ff2273ee212367879dde91e8a8754e9b14110a76538e24f47,near_singular,1,0.0,0.0,103435729.0,0.023333333333333334,5.0
panda,ranged_ik_positive_range,f37eecc6128724e548d6e984280626d79ac0edd3c00e7257663f251fdb9b7b73,joint_limit_return,1,0.0,0.0,79108516.0,0.006666666666666667,1.0
panda,ranged_ik_positive_range,f3b051777058603dc21c7fbb80a89960ffaaf9cbc3fa59cfe0b027639eea6341,near_singular,1,0.0,0.0,99813617.0,0.02666666666666667,4.0
panda,ranged_ik_positive_range,f3e4e108a041e58c73332f6c32e84dee68ee37ebccb985aed3fc3a289bebc5c0,joint_limit_return,1,0.0,0.0,80585138.0,0.006666666666666667,1.0
panda,ranged_ik_positive_range,f85bc7a2dd13734c7e2d96d76439ed60f384fc1f8e47704220bde66ffe5c8b39,smooth,1,0.0,0.0,84177945.0,0.006666666666666667,1.0
panda,ranged_ik_positive_range,f8fed72df3635734707a9bc9597f301ce6bf7d9c25feb44f52a05f522b7ae082,high_curvature,1,0.0,0.0,89593502.0,0.006666666666666667,1.0
panda,ranged_ik_positive_range,f91e21d1d8b74244a42e85cfb61a758947cfc44d68d87959474904131ea43f76,joint_limit_return,1,0.0,0.0,79608063.0,0.006666666666666667,1.0
panda,ranged_ik_positive_range,fc43b28e1ef0f4315f89dd747d1dce530589fa33f04e25f828aae6278d154bf1,smooth,1,0.0,0.0,81973904.0,0.006666666666666667,1.0
panda,ranged_ik_positive_range,ffaabb719fe344e26a3ace6121ad9aa63deeeaf6be4e90ad76219dafa0642fd9,smooth,1,0.0,0.0,81028271.0,0.006666666666666667,1.0
panda,ranged_ik_positive_range,ffb925c3c350cd58b2a3c0ca3a1d005e853f19a40ad015cec3a82257101a6301,joint_limit_return,1,0.0,0.0,95520624.0,0.006666666666666667,1.0
panda,ranged_ik_positive_range,ffe27a227d9a6794f4dc89435acf02972c4d4f0aca9976152097f76b64c2dcfe,high_curvature,1,0.0,0.0,93043638.0,0.006666666666666667,1.0
panda,ranged_ik_upstream,06aebb8df22d3ad4e9c1848a0460c93838cc094c6b0ae854e4e08d4342c4956b,near_singular,1,0.0,0.0,87558169.0,0.0033333333333333335,0.0
panda,ranged_ik_upstream,0947026b3677880f22d0f6f4f7dd7fb9b0dee71bde71d85a87c811f8ee530ce6,near_singular,1,0.0,0.0,86361486.0,0.14,21.0
panda,ranged_ik_upstream,0a5779597ea40a6c0c2d6bfa5e18333d9546d8140f0a9f2fb0e863954e5c8006,smooth,1,0.0,0.0,89054917.0,0.006666666666666667,1.0
panda,ranged_ik_upstream,0acf6b3b34916e17c91dc15c1b3ae3376c97fba839f05ad672662e234c5213e9,near_singular,1,0.0,0.0,92615372.0,0.0033333333333333335,0.0
panda,ranged_ik_upstream,0f6a0c79afed4b21be7ee2d431001f7fb484154f17b756f5d1b747c684f059d5,high_curvature,1,0.0,0.0,101926276.0,0.006666666666666667,1.0
panda,ranged_ik_upstream,140dabfd29d6d5c2fbd3588d5fff9808e34e13c505070d185fa8d5eea0cd8289,high_curvature,1,0.0,0.0,107704506.0,0.02666666666666667,1.0
panda,ranged_ik_upstream,1dbf7fd1392f9c76bac68d43d8f91b06649a92d6e9150a42f2a07fbdbdba9fba,high_curvature,1,0.0,0.0,100632084.0,0.006666666666666667,1.0
panda,ranged_ik_upstream,21352bbb304315d0ccdccfcd7255175605e8f0250aee148834e1a55b01ce3135,smooth,1,0.0,0.0,100067535.0,0.01,1.0
panda,ranged_ik_upstream,21feb300555127533b2bf2a8a5e73cbd52c673cc58f9af3f6d0e19bdfe2f91d3,smooth,1,0.0,0.0,88877415.0,0.006666666666666667,1.0
panda,ranged_ik_upstream,24c355c532cc7b4fe8ef2ed4e6ab75fcb40c9f4a5b26576f1f6c8fb1f47927b2,smooth,1,0.0,0.0,89203721.0,0.01,1.0
panda,ranged_ik_upstream,24fecc1811b319e44e0d5617288d7c075d3dbdac3e0e105398bce4e31b6e798f,smooth,1,0.0,0.0,87209720.0,0.006666666666666667,1.0
panda,ranged_ik_upstream,315ff9a23634573934fbf6e59468742652b3c4cb477f05055d46f51021c2f1fe,smooth,1,0.0,0.0,88069315.0,0.006666666666666667,1.0
panda,ranged_ik_upstream,33144a1316cb49fe7786ddd8e54273ed9c977b91b3c6c8d99b4db33487665e0f,joint_limit_return,1,0.0,0.0,84681501.0,0.006666666666666667,1.0
panda,ranged_ik_upstream,34eb9af30166b583e8bdfc8113a9006e72bc7b799632e072237b319142c8c172,high_curvature,1,0.0,0.0,90168845.0,0.006666666666666667,1.0
panda,ranged_ik_upstream,3c602c660fc7198dc4496132dd579f3d963f7ef1158467b741b3bfa3b0776f47,high_curvature,1,0.0,0.0,99693648.0,0.016666666666666666,2.0
panda,ranged_ik_upstream,3f81a83aecef4ad8ebe9476e340790674b8e3ecb2b1f76ffe99de9f9716a9415,near_singular,1,0.0,0.0,86103260.0,0.0,0.0
panda,ranged_ik_upstream,4071c3d68133744ee4c306e955811f94e999148ab2b3df32cfb075c45714e4d1,near_singular,1,0.0,0.0,84085866.0,0.1,11.0
panda,ranged_ik_upstream,4219a14779a0ac637faebf4fbc1d60919ac99a4fb3e80bb25755af29d7ecd3ce,high_curvature,1,0.0,0.0,96996527.0,0.006666666666666667,1.0
panda,ranged_ik_upstream,4af903f5b095c4031d906b09874d2b75d6e9f9eff0d04ba0c381aff34d9bfaea,smooth,1,0.0,0.0,87323915.0,0.013333333333333334,2.0
panda,ranged_ik_upstream,4ba88cc9afb6dec1645efb7efc5e1e6a72d6c97f0c59e67c4b8deaf815ae54c8,near_singular,1,0.0,0.0,91419930.0,0.10666666666666667,0.0
panda,ranged_ik_upstream,4ced57cd9c400313f5dd5e5ac32a6046f131b8787aa28567b4630a79f2b54765,joint_limit_return,1,0.0,0.0,87900681.0,0.006666666666666667,1.0
panda,ranged_ik_upstream,4d5726022b02c15cb1a454c63889654368a8fbcdae89aeb1a95cb2563625cfb6,near_singular,1,0.0,0.0,95514179.0,0.17,26.0
panda,ranged_ik_upstream,4d9996b01d53260dc4f34a510f4f98fb408f0402cd9aefc444ca7e69d8829238,near_singular,1,0.0,0.0,87056265.0,0.043333333333333335,10.0
panda,ranged_ik_upstream,4e60787710ac0931de62ebece84a087b21af34332d9809821839206b91edc0f3,smooth,1,0.0,0.0,88882056.0,0.013333333333333334,1.0
panda,ranged_ik_upstream,528b294d13074a07a40e0a7339ae08b0d6097234268db4ea1e93ae53bec4dcfc,joint_limit_return,1,0.0,0.0,83707709.0,0.02,6.0
panda,ranged_ik_upstream,587ba8b6832890074f74e4ca536848bd71559842bc1fd8b33761d1d5f78fb3c6,near_singular,1,0.0,0.0,92428193.0,0.0,0.0
panda,ranged_ik_upstream,5eca0902459073bb6385cd4ab9c0876850167c58f176877e32bc8387f19e7d5d,joint_limit_return,1,0.0,0.0,89543326.0,0.006666666666666667,1.0
panda,ranged_ik_upstream,62cf2ffefadcb1e65693edf88d9a5ff3c7ce7ecd4608b2fa1753a386424b029c,joint_limit_return,1,0.0,0.0,95817424.0,0.006666666666666667,1.0
panda,ranged_ik_upstream,6c3aabc3376e7062b96f34ca650085bfc027153443ef0de8ffb96f45514a3aba,joint_limit_return,1,0.0,0.0,141020186.0,0.006666666666666667,1.0
panda,ranged_ik_upstream,722a448034a3fed404996d6168213b64acca2136a9aaad2ce6353057b1ffc678,smooth,1,0.0,0.0,95825275.0,0.006666666666666667,1.0
panda,ranged_ik_upstream,74c29f013d2517822ab54de8735b63dabbc0a07cdd226d3a70e41c4686849f7c,high_curvature,1,0.0,0.0,93799756.0,0.006666666666666667,1.0
panda,ranged_ik_upstream,7bdcf203789ad15d75685113185e00a91052d420c457bb26e272c88d62da2c98,joint_limit_return,1,0.0,0.0,94068561.0,0.006666666666666667,1.0
panda,ranged_ik_upstream,812544c6b72fdd71f051a965144990526e50ca9926205b2a2e7ba406d2ddd8f3,near_singular,1,0.0,0.0,82870318.0,0.016666666666666666,1.0
panda,ranged_ik_upstream,84523d1d744136e9e35c5a0846ee6fdfd78b2496c84b089c8f8bcc3d8908c904,high_curvature,1,0.0,0.0,110225343.0,0.03,1.0
panda,ranged_ik_upstream,85446a938e6594ba12ebfe3207a6173c71f86e8dfd6947fd5a8d061b332f381b,joint_limit_return,1,0.0,0.0,89546829.0,0.006666666666666667,1.0
panda,ranged_ik_upstream,8655e30c0a88dd37857c82aa2cde84f1d22fbee5d7dbb4afd750e74a10dbca42,smooth,1,0.0,0.0,86836627.0,0.01,1.0
panda,ranged_ik_upstream,8b5c315d061bd3688cd962944fbdec36386def0bb36634bc033a0644d0733ac1,smooth,1,0.0,0.0,90162015.0,0.006666666666666667,1.0
panda,ranged_ik_upstream,903efc63f245668f0d5df44b9f48b6bb4a5fdb9b31b0971edddcd8cf6b164412,high_curvature,1,0.0,0.0,106884084.0,0.006666666666666667,1.0
panda,ranged_ik_upstream,93c78d3583b1a2d2e43e833ee9ea0764d227b9a4588ddde91047b592d81ec731,smooth,1,0.0,0.0,92672219.0,0.006666666666666667,1.0
panda,ranged_ik_upstream,94ea2ce5856235c6dff346ecf93fb77155022b282b96203ebd91f7759fb2289c,joint_limit_return,1,0.0,0.0,90641295.0,0.006666666666666667,1.0
panda,ranged_ik_upstream,97ebdfa4a3a9a940fb7522eb9b8401747e322c7ff968f9ea9c1ab4283448f6f6,high_curvature,1,0.0,0.0,122702059.0,0.01,1.0
panda,ranged_ik_upstream,9a30ac65bd31ac87ba8a356ba5ab2a24c838f26d4d35dd012d79cb0ecfd1af37,joint_limit_return,1,0.0,0.0,101067721.0,0.006666666666666667,1.0
panda,ranged_ik_upstream,9b3f40d0a4a73b7cc2e3980d85021ef2d18c830c4e00b031383e0db7fa8f4648,near_singular,1,0.0,0.0,85184537.0,0.04666666666666667,7.0
panda,ranged_ik_upstream,9f1b36e9cc0ddbf63840ff77df4b27bbec6c67e0eac9898c93c99f790cc53bf3,smooth,1,0.0,0.0,91071389.0,0.006666666666666667,1.0
panda,ranged_ik_upstream,a72f800756d93a8e0178233f43a4f5603c6c82ad658b2ff01c4caa1849f2970b,high_curvature,1,0.0,0.0,107013551.0,0.006666666666666667,1.0
panda,ranged_ik_upstream,b08d384226627695e9db8f0a97656f925d30a0f1ef52dcde3d3a316d83edcb3e,near_singular,1,0.0,0.0,96016634.0,0.0,0.0
panda,ranged_ik_upstream,b6a6a000490bc47bb8fec594bb1d6757753d9bd36af82ad4c1748474d41782e2,high_curvature,1,0.0,0.0,90026221.0,0.006666666666666667,1.0
panda,ranged_ik_upstream,b9c322dc8c438a25dea153e56bc41fc79dc76ea0ace4376381db039feb18b3b0,high_curvature,1,0.0,0.0,104423490.0,0.023333333333333334,4.0
panda,ranged_ik_upstream,bc7b61b631a2c73339b0a18fe9ce2af1ecc47bd2a1fe4a55bbcaf44df1841327,near_singular,1,0.0,0.0,89710426.0,0.043333333333333335,12.0
panda,ranged_ik_upstream,c5bd51fc1f0b1af9b6d6ed97195efa4e43917678d7c0a6e46c724fb08fb2987a,joint_limit_return,1,0.0,0.0,86281435.0,0.006666666666666667,1.0
panda,ranged_ik_upstream,c847cede995cb96325c52ddba655ac3f3339bcb88ec454d20da33ff7c4dca452,joint_limit_return,1,0.0,0.0,84793912.0,0.006666666666666667,1.0
panda,ranged_ik_upstream,ca118da3da91a1cb20f6a15069f4225c4ab380bda8936de41e382e6809a5faee,smooth,1,0.0,0.0,98143843.0,0.013333333333333334,1.0
panda,ranged_ik_upstream,d25d583eed966f0a4890611c655aeceee05aa2dc824247686f5206001d639b8e,smooth,1,0.0,0.0,93466212.0,0.01,1.0
panda,ranged_ik_upstream,d90e435ba578b99631a5a05c3eead70e9cd16754dc13a8814cbeb1915a81a9a2,high_curvature,1,0.0,0.0,94519280.0,0.006666666666666667,1.0
panda,ranged_ik_upstream,dca441d2100c1f10950c3c449391bbd6a640a265a757197fdd41cd5c559dd7f2,high_curvature,1,0.0,0.0,117596063.0,0.006666666666666667,1.0
panda,ranged_ik_upstream,dcbb02363eb3b300284cb187544b9e0543c356b6dd7bca56d057c833d82ec1ce,near_singular,1,0.0,0.0,92193144.0,0.07333333333333333,22.0
panda,ranged_ik_upstream,debf69dafe061d996b768380f530ab93195d3413240dda7d60d9d3fa00885214,near_singular,1,0.0,0.0,82179614.0,0.013333333333333334,0.0
panda,ranged_ik_upstream,dec1d20758f8defc5511ecdd0c280145fbf924733124a98dc39d84e75ed8ee4e,high_curvature,1,0.0,0.0,108387892.0,0.02,2.0
panda,ranged_ik_upstream,df08692c7b2eadcbd67d39e863103437a360bf3bf3789377b3135f5f72f8bffc,joint_limit_return,1,0.0,0.0,89417743.0,0.006666666666666667,1.0
panda,ranged_ik_upstream,df44e1636782557b5abbc632834a1ece131221f4fc404be790941389867a2cd3,smooth,1,0.0,0.0,93822027.0,0.023333333333333334,7.0
panda,ranged_ik_upstream,e19650a533a455116a834987b098810e9605d1c04733dea4621cc43c343ed94d,joint_limit_return,1,0.0,0.0,93934032.0,0.006666666666666667,1.0
panda,ranged_ik_upstream,e35821d52566b007aebb32807a82ddc409386b691a38ddc83a59e9cf6e98fb41,high_curvature,1,0.0,0.0,100547287.0,0.01,2.0
panda,ranged_ik_upstream,e763efcea4c5a3ff0c296248966ee293d0a9f99aecc2f6a554c20c543be0cc43,near_singular,1,0.0,0.0,93220006.0,0.10666666666666667,16.0
panda,ranged_ik_upstream,e77349617b81f85cf8b145de06bc2cb4284d5ce13b204dfc6903dc267be1d1d1,joint_limit_return,1,0.0,0.0,87565833.0,0.006666666666666667,1.0
panda,ranged_ik_upstream,e8425231608ebce58ab60b002e394065d5bb879295307ecf60de5cdc1e7a7137,near_singular,1,0.0,0.0,85167624.0,0.0,0.0
panda,ranged_ik_upstream,ea60fc22a775879ef892b95c88f6967d69d85595d76aeae7dfeadca2575f9489,joint_limit_return,1,0.0,0.0,97632485.0,0.006666666666666667,1.0
panda,ranged_ik_upstream,eae9cac6cf5a5c981eef189594a46bad4785e1921cac5a98be1a2a58b884a3f8,near_singular,1,0.0,0.0,79932834.0,0.0,0.0
panda,ranged_ik_upstream,edb8551b11cbe2a492b2fef2c7e20214a3f8e4cea5b1fa49ca5ff404f7d5ac15,smooth,1,0.0,0.0,91268164.0,0.006666666666666667,1.0
panda,ranged_ik_upstream,f04fdd99ab579f7ee40055390e8c5cef35503d4edb0b245e0f872a409d1599d0,high_curvature,1,0.0,0.0,105831217.0,0.006666666666666667,1.0
panda,ranged_ik_upstream,f2c68553f437084ff2273ee212367879dde91e8a8754e9b14110a76538e24f47,near_singular,1,0.0,0.0,102111581.0,0.06333333333333334,0.0
panda,ranged_ik_upstream,f37eecc6128724e548d6e984280626d79ac0edd3c00e7257663f251fdb9b7b73,joint_limit_return,1,0.0,0.0,89201705.0,0.006666666666666667,1.0
panda,ranged_ik_upstream,f3b051777058603dc21c7fbb80a89960ffaaf9cbc3fa59cfe0b027639eea6341,near_singular,1,0.0,0.0,83766814.0,0.0033333333333333335,0.0
panda,ranged_ik_upstream,f3e4e108a041e58c73332f6c32e84dee68ee37ebccb985aed3fc3a289bebc5c0,joint_limit_return,1,0.0,0.0,92379949.0,0.006666666666666667,1.0
panda,ranged_ik_upstream,f85bc7a2dd13734c7e2d96d76439ed60f384fc1f8e47704220bde66ffe5c8b39,smooth,1,0.0,0.0,100197712.0,0.006666666666666667,1.0
panda,ranged_ik_upstream,f8fed72df3635734707a9bc9597f301ce6bf7d9c25feb44f52a05f522b7ae082,high_curvature,1,0.0,0.0,115228051.0,0.006666666666666667,1.0
panda,ranged_ik_upstream,f91e21d1d8b74244a42e85cfb61a758947cfc44d68d87959474904131ea43f76,joint_limit_return,1,0.0,0.0,92400093.0,0.006666666666666667,1.0
panda,ranged_ik_upstream,fc43b28e1ef0f4315f89dd747d1dce530589fa33f04e25f828aae6278d154bf1,smooth,1,0.0,0.0,84873369.0,0.01,1.0
panda,ranged_ik_upstream,ffaabb719fe344e26a3ace6121ad9aa63deeeaf6be4e90ad76219dafa0642fd9,smooth,1,0.0,0.0,94113207.0,0.04666666666666667,2.0
panda,ranged_ik_upstream,ffb925c3c350cd58b2a3c0ca3a1d005e853f19a40ad015cec3a82257101a6301,joint_limit_return,1,0.0,0.0,96965053.0,0.006666666666666667,1.0
panda,ranged_ik_upstream,ffe27a227d9a6794f4dc89435acf02972c4d4f0aca9976152097f76b64c2dcfe,high_curvature,1,0.0,0.0,98402559.0,0.02,5.0
panda,single_step_reserve,06aebb8df22d3ad4e9c1848a0460c93838cc094c6b0ae854e4e08d4342c4956b,near_singular,3,0.0,0.0,1461017298.3333333,0.7122222222222222,107.0
panda,single_step_reserve,0947026b3677880f22d0f6f4f7dd7fb9b0dee71bde71d85a87c811f8ee530ce6,near_singular,3,0.0,0.0,1541677182.0,0.5266666666666666,79.0
panda,single_step_reserve,0a5779597ea40a6c0c2d6bfa5e18333d9546d8140f0a9f2fb0e863954e5c8006,smooth,3,0.0,0.0,1744752482.6666667,0.16,44.0
panda,single_step_reserve,0acf6b3b34916e17c91dc15c1b3ae3376c97fba839f05ad672662e234c5213e9,near_singular,3,0.0,0.0,1654338359.3333333,0.6055555555555556,79.66666666666667
panda,single_step_reserve,0f6a0c79afed4b21be7ee2d431001f7fb484154f17b756f5d1b747c684f059d5,high_curvature,3,0.0,0.0,1438824565.3333333,0.7266666666666667,116.0
panda,single_step_reserve,140dabfd29d6d5c2fbd3588d5fff9808e34e13c505070d185fa8d5eea0cd8289,high_curvature,3,1.0,1.0,1210980058.6666667,1.0,300.0
panda,single_step_reserve,1dbf7fd1392f9c76bac68d43d8f91b06649a92d6e9150a42f2a07fbdbdba9fba,high_curvature,3,1.0,1.0,1243812654.0,1.0,300.0
panda,single_step_reserve,21352bbb304315d0ccdccfcd7255175605e8f0250aee148834e1a55b01ce3135,smooth,3,1.0,1.0,1244723284.3333333,1.0,300.0
panda,single_step_reserve,21feb300555127533b2bf2a8a5e73cbd52c673cc58f9af3f6d0e19bdfe2f91d3,smooth,3,0.0,0.0,1591153570.6666667,0.4122222222222222,120.0
panda,single_step_reserve,24c355c532cc7b4fe8ef2ed4e6ab75fcb40c9f4a5b26576f1f6c8fb1f47927b2,smooth,3,1.0,1.0,1259614971.6666667,1.0,300.0
panda,single_step_reserve,24fecc1811b319e44e0d5617288d7c075d3dbdac3e0e105398bce4e31b6e798f,smooth,3,0.0,0.0,1541817752.3333333,0.4988888888888889,146.33333333333334
panda,single_step_reserve,315ff9a23634573934fbf6e59468742652b3c4cb477f05055d46f51021c2f1fe,smooth,3,0.0,0.0,1777625687.6666667,0.07333333333333333,20.0
panda,single_step_reserve,33144a1316cb49fe7786ddd8e54273ed9c977b91b3c6c8d99b4db33487665e0f,joint_limit_return,3,1.0,1.0,1236794686.0,1.0,300.0
panda,single_step_reserve,34eb9af30166b583e8bdfc8113a9006e72bc7b799632e072237b319142c8c172,high_curvature,3,1.0,1.0,1230933565.3333333,1.0,300.0
panda,single_step_reserve,3c602c660fc7198dc4496132dd579f3d963f7ef1158467b741b3bfa3b0776f47,high_curvature,3,0.0,0.0,1582283158.6666667,0.45444444444444443,65.66666666666667
panda,single_step_reserve,3f81a83aecef4ad8ebe9476e340790674b8e3ecb2b1f76ffe99de9f9716a9415,near_singular,3,0.0,0.0,1735474191.3333333,0.4122222222222222,99.0
panda,single_step_reserve,4071c3d68133744ee4c306e955811f94e999148ab2b3df32cfb075c45714e4d1,near_singular,3,0.0,0.0,1542818446.3333333,0.6,90.0
panda,single_step_reserve,4219a14779a0ac637faebf4fbc1d60919ac99a4fb3e80bb25755af29d7ecd3ce,high_curvature,3,1.0,1.0,1240530615.6666667,1.0,300.0
panda,single_step_reserve,4af903f5b095c4031d906b09874d2b75d6e9f9eff0d04ba0c381aff34d9bfaea,smooth,3,1.0,1.0,1254070057.6666667,1.0,300.0
panda,single_step_reserve,4ba88cc9afb6dec1645efb7efc5e1e6a72d6c97f0c59e67c4b8deaf815ae54c8,near_singular,3,0.3333333333333333,0.3333333333333333,1702168429.3333333,0.6244444444444445,163.33333333333334
panda,single_step_reserve,4ced57cd9c400313f5dd5e5ac32a6046f131b8787aa28567b4630a79f2b54765,joint_limit_return,3,0.0,0.0,1571867719.0,0.44,132.0
panda,single_step_reserve,4d5726022b02c15cb1a454c63889654368a8fbcdae89aeb1a95cb2563625cfb6,near_singular,3,1.0,1.0,1549332799.0,1.0,300.0
panda,single_step_reserve,4d9996b01d53260dc4f34a510f4f98fb408f0402cd9aefc444ca7e69d8829238,near_singular,3,0.0,0.0,1643463834.0,0.6833333333333332,58.333333333333336
panda,single_step_reserve,4e60787710ac0931de62ebece84a087b21af34332d9809821839206b91edc0f3,smooth,3,0.0,0.0,1750256320.3333333,0.12111111111111111,33.333333333333336
panda,single_step_reserve,528b294d13074a07a40e0a7339ae08b0d6097234268db4ea1e93ae53bec4dcfc,joint_limit_return,3,1.0,1.0,1240696117.3333333,1.0,300.0
panda,single_step_reserve,587ba8b6832890074f74e4ca536848bd71559842bc1fd8b33761d1d5f78fb3c6,near_singular,3,1.0,1.0,1689286904.6666667,1.0,300.0
panda,single_step_reserve,5eca0902459073bb6385cd4ab9c0876850167c58f176877e32bc8387f19e7d5d,joint_limit_return,3,0.0,0.0,1652213222.0,0.3,90.0
panda,single_step_reserve,62cf2ffefadcb1e65693edf88d9a5ff3c7ce7ecd4608b2fa1753a386424b029c,joint_limit_return,3,0.0,0.0,1659321785.0,0.29777777777777775,89.33333333333333
panda,single_step_reserve,6c3aabc3376e7062b96f34ca650085bfc027153443ef0de8ffb96f45514a3aba,joint_limit_return,3,1.0,1.0,1248996767.0,1.0,300.0
panda,single_step_reserve,722a448034a3fed404996d6168213b64acca2136a9aaad2ce6353057b1ffc678,smooth,3,1.0,1.0,1244265574.6666667,1.0,300.0
panda,single_step_reserve,74c29f013d2517822ab54de8735b63dabbc0a07cdd226d3a70e41c4686849f7c,high_curvature,3,1.0,1.0,1226428440.6666667,1.0,300.0
panda,single_step_reserve,7bdcf203789ad15d75685113185e00a91052d420c457bb26e272c88d62da2c98,joint_limit_return,3,1.0,1.0,1269120858.6666667,1.0,300.0
panda,single_step_reserve,812544c6b72fdd71f051a965144990526e50ca9926205b2a2e7ba406d2ddd8f3,near_singular,3,1.0,1.0,1418067719.6666667,1.0,300.0
panda,single_step_reserve,84523d1d744136e9e35c5a0846ee6fdfd78b2496c84b089c8f8bcc3d8908c904,high_curvature,3,0.0,0.0,1538800548.3333333,0.5333333333333333,95.0
panda,single_step_reserve,85446a938e6594ba12ebfe3207a6173c71f86e8dfd6947fd5a8d061b332f381b,joint_limit_return,3,1.0,0.6666666666666666,1282645427.0,1.0,300.0
panda,single_step_reserve,8655e30c0a88dd37857c82aa2cde84f1d22fbee5d7dbb4afd750e74a10dbca42,smooth,3,0.0,0.0,1684572625.3333333,0.3633333333333333,103.0
panda,single_step_reserve,8b5c315d061bd3688cd962944fbdec36386def0bb36634bc033a0644d0733ac1,smooth,3,1.0,1.0,1248976203.0,1.0,300.0
panda,single_step_reserve,903efc63f245668f0d5df44b9f48b6bb4a5fdb9b31b0971edddcd8cf6b164412,high_curvature,3,1.0,1.0,1263248235.6666667,1.0,300.0
panda,single_step_reserve,93c78d3583b1a2d2e43e833ee9ea0764d227b9a4588ddde91047b592d81ec731,smooth,3,1.0,0.6666666666666666,1262371778.0,1.0,300.0
panda,single_step_reserve,94ea2ce5856235c6dff346ecf93fb77155022b282b96203ebd91f7759fb2289c,joint_limit_return,3,0.0,0.0,1691286370.6666667,0.23222222222222225,69.66666666666667
panda,single_step_reserve,97ebdfa4a3a9a940fb7522eb9b8401747e322c7ff968f9ea9c1ab4283448f6f6,high_curvature,3,0.0,0.0,1391532459.0,0.75,221.0
panda,single_step_reserve,9a30ac65bd31ac87ba8a356ba5ab2a24c838f26d4d35dd012d79cb0ecfd1af37,joint_limit_return,3,0.0,0.0,1799661130.6666667,0.10222222222222221,30.666666666666668
panda,single_step_reserve,9b3f40d0a4a73b7cc2e3980d85021ef2d18c830c4e00b031383e0db7fa8f4648,near_singular,3,0.0,0.0,1604717517.3333333,0.67,201.0
panda,single_step_reserve,9f1b36e9cc0ddbf63840ff77df4b27bbec6c67e0eac9898c93c99f790cc53bf3,smooth,3,1.0,1.0,1248175374.0,1.0,300.0
panda,single_step_reserve,a72f800756d93a8e0178233f43a4f5603c6c82ad658b2ff01c4caa1849f2970b,high_curvature,3,1.0,1.0,1254581563.6666667,1.0,300.0
panda,single_step_reserve,b08d384226627695e9db8f0a97656f925d30a0f1ef52dcde3d3a316d83edcb3e,near_singular,3,0.0,0.0,1689017136.0,0.45999999999999996,60.666666666666664
panda,single_step_reserve,b6a6a000490bc47bb8fec594bb1d6757753d9bd36af82ad4c1748474d41782e2,high_curvature,3,1.0,1.0,1229537732.0,1.0,300.0
panda,single_step_reserve,b9c322dc8c438a25dea153e56bc41fc79dc76ea0ace4376381db039feb18b3b0,high_curvature,3,0.0,0.0,1310355271.6666667,0.8711111111111111,184.0
panda,single_step_reserve,bc7b61b631a2c73339b0a18fe9ce2af1ecc47bd2a1fe4a55bbcaf44df1841327,near_singular,3,0.0,0.0,1473319299.3333333,0.7688888888888888,115.33333333333333
panda,single_step_reserve,c5bd51fc1f0b1af9b6d6ed97195efa4e43917678d7c0a6e46c724fb08fb2987a,joint_limit_return,3,0.0,0.0,1805622181.6666667,0.06444444444444446,19.333333333333332
panda,single_step_reserve,c847cede995cb96325c52ddba655ac3f3339bcb88ec454d20da33ff7c4dca452,joint_limit_return,3,1.0,1.0,1254351043.6666667,1.0,300.0
panda,single_step_reserve,ca118da3da91a1cb20f6a15069f4225c4ab380bda8936de41e382e6809a5faee,smooth,3,1.0,1.0,1258650407.0,1.0,300.0
panda,single_step_reserve,d25d583eed966f0a4890611c655aeceee05aa2dc824247686f5206001d639b8e,smooth,3,0.0,0.0,1782870694.0,0.07444444444444444,18.0
panda,single_step_reserve,d90e435ba578b99631a5a05c3eead70e9cd16754dc13a8814cbeb1915a81a9a2,high_curvature,3,1.0,1.0,1264328968.6666667,1.0,300.0
panda,single_step_reserve,dca441d2100c1f10950c3c449391bbd6a640a265a757197fdd41cd5c559dd7f2,high_curvature,3,1.0,1.0,1197085760.6666667,1.0,300.0
panda,single_step_reserve,dcbb02363eb3b300284cb187544b9e0543c356b6dd7bca56d057c833d82ec1ce,near_singular,3,0.0,0.0,1750689737.3333333,0.8233333333333333,130.66666666666666
panda,single_step_reserve,debf69dafe061d996b768380f530ab93195d3413240dda7d60d9d3fa00885214,near_singular,3,0.0,0.0,1726512610.0,0.9344444444444444,135.33333333333334
panda,single_step_reserve,dec1d20758f8defc5511ecdd0c280145fbf924733124a98dc39d84e75ed8ee4e,high_curvature,3,0.3333333333333333,0.3333333333333333,1409036138.0,0.7311111111111112,219.33333333333334
panda,single_step_reserve,df08692c7b2eadcbd67d39e863103437a360bf3bf3789377b3135f5f72f8bffc,joint_limit_return,3,1.0,1.0,1257719023.3333333,1.0,300.0
panda,single_step_reserve,df44e1636782557b5abbc632834a1ece131221f4fc404be790941389867a2cd3,smooth,3,0.0,0.0,1666849763.6666667,0.2966666666666667,86.0
panda,single_step_reserve,e19650a533a455116a834987b098810e9605d1c04733dea4621cc43c343ed94d,joint_limit_return,3,0.0,0.0,1658170463.0,0.41777777777777775,74.66666666666667
panda,single_step_reserve,e35821d52566b007aebb32807a82ddc409386b691a38ddc83a59e9cf6e98fb41,high_curvature,3,0.0,0.0,1642421980.3333333,0.3333333333333333,94.66666666666667
panda,single_step_reserve,e763efcea4c5a3ff0c296248966ee293d0a9f99aecc2f6a554c20c543be0cc43,near_singular,3,0.6666666666666666,0.6666666666666666,1847412946.3333333,0.8933333333333334,268.0
panda,single_step_reserve,e77349617b81f85cf8b145de06bc2cb4284d5ce13b204dfc6903dc267be1d1d1,joint_limit_return,3,1.0,1.0,1360148821.3333333,1.0,300.0
panda,single_step_reserve,e8425231608ebce58ab60b002e394065d5bb879295307ecf60de5cdc1e7a7137,near_singular,3,0.3333333333333333,0.3333333333333333,1450798587.0,0.9966666666666666,239.0
panda,single_step_reserve,ea60fc22a775879ef892b95c88f6967d69d85595d76aeae7dfeadca2575f9489,joint_limit_return,3,1.0,1.0,1250875656.0,1.0,300.0
panda,single_step_reserve,eae9cac6cf5a5c981eef189594a46bad4785e1921cac5a98be1a2a58b884a3f8,near_singular,3,1.0,1.0,1255325478.3333333,1.0,300.0
panda,single_step_reserve,edb8551b11cbe2a492b2fef2c7e20214a3f8e4cea5b1fa49ca5ff404f7d5ac15,smooth,3,0.0,0.0,1625104328.0,0.42444444444444446,49.0
panda,single_step_reserve,f04fdd99ab579f7ee40055390e8c5cef35503d4edb0b245e0f872a409d1599d0,high_curvature,3,1.0,1.0,1219216413.6666667,1.0,300.0
panda,single_step_reserve,f2c68553f437084ff2273ee212367879dde91e8a8754e9b14110a76538e24f47,near_singular,3,1.0,1.0,1388297931.6666667,1.0,300.0
panda,single_step_reserve,f37eecc6128724e548d6e984280626d79ac0edd3c00e7257663f251fdb9b7b73,joint_limit_return,3,1.0,1.0,1247435378.6666667,1.0,300.0
panda,single_step_reserve,f3b051777058603dc21c7fbb80a89960ffaaf9cbc3fa59cfe0b027639eea6341,near_singular,3,0.0,0.0,1580957719.0,0.7511111111111112,121.66666666666667
panda,single_step_reserve,f3e4e108a041e58c73332f6c32e84dee68ee37ebccb985aed3fc3a289bebc5c0,joint_limit_return,3,1.0,1.0,1258777503.6666667,1.0,300.0
panda,single_step_reserve,f85bc7a2dd13734c7e2d96d76439ed60f384fc1f8e47704220bde66ffe5c8b39,smooth,3,1.0,1.0,1246766497.0,1.0,300.0
panda,single_step_reserve,f8fed72df3635734707a9bc9597f301ce6bf7d9c25feb44f52a05f522b7ae082,high_curvature,3,0.0,0.0,1475333518.0,0.5944444444444444,178.33333333333334
panda,single_step_reserve,f91e21d1d8b74244a42e85cfb61a758947cfc44d68d87959474904131ea43f76,joint_limit_return,3,0.0,0.0,1671814897.0,0.2688888888888889,77.0
panda,single_step_reserve,fc43b28e1ef0f4315f89dd747d1dce530589fa33f04e25f828aae6278d154bf1,smooth,3,1.0,1.0,1256582706.6666667,1.0,300.0
panda,single_step_reserve,ffaabb719fe344e26a3ace6121ad9aa63deeeaf6be4e90ad76219dafa0642fd9,smooth,3,0.0,0.0,1651543210.6666667,0.5444444444444444,68.33333333333333
panda,single_step_reserve,ffb925c3c350cd58b2a3c0ca3a1d005e853f19a40ad015cec3a82257101a6301,joint_limit_return,3,1.0,1.0,1256910860.3333333,1.0,300.0
panda,single_step_reserve,ffe27a227d9a6794f4dc89435acf02972c4d4f0aca9976152097f76b64c2dcfe,high_curvature,3,0.0,0.0,1460281002.0,0.6255555555555555,169.66666666666666
panda,trac_task_20ms,06aebb8df22d3ad4e9c1848a0460c93838cc094c6b0ae854e4e08d4342c4956b,near_singular,3,0.0,0.0,1658951990.6666667,0.7333333333333333,110.0
panda,trac_task_20ms,0947026b3677880f22d0f6f4f7dd7fb9b0dee71bde71d85a87c811f8ee530ce6,near_singular,3,1.0,1.0,51341046.666666664,1.0,300.0
panda,trac_task_20ms,0a5779597ea40a6c0c2d6bfa5e18333d9546d8140f0a9f2fb0e863954e5c8006,smooth,3,1.0,1.0,51748739.666666664,1.0,300.0
panda,trac_task_20ms,0acf6b3b34916e17c91dc15c1b3ae3376c97fba839f05ad672662e234c5213e9,near_singular,3,1.0,1.0,51709424.333333336,1.0,300.0
panda,trac_task_20ms,0f6a0c79afed4b21be7ee2d431001f7fb484154f17b756f5d1b747c684f059d5,high_curvature,3,0.3333333333333333,0.3333333333333333,1943919118.0,0.6888888888888888,199.0
panda,trac_task_20ms,140dabfd29d6d5c2fbd3588d5fff9808e34e13c505070d185fa8d5eea0cd8289,high_curvature,3,1.0,1.0,52227092.333333336,1.0,300.0
panda,trac_task_20ms,1dbf7fd1392f9c76bac68d43d8f91b06649a92d6e9150a42f2a07fbdbdba9fba,high_curvature,3,1.0,1.0,53068325.666666664,1.0,300.0
panda,trac_task_20ms,21352bbb304315d0ccdccfcd7255175605e8f0250aee148834e1a55b01ce3135,smooth,3,1.0,1.0,51317551.333333336,1.0,300.0
panda,trac_task_20ms,21feb300555127533b2bf2a8a5e73cbd52c673cc58f9af3f6d0e19bdfe2f91d3,smooth,3,1.0,1.0,51932597.333333336,1.0,300.0
panda,trac_task_20ms,24c355c532cc7b4fe8ef2ed4e6ab75fcb40c9f4a5b26576f1f6c8fb1f47927b2,smooth,3,1.0,1.0,51433401.666666664,1.0,300.0
panda,trac_task_20ms,24fecc1811b319e44e0d5617288d7c075d3dbdac3e0e105398bce4e31b6e798f,smooth,3,0.0,0.0,1417939276.6666667,0.7744444444444444,232.33333333333334
panda,trac_task_20ms,315ff9a23634573934fbf6e59468742652b3c4cb477f05055d46f51021c2f1fe,smooth,3,0.0,0.0,4518405887.666667,0.26,61.666666666666664
panda,trac_task_20ms,33144a1316cb49fe7786ddd8e54273ed9c977b91b3c6c8d99b4db33487665e0f,joint_limit_return,3,1.0,1.0,51998128.666666664,1.0,300.0
panda,trac_task_20ms,34eb9af30166b583e8bdfc8113a9006e72bc7b799632e072237b319142c8c172,high_curvature,3,1.0,1.0,52609282.666666664,1.0,300.0
panda,trac_task_20ms,3c602c660fc7198dc4496132dd579f3d963f7ef1158467b741b3bfa3b0776f47,high_curvature,3,1.0,1.0,52435183.0,1.0,300.0
panda,trac_task_20ms,3f81a83aecef4ad8ebe9476e340790674b8e3ecb2b1f76ffe99de9f9716a9415,near_singular,3,1.0,1.0,71540856.0,1.0,300.0
panda,trac_task_20ms,4071c3d68133744ee4c306e955811f94e999148ab2b3df32cfb075c45714e4d1,near_singular,3,1.0,1.0,51375116.666666664,1.0,300.0
panda,trac_task_20ms,4219a14779a0ac637faebf4fbc1d60919ac99a4fb3e80bb25755af29d7ecd3ce,high_curvature,3,1.0,1.0,51995573.666666664,1.0,300.0
panda,trac_task_20ms,4af903f5b095c4031d906b09874d2b75d6e9f9eff0d04ba0c381aff34d9bfaea,smooth,3,1.0,1.0,52417302.0,1.0,300.0
panda,trac_task_20ms,4ba88cc9afb6dec1645efb7efc5e1e6a72d6c97f0c59e67c4b8deaf815ae54c8,near_singular,3,0.0,0.0,1040508212.3333334,0.8377777777777777,125.66666666666667
panda,trac_task_20ms,4ced57cd9c400313f5dd5e5ac32a6046f131b8787aa28567b4630a79f2b54765,joint_limit_return,3,0.0,0.0,3168246927.3333335,0.48333333333333334,145.0
panda,trac_task_20ms,4d5726022b02c15cb1a454c63889654368a8fbcdae89aeb1a95cb2563625cfb6,near_singular,3,1.0,1.0,55659110.666666664,1.0,300.0
panda,trac_task_20ms,4d9996b01d53260dc4f34a510f4f98fb408f0402cd9aefc444ca7e69d8829238,near_singular,3,1.0,1.0,52321676.333333336,1.0,300.0
panda,trac_task_20ms,4e60787710ac0931de62ebece84a087b21af34332d9809821839206b91edc0f3,smooth,3,0.0,0.0,3558151351.6666665,0.41888888888888887,123.66666666666667
panda,trac_task_20ms,528b294d13074a07a40e0a7339ae08b0d6097234268db4ea1e93ae53bec4dcfc,joint_limit_return,3,1.0,1.0,51160189.666666664,1.0,300.0
panda,trac_task_20ms,587ba8b6832890074f74e4ca536848bd71559842bc1fd8b33761d1d5f78fb3c6,near_singular,3,1.0,1.0,56308968.333333336,1.0,300.0
panda,trac_task_20ms,5eca0902459073bb6385cd4ab9c0876850167c58f176877e32bc8387f19e7d5d,joint_limit_return,3,0.0,0.0,3697164745.6666665,0.39666666666666667,119.0
panda,trac_task_20ms,62cf2ffefadcb1e65693edf88d9a5ff3c7ce7ecd4608b2fa1753a386424b029c,joint_limit_return,3,1.0,1.0,52485064.0,1.0,300.0
panda,trac_task_20ms,6c3aabc3376e7062b96f34ca650085bfc027153443ef0de8ffb96f45514a3aba,joint_limit_return,3,1.0,0.6666666666666666,71300327.0,1.0,300.0
panda,trac_task_20ms,722a448034a3fed404996d6168213b64acca2136a9aaad2ce6353057b1ffc678,smooth,3,1.0,1.0,51579829.666666664,1.0,300.0
panda,trac_task_20ms,74c29f013d2517822ab54de8735b63dabbc0a07cdd226d3a70e41c4686849f7c,high_curvature,3,1.0,1.0,52037927.0,1.0,300.0
panda,trac_task_20ms,7bdcf203789ad15d75685113185e00a91052d420c457bb26e272c88d62da2c98,joint_limit_return,3,1.0,1.0,53996867.333333336,1.0,300.0
panda,trac_task_20ms,812544c6b72fdd71f051a965144990526e50ca9926205b2a2e7ba406d2ddd8f3,near_singular,3,1.0,1.0,52195950.333333336,1.0,300.0
panda,trac_task_20ms,84523d1d744136e9e35c5a0846ee6fdfd78b2496c84b089c8f8bcc3d8908c904,high_curvature,3,1.0,1.0,51823924.0,1.0,300.0
panda,trac_task_20ms,85446a938e6594ba12ebfe3207a6173c71f86e8dfd6947fd5a8d061b332f381b,joint_limit_return,3,1.0,0.6666666666666666,73683582.33333333,1.0,300.0
panda,trac_task_20ms,8655e30c0a88dd37857c82aa2cde84f1d22fbee5d7dbb4afd750e74a10dbca42,smooth,3,1.0,1.0,51925942.666666664,1.0,300.0
panda,trac_task_20ms,8b5c315d061bd3688cd962944fbdec36386def0bb36634bc033a0644d0733ac1,smooth,3,1.0,1.0,51592218.333333336,1.0,300.0
panda,trac_task_20ms,903efc63f245668f0d5df44b9f48b6bb4a5fdb9b31b0971edddcd8cf6b164412,high_curvature,3,1.0,0.6666666666666666,70748914.0,1.0,300.0
panda,trac_task_20ms,93c78d3583b1a2d2e43e833ee9ea0764d227b9a4588ddde91047b592d81ec731,smooth,3,1.0,1.0,52033758.0,1.0,300.0
panda,trac_task_20ms,94ea2ce5856235c6dff346ecf93fb77155022b282b96203ebd91f7759fb2289c,joint_limit_return,3,1.0,1.0,55263944.0,1.0,300.0
panda,trac_task_20ms,97ebdfa4a3a9a940fb7522eb9b8401747e322c7ff968f9ea9c1ab4283448f6f6,high_curvature,3,1.0,1.0,51584487.333333336,1.0,300.0
panda,trac_task_20ms,9a30ac65bd31ac87ba8a356ba5ab2a24c838f26d4d35dd012d79cb0ecfd1af37,joint_limit_return,3,1.0,1.0,51494826.333333336,1.0,300.0
panda,trac_task_20ms,9b3f40d0a4a73b7cc2e3980d85021ef2d18c830c4e00b031383e0db7fa8f4648,near_singular,3,1.0,1.0,51731686.666666664,1.0,300.0
panda,trac_task_20ms,9f1b36e9cc0ddbf63840ff77df4b27bbec6c67e0eac9898c93c99f790cc53bf3,smooth,3,1.0,1.0,51820778.333333336,1.0,300.0
panda,trac_task_20ms,a72f800756d93a8e0178233f43a4f5603c6c82ad658b2ff01c4caa1849f2970b,high_curvature,3,0.0,0.0,4084477467.6666665,0.33111111111111113,99.33333333333333
panda,trac_task_20ms,b08d384226627695e9db8f0a97656f925d30a0f1ef52dcde3d3a316d83edcb3e,near_singular,3,1.0,1.0,56459029.666666664,1.0,300.0
panda,trac_task_20ms,b6a6a000490bc47bb8fec594bb1d6757753d9bd36af82ad4c1748474d41782e2,high_curvature,3,1.0,1.0,51103224.0,1.0,300.0
panda,trac_task_20ms,b9c322dc8c438a25dea153e56bc41fc79dc76ea0ace4376381db039feb18b3b0,high_curvature,3,1.0,1.0,52988149.0,1.0,300.0
panda,trac_task_20ms,bc7b61b631a2c73339b0a18fe9ce2af1ecc47bd2a1fe4a55bbcaf44df1841327,near_singular,3,1.0,0.6666666666666666,76708814.33333333,1.0,300.0
panda,trac_task_20ms,c5bd51fc1f0b1af9b6d6ed97195efa4e43917678d7c0a6e46c724fb08fb2987a,joint_limit_return,3,0.6666666666666666,0.3333333333333333,1380441672.6666667,0.7833333333333333,235.0
panda,trac_task_20ms,c847cede995cb96325c52ddba655ac3f3339bcb88ec454d20da33ff7c4dca452,joint_limit_return,3,0.0,0.0,4303735372.333333,0.29444444444444445,88.33333333333333
panda,trac_task_20ms,ca118da3da91a1cb20f6a15069f4225c4ab380bda8936de41e382e6809a5faee,smooth,3,1.0,1.0,56133051.666666664,1.0,300.0
panda,trac_task_20ms,d25d583eed966f0a4890611c655aeceee05aa2dc824247686f5206001d639b8e,smooth,3,1.0,1.0,52184230.333333336,1.0,300.0
panda,trac_task_20ms,d90e435ba578b99631a5a05c3eead70e9cd16754dc13a8814cbeb1915a81a9a2,high_curvature,3,1.0,1.0,51038304.666666664,1.0,300.0
panda,trac_task_20ms,dca441d2100c1f10950c3c449391bbd6a640a265a757197fdd41cd5c559dd7f2,high_curvature,3,1.0,1.0,52600532.333333336,1.0,300.0
panda,trac_task_20ms,dcbb02363eb3b300284cb187544b9e0543c356b6dd7bca56d057c833d82ec1ce,near_singular,3,1.0,1.0,52384403.0,1.0,300.0
panda,trac_task_20ms,debf69dafe061d996b768380f530ab93195d3413240dda7d60d9d3fa00885214,near_singular,3,1.0,1.0,51894170.0,1.0,300.0
panda,trac_task_20ms,dec1d20758f8defc5511ecdd0c280145fbf924733124a98dc39d84e75ed8ee4e,high_curvature,3,1.0,1.0,52210887.666666664,1.0,300.0
panda,trac_task_20ms,df08692c7b2eadcbd67d39e863103437a360bf3bf3789377b3135f5f72f8bffc,joint_limit_return,3,1.0,1.0,53977155.333333336,1.0,300.0
panda,trac_task_20ms,df44e1636782557b5abbc632834a1ece131221f4fc404be790941389867a2cd3,smooth,3,0.0,0.0,5172131988.666667,0.1511111111111111,42.666666666666664
panda,trac_task_20ms,e19650a533a455116a834987b098810e9605d1c04733dea4621cc43c343ed94d,joint_limit_return,3,1.0,1.0,52334824.333333336,1.0,300.0
panda,trac_task_20ms,e35821d52566b007aebb32807a82ddc409386b691a38ddc83a59e9cf6e98fb41,high_curvature,3,1.0,1.0,52588766.666666664,1.0,300.0
panda,trac_task_20ms,e763efcea4c5a3ff0c296248966ee293d0a9f99aecc2f6a554c20c543be0cc43,near_singular,3,1.0,1.0,51066123.666666664,1.0,300.0
panda,trac_task_20ms,e77349617b81f85cf8b145de06bc2cb4284d5ce13b204dfc6903dc267be1d1d1,joint_limit_return,3,1.0,0.3333333333333333,88331829.0,1.0,300.0
panda,trac_task_20ms,e8425231608ebce58ab60b002e394065d5bb879295307ecf60de5cdc1e7a7137,near_singular,3,1.0,1.0,51112940.666666664,1.0,300.0
panda,trac_task_20ms,ea60fc22a775879ef892b95c88f6967d69d85595d76aeae7dfeadca2575f9489,joint_limit_return,3,1.0,0.6666666666666666,69944843.66666667,1.0,300.0
panda,trac_task_20ms,eae9cac6cf5a5c981eef189594a46bad4785e1921cac5a98be1a2a58b884a3f8,near_singular,3,0.0,0.0,2746501619.3333335,0.5555555555555556,83.33333333333333
panda,trac_task_20ms,edb8551b11cbe2a492b2fef2c7e20214a3f8e4cea5b1fa49ca5ff404f7d5ac15,smooth,3,1.0,1.0,52516055.333333336,1.0,300.0
panda,trac_task_20ms,f04fdd99ab579f7ee40055390e8c5cef35503d4edb0b245e0f872a409d1599d0,high_curvature,3,1.0,1.0,51883018.0,1.0,300.0
panda,trac_task_20ms,f2c68553f437084ff2273ee212367879dde91e8a8754e9b14110a76538e24f47,near_singular,3,1.0,1.0,51754186.333333336,1.0,300.0
panda,trac_task_20ms,f37eecc6128724e548d6e984280626d79ac0edd3c00e7257663f251fdb9b7b73,joint_limit_return,3,1.0,1.0,51909270.0,1.0,300.0
panda,trac_task_20ms,f3b051777058603dc21c7fbb80a89960ffaaf9cbc3fa59cfe0b027639eea6341,near_singular,3,1.0,1.0,51642165.0,1.0,300.0
panda,trac_task_20ms,f3e4e108a041e58c73332f6c32e84dee68ee37ebccb985aed3fc3a289bebc5c0,joint_limit_return,3,1.0,1.0,53630180.333333336,1.0,300.0
panda,trac_task_20ms,f85bc7a2dd13734c7e2d96d76439ed60f384fc1f8e47704220bde66ffe5c8b39,smooth,3,1.0,1.0,51714278.666666664,1.0,300.0
panda,trac_task_20ms,f8fed72df3635734707a9bc9597f301ce6bf7d9c25feb44f52a05f522b7ae082,high_curvature,3,1.0,1.0,51604695.666666664,1.0,300.0
panda,trac_task_20ms,f91e21d1d8b74244a42e85cfb61a758947cfc44d68d87959474904131ea43f76,joint_limit_return,3,0.0,0.0,3980653362.3333335,0.35000000000000003,105.0
panda,trac_task_20ms,fc43b28e1ef0f4315f89dd747d1dce530589fa33f04e25f828aae6278d154bf1,smooth,3,1.0,1.0,52055247.666666664,1.0,300.0
panda,trac_task_20ms,ffaabb719fe344e26a3ace6121ad9aa63deeeaf6be4e90ad76219dafa0642fd9,smooth,3,0.0,0.0,2562369541.0,0.5833333333333334,175.0
panda,trac_task_20ms,ffb925c3c350cd58b2a3c0ca3a1d005e853f19a40ad015cec3a82257101a6301,joint_limit_return,3,1.0,1.0,51801877.333333336,1.0,300.0
panda,trac_task_20ms,ffe27a227d9a6794f4dc89435acf02972c4d4f0aca9976152097f76b64c2dcfe,high_curvature,3,1.0,1.0,51919424.0,1.0,300.0
panda,trac_task_5ms,06aebb8df22d3ad4e9c1848a0460c93838cc094c6b0ae854e4e08d4342c4956b,near_singular,3,0.0,0.0,457578474.3333333,0.7333333333333333,110.0
panda,trac_task_5ms,0947026b3677880f22d0f6f4f7dd7fb9b0dee71bde71d85a87c811f8ee530ce6,near_singular,3,1.0,1.0,51289364.0,1.0,300.0
panda,trac_task_5ms,0a5779597ea40a6c0c2d6bfa5e18333d9546d8140f0a9f2fb0e863954e5c8006,smooth,3,1.0,1.0,51576580.666666664,1.0,300.0
panda,trac_task_5ms,0acf6b3b34916e17c91dc15c1b3ae3376c97fba839f05ad672662e234c5213e9,near_singular,3,1.0,1.0,51283099.0,1.0,300.0
panda,trac_task_5ms,0f6a0c79afed4b21be7ee2d431001f7fb484154f17b756f5d1b747c684f059d5,high_curvature,3,0.0,0.0,565210295.0,0.6633333333333333,139.33333333333334
panda,trac_task_5ms,140dabfd29d6d5c2fbd3588d5fff9808e34e13c505070d185fa8d5eea0cd8289,high_curvature,3,1.0,1.0,51715319.0,1.0,300.0
panda,trac_task_5ms,1dbf7fd1392f9c76bac68d43d8f91b06649a92d6e9150a42f2a07fbdbdba9fba,high_curvature,3,1.0,1.0,51775510.666666664,1.0,300.0
panda,trac_task_5ms,21352bbb304315d0ccdccfcd7255175605e8f0250aee148834e1a55b01ce3135,smooth,3,1.0,1.0,51673346.0,1.0,300.0
panda,trac_task_5ms,21feb300555127533b2bf2a8a5e73cbd52c673cc58f9af3f6d0e19bdfe2f91d3,smooth,3,1.0,1.0,51398557.333333336,1.0,300.0
panda,trac_task_5ms,24c355c532cc7b4fe8ef2ed4e6ab75fcb40c9f4a5b26576f1f6c8fb1f47927b2,smooth,3,1.0,1.0,51458197.666666664,1.0,300.0
panda,trac_task_5ms,24fecc1811b319e44e0d5617288d7c075d3dbdac3e0e105398bce4e31b6e798f,smooth,3,0.0,0.0,396120295.0,0.7733333333333333,232.0
panda,trac_task_5ms,315ff9a23634573934fbf6e59468742652b3c4cb477f05055d46f51021c2f1fe,smooth,3,0.0,0.0,1196695718.3333333,0.25666666666666665,61.0
panda,trac_task_5ms,33144a1316cb49fe7786ddd8e54273ed9c977b91b3c6c8d99b4db33487665e0f,joint_limit_return,3,1.0,1.0,51096388.333333336,1.0,300.0
panda,trac_task_5ms,34eb9af30166b583e8bdfc8113a9006e72bc7b799632e072237b319142c8c172,high_curvature,3,1.0,1.0,52180178.0,1.0,300.0
panda,trac_task_5ms,3c602c660fc7198dc4496132dd579f3d963f7ef1158467b741b3bfa3b0776f47,high_curvature,3,1.0,1.0,51603573.666666664,1.0,300.0
panda,trac_task_5ms,3f81a83aecef4ad8ebe9476e340790674b8e3ecb2b1f76ffe99de9f9716a9415,near_singular,3,0.0,0.0,73973070.66666667,0.9966666666666667,90.66666666666667
panda,trac_task_5ms,4071c3d68133744ee4c306e955811f94e999148ab2b3df32cfb075c45714e4d1,near_singular,3,1.0,1.0,51577862.0,1.0,300.0
panda,trac_task_5ms,4219a14779a0ac637faebf4fbc1d60919ac99a4fb3e80bb25755af29d7ecd3ce,high_curvature,3,1.0,1.0,52255850.666666664,1.0,300.0
panda,trac_task_5ms,4af903f5b095c4031d906b09874d2b75d6e9f9eff0d04ba0c381aff34d9bfaea,smooth,3,1.0,1.0,53161920.0,1.0,300.0
panda,trac_task_5ms,4ba88cc9afb6dec1645efb7efc5e1e6a72d6c97f0c59e67c4b8deaf815ae54c8,near_singular,3,0.0,0.0,309960371.0,0.8333333333333334,125.0
panda,trac_task_5ms,4ced57cd9c400313f5dd5e5ac32a6046f131b8787aa28567b4630a79f2b54765,joint_limit_return,3,0.0,0.0,858532776.0,0.4811111111111111,144.33333333333334
panda,trac_task_5ms,4d5726022b02c15cb1a454c63889654368a8fbcdae89aeb1a95cb2563625cfb6,near_singular,3,1.0,1.0,55324747.333333336,1.0,300.0
panda,trac_task_5ms,4d9996b01d53260dc4f34a510f4f98fb408f0402cd9aefc444ca7e69d8829238,near_singular,3,1.0,1.0,51533188.0,1.0,300.0
panda,trac_task_5ms,4e60787710ac0931de62ebece84a087b21af34332d9809821839206b91edc0f3,smooth,3,0.0,0.0,939340844.3333334,0.4166666666666667,123.33333333333333
panda,trac_task_5ms,528b294d13074a07a40e0a7339ae08b0d6097234268db4ea1e93ae53bec4dcfc,joint_limit_return,3,1.0,1.0,51409157.666666664,1.0,300.0
panda,trac_task_5ms,587ba8b6832890074f74e4ca536848bd71559842bc1fd8b33761d1d5f78fb3c6,near_singular,3,1.0,1.0,52727145.0,1.0,300.0
panda,trac_task_5ms,5eca0902459073bb6385cd4ab9c0876850167c58f176877e32bc8387f19e7d5d,joint_limit_return,3,0.0,0.0,974254645.0,0.3933333333333333,118.0
panda,trac_task_5ms,62cf2ffefadcb1e65693edf88d9a5ff3c7ce7ecd4608b2fa1753a386424b029c,joint_limit_return,3,1.0,1.0,51837769.666666664,1.0,300.0
panda,trac_task_5ms,6c3aabc3376e7062b96f34ca650085bfc027153443ef0de8ffb96f45514a3aba,joint_limit_return,3,1.0,1.0,52550104.666666664,1.0,300.0
panda,trac_task_5ms,722a448034a3fed404996d6168213b64acca2136a9aaad2ce6353057b1ffc678,smooth,3,1.0,1.0,52270519.666666664,1.0,300.0
panda,trac_task_5ms,74c29f013d2517822ab54de8735b63dabbc0a07cdd226d3a70e41c4686849f7c,high_curvature,3,1.0,1.0,51830419.0,1.0,300.0
panda,trac_task_5ms,7bdcf203789ad15d75685113185e00a91052d420c457bb26e272c88d62da2c98,joint_limit_return,3,1.0,1.0,53979471.666666664,1.0,300.0
panda,trac_task_5ms,812544c6b72fdd71f051a965144990526e50ca9926205b2a2e7ba406d2ddd8f3,near_singular,3,1.0,1.0,51860028.333333336,1.0,300.0
panda,trac_task_5ms,84523d1d744136e9e35c5a0846ee6fdfd78b2496c84b089c8f8bcc3d8908c904,high_curvature,3,1.0,1.0,51612886.666666664,1.0,300.0
panda,trac_task_5ms,85446a938e6594ba12ebfe3207a6173c71f86e8dfd6947fd5a8d061b332f381b,joint_limit_return,3,1.0,1.0,54928682.333333336,1.0,300.0
panda,trac_task_5ms,8655e30c0a88dd37857c82aa2cde84f1d22fbee5d7dbb4afd750e74a10dbca42,smooth,3,1.0,1.0,52235828.0,1.0,300.0
panda,trac_task_5ms,8b5c315d061bd3688cd962944fbdec36386def0bb36634bc033a0644d0733ac1,smooth,3,1.0,1.0,51621425.333333336,1.0,300.0
panda,trac_task_5ms,903efc63f245668f0d5df44b9f48b6bb4a5fdb9b31b0971edddcd8cf6b164412,high_curvature,3,1.0,1.0,50993172.666666664,1.0,300.0
panda,trac_task_5ms,93c78d3583b1a2d2e43e833ee9ea0764d227b9a4588ddde91047b592d81ec731,smooth,3,1.0,1.0,51588707.666666664,1.0,300.0
panda,trac_task_5ms,94ea2ce5856235c6dff346ecf93fb77155022b282b96203ebd91f7759fb2289c,joint_limit_return,3,1.0,1.0,54408446.333333336,1.0,300.0
panda,trac_task_5ms,97ebdfa4a3a9a940fb7522eb9b8401747e322c7ff968f9ea9c1ab4283448f6f6,high_curvature,3,1.0,1.0,51837474.666666664,1.0,300.0
panda,trac_task_5ms,9a30ac65bd31ac87ba8a356ba5ab2a24c838f26d4d35dd012d79cb0ecfd1af37,joint_limit_return,3,1.0,1.0,51390340.333333336,1.0,300.0
panda,trac_task_5ms,9b3f40d0a4a73b7cc2e3980d85021ef2d18c830c4e00b031383e0db7fa8f4648,near_singular,3,1.0,1.0,52238444.0,1.0,300.0
panda,trac_task_5ms,9f1b36e9cc0ddbf63840ff77df4b27bbec6c67e0eac9898c93c99f790cc53bf3,smooth,3,1.0,1.0,51232670.333333336,1.0,300.0
panda,trac_task_5ms,a72f800756d93a8e0178233f43a4f5603c6c82ad658b2ff01c4caa1849f2970b,high_curvature,3,0.0,0.0,1066330288.3333334,0.33111111111111113,99.33333333333333
panda,trac_task_5ms,b08d384226627695e9db8f0a97656f925d30a0f1ef52dcde3d3a316d83edcb3e,near_singular,3,1.0,1.0,56771298.0,1.0,300.0
panda,trac_task_5ms,b6a6a000490bc47bb8fec594bb1d6757753d9bd36af82ad4c1748474d41782e2,high_curvature,3,1.0,1.0,51840286.0,1.0,300.0
panda,trac_task_5ms,b9c322dc8c438a25dea153e56bc41fc79dc76ea0ace4376381db039feb18b3b0,high_curvature,3,1.0,1.0,52153297.333333336,1.0,300.0
panda,trac_task_5ms,bc7b61b631a2c73339b0a18fe9ce2af1ecc47bd2a1fe4a55bbcaf44df1841327,near_singular,3,1.0,1.0,52383077.666666664,1.0,300.0
panda,trac_task_5ms,c5bd51fc1f0b1af9b6d6ed97195efa4e43917678d7c0a6e46c724fb08fb2987a,joint_limit_return,3,0.3333333333333333,0.3333333333333333,714321972.0,0.5655555555555556,169.66666666666666
panda,trac_task_5ms,c847cede995cb96325c52ddba655ac3f3339bcb88ec454d20da33ff7c4dca452,joint_limit_return,3,0.0,0.0,1123203034.0,0.29444444444444445,88.33333333333333
panda,trac_task_5ms,ca118da3da91a1cb20f6a15069f4225c4ab380bda8936de41e382e6809a5faee,smooth,3,1.0,1.0,51226810.666666664,1.0,300.0
panda,trac_task_5ms,d25d583eed966f0a4890611c655aeceee05aa2dc824247686f5206001d639b8e,smooth,3,1.0,1.0,51419965.0,1.0,300.0
panda,trac_task_5ms,d90e435ba578b99631a5a05c3eead70e9cd16754dc13a8814cbeb1915a81a9a2,high_curvature,3,1.0,1.0,51408920.0,1.0,300.0
panda,trac_task_5ms,dca441d2100c1f10950c3c449391bbd6a640a265a757197fdd41cd5c559dd7f2,high_curvature,3,1.0,0.6666666666666666,69836215.0,1.0,300.0
panda,trac_task_5ms,dcbb02363eb3b300284cb187544b9e0543c356b6dd7bca56d057c833d82ec1ce,near_singular,3,1.0,1.0,51748692.333333336,1.0,300.0
panda,trac_task_5ms,debf69dafe061d996b768380f530ab93195d3413240dda7d60d9d3fa00885214,near_singular,3,1.0,1.0,54620777.333333336,1.0,300.0
panda,trac_task_5ms,dec1d20758f8defc5511ecdd0c280145fbf924733124a98dc39d84e75ed8ee4e,high_curvature,3,1.0,1.0,51308108.666666664,1.0,300.0
panda,trac_task_5ms,df08692c7b2eadcbd67d39e863103437a360bf3bf3789377b3135f5f72f8bffc,joint_limit_return,3,1.0,1.0,54128060.0,1.0,300.0
panda,trac_task_5ms,df44e1636782557b5abbc632834a1ece131221f4fc404be790941389867a2cd3,smooth,3,0.0,0.0,1434921669.0,0.09000000000000001,25.0
panda,trac_task_5ms,e19650a533a455116a834987b098810e9605d1c04733dea4621cc43c343ed94d,joint_limit_return,3,1.0,1.0,51400582.0,1.0,300.0
panda,trac_task_5ms,e35821d52566b007aebb32807a82ddc409386b691a38ddc83a59e9cf6e98fb41,high_curvature,3,1.0,1.0,52997904.333333336,1.0,300.0
panda,trac_task_5ms,e763efcea4c5a3ff0c296248966ee293d0a9f99aecc2f6a554c20c543be0cc43,near_singular,3,1.0,1.0,51883065.666666664,1.0,300.0
panda,trac_task_5ms,e77349617b81f85cf8b145de06bc2cb4284d5ce13b204dfc6903dc267be1d1d1,joint_limit_return,3,1.0,1.0,52924678.333333336,1.0,300.0
panda,trac_task_5ms,e8425231608ebce58ab60b002e394065d5bb879295307ecf60de5cdc1e7a7137,near_singular,3,1.0,1.0,52593998.0,1.0,300.0
panda,trac_task_5ms,ea60fc22a775879ef892b95c88f6967d69d85595d76aeae7dfeadca2575f9489,joint_limit_return,3,1.0,0.6666666666666666,70037435.66666667,1.0,300.0
panda,trac_task_5ms,eae9cac6cf5a5c981eef189594a46bad4785e1921cac5a98be1a2a58b884a3f8,near_singular,3,0.0,0.0,737417741.0,0.5544444444444444,83.0
panda,trac_task_5ms,edb8551b11cbe2a492b2fef2c7e20214a3f8e4cea5b1fa49ca5ff404f7d5ac15,smooth,3,1.0,1.0,51889786.333333336,1.0,300.0
panda,trac_task_5ms,f04fdd99ab579f7ee40055390e8c5cef35503d4edb0b245e0f872a409d1599d0,high_curvature,3,1.0,1.0,51753765.333333336,1.0,300.0
panda,trac_task_5ms,f2c68553f437084ff2273ee212367879dde91e8a8754e9b14110a76538e24f47,near_singular,3,1.0,1.0,51536571.666666664,1.0,300.0
panda,trac_task_5ms,f37eecc6128724e548d6e984280626d79ac0edd3c00e7257663f251fdb9b7b73,joint_limit_return,3,1.0,0.6666666666666666,70192622.33333333,1.0,300.0
panda,trac_task_5ms,f3b051777058603dc21c7fbb80a89960ffaaf9cbc3fa59cfe0b027639eea6341,near_singular,3,1.0,1.0,51655450.0,1.0,300.0
panda,trac_task_5ms,f3e4e108a041e58c73332f6c32e84dee68ee37ebccb985aed3fc3a289bebc5c0,joint_limit_return,3,1.0,0.6666666666666666,70497038.0,1.0,300.0
panda,trac_task_5ms,f85bc7a2dd13734c7e2d96d76439ed60f384fc1f8e47704220bde66ffe5c8b39,smooth,3,1.0,1.0,52279071.333333336,1.0,300.0
panda,trac_task_5ms,f8fed72df3635734707a9bc9597f301ce6bf7d9c25feb44f52a05f522b7ae082,high_curvature,3,1.0,1.0,51385884.333333336,1.0,300.0
panda,trac_task_5ms,f91e21d1d8b74244a42e85cfb61a758947cfc44d68d87959474904131ea43f76,joint_limit_return,3,0.0,0.0,1116910294.6666667,0.3011111111111111,90.33333333333333
panda,trac_task_5ms,fc43b28e1ef0f4315f89dd747d1dce530589fa33f04e25f828aae6278d154bf1,smooth,3,1.0,1.0,52092958.0,1.0,300.0
panda,trac_task_5ms,ffaabb719fe344e26a3ace6121ad9aa63deeeaf6be4e90ad76219dafa0642fd9,smooth,3,0.0,0.0,683652350.0,0.5833333333333334,175.0
panda,trac_task_5ms,ffb925c3c350cd58b2a3c0ca3a1d005e853f19a40ad015cec3a82257101a6301,joint_limit_return,3,1.0,1.0,51251012.0,1.0,300.0
panda,trac_task_5ms,ffe27a227d9a6794f4dc89435acf02972c4d4f0aca9976152097f76b64c2dcfe,high_curvature,3,1.0,1.0,52533852.333333336,1.0,300.0
panda,two_step_predictive,06aebb8df22d3ad4e9c1848a0460c93838cc094c6b0ae854e4e08d4342c4956b,near_singular,3,0.0,0.0,1352216151.3333333,0.7277777777777777,109.0
panda,two_step_predictive,0947026b3677880f22d0f6f4f7dd7fb9b0dee71bde71d85a87c811f8ee530ce6,near_singular,3,0.0,0.0,1486045934.0,0.5633333333333334,84.0
panda,two_step_predictive,0a5779597ea40a6c0c2d6bfa5e18333d9546d8140f0a9f2fb0e863954e5c8006,smooth,3,1.0,0.6666666666666666,1158819060.6666667,1.0,300.0
panda,two_step_predictive,0acf6b3b34916e17c91dc15c1b3ae3376c97fba839f05ad672662e234c5213e9,near_singular,3,0.3333333333333333,0.3333333333333333,1218298601.3333333,0.8822222222222221,264.6666666666667
panda,two_step_predictive,0f6a0c79afed4b21be7ee2d431001f7fb484154f17b756f5d1b747c684f059d5,high_curvature,3,1.0,1.0,1132677110.0,1.0,300.0
panda,two_step_predictive,140dabfd29d6d5c2fbd3588d5fff9808e34e13c505070d185fa8d5eea0cd8289,high_curvature,3,1.0,1.0,1123733584.0,1.0,300.0
panda,two_step_predictive,1dbf7fd1392f9c76bac68d43d8f91b06649a92d6e9150a42f2a07fbdbdba9fba,high_curvature,3,1.0,1.0,1120684346.0,1.0,300.0
panda,two_step_predictive,21352bbb304315d0ccdccfcd7255175605e8f0250aee148834e1a55b01ce3135,smooth,3,1.0,1.0,1131892187.0,1.0,300.0
panda,two_step_predictive,21feb300555127533b2bf2a8a5e73cbd52c673cc58f9af3f6d0e19bdfe2f91d3,smooth,3,1.0,1.0,1130706918.6666667,1.0,300.0
panda,two_step_predictive,24c355c532cc7b4fe8ef2ed4e6ab75fcb40c9f4a5b26576f1f6c8fb1f47927b2,smooth,3,1.0,0.6666666666666666,1150110701.0,1.0,300.0
panda,two_step_predictive,24fecc1811b319e44e0d5617288d7c075d3dbdac3e0e105398bce4e31b6e798f,smooth,3,1.0,1.0,1135362489.6666667,1.0,300.0
panda,two_step_predictive,315ff9a23634573934fbf6e59468742652b3c4cb477f05055d46f51021c2f1fe,smooth,3,0.0,0.0,1738953887.3333333,0.21444444444444447,60.666666666666664
panda,two_step_predictive,33144a1316cb49fe7786ddd8e54273ed9c977b91b3c6c8d99b4db33487665e0f,joint_limit_return,3,1.0,1.0,1137887769.3333333,1.0,300.0
panda,two_step_predictive,34eb9af30166b583e8bdfc8113a9006e72bc7b799632e072237b319142c8c172,high_curvature,3,1.0,1.0,1138245219.6666667,1.0,300.0
panda,two_step_predictive,3c602c660fc7198dc4496132dd579f3d963f7ef1158467b741b3bfa3b0776f47,high_curvature,3,1.0,1.0,1130861496.3333333,1.0,300.0
panda,two_step_predictive,3f81a83aecef4ad8ebe9476e340790674b8e3ecb2b1f76ffe99de9f9716a9415,near_singular,3,0.0,0.0,1503920607.3333333,0.57,95.33333333333333
panda,two_step_predictive,4071c3d68133744ee4c306e955811f94e999148ab2b3df32cfb075c45714e4d1,near_singular,3,1.0,1.0,1131647586.0,1.0,300.0
panda,two_step_predictive,4219a14779a0ac637faebf4fbc1d60919ac99a4fb3e80bb25755af29d7ecd3ce,high_curvature,3,1.0,1.0,1130075221.6666667,1.0,300.0
panda,two_step_predictive,4af903f5b095c4031d906b09874d2b75d6e9f9eff0d04ba0c381aff34d9bfaea,smooth,3,1.0,1.0,1123330555.6666667,1.0,300.0
panda,two_step_predictive,4ba88cc9afb6dec1645efb7efc5e1e6a72d6c97f0c59e67c4b8deaf815ae54c8,near_singular,3,1.0,1.0,1158142401.3333333,1.0,300.0
panda,two_step_predictive,4ced57cd9c400313f5dd5e5ac32a6046f131b8787aa28567b4630a79f2b54765,joint_limit_return,3,0.0,0.0,1549634004.0,0.48666666666666664,146.0
panda,two_step_predictive,4d5726022b02c15cb1a454c63889654368a8fbcdae89aeb1a95cb2563625cfb6,near_singular,3,1.0,1.0,1143522973.3333333,1.0,300.0
panda,two_step_predictive,4d9996b01d53260dc4f34a510f4f98fb408f0402cd9aefc444ca7e69d8829238,near_singular,3,0.3333333333333333,0.3333333333333333,1267988304.0,0.8677777777777779,260.3333333333333
panda,two_step_predictive,4e60787710ac0931de62ebece84a087b21af34332d9809821839206b91edc0f3,smooth,3,0.0,0.0,1191620520.6666667,0.9133333333333334,274.0
panda,two_step_predictive,528b294d13074a07a40e0a7339ae08b0d6097234268db4ea1e93ae53bec4dcfc,joint_limit_return,3,1.0,1.0,1125033015.6666667,1.0,300.0
panda,two_step_predictive,587ba8b6832890074f74e4ca536848bd71559842bc1fd8b33761d1d5f78fb3c6,near_singular,3,0.6666666666666666,0.6666666666666666,1192933767.3333333,0.9433333333333334,283.0
panda,two_step_predictive,5eca0902459073bb6385cd4ab9c0876850167c58f176877e32bc8387f19e7d5d,joint_limit_return,3,0.0,0.0,1595212716.0,0.38666666666666666,116.0
panda,two_step_predictive,62cf2ffefadcb1e65693edf88d9a5ff3c7ce7ecd4608b2fa1753a386424b029c,joint_limit_return,3,1.0,1.0,1132674439.6666667,1.0,300.0
panda,two_step_predictive,6c3aabc3376e7062b96f34ca650085bfc027153443ef0de8ffb96f45514a3aba,joint_limit_return,3,1.0,1.0,1132371253.6666667,1.0,300.0
panda,two_step_predictive,722a448034a3fed404996d6168213b64acca2136a9aaad2ce6353057b1ffc678,smooth,3,1.0,1.0,1129087757.3333333,1.0,300.0
panda,two_step_predictive,74c29f013d2517822ab54de8735b63dabbc0a07cdd226d3a70e41c4686849f7c,high_curvature,3,1.0,0.6666666666666666,1140383241.0,1.0,300.0
panda,two_step_predictive,7bdcf203789ad15d75685113185e00a91052d420c457bb26e272c88d62da2c98,joint_limit_return,3,1.0,1.0,1142459530.3333333,1.0,300.0
panda,two_step_predictive,812544c6b72fdd71f051a965144990526e50ca9926205b2a2e7ba406d2ddd8f3,near_singular,3,1.0,0.6666666666666666,1134165829.0,1.0,300.0
panda,two_step_predictive,84523d1d744136e9e35c5a0846ee6fdfd78b2496c84b089c8f8bcc3d8908c904,high_curvature,3,1.0,1.0,1125355712.3333333,1.0,300.0
panda,two_step_predictive,85446a938e6594ba12ebfe3207a6173c71f86e8dfd6947fd5a8d061b332f381b,joint_limit_return,3,1.0,1.0,1135246372.3333333,1.0,300.0
panda,two_step_predictive,8655e30c0a88dd37857c82aa2cde84f1d22fbee5d7dbb4afd750e74a10dbca42,smooth,3,1.0,1.0,1140653996.3333333,1.0,300.0
panda,two_step_predictive,8b5c315d061bd3688cd962944fbdec36386def0bb36634bc033a0644d0733ac1,smooth,3,1.0,1.0,1112415288.6666667,1.0,300.0
panda,two_step_predictive,903efc63f245668f0d5df44b9f48b6bb4a5fdb9b31b0971edddcd8cf6b164412,high_curvature,3,1.0,0.6666666666666666,1142928973.3333333,1.0,300.0
panda,two_step_predictive,93c78d3583b1a2d2e43e833ee9ea0764d227b9a4588ddde91047b592d81ec731,smooth,3,1.0,1.0,1126778757.6666667,1.0,300.0
panda,two_step_predictive,94ea2ce5856235c6dff346ecf93fb77155022b282b96203ebd91f7759fb2289c,joint_limit_return,3,1.0,1.0,1129895576.6666667,1.0,300.0
panda,two_step_predictive,97ebdfa4a3a9a940fb7522eb9b8401747e322c7ff968f9ea9c1ab4283448f6f6,high_curvature,3,1.0,1.0,1129131396.0,1.0,300.0
panda,two_step_predictive,9a30ac65bd31ac87ba8a356ba5ab2a24c838f26d4d35dd012d79cb0ecfd1af37,joint_limit_return,3,0.0,0.0,1819071936.6666667,0.10000000000000002,30.0
panda,two_step_predictive,9b3f40d0a4a73b7cc2e3980d85021ef2d18c830c4e00b031383e0db7fa8f4648,near_singular,3,1.0,1.0,1174447967.6666667,1.0,300.0
panda,two_step_predictive,9f1b36e9cc0ddbf63840ff77df4b27bbec6c67e0eac9898c93c99f790cc53bf3,smooth,3,1.0,1.0,1137813509.3333333,1.0,300.0
panda,two_step_predictive,a72f800756d93a8e0178233f43a4f5603c6c82ad658b2ff01c4caa1849f2970b,high_curvature,3,0.0,0.0,1634495524.6666667,0.3333333333333333,100.0
panda,two_step_predictive,b08d384226627695e9db8f0a97656f925d30a0f1ef52dcde3d3a316d83edcb3e,near_singular,3,0.0,0.0,1302787439.6666667,0.7888888888888889,118.33333333333333
panda,two_step_predictive,b6a6a000490bc47bb8fec594bb1d6757753d9bd36af82ad4c1748474d41782e2,high_curvature,3,1.0,1.0,1125512533.3333333,1.0,300.0
panda,two_step_predictive,b9c322dc8c438a25dea153e56bc41fc79dc76ea0ace4376381db039feb18b3b0,high_curvature,3,1.0,1.0,1122553622.3333333,1.0,300.0
panda,two_step_predictive,bc7b61b631a2c73339b0a18fe9ce2af1ecc47bd2a1fe4a55bbcaf44df1841327,near_singular,3,1.0,1.0,1132679349.0,1.0,300.0
panda,two_step_predictive,c5bd51fc1f0b1af9b6d6ed97195efa4e43917678d7c0a6e46c724fb08fb2987a,joint_limit_return,3,1.0,1.0,1136974556.6666667,1.0,300.0
panda,two_step_predictive,c847cede995cb96325c52ddba655ac3f3339bcb88ec454d20da33ff7c4dca452,joint_limit_return,3,0.0,0.0,1658469382.0,0.29444444444444445,88.33333333333333
panda,two_step_predictive,ca118da3da91a1cb20f6a15069f4225c4ab380bda8936de41e382e6809a5faee,smooth,3,1.0,1.0,1121891750.3333333,1.0,300.0
panda,two_step_predictive,d25d583eed966f0a4890611c655aeceee05aa2dc824247686f5206001d639b8e,smooth,3,1.0,1.0,1129821806.3333333,1.0,300.0
panda,two_step_predictive,d90e435ba578b99631a5a05c3eead70e9cd16754dc13a8814cbeb1915a81a9a2,high_curvature,3,1.0,1.0,1130573100.6666667,1.0,300.0
panda,two_step_predictive,dca441d2100c1f10950c3c449391bbd6a640a265a757197fdd41cd5c559dd7f2,high_curvature,3,1.0,1.0,1117080947.6666667,1.0,300.0
panda,two_step_predictive,dcbb02363eb3b300284cb187544b9e0543c356b6dd7bca56d057c833d82ec1ce,near_singular,3,0.6666666666666666,0.6666666666666666,1245353336.6666667,0.9988888888888888,233.33333333333334
panda,two_step_predictive,debf69dafe061d996b768380f530ab93195d3413240dda7d60d9d3fa00885214,near_singular,3,1.0,0.6666666666666666,1202265509.6666667,1.0,300.0
panda,two_step_predictive,dec1d20758f8defc5511ecdd0c280145fbf924733124a98dc39d84e75ed8ee4e,high_curvature,3,1.0,1.0,1120877349.6666667,1.0,300.0
panda,two_step_predictive,df08692c7b2eadcbd67d39e863103437a360bf3bf3789377b3135f5f72f8bffc,joint_limit_return,3,1.0,1.0,1126138466.3333333,1.0,300.0
panda,two_step_predictive,df44e1636782557b5abbc632834a1ece131221f4fc404be790941389867a2cd3,smooth,3,0.0,0.0,1704550381.3333333,0.2544444444444445,73.33333333333333
panda,two_step_predictive,e19650a533a455116a834987b098810e9605d1c04733dea4621cc43c343ed94d,joint_limit_return,3,1.0,1.0,1178426121.0,1.0,300.0
panda,two_step_predictive,e35821d52566b007aebb32807a82ddc409386b691a38ddc83a59e9cf6e98fb41,high_curvature,3,1.0,1.0,1122191700.0,1.0,300.0
panda,two_step_predictive,e763efcea4c5a3ff0c296248966ee293d0a9f99aecc2f6a554c20c543be0cc43,near_singular,3,1.0,1.0,1150153388.0,1.0,300.0
panda,two_step_predictive,e77349617b81f85cf8b145de06bc2cb4284d5ce13b204dfc6903dc267be1d1d1,joint_limit_return,3,1.0,1.0,1135372977.6666667,1.0,300.0
panda,two_step_predictive,e8425231608ebce58ab60b002e394065d5bb879295307ecf60de5cdc1e7a7137,near_singular,3,1.0,1.0,1141844337.6666667,1.0,300.0
panda,two_step_predictive,ea60fc22a775879ef892b95c88f6967d69d85595d76aeae7dfeadca2575f9489,joint_limit_return,3,1.0,1.0,1131571063.3333333,1.0,300.0
panda,two_step_predictive,eae9cac6cf5a5c981eef189594a46bad4785e1921cac5a98be1a2a58b884a3f8,near_singular,3,0.3333333333333333,0.3333333333333333,1373071715.3333333,0.708888888888889,155.66666666666666
panda,two_step_predictive,edb8551b11cbe2a492b2fef2c7e20214a3f8e4cea5b1fa49ca5ff404f7d5ac15,smooth,3,1.0,1.0,1127698330.0,1.0,300.0
panda,two_step_predictive,f04fdd99ab579f7ee40055390e8c5cef35503d4edb0b245e0f872a409d1599d0,high_curvature,3,1.0,1.0,1126153881.6666667,1.0,300.0
panda,two_step_predictive,f2c68553f437084ff2273ee212367879dde91e8a8754e9b14110a76538e24f47,near_singular,3,1.0,0.6666666666666666,1140724377.6666667,1.0,300.0
panda,two_step_predictive,f37eecc6128724e548d6e984280626d79ac0edd3c00e7257663f251fdb9b7b73,joint_limit_return,3,1.0,0.6666666666666666,1142499369.6666667,1.0,300.0
panda,two_step_predictive,f3b051777058603dc21c7fbb80a89960ffaaf9cbc3fa59cfe0b027639eea6341,near_singular,3,1.0,1.0,1154560500.0,1.0,300.0
panda,two_step_predictive,f3e4e108a041e58c73332f6c32e84dee68ee37ebccb985aed3fc3a289bebc5c0,joint_limit_return,3,1.0,1.0,1119749129.6666667,1.0,300.0
panda,two_step_predictive,f85bc7a2dd13734c7e2d96d76439ed60f384fc1f8e47704220bde66ffe5c8b39,smooth,3,1.0,1.0,1137114592.0,1.0,300.0
panda,two_step_predictive,f8fed72df3635734707a9bc9597f301ce6bf7d9c25feb44f52a05f522b7ae082,high_curvature,3,1.0,1.0,1133993330.0,1.0,300.0
panda,two_step_predictive,f91e21d1d8b74244a42e85cfb61a758947cfc44d68d87959474904131ea43f76,joint_limit_return,3,0.0,0.0,1655354095.6666667,0.2988888888888889,89.66666666666667
panda,two_step_predictive,fc43b28e1ef0f4315f89dd747d1dce530589fa33f04e25f828aae6278d154bf1,smooth,3,1.0,1.0,1147623402.3333333,1.0,300.0
panda,two_step_predictive,ffaabb719fe344e26a3ace6121ad9aa63deeeaf6be4e90ad76219dafa0642fd9,smooth,3,1.0,1.0,1151808323.0,1.0,300.0
panda,two_step_predictive,ffb925c3c350cd58b2a3c0ca3a1d005e853f19a40ad015cec3a82257101a6301,joint_limit_return,3,1.0,1.0,1123345766.6666667,1.0,300.0
panda,two_step_predictive,ffe27a227d9a6794f4dc89435acf02972c4d4f0aca9976152097f76b64c2dcfe,high_curvature,3,0.0,0.0,1407531683.6666667,0.6555555555555556,191.66666666666666
panda,two_step_sigma,06aebb8df22d3ad4e9c1848a0460c93838cc094c6b0ae854e4e08d4342c4956b,near_singular,3,0.0,0.0,1911647047.6666667,0.721111111111111,108.0
panda,two_step_sigma,0947026b3677880f22d0f6f4f7dd7fb9b0dee71bde71d85a87c811f8ee530ce6,near_singular,3,1.0,1.0,1864006765.3333333,1.0,300.0
panda,two_step_sigma,0a5779597ea40a6c0c2d6bfa5e18333d9546d8140f0a9f2fb0e863954e5c8006,smooth,3,1.0,1.0,1807718031.0,1.0,300.0
panda,two_step_sigma,0acf6b3b34916e17c91dc15c1b3ae3376c97fba839f05ad672662e234c5213e9,near_singular,3,1.0,1.0,1867229517.3333333,1.0,300.0
panda,two_step_sigma,0f6a0c79afed4b21be7ee2d431001f7fb484154f17b756f5d1b747c684f059d5,high_curvature,3,1.0,1.0,1774611793.6666667,1.0,300.0
panda,two_step_sigma,140dabfd29d6d5c2fbd3588d5fff9808e34e13c505070d185fa8d5eea0cd8289,high_curvature,3,1.0,1.0,1723538112.3333333,1.0,300.0
panda,two_step_sigma,1dbf7fd1392f9c76bac68d43d8f91b06649a92d6e9150a42f2a07fbdbdba9fba,high_curvature,3,1.0,1.0,1738978814.3333333,1.0,300.0
panda,two_step_sigma,21352bbb304315d0ccdccfcd7255175605e8f0250aee148834e1a55b01ce3135,smooth,3,1.0,1.0,1775241605.3333333,1.0,300.0
panda,two_step_sigma,21feb300555127533b2bf2a8a5e73cbd52c673cc58f9af3f6d0e19bdfe2f91d3,smooth,3,1.0,1.0,1802169958.3333333,1.0,300.0
panda,two_step_sigma,24c355c532cc7b4fe8ef2ed4e6ab75fcb40c9f4a5b26576f1f6c8fb1f47927b2,smooth,3,0.0,0.0,1926836747.3333333,0.31666666666666665,92.0
panda,two_step_sigma,24fecc1811b319e44e0d5617288d7c075d3dbdac3e0e105398bce4e31b6e798f,smooth,3,0.0,0.0,1846997847.3333333,0.7744444444444444,232.33333333333334
panda,two_step_sigma,315ff9a23634573934fbf6e59468742652b3c4cb477f05055d46f51021c2f1fe,smooth,3,0.0,0.0,1914703512.3333333,0.2833333333333333,83.0
panda,two_step_sigma,33144a1316cb49fe7786ddd8e54273ed9c977b91b3c6c8d99b4db33487665e0f,joint_limit_return,3,1.0,1.0,1784027275.3333333,1.0,300.0
panda,two_step_sigma,34eb9af30166b583e8bdfc8113a9006e72bc7b799632e072237b319142c8c172,high_curvature,3,1.0,1.0,1754902364.3333333,1.0,300.0
panda,two_step_sigma,3c602c660fc7198dc4496132dd579f3d963f7ef1158467b741b3bfa3b0776f47,high_curvature,3,1.0,1.0,1827509938.0,1.0,300.0
panda,two_step_sigma,3f81a83aecef4ad8ebe9476e340790674b8e3ecb2b1f76ffe99de9f9716a9415,near_singular,3,0.0,0.0,1931702012.6666667,0.3422222222222222,97.33333333333333
panda,two_step_sigma,4071c3d68133744ee4c306e955811f94e999148ab2b3df32cfb075c45714e4d1,near_singular,3,1.0,1.0,1852284626.0,1.0,300.0
panda,two_step_sigma,4219a14779a0ac637faebf4fbc1d60919ac99a4fb3e80bb25755af29d7ecd3ce,high_curvature,3,1.0,1.0,1759489150.0,1.0,300.0
panda,two_step_sigma,4af903f5b095c4031d906b09874d2b75d6e9f9eff0d04ba0c381aff34d9bfaea,smooth,3,1.0,1.0,1780537039.3333333,1.0,300.0
panda,two_step_sigma,4ba88cc9afb6dec1645efb7efc5e1e6a72d6c97f0c59e67c4b8deaf815ae54c8,near_singular,3,0.0,0.0,1892573121.6666667,0.85,127.0
panda,two_step_sigma,4ced57cd9c400313f5dd5e5ac32a6046f131b8787aa28567b4630a79f2b54765,joint_limit_return,3,0.0,0.0,1899764547.3333333,0.48333333333333334,145.0
panda,two_step_sigma,4d5726022b02c15cb1a454c63889654368a8fbcdae89aeb1a95cb2563625cfb6,near_singular,3,0.6666666666666666,0.6666666666666666,1842274725.6666667,0.9222222222222222,238.33333333333334
panda,two_step_sigma,4d9996b01d53260dc4f34a510f4f98fb408f0402cd9aefc444ca7e69d8829238,near_singular,3,1.0,1.0,1844409116.6666667,1.0,300.0
panda,two_step_sigma,4e60787710ac0931de62ebece84a087b21af34332d9809821839206b91edc0f3,smooth,3,0.0,0.0,1894724443.0,0.4166666666666667,123.0
panda,two_step_sigma,528b294d13074a07a40e0a7339ae08b0d6097234268db4ea1e93ae53bec4dcfc,joint_limit_return,3,1.0,1.0,1757090905.0,1.0,300.0
panda,two_step_sigma,587ba8b6832890074f74e4ca536848bd71559842bc1fd8b33761d1d5f78fb3c6,near_singular,3,1.0,0.6666666666666666,1873620304.3333333,1.0,300.0
panda,two_step_sigma,5eca0902459073bb6385cd4ab9c0876850167c58f176877e32bc8387f19e7d5d,joint_limit_return,3,0.0,0.0,1885731283.0,0.4033333333333333,121.0
panda,two_step_sigma,62cf2ffefadcb1e65693edf88d9a5ff3c7ce7ecd4608b2fa1753a386424b029c,joint_limit_return,3,1.0,0.6666666666666666,1824841838.3333333,1.0,300.0
panda,two_step_sigma,6c3aabc3376e7062b96f34ca650085bfc027153443ef0de8ffb96f45514a3aba,joint_limit_return,3,1.0,1.0,1781263745.0,1.0,300.0
panda,two_step_sigma,722a448034a3fed404996d6168213b64acca2136a9aaad2ce6353057b1ffc678,smooth,3,1.0,1.0,1758006788.0,1.0,300.0
panda,two_step_sigma,74c29f013d2517822ab54de8735b63dabbc0a07cdd226d3a70e41c4686849f7c,high_curvature,3,1.0,1.0,1747428757.3333333,1.0,300.0
panda,two_step_sigma,7bdcf203789ad15d75685113185e00a91052d420c457bb26e272c88d62da2c98,joint_limit_return,3,1.0,1.0,1811674358.3333333,1.0,300.0
panda,two_step_sigma,812544c6b72fdd71f051a965144990526e50ca9926205b2a2e7ba406d2ddd8f3,near_singular,3,0.0,0.0,1867024988.0,0.8688888888888889,260.3333333333333
panda,two_step_sigma,84523d1d744136e9e35c5a0846ee6fdfd78b2496c84b089c8f8bcc3d8908c904,high_curvature,3,1.0,1.0,1861937419.6666667,1.0,300.0
panda,two_step_sigma,85446a938e6594ba12ebfe3207a6173c71f86e8dfd6947fd5a8d061b332f381b,joint_limit_return,3,1.0,0.6666666666666666,1841810507.3333333,1.0,300.0
panda,two_step_sigma,8655e30c0a88dd37857c82aa2cde84f1d22fbee5d7dbb4afd750e74a10dbca42,smooth,3,1.0,1.0,1816621041.6666667,1.0,300.0
panda,two_step_sigma,8b5c315d061bd3688cd962944fbdec36386def0bb36634bc033a0644d0733ac1,smooth,3,1.0,0.6666666666666666,1770267982.3333333,1.0,300.0
panda,two_step_sigma,903efc63f245668f0d5df44b9f48b6bb4a5fdb9b31b0971edddcd8cf6b164412,high_curvature,3,1.0,1.0,1789857745.0,1.0,300.0
panda,two_step_sigma,93c78d3583b1a2d2e43e833ee9ea0764d227b9a4588ddde91047b592d81ec731,smooth,3,0.0,0.0,1816850006.0,0.9066666666666666,272.0
panda,two_step_sigma,94ea2ce5856235c6dff346ecf93fb77155022b282b96203ebd91f7759fb2289c,joint_limit_return,3,1.0,1.0,1829401349.3333333,1.0,300.0
panda,two_step_sigma,97ebdfa4a3a9a940fb7522eb9b8401747e322c7ff968f9ea9c1ab4283448f6f6,high_curvature,3,1.0,1.0,1812652254.0,1.0,300.0
panda,two_step_sigma,9a30ac65bd31ac87ba8a356ba5ab2a24c838f26d4d35dd012d79cb0ecfd1af37,joint_limit_return,3,0.0,0.0,1959426917.3333333,0.07666666666666666,23.0
panda,two_step_sigma,9b3f40d0a4a73b7cc2e3980d85021ef2d18c830c4e00b031383e0db7fa8f4648,near_singular,3,0.0,0.0,1993511252.0,0.47333333333333333,70.0
panda,two_step_sigma,9f1b36e9cc0ddbf63840ff77df4b27bbec6c67e0eac9898c93c99f790cc53bf3,smooth,3,1.0,1.0,1826818256.0,1.0,300.0
panda,two_step_sigma,a72f800756d93a8e0178233f43a4f5603c6c82ad658b2ff01c4caa1849f2970b,high_curvature,3,1.0,1.0,1849094908.6666667,1.0,300.0
panda,two_step_sigma,b08d384226627695e9db8f0a97656f925d30a0f1ef52dcde3d3a316d83edcb3e,near_singular,3,1.0,1.0,1852306205.3333333,1.0,300.0
panda,two_step_sigma,b6a6a000490bc47bb8fec594bb1d6757753d9bd36af82ad4c1748474d41782e2,high_curvature,3,1.0,1.0,1782366796.0,1.0,300.0
panda,two_step_sigma,b9c322dc8c438a25dea153e56bc41fc79dc76ea0ace4376381db039feb18b3b0,high_curvature,3,1.0,1.0,1802425285.3333333,1.0,300.0
panda,two_step_sigma,bc7b61b631a2c73339b0a18fe9ce2af1ecc47bd2a1fe4a55bbcaf44df1841327,near_singular,3,0.0,0.0,1859802547.0,0.9266666666666666,278.0
panda,two_step_sigma,c5bd51fc1f0b1af9b6d6ed97195efa4e43917678d7c0a6e46c724fb08fb2987a,joint_limit_return,3,0.0,0.0,1901294722.6666667,0.44,132.0
panda,two_step_sigma,c847cede995cb96325c52ddba655ac3f3339bcb88ec454d20da33ff7c4dca452,joint_limit_return,3,1.0,1.0,1733725223.0,1.0,300.0
panda,two_step_sigma,ca118da3da91a1cb20f6a15069f4225c4ab380bda8936de41e382e6809a5faee,smooth,3,1.0,1.0,1850866798.6666667,1.0,300.0
panda,two_step_sigma,d25d583eed966f0a4890611c655aeceee05aa2dc824247686f5206001d639b8e,smooth,3,1.0,0.6666666666666666,1801302559.3333333,1.0,300.0
panda,two_step_sigma,d90e435ba578b99631a5a05c3eead70e9cd16754dc13a8814cbeb1915a81a9a2,high_curvature,3,1.0,1.0,1770047399.6666667,1.0,300.0
panda,two_step_sigma,dca441d2100c1f10950c3c449391bbd6a640a265a757197fdd41cd5c559dd7f2,high_curvature,3,1.0,1.0,1890743778.0,1.0,300.0
panda,two_step_sigma,dcbb02363eb3b300284cb187544b9e0543c356b6dd7bca56d057c833d82ec1ce,near_singular,3,1.0,1.0,1881911402.6666667,1.0,300.0
panda,two_step_sigma,debf69dafe061d996b768380f530ab93195d3413240dda7d60d9d3fa00885214,near_singular,3,0.6666666666666666,0.6666666666666666,1946820654.3333333,0.8977777777777778,269.3333333333333
panda,two_step_sigma,dec1d20758f8defc5511ecdd0c280145fbf924733124a98dc39d84e75ed8ee4e,high_curvature,3,1.0,1.0,1734955336.6666667,1.0,300.0
panda,two_step_sigma,df08692c7b2eadcbd67d39e863103437a360bf3bf3789377b3135f5f72f8bffc,joint_limit_return,3,1.0,1.0,1827881383.6666667,1.0,300.0
panda,two_step_sigma,df44e1636782557b5abbc632834a1ece131221f4fc404be790941389867a2cd3,smooth,3,0.0,0.0,1961801561.6666667,0.09222222222222222,24.333333333333332
panda,two_step_sigma,e19650a533a455116a834987b098810e9605d1c04733dea4621cc43c343ed94d,joint_limit_return,3,1.0,1.0,1900281381.0,1.0,300.0
panda,two_step_sigma,e35821d52566b007aebb32807a82ddc409386b691a38ddc83a59e9cf6e98fb41,high_curvature,3,1.0,1.0,1819179570.6666667,1.0,300.0
panda,two_step_sigma,e763efcea4c5a3ff0c296248966ee293d0a9f99aecc2f6a554c20c543be0cc43,near_singular,3,1.0,1.0,1849890820.6666667,1.0,300.0
panda,two_step_sigma,e77349617b81f85cf8b145de06bc2cb4284d5ce13b204dfc6903dc267be1d1d1,joint_limit_return,3,1.0,1.0,1818157989.3333333,1.0,300.0
panda,two_step_sigma,e8425231608ebce58ab60b002e394065d5bb879295307ecf60de5cdc1e7a7137,near_singular,3,1.0,1.0,1867768019.3333333,1.0,300.0
panda,two_step_sigma,ea60fc22a775879ef892b95c88f6967d69d85595d76aeae7dfeadca2575f9489,joint_limit_return,3,1.0,1.0,1780297289.3333333,1.0,300.0
panda,two_step_sigma,eae9cac6cf5a5c981eef189594a46bad4785e1921cac5a98be1a2a58b884a3f8,near_singular,3,0.0,0.0,1925435633.6666667,0.23444444444444446,65.33333333333333
panda,two_step_sigma,edb8551b11cbe2a492b2fef2c7e20214a3f8e4cea5b1fa49ca5ff404f7d5ac15,smooth,3,1.0,1.0,1817113724.6666667,1.0,300.0
panda,two_step_sigma,f04fdd99ab579f7ee40055390e8c5cef35503d4edb0b245e0f872a409d1599d0,high_curvature,3,1.0,1.0,1776575110.0,1.0,300.0
panda,two_step_sigma,f2c68553f437084ff2273ee212367879dde91e8a8754e9b14110a76538e24f47,near_singular,3,1.0,1.0,1856536837.0,1.0,300.0
panda,two_step_sigma,f37eecc6128724e548d6e984280626d79ac0edd3c00e7257663f251fdb9b7b73,joint_limit_return,3,1.0,1.0,1794495816.6666667,1.0,300.0
panda,two_step_sigma,f3b051777058603dc21c7fbb80a89960ffaaf9cbc3fa59cfe0b027639eea6341,near_singular,3,1.0,0.6666666666666666,1900913838.6666667,1.0,300.0
panda,two_step_sigma,f3e4e108a041e58c73332f6c32e84dee68ee37ebccb985aed3fc3a289bebc5c0,joint_limit_return,3,1.0,1.0,1738261782.0,1.0,300.0
panda,two_step_sigma,f85bc7a2dd13734c7e2d96d76439ed60f384fc1f8e47704220bde66ffe5c8b39,smooth,3,1.0,1.0,1802847832.0,1.0,300.0
panda,two_step_sigma,f8fed72df3635734707a9bc9597f301ce6bf7d9c25feb44f52a05f522b7ae082,high_curvature,3,1.0,1.0,1870052204.6666667,1.0,300.0
panda,two_step_sigma,f91e21d1d8b74244a42e85cfb61a758947cfc44d68d87959474904131ea43f76,joint_limit_return,3,1.0,1.0,1842637723.6666667,1.0,300.0
panda,two_step_sigma,fc43b28e1ef0f4315f89dd747d1dce530589fa33f04e25f828aae6278d154bf1,smooth,3,1.0,0.6666666666666666,1850972192.3333333,1.0,300.0
panda,two_step_sigma,ffaabb719fe344e26a3ace6121ad9aa63deeeaf6be4e90ad76219dafa0642fd9,smooth,3,1.0,0.6666666666666666,1862460164.3333333,1.0,300.0
panda,two_step_sigma,ffb925c3c350cd58b2a3c0ca3a1d005e853f19a40ad015cec3a82257101a6301,joint_limit_return,3,1.0,1.0,1827454912.0,1.0,300.0
panda,two_step_sigma,ffe27a227d9a6794f4dc89435acf02972c4d4f0aca9976152097f76b64c2dcfe,high_curvature,3,1.0,0.6666666666666666,1852475020.3333333,1.0,300.0
ur5e,cr_ik,03220c51c45c68b3946b1c6a58e6a287ca5920e760cc8bfd312b376027c704c9,high_curvature,3,1.0,1.0,1563901512.6666667,1.0,300.0
ur5e,cr_ik,047ff9b1792fd70f59836c5acd8e94179c6c0996c44fb4e8017e82ffb1220eff,smooth,3,1.0,1.0,1592928797.6666667,1.0,300.0
ur5e,cr_ik,065722086d7bd37936f96d2b8fbabfb0336d4573600e0b578b3790fbf38312ef,joint_limit_return,3,1.0,0.6666666666666666,1620866465.3333333,1.0,300.0
ur5e,cr_ik,07632fc2ef1ac4d0273b315d2512571e01f9fc5646798ee1831ca44ebf0ae726,joint_limit_return,3,1.0,1.0,1558880179.6666667,1.0,300.0
ur5e,cr_ik,0834b069a71589840b5b8745510b565735165b70e1e1ae1c594c3cf04b22bbec,high_curvature,3,0.0,0.0,1587890059.3333333,0.94,189.0
ur5e,cr_ik,09c7242f6d648ae161cb89525291352c9a690ed046b115a357ea728f9a0e2d1c,near_singular,3,1.0,1.0,1546238058.6666667,1.0,300.0
ur5e,cr_ik,0a3eaa0fc663edf978743281318c79f0781d6d3dd388a9337692ca1c1e997a48,smooth,3,1.0,1.0,1559930542.6666667,1.0,300.0
ur5e,cr_ik,0c58584b5b3c829309c4f73f6f87406a63c187d8774b64bf8033c01c9a4a333a,joint_limit_return,3,1.0,1.0,1604436476.6666667,1.0,300.0
ur5e,cr_ik,0ca2daf0e1af59f47f3e4731bbc39e65d4601fa4e75079212580eb87450d5ed6,near_singular,3,1.0,0.6666666666666666,1563875813.3333333,1.0,300.0
ur5e,cr_ik,112413a5625ea54f25707eda080b3665650a6a3a6b09d9f912b70a953c85bff5,high_curvature,3,1.0,1.0,1566475305.0,1.0,300.0
ur5e,cr_ik,156281369f56972f3cc79c8adeaf13693e8d1d3614a5b93a1d41394ebea661b1,smooth,3,1.0,1.0,1554778893.6666667,1.0,300.0
ur5e,cr_ik,20c30181c70a2179fc2eef710e2ee3d3e92ae37e61ab28f71c5d49bca563dd94,high_curvature,3,1.0,1.0,1561479040.0,1.0,300.0
ur5e,cr_ik,26755c1053800ba90ecbc0ca8a524cf426cbf2521e5a3f76149b2d9a46090c20,high_curvature,3,1.0,1.0,1567316887.3333333,1.0,300.0
ur5e,cr_ik,371fcf8223ae792b7c581939baf8d591a3be348894ca665707d1277f30f84e7c,smooth,3,1.0,1.0,1560918017.6666667,1.0,300.0
ur5e,cr_ik,396e8c49d721d524724f0db4b4c7e2aa976f5d69962ed7574fe033ec1ca1d7b6,joint_limit_return,3,1.0,1.0,1586180625.6666667,1.0,300.0
ur5e,cr_ik,3c48bee65fd028382bc8d4438caab308fed0a75784712fb52462aa338f01a717,smooth,3,1.0,1.0,1577440283.6666667,1.0,300.0
ur5e,cr_ik,3d3e8777dd7658c89e371201687fa308c1e8539b0c18c73653cd9e545001662a,joint_limit_return,3,1.0,1.0,1564685679.0,1.0,300.0
ur5e,cr_ik,40c22e59afe2e2732385ec573ee2b919ef2c9d2bc9812855826d5c20c8d11ef2,joint_limit_return,3,1.0,1.0,1581717544.0,1.0,300.0
ur5e,cr_ik,43bf4420c1e0b5f6e09b2166f2544a1ef3bd41fdf66e58437ea6c55797af37ba,high_curvature,3,1.0,1.0,1560113987.3333333,1.0,300.0
ur5e,cr_ik,45667ba46a3792a98522be1a4e99a1eac6800fc565ccf06dbfadc44b3e42e896,near_singular,3,0.6666666666666666,0.6666666666666666,1604503926.3333333,0.851111111111111,227.66666666666666
ur5e,cr_ik,4aa1fc8c3baf8a8410efafa33906592e43faa741829fe4494d9a4efa7267ff11,near_singular,3,1.0,1.0,1534545077.6666667,1.0,300.0
ur5e,cr_ik,4dd9897266979bca32e77a65503c0f736b1dc01e03d7d42348f84835e6fb5821,high_curvature,3,1.0,1.0,1554678833.0,1.0,300.0
ur5e,cr_ik,50870e6b3cc46c10abec4a9c6f0a4e4b26d2f883974e3b7f89ef885a772d11a7,smooth,3,1.0,1.0,1544409804.6666667,1.0,300.0
ur5e,cr_ik,535e411e2be14117e8462d301cab971b16ff016ae97aef26607ab2fab7d44eb2,near_singular,3,0.6666666666666666,0.6666666666666666,1560169840.3333333,0.9477777777777777,284.3333333333333
ur5e,cr_ik,54c1b930bca297748cff12faa8365e3bd1e8093c287c6f4d27d9098fc0436a15,high_curvature,3,0.0,0.0,1798509645.0,0.30666666666666664,85.33333333333333
ur5e,cr_ik,59197c0ae06c6324ed1e4e3196698ea47f38a7e246f7dc62ca63d784d4a6b1d2,joint_limit_return,3,1.0,1.0,1579610089.3333333,1.0,300.0
ur5e,cr_ik,5c749908cf2548e3c1f49a72f300fbafa3441dc10e0f0e3775b9966b6e577144,smooth,3,1.0,1.0,1599621067.3333333,1.0,300.0
ur5e,cr_ik,5f53147d951a4da9fa2fb0656eeb83510662587fa29793f65f93b6053bc5df6a,high_curvature,3,1.0,1.0,1556137596.3333333,1.0,300.0
ur5e,cr_ik,5fbc771d65fd2993ce9852efd272613340d15e602ff9caa14ee5a15d489c73d3,high_curvature,3,1.0,1.0,1561766643.3333333,1.0,300.0
ur5e,cr_ik,662447a710b91b860b9638360646772b7ce950d3d0173e43e8af49f490a4af0b,joint_limit_return,3,0.3333333333333333,0.3333333333333333,1561216356.6666667,0.7188888888888889,215.66666666666666
ur5e,cr_ik,6c3d4c092a0b5f0da7732ab5e840679bdf272f596aa8e02c36a4aef984221185,smooth,3,1.0,1.0,1586702487.0,1.0,300.0
ur5e,cr_ik,7374a8fbab8c0781b1e3efc0df05667635b2ee6d0e2b0f8ae2add58cfad63e49,smooth,3,1.0,1.0,1577676650.3333333,1.0,300.0
ur5e,cr_ik,74f13d1861b4dbbe24928ee15b41f22b80ee33a15a78a03a9dca9d56e33272be,near_singular,3,0.6666666666666666,0.6666666666666666,1518956777.0,0.9011111111111111,270.3333333333333
ur5e,cr_ik,7a33330dc10cc8fd4413889a735cf23a6a5aeb9da4d084b6757bf53b43b5a481,joint_limit_return,3,0.6666666666666666,0.3333333333333333,1603254451.0,0.9844444444444443,295.3333333333333
ur5e,cr_ik,7c02ce4e4242366f17d3f770fe617737725ac15093928bb658e06b7ce307c3bf,joint_limit_return,3,1.0,1.0,1570177922.6666667,1.0,300.0
ur5e,cr_ik,7c0d967685e188ec84904c5683c07dd2b3deb41c1dc6549c62e52023c4eba4ce,joint_limit_return,3,1.0,1.0,1558452841.0,1.0,300.0
ur5e,cr_ik,7c6de0d7e98b54de6691deb31ba612f80e6810d173be397d5d1ee146b99c414c,near_singular,3,1.0,0.6666666666666666,1566681893.6666667,1.0,300.0
ur5e,cr_ik,7d96c3585744404eff100c547869dec91c306430c511caab63b98e13eefdd11f,near_singular,3,1.0,1.0,1556240023.0,1.0,300.0
ur5e,cr_ik,7f5ebcc3a7dd05c6aa128582c810a97d5a985e3a85b443fd95a19ae73206f4a9,smooth,3,0.6666666666666666,0.6666666666666666,1645001969.0,0.8377777777777777,238.66666666666666
ur5e,cr_ik,846e7425da40c823386207a60367227d218b81bbcc434d1c47bc8f330113fc0b,high_curvature,3,1.0,0.6666666666666666,1579812297.3333333,1.0,300.0
ur5e,cr_ik,8a64e0cfc729fa478ee19dba9e90153ceacdb34539529604530f865bf8589afc,high_curvature,3,0.0,0.0,1570017071.3333333,0.9211111111111112,112.33333333333333
ur5e,cr_ik,8d91a4fe0b8d4d1641dc4a39e3a5b989b3ec6661bec992b7f36cbd14a34bed0e,joint_limit_return,3,0.3333333333333333,0.3333333333333333,1669608026.3333333,0.668888888888889,200.66666666666666
ur5e,cr_ik,8f36afdece6d46ce485c6d67d38132dd7d905fa079154901c008d62a557f85d8,joint_limit_return,3,1.0,1.0,1571221344.3333333,1.0,300.0
ur5e,cr_ik,951f6b92c0972c1886df2bb44fd7e2270b5f7645c6f518e25d3b65f938d2bdb1,high_curvature,3,1.0,1.0,1568284160.0,1.0,300.0
ur5e,cr_ik,957a78a49068090588fba121c84b2f801021c8a39737d131f39e7b83452b7543,near_singular,3,1.0,1.0,1577638150.3333333,1.0,300.0
ur5e,cr_ik,96836fc8a70262a4991bd2f73b692e2637c8e17558d95a9c5759acba7c9568ed,smooth,3,1.0,1.0,1559046769.6666667,1.0,300.0
ur5e,cr_ik,995c2e82bea0bb1c56ecf9912644a5c7dbf80b1bf4eba5b61c0d5fc8ed25c7f1,joint_limit_return,3,1.0,1.0,1584454201.3333333,1.0,300.0
ur5e,cr_ik,9e46e7c267a4e55cba49f752a8f6edd88531596dd47dc50639aa6bfdfb0645ab,high_curvature,3,1.0,1.0,1577520539.3333333,1.0,300.0
ur5e,cr_ik,9f170fe24411afe5c16131e1833bc9557a15f1081b967e6419c1fe427ffd128b,near_singular,3,1.0,1.0,1551102396.0,1.0,300.0
ur5e,cr_ik,9f91638b2c37d68e6c31f8ef111def25ec1ddc298eb86f82607a38aa0697979e,near_singular,3,1.0,1.0,1548450181.0,1.0,300.0
ur5e,cr_ik,a0ae96317edd6e3e06a288ce06f94b4e0c30f8367ed7a6d60e95732b0de8a986,smooth,3,1.0,1.0,1546642300.6666667,1.0,300.0
ur5e,cr_ik,a16c34cba3d41b078a7677d5d70a6c4580eb744fc514df526993e103152199a3,near_singular,3,1.0,0.6666666666666666,1568903550.0,1.0,300.0
ur5e,cr_ik,a31069931d4162bfb1926ff775b4da35f8e139f2d51b4ded038f1f9a6a8a8ac9,smooth,3,1.0,1.0,1557138258.6666667,1.0,300.0
ur5e,cr_ik,a66d65f0e12234ccfb9a1594e80eff041ce362a7cc0ab20c1393d8e9ab0ea99b,smooth,3,1.0,1.0,1563257282.3333333,1.0,300.0
ur5e,cr_ik,a9970c1d28764e3351f1617b34728d90521f9230450a72dbb9072868ce4d0a9c,joint_limit_return,3,1.0,1.0,1565801214.6666667,1.0,300.0
ur5e,cr_ik,ab670337d449cfa28300609dc63289cfa5f5284b012423b03d3d858b4910030c,near_singular,3,1.0,1.0,1535091476.6666667,1.0,300.0
ur5e,cr_ik,ad0ea16c5c29c961b263bc522a3f10581a1228fb7e2407bdaec35ef95a872bce,high_curvature,3,1.0,1.0,1562749643.3333333,1.0,300.0
ur5e,cr_ik,adac333a20ce2efc7fe558d875acc835e0dd10d7080047fb652571939fa89662,smooth,3,1.0,1.0,1557833848.0,1.0,300.0
ur5e,cr_ik,ae485f23758e23a4eb350b9bcf01d74ddd74d1402409394a9319922e5a1b7b96,high_curvature,3,1.0,1.0,1576345469.0,1.0,300.0
ur5e,cr_ik,bfd6ed96964e141311a776bdfdb16545786f0f59c8471531a827315c21fe51fd,high_curvature,3,1.0,1.0,1565789769.6666667,1.0,300.0
ur5e,cr_ik,c8c426e707d06e3dd626979b1a3ab6d3f6ec84e5a30cf753c257d4e61246deb6,smooth,3,1.0,1.0,1561376190.6666667,1.0,300.0
ur5e,cr_ik,caae11886ce5455ed9918bfe7dd031530d925d80f15a6331b694139013033ab4,smooth,3,1.0,1.0,1593374405.0,1.0,300.0
ur5e,cr_ik,cf3353a57e1852f2ffd6f42434730827c5b7481320dd03a60b08dd59eab30aac,near_singular,3,1.0,1.0,1553427819.3333333,1.0,300.0
ur5e,cr_ik,cfe9fd796d287f6226b998dec27c940e9dc5e8b3d27a7038f16c825505a1d729,near_singular,3,1.0,1.0,1545484018.0,1.0,300.0
ur5e,cr_ik,d3602ab2fa9ef3f6352e4d3be23bd068896f7ca8f70ba3278a96146e30627a91,high_curvature,3,1.0,1.0,1549554178.6666667,1.0,300.0
ur5e,cr_ik,d4f695cddecb3cff73fb1982c70b0d4b71a8f3aa4c0d8aff0a9ac934c78aa876,near_singular,3,1.0,1.0,1526019605.0,1.0,300.0
ur5e,cr_ik,d89ed299720b27935e7c1ac7678ea12fac2ba8f90183be77cffdc05dddc5c8f1,joint_limit_return,3,1.0,1.0,1538705010.0,1.0,300.0
ur5e,cr_ik,d99a28055a1a2e5f87d318d103aa53499976f9708dcd2e09d3b626961e119708,near_singular,3,1.0,1.0,1542402972.0,1.0,300.0
ur5e,cr_ik,dd2bb4eb555d25f978b91d0beb11c6169f0858c2cef12b9602bafd9ef420063a,near_singular,3,1.0,1.0,1551224234.3333333,1.0,300.0
ur5e,cr_ik,dedb115d2f947687d7e8605818e49ad645bd5ec0511767ebb40d29cf2af281ca,high_curvature,3,1.0,1.0,1554227130.0,1.0,300.0
ur5e,cr_ik,e20b2e30572c01e2bc24d3d15c33d5dfce37fcc54612aad6e041ba257e561c4b,smooth,3,0.3333333333333333,0.3333333333333333,1600665226.3333333,0.9977777777777778,222.66666666666666
ur5e,cr_ik,e4063494fe3e2ba5fb84e32ac7016b07ab757d9a61b080ae3ab9673f4fcac49d,near_singular,3,1.0,1.0,1555686899.6666667,1.0,300.0
ur5e,cr_ik,e5e35a9ab8f4a15285a661194c7d8b8bef6b071a9f52f1ce70194ad8203f88ff,joint_limit_return,3,1.0,1.0,1576584170.3333333,1.0,300.0
ur5e,cr_ik,e7d7aad5cd92879de7ae9d69e0fd1dfeaa3188afa9bd940a7e50085e12a5e2e0,high_curvature,3,1.0,1.0,1570477995.3333333,1.0,300.0
ur5e,cr_ik,e7f18499dedb9f1bb9ea59573ded1fb8ed9f04739eb258b62fab02514270946f,joint_limit_return,3,1.0,1.0,1562467713.6666667,1.0,300.0
ur5e,cr_ik,e8e4252304e3d6a0ffcf72a9cba69ceeb3fa92a16dba96d8a5208497a5b7ecaf,smooth,3,1.0,0.6666666666666666,1570388137.3333333,1.0,300.0
ur5e,cr_ik,e97075e08424a5d81e2d3fff64d991f105231a9f0c660668e9a9a24410ea7f15,joint_limit_return,3,1.0,1.0,1542935605.3333333,1.0,300.0
ur5e,cr_ik,f2ac6c84c49f8477d22025f943227ddb3d767d4c2190c436436c9bef5cbb3613,smooth,3,1.0,1.0,1547895496.3333333,1.0,300.0
ur5e,cr_ik,f31b80dd772e123d8974cf8fe5c9401354a94c27631ba66eeb710b45638f4e74,near_singular,3,0.6666666666666666,0.6666666666666666,1566145828.6666667,0.9222222222222222,276.6666666666667
ur5e,cr_ik,fdee4111ad1c8b82272d9d9fe8b0c147a9da41255b7b66020b6d6e7c827aca21,joint_limit_return,3,1.0,1.0,1570008513.6666667,1.0,300.0
ur5e,pink_qp,03220c51c45c68b3946b1c6a58e6a287ca5920e760cc8bfd312b376027c704c9,high_curvature,1,1.0,1.0,192215148.0,1.0,300.0
ur5e,pink_qp,047ff9b1792fd70f59836c5acd8e94179c6c0996c44fb4e8017e82ffb1220eff,smooth,1,0.0,0.0,193039694.0,0.9966666666666667,24.0
ur5e,pink_qp,065722086d7bd37936f96d2b8fbabfb0336d4573600e0b578b3790fbf38312ef,joint_limit_return,1,1.0,1.0,195133554.0,1.0,300.0
ur5e,pink_qp,07632fc2ef1ac4d0273b315d2512571e01f9fc5646798ee1831ca44ebf0ae726,joint_limit_return,1,1.0,1.0,192511488.0,1.0,300.0
ur5e,pink_qp,0834b069a71589840b5b8745510b565735165b70e1e1ae1c594c3cf04b22bbec,high_curvature,1,0.0,0.0,208270424.0,0.63,189.0
ur5e,pink_qp,09c7242f6d648ae161cb89525291352c9a690ed046b115a357ea728f9a0e2d1c,near_singular,1,1.0,1.0,193200235.0,1.0,300.0
ur5e,pink_qp,0a3eaa0fc663edf978743281318c79f0781d6d3dd388a9337692ca1c1e997a48,smooth,1,1.0,1.0,193514951.0,1.0,300.0
ur5e,pink_qp,0c58584b5b3c829309c4f73f6f87406a63c187d8774b64bf8033c01c9a4a333a,joint_limit_return,1,0.0,0.0,211468827.0,0.41333333333333333,124.0
ur5e,pink_qp,0ca2daf0e1af59f47f3e4731bbc39e65d4601fa4e75079212580eb87450d5ed6,near_singular,1,1.0,1.0,191090588.0,1.0,300.0
ur5e,pink_qp,112413a5625ea54f25707eda080b3665650a6a3a6b09d9f912b70a953c85bff5,high_curvature,1,0.0,0.0,206128616.0,0.5066666666666667,152.0
ur5e,pink_qp,156281369f56972f3cc79c8adeaf13693e8d1d3614a5b93a1d41394ebea661b1,smooth,1,1.0,1.0,192180394.0,1.0,300.0
ur5e,pink_qp,20c30181c70a2179fc2eef710e2ee3d3e92ae37e61ab28f71c5d49bca563dd94,high_curvature,1,1.0,1.0,194465268.0,1.0,300.0
ur5e,pink_qp,26755c1053800ba90ecbc0ca8a524cf426cbf2521e5a3f76149b2d9a46090c20,high_curvature,1,1.0,1.0,193827433.0,1.0,300.0
ur5e,pink_qp,371fcf8223ae792b7c581939baf8d591a3be348894ca665707d1277f30f84e7c,smooth,1,1.0,1.0,191212429.0,1.0,300.0
ur5e,pink_qp,396e8c49d721d524724f0db4b4c7e2aa976f5d69962ed7574fe033ec1ca1d7b6,joint_limit_return,1,0.0,0.0,191760075.0,0.9933333333333333,156.0
ur5e,pink_qp,3c48bee65fd028382bc8d4438caab308fed0a75784712fb52462aa338f01a717,smooth,1,1.0,1.0,191382058.0,1.0,300.0
ur5e,pink_qp,3d3e8777dd7658c89e371201687fa308c1e8539b0c18c73653cd9e545001662a,joint_limit_return,1,1.0,1.0,191880558.0,1.0,300.0
ur5e,pink_qp,40c22e59afe2e2732385ec573ee2b919ef2c9d2bc9812855826d5c20c8d11ef2,joint_limit_return,1,1.0,1.0,189404876.0,1.0,300.0
ur5e,pink_qp,43bf4420c1e0b5f6e09b2166f2544a1ef3bd41fdf66e58437ea6c55797af37ba,high_curvature,1,1.0,1.0,193833366.0,1.0,300.0
ur5e,pink_qp,45667ba46a3792a98522be1a4e99a1eac6800fc565ccf06dbfadc44b3e42e896,near_singular,1,1.0,1.0,192264832.0,1.0,300.0
ur5e,pink_qp,4aa1fc8c3baf8a8410efafa33906592e43faa741829fe4494d9a4efa7267ff11,near_singular,1,0.0,0.0,207735249.0,0.6533333333333333,98.0
ur5e,pink_qp,4dd9897266979bca32e77a65503c0f736b1dc01e03d7d42348f84835e6fb5821,high_curvature,1,1.0,1.0,191683200.0,1.0,300.0
ur5e,pink_qp,50870e6b3cc46c10abec4a9c6f0a4e4b26d2f883974e3b7f89ef885a772d11a7,smooth,1,1.0,1.0,191393404.0,1.0,300.0
ur5e,pink_qp,535e411e2be14117e8462d301cab971b16ff016ae97aef26607ab2fab7d44eb2,near_singular,1,1.0,1.0,193332564.0,1.0,300.0
ur5e,pink_qp,54c1b930bca297748cff12faa8365e3bd1e8093c287c6f4d27d9098fc0436a15,high_curvature,1,0.0,0.0,196539113.0,0.9333333333333333,100.0
ur5e,pink_qp,59197c0ae06c6324ed1e4e3196698ea47f38a7e246f7dc62ca63d784d4a6b1d2,joint_limit_return,1,0.0,0.0,195265896.0,0.9966666666666667,64.0
ur5e,pink_qp,5c749908cf2548e3c1f49a72f300fbafa3441dc10e0f0e3775b9966b6e577144,smooth,1,1.0,1.0,191346317.0,1.0,300.0
ur5e,pink_qp,5f53147d951a4da9fa2fb0656eeb83510662587fa29793f65f93b6053bc5df6a,high_curvature,1,1.0,1.0,191635273.0,1.0,300.0
ur5e,pink_qp,5fbc771d65fd2993ce9852efd272613340d15e602ff9caa14ee5a15d489c73d3,high_curvature,1,1.0,1.0,192943766.0,1.0,300.0
ur5e,pink_qp,662447a710b91b860b9638360646772b7ce950d3d0173e43e8af49f490a4af0b,joint_limit_return,1,1.0,1.0,197914072.0,1.0,300.0
ur5e,pink_qp,6c3d4c092a0b5f0da7732ab5e840679bdf272f596aa8e02c36a4aef984221185,smooth,1,0.0,0.0,202524447.0,0.6966666666666667,62.0
ur5e,pink_qp,7374a8fbab8c0781b1e3efc0df05667635b2ee6d0e2b0f8ae2add58cfad63e49,smooth,1,1.0,1.0,193369634.0,1.0,300.0
ur5e,pink_qp,74f13d1861b4dbbe24928ee15b41f22b80ee33a15a78a03a9dca9d56e33272be,near_singular,1,1.0,1.0,200002236.0,1.0,300.0
ur5e,pink_qp,7a33330dc10cc8fd4413889a735cf23a6a5aeb9da4d084b6757bf53b43b5a481,joint_limit_return,1,0.0,0.0,197868598.0,0.9966666666666667,285.0
ur5e,pink_qp,7c02ce4e4242366f17d3f770fe617737725ac15093928bb658e06b7ce307c3bf,joint_limit_return,1,1.0,1.0,191962373.0,1.0,300.0
ur5e,pink_qp,7c0d967685e188ec84904c5683c07dd2b3deb41c1dc6549c62e52023c4eba4ce,joint_limit_return,1,1.0,1.0,195133354.0,1.0,300.0
ur5e,pink_qp,7c6de0d7e98b54de6691deb31ba612f80e6810d173be397d5d1ee146b99c414c,near_singular,1,1.0,1.0,192107646.0,1.0,300.0
ur5e,pink_qp,7d96c3585744404eff100c547869dec91c306430c511caab63b98e13eefdd11f,near_singular,1,1.0,1.0,190975543.0,1.0,300.0
ur5e,pink_qp,7f5ebcc3a7dd05c6aa128582c810a97d5a985e3a85b443fd95a19ae73206f4a9,smooth,1,1.0,1.0,194405879.0,1.0,300.0
ur5e,pink_qp,846e7425da40c823386207a60367227d218b81bbcc434d1c47bc8f330113fc0b,high_curvature,1,1.0,1.0,189957791.0,1.0,300.0
ur5e,pink_qp,8a64e0cfc729fa478ee19dba9e90153ceacdb34539529604530f865bf8589afc,high_curvature,1,0.0,0.0,218232411.0,0.31666666666666665,95.0
ur5e,pink_qp,8d91a4fe0b8d4d1641dc4a39e3a5b989b3ec6661bec992b7f36cbd14a34bed0e,joint_limit_return,1,0.0,0.0,224756511.0,0.016666666666666666,5.0
ur5e,pink_qp,8f36afdece6d46ce485c6d67d38132dd7d905fa079154901c008d62a557f85d8,joint_limit_return,1,1.0,1.0,193451033.0,1.0,300.0
ur5e,pink_qp,951f6b92c0972c1886df2bb44fd7e2270b5f7645c6f518e25d3b65f938d2bdb1,high_curvature,1,0.0,0.0,216409409.0,0.31,93.0
ur5e,pink_qp,957a78a49068090588fba121c84b2f801021c8a39737d131f39e7b83452b7543,near_singular,1,1.0,1.0,196934297.0,1.0,300.0
ur5e,pink_qp,96836fc8a70262a4991bd2f73b692e2637c8e17558d95a9c5759acba7c9568ed,smooth,1,1.0,1.0,190952128.0,1.0,300.0
ur5e,pink_qp,995c2e82bea0bb1c56ecf9912644a5c7dbf80b1bf4eba5b61c0d5fc8ed25c7f1,joint_limit_return,1,1.0,1.0,192496828.0,1.0,300.0
ur5e,pink_qp,9e46e7c267a4e55cba49f752a8f6edd88531596dd47dc50639aa6bfdfb0645ab,high_curvature,1,0.0,0.0,218127266.0,0.31333333333333335,79.0
ur5e,pink_qp,9f170fe24411afe5c16131e1833bc9557a15f1081b967e6419c1fe427ffd128b,near_singular,1,1.0,1.0,191612037.0,1.0,300.0
ur5e,pink_qp,9f91638b2c37d68e6c31f8ef111def25ec1ddc298eb86f82607a38aa0697979e,near_singular,1,1.0,1.0,191685546.0,1.0,300.0
ur5e,pink_qp,a0ae96317edd6e3e06a288ce06f94b4e0c30f8367ed7a6d60e95732b0de8a986,smooth,1,1.0,1.0,190456764.0,1.0,300.0
ur5e,pink_qp,a16c34cba3d41b078a7677d5d70a6c4580eb744fc514df526993e103152199a3,near_singular,1,1.0,1.0,193398776.0,1.0,300.0
ur5e,pink_qp,a31069931d4162bfb1926ff775b4da35f8e139f2d51b4ded038f1f9a6a8a8ac9,smooth,1,1.0,1.0,192000539.0,1.0,300.0
ur5e,pink_qp,a66d65f0e12234ccfb9a1594e80eff041ce362a7cc0ab20c1393d8e9ab0ea99b,smooth,1,1.0,1.0,192040507.0,1.0,300.0
ur5e,pink_qp,a9970c1d28764e3351f1617b34728d90521f9230450a72dbb9072868ce4d0a9c,joint_limit_return,1,1.0,1.0,191902270.0,1.0,300.0
ur5e,pink_qp,ab670337d449cfa28300609dc63289cfa5f5284b012423b03d3d858b4910030c,near_singular,1,1.0,1.0,190728699.0,1.0,300.0
ur5e,pink_qp,ad0ea16c5c29c961b263bc522a3f10581a1228fb7e2407bdaec35ef95a872bce,high_curvature,1,0.0,0.0,204609933.0,0.7933333333333333,100.0
ur5e,pink_qp,adac333a20ce2efc7fe558d875acc835e0dd10d7080047fb652571939fa89662,smooth,1,1.0,1.0,192054924.0,1.0,300.0
ur5e,pink_qp,ae485f23758e23a4eb350b9bcf01d74ddd74d1402409394a9319922e5a1b7b96,high_curvature,1,0.0,0.0,221584171.0,0.25666666666666665,77.0
ur5e,pink_qp,bfd6ed96964e141311a776bdfdb16545786f0f59c8471531a827315c21fe51fd,high_curvature,1,0.0,0.0,208337649.0,0.5,150.0
ur5e,pink_qp,c8c426e707d06e3dd626979b1a3ab6d3f6ec84e5a30cf753c257d4e61246deb6,smooth,1,0.0,0.0,203066311.0,0.75,225.0
ur5e,pink_qp,caae11886ce5455ed9918bfe7dd031530d925d80f15a6331b694139013033ab4,smooth,1,1.0,1.0,192028846.0,1.0,300.0
ur5e,pink_qp,cf3353a57e1852f2ffd6f42434730827c5b7481320dd03a60b08dd59eab30aac,near_singular,1,1.0,1.0,193650735.0,1.0,300.0
ur5e,pink_qp,cfe9fd796d287f6226b998dec27c940e9dc5e8b3d27a7038f16c825505a1d729,near_singular,1,1.0,1.0,191768735.0,1.0,300.0
ur5e,pink_qp,d3602ab2fa9ef3f6352e4d3be23bd068896f7ca8f70ba3278a96146e30627a91,high_curvature,1,1.0,1.0,189060694.0,1.0,300.0
ur5e,pink_qp,d4f695cddecb3cff73fb1982c70b0d4b71a8f3aa4c0d8aff0a9ac934c78aa876,near_singular,1,1.0,1.0,195588880.0,1.0,300.0
ur5e,pink_qp,d89ed299720b27935e7c1ac7678ea12fac2ba8f90183be77cffdc05dddc5c8f1,joint_limit_return,1,1.0,1.0,190930254.0,1.0,300.0
ur5e,pink_qp,d99a28055a1a2e5f87d318d103aa53499976f9708dcd2e09d3b626961e119708,near_singular,1,1.0,1.0,191199509.0,1.0,300.0
ur5e,pink_qp,dd2bb4eb555d25f978b91d0beb11c6169f0858c2cef12b9602bafd9ef420063a,near_singular,1,1.0,1.0,193445804.0,1.0,300.0
ur5e,pink_qp,dedb115d2f947687d7e8605818e49ad645bd5ec0511767ebb40d29cf2af281ca,high_curvature,1,1.0,1.0,191567151.0,1.0,300.0
ur5e,pink_qp,e20b2e30572c01e2bc24d3d15c33d5dfce37fcc54612aad6e041ba257e561c4b,smooth,1,1.0,1.0,193753521.0,1.0,300.0
ur5e,pink_qp,e4063494fe3e2ba5fb84e32ac7016b07ab757d9a61b080ae3ab9673f4fcac49d,near_singular,1,1.0,1.0,192953482.0,1.0,300.0
ur5e,pink_qp,e5e35a9ab8f4a15285a661194c7d8b8bef6b071a9f52f1ce70194ad8203f88ff,joint_limit_return,1,0.0,0.0,217517818.0,0.31333333333333335,94.0
ur5e,pink_qp,e7d7aad5cd92879de7ae9d69e0fd1dfeaa3188afa9bd940a7e50085e12a5e2e0,high_curvature,1,1.0,1.0,191216006.0,1.0,300.0
ur5e,pink_qp,e7f18499dedb9f1bb9ea59573ded1fb8ed9f04739eb258b62fab02514270946f,joint_limit_return,1,1.0,1.0,191249371.0,1.0,300.0
ur5e,pink_qp,e8e4252304e3d6a0ffcf72a9cba69ceeb3fa92a16dba96d8a5208497a5b7ecaf,smooth,1,1.0,1.0,191432266.0,1.0,300.0
ur5e,pink_qp,e97075e08424a5d81e2d3fff64d991f105231a9f0c660668e9a9a24410ea7f15,joint_limit_return,1,1.0,1.0,190416282.0,1.0,300.0
ur5e,pink_qp,f2ac6c84c49f8477d22025f943227ddb3d767d4c2190c436436c9bef5cbb3613,smooth,1,1.0,1.0,190226589.0,1.0,300.0
ur5e,pink_qp,f31b80dd772e123d8974cf8fe5c9401354a94c27631ba66eeb710b45638f4e74,near_singular,1,1.0,1.0,192439815.0,1.0,300.0
ur5e,pink_qp,fdee4111ad1c8b82272d9d9fe8b0c147a9da41255b7b66020b6d6e7c827aca21,joint_limit_return,1,1.0,1.0,190324940.0,1.0,300.0
ur5e,ranged_ik_positive_range,03220c51c45c68b3946b1c6a58e6a287ca5920e760cc8bfd312b376027c704c9,high_curvature,1,0.0,0.0,81771022.0,0.006666666666666667,1.0
ur5e,ranged_ik_positive_range,047ff9b1792fd70f59836c5acd8e94179c6c0996c44fb4e8017e82ffb1220eff,smooth,1,0.0,0.0,78031164.0,0.006666666666666667,1.0
ur5e,ranged_ik_positive_range,065722086d7bd37936f96d2b8fbabfb0336d4573600e0b578b3790fbf38312ef,joint_limit_return,1,0.0,0.0,87927698.0,0.006666666666666667,1.0
ur5e,ranged_ik_positive_range,07632fc2ef1ac4d0273b315d2512571e01f9fc5646798ee1831ca44ebf0ae726,joint_limit_return,1,0.0,0.0,76255498.0,0.006666666666666667,1.0
ur5e,ranged_ik_positive_range,0834b069a71589840b5b8745510b565735165b70e1e1ae1c594c3cf04b22bbec,high_curvature,1,0.0,0.0,89750488.0,0.006666666666666667,1.0
ur5e,ranged_ik_positive_range,09c7242f6d648ae161cb89525291352c9a690ed046b115a357ea728f9a0e2d1c,near_singular,1,0.0,0.0,82742555.0,0.05,9.0
ur5e,ranged_ik_positive_range,0a3eaa0fc663edf978743281318c79f0781d6d3dd388a9337692ca1c1e997a48,smooth,1,0.0,0.0,76256151.0,0.006666666666666667,1.0
ur5e,ranged_ik_positive_range,0c58584b5b3c829309c4f73f6f87406a63c187d8774b64bf8033c01c9a4a333a,joint_limit_return,1,0.0,0.0,77178386.0,0.006666666666666667,1.0
ur5e,ranged_ik_positive_range,0ca2daf0e1af59f47f3e4731bbc39e65d4601fa4e75079212580eb87450d5ed6,near_singular,1,0.0,0.0,72574589.0,0.02666666666666667,6.0
ur5e,ranged_ik_positive_range,112413a5625ea54f25707eda080b3665650a6a3a6b09d9f912b70a953c85bff5,high_curvature,1,0.0,0.0,75111464.0,0.006666666666666667,1.0
ur5e,ranged_ik_positive_range,156281369f56972f3cc79c8adeaf13693e8d1d3614a5b93a1d41394ebea661b1,smooth,1,0.0,0.0,79691222.0,0.006666666666666667,1.0
ur5e,ranged_ik_positive_range,20c30181c70a2179fc2eef710e2ee3d3e92ae37e61ab28f71c5d49bca563dd94,high_curvature,1,0.0,0.0,84336698.0,0.006666666666666667,1.0
ur5e,ranged_ik_positive_range,26755c1053800ba90ecbc0ca8a524cf426cbf2521e5a3f76149b2d9a46090c20,high_curvature,1,0.0,0.0,80184414.0,0.006666666666666667,1.0
ur5e,ranged_ik_positive_range,371fcf8223ae792b7c581939baf8d591a3be348894ca665707d1277f30f84e7c,smooth,1,0.0,0.0,74341743.0,0.006666666666666667,1.0
ur5e,ranged_ik_positive_range,396e8c49d721d524724f0db4b4c7e2aa976f5d69962ed7574fe033ec1ca1d7b6,joint_limit_return,1,0.0,0.0,80054397.0,0.006666666666666667,1.0
ur5e,ranged_ik_positive_range,3c48bee65fd028382bc8d4438caab308fed0a75784712fb52462aa338f01a717,smooth,1,0.0,0.0,131613729.0,0.006666666666666667,1.0
ur5e,ranged_ik_positive_range,3d3e8777dd7658c89e371201687fa308c1e8539b0c18c73653cd9e545001662a,joint_limit_return,1,0.0,0.0,79147607.0,0.006666666666666667,1.0
ur5e,ranged_ik_positive_range,40c22e59afe2e2732385ec573ee2b919ef2c9d2bc9812855826d5c20c8d11ef2,joint_limit_return,1,0.0,0.0,77285919.0,0.006666666666666667,1.0
ur5e,ranged_ik_positive_range,43bf4420c1e0b5f6e09b2166f2544a1ef3bd41fdf66e58437ea6c55797af37ba,high_curvature,1,0.0,0.0,76105444.0,0.006666666666666667,1.0
ur5e,ranged_ik_positive_range,45667ba46a3792a98522be1a4e99a1eac6800fc565ccf06dbfadc44b3e42e896,near_singular,1,0.0,0.0,72660480.0,0.04,6.0
ur5e,ranged_ik_positive_range,4aa1fc8c3baf8a8410efafa33906592e43faa741829fe4494d9a4efa7267ff11,near_singular,1,0.0,0.0,72947248.0,0.04,6.0
ur5e,ranged_ik_positive_range,4dd9897266979bca32e77a65503c0f736b1dc01e03d7d42348f84835e6fb5821,high_curvature,1,0.0,0.0,76633971.0,0.0033333333333333335,1.0
ur5e,ranged_ik_positive_range,50870e6b3cc46c10abec4a9c6f0a4e4b26d2f883974e3b7f89ef885a772d11a7,smooth,1,0.0,0.0,80699948.0,0.006666666666666667,1.0
ur5e,ranged_ik_positive_range,535e411e2be14117e8462d301cab971b16ff016ae97aef26607ab2fab7d44eb2,near_singular,1,0.0,0.0,75955697.0,0.04,6.0
ur5e,ranged_ik_positive_range,54c1b930bca297748cff12faa8365e3bd1e8093c287c6f4d27d9098fc0436a15,high_curvature,1,0.0,0.0,91296253.0,0.0033333333333333335,1.0
ur5e,ranged_ik_positive_range,59197c0ae06c6324ed1e4e3196698ea47f38a7e246f7dc62ca63d784d4a6b1d2,joint_limit_return,1,0.0,0.0,77345815.0,0.006666666666666667,1.0
ur5e,ranged_ik_positive_range,5c749908cf2548e3c1f49a72f300fbafa3441dc10e0f0e3775b9966b6e577144,smooth,1,0.0,0.0,76784353.0,0.006666666666666667,1.0
ur5e,ranged_ik_positive_range,5f53147d951a4da9fa2fb0656eeb83510662587fa29793f65f93b6053bc5df6a,high_curvature,1,0.0,0.0,76752304.0,0.0033333333333333335,1.0
ur5e,ranged_ik_positive_range,5fbc771d65fd2993ce9852efd272613340d15e602ff9caa14ee5a15d489c73d3,high_curvature,1,0.0,0.0,74141426.0,0.006666666666666667,1.0
ur5e,ranged_ik_positive_range,662447a710b91b860b9638360646772b7ce950d3d0173e43e8af49f490a4af0b,joint_limit_return,1,0.0,0.0,77562958.0,0.006666666666666667,1.0
ur5e,ranged_ik_positive_range,6c3d4c092a0b5f0da7732ab5e840679bdf272f596aa8e02c36a4aef984221185,smooth,1,0.0,0.0,72634141.0,0.006666666666666667,1.0
ur5e,ranged_ik_positive_range,7374a8fbab8c0781b1e3efc0df05667635b2ee6d0e2b0f8ae2add58cfad63e49,smooth,1,0.0,0.0,75632597.0,0.006666666666666667,1.0
ur5e,ranged_ik_positive_range,74f13d1861b4dbbe24928ee15b41f22b80ee33a15a78a03a9dca9d56e33272be,near_singular,1,0.0,0.0,73759177.0,0.03333333333333333,5.0
ur5e,ranged_ik_positive_range,7a33330dc10cc8fd4413889a735cf23a6a5aeb9da4d084b6757bf53b43b5a481,joint_limit_return,1,0.0,0.0,80844331.0,0.006666666666666667,1.0
ur5e,ranged_ik_positive_range,7c02ce4e4242366f17d3f770fe617737725ac15093928bb658e06b7ce307c3bf,joint_limit_return,1,0.0,0.0,76259386.0,0.006666666666666667,1.0
ur5e,ranged_ik_positive_range,7c0d967685e188ec84904c5683c07dd2b3deb41c1dc6549c62e52023c4eba4ce,joint_limit_return,1,0.0,0.0,130873802.0,0.006666666666666667,1.0
ur5e,ranged_ik_positive_range,7c6de0d7e98b54de6691deb31ba612f80e6810d173be397d5d1ee146b99c414c,near_singular,1,0.0,0.0,88017618.0,0.04666666666666667,7.0
ur5e,ranged_ik_positive_range,7d96c3585744404eff100c547869dec91c306430c511caab63b98e13eefdd11f,near_singular,1,0.0,0.0,72680520.0,0.02666666666666667,4.0
ur5e,ranged_ik_positive_range,7f5ebcc3a7dd05c6aa128582c810a97d5a985e3a85b443fd95a19ae73206f4a9,smooth,1,0.0,0.0,74661154.0,0.006666666666666667,1.0
ur5e,ranged_ik_positive_range,846e7425da40c823386207a60367227d218b81bbcc434d1c47bc8f330113fc0b,high_curvature,1,0.0,0.0,82744937.0,0.006666666666666667,1.0
ur5e,ranged_ik_positive_range,8a64e0cfc729fa478ee19dba9e90153ceacdb34539529604530f865bf8589afc,high_curvature,1,0.0,0.0,84243966.0,0.0033333333333333335,1.0
ur5e,ranged_ik_positive_range,8d91a4fe0b8d4d1641dc4a39e3a5b989b3ec6661bec992b7f36cbd14a34bed0e,joint_limit_return,1,0.0,0.0,79816831.0,0.006666666666666667,1.0
ur5e,ranged_ik_positive_range,8f36afdece6d46ce485c6d67d38132dd7d905fa079154901c008d62a557f85d8,joint_limit_return,1,0.0,0.0,78986220.0,0.006666666666666667,1.0
ur5e,ranged_ik_positive_range,951f6b92c0972c1886df2bb44fd7e2270b5f7645c6f518e25d3b65f938d2bdb1,high_curvature,1,0.0,0.0,67873863.0,0.006666666666666667,1.0
ur5e,ranged_ik_positive_range,957a78a49068090588fba121c84b2f801021c8a39737d131f39e7b83452b7543,near_singular,1,0.0,0.0,75044697.0,0.03333333333333333,5.0
ur5e,ranged_ik_positive_range,96836fc8a70262a4991bd2f73b692e2637c8e17558d95a9c5759acba7c9568ed,smooth,1,0.0,0.0,79794701.0,0.006666666666666667,1.0
ur5e,ranged_ik_positive_range,995c2e82bea0bb1c56ecf9912644a5c7dbf80b1bf4eba5b61c0d5fc8ed25c7f1,joint_limit_return,1,0.0,0.0,77530096.0,0.006666666666666667,1.0
ur5e,ranged_ik_positive_range,9e46e7c267a4e55cba49f752a8f6edd88531596dd47dc50639aa6bfdfb0645ab,high_curvature,1,0.0,0.0,80481081.0,0.006666666666666667,1.0
ur5e,ranged_ik_positive_range,9f170fe24411afe5c16131e1833bc9557a15f1081b967e6419c1fe427ffd128b,near_singular,1,0.0,0.0,79370396.0,0.05333333333333334,8.0
ur5e,ranged_ik_positive_range,9f91638b2c37d68e6c31f8ef111def25ec1ddc298eb86f82607a38aa0697979e,near_singular,1,0.0,0.0,73380498.0,0.02666666666666667,4.0
ur5e,ranged_ik_positive_range,a0ae96317edd6e3e06a288ce06f94b4e0c30f8367ed7a6d60e95732b0de8a986,smooth,1,0.0,0.0,73575685.0,0.006666666666666667,1.0
ur5e,ranged_ik_positive_range,a16c34cba3d41b078a7677d5d70a6c4580eb744fc514df526993e103152199a3,near_singular,1,0.0,0.0,74376555.0,0.03,5.0
ur5e,ranged_ik_positive_range,a31069931d4162bfb1926ff775b4da35f8e139f2d51b4ded038f1f9a6a8a8ac9,smooth,1,0.0,0.0,75555901.0,0.006666666666666667,1.0
ur5e,ranged_ik_positive_range,a66d65f0e12234ccfb9a1594e80eff041ce362a7cc0ab20c1393d8e9ab0ea99b,smooth,1,0.0,0.0,74061906.0,0.006666666666666667,1.0
ur5e,ranged_ik_positive_range,a9970c1d28764e3351f1617b34728d90521f9230450a72dbb9072868ce4d0a9c,joint_limit_return,1,0.0,0.0,77361978.0,0.006666666666666667,1.0
ur5e,ranged_ik_positive_range,ab670337d449cfa28300609dc63289cfa5f5284b012423b03d3d858b4910030c,near_singular,1,0.0,0.0,72624742.0,0.02666666666666667,5.0
ur5e,ranged_ik_positive_range,ad0ea16c5c29c961b263bc522a3f10581a1228fb7e2407bdaec35ef95a872bce,high_curvature,1,0.0,0.0,86074390.0,0.006666666666666667,1.0
ur5e,ranged_ik_positive_range,adac333a20ce2efc7fe558d875acc835e0dd10d7080047fb652571939fa89662,smooth,1,0.0,0.0,73734258.0,0.006666666666666667,1.0
ur5e,ranged_ik_positive_range,ae485f23758e23a4eb350b9bcf01d74ddd74d1402409394a9319922e5a1b7b96,high_curvature,1,0.0,0.0,77240147.0,0.006666666666666667,1.0
ur5e,ranged_ik_positive_range,bfd6ed96964e141311a776bdfdb16545786f0f59c8471531a827315c21fe51fd,high_curvature,1,0.0,0.0,82120242.0,0.006666666666666667,1.0
ur5e,ranged_ik_positive_range,c8c426e707d06e3dd626979b1a3ab6d3f6ec84e5a30cf753c257d4e61246deb6,smooth,1,0.0,0.0,77659690.0,0.006666666666666667,1.0
ur5e,ranged_ik_positive_range,caae11886ce5455ed9918bfe7dd031530d925d80f15a6331b694139013033ab4,smooth,1,0.0,0.0,79861069.0,0.01,1.0
ur5e,ranged_ik_positive_range,cf3353a57e1852f2ffd6f42434730827c5b7481320dd03a60b08dd59eab30aac,near_singular,1,0.0,0.0,78220043.0,0.02,3.0
ur5e,ranged_ik_positive_range,cfe9fd796d287f6226b998dec27c940e9dc5e8b3d27a7038f16c825505a1d729,near_singular,1,0.0,0.0,76111783.0,0.03333333333333333,5.0
ur5e,ranged_ik_positive_range,d3602ab2fa9ef3f6352e4d3be23bd068896f7ca8f70ba3278a96146e30627a91,high_curvature,1,0.0,0.0,126247668.0,0.006666666666666667,1.0
ur5e,ranged_ik_positive_range,d4f695cddecb3cff73fb1982c70b0d4b71a8f3aa4c0d8aff0a9ac934c78aa876,near_singular,1,0.0,0.0,72506466.0,0.03666666666666667,6.0
ur5e,ranged_ik_positive_range,d89ed299720b27935e7c1ac7678ea12fac2ba8f90183be77cffdc05dddc5c8f1,joint_limit_return,1,0.0,0.0,78508723.0,0.006666666666666667,1.0
ur5e,ranged_ik_positive_range,d99a28055a1a2e5f87d318d103aa53499976f9708dcd2e09d3b626961e119708,near_singular,1,0.0,0.0,80464672.0,0.043333333333333335,7.0
ur5e,ranged_ik_positive_range,dd2bb4eb555d25f978b91d0beb11c6169f0858c2cef12b9602bafd9ef420063a,near_singular,1,0.0,0.0,84121041.0,0.06333333333333334,8.0
ur5e,ranged_ik_positive_range,dedb115d2f947687d7e8605818e49ad645bd5ec0511767ebb40d29cf2af281ca,high_curvature,1,0.0,0.0,76156896.0,0.006666666666666667,1.0
ur5e,ranged_ik_positive_range,e20b2e30572c01e2bc24d3d15c33d5dfce37fcc54612aad6e041ba257e561c4b,smooth,1,0.0,0.0,81502663.0,0.006666666666666667,1.0
ur5e,ranged_ik_positive_range,e4063494fe3e2ba5fb84e32ac7016b07ab757d9a61b080ae3ab9673f4fcac49d,near_singular,1,0.0,0.0,76140659.0,0.03,6.0
ur5e,ranged_ik_positive_range,e5e35a9ab8f4a15285a661194c7d8b8bef6b071a9f52f1ce70194ad8203f88ff,joint_limit_return,1,0.0,0.0,79168827.0,0.006666666666666667,1.0
ur5e,ranged_ik_positive_range,e7d7aad5cd92879de7ae9d69e0fd1dfeaa3188afa9bd940a7e50085e12a5e2e0,high_curvature,1,0.0,0.0,66299458.0,0.0033333333333333335,1.0
ur5e,ranged_ik_positive_range,e7f18499dedb9f1bb9ea59573ded1fb8ed9f04739eb258b62fab02514270946f,joint_limit_return,1,0.0,0.0,77745015.0,0.006666666666666667,1.0
ur5e,ranged_ik_positive_range,e8e4252304e3d6a0ffcf72a9cba69ceeb3fa92a16dba96d8a5208497a5b7ecaf,smooth,1,0.0,0.0,75529189.0,0.006666666666666667,1.0
ur5e,ranged_ik_positive_range,e97075e08424a5d81e2d3fff64d991f105231a9f0c660668e9a9a24410ea7f15,joint_limit_return,1,0.0,0.0,74176322.0,0.006666666666666667,1.0
ur5e,ranged_ik_positive_range,f2ac6c84c49f8477d22025f943227ddb3d767d4c2190c436436c9bef5cbb3613,smooth,1,0.0,0.0,129791549.0,0.006666666666666667,1.0
ur5e,ranged_ik_positive_range,f31b80dd772e123d8974cf8fe5c9401354a94c27631ba66eeb710b45638f4e74,near_singular,1,0.0,0.0,74336425.0,0.02,3.0
ur5e,ranged_ik_positive_range,fdee4111ad1c8b82272d9d9fe8b0c147a9da41255b7b66020b6d6e7c827aca21,joint_limit_return,1,0.0,0.0,79522138.0,0.006666666666666667,1.0
ur5e,ranged_ik_upstream,03220c51c45c68b3946b1c6a58e6a287ca5920e760cc8bfd312b376027c704c9,high_curvature,1,0.0,0.0,90097420.0,0.006666666666666667,1.0
ur5e,ranged_ik_upstream,047ff9b1792fd70f59836c5acd8e94179c6c0996c44fb4e8017e82ffb1220eff,smooth,1,0.0,0.0,82075182.0,0.01,1.0
ur5e,ranged_ik_upstream,065722086d7bd37936f96d2b8fbabfb0336d4573600e0b578b3790fbf38312ef,joint_limit_return,1,0.0,0.0,85913367.0,0.006666666666666667,1.0
ur5e,ranged_ik_upstream,07632fc2ef1ac4d0273b315d2512571e01f9fc5646798ee1831ca44ebf0ae726,joint_limit_return,1,0.0,0.0,86068012.0,0.006666666666666667,1.0
ur5e,ranged_ik_upstream,0834b069a71589840b5b8745510b565735165b70e1e1ae1c594c3cf04b22bbec,high_curvature,1,0.0,0.0,97059756.0,0.006666666666666667,1.0
ur5e,ranged_ik_upstream,09c7242f6d648ae161cb89525291352c9a690ed046b115a357ea728f9a0e2d1c,near_singular,1,0.0,0.0,89789259.0,0.0,0.0
ur5e,ranged_ik_upstream,0a3eaa0fc663edf978743281318c79f0781d6d3dd388a9337692ca1c1e997a48,smooth,1,0.0,0.0,84965365.0,0.05333333333333334,15.0
ur5e,ranged_ik_upstream,0c58584b5b3c829309c4f73f6f87406a63c187d8774b64bf8033c01c9a4a333a,joint_limit_return,1,0.0,0.0,81497427.0,0.006666666666666667,1.0
ur5e,ranged_ik_upstream,0ca2daf0e1af59f47f3e4731bbc39e65d4601fa4e75079212580eb87450d5ed6,near_singular,1,0.0,0.0,87310175.0,0.07333333333333333,11.0
ur5e,ranged_ik_upstream,112413a5625ea54f25707eda080b3665650a6a3a6b09d9f912b70a953c85bff5,high_curvature,1,0.0,0.0,86008271.0,0.006666666666666667,1.0
ur5e,ranged_ik_upstream,156281369f56972f3cc79c8adeaf13693e8d1d3614a5b93a1d41394ebea661b1,smooth,1,0.0,0.0,84406286.0,0.01,1.0
ur5e,ranged_ik_upstream,20c30181c70a2179fc2eef710e2ee3d3e92ae37e61ab28f71c5d49bca563dd94,high_curvature,1,0.0,0.0,97087031.0,0.006666666666666667,1.0
ur5e,ranged_ik_upstream,26755c1053800ba90ecbc0ca8a524cf426cbf2521e5a3f76149b2d9a46090c20,high_curvature,1,0.0,0.0,101133598.0,0.006666666666666667,1.0
ur5e,ranged_ik_upstream,371fcf8223ae792b7c581939baf8d591a3be348894ca665707d1277f30f84e7c,smooth,1,0.0,0.0,84740554.0,0.006666666666666667,1.0
ur5e,ranged_ik_upstream,396e8c49d721d524724f0db4b4c7e2aa976f5d69962ed7574fe033ec1ca1d7b6,joint_limit_return,1,0.0,0.0,104951752.0,0.006666666666666667,1.0
ur5e,ranged_ik_upstream,3c48bee65fd028382bc8d4438caab308fed0a75784712fb52462aa338f01a717,smooth,1,0.0,0.0,87708089.0,0.02666666666666667,7.0
ur5e,ranged_ik_upstream,3d3e8777dd7658c89e371201687fa308c1e8539b0c18c73653cd9e545001662a,joint_limit_return,1,0.0,0.0,87300289.0,0.006666666666666667,1.0
ur5e,ranged_ik_upstream,40c22e59afe2e2732385ec573ee2b919ef2c9d2bc9812855826d5c20c8d11ef2,joint_limit_return,1,0.0,0.0,86046161.0,0.006666666666666667,1.0
ur5e,ranged_ik_upstream,43bf4420c1e0b5f6e09b2166f2544a1ef3bd41fdf66e58437ea6c55797af37ba,high_curvature,1,0.0,0.0,85686480.0,0.006666666666666667,1.0
ur5e,ranged_ik_upstream,45667ba46a3792a98522be1a4e99a1eac6800fc565ccf06dbfadc44b3e42e896,near_singular,1,0.0,0.0,86278181.0,0.06666666666666667,10.0
ur5e,ranged_ik_upstream,4aa1fc8c3baf8a8410efafa33906592e43faa741829fe4494d9a4efa7267ff11,near_singular,1,0.0,0.0,71863044.0,0.25333333333333335,38.0
ur5e,ranged_ik_upstream,4dd9897266979bca32e77a65503c0f736b1dc01e03d7d42348f84835e6fb5821,high_curvature,1,0.0,0.0,93733038.0,0.013333333333333334,3.0
ur5e,ranged_ik_upstream,50870e6b3cc46c10abec4a9c6f0a4e4b26d2f883974e3b7f89ef885a772d11a7,smooth,1,0.0,0.0,94418365.0,0.006666666666666667,1.0
ur5e,ranged_ik_upstream,535e411e2be14117e8462d301cab971b16ff016ae97aef26607ab2fab7d44eb2,near_singular,1,0.0,0.0,85217085.0,0.06666666666666667,10.0
ur5e,ranged_ik_upstream,54c1b930bca297748cff12faa8365e3bd1e8093c287c6f4d27d9098fc0436a15,high_curvature,1,0.0,0.0,109826364.0,0.006666666666666667,1.0
ur5e,ranged_ik_upstream,59197c0ae06c6324ed1e4e3196698ea47f38a7e246f7dc62ca63d784d4a6b1d2,joint_limit_return,1,0.0,0.0,75078022.0,0.013333333333333334,4.0
ur5e,ranged_ik_upstream,5c749908cf2548e3c1f49a72f300fbafa3441dc10e0f0e3775b9966b6e577144,smooth,1,0.0,0.0,85214119.0,0.013333333333333334,1.0
ur5e,ranged_ik_upstream,5f53147d951a4da9fa2fb0656eeb83510662587fa29793f65f93b6053bc5df6a,high_curvature,1,0.0,0.0,89128617.0,0.006666666666666667,1.0
ur5e,ranged_ik_upstream,5fbc771d65fd2993ce9852efd272613340d15e602ff9caa14ee5a15d489c73d3,high_curvature,1,0.0,0.0,95491096.0,0.006666666666666667,1.0
ur5e,ranged_ik_upstream,662447a710b91b860b9638360646772b7ce950d3d0173e43e8af49f490a4af0b,joint_limit_return,1,0.0,0.0,86416629.0,0.006666666666666667,1.0
ur5e,ranged_ik_upstream,6c3d4c092a0b5f0da7732ab5e840679bdf272f596aa8e02c36a4aef984221185,smooth,1,0.0,0.0,76834258.0,0.013333333333333334,1.0
ur5e,ranged_ik_upstream,7374a8fbab8c0781b1e3efc0df05667635b2ee6d0e2b0f8ae2add58cfad63e49,smooth,1,0.0,0.0,77613008.0,0.006666666666666667,1.0
ur5e,ranged_ik_upstream,74f13d1861b4dbbe24928ee15b41f22b80ee33a15a78a03a9dca9d56e33272be,near_singular,1,0.0,0.0,79836952.0,0.06,9.0
ur5e,ranged_ik_upstream,7a33330dc10cc8fd4413889a735cf23a6a5aeb9da4d084b6757bf53b43b5a481,joint_limit_return,1,0.0,0.0,99611464.0,0.013333333333333334,4.0
ur5e,ranged_ik_upstream,7c02ce4e4242366f17d3f770fe617737725ac15093928bb658e06b7ce307c3bf,joint_limit_return,1,0.0,0.0,85874502.0,0.09,5.0
ur5e,ranged_ik_upstream,7c0d967685e188ec84904c5683c07dd2b3deb41c1dc6549c62e52023c4eba4ce,joint_limit_return,1,0.0,0.0,86380411.0,0.03,9.0
ur5e,ranged_ik_upstream,7c6de0d7e98b54de6691deb31ba612f80e6810d173be397d5d1ee146b99c414c,near_singular,1,0.0,0.0,85729596.0,0.07333333333333333,11.0
ur5e,ranged_ik_upstream,7d96c3585744404eff100c547869dec91c306430c511caab63b98e13eefdd11f,near_singular,1,0.0,0.0,82601459.0,0.07333333333333333,11.0
ur5e,ranged_ik_upstream,7f5ebcc3a7dd05c6aa128582c810a97d5a985e3a85b443fd95a19ae73206f4a9,smooth,1,0.0,0.0,77308131.0,0.03333333333333333,9.0
ur5e,ranged_ik_upstream,846e7425da40c823386207a60367227d218b81bbcc434d1c47bc8f330113fc0b,high_curvature,1,0.0,0.0,90291338.0,0.006666666666666667,1.0
ur5e,ranged_ik_upstream,8a64e0cfc729fa478ee19dba9e90153ceacdb34539529604530f865bf8589afc,high_curvature,1,0.0,0.0,92316433.0,0.006666666666666667,1.0
ur5e,ranged_ik_upstream,8d91a4fe0b8d4d1641dc4a39e3a5b989b3ec6661bec992b7f36cbd14a34bed0e,joint_limit_return,1,0.0,0.0,92287685.0,0.006666666666666667,1.0
ur5e,ranged_ik_upstream,8f36afdece6d46ce485c6d67d38132dd7d905fa079154901c008d62a557f85d8,joint_limit_return,1,0.0,0.0,83404906.0,0.01,2.0
ur5e,ranged_ik_upstream,951f6b92c0972c1886df2bb44fd7e2270b5f7645c6f518e25d3b65f938d2bdb1,high_curvature,1,0.0,0.0,121307099.0,0.006666666666666667,1.0
ur5e,ranged_ik_upstream,957a78a49068090588fba121c84b2f801021c8a39737d131f39e7b83452b7543,near_singular,1,0.0,0.0,84647902.0,0.05333333333333334,8.0
ur5e,ranged_ik_upstream,96836fc8a70262a4991bd2f73b692e2637c8e17558d95a9c5759acba7c9568ed,smooth,1,0.0,0.0,110361410.0,0.013333333333333334,1.0
ur5e,ranged_ik_upstream,995c2e82bea0bb1c56ecf9912644a5c7dbf80b1bf4eba5b61c0d5fc8ed25c7f1,joint_limit_return,1,0.0,0.0,96436626.0,0.006666666666666667,1.0
ur5e,ranged_ik_upstream,9e46e7c267a4e55cba49f752a8f6edd88531596dd47dc50639aa6bfdfb0645ab,high_curvature,1,0.0,0.0,82137126.0,0.006666666666666667,1.0
ur5e,ranged_ik_upstream,9f170fe24411afe5c16131e1833bc9557a15f1081b967e6419c1fe427ffd128b,near_singular,1,0.0,0.0,83538114.0,0.3933333333333333,59.0
ur5e,ranged_ik_upstream,9f91638b2c37d68e6c31f8ef111def25ec1ddc298eb86f82607a38aa0697979e,near_singular,1,0.0,0.0,77342289.0,0.06666666666666667,10.0
ur5e,ranged_ik_upstream,a0ae96317edd6e3e06a288ce06f94b4e0c30f8367ed7a6d60e95732b0de8a986,smooth,1,0.0,0.0,79370964.0,0.006666666666666667,1.0
ur5e,ranged_ik_upstream,a16c34cba3d41b078a7677d5d70a6c4580eb744fc514df526993e103152199a3,near_singular,1,0.0,0.0,72758262.0,0.05333333333333334,8.0
ur5e,ranged_ik_upstream,a31069931d4162bfb1926ff775b4da35f8e139f2d51b4ded038f1f9a6a8a8ac9,smooth,1,0.0,0.0,87393877.0,0.02,3.0
ur5e,ranged_ik_upstream,a66d65f0e12234ccfb9a1594e80eff041ce362a7cc0ab20c1393d8e9ab0ea99b,smooth,1,0.0,0.0,80522004.0,0.01,1.0
ur5e,ranged_ik_upstream,a9970c1d28764e3351f1617b34728d90521f9230450a72dbb9072868ce4d0a9c,joint_limit_return,1,0.0,0.0,85587744.0,0.006666666666666667,1.0
ur5e,ranged_ik_upstream,ab670337d449cfa28300609dc63289cfa5f5284b012423b03d3d858b4910030c,near_singular,1,0.0,0.0,76545555.0,0.06,9.0
ur5e,ranged_ik_upstream,ad0ea16c5c29c961b263bc522a3f10581a1228fb7e2407bdaec35ef95a872bce,high_curvature,1,0.0,0.0,110793581.0,0.03666666666666667,9.0
ur5e,ranged_ik_upstream,adac333a20ce2efc7fe558d875acc835e0dd10d7080047fb652571939fa89662,smooth,1,0.0,0.0,89040189.0,0.006666666666666667,1.0
ur5e,ranged_ik_upstream,ae485f23758e23a4eb350b9bcf01d74ddd74d1402409394a9319922e5a1b7b96,high_curvature,1,0.0,0.0,95326449.0,0.006666666666666667,1.0
ur5e,ranged_ik_upstream,bfd6ed96964e141311a776bdfdb16545786f0f59c8471531a827315c21fe51fd,high_curvature,1,0.0,0.0,90942479.0,0.006666666666666667,1.0
ur5e,ranged_ik_upstream,c8c426e707d06e3dd626979b1a3ab6d3f6ec84e5a30cf753c257d4e61246deb6,smooth,1,0.0,0.0,95178125.0,0.013333333333333334,2.0
ur5e,ranged_ik_upstream,caae11886ce5455ed9918bfe7dd031530d925d80f15a6331b694139013033ab4,smooth,1,0.0,0.0,89804642.0,0.03,6.0
ur5e,ranged_ik_upstream,cf3353a57e1852f2ffd6f42434730827c5b7481320dd03a60b08dd59eab30aac,near_singular,1,0.0,0.0,76919061.0,0.06,9.0
ur5e,ranged_ik_upstream,cfe9fd796d287f6226b998dec27c940e9dc5e8b3d27a7038f16c825505a1d729,near_singular,1,0.0,0.0,83873956.0,0.10666666666666667,16.0
ur5e,ranged_ik_upstream,d3602ab2fa9ef3f6352e4d3be23bd068896f7ca8f70ba3278a96146e30627a91,high_curvature,1,0.0,0.0,105888834.0,0.006666666666666667,1.0
ur5e,ranged_ik_upstream,d4f695cddecb3cff73fb1982c70b0d4b71a8f3aa4c0d8aff0a9ac934c78aa876,near_singular,1,0.0,0.0,80602176.0,0.12,18.0
ur5e,ranged_ik_upstream,d89ed299720b27935e7c1ac7678ea12fac2ba8f90183be77cffdc05dddc5c8f1,joint_limit_return,1,0.0,0.0,83382296.0,0.006666666666666667,1.0
ur5e,ranged_ik_upstream,d99a28055a1a2e5f87d318d103aa53499976f9708dcd2e09d3b626961e119708,near_singular,1,0.0,0.0,84809283.0,0.0033333333333333335,1.0
ur5e,ranged_ik_upstream,dd2bb4eb555d25f978b91d0beb11c6169f0858c2cef12b9602bafd9ef420063a,near_singular,1,0.0,0.0,74009141.0,0.013333333333333334,0.0
ur5e,ranged_ik_upstream,dedb115d2f947687d7e8605818e49ad645bd5ec0511767ebb40d29cf2af281ca,high_curvature,1,0.0,0.0,103398132.0,0.006666666666666667,1.0
ur5e,ranged_ik_upstream,e20b2e30572c01e2bc24d3d15c33d5dfce37fcc54612aad6e041ba257e561c4b,smooth,1,0.0,0.0,82781928.0,0.01,1.0
ur5e,ranged_ik_upstream,e4063494fe3e2ba5fb84e32ac7016b07ab757d9a61b080ae3ab9673f4fcac49d,near_singular,1,0.0,0.0,79507638.0,0.12333333333333334,36.0
ur5e,ranged_ik_upstream,e5e35a9ab8f4a15285a661194c7d8b8bef6b071a9f52f1ce70194ad8203f88ff,joint_limit_return,1,0.0,0.0,91502597.0,0.01,1.0
ur5e,ranged_ik_upstream,e7d7aad5cd92879de7ae9d69e0fd1dfeaa3188afa9bd940a7e50085e12a5e2e0,high_curvature,1,0.0,0.0,79772013.0,0.0033333333333333335,1.0
ur5e,ranged_ik_upstream,e7f18499dedb9f1bb9ea59573ded1fb8ed9f04739eb258b62fab02514270946f,joint_limit_return,1,0.0,0.0,82736073.0,0.016666666666666666,5.0
ur5e,ranged_ik_upstream,e8e4252304e3d6a0ffcf72a9cba69ceeb3fa92a16dba96d8a5208497a5b7ecaf,smooth,1,0.0,0.0,136591052.0,0.006666666666666667,1.0
ur5e,ranged_ik_upstream,e97075e08424a5d81e2d3fff64d991f105231a9f0c660668e9a9a24410ea7f15,joint_limit_return,1,0.0,0.0,77135470.0,0.006666666666666667,1.0
ur5e,ranged_ik_upstream,f2ac6c84c49f8477d22025f943227ddb3d767d4c2190c436436c9bef5cbb3613,smooth,1,0.0,0.0,79683146.0,0.006666666666666667,1.0
ur5e,ranged_ik_upstream,f31b80dd772e123d8974cf8fe5c9401354a94c27631ba66eeb710b45638f4e74,near_singular,1,0.0,0.0,77431708.0,0.08,12.0
ur5e,ranged_ik_upstream,fdee4111ad1c8b82272d9d9fe8b0c147a9da41255b7b66020b6d6e7c827aca21,joint_limit_return,1,0.0,0.0,94503729.0,0.006666666666666667,1.0
ur5e,single_step_reserve,03220c51c45c68b3946b1c6a58e6a287ca5920e760cc8bfd312b376027c704c9,high_curvature,3,1.0,1.0,1136198982.0,1.0,300.0
ur5e,single_step_reserve,047ff9b1792fd70f59836c5acd8e94179c6c0996c44fb4e8017e82ffb1220eff,smooth,3,0.0,0.0,1722207984.3333333,0.12666666666666668,32.0
ur5e,single_step_reserve,065722086d7bd37936f96d2b8fbabfb0336d4573600e0b578b3790fbf38312ef,joint_limit_return,3,0.0,0.0,1698720008.0,0.44,132.0
ur5e,single_step_reserve,07632fc2ef1ac4d0273b315d2512571e01f9fc5646798ee1831ca44ebf0ae726,joint_limit_return,3,0.0,0.0,1215717104.6666667,0.918888888888889,275.6666666666667
ur5e,single_step_reserve,0834b069a71589840b5b8745510b565735165b70e1e1ae1c594c3cf04b22bbec,high_curvature,3,0.0,0.0,1394793148.6666667,0.6344444444444445,180.0
ur5e,single_step_reserve,09c7242f6d648ae161cb89525291352c9a690ed046b115a357ea728f9a0e2d1c,near_singular,3,0.0,0.0,1548005602.6666667,0.54,81.0
ur5e,single_step_reserve,0a3eaa0fc663edf978743281318c79f0781d6d3dd388a9337692ca1c1e997a48,smooth,3,1.0,0.6666666666666666,1148995130.6666667,1.0,300.0
ur5e,single_step_reserve,0c58584b5b3c829309c4f73f6f87406a63c187d8774b64bf8033c01c9a4a333a,joint_limit_return,3,0.0,0.0,1770739069.0,0.03333333333333333,10.0
ur5e,single_step_reserve,0ca2daf0e1af59f47f3e4731bbc39e65d4601fa4e75079212580eb87450d5ed6,near_singular,3,0.0,0.0,1493422547.3333333,0.5133333333333333,77.0
ur5e,single_step_reserve,112413a5625ea54f25707eda080b3665650a6a3a6b09d9f912b70a953c85bff5,high_curvature,3,1.0,0.6666666666666666,1150005264.0,1.0,300.0
ur5e,single_step_reserve,156281369f56972f3cc79c8adeaf13693e8d1d3614a5b93a1d41394ebea661b1,smooth,3,1.0,1.0,1150600287.3333333,1.0,300.0
ur5e,single_step_reserve,20c30181c70a2179fc2eef710e2ee3d3e92ae37e61ab28f71c5d49bca563dd94,high_curvature,3,0.3333333333333333,0.3333333333333333,1180717994.0,0.9566666666666667,223.0
ur5e,single_step_reserve,26755c1053800ba90ecbc0ca8a524cf426cbf2521e5a3f76149b2d9a46090c20,high_curvature,3,0.3333333333333333,0.3333333333333333,1310765981.3333333,0.73,219.0
ur5e,single_step_reserve,371fcf8223ae792b7c581939baf8d591a3be348894ca665707d1277f30f84e7c,smooth,3,1.0,1.0,1149276957.3333333,1.0,300.0
ur5e,single_step_reserve,396e8c49d721d524724f0db4b4c7e2aa976f5d69962ed7574fe033ec1ca1d7b6,joint_limit_return,3,0.0,0.0,1779553453.3333333,0.02666666666666667,8.0
ur5e,single_step_reserve,3c48bee65fd028382bc8d4438caab308fed0a75784712fb52462aa338f01a717,smooth,3,1.0,0.6666666666666666,1164837004.3333333,1.0,300.0
ur5e,single_step_reserve,3d3e8777dd7658c89e371201687fa308c1e8539b0c18c73653cd9e545001662a,joint_limit_return,3,1.0,1.0,1150702966.0,1.0,300.0
ur5e,single_step_reserve,40c22e59afe2e2732385ec573ee2b919ef2c9d2bc9812855826d5c20c8d11ef2,joint_limit_return,3,1.0,1.0,1129206524.3333333,1.0,300.0
ur5e,single_step_reserve,43bf4420c1e0b5f6e09b2166f2544a1ef3bd41fdf66e58437ea6c55797af37ba,high_curvature,3,0.0,0.0,1566552108.3333333,0.3466666666666667,104.0
ur5e,single_step_reserve,45667ba46a3792a98522be1a4e99a1eac6800fc565ccf06dbfadc44b3e42e896,near_singular,3,0.0,0.0,1449881684.3333333,0.5644444444444444,84.66666666666667
ur5e,single_step_reserve,4aa1fc8c3baf8a8410efafa33906592e43faa741829fe4494d9a4efa7267ff11,near_singular,3,0.0,0.0,1417707964.6666667,0.6133333333333333,92.0
ur5e,single_step_reserve,4dd9897266979bca32e77a65503c0f736b1dc01e03d7d42348f84835e6fb5821,high_curvature,3,0.0,0.0,1303520372.3333333,0.7477777777777778,100.0
ur5e,single_step_reserve,50870e6b3cc46c10abec4a9c6f0a4e4b26d2f883974e3b7f89ef885a772d11a7,smooth,3,1.0,1.0,1147719978.0,1.0,300.0
ur5e,single_step_reserve,535e411e2be14117e8462d301cab971b16ff016ae97aef26607ab2fab7d44eb2,near_singular,3,0.0,0.0,1482328218.3333333,0.5177777777777778,120.0
ur5e,single_step_reserve,54c1b930bca297748cff12faa8365e3bd1e8093c287c6f4d27d9098fc0436a15,high_curvature,3,0.0,0.0,1699744820.3333333,0.2833333333333333,76.0
ur5e,single_step_reserve,59197c0ae06c6324ed1e4e3196698ea47f38a7e246f7dc62ca63d784d4a6b1d2,joint_limit_return,3,0.0,0.0,1657986707.3333333,0.24666666666666667,70.0
ur5e,single_step_reserve,5c749908cf2548e3c1f49a72f300fbafa3441dc10e0f0e3775b9966b6e577144,smooth,3,0.0,0.0,1646390764.3333333,0.33888888888888885,98.0
ur5e,single_step_reserve,5f53147d951a4da9fa2fb0656eeb83510662587fa29793f65f93b6053bc5df6a,high_curvature,3,0.6666666666666666,0.6666666666666666,1142946265.3333333,0.9811111111111112,233.66666666666666
ur5e,single_step_reserve,5fbc771d65fd2993ce9852efd272613340d15e602ff9caa14ee5a15d489c73d3,high_curvature,3,0.0,0.0,1426677006.6666667,0.611111111111111,180.33333333333334
ur5e,single_step_reserve,662447a710b91b860b9638360646772b7ce950d3d0173e43e8af49f490a4af0b,joint_limit_return,3,0.0,0.0,1778283237.6666667,0.02,6.0
ur5e,single_step_reserve,6c3d4c092a0b5f0da7732ab5e840679bdf272f596aa8e02c36a4aef984221185,smooth,3,0.0,0.0,1522143667.6666667,0.44333333333333336,128.0
ur5e,single_step_reserve,7374a8fbab8c0781b1e3efc0df05667635b2ee6d0e2b0f8ae2add58cfad63e49,smooth,3,0.0,0.0,1767356223.3333333,0.19444444444444445,54.0
ur5e,single_step_reserve,74f13d1861b4dbbe24928ee15b41f22b80ee33a15a78a03a9dca9d56e33272be,near_singular,3,1.0,1.0,1455643284.0,1.0,300.0
ur5e,single_step_reserve,7a33330dc10cc8fd4413889a735cf23a6a5aeb9da4d084b6757bf53b43b5a481,joint_limit_return,3,0.0,0.0,1747340325.0,0.10333333333333333,31.0
ur5e,single_step_reserve,7c02ce4e4242366f17d3f770fe617737725ac15093928bb658e06b7ce307c3bf,joint_limit_return,3,0.0,0.0,1726858238.3333333,0.09444444444444444,28.333333333333332
ur5e,single_step_reserve,7c0d967685e188ec84904c5683c07dd2b3deb41c1dc6549c62e52023c4eba4ce,joint_limit_return,3,0.0,0.0,1553812706.3333333,0.43,129.0
ur5e,single_step_reserve,7c6de0d7e98b54de6691deb31ba612f80e6810d173be397d5d1ee146b99c414c,near_singular,3,1.0,1.0,1215509158.6666667,1.0,300.0
ur5e,single_step_reserve,7d96c3585744404eff100c547869dec91c306430c511caab63b98e13eefdd11f,near_singular,3,0.0,0.0,1542855139.0,0.4666666666666666,70.0
ur5e,single_step_reserve,7f5ebcc3a7dd05c6aa128582c810a97d5a985e3a85b443fd95a19ae73206f4a9,smooth,3,0.0,0.0,1735022914.0,0.1111111111111111,27.333333333333332
ur5e,single_step_reserve,846e7425da40c823386207a60367227d218b81bbcc434d1c47bc8f330113fc0b,high_curvature,3,1.0,1.0,1138620669.6666667,1.0,300.0
ur5e,single_step_reserve,8a64e0cfc729fa478ee19dba9e90153ceacdb34539529604530f865bf8589afc,high_curvature,3,0.0,0.0,1649940633.0,0.2833333333333333,76.0
ur5e,single_step_reserve,8d91a4fe0b8d4d1641dc4a39e3a5b989b3ec6661bec992b7f36cbd14a34bed0e,joint_limit_return,3,0.0,0.0,1475525626.0,0.5077777777777778,152.33333333333334
ur5e,single_step_reserve,8f36afdece6d46ce485c6d67d38132dd7d905fa079154901c008d62a557f85d8,joint_limit_return,3,1.0,1.0,1135841163.6666667,1.0,300.0
ur5e,single_step_reserve,951f6b92c0972c1886df2bb44fd7e2270b5f7645c6f518e25d3b65f938d2bdb1,high_curvature,3,0.0,0.0,1391047067.0,0.6522222222222223,119.66666666666667
ur5e,single_step_reserve,957a78a49068090588fba121c84b2f801021c8a39737d131f39e7b83452b7543,near_singular,3,0.0,0.0,1532340250.0,0.79,237.0
ur5e,single_step_reserve,96836fc8a70262a4991bd2f73b692e2637c8e17558d95a9c5759acba7c9568ed,smooth,3,1.0,1.0,1136346142.6666667,1.0,300.0
ur5e,single_step_reserve,995c2e82bea0bb1c56ecf9912644a5c7dbf80b1bf4eba5b61c0d5fc8ed25c7f1,joint_limit_return,3,0.0,0.0,1330146364.0,0.73,219.0
ur5e,single_step_reserve,9e46e7c267a4e55cba49f752a8f6edd88531596dd47dc50639aa6bfdfb0645ab,high_curvature,3,0.0,0.0,1677185930.3333333,0.20666666666666667,62.0
ur5e,single_step_reserve,9f170fe24411afe5c16131e1833bc9557a15f1081b967e6419c1fe427ffd128b,near_singular,3,0.0,0.0,1446950704.3333333,0.54,81.0
ur5e,single_step_reserve,9f91638b2c37d68e6c31f8ef111def25ec1ddc298eb86f82607a38aa0697979e,near_singular,3,1.0,1.0,1305808228.3333333,1.0,300.0
ur5e,single_step_reserve,a0ae96317edd6e3e06a288ce06f94b4e0c30f8367ed7a6d60e95732b0de8a986,smooth,3,1.0,1.0,1167459555.6666667,1.0,300.0
ur5e,single_step_reserve,a16c34cba3d41b078a7677d5d70a6c4580eb744fc514df526993e103152199a3,near_singular,3,0.0,0.0,1607122641.0,0.31555555555555553,47.333333333333336
ur5e,single_step_reserve,a31069931d4162bfb1926ff775b4da35f8e139f2d51b4ded038f1f9a6a8a8ac9,smooth,3,1.0,1.0,1121214999.0,1.0,300.0
ur5e,single_step_reserve,a66d65f0e12234ccfb9a1594e80eff041ce362a7cc0ab20c1393d8e9ab0ea99b,smooth,3,1.0,1.0,1133496235.0,1.0,300.0
ur5e,single_step_reserve,a9970c1d28764e3351f1617b34728d90521f9230450a72dbb9072868ce4d0a9c,joint_limit_return,3,0.0,0.0,1202101668.0,0.9722222222222223,291.6666666666667
ur5e,single_step_reserve,ab670337d449cfa28300609dc63289cfa5f5284b012423b03d3d858b4910030c,near_singular,3,0.0,0.0,1471557854.6666667,0.5333333333333333,80.0
ur5e,single_step_reserve,ad0ea16c5c29c961b263bc522a3f10581a1228fb7e2407bdaec35ef95a872bce,high_curvature,3,0.0,0.0,1266769481.6666667,0.8722222222222222,101.33333333333333
ur5e,single_step_reserve,adac333a20ce2efc7fe558d875acc835e0dd10d7080047fb652571939fa89662,smooth,3,1.0,0.6666666666666666,1166559474.6666667,1.0,300.0
ur5e,single_step_reserve,ae485f23758e23a4eb350b9bcf01d74ddd74d1402409394a9319922e5a1b7b96,high_curvature,3,0.0,0.0,1637035593.3333333,0.3433333333333333,103.0
ur5e,single_step_reserve,bfd6ed96964e141311a776bdfdb16545786f0f59c8471531a827315c21fe51fd,high_curvature,3,0.0,0.0,1279461071.3333333,0.8088888888888889,213.33333333333334
ur5e,single_step_reserve,c8c426e707d06e3dd626979b1a3ab6d3f6ec84e5a30cf753c257d4e61246deb6,smooth,3,1.0,1.0,1228550837.3333333,1.0,300.0
ur5e,single_step_reserve,caae11886ce5455ed9918bfe7dd031530d925d80f15a6331b694139013033ab4,smooth,3,0.0,0.0,1787056703.3333333,0.05555555555555555,7.666666666666667
ur5e,single_step_reserve,cf3353a57e1852f2ffd6f42434730827c5b7481320dd03a60b08dd59eab30aac,near_singular,3,1.0,1.0,1355085128.6666667,1.0,300.0
ur5e,single_step_reserve,cfe9fd796d287f6226b998dec27c940e9dc5e8b3d27a7038f16c825505a1d729,near_singular,3,1.0,1.0,1157345558.6666667,1.0,300.0
ur5e,single_step_reserve,d3602ab2fa9ef3f6352e4d3be23bd068896f7ca8f70ba3278a96146e30627a91,high_curvature,3,0.0,0.0,1415387367.6666667,0.581111111111111,172.33333333333334
ur5e,single_step_reserve,d4f695cddecb3cff73fb1982c70b0d4b71a8f3aa4c0d8aff0a9ac934c78aa876,near_singular,3,0.0,0.0,1491532715.3333333,0.6,90.0
ur5e,single_step_reserve,d89ed299720b27935e7c1ac7678ea12fac2ba8f90183be77cffdc05dddc5c8f1,joint_limit_return,3,0.0,0.0,1413175557.3333333,0.5922222222222223,177.66666666666666
ur5e,single_step_reserve,d99a28055a1a2e5f87d318d103aa53499976f9708dcd2e09d3b626961e119708,near_singular,3,0.6666666666666666,0.6666666666666666,1405299494.6666667,0.9988888888888888,276.0
ur5e,single_step_reserve,dd2bb4eb555d25f978b91d0beb11c6169f0858c2cef12b9602bafd9ef420063a,near_singular,3,0.0,0.0,1499401513.0,0.5288888888888889,79.33333333333333
ur5e,single_step_reserve,dedb115d2f947687d7e8605818e49ad645bd5ec0511767ebb40d29cf2af281ca,high_curvature,3,0.3333333333333333,0.3333333333333333,1151540739.6666667,0.9644444444444445,220.0
ur5e,single_step_reserve,e20b2e30572c01e2bc24d3d15c33d5dfce37fcc54612aad6e041ba257e561c4b,smooth,3,0.0,0.0,1726519087.0,0.11555555555555556,31.0
ur5e,single_step_reserve,e4063494fe3e2ba5fb84e32ac7016b07ab757d9a61b080ae3ab9673f4fcac49d,near_singular,3,0.0,0.0,1563274693.3333333,0.7766666666666667,233.0
ur5e,single_step_reserve,e5e35a9ab8f4a15285a661194c7d8b8bef6b071a9f52f1ce70194ad8203f88ff,joint_limit_return,3,0.0,0.0,1755577501.3333333,0.07111111111111111,21.333333333333332
ur5e,single_step_reserve,e7d7aad5cd92879de7ae9d69e0fd1dfeaa3188afa9bd940a7e50085e12a5e2e0,high_curvature,3,0.0,0.0,1278393389.6666667,0.7766666666666667,225.0
ur5e,single_step_reserve,e7f18499dedb9f1bb9ea59573ded1fb8ed9f04739eb258b62fab02514270946f,joint_limit_return,3,0.0,0.0,1704936720.6666667,0.15777777777777777,47.333333333333336
ur5e,single_step_reserve,e8e4252304e3d6a0ffcf72a9cba69ceeb3fa92a16dba96d8a5208497a5b7ecaf,smooth,3,1.0,1.0,1133106498.6666667,1.0,300.0
ur5e,single_step_reserve,e97075e08424a5d81e2d3fff64d991f105231a9f0c660668e9a9a24410ea7f15,joint_limit_return,3,1.0,1.0,1286286845.3333333,1.0,300.0
ur5e,single_step_reserve,f2ac6c84c49f8477d22025f943227ddb3d767d4c2190c436436c9bef5cbb3613,smooth,3,1.0,0.6666666666666666,1147672471.6666667,1.0,300.0
ur5e,single_step_reserve,f31b80dd772e123d8974cf8fe5c9401354a94c27631ba66eeb710b45638f4e74,near_singular,3,0.0,0.0,1528817932.0,0.5333333333333333,80.0
ur5e,single_step_reserve,fdee4111ad1c8b82272d9d9fe8b0c147a9da41255b7b66020b6d6e7c827aca21,joint_limit_return,3,1.0,1.0,1260660553.0,1.0,300.0
ur5e,trac_task_20ms,03220c51c45c68b3946b1c6a58e6a287ca5920e760cc8bfd312b376027c704c9,high_curvature,3,1.0,1.0,47335012.333333336,1.0,300.0
ur5e,trac_task_20ms,047ff9b1792fd70f59836c5acd8e94179c6c0996c44fb4e8017e82ffb1220eff,smooth,3,1.0,1.0,47565667.666666664,1.0,300.0
ur5e,trac_task_20ms,065722086d7bd37936f96d2b8fbabfb0336d4573600e0b578b3790fbf38312ef,joint_limit_return,3,1.0,1.0,46832576.666666664,1.0,300.0
ur5e,trac_task_20ms,07632fc2ef1ac4d0273b315d2512571e01f9fc5646798ee1831ca44ebf0ae726,joint_limit_return,3,1.0,1.0,47347160.333333336,1.0,300.0
ur5e,trac_task_20ms,0834b069a71589840b5b8745510b565735165b70e1e1ae1c594c3cf04b22bbec,high_curvature,3,0.0,0.0,409820993.6666667,0.94,189.0
ur5e,trac_task_20ms,09c7242f6d648ae161cb89525291352c9a690ed046b115a357ea728f9a0e2d1c,near_singular,3,1.0,1.0,48074545.666666664,1.0,300.0
ur5e,trac_task_20ms,0a3eaa0fc663edf978743281318c79f0781d6d3dd388a9337692ca1c1e997a48,smooth,3,1.0,1.0,50296993.0,1.0,300.0
ur5e,trac_task_20ms,0c58584b5b3c829309c4f73f6f87406a63c187d8774b64bf8033c01c9a4a333a,joint_limit_return,3,1.0,1.0,47874680.0,1.0,300.0
ur5e,trac_task_20ms,0ca2daf0e1af59f47f3e4731bbc39e65d4601fa4e75079212580eb87450d5ed6,near_singular,3,1.0,1.0,47713858.0,1.0,300.0
ur5e,trac_task_20ms,112413a5625ea54f25707eda080b3665650a6a3a6b09d9f912b70a953c85bff5,high_curvature,3,1.0,1.0,47073741.0,1.0,300.0
ur5e,trac_task_20ms,156281369f56972f3cc79c8adeaf13693e8d1d3614a5b93a1d41394ebea661b1,smooth,3,1.0,1.0,47630744.666666664,1.0,300.0
ur5e,trac_task_20ms,20c30181c70a2179fc2eef710e2ee3d3e92ae37e61ab28f71c5d49bca563dd94,high_curvature,3,1.0,1.0,47141658.0,1.0,300.0
ur5e,trac_task_20ms,26755c1053800ba90ecbc0ca8a524cf426cbf2521e5a3f76149b2d9a46090c20,high_curvature,3,1.0,0.6666666666666666,65490937.333333336,1.0,300.0
ur5e,trac_task_20ms,371fcf8223ae792b7c581939baf8d591a3be348894ca665707d1277f30f84e7c,smooth,3,1.0,1.0,46702446.333333336,1.0,300.0
ur5e,trac_task_20ms,396e8c49d721d524724f0db4b4c7e2aa976f5d69962ed7574fe033ec1ca1d7b6,joint_limit_return,3,1.0,1.0,47547055.666666664,1.0,300.0
ur5e,trac_task_20ms,3c48bee65fd028382bc8d4438caab308fed0a75784712fb52462aa338f01a717,smooth,3,1.0,1.0,47194321.666666664,1.0,300.0
ur5e,trac_task_20ms,3d3e8777dd7658c89e371201687fa308c1e8539b0c18c73653cd9e545001662a,joint_limit_return,3,1.0,1.0,47505028.0,1.0,300.0
ur5e,trac_task_20ms,40c22e59afe2e2732385ec573ee2b919ef2c9d2bc9812855826d5c20c8d11ef2,joint_limit_return,3,1.0,1.0,47287929.0,1.0,300.0
ur5e,trac_task_20ms,43bf4420c1e0b5f6e09b2166f2544a1ef3bd41fdf66e58437ea6c55797af37ba,high_curvature,3,1.0,0.6666666666666666,67067285.0,1.0,300.0
ur5e,trac_task_20ms,45667ba46a3792a98522be1a4e99a1eac6800fc565ccf06dbfadc44b3e42e896,near_singular,3,1.0,1.0,47546481.0,1.0,300.0
ur5e,trac_task_20ms,4aa1fc8c3baf8a8410efafa33906592e43faa741829fe4494d9a4efa7267ff11,near_singular,3,1.0,1.0,48627179.0,1.0,300.0
ur5e,trac_task_20ms,4dd9897266979bca32e77a65503c0f736b1dc01e03d7d42348f84835e6fb5821,high_curvature,3,1.0,1.0,48414042.333333336,1.0,300.0
ur5e,trac_task_20ms,50870e6b3cc46c10abec4a9c6f0a4e4b26d2f883974e3b7f89ef885a772d11a7,smooth,3,1.0,1.0,46776098.0,1.0,300.0
ur5e,trac_task_20ms,535e411e2be14117e8462d301cab971b16ff016ae97aef26607ab2fab7d44eb2,near_singular,3,1.0,1.0,47229761.333333336,1.0,300.0
ur5e,trac_task_20ms,54c1b930bca297748cff12faa8365e3bd1e8093c287c6f4d27d9098fc0436a15,high_curvature,3,0.0,0.0,3972259017.6666665,0.3499999999999999,100.0
ur5e,trac_task_20ms,59197c0ae06c6324ed1e4e3196698ea47f38a7e246f7dc62ca63d784d4a6b1d2,joint_limit_return,3,1.0,1.0,47559811.0,1.0,300.0
ur5e,trac_task_20ms,5c749908cf2548e3c1f49a72f300fbafa3441dc10e0f0e3775b9966b6e577144,smooth,3,1.0,1.0,47220374.0,1.0,300.0
ur5e,trac_task_20ms,5f53147d951a4da9fa2fb0656eeb83510662587fa29793f65f93b6053bc5df6a,high_curvature,3,1.0,1.0,47106196.0,1.0,300.0
ur5e,trac_task_20ms,5fbc771d65fd2993ce9852efd272613340d15e602ff9caa14ee5a15d489c73d3,high_curvature,3,1.0,1.0,47400392.0,1.0,300.0
ur5e,trac_task_20ms,662447a710b91b860b9638360646772b7ce950d3d0173e43e8af49f490a4af0b,joint_limit_return,3,0.0,0.0,2738223977.3333335,0.5555555555555555,166.66666666666666
ur5e,trac_task_20ms,6c3d4c092a0b5f0da7732ab5e840679bdf272f596aa8e02c36a4aef984221185,smooth,3,1.0,1.0,46694120.333333336,1.0,300.0
ur5e,trac_task_20ms,7374a8fbab8c0781b1e3efc0df05667635b2ee6d0e2b0f8ae2add58cfad63e49,smooth,3,0.3333333333333333,0.3333333333333333,2666938616.6666665,0.57,137.0
ur5e,trac_task_20ms,74f13d1861b4dbbe24928ee15b41f22b80ee33a15a78a03a9dca9d56e33272be,near_singular,3,0.6666666666666666,0.6666666666666666,647702561.0,0.9033333333333333,271.0
ur5e,trac_task_20ms,7a33330dc10cc8fd4413889a735cf23a6a5aeb9da4d084b6757bf53b43b5a481,joint_limit_return,3,1.0,1.0,52928048.0,1.0,300.0
ur5e,trac_task_20ms,7c02ce4e4242366f17d3f770fe617737725ac15093928bb658e06b7ce307c3bf,joint_limit_return,3,1.0,1.0,47010045.666666664,1.0,300.0
ur5e,trac_task_20ms,7c0d967685e188ec84904c5683c07dd2b3deb41c1dc6549c62e52023c4eba4ce,joint_limit_return,3,1.0,1.0,54037299.333333336,1.0,300.0
ur5e,trac_task_20ms,7c6de0d7e98b54de6691deb31ba612f80e6810d173be397d5d1ee146b99c414c,near_singular,3,1.0,1.0,47632318.666666664,1.0,300.0
ur5e,trac_task_20ms,7d96c3585744404eff100c547869dec91c306430c511caab63b98e13eefdd11f,near_singular,3,1.0,1.0,47495860.666666664,1.0,300.0
ur5e,trac_task_20ms,7f5ebcc3a7dd05c6aa128582c810a97d5a985e3a85b443fd95a19ae73206f4a9,smooth,3,1.0,1.0,47608704.0,1.0,300.0
ur5e,trac_task_20ms,846e7425da40c823386207a60367227d218b81bbcc434d1c47bc8f330113fc0b,high_curvature,3,1.0,1.0,47684900.0,1.0,300.0
ur5e,trac_task_20ms,8a64e0cfc729fa478ee19dba9e90153ceacdb34539529604530f865bf8589afc,high_curvature,3,0.0,0.0,395577095.0,0.9433333333333334,129.0
ur5e,trac_task_20ms,8d91a4fe0b8d4d1641dc4a39e3a5b989b3ec6661bec992b7f36cbd14a34bed0e,joint_limit_return,3,1.0,1.0,47969726.0,1.0,300.0
ur5e,trac_task_20ms,8f36afdece6d46ce485c6d67d38132dd7d905fa079154901c008d62a557f85d8,joint_limit_return,3,1.0,1.0,47525030.333333336,1.0,300.0
ur5e,trac_task_20ms,951f6b92c0972c1886df2bb44fd7e2270b5f7645c6f518e25d3b65f938d2bdb1,high_curvature,3,1.0,1.0,47649558.666666664,1.0,300.0
ur5e,trac_task_20ms,957a78a49068090588fba121c84b2f801021c8a39737d131f39e7b83452b7543,near_singular,3,0.6666666666666666,0.6666666666666666,480799826.0,0.9311111111111111,279.3333333333333
ur5e,trac_task_20ms,96836fc8a70262a4991bd2f73b692e2637c8e17558d95a9c5759acba7c9568ed,smooth,3,1.0,1.0,47071333.0,1.0,300.0
ur5e,trac_task_20ms,995c2e82bea0bb1c56ecf9912644a5c7dbf80b1bf4eba5b61c0d5fc8ed25c7f1,joint_limit_return,3,1.0,1.0,47258941.666666664,1.0,300.0
ur5e,trac_task_20ms,9e46e7c267a4e55cba49f752a8f6edd88531596dd47dc50639aa6bfdfb0645ab,high_curvature,3,1.0,1.0,47355055.0,1.0,300.0
ur5e,trac_task_20ms,9f170fe24411afe5c16131e1833bc9557a15f1081b967e6419c1fe427ffd128b,near_singular,3,1.0,1.0,48534078.666666664,1.0,300.0
ur5e,trac_task_20ms,9f91638b2c37d68e6c31f8ef111def25ec1ddc298eb86f82607a38aa0697979e,near_singular,3,1.0,1.0,47627671.0,1.0,300.0
ur5e,trac_task_20ms,a0ae96317edd6e3e06a288ce06f94b4e0c30f8367ed7a6d60e95732b0de8a986,smooth,3,1.0,1.0,47028652.333333336,1.0,300.0
ur5e,trac_task_20ms,a16c34cba3d41b078a7677d5d70a6c4580eb744fc514df526993e103152199a3,near_singular,3,1.0,1.0,47822296.0,1.0,300.0
ur5e,trac_task_20ms,a31069931d4162bfb1926ff775b4da35f8e139f2d51b4ded038f1f9a6a8a8ac9,smooth,3,1.0,1.0,47377900.666666664,1.0,300.0
ur5e,trac_task_20ms,a66d65f0e12234ccfb9a1594e80eff041ce362a7cc0ab20c1393d8e9ab0ea99b,smooth,3,1.0,1.0,47709793.0,1.0,300.0
ur5e,trac_task_20ms,a9970c1d28764e3351f1617b34728d90521f9230450a72dbb9072868ce4d0a9c,joint_limit_return,3,1.0,1.0,46670822.666666664,1.0,300.0
ur5e,trac_task_20ms,ab670337d449cfa28300609dc63289cfa5f5284b012423b03d3d858b4910030c,near_singular,3,1.0,1.0,47900373.333333336,1.0,300.0
ur5e,trac_task_20ms,ad0ea16c5c29c961b263bc522a3f10581a1228fb7e2407bdaec35ef95a872bce,high_curvature,3,1.0,1.0,50379627.666666664,1.0,300.0
ur5e,trac_task_20ms,adac333a20ce2efc7fe558d875acc835e0dd10d7080047fb652571939fa89662,smooth,3,1.0,1.0,47390625.333333336,1.0,300.0
ur5e,trac_task_20ms,ae485f23758e23a4eb350b9bcf01d74ddd74d1402409394a9319922e5a1b7b96,high_curvature,3,1.0,1.0,48441473.0,1.0,300.0
ur5e,trac_task_20ms,bfd6ed96964e141311a776bdfdb16545786f0f59c8471531a827315c21fe51fd,high_curvature,3,1.0,1.0,47484244.0,1.0,300.0
ur5e,trac_task_20ms,c8c426e707d06e3dd626979b1a3ab6d3f6ec84e5a30cf753c257d4e61246deb6,smooth,3,1.0,1.0,47712293.0,1.0,300.0
ur5e,trac_task_20ms,caae11886ce5455ed9918bfe7dd031530d925d80f15a6331b694139013033ab4,smooth,3,0.3333333333333333,0.3333333333333333,1956585433.6666667,0.6844444444444444,104.33333333333333
ur5e,trac_task_20ms,cf3353a57e1852f2ffd6f42434730827c5b7481320dd03a60b08dd59eab30aac,near_singular,3,1.0,1.0,47471180.0,1.0,300.0
ur5e,trac_task_20ms,cfe9fd796d287f6226b998dec27c940e9dc5e8b3d27a7038f16c825505a1d729,near_singular,3,1.0,0.6666666666666666,64737581.666666664,1.0,300.0
ur5e,trac_task_20ms,d3602ab2fa9ef3f6352e4d3be23bd068896f7ca8f70ba3278a96146e30627a91,high_curvature,3,1.0,1.0,47651739.666666664,1.0,300.0
ur5e,trac_task_20ms,d4f695cddecb3cff73fb1982c70b0d4b71a8f3aa4c0d8aff0a9ac934c78aa876,near_singular,3,1.0,1.0,51587213.333333336,1.0,300.0
ur5e,trac_task_20ms,d89ed299720b27935e7c1ac7678ea12fac2ba8f90183be77cffdc05dddc5c8f1,joint_limit_return,3,1.0,1.0,47228901.0,1.0,300.0
ur5e,trac_task_20ms,d99a28055a1a2e5f87d318d103aa53499976f9708dcd2e09d3b626961e119708,near_singular,3,1.0,1.0,64654794.0,1.0,300.0
ur5e,trac_task_20ms,dd2bb4eb555d25f978b91d0beb11c6169f0858c2cef12b9602bafd9ef420063a,near_singular,3,1.0,1.0,48191985.666666664,1.0,300.0
ur5e,trac_task_20ms,dedb115d2f947687d7e8605818e49ad645bd5ec0511767ebb40d29cf2af281ca,high_curvature,3,1.0,1.0,47176149.333333336,1.0,300.0
ur5e,trac_task_20ms,e20b2e30572c01e2bc24d3d15c33d5dfce37fcc54612aad6e041ba257e561c4b,smooth,3,0.6666666666666666,0.6666666666666666,197728693.33333334,0.98,294.0
ur5e,trac_task_20ms,e4063494fe3e2ba5fb84e32ac7016b07ab757d9a61b080ae3ab9673f4fcac49d,near_singular,3,1.0,1.0,47466372.0,1.0,300.0
ur5e,trac_task_20ms,e5e35a9ab8f4a15285a661194c7d8b8bef6b071a9f52f1ce70194ad8203f88ff,joint_limit_return,3,1.0,1.0,55387344.333333336,1.0,300.0
ur5e,trac_task_20ms,e7d7aad5cd92879de7ae9d69e0fd1dfeaa3188afa9bd940a7e50085e12a5e2e0,high_curvature,3,1.0,1.0,48136793.0,1.0,300.0
ur5e,trac_task_20ms,e7f18499dedb9f1bb9ea59573ded1fb8ed9f04739eb258b62fab02514270946f,joint_limit_return,3,1.0,1.0,47728803.333333336,1.0,300.0
ur5e,trac_task_20ms,e8e4252304e3d6a0ffcf72a9cba69ceeb3fa92a16dba96d8a5208497a5b7ecaf,smooth,3,1.0,1.0,47512877.333333336,1.0,300.0
ur5e,trac_task_20ms,e97075e08424a5d81e2d3fff64d991f105231a9f0c660668e9a9a24410ea7f15,joint_limit_return,3,1.0,1.0,47438058.333333336,1.0,300.0
ur5e,trac_task_20ms,f2ac6c84c49f8477d22025f943227ddb3d767d4c2190c436436c9bef5cbb3613,smooth,3,1.0,1.0,47082778.666666664,1.0,300.0
ur5e,trac_task_20ms,f31b80dd772e123d8974cf8fe5c9401354a94c27631ba66eeb710b45638f4e74,near_singular,3,1.0,0.6666666666666666,72250836.0,1.0,300.0
ur5e,trac_task_20ms,fdee4111ad1c8b82272d9d9fe8b0c147a9da41255b7b66020b6d6e7c827aca21,joint_limit_return,3,1.0,1.0,47632366.0,1.0,300.0
ur5e,trac_task_5ms,03220c51c45c68b3946b1c6a58e6a287ca5920e760cc8bfd312b376027c704c9,high_curvature,3,1.0,1.0,47397150.666666664,1.0,300.0
ur5e,trac_task_5ms,047ff9b1792fd70f59836c5acd8e94179c6c0996c44fb4e8017e82ffb1220eff,smooth,3,0.6666666666666666,0.6666666666666666,245772337.33333334,0.8688888888888888,260.6666666666667
ur5e,trac_task_5ms,065722086d7bd37936f96d2b8fbabfb0336d4573600e0b578b3790fbf38312ef,joint_limit_return,3,1.0,1.0,47588912.333333336,1.0,300.0
ur5e,trac_task_5ms,07632fc2ef1ac4d0273b315d2512571e01f9fc5646798ee1831ca44ebf0ae726,joint_limit_return,3,1.0,1.0,47019600.333333336,1.0,300.0
ur5e,trac_task_5ms,0834b069a71589840b5b8745510b565735165b70e1e1ae1c594c3cf04b22bbec,high_curvature,3,0.0,0.0,139107790.0,0.94,189.0
ur5e,trac_task_5ms,09c7242f6d648ae161cb89525291352c9a690ed046b115a357ea728f9a0e2d1c,near_singular,3,1.0,1.0,47450825.666666664,1.0,300.0
ur5e,trac_task_5ms,0a3eaa0fc663edf978743281318c79f0781d6d3dd388a9337692ca1c1e997a48,smooth,3,1.0,1.0,47217760.0,1.0,300.0
ur5e,trac_task_5ms,0c58584b5b3c829309c4f73f6f87406a63c187d8774b64bf8033c01c9a4a333a,joint_limit_return,3,1.0,1.0,50285303.0,1.0,300.0
ur5e,trac_task_5ms,0ca2daf0e1af59f47f3e4731bbc39e65d4601fa4e75079212580eb87450d5ed6,near_singular,3,1.0,1.0,47275857.666666664,1.0,300.0
ur5e,trac_task_5ms,112413a5625ea54f25707eda080b3665650a6a3a6b09d9f912b70a953c85bff5,high_curvature,3,1.0,1.0,47415250.333333336,1.0,300.0
ur5e,trac_task_5ms,156281369f56972f3cc79c8adeaf13693e8d1d3614a5b93a1d41394ebea661b1,smooth,3,1.0,1.0,47467264.333333336,1.0,300.0
ur5e,trac_task_5ms,20c30181c70a2179fc2eef710e2ee3d3e92ae37e61ab28f71c5d49bca563dd94,high_curvature,3,1.0,1.0,47612090.333333336,1.0,300.0
ur5e,trac_task_5ms,26755c1053800ba90ecbc0ca8a524cf426cbf2521e5a3f76149b2d9a46090c20,high_curvature,3,1.0,1.0,47269802.333333336,1.0,300.0
ur5e,trac_task_5ms,371fcf8223ae792b7c581939baf8d591a3be348894ca665707d1277f30f84e7c,smooth,3,1.0,0.6666666666666666,65088578.0,1.0,300.0
ur5e,trac_task_5ms,396e8c49d721d524724f0db4b4c7e2aa976f5d69962ed7574fe033ec1ca1d7b6,joint_limit_return,3,1.0,1.0,48482882.333333336,1.0,300.0
ur5e,trac_task_5ms,3c48bee65fd028382bc8d4438caab308fed0a75784712fb52462aa338f01a717,smooth,3,1.0,1.0,47602110.0,1.0,300.0
ur5e,trac_task_5ms,3d3e8777dd7658c89e371201687fa308c1e8539b0c18c73653cd9e545001662a,joint_limit_return,3,1.0,1.0,47151763.333333336,1.0,300.0
ur5e,trac_task_5ms,40c22e59afe2e2732385ec573ee2b919ef2c9d2bc9812855826d5c20c8d11ef2,joint_limit_return,3,1.0,1.0,47143925.0,1.0,300.0
ur5e,trac_task_5ms,43bf4420c1e0b5f6e09b2166f2544a1ef3bd41fdf66e58437ea6c55797af37ba,high_curvature,3,1.0,1.0,47275228.0,1.0,300.0
ur5e,trac_task_5ms,45667ba46a3792a98522be1a4e99a1eac6800fc565ccf06dbfadc44b3e42e896,near_singular,3,1.0,1.0,48789243.333333336,1.0,300.0
ur5e,trac_task_5ms,4aa1fc8c3baf8a8410efafa33906592e43faa741829fe4494d9a4efa7267ff11,near_singular,3,1.0,1.0,49875638.333333336,1.0,300.0
ur5e,trac_task_5ms,4dd9897266979bca32e77a65503c0f736b1dc01e03d7d42348f84835e6fb5821,high_curvature,3,1.0,1.0,47090339.0,1.0,300.0
ur5e,trac_task_5ms,50870e6b3cc46c10abec4a9c6f0a4e4b26d2f883974e3b7f89ef885a772d11a7,smooth,3,1.0,1.0,47365771.333333336,1.0,300.0
ur5e,trac_task_5ms,535e411e2be14117e8462d301cab971b16ff016ae97aef26607ab2fab7d44eb2,near_singular,3,1.0,1.0,47965279.0,1.0,300.0
ur5e,trac_task_5ms,54c1b930bca297748cff12faa8365e3bd1e8093c287c6f4d27d9098fc0436a15,high_curvature,3,0.0,0.0,1068254169.0,0.3277777777777778,92.66666666666667
ur5e,trac_task_5ms,59197c0ae06c6324ed1e4e3196698ea47f38a7e246f7dc62ca63d784d4a6b1d2,joint_limit_return,3,1.0,1.0,47872303.666666664,1.0,300.0
ur5e,trac_task_5ms,5c749908cf2548e3c1f49a72f300fbafa3441dc10e0f0e3775b9966b6e577144,smooth,3,1.0,1.0,46936717.0,1.0,300.0
ur5e,trac_task_5ms,5f53147d951a4da9fa2fb0656eeb83510662587fa29793f65f93b6053bc5df6a,high_curvature,3,1.0,1.0,46963589.0,1.0,300.0
ur5e,trac_task_5ms,5fbc771d65fd2993ce9852efd272613340d15e602ff9caa14ee5a15d489c73d3,high_curvature,3,1.0,1.0,46861087.666666664,1.0,300.0
ur5e,trac_task_5ms,662447a710b91b860b9638360646772b7ce950d3d0173e43e8af49f490a4af0b,joint_limit_return,3,0.0,0.0,738583408.3333334,0.5488888888888889,164.66666666666666
ur5e,trac_task_5ms,6c3d4c092a0b5f0da7732ab5e840679bdf272f596aa8e02c36a4aef984221185,smooth,3,1.0,1.0,47260624.333333336,1.0,300.0
ur5e,trac_task_5ms,7374a8fbab8c0781b1e3efc0df05667635b2ee6d0e2b0f8ae2add58cfad63e49,smooth,3,0.0,0.0,1266352078.3333333,0.19777777777777775,55.666666666666664
ur5e,trac_task_5ms,74f13d1861b4dbbe24928ee15b41f22b80ee33a15a78a03a9dca9d56e33272be,near_singular,3,0.6666666666666666,0.6666666666666666,205284332.66666666,0.9055555555555556,271.6666666666667
ur5e,trac_task_5ms,7a33330dc10cc8fd4413889a735cf23a6a5aeb9da4d084b6757bf53b43b5a481,joint_limit_return,3,0.6666666666666666,0.3333333333333333,142070584.0,0.9522222222222222,285.6666666666667
ur5e,trac_task_5ms,7c02ce4e4242366f17d3f770fe617737725ac15093928bb658e06b7ce307c3bf,joint_limit_return,3,1.0,1.0,46970042.333333336,1.0,300.0
ur5e,trac_task_5ms,7c0d967685e188ec84904c5683c07dd2b3deb41c1dc6549c62e52023c4eba4ce,joint_limit_return,3,1.0,0.3333333333333333,88983557.33333333,1.0,300.0
ur5e,trac_task_5ms,7c6de0d7e98b54de6691deb31ba612f80e6810d173be397d5d1ee146b99c414c,near_singular,3,1.0,1.0,47241226.333333336,1.0,300.0
ur5e,trac_task_5ms,7d96c3585744404eff100c547869dec91c306430c511caab63b98e13eefdd11f,near_singular,3,1.0,1.0,47532128.666666664,1.0,300.0
ur5e,trac_task_5ms,7f5ebcc3a7dd05c6aa128582c810a97d5a985e3a85b443fd95a19ae73206f4a9,smooth,3,1.0,0.6666666666666666,67019744.333333336,1.0,300.0
ur5e,trac_task_5ms,846e7425da40c823386207a60367227d218b81bbcc434d1c47bc8f330113fc0b,high_curvature,3,1.0,1.0,47079058.0,1.0,300.0
ur5e,trac_task_5ms,8a64e0cfc729fa478ee19dba9e90153ceacdb34539529604530f865bf8589afc,high_curvature,3,0.0,0.0,167229210.0,0.9244444444444445,119.33333333333333
ur5e,trac_task_5ms,8d91a4fe0b8d4d1641dc4a39e3a5b989b3ec6661bec992b7f36cbd14a34bed0e,joint_limit_return,3,0.6666666666666666,0.6666666666666666,298452802.0,0.8344444444444444,250.33333333333334
ur5e,trac_task_5ms,8f36afdece6d46ce485c6d67d38132dd7d905fa079154901c008d62a557f85d8,joint_limit_return,3,1.0,1.0,47158892.0,1.0,300.0
ur5e,trac_task_5ms,951f6b92c0972c1886df2bb44fd7e2270b5f7645c6f518e25d3b65f938d2bdb1,high_curvature,3,1.0,1.0,47423936.666666664,1.0,300.0
ur5e,trac_task_5ms,957a78a49068090588fba121c84b2f801021c8a39737d131f39e7b83452b7543,near_singular,3,0.0,0.0,385541257.3333333,0.7866666666666666,236.0
ur5e,trac_task_5ms,96836fc8a70262a4991bd2f73b692e2637c8e17558d95a9c5759acba7c9568ed,smooth,3,1.0,1.0,47262507.0,1.0,300.0
ur5e,trac_task_5ms,995c2e82bea0bb1c56ecf9912644a5c7dbf80b1bf4eba5b61c0d5fc8ed25c7f1,joint_limit_return,3,1.0,0.6666666666666666,65406680.333333336,1.0,300.0
ur5e,trac_task_5ms,9e46e7c267a4e55cba49f752a8f6edd88531596dd47dc50639aa6bfdfb0645ab,high_curvature,3,1.0,1.0,47240517.333333336,1.0,300.0
ur5e,trac_task_5ms,9f170fe24411afe5c16131e1833bc9557a15f1081b967e6419c1fe427ffd128b,near_singular,3,1.0,1.0,47627257.0,1.0,300.0
ur5e,trac_task_5ms,9f91638b2c37d68e6c31f8ef111def25ec1ddc298eb86f82607a38aa0697979e,near_singular,3,1.0,1.0,47933060.666666664,1.0,300.0
ur5e,trac_task_5ms,a0ae96317edd6e3e06a288ce06f94b4e0c30f8367ed7a6d60e95732b0de8a986,smooth,3,1.0,0.6666666666666666,65101070.333333336,1.0,300.0
ur5e,trac_task_5ms,a16c34cba3d41b078a7677d5d70a6c4580eb744fc514df526993e103152199a3,near_singular,3,1.0,1.0,49084504.666666664,1.0,300.0
ur5e,trac_task_5ms,a31069931d4162bfb1926ff775b4da35f8e139f2d51b4ded038f1f9a6a8a8ac9,smooth,3,1.0,1.0,47686638.0,1.0,300.0
ur5e,trac_task_5ms,a66d65f0e12234ccfb9a1594e80eff041ce362a7cc0ab20c1393d8e9ab0ea99b,smooth,3,1.0,1.0,46871597.333333336,1.0,300.0
ur5e,trac_task_5ms,a9970c1d28764e3351f1617b34728d90521f9230450a72dbb9072868ce4d0a9c,joint_limit_return,3,1.0,1.0,47342980.666666664,1.0,300.0
ur5e,trac_task_5ms,ab670337d449cfa28300609dc63289cfa5f5284b012423b03d3d858b4910030c,near_singular,3,1.0,1.0,47934755.0,1.0,300.0
ur5e,trac_task_5ms,ad0ea16c5c29c961b263bc522a3f10581a1228fb7e2407bdaec35ef95a872bce,high_curvature,3,1.0,1.0,51344994.0,1.0,300.0
ur5e,trac_task_5ms,adac333a20ce2efc7fe558d875acc835e0dd10d7080047fb652571939fa89662,smooth,3,1.0,1.0,47806241.333333336,1.0,300.0
ur5e,trac_task_5ms,ae485f23758e23a4eb350b9bcf01d74ddd74d1402409394a9319922e5a1b7b96,high_curvature,3,1.0,0.6666666666666666,65983260.0,1.0,300.0
ur5e,trac_task_5ms,bfd6ed96964e141311a776bdfdb16545786f0f59c8471531a827315c21fe51fd,high_curvature,3,1.0,1.0,46847710.333333336,1.0,300.0
ur5e,trac_task_5ms,c8c426e707d06e3dd626979b1a3ab6d3f6ec84e5a30cf753c257d4e61246deb6,smooth,3,1.0,1.0,47327614.666666664,1.0,300.0
ur5e,trac_task_5ms,caae11886ce5455ed9918bfe7dd031530d925d80f15a6331b694139013033ab4,smooth,3,0.6666666666666666,0.6666666666666666,297050149.6666667,0.8377777777777777,203.33333333333334
ur5e,trac_task_5ms,cf3353a57e1852f2ffd6f42434730827c5b7481320dd03a60b08dd59eab30aac,near_singular,3,1.0,1.0,47798183.0,1.0,300.0
ur5e,trac_task_5ms,cfe9fd796d287f6226b998dec27c940e9dc5e8b3d27a7038f16c825505a1d729,near_singular,3,1.0,1.0,47479877.333333336,1.0,300.0
ur5e,trac_task_5ms,d3602ab2fa9ef3f6352e4d3be23bd068896f7ca8f70ba3278a96146e30627a91,high_curvature,3,1.0,1.0,47416911.333333336,1.0,300.0
ur5e,trac_task_5ms,d4f695cddecb3cff73fb1982c70b0d4b71a8f3aa4c0d8aff0a9ac934c78aa876,near_singular,3,0.0,0.0,294834553.3333333,0.851111111111111,233.66666666666666
ur5e,trac_task_5ms,d89ed299720b27935e7c1ac7678ea12fac2ba8f90183be77cffdc05dddc5c8f1,joint_limit_return,3,1.0,1.0,47486271.0,1.0,300.0
ur5e,trac_task_5ms,d99a28055a1a2e5f87d318d103aa53499976f9708dcd2e09d3b626961e119708,near_singular,3,1.0,1.0,56114183.333333336,1.0,300.0
ur5e,trac_task_5ms,dd2bb4eb555d25f978b91d0beb11c6169f0858c2cef12b9602bafd9ef420063a,near_singular,3,1.0,1.0,49514672.666666664,1.0,300.0
ur5e,trac_task_5ms,dedb115d2f947687d7e8605818e49ad645bd5ec0511767ebb40d29cf2af281ca,high_curvature,3,1.0,1.0,47610372.666666664,1.0,300.0
ur5e,trac_task_5ms,e20b2e30572c01e2bc24d3d15c33d5dfce37fcc54612aad6e041ba257e561c4b,smooth,3,0.0,0.0,533077476.6666667,0.6866666666666666,198.33333333333334
ur5e,trac_task_5ms,e4063494fe3e2ba5fb84e32ac7016b07ab757d9a61b080ae3ab9673f4fcac49d,near_singular,3,1.0,1.0,47755854.0,1.0,300.0
ur5e,trac_task_5ms,e5e35a9ab8f4a15285a661194c7d8b8bef6b071a9f52f1ce70194ad8203f88ff,joint_limit_return,3,0.6666666666666666,0.6666666666666666,516002425.3333333,0.6933333333333334,208.0
ur5e,trac_task_5ms,e7d7aad5cd92879de7ae9d69e0fd1dfeaa3188afa9bd940a7e50085e12a5e2e0,high_curvature,3,1.0,1.0,48174914.0,1.0,300.0
ur5e,trac_task_5ms,e7f18499dedb9f1bb9ea59573ded1fb8ed9f04739eb258b62fab02514270946f,joint_limit_return,3,1.0,1.0,47293163.666666664,1.0,300.0
ur5e,trac_task_5ms,e8e4252304e3d6a0ffcf72a9cba69ceeb3fa92a16dba96d8a5208497a5b7ecaf,smooth,3,1.0,1.0,47329265.0,1.0,300.0
ur5e,trac_task_5ms,e97075e08424a5d81e2d3fff64d991f105231a9f0c660668e9a9a24410ea7f15,joint_limit_return,3,1.0,1.0,47426538.666666664,1.0,300.0
ur5e,trac_task_5ms,f2ac6c84c49f8477d22025f943227ddb3d767d4c2190c436436c9bef5cbb3613,smooth,3,1.0,1.0,46963329.666666664,1.0,300.0
ur5e,trac_task_5ms,f31b80dd772e123d8974cf8fe5c9401354a94c27631ba66eeb710b45638f4e74,near_singular,3,0.6666666666666666,0.6666666666666666,167014967.66666666,0.9222222222222222,276.6666666666667
ur5e,trac_task_5ms,fdee4111ad1c8b82272d9d9fe8b0c147a9da41255b7b66020b6d6e7c827aca21,joint_limit_return,3,1.0,1.0,47176985.0,1.0,300.0
ur5e,two_step_predictive,03220c51c45c68b3946b1c6a58e6a287ca5920e760cc8bfd312b376027c704c9,high_curvature,3,1.0,1.0,1044770972.3333334,1.0,300.0
ur5e,two_step_predictive,047ff9b1792fd70f59836c5acd8e94179c6c0996c44fb4e8017e82ffb1220eff,smooth,3,0.3333333333333333,0.3333333333333333,1460923761.3333333,0.5511111111111111,122.0
ur5e,two_step_predictive,065722086d7bd37936f96d2b8fbabfb0336d4573600e0b578b3790fbf38312ef,joint_limit_return,3,1.0,0.6666666666666666,1102640908.6666667,1.0,300.0
ur5e,two_step_predictive,07632fc2ef1ac4d0273b315d2512571e01f9fc5646798ee1831ca44ebf0ae726,joint_limit_return,3,1.0,1.0,1052156137.0,1.0,300.0
ur5e,two_step_predictive,0834b069a71589840b5b8745510b565735165b70e1e1ae1c594c3cf04b22bbec,high_curvature,3,0.0,0.0,1099461398.3333333,0.94,189.0
ur5e,two_step_predictive,09c7242f6d648ae161cb89525291352c9a690ed046b115a357ea728f9a0e2d1c,near_singular,3,1.0,1.0,1046658347.0,1.0,300.0
ur5e,two_step_predictive,0a3eaa0fc663edf978743281318c79f0781d6d3dd388a9337692ca1c1e997a48,smooth,3,1.0,1.0,1045580457.6666666,1.0,300.0
ur5e,two_step_predictive,0c58584b5b3c829309c4f73f6f87406a63c187d8774b64bf8033c01c9a4a333a,joint_limit_return,3,1.0,1.0,1056619751.3333334,1.0,300.0
ur5e,two_step_predictive,0ca2daf0e1af59f47f3e4731bbc39e65d4601fa4e75079212580eb87450d5ed6,near_singular,3,1.0,1.0,1039600410.6666666,1.0,300.0
ur5e,two_step_predictive,112413a5625ea54f25707eda080b3665650a6a3a6b09d9f912b70a953c85bff5,high_curvature,3,1.0,1.0,1034744219.3333334,1.0,300.0
ur5e,two_step_predictive,156281369f56972f3cc79c8adeaf13693e8d1d3614a5b93a1d41394ebea661b1,smooth,3,1.0,1.0,1043762702.0,1.0,300.0
ur5e,two_step_predictive,20c30181c70a2179fc2eef710e2ee3d3e92ae37e61ab28f71c5d49bca563dd94,high_curvature,3,1.0,1.0,1045161605.6666666,1.0,300.0
ur5e,two_step_predictive,26755c1053800ba90ecbc0ca8a524cf426cbf2521e5a3f76149b2d9a46090c20,high_curvature,3,1.0,1.0,1047450259.6666666,1.0,300.0
ur5e,two_step_predictive,371fcf8223ae792b7c581939baf8d591a3be348894ca665707d1277f30f84e7c,smooth,3,1.0,1.0,1047876036.0,1.0,300.0
ur5e,two_step_predictive,396e8c49d721d524724f0db4b4c7e2aa976f5d69962ed7574fe033ec1ca1d7b6,joint_limit_return,3,1.0,1.0,1050693508.0,1.0,300.0
ur5e,two_step_predictive,3c48bee65fd028382bc8d4438caab308fed0a75784712fb52462aa338f01a717,smooth,3,1.0,1.0,1073785800.0,1.0,300.0
ur5e,two_step_predictive,3d3e8777dd7658c89e371201687fa308c1e8539b0c18c73653cd9e545001662a,joint_limit_return,3,1.0,1.0,1047645075.3333334,1.0,300.0
ur5e,two_step_predictive,40c22e59afe2e2732385ec573ee2b919ef2c9d2bc9812855826d5c20c8d11ef2,joint_limit_return,3,1.0,1.0,1043059905.3333334,1.0,300.0
ur5e,two_step_predictive,43bf4420c1e0b5f6e09b2166f2544a1ef3bd41fdf66e58437ea6c55797af37ba,high_curvature,3,0.3333333333333333,0.3333333333333333,1125429733.0,0.9133333333333334,274.0
ur5e,two_step_predictive,45667ba46a3792a98522be1a4e99a1eac6800fc565ccf06dbfadc44b3e42e896,near_singular,3,0.6666666666666666,0.6666666666666666,1036596310.6666666,0.9988888888888888,227.66666666666666
ur5e,two_step_predictive,4aa1fc8c3baf8a8410efafa33906592e43faa741829fe4494d9a4efa7267ff11,near_singular,3,1.0,1.0,1034204119.3333334,1.0,300.0
ur5e,two_step_predictive,4dd9897266979bca32e77a65503c0f736b1dc01e03d7d42348f84835e6fb5821,high_curvature,3,1.0,1.0,1040816922.6666666,1.0,300.0
ur5e,two_step_predictive,50870e6b3cc46c10abec4a9c6f0a4e4b26d2f883974e3b7f89ef885a772d11a7,smooth,3,1.0,1.0,1029372357.3333334,1.0,300.0
ur5e,two_step_predictive,535e411e2be14117e8462d301cab971b16ff016ae97aef26607ab2fab7d44eb2,near_singular,3,0.3333333333333333,0.3333333333333333,1129193617.0,0.8966666666666666,269.0
ur5e,two_step_predictive,54c1b930bca297748cff12faa8365e3bd1e8093c287c6f4d27d9098fc0436a15,high_curvature,3,0.3333333333333333,0.3333333333333333,1434643181.3333333,0.5366666666666666,158.0
ur5e,two_step_predictive,59197c0ae06c6324ed1e4e3196698ea47f38a7e246f7dc62ca63d784d4a6b1d2,joint_limit_return,3,0.3333333333333333,0.3333333333333333,1400592465.0,0.58,174.0
ur5e,two_step_predictive,5c749908cf2548e3c1f49a72f300fbafa3441dc10e0f0e3775b9966b6e577144,smooth,3,0.0,0.0,1453044130.0,0.5033333333333333,148.33333333333334
ur5e,two_step_predictive,5f53147d951a4da9fa2fb0656eeb83510662587fa29793f65f93b6053bc5df6a,high_curvature,3,1.0,1.0,1041674600.3333334,1.0,300.0
ur5e,two_step_predictive,5fbc771d65fd2993ce9852efd272613340d15e602ff9caa14ee5a15d489c73d3,high_curvature,3,1.0,1.0,1044401474.0,1.0,300.0
ur5e,two_step_predictive,662447a710b91b860b9638360646772b7ce950d3d0173e43e8af49f490a4af0b,joint_limit_return,3,0.0,0.0,1339868971.0,0.5811111111111112,174.33333333333334
ur5e,two_step_predictive,6c3d4c092a0b5f0da7732ab5e840679bdf272f596aa8e02c36a4aef984221185,smooth,3,1.0,0.6666666666666666,1090291220.3333333,1.0,300.0
ur5e,two_step_predictive,7374a8fbab8c0781b1e3efc0df05667635b2ee6d0e2b0f8ae2add58cfad63e49,smooth,3,0.3333333333333333,0.3333333333333333,1218208717.3333333,0.7877777777777778,236.33333333333334
ur5e,two_step_predictive,74f13d1861b4dbbe24928ee15b41f22b80ee33a15a78a03a9dca9d56e33272be,near_singular,3,1.0,1.0,995463482.3333334,1.0,300.0
ur5e,two_step_predictive,7a33330dc10cc8fd4413889a735cf23a6a5aeb9da4d084b6757bf53b43b5a481,joint_limit_return,3,1.0,1.0,1074742043.0,1.0,300.0
ur5e,two_step_predictive,7c02ce4e4242366f17d3f770fe617737725ac15093928bb658e06b7ce307c3bf,joint_limit_return,3,1.0,1.0,1056060940.6666666,1.0,300.0
ur5e,two_step_predictive,7c0d967685e188ec84904c5683c07dd2b3deb41c1dc6549c62e52023c4eba4ce,joint_limit_return,3,1.0,1.0,1086519476.6666667,1.0,300.0
ur5e,two_step_predictive,7c6de0d7e98b54de6691deb31ba612f80e6810d173be397d5d1ee146b99c414c,near_singular,3,1.0,0.6666666666666666,1075970427.0,1.0,300.0
ur5e,two_step_predictive,7d96c3585744404eff100c547869dec91c306430c511caab63b98e13eefdd11f,near_singular,3,0.6666666666666666,0.6666666666666666,1039403247.0,0.9988888888888888,280.6666666666667
ur5e,two_step_predictive,7f5ebcc3a7dd05c6aa128582c810a97d5a985e3a85b443fd95a19ae73206f4a9,smooth,3,0.0,0.0,1785755316.0,0.09444444444444444,24.0
ur5e,two_step_predictive,846e7425da40c823386207a60367227d218b81bbcc434d1c47bc8f330113fc0b,high_curvature,3,1.0,0.6666666666666666,1053514884.3333334,1.0,300.0
ur5e,two_step_predictive,8a64e0cfc729fa478ee19dba9e90153ceacdb34539529604530f865bf8589afc,high_curvature,3,0.0,0.0,1445022493.0,0.5133333333333333,77.0
ur5e,two_step_predictive,8d91a4fe0b8d4d1641dc4a39e3a5b989b3ec6661bec992b7f36cbd14a34bed0e,joint_limit_return,3,1.0,1.0,1048233665.0,1.0,300.0
ur5e,two_step_predictive,8f36afdece6d46ce485c6d67d38132dd7d905fa079154901c008d62a557f85d8,joint_limit_return,3,1.0,1.0,1051722254.0,1.0,300.0
ur5e,two_step_predictive,951f6b92c0972c1886df2bb44fd7e2270b5f7645c6f518e25d3b65f938d2bdb1,high_curvature,3,1.0,1.0,1041244676.6666666,1.0,300.0
ur5e,two_step_predictive,957a78a49068090588fba121c84b2f801021c8a39737d131f39e7b83452b7543,near_singular,3,1.0,1.0,1096486738.6666667,1.0,300.0
ur5e,two_step_predictive,96836fc8a70262a4991bd2f73b692e2637c8e17558d95a9c5759acba7c9568ed,smooth,3,1.0,1.0,1051204401.3333334,1.0,300.0
ur5e,two_step_predictive,995c2e82bea0bb1c56ecf9912644a5c7dbf80b1bf4eba5b61c0d5fc8ed25c7f1,joint_limit_return,3,1.0,1.0,1061753984.6666666,1.0,300.0
ur5e,two_step_predictive,9e46e7c267a4e55cba49f752a8f6edd88531596dd47dc50639aa6bfdfb0645ab,high_curvature,3,1.0,1.0,1075767816.0,1.0,300.0
ur5e,two_step_predictive,9f170fe24411afe5c16131e1833bc9557a15f1081b967e6419c1fe427ffd128b,near_singular,3,1.0,0.6666666666666666,1064310719.3333334,1.0,300.0
ur5e,two_step_predictive,9f91638b2c37d68e6c31f8ef111def25ec1ddc298eb86f82607a38aa0697979e,near_singular,3,1.0,1.0,1060990939.3333334,1.0,300.0
ur5e,two_step_predictive,a0ae96317edd6e3e06a288ce06f94b4e0c30f8367ed7a6d60e95732b0de8a986,smooth,3,1.0,1.0,1035915260.3333334,1.0,300.0
ur5e,two_step_predictive,a16c34cba3d41b078a7677d5d70a6c4580eb744fc514df526993e103152199a3,near_singular,3,1.0,1.0,1051695085.6666666,1.0,300.0
ur5e,two_step_predictive,a31069931d4162bfb1926ff775b4da35f8e139f2d51b4ded038f1f9a6a8a8ac9,smooth,3,1.0,1.0,1057358024.0,1.0,300.0
ur5e,two_step_predictive,a66d65f0e12234ccfb9a1594e80eff041ce362a7cc0ab20c1393d8e9ab0ea99b,smooth,3,1.0,1.0,1060537988.6666666,1.0,300.0
ur5e,two_step_predictive,a9970c1d28764e3351f1617b34728d90521f9230450a72dbb9072868ce4d0a9c,joint_limit_return,3,0.3333333333333333,0.3333333333333333,1070073103.6666666,0.9655555555555555,289.6666666666667
ur5e,two_step_predictive,ab670337d449cfa28300609dc63289cfa5f5284b012423b03d3d858b4910030c,near_singular,3,1.0,1.0,1045329535.0,1.0,300.0
ur5e,two_step_predictive,ad0ea16c5c29c961b263bc522a3f10581a1228fb7e2407bdaec35ef95a872bce,high_curvature,3,1.0,0.6666666666666666,1061219031.0,1.0,300.0
ur5e,two_step_predictive,adac333a20ce2efc7fe558d875acc835e0dd10d7080047fb652571939fa89662,smooth,3,1.0,1.0,1055215646.6666666,1.0,300.0
ur5e,two_step_predictive,ae485f23758e23a4eb350b9bcf01d74ddd74d1402409394a9319922e5a1b7b96,high_curvature,3,1.0,1.0,1055627305.3333334,1.0,300.0
ur5e,two_step_predictive,bfd6ed96964e141311a776bdfdb16545786f0f59c8471531a827315c21fe51fd,high_curvature,3,1.0,1.0,1047052608.3333334,1.0,300.0
ur5e,two_step_predictive,c8c426e707d06e3dd626979b1a3ab6d3f6ec84e5a30cf753c257d4e61246deb6,smooth,3,1.0,1.0,1086826514.0,1.0,300.0
ur5e,two_step_predictive,caae11886ce5455ed9918bfe7dd031530d925d80f15a6331b694139013033ab4,smooth,3,0.0,0.0,1458883385.0,0.5233333333333333,88.0
ur5e,two_step_predictive,cf3353a57e1852f2ffd6f42434730827c5b7481320dd03a60b08dd59eab30aac,near_singular,3,1.0,1.0,1039962689.0,1.0,300.0
ur5e,two_step_predictive,cfe9fd796d287f6226b998dec27c940e9dc5e8b3d27a7038f16c825505a1d729,near_singular,3,1.0,1.0,1049594110.6666666,1.0,300.0
ur5e,two_step_predictive,d3602ab2fa9ef3f6352e4d3be23bd068896f7ca8f70ba3278a96146e30627a91,high_curvature,3,1.0,1.0,1039186662.3333334,1.0,300.0
ur5e,two_step_predictive,d4f695cddecb3cff73fb1982c70b0d4b71a8f3aa4c0d8aff0a9ac934c78aa876,near_singular,3,1.0,1.0,1029006135.3333334,1.0,300.0
ur5e,two_step_predictive,d89ed299720b27935e7c1ac7678ea12fac2ba8f90183be77cffdc05dddc5c8f1,joint_limit_return,3,1.0,1.0,1095171389.0,1.0,300.0
ur5e,two_step_predictive,d99a28055a1a2e5f87d318d103aa53499976f9708dcd2e09d3b626961e119708,near_singular,3,1.0,1.0,1034683783.3333334,1.0,300.0
ur5e,two_step_predictive,dd2bb4eb555d25f978b91d0beb11c6169f0858c2cef12b9602bafd9ef420063a,near_singular,3,1.0,1.0,1067243853.6666666,1.0,300.0
ur5e,two_step_predictive,dedb115d2f947687d7e8605818e49ad645bd5ec0511767ebb40d29cf2af281ca,high_curvature,3,1.0,0.6666666666666666,1058459847.3333334,1.0,300.0
ur5e,two_step_predictive,e20b2e30572c01e2bc24d3d15c33d5dfce37fcc54612aad6e041ba257e561c4b,smooth,3,1.0,1.0,1112109784.0,1.0,300.0
ur5e,two_step_predictive,e4063494fe3e2ba5fb84e32ac7016b07ab757d9a61b080ae3ab9673f4fcac49d,near_singular,3,1.0,1.0,1042136796.0,1.0,300.0
ur5e,two_step_predictive,e5e35a9ab8f4a15285a661194c7d8b8bef6b071a9f52f1ce70194ad8203f88ff,joint_limit_return,3,1.0,1.0,1065566147.0,1.0,300.0
ur5e,two_step_predictive,e7d7aad5cd92879de7ae9d69e0fd1dfeaa3188afa9bd940a7e50085e12a5e2e0,high_curvature,3,1.0,1.0,1054786672.0,1.0,300.0
ur5e,two_step_predictive,e7f18499dedb9f1bb9ea59573ded1fb8ed9f04739eb258b62fab02514270946f,joint_limit_return,3,1.0,1.0,1060163915.6666666,1.0,300.0
ur5e,two_step_predictive,e8e4252304e3d6a0ffcf72a9cba69ceeb3fa92a16dba96d8a5208497a5b7ecaf,smooth,3,1.0,1.0,1042106751.3333334,1.0,300.0
ur5e,two_step_predictive,e97075e08424a5d81e2d3fff64d991f105231a9f0c660668e9a9a24410ea7f15,joint_limit_return,3,1.0,1.0,1065940963.0,1.0,300.0
ur5e,two_step_predictive,f2ac6c84c49f8477d22025f943227ddb3d767d4c2190c436436c9bef5cbb3613,smooth,3,1.0,1.0,1045921752.6666666,1.0,300.0
ur5e,two_step_predictive,f31b80dd772e123d8974cf8fe5c9401354a94c27631ba66eeb710b45638f4e74,near_singular,3,0.6666666666666666,0.6666666666666666,1124069369.6666667,0.9233333333333333,277.0
ur5e,two_step_predictive,fdee4111ad1c8b82272d9d9fe8b0c147a9da41255b7b66020b6d6e7c827aca21,joint_limit_return,3,1.0,1.0,1064236849.6666666,1.0,300.0
ur5e,two_step_sigma,03220c51c45c68b3946b1c6a58e6a287ca5920e760cc8bfd312b376027c704c9,high_curvature,3,1.0,0.6666666666666666,1610108624.6666667,1.0,300.0
ur5e,two_step_sigma,047ff9b1792fd70f59836c5acd8e94179c6c0996c44fb4e8017e82ffb1220eff,smooth,3,0.3333333333333333,0.3333333333333333,1741156865.6666667,0.55,121.33333333333333
ur5e,two_step_sigma,065722086d7bd37936f96d2b8fbabfb0336d4573600e0b578b3790fbf38312ef,joint_limit_return,3,0.6666666666666666,0.6666666666666666,1719203150.0,0.8377777777777777,251.33333333333334
ur5e,two_step_sigma,07632fc2ef1ac4d0273b315d2512571e01f9fc5646798ee1831ca44ebf0ae726,joint_limit_return,3,1.0,1.0,1595097758.6666667,1.0,300.0
ur5e,two_step_sigma,0834b069a71589840b5b8745510b565735165b70e1e1ae1c594c3cf04b22bbec,high_curvature,3,0.0,0.0,1706177917.3333333,0.94,189.0
ur5e,two_step_sigma,09c7242f6d648ae161cb89525291352c9a690ed046b115a357ea728f9a0e2d1c,near_singular,3,1.0,1.0,1602071397.0,1.0,300.0
ur5e,two_step_sigma,0a3eaa0fc663edf978743281318c79f0781d6d3dd388a9337692ca1c1e997a48,smooth,3,1.0,1.0,1566682740.3333333,1.0,300.0
ur5e,two_step_sigma,0c58584b5b3c829309c4f73f6f87406a63c187d8774b64bf8033c01c9a4a333a,joint_limit_return,3,0.0,0.0,1905014899.6666667,0.03333333333333333,10.0
ur5e,two_step_sigma,0ca2daf0e1af59f47f3e4731bbc39e65d4601fa4e75079212580eb87450d5ed6,near_singular,3,0.0,0.0,1690603783.3333333,0.7566666666666667,227.0
ur5e,two_step_sigma,112413a5625ea54f25707eda080b3665650a6a3a6b09d9f912b70a953c85bff5,high_curvature,3,1.0,1.0,1545447498.0,1.0,300.0
ur5e,two_step_sigma,156281369f56972f3cc79c8adeaf13693e8d1d3614a5b93a1d41394ebea661b1,smooth,3,1.0,1.0,1589020998.3333333,1.0,300.0
ur5e,two_step_sigma,20c30181c70a2179fc2eef710e2ee3d3e92ae37e61ab28f71c5d49bca563dd94,high_curvature,3,1.0,1.0,1600834458.6666667,1.0,300.0
ur5e,two_step_sigma,26755c1053800ba90ecbc0ca8a524cf426cbf2521e5a3f76149b2d9a46090c20,high_curvature,3,1.0,1.0,1617069715.3333333,1.0,300.0
ur5e,two_step_sigma,371fcf8223ae792b7c581939baf8d591a3be348894ca665707d1277f30f84e7c,smooth,3,1.0,1.0,1581800272.0,1.0,300.0
ur5e,two_step_sigma,396e8c49d721d524724f0db4b4c7e2aa976f5d69962ed7574fe033ec1ca1d7b6,joint_limit_return,3,1.0,1.0,1636244910.6666667,1.0,300.0
ur5e,two_step_sigma,3c48bee65fd028382bc8d4438caab308fed0a75784712fb52462aa338f01a717,smooth,3,1.0,1.0,1663937725.0,1.0,300.0
ur5e,two_step_sigma,3d3e8777dd7658c89e371201687fa308c1e8539b0c18c73653cd9e545001662a,joint_limit_return,3,1.0,1.0,1613205408.0,1.0,300.0
ur5e,two_step_sigma,40c22e59afe2e2732385ec573ee2b919ef2c9d2bc9812855826d5c20c8d11ef2,joint_limit_return,3,1.0,1.0,1570183819.6666667,1.0,300.0
ur5e,two_step_sigma,43bf4420c1e0b5f6e09b2166f2544a1ef3bd41fdf66e58437ea6c55797af37ba,high_curvature,3,0.0,0.0,1781288012.3333333,0.44,132.0
ur5e,two_step_sigma,45667ba46a3792a98522be1a4e99a1eac6800fc565ccf06dbfadc44b3e42e896,near_singular,3,0.0,0.0,1729413989.0,0.7344444444444443,220.33333333333334
ur5e,two_step_sigma,4aa1fc8c3baf8a8410efafa33906592e43faa741829fe4494d9a4efa7267ff11,near_singular,3,1.0,1.0,1652284879.6666667,1.0,300.0
ur5e,two_step_sigma,4dd9897266979bca32e77a65503c0f736b1dc01e03d7d42348f84835e6fb5821,high_curvature,3,1.0,1.0,1589789873.0,1.0,300.0
ur5e,two_step_sigma,50870e6b3cc46c10abec4a9c6f0a4e4b26d2f883974e3b7f89ef885a772d11a7,smooth,3,1.0,1.0,1562678578.0,1.0,300.0
ur5e,two_step_sigma,535e411e2be14117e8462d301cab971b16ff016ae97aef26607ab2fab7d44eb2,near_singular,3,0.0,0.0,1825906207.3333333,0.3466666666666667,52.0
ur5e,two_step_sigma,54c1b930bca297748cff12faa8365e3bd1e8093c287c6f4d27d9098fc0436a15,high_curvature,3,0.0,0.0,1847342610.0,0.34888888888888886,100.0
ur5e,two_step_sigma,59197c0ae06c6324ed1e4e3196698ea47f38a7e246f7dc62ca63d784d4a6b1d2,joint_limit_return,3,1.0,1.0,1632570604.0,1.0,300.0
ur5e,two_step_sigma,5c749908cf2548e3c1f49a72f300fbafa3441dc10e0f0e3775b9966b6e577144,smooth,3,1.0,0.6666666666666666,1638615998.3333333,1.0,300.0
ur5e,two_step_sigma,5f53147d951a4da9fa2fb0656eeb83510662587fa29793f65f93b6053bc5df6a,high_curvature,3,1.0,1.0,1588444380.0,1.0,300.0
ur5e,two_step_sigma,5fbc771d65fd2993ce9852efd272613340d15e602ff9caa14ee5a15d489c73d3,high_curvature,3,1.0,1.0,1579728389.0,1.0,300.0
ur5e,two_step_sigma,662447a710b91b860b9638360646772b7ce950d3d0173e43e8af49f490a4af0b,joint_limit_return,3,0.0,0.0,1906966044.3333333,0.016666666666666666,5.0
ur5e,two_step_sigma,6c3d4c092a0b5f0da7732ab5e840679bdf272f596aa8e02c36a4aef984221185,smooth,3,0.0,0.0,1766005396.6666667,0.53,159.0
ur5e,two_step_sigma,7374a8fbab8c0781b1e3efc0df05667635b2ee6d0e2b0f8ae2add58cfad63e49,smooth,3,0.6666666666666666,0.6666666666666666,1611897113.0,0.8933333333333334,268.0
ur5e,two_step_sigma,74f13d1861b4dbbe24928ee15b41f22b80ee33a15a78a03a9dca9d56e33272be,near_singular,3,0.0,0.0,1556218363.3333333,0.6977777777777777,209.33333333333334
ur5e,two_step_sigma,7a33330dc10cc8fd4413889a735cf23a6a5aeb9da4d084b6757bf53b43b5a481,joint_limit_return,3,1.0,1.0,1672687536.6666667,1.0,300.0
ur5e,two_step_sigma,7c02ce4e4242366f17d3f770fe617737725ac15093928bb658e06b7ce307c3bf,joint_limit_return,3,1.0,1.0,1633575434.6666667,1.0,300.0
ur5e,two_step_sigma,7c0d967685e188ec84904c5683c07dd2b3deb41c1dc6549c62e52023c4eba4ce,joint_limit_return,3,0.0,0.0,1802746758.6666667,0.3544444444444445,10.0
ur5e,two_step_sigma,7c6de0d7e98b54de6691deb31ba612f80e6810d173be397d5d1ee146b99c414c,near_singular,3,1.0,1.0,1633279904.3333333,1.0,300.0
ur5e,two_step_sigma,7d96c3585744404eff100c547869dec91c306430c511caab63b98e13eefdd11f,near_singular,3,1.0,0.6666666666666666,1685750951.6666667,1.0,300.0
ur5e,two_step_sigma,7f5ebcc3a7dd05c6aa128582c810a97d5a985e3a85b443fd95a19ae73206f4a9,smooth,3,1.0,1.0,1644012590.3333333,1.0,300.0
ur5e,two_step_sigma,846e7425da40c823386207a60367227d218b81bbcc434d1c47bc8f330113fc0b,high_curvature,3,1.0,1.0,1582112136.0,1.0,300.0
ur5e,two_step_sigma,8a64e0cfc729fa478ee19dba9e90153ceacdb34539529604530f865bf8589afc,high_curvature,3,0.0,0.0,1608441079.6666667,0.9433333333333334,129.0
ur5e,two_step_sigma,8d91a4fe0b8d4d1641dc4a39e3a5b989b3ec6661bec992b7f36cbd14a34bed0e,joint_limit_return,3,0.3333333333333333,0.3333333333333333,1758654609.3333333,0.5077777777777778,152.0
ur5e,two_step_sigma,8f36afdece6d46ce485c6d67d38132dd7d905fa079154901c008d62a557f85d8,joint_limit_return,3,1.0,1.0,1582701975.0,1.0,300.0
ur5e,two_step_sigma,951f6b92c0972c1886df2bb44fd7e2270b5f7645c6f518e25d3b65f938d2bdb1,high_curvature,3,1.0,1.0,1587514046.6666667,1.0,300.0
ur5e,two_step_sigma,957a78a49068090588fba121c84b2f801021c8a39737d131f39e7b83452b7543,near_singular,3,1.0,1.0,1648889435.6666667,1.0,300.0
ur5e,two_step_sigma,96836fc8a70262a4991bd2f73b692e2637c8e17558d95a9c5759acba7c9568ed,smooth,3,1.0,1.0,1600929210.6666667,1.0,300.0
ur5e,two_step_sigma,995c2e82bea0bb1c56ecf9912644a5c7dbf80b1bf4eba5b61c0d5fc8ed25c7f1,joint_limit_return,3,1.0,1.0,1658041048.0,1.0,300.0
ur5e,two_step_sigma,9e46e7c267a4e55cba49f752a8f6edd88531596dd47dc50639aa6bfdfb0645ab,high_curvature,3,1.0,1.0,1599972295.6666667,1.0,300.0
ur5e,two_step_sigma,9f170fe24411afe5c16131e1833bc9557a15f1081b967e6419c1fe427ffd128b,near_singular,3,1.0,1.0,1630113846.0,1.0,300.0
ur5e,two_step_sigma,9f91638b2c37d68e6c31f8ef111def25ec1ddc298eb86f82607a38aa0697979e,near_singular,3,1.0,1.0,1643920790.3333333,1.0,300.0
ur5e,two_step_sigma,a0ae96317edd6e3e06a288ce06f94b4e0c30f8367ed7a6d60e95732b0de8a986,smooth,3,1.0,1.0,1604231270.6666667,1.0,300.0
ur5e,two_step_sigma,a16c34cba3d41b078a7677d5d70a6c4580eb744fc514df526993e103152199a3,near_singular,3,0.0,0.0,1650028571.3333333,0.8666666666666667,260.0
ur5e,two_step_sigma,a31069931d4162bfb1926ff775b4da35f8e139f2d51b4ded038f1f9a6a8a8ac9,smooth,3,1.0,1.0,1582169887.6666667,1.0,300.0
ur5e,two_step_sigma,a66d65f0e12234ccfb9a1594e80eff041ce362a7cc0ab20c1393d8e9ab0ea99b,smooth,3,1.0,0.6666666666666666,1626038642.3333333,1.0,300.0
ur5e,two_step_sigma,a9970c1d28764e3351f1617b34728d90521f9230450a72dbb9072868ce4d0a9c,joint_limit_return,3,1.0,1.0,1593534443.3333333,1.0,300.0
ur5e,two_step_sigma,ab670337d449cfa28300609dc63289cfa5f5284b012423b03d3d858b4910030c,near_singular,3,1.0,1.0,1576643963.0,1.0,300.0
ur5e,two_step_sigma,ad0ea16c5c29c961b263bc522a3f10581a1228fb7e2407bdaec35ef95a872bce,high_curvature,3,0.0,0.0,1776913735.3333333,0.5177777777777778,110.33333333333333
ur5e,two_step_sigma,adac333a20ce2efc7fe558d875acc835e0dd10d7080047fb652571939fa89662,smooth,3,1.0,1.0,1578664774.0,1.0,300.0
ur5e,two_step_sigma,ae485f23758e23a4eb350b9bcf01d74ddd74d1402409394a9319922e5a1b7b96,high_curvature,3,1.0,1.0,1596611945.0,1.0,300.0
ur5e,two_step_sigma,bfd6ed96964e141311a776bdfdb16545786f0f59c8471531a827315c21fe51fd,high_curvature,3,0.0,0.0,1639276607.3333333,0.86,258.0
ur5e,two_step_sigma,c8c426e707d06e3dd626979b1a3ab6d3f6ec84e5a30cf753c257d4e61246deb6,smooth,3,1.0,1.0,1656983105.3333333,1.0,300.0
ur5e,two_step_sigma,caae11886ce5455ed9918bfe7dd031530d925d80f15a6331b694139013033ab4,smooth,3,0.0,0.0,1815264853.0,0.5122222222222222,95.0
ur5e,two_step_sigma,cf3353a57e1852f2ffd6f42434730827c5b7481320dd03a60b08dd59eab30aac,near_singular,3,0.0,0.0,1744468152.0,0.5933333333333334,177.33333333333334
ur5e,two_step_sigma,cfe9fd796d287f6226b998dec27c940e9dc5e8b3d27a7038f16c825505a1d729,near_singular,3,1.0,1.0,1667805562.3333333,1.0,300.0
ur5e,two_step_sigma,d3602ab2fa9ef3f6352e4d3be23bd068896f7ca8f70ba3278a96146e30627a91,high_curvature,3,1.0,1.0,1586755485.3333333,1.0,300.0
ur5e,two_step_sigma,d4f695cddecb3cff73fb1982c70b0d4b71a8f3aa4c0d8aff0a9ac934c78aa876,near_singular,3,1.0,1.0,1591840395.3333333,1.0,300.0
ur5e,two_step_sigma,d89ed299720b27935e7c1ac7678ea12fac2ba8f90183be77cffdc05dddc5c8f1,joint_limit_return,3,1.0,1.0,1613133166.3333333,1.0,300.0
ur5e,two_step_sigma,d99a28055a1a2e5f87d318d103aa53499976f9708dcd2e09d3b626961e119708,near_singular,3,1.0,1.0,1600189074.6666667,1.0,300.0
ur5e,two_step_sigma,dd2bb4eb555d25f978b91d0beb11c6169f0858c2cef12b9602bafd9ef420063a,near_singular,3,1.0,0.6666666666666666,1633443105.6666667,1.0,300.0
ur5e,two_step_sigma,dedb115d2f947687d7e8605818e49ad645bd5ec0511767ebb40d29cf2af281ca,high_curvature,3,1.0,0.6666666666666666,1581138495.6666667,1.0,300.0
ur5e,two_step_sigma,e20b2e30572c01e2bc24d3d15c33d5dfce37fcc54612aad6e041ba257e561c4b,smooth,3,1.0,1.0,1688954187.6666667,1.0,300.0
ur5e,two_step_sigma,e4063494fe3e2ba5fb84e32ac7016b07ab757d9a61b080ae3ab9673f4fcac49d,near_singular,3,1.0,1.0,1570186444.0,1.0,300.0
ur5e,two_step_sigma,e5e35a9ab8f4a15285a661194c7d8b8bef6b071a9f52f1ce70194ad8203f88ff,joint_limit_return,3,0.0,0.0,1863587445.0,0.3566666666666667,76.0
ur5e,two_step_sigma,e7d7aad5cd92879de7ae9d69e0fd1dfeaa3188afa9bd940a7e50085e12a5e2e0,high_curvature,3,1.0,1.0,1657413826.3333333,1.0,300.0
ur5e,two_step_sigma,e7f18499dedb9f1bb9ea59573ded1fb8ed9f04739eb258b62fab02514270946f,joint_limit_return,3,1.0,1.0,1634335866.0,1.0,300.0
ur5e,two_step_sigma,e8e4252304e3d6a0ffcf72a9cba69ceeb3fa92a16dba96d8a5208497a5b7ecaf,smooth,3,1.0,0.6666666666666666,1608138067.6666667,1.0,300.0
ur5e,two_step_sigma,e97075e08424a5d81e2d3fff64d991f105231a9f0c660668e9a9a24410ea7f15,joint_limit_return,3,1.0,0.6666666666666666,1648881355.3333333,1.0,300.0
ur5e,two_step_sigma,f2ac6c84c49f8477d22025f943227ddb3d767d4c2190c436436c9bef5cbb3613,smooth,3,1.0,1.0,1564278208.0,1.0,300.0
ur5e,two_step_sigma,f31b80dd772e123d8974cf8fe5c9401354a94c27631ba66eeb710b45638f4e74,near_singular,3,1.0,1.0,1634064200.3333333,1.0,300.0
ur5e,two_step_sigma,fdee4111ad1c8b82272d9d9fe8b0c147a9da41255b7b66020b6d6e7c827aca21,joint_limit_return,3,1.0,1.0,1611757489.3333333,1.0,300.0
