robot,method,uid,family,search_repeats,completion,deadline_completion,total_latency_ns,frame_success,acceleration_rms,accepted_near_tolerance_rate,optimization_call_rate,intervention_normalized_mean,unchanged_given_legal_backup
panda,trac_task_5ms,0c2a95a498c1bf13c2df4295db29a5367cf069e157e300d36211ce1951b2bf0e,smooth,3,1.0,1.0,26398696.666666668,1.0,1.4316938158194443,0.0,,,
panda,trac_task_5ms,125d0ba81f8f99703f34ce79c430375e614edd8d7281141ad9df7e9828fed992,joint_limit_return,3,1.0,1.0,27475709.0,1.0,1.8612002739900957,0.0044444444444444444,,,
panda,trac_task_5ms,166f9f9c01b7bdb7e23bb78eb834aa40e45e3eac2d5c263419996286861ad9dc,joint_limit_return,3,1.0,1.0,28124715.333333332,1.0,1.1860466074923466,0.0,,,
panda,trac_task_5ms,16ab30a670ddc1bb59f64aa11421a7a95e2a13b391b17e7261a85fb14178c0bc,joint_limit_return,3,1.0,1.0,27498384.666666668,1.0,1.6592557235004646,0.0,,,
panda,trac_task_5ms,1742dca2b4e66648ef384a591bc48af258b7ccf01a3b1f0930d212a06b1f978c,near_singular,3,1.0,1.0,26847473.0,1.0,2.3838451684494557,0.0,,,
panda,trac_task_5ms,380513eac133b886f7e375e39250059ba16f3133d3a5d3b8ff244470af2eb5ae,high_curvature,3,1.0,1.0,27141929.333333332,1.0,5.547129109565652,0.0,,,
panda,trac_task_5ms,40c3eae024871d71025c88c09b1bbffc1b50b311548d53112ed8d4118883654a,near_singular,3,1.0,1.0,26637790.0,1.0,2.5434854214302582,0.0,,,
panda,trac_task_5ms,41c501982d64297056fe7d1239938d5f0fb508b8c32ed74b2b5c72d3bf1ddba1,joint_limit_return,3,1.0,1.0,27653907.333333332,1.0,0.6805518438345494,0.0,,,
panda,trac_task_5ms,49e505b5dd8506da453322d27fabacda172e9baf611dd7b1ccac4b4220f68113,near_singular,3,1.0,1.0,28691629.0,1.0,2.2240506686798707,0.0,,,
panda,trac_task_5ms,4afc296390cd2da8318a4ba9544aebe6e73de828b20fea6cbaeedda3bf7a189f,joint_limit_return,3,1.0,1.0,26467001.666666668,1.0,1.5906369598438534,0.0,,,
panda,trac_task_5ms,4e626ba28da6a8d45d22f023c3732e2d796c83a0e74df2aa41168fe26f6dccab,near_singular,3,0.0,0.0,217816842.33333334,0.7555555555555555,8.296772626554095,0.0,,,
panda,trac_task_5ms,525ed23e41917cce27c978b0c676be43016f2541aa51a8185bbab7e6ce610192,near_singular,3,1.0,1.0,31006576.666666668,1.0,9.961742926908537,0.0,,,
panda,trac_task_5ms,5560810f9d87891ba612f00a19811ec608860538b5dbf8f478a2cc168f4d1547,joint_limit_return,3,1.0,1.0,27844505.666666668,1.0,0.7562521220509174,0.0,,,
panda,trac_task_5ms,62749969a81aa229bd98bbc6a77941b40960bf5ae0886a5dfe36f5eff62e5c1c,joint_limit_return,3,1.0,1.0,26654974.666666668,1.0,0.7708257060837718,0.0,,,
panda,trac_task_5ms,6b43e53a09d43b068012e38e4082dc1a83a7da4ac12d3b1a7c10621fab8498a4,smooth,3,1.0,1.0,29362117.0,1.0,0.7746957253351817,0.0,,,
panda,trac_task_5ms,6f61a4f090c2631561aee85944d25bbb3ec9ae75f330ddc67dd8f755fa60ea51,joint_limit_return,3,1.0,1.0,27904654.0,1.0,1.9121727632750127,0.0,,,
panda,trac_task_5ms,703e80ee1a10cacc408a225bf4b9b1d1a8b7cd7c18ef82408fe61c8b6b1a1fa4,joint_limit_return,3,1.0,1.0,27831720.333333332,1.0,2.8483636203062273,0.0022222222222222222,,,
panda,trac_task_5ms,827f4c481262ed599d5a62ea92d72f83f9d2baecaa5e733c4c0018e796d573d5,high_curvature,3,1.0,1.0,28873402.666666668,1.0,6.693052791991348,0.0,,,
panda,trac_task_5ms,8ffc69b10a990e9806b11a88aa9d56ad2edaf960a5dbd463eff00cf8c0b24859,high_curvature,3,1.0,1.0,28748219.666666668,1.0,7.973968358959172,0.0,,,
panda,trac_task_5ms,972b6c7f62ad2d88a1171405175e002fe4dad516aaa6300e4c090613265f4592,smooth,3,1.0,1.0,27748689.0,1.0,1.344061406569787,0.0,,,
panda,trac_task_5ms,98b02d6a697ef616fb15325aca1f5748ceba5d966785b4f1677767ebff16420f,smooth,3,1.0,1.0,29863429.333333332,1.0,0.7024395737454813,0.0,,,
panda,trac_task_5ms,9a94337fb5b3319c8ba9dcce20e827630b16d9a348f1f3aa8709c5d0df3406af,near_singular,3,1.0,1.0,35153120.0,1.0,16.60080999496464,0.0022222222222222222,,,
panda,trac_task_5ms,a62f788b8607be02b7f7a70f0234d741c3a3ffbce60a66d892cb748dca4ac32c,smooth,3,1.0,1.0,26890473.333333332,1.0,1.2701383541623812,0.0022222222222222222,,,
panda,trac_task_5ms,a74d26d3694c4e4d15b8817c29ef75a4bd43cb4d8d1ebf3ae4154e26d80ab4a4,smooth,3,1.0,1.0,27326233.333333332,1.0,1.543627950602066,0.0022222222222222222,,,
panda,trac_task_5ms,b47f91198895baa3999a406c9c32516cd3e78dd7e42a8bccccc4cd058a03020a,joint_limit_return,3,0.3333333333333333,0.3333333333333333,296971188.6666667,0.6511111111111111,5.841843510056795,0.0,,,
panda,trac_task_5ms,b88225558b53c7528d4fc1a56455ceac395ea6a65306515006580362af026e1e,high_curvature,3,1.0,0.6666666666666666,45042425.333333336,1.0,8.693177095592388,0.0,,,
panda,trac_task_5ms,ba9bbb877bd562764b9ad1fe612339400f4396f8e4e3ccdd742d4a4326684c27,smooth,3,1.0,1.0,29520294.333333332,1.0,0.7639065356516695,0.0,,,
panda,trac_task_5ms,bb2d7133de7083285ff7ede00b959e62fc3bf5dc626bfa521b77361d0f3f759e,high_curvature,3,1.0,1.0,33108511.0,1.0,6.544742434738875,0.0,,,
panda,trac_task_5ms,c27c85dfc1ac902402f2c27d5ecd007325d528654413acef4dab0af30af48583,high_curvature,3,1.0,1.0,27206279.666666668,1.0,6.957176063666445,0.0,,,
panda,trac_task_5ms,c99e2c9b46eb1858a0dd2f525833e49b6f0b7c25001781f1b00044934372d935,near_singular,3,1.0,1.0,27787469.333333332,1.0,1.9096377300475513,0.0,,,
panda,trac_task_5ms,ca9065ec04392f64d1cce7cea6e6ae7ba224495be6a41fa0902e34ddeb925465,near_singular,3,0.0,0.0,189175800.33333334,0.7866666666666666,3.4407612795441924,0.0,,,
panda,trac_task_5ms,cdb906e5ffe0888b5856461ef6bee1b8809232e928fd853beb25f1903a7d798a,smooth,3,1.0,1.0,37462465.0,1.0,3.5072657344425537,0.0,,,
panda,trac_task_5ms,d8e06950cec2579c739f7f6d3dbb3628755dfd76be5740fad3bec38b4ef94cc6,near_singular,3,1.0,1.0,29436651.333333332,1.0,7.383667680519641,0.011111111111111112,,,
panda,trac_task_5ms,e7257c22abc9d850802582540365f4bc972868280e40708e45700776b6ad2aca,high_curvature,3,1.0,1.0,28779084.666666668,1.0,6.668006344201255,0.0,,,
panda,trac_task_5ms,e928208c5cfa766679be750c366c336bdeb1caea1f8283ea513bc5392401481b,smooth,3,1.0,0.6666666666666666,46318919.666666664,1.0,1.8149171125024062,0.0,,,
panda,trac_task_5ms,ea5503530085a4b7fba1457389f090742de31c9aa6ebe8907aa867289b032370,near_singular,3,1.0,1.0,40440651.0,1.0,13.887326149423364,0.011111111111111112,,,
panda,trac_task_5ms,ea5e2ac9bfe24625cf9368e4931dfe5a7f878c028b94ce7ca271455c05bad4e6,smooth,3,1.0,1.0,26521122.666666668,1.0,1.6383993295144876,0.0,,,
panda,trac_task_5ms,f77f30aad07c01747cccac5f99de0454266b5b9453dc6357da97f2c8d2529cfc,high_curvature,3,1.0,1.0,28745273.666666668,1.0,5.516054684569859,0.0,,,
panda,trac_task_5ms,f786741c9f59d7d552811f1959141226fb4d169d5c149b34b1fb99edb7839b2c,high_curvature,3,1.0,1.0,26463035.0,1.0,7.37732393954839,0.0022222222222222222,,,
panda,trac_task_5ms,fd96ca4300b705b343cbde5bb7d97076acca0d187b1d78fc9094c6cac23b640b,high_curvature,3,1.0,1.0,31270207.666666668,1.0,6.329017339220505,0.0,,,
panda,trac_task_20ms,0c2a95a498c1bf13c2df4295db29a5367cf069e157e300d36211ce1951b2bf0e,smooth,3,1.0,1.0,26747563.0,1.0,3.0290679880363984,0.0,,,
panda,trac_task_20ms,125d0ba81f8f99703f34ce79c430375e614edd8d7281141ad9df7e9828fed992,joint_limit_return,3,1.0,1.0,29342040.666666668,1.0,1.3290217474423294,0.0,,,
panda,trac_task_20ms,166f9f9c01b7bdb7e23bb78eb834aa40e45e3eac2d5c263419996286861ad9dc,joint_limit_return,3,1.0,1.0,26991805.666666668,1.0,1.103016360376881,0.0,,,
panda,trac_task_20ms,16ab30a670ddc1bb59f64aa11421a7a95e2a13b391b17e7261a85fb14178c0bc,joint_limit_return,3,1.0,1.0,31634622.666666668,1.0,1.292748271352073,0.0,,,
panda,trac_task_20ms,1742dca2b4e66648ef384a591bc48af258b7ccf01a3b1f0930d212a06b1f978c,near_singular,3,1.0,1.0,28198902.0,1.0,2.825316701356981,0.0,,,
panda,trac_task_20ms,380513eac133b886f7e375e39250059ba16f3133d3a5d3b8ff244470af2eb5ae,high_curvature,3,1.0,1.0,26273540.666666668,1.0,5.589478258076155,0.0,,,
panda,trac_task_20ms,40c3eae024871d71025c88c09b1bbffc1b50b311548d53112ed8d4118883654a,near_singular,3,1.0,1.0,26874194.333333332,1.0,2.832082836050678,0.0,,,
panda,trac_task_20ms,41c501982d64297056fe7d1239938d5f0fb508b8c32ed74b2b5c72d3bf1ddba1,joint_limit_return,3,1.0,0.6666666666666666,46237754.0,1.0,0.6805518438345494,0.0,,,
panda,trac_task_20ms,49e505b5dd8506da453322d27fabacda172e9baf611dd7b1ccac4b4220f68113,near_singular,3,1.0,0.6666666666666666,43077901.333333336,1.0,4.176984064363013,0.0,,,
panda,trac_task_20ms,4afc296390cd2da8318a4ba9544aebe6e73de828b20fea6cbaeedda3bf7a189f,joint_limit_return,3,1.0,1.0,27031462.666666668,1.0,1.0828507970699786,0.0,,,
panda,trac_task_20ms,4e626ba28da6a8d45d22f023c3732e2d796c83a0e74df2aa41168fe26f6dccab,near_singular,3,0.0,0.0,699857154.0,0.7799999999999999,8.299596634035014,0.0,,,
panda,trac_task_20ms,525ed23e41917cce27c978b0c676be43016f2541aa51a8185bbab7e6ce610192,near_singular,3,1.0,1.0,27314913.0,1.0,9.92195190778981,0.0,,,
panda,trac_task_20ms,5560810f9d87891ba612f00a19811ec608860538b5dbf8f478a2cc168f4d1547,joint_limit_return,3,1.0,1.0,28867676.0,1.0,0.7562521220509174,0.0,,,
panda,trac_task_20ms,62749969a81aa229bd98bbc6a77941b40960bf5ae0886a5dfe36f5eff62e5c1c,joint_limit_return,3,1.0,1.0,28304072.0,1.0,1.8747487078509415,0.0,,,
panda,trac_task_20ms,6b43e53a09d43b068012e38e4082dc1a83a7da4ac12d3b1a7c10621fab8498a4,smooth,3,1.0,1.0,27565501.0,1.0,1.4040477115933445,0.0,,,
panda,trac_task_20ms,6f61a4f090c2631561aee85944d25bbb3ec9ae75f330ddc67dd8f755fa60ea51,joint_limit_return,3,1.0,1.0,30212992.0,1.0,1.0125800944269407,0.0,,,
panda,trac_task_20ms,703e80ee1a10cacc408a225bf4b9b1d1a8b7cd7c18ef82408fe61c8b6b1a1fa4,joint_limit_return,3,1.0,1.0,27389695.333333332,1.0,2.179367290933442,0.0,,,
panda,trac_task_20ms,827f4c481262ed599d5a62ea92d72f83f9d2baecaa5e733c4c0018e796d573d5,high_curvature,3,1.0,1.0,29041151.0,1.0,6.830228936114753,0.0,,,
panda,trac_task_20ms,8ffc69b10a990e9806b11a88aa9d56ad2edaf960a5dbd463eff00cf8c0b24859,high_curvature,3,1.0,1.0,28432530.0,1.0,8.190513151454072,0.0022222222222222222,,,
panda,trac_task_20ms,972b6c7f62ad2d88a1171405175e002fe4dad516aaa6300e4c090613265f4592,smooth,3,1.0,1.0,31059162.0,1.0,0.784835685794896,0.0,,,
panda,trac_task_20ms,98b02d6a697ef616fb15325aca1f5748ceba5d966785b4f1677767ebff16420f,smooth,3,1.0,1.0,29701992.0,1.0,0.975044576225215,0.0,,,
panda,trac_task_20ms,9a94337fb5b3319c8ba9dcce20e827630b16d9a348f1f3aa8709c5d0df3406af,near_singular,3,1.0,1.0,37921162.666666664,1.0,17.34537370249672,0.0,,,
panda,trac_task_20ms,a62f788b8607be02b7f7a70f0234d741c3a3ffbce60a66d892cb748dca4ac32c,smooth,3,1.0,1.0,31168316.333333332,1.0,0.7807395803490724,0.0,,,
panda,trac_task_20ms,a74d26d3694c4e4d15b8817c29ef75a4bd43cb4d8d1ebf3ae4154e26d80ab4a4,smooth,3,1.0,1.0,27242456.333333332,1.0,1.0578749221708834,0.0,,,
panda,trac_task_20ms,b47f91198895baa3999a406c9c32516cd3e78dd7e42a8bccccc4cd058a03020a,joint_limit_return,3,0.3333333333333333,0.0,601728554.0,0.8244444444444444,8.236376164010847,0.0,,,
panda,trac_task_20ms,b88225558b53c7528d4fc1a56455ceac395ea6a65306515006580362af026e1e,high_curvature,3,1.0,1.0,26522263.666666668,1.0,8.688790478798948,0.0,,,
panda,trac_task_20ms,ba9bbb877bd562764b9ad1fe612339400f4396f8e4e3ccdd742d4a4326684c27,smooth,3,1.0,1.0,28012205.0,1.0,0.9354065706012626,0.0,,,
panda,trac_task_20ms,bb2d7133de7083285ff7ede00b959e62fc3bf5dc626bfa521b77361d0f3f759e,high_curvature,3,1.0,1.0,27784500.0,1.0,6.368055769008964,0.0,,,
panda,trac_task_20ms,c27c85dfc1ac902402f2c27d5ecd007325d528654413acef4dab0af30af48583,high_curvature,3,1.0,1.0,26590667.333333332,1.0,6.957176063666445,0.0,,,
panda,trac_task_20ms,c99e2c9b46eb1858a0dd2f525833e49b6f0b7c25001781f1b00044934372d935,near_singular,3,1.0,1.0,29859652.333333332,1.0,2.105402198174825,0.0,,,
panda,trac_task_20ms,ca9065ec04392f64d1cce7cea6e6ae7ba224495be6a41fa0902e34ddeb925465,near_singular,3,0.0,0.0,666570388.6666666,0.791111111111111,5.259658514423408,0.0,,,
panda,trac_task_20ms,cdb906e5ffe0888b5856461ef6bee1b8809232e928fd853beb25f1903a7d798a,smooth,3,1.0,1.0,37750841.0,1.0,0.9025926199200351,0.0,,,
panda,trac_task_20ms,d8e06950cec2579c739f7f6d3dbb3628755dfd76be5740fad3bec38b4ef94cc6,near_singular,3,1.0,0.6666666666666666,44834432.0,1.0,7.350328169441451,0.006666666666666667,,,
panda,trac_task_20ms,e7257c22abc9d850802582540365f4bc972868280e40708e45700776b6ad2aca,high_curvature,3,1.0,1.0,30119409.333333332,1.0,6.477335754790279,0.0,,,
panda,trac_task_20ms,e928208c5cfa766679be750c366c336bdeb1caea1f8283ea513bc5392401481b,smooth,3,1.0,1.0,27271419.333333332,1.0,1.8073244327316615,0.0022222222222222222,,,
panda,trac_task_20ms,ea5503530085a4b7fba1457389f090742de31c9aa6ebe8907aa867289b032370,near_singular,3,1.0,1.0,53602934.666666664,1.0,16.7576688548708,0.02,,,
panda,trac_task_20ms,ea5e2ac9bfe24625cf9368e4931dfe5a7f878c028b94ce7ca271455c05bad4e6,smooth,3,1.0,1.0,26952065.333333332,1.0,0.5688726422222132,0.0,,,
panda,trac_task_20ms,f77f30aad07c01747cccac5f99de0454266b5b9453dc6357da97f2c8d2529cfc,high_curvature,3,1.0,1.0,28239362.0,1.0,5.482910963132045,0.0,,,
panda,trac_task_20ms,f786741c9f59d7d552811f1959141226fb4d169d5c149b34b1fb99edb7839b2c,high_curvature,3,1.0,1.0,33130424.666666668,1.0,7.421549667390075,0.0022222222222222222,,,
panda,trac_task_20ms,fd96ca4300b705b343cbde5bb7d97076acca0d187b1d78fc9094c6cac23b640b,high_curvature,3,1.0,1.0,28248297.0,1.0,6.626689190180401,0.0,,,
panda,pink_qp,0c2a95a498c1bf13c2df4295db29a5367cf069e157e300d36211ce1951b2bf0e,smooth,1,1.0,1.0,154270395.0,1.0,0.8146854997603413,0.0,,,
panda,pink_qp,125d0ba81f8f99703f34ce79c430375e614edd8d7281141ad9df7e9828fed992,joint_limit_return,1,1.0,1.0,146888727.0,1.0,0.6981899370518191,0.0,,,
panda,pink_qp,166f9f9c01b7bdb7e23bb78eb834aa40e45e3eac2d5c263419996286861ad9dc,joint_limit_return,1,1.0,1.0,102602181.0,1.0,0.7364915305379321,0.0,,,
panda,pink_qp,16ab30a670ddc1bb59f64aa11421a7a95e2a13b391b17e7261a85fb14178c0bc,joint_limit_return,1,1.0,1.0,151621539.0,1.0,2.5980441197595994,0.0,,,
panda,pink_qp,1742dca2b4e66648ef384a591bc48af258b7ccf01a3b1f0930d212a06b1f978c,near_singular,1,1.0,1.0,121448138.0,1.0,8.02606031186952,0.0,,,
panda,pink_qp,380513eac133b886f7e375e39250059ba16f3133d3a5d3b8ff244470af2eb5ae,high_curvature,1,1.0,1.0,111784505.0,1.0,5.536935280663696,0.0,,,
panda,pink_qp,40c3eae024871d71025c88c09b1bbffc1b50b311548d53112ed8d4118883654a,near_singular,1,1.0,1.0,150807802.0,1.0,0.4995676857806554,0.0,,,
panda,pink_qp,41c501982d64297056fe7d1239938d5f0fb508b8c32ed74b2b5c72d3bf1ddba1,joint_limit_return,1,1.0,1.0,152491766.0,1.0,0.9645233991116013,0.0,,,
panda,pink_qp,49e505b5dd8506da453322d27fabacda172e9baf611dd7b1ccac4b4220f68113,near_singular,1,1.0,1.0,143555857.0,1.0,12.062483469837435,0.0,,,
panda,pink_qp,4afc296390cd2da8318a4ba9544aebe6e73de828b20fea6cbaeedda3bf7a189f,joint_limit_return,1,1.0,1.0,151394869.0,1.0,0.8109637297348004,0.0,,,
panda,pink_qp,4e626ba28da6a8d45d22f023c3732e2d796c83a0e74df2aa41168fe26f6dccab,near_singular,1,0.0,0.0,144729074.0,0.8133333333333334,5.6003883010872,0.00819672131147541,,,
panda,pink_qp,525ed23e41917cce27c978b0c676be43016f2541aa51a8185bbab7e6ce610192,near_singular,1,1.0,1.0,141774333.0,1.0,14.61888794273332,0.0,,,
panda,pink_qp,5560810f9d87891ba612f00a19811ec608860538b5dbf8f478a2cc168f4d1547,joint_limit_return,1,1.0,1.0,152088412.0,1.0,1.7294671874173717,0.0,,,
panda,pink_qp,62749969a81aa229bd98bbc6a77941b40960bf5ae0886a5dfe36f5eff62e5c1c,joint_limit_return,1,1.0,1.0,136459483.0,1.0,0.5985978695703988,0.0,,,
panda,pink_qp,6b43e53a09d43b068012e38e4082dc1a83a7da4ac12d3b1a7c10621fab8498a4,smooth,1,1.0,1.0,139371907.0,1.0,0.5909815334562702,0.0,,,
panda,pink_qp,6f61a4f090c2631561aee85944d25bbb3ec9ae75f330ddc67dd8f755fa60ea51,joint_limit_return,1,1.0,1.0,131036953.0,1.0,1.642845085784375,0.0,,,
panda,pink_qp,703e80ee1a10cacc408a225bf4b9b1d1a8b7cd7c18ef82408fe61c8b6b1a1fa4,joint_limit_return,1,1.0,1.0,154994715.0,1.0,2.961173026746098,0.0,,,
panda,pink_qp,827f4c481262ed599d5a62ea92d72f83f9d2baecaa5e733c4c0018e796d573d5,high_curvature,1,0.0,0.0,131125705.0,0.7,12.569781595621395,0.01904761904761905,,,
panda,pink_qp,8ffc69b10a990e9806b11a88aa9d56ad2edaf960a5dbd463eff00cf8c0b24859,high_curvature,1,1.0,1.0,142259056.0,1.0,7.8431550889652755,0.0,,,
panda,pink_qp,972b6c7f62ad2d88a1171405175e002fe4dad516aaa6300e4c090613265f4592,smooth,1,1.0,1.0,156525740.0,1.0,0.7878705333797553,0.0,,,
panda,pink_qp,98b02d6a697ef616fb15325aca1f5748ceba5d966785b4f1677767ebff16420f,smooth,1,1.0,1.0,142195088.0,1.0,1.0144205628195009,0.0,,,
panda,pink_qp,9a94337fb5b3319c8ba9dcce20e827630b16d9a348f1f3aa8709c5d0df3406af,near_singular,1,1.0,1.0,165746787.0,1.0,0.7689519509256314,0.0,,,
panda,pink_qp,a62f788b8607be02b7f7a70f0234d741c3a3ffbce60a66d892cb748dca4ac32c,smooth,1,1.0,1.0,132896104.0,1.0,0.7872605637968084,0.0,,,
panda,pink_qp,a74d26d3694c4e4d15b8817c29ef75a4bd43cb4d8d1ebf3ae4154e26d80ab4a4,smooth,1,1.0,1.0,157519554.0,1.0,0.8836881236719779,0.0,,,
panda,pink_qp,b47f91198895baa3999a406c9c32516cd3e78dd7e42a8bccccc4cd058a03020a,joint_limit_return,1,1.0,1.0,153865061.0,1.0,1.1460322191025802,0.0,,,
panda,pink_qp,b88225558b53c7528d4fc1a56455ceac395ea6a65306515006580362af026e1e,high_curvature,1,1.0,1.0,115030975.0,1.0,8.516079573520747,0.0,,,
panda,pink_qp,ba9bbb877bd562764b9ad1fe612339400f4396f8e4e3ccdd742d4a4326684c27,smooth,1,1.0,1.0,117293264.0,1.0,0.7648179489753624,0.0,,,
panda,pink_qp,bb2d7133de7083285ff7ede00b959e62fc3bf5dc626bfa521b77361d0f3f759e,high_curvature,1,1.0,1.0,144087981.0,1.0,6.32317632666306,0.0,,,
panda,pink_qp,c27c85dfc1ac902402f2c27d5ecd007325d528654413acef4dab0af30af48583,high_curvature,1,1.0,1.0,141484577.0,1.0,6.9663474845003,0.0,,,
panda,pink_qp,c99e2c9b46eb1858a0dd2f525833e49b6f0b7c25001781f1b00044934372d935,near_singular,1,1.0,1.0,139013792.0,1.0,2.5554068605522184,0.0,,,
panda,pink_qp,ca9065ec04392f64d1cce7cea6e6ae7ba224495be6a41fa0902e34ddeb925465,near_singular,1,0.0,0.0,129646258.0,0.8133333333333334,21.92627750906463,0.0,,,
panda,pink_qp,cdb906e5ffe0888b5856461ef6bee1b8809232e928fd853beb25f1903a7d798a,smooth,1,1.0,1.0,140254299.0,1.0,0.6442190054329557,0.0,,,
panda,pink_qp,d8e06950cec2579c739f7f6d3dbb3628755dfd76be5740fad3bec38b4ef94cc6,near_singular,1,1.0,1.0,142878721.0,1.0,0.5049156230253834,0.0,,,
panda,pink_qp,e7257c22abc9d850802582540365f4bc972868280e40708e45700776b6ad2aca,high_curvature,1,1.0,1.0,146712333.0,1.0,6.390171803485504,0.0,,,
panda,pink_qp,e928208c5cfa766679be750c366c336bdeb1caea1f8283ea513bc5392401481b,smooth,1,1.0,1.0,152320521.0,1.0,0.7304703424418265,0.0,,,
panda,pink_qp,ea5503530085a4b7fba1457389f090742de31c9aa6ebe8907aa867289b032370,near_singular,1,1.0,1.0,149919936.0,1.0,5.833894048651954,0.0,,,
panda,pink_qp,ea5e2ac9bfe24625cf9368e4931dfe5a7f878c028b94ce7ca271455c05bad4e6,smooth,1,1.0,1.0,126359621.0,1.0,0.5702198343853782,0.0,,,
panda,pink_qp,f77f30aad07c01747cccac5f99de0454266b5b9453dc6357da97f2c8d2529cfc,high_curvature,1,1.0,1.0,151194540.0,1.0,5.52201960832949,0.0,,,
panda,pink_qp,f786741c9f59d7d552811f1959141226fb4d169d5c149b34b1fb99edb7839b2c,high_curvature,1,1.0,1.0,147345949.0,1.0,8.037221038946448,0.0,,,
panda,pink_qp,fd96ca4300b705b343cbde5bb7d97076acca0d187b1d78fc9094c6cac23b640b,high_curvature,1,1.0,1.0,147748103.0,1.0,6.6012661805033055,0.0,,,
panda,cr_ik,0c2a95a498c1bf13c2df4295db29a5367cf069e157e300d36211ce1951b2bf0e,smooth,3,1.0,1.0,921725296.3333334,1.0,0.6913519902337283,0.0,1.0,0.06092756932788948,0.006666666666666667
panda,cr_ik,125d0ba81f8f99703f34ce79c430375e614edd8d7281141ad9df7e9828fed992,joint_limit_return,3,1.0,1.0,873631593.0,1.0,0.7978021326585104,0.0,1.0,0.032096905190955795,0.006666666666666667
panda,cr_ik,166f9f9c01b7bdb7e23bb78eb834aa40e45e3eac2d5c263419996286861ad9dc,joint_limit_return,3,1.0,1.0,908086649.0,1.0,0.7085477612671848,0.0,1.0,0.028422987518932758,0.0
panda,cr_ik,16ab30a670ddc1bb59f64aa11421a7a95e2a13b391b17e7261a85fb14178c0bc,joint_limit_return,3,1.0,1.0,888332682.6666666,1.0,1.0660645130064346,0.02666666666666667,1.0,0.07006155200654957,0.0
panda,cr_ik,1742dca2b4e66648ef384a591bc48af258b7ccf01a3b1f0930d212a06b1f978c,near_singular,3,1.0,1.0,900585285.0,1.0,12.935690478657515,0.0,1.0,0.140035859425007,0.30444444444444446
panda,cr_ik,380513eac133b886f7e375e39250059ba16f3133d3a5d3b8ff244470af2eb5ae,high_curvature,3,1.0,1.0,931222520.6666666,1.0,6.269169383040187,0.37333333333333335,1.0,0.12458714955666016,0.0
panda,cr_ik,40c3eae024871d71025c88c09b1bbffc1b50b311548d53112ed8d4118883654a,near_singular,3,1.0,1.0,898089934.6666666,1.0,8.487597571838924,0.0,1.0,0.16758135080469747,0.12
panda,cr_ik,41c501982d64297056fe7d1239938d5f0fb508b8c32ed74b2b5c72d3bf1ddba1,joint_limit_return,3,1.0,1.0,886895264.6666666,1.0,3.9976118859698158,0.0,1.0,0.21470270729242516,0.07333333333333333
panda,cr_ik,49e505b5dd8506da453322d27fabacda172e9baf611dd7b1ccac4b4220f68113,near_singular,3,1.0,1.0,877047230.3333334,1.0,5.66583583233599,0.0,1.0,0.1398572681793403,0.02666666666666667
panda,cr_ik,4afc296390cd2da8318a4ba9544aebe6e73de828b20fea6cbaeedda3bf7a189f,joint_limit_return,3,1.0,1.0,917877908.6666666,1.0,0.9588775641606389,0.013333333333333334,1.0,0.03655903329681499,0.0
panda,cr_ik,4e626ba28da6a8d45d22f023c3732e2d796c83a0e74df2aa41168fe26f6dccab,near_singular,3,0.0,0.0,882191852.3333334,0.7555555555555555,12.504305904462635,0.01462169515747815,1.0,0.38400357627164716,0.11231678814352312
panda,cr_ik,525ed23e41917cce27c978b0c676be43016f2541aa51a8185bbab7e6ce610192,near_singular,3,1.0,1.0,869666471.3333334,1.0,12.227967406360664,0.0,1.0,0.06478618878298403,0.19999999999999998
panda,cr_ik,5560810f9d87891ba612f00a19811ec608860538b5dbf8f478a2cc168f4d1547,joint_limit_return,3,1.0,0.6666666666666666,947109463.3333334,1.0,1.9144337935467781,0.06666666666666667,1.0,0.08888358151245686,0.0
panda,cr_ik,62749969a81aa229bd98bbc6a77941b40960bf5ae0886a5dfe36f5eff62e5c1c,joint_limit_return,3,1.0,1.0,858821091.0,1.0,0.7315135871305536,0.0,1.0,0.09924118998927228,0.02
panda,cr_ik,6b43e53a09d43b068012e38e4082dc1a83a7da4ac12d3b1a7c10621fab8498a4,smooth,3,1.0,1.0,885204581.3333334,1.0,0.6092265624207519,0.22,1.0,0.06476618256597146,0.0
panda,cr_ik,6f61a4f090c2631561aee85944d25bbb3ec9ae75f330ddc67dd8f755fa60ea51,joint_limit_return,3,1.0,1.0,911569771.6666666,1.0,5.842378649297369,0.006666666666666667,1.0,0.158864910037969,0.0
panda,cr_ik,703e80ee1a10cacc408a225bf4b9b1d1a8b7cd7c18ef82408fe61c8b6b1a1fa4,joint_limit_return,3,1.0,1.0,937786740.3333334,1.0,5.502216799723647,0.36000000000000004,1.0,0.17970493872323057,0.0
panda,cr_ik,827f4c481262ed599d5a62ea92d72f83f9d2baecaa5e733c4c0018e796d573d5,high_curvature,3,1.0,1.0,900766132.3333334,1.0,9.311999128469912,0.0,1.0,0.1727026787212457,0.044444444444444446
panda,cr_ik,8ffc69b10a990e9806b11a88aa9d56ad2edaf960a5dbd463eff00cf8c0b24859,high_curvature,3,1.0,1.0,889769082.6666666,1.0,10.091014567415405,0.11333333333333333,1.0,0.1226939934996661,0.03333333333333333
panda,cr_ik,972b6c7f62ad2d88a1171405175e002fe4dad516aaa6300e4c090613265f4592,smooth,3,1.0,1.0,903535643.6666666,1.0,0.778529776592681,0.0,1.0,0.06023883427386518,0.0
panda,cr_ik,98b02d6a697ef616fb15325aca1f5748ceba5d966785b4f1677767ebff16420f,smooth,3,1.0,1.0,875144203.6666666,1.0,0.7544847668392257,0.0,1.0,0.03644045942640358,0.0
panda,cr_ik,9a94337fb5b3319c8ba9dcce20e827630b16d9a348f1f3aa8709c5d0df3406af,near_singular,3,1.0,1.0,889555751.3333334,1.0,6.615494783560837,0.0,1.0,0.2608092910774122,0.006666666666666667
panda,cr_ik,a62f788b8607be02b7f7a70f0234d741c3a3ffbce60a66d892cb748dca4ac32c,smooth,3,1.0,1.0,879368900.3333334,1.0,0.9392836649043298,0.05333333333333334,1.0,0.04508895716831324,0.0
panda,cr_ik,a74d26d3694c4e4d15b8817c29ef75a4bd43cb4d8d1ebf3ae4154e26d80ab4a4,smooth,3,1.0,1.0,882920780.6666666,1.0,0.7360511879747115,0.0,1.0,0.03168732197180728,0.0
panda,cr_ik,b47f91198895baa3999a406c9c32516cd3e78dd7e42a8bccccc4cd058a03020a,joint_limit_return,3,0.6666666666666666,0.3333333333333333,934505711.0,0.9955555555555556,9.401205614156636,0.01786786786786787,1.0,0.16921769484380453,0.040240240240240234
panda,cr_ik,b88225558b53c7528d4fc1a56455ceac395ea6a65306515006580362af026e1e,high_curvature,3,1.0,1.0,930726211.3333334,1.0,14.236367736281062,0.4000000000000001,1.0,0.24002119058233548,0.006666666666666667
panda,cr_ik,ba9bbb877bd562764b9ad1fe612339400f4396f8e4e3ccdd742d4a4326684c27,smooth,3,1.0,1.0,892683455.3333334,1.0,0.7733128764589917,0.0,1.0,0.01709363880059512,0.006666666666666667
panda,cr_ik,bb2d7133de7083285ff7ede00b959e62fc3bf5dc626bfa521b77361d0f3f759e,high_curvature,3,1.0,0.6666666666666666,930188420.3333334,1.0,8.168552750102192,0.26,1.0,0.13484159111592,0.0
panda,cr_ik,c27c85dfc1ac902402f2c27d5ecd007325d528654413acef4dab0af30af48583,high_curvature,3,1.0,1.0,932304829.3333334,1.0,9.667632327778138,0.34,1.0,0.14752419244392548,0.0
panda,cr_ik,c99e2c9b46eb1858a0dd2f525833e49b6f0b7c25001781f1b00044934372d935,near_singular,3,1.0,1.0,917681524.0,1.0,2.297661506640802,0.0,1.0,0.1357127519093003,0.0044444444444444444
panda,cr_ik,ca9065ec04392f64d1cce7cea6e6ae7ba224495be6a41fa0902e34ddeb925465,near_singular,3,0.0,0.0,892788504.0,0.68,7.214085151093031,0.0,1.0,0.5207031908640484,0.016375404530744337
panda,cr_ik,cdb906e5ffe0888b5856461ef6bee1b8809232e928fd853beb25f1903a7d798a,smooth,3,1.0,1.0,907120056.0,1.0,0.6376339519054212,0.0,1.0,0.01801353768798677,0.0
panda,cr_ik,d8e06950cec2579c739f7f6d3dbb3628755dfd76be5740fad3bec38b4ef94cc6,near_singular,3,1.0,1.0,847718816.6666666,1.0,5.388850162026589,0.0,1.0,0.2285597478167315,0.09333333333333334
panda,cr_ik,e7257c22abc9d850802582540365f4bc972868280e40708e45700776b6ad2aca,high_curvature,3,1.0,1.0,922198259.0,1.0,12.543226492382601,0.13333333333333333,1.0,0.1562892202199404,0.006666666666666667
panda,cr_ik,e928208c5cfa766679be750c366c336bdeb1caea1f8283ea513bc5392401481b,smooth,3,1.0,1.0,922450863.6666666,1.0,1.117306244778062,0.08666666666666667,1.0,0.046964931364721275,0.0
panda,cr_ik,ea5503530085a4b7fba1457389f090742de31c9aa6ebe8907aa867289b032370,near_singular,3,1.0,1.0,894836856.3333334,1.0,5.837952389133162,0.0,1.0,0.21457766942842837,0.06444444444444444
panda,cr_ik,ea5e2ac9bfe24625cf9368e4931dfe5a7f878c028b94ce7ca271455c05bad4e6,smooth,3,1.0,0.3333333333333333,913663231.0,1.0,2.0846118782476912,0.013333333333333334,1.0,0.07317683561695117,0.0
panda,cr_ik,f77f30aad07c01747cccac5f99de0454266b5b9453dc6357da97f2c8d2529cfc,high_curvature,3,1.0,1.0,925840093.6666666,1.0,7.434890760488545,0.07333333333333333,1.0,0.10904214830804893,0.0
panda,cr_ik,f786741c9f59d7d552811f1959141226fb4d169d5c149b34b1fb99edb7839b2c,high_curvature,3,1.0,1.0,924240284.0,1.0,9.521927874231535,0.23111111111111113,1.0,0.1454200681728081,0.0
panda,cr_ik,fd96ca4300b705b343cbde5bb7d97076acca0d187b1d78fc9094c6cac23b640b,high_curvature,3,1.0,1.0,914619358.6666666,1.0,6.7880748648609055,0.14666666666666667,1.0,0.09573900654604373,0.0
panda,two_step_predictive,0c2a95a498c1bf13c2df4295db29a5367cf069e157e300d36211ce1951b2bf0e,smooth,3,1.0,1.0,593641727.0,1.0,0.6679233120865032,0.0,1.0,0.06198628679259169,0.0
panda,two_step_predictive,125d0ba81f8f99703f34ce79c430375e614edd8d7281141ad9df7e9828fed992,joint_limit_return,3,1.0,1.0,595140942.6666666,1.0,0.6753039568811569,0.0,1.0,0.03295424934745682,0.0
panda,two_step_predictive,166f9f9c01b7bdb7e23bb78eb834aa40e45e3eac2d5c263419996286861ad9dc,joint_limit_return,3,1.0,1.0,606791760.0,1.0,0.6986670901266264,0.0,1.0,0.026313584645400012,0.0
panda,two_step_predictive,16ab30a670ddc1bb59f64aa11421a7a95e2a13b391b17e7261a85fb14178c0bc,joint_limit_return,3,1.0,1.0,598099083.0,1.0,0.9266057226740837,0.0,1.0,0.059631234648180924,0.0
panda,two_step_predictive,1742dca2b4e66648ef384a591bc48af258b7ccf01a3b1f0930d212a06b1f978c,near_singular,3,1.0,1.0,615166347.0,1.0,7.298683759775138,0.0,1.0,0.45992975421350946,0.0
panda,two_step_predictive,380513eac133b886f7e375e39250059ba16f3133d3a5d3b8ff244470af2eb5ae,high_curvature,3,1.0,1.0,583103690.0,1.0,5.4965768597456135,0.0,1.0,0.04119161495302337,0.0
panda,two_step_predictive,40c3eae024871d71025c88c09b1bbffc1b50b311548d53112ed8d4118883654a,near_singular,3,1.0,1.0,606329349.0,1.0,2.5944055524245164,0.0,1.0,0.32335029180859703,0.0
panda,two_step_predictive,41c501982d64297056fe7d1239938d5f0fb508b8c32ed74b2b5c72d3bf1ddba1,joint_limit_return,3,1.0,1.0,587003488.3333334,1.0,4.318742763263188,0.0,1.0,0.26301111796274296,0.0
panda,two_step_predictive,49e505b5dd8506da453322d27fabacda172e9baf611dd7b1ccac4b4220f68113,near_singular,3,1.0,1.0,613156769.3333334,1.0,5.379958108204719,0.0,1.0,0.1635356242558692,0.0
panda,two_step_predictive,4afc296390cd2da8318a4ba9544aebe6e73de828b20fea6cbaeedda3bf7a189f,joint_limit_return,3,1.0,0.6666666666666666,614772862.6666666,1.0,0.7154011003140927,0.0,0.9977777777777778,0.020014361054986315,0.0022222222222222222
panda,two_step_predictive,4e626ba28da6a8d45d22f023c3732e2d796c83a0e74df2aa41168fe26f6dccab,near_singular,3,0.6666666666666666,0.6666666666666666,617344105.0,0.9,8.595659890675273,0.0,1.0,0.3141508224140396,0.0761904761904762
panda,two_step_predictive,525ed23e41917cce27c978b0c676be43016f2541aa51a8185bbab7e6ce610192,near_singular,3,1.0,1.0,603671576.6666666,1.0,3.2623309792944153,0.0,1.0,0.08364036444643502,0.0022222222222222222
panda,two_step_predictive,5560810f9d87891ba612f00a19811ec608860538b5dbf8f478a2cc168f4d1547,joint_limit_return,3,1.0,1.0,612840711.6666666,1.0,0.7758016765140505,0.0,1.0,0.03463399233164109,0.0
panda,two_step_predictive,62749969a81aa229bd98bbc6a77941b40960bf5ae0886a5dfe36f5eff62e5c1c,joint_limit_return,3,1.0,1.0,578718051.0,1.0,0.5834298824063061,0.0,1.0,0.11422551870597403,0.0
panda,two_step_predictive,6b43e53a09d43b068012e38e4082dc1a83a7da4ac12d3b1a7c10621fab8498a4,smooth,3,1.0,1.0,597647960.6666666,1.0,0.5878186047766192,0.0,1.0,0.020438838012964766,0.0
panda,two_step_predictive,6f61a4f090c2631561aee85944d25bbb3ec9ae75f330ddc67dd8f755fa60ea51,joint_limit_return,3,1.0,1.0,603672835.6666666,1.0,0.7996018605323133,0.0,1.0,0.028580904114382532,0.0
panda,two_step_predictive,703e80ee1a10cacc408a225bf4b9b1d1a8b7cd7c18ef82408fe61c8b6b1a1fa4,joint_limit_return,3,1.0,1.0,594027061.3333334,1.0,2.0003214066751203,0.0,1.0,0.08217322756882771,0.0
panda,two_step_predictive,827f4c481262ed599d5a62ea92d72f83f9d2baecaa5e733c4c0018e796d573d5,high_curvature,3,0.3333333333333333,0.3333333333333333,689430000.3333334,0.9022222222222224,9.676851105526493,0.0,1.0,0.23816612264712153,0.0026041666666666665
panda,two_step_predictive,8ffc69b10a990e9806b11a88aa9d56ad2edaf960a5dbd463eff00cf8c0b24859,high_curvature,3,1.0,1.0,633540910.3333334,1.0,7.444112080784002,0.0,1.0,0.07208348176241695,0.0
panda,two_step_predictive,972b6c7f62ad2d88a1171405175e002fe4dad516aaa6300e4c090613265f4592,smooth,3,1.0,1.0,581238965.6666666,1.0,0.7537544559403774,0.0,1.0,0.0598500093036358,0.0
panda,two_step_predictive,98b02d6a697ef616fb15325aca1f5748ceba5d966785b4f1677767ebff16420f,smooth,3,1.0,1.0,600274020.3333334,1.0,0.7229077287640524,0.0,1.0,0.035700802267088855,0.0
panda,two_step_predictive,9a94337fb5b3319c8ba9dcce20e827630b16d9a348f1f3aa8709c5d0df3406af,near_singular,3,1.0,1.0,649159943.0,1.0,5.69143059394953,0.0,1.0,0.22366481202828084,0.024444444444444446
panda,two_step_predictive,a62f788b8607be02b7f7a70f0234d741c3a3ffbce60a66d892cb748dca4ac32c,smooth,3,1.0,1.0,592660429.3333334,1.0,0.788033208727042,0.0,1.0,0.03241951528447341,0.0
panda,two_step_predictive,a74d26d3694c4e4d15b8817c29ef75a4bd43cb4d8d1ebf3ae4154e26d80ab4a4,smooth,3,1.0,1.0,605674116.6666666,1.0,0.7083312297872331,0.0,1.0,0.034156763786043355,0.0
panda,two_step_predictive,b47f91198895baa3999a406c9c32516cd3e78dd7e42a8bccccc4cd058a03020a,joint_limit_return,3,1.0,1.0,625684138.6666666,1.0,3.7827067555197025,0.0,1.0,0.17379428370825434,0.0
panda,two_step_predictive,b88225558b53c7528d4fc1a56455ceac395ea6a65306515006580362af026e1e,high_curvature,3,1.0,1.0,573663321.6666666,1.0,8.471845799319015,0.0,1.0,0.03205133816884832,0.0
panda,two_step_predictive,ba9bbb877bd562764b9ad1fe612339400f4396f8e4e3ccdd742d4a4326684c27,smooth,3,1.0,1.0,593147018.0,1.0,0.7650581135294668,0.0,1.0,0.0179119755870393,0.0
panda,two_step_predictive,bb2d7133de7083285ff7ede00b959e62fc3bf5dc626bfa521b77361d0f3f759e,high_curvature,3,1.0,1.0,590623627.3333334,1.0,6.325352146774697,0.0,1.0,0.049341865353739224,0.0
panda,two_step_predictive,c27c85dfc1ac902402f2c27d5ecd007325d528654413acef4dab0af30af48583,high_curvature,3,1.0,0.6666666666666666,625764902.3333334,1.0,6.947611113506741,0.0,0.9977777777777778,0.03663310023243523,0.0022222222222222222
panda,two_step_predictive,c99e2c9b46eb1858a0dd2f525833e49b6f0b7c25001781f1b00044934372d935,near_singular,3,1.0,1.0,605693887.0,1.0,1.8941582230885796,0.0,1.0,0.1571236800900945,0.0
panda,two_step_predictive,ca9065ec04392f64d1cce7cea6e6ae7ba224495be6a41fa0902e34ddeb925465,near_singular,3,0.0,0.0,716500893.0,0.6555555555555556,7.856563607931858,0.003401360544217687,1.0,0.4766155411588247,0.08135779564350992
panda,two_step_predictive,cdb906e5ffe0888b5856461ef6bee1b8809232e928fd853beb25f1903a7d798a,smooth,3,1.0,1.0,599075696.6666666,1.0,0.6374488000942495,0.0,1.0,0.01709141152942038,0.0
panda,two_step_predictive,d8e06950cec2579c739f7f6d3dbb3628755dfd76be5740fad3bec38b4ef94cc6,near_singular,3,1.0,1.0,627702747.6666666,1.0,0.5842098318848539,0.0,1.0,0.34027824599912543,0.0
panda,two_step_predictive,e7257c22abc9d850802582540365f4bc972868280e40708e45700776b6ad2aca,high_curvature,3,1.0,1.0,597854418.3333334,1.0,6.206862554709947,0.0,1.0,0.07331438229682863,0.0
panda,two_step_predictive,e928208c5cfa766679be750c366c336bdeb1caea1f8283ea513bc5392401481b,smooth,3,1.0,1.0,593921099.3333334,1.0,0.6621380151578876,0.0,1.0,0.03721601075215507,0.0
panda,two_step_predictive,ea5503530085a4b7fba1457389f090742de31c9aa6ebe8907aa867289b032370,near_singular,3,1.0,1.0,625763171.0,1.0,4.1975539311915675,0.0,1.0,0.25542366945135153,0.011171171171171173
panda,two_step_predictive,ea5e2ac9bfe24625cf9368e4931dfe5a7f878c028b94ce7ca271455c05bad4e6,smooth,3,1.0,1.0,610034406.0,1.0,0.5701125579887657,0.0,1.0,0.06794185869408237,0.0
panda,two_step_predictive,f77f30aad07c01747cccac5f99de0454266b5b9453dc6357da97f2c8d2529cfc,high_curvature,3,1.0,1.0,592911995.3333334,1.0,5.41654670815533,0.0,1.0,0.047944646089273256,0.0
panda,two_step_predictive,f786741c9f59d7d552811f1959141226fb4d169d5c149b34b1fb99edb7839b2c,high_curvature,3,1.0,1.0,601515882.3333334,1.0,7.179676105045914,0.0,1.0,0.0783873885872336,0.0
panda,two_step_predictive,fd96ca4300b705b343cbde5bb7d97076acca0d187b1d78fc9094c6cac23b640b,high_curvature,3,1.0,1.0,586654996.0,1.0,6.256030549596377,0.0,1.0,0.039272100347218133,0.0
panda,cr_ik_minimal,0c2a95a498c1bf13c2df4295db29a5367cf069e157e300d36211ce1951b2bf0e,smooth,3,1.0,1.0,105348539.33333333,1.0,3.737653652982203,0.0,0.38666666666666666,0.0,1.0
panda,cr_ik_minimal,125d0ba81f8f99703f34ce79c430375e614edd8d7281141ad9df7e9828fed992,joint_limit_return,3,1.0,1.0,97263009.33333333,1.0,1.6476797043429752,0.0,0.13333333333333333,0.0,1.0
panda,cr_ik_minimal,166f9f9c01b7bdb7e23bb78eb834aa40e45e3eac2d5c263419996286861ad9dc,joint_limit_return,3,1.0,1.0,109867744.33333333,1.0,1.67201962101037,0.0,0.20222222222222222,2.1775510926959745e-06,0.9555555555555556
panda,cr_ik_minimal,16ab30a670ddc1bb59f64aa11421a7a95e2a13b391b17e7261a85fb14178c0bc,joint_limit_return,3,1.0,1.0,124304929.33333333,1.0,2.317040956253931,0.0,0.27999999999999997,6.361413468211784e-06,0.9933333333333333
panda,cr_ik_minimal,1742dca2b4e66648ef384a591bc48af258b7ccf01a3b1f0930d212a06b1f978c,near_singular,3,1.0,1.0,111498127.0,1.0,3.0294188270068036,0.0022222222222222222,0.5422222222222223,0.0004698509793638809,0.9866666666666667
panda,cr_ik_minimal,380513eac133b886f7e375e39250059ba16f3133d3a5d3b8ff244470af2eb5ae,high_curvature,3,1.0,1.0,168115191.33333334,1.0,5.71918328098752,0.0,0.9533333333333335,0.00013642866108706073,0.9911111111111112
panda,cr_ik_minimal,40c3eae024871d71025c88c09b1bbffc1b50b311548d53112ed8d4118883654a,near_singular,3,1.0,1.0,117814037.66666667,1.0,3.6977010984214917,0.0,0.42,0.00116957477925573,0.9688888888888889
panda,cr_ik_minimal,41c501982d64297056fe7d1239938d5f0fb508b8c32ed74b2b5c72d3bf1ddba1,joint_limit_return,3,1.0,1.0,165126932.33333334,1.0,3.1595526591807457,0.0,0.7622222222222222,0.0035894729970224787,0.8888888888888888
panda,cr_ik_minimal,49e505b5dd8506da453322d27fabacda172e9baf611dd7b1ccac4b4220f68113,near_singular,3,1.0,1.0,291959365.3333333,1.0,5.174401334927517,0.008888888888888889,0.7066666666666667,0.003661737461087084,0.9488888888888889
panda,cr_ik_minimal,4afc296390cd2da8318a4ba9544aebe6e73de828b20fea6cbaeedda3bf7a189f,joint_limit_return,3,1.0,1.0,107083001.0,1.0,1.3478867118497488,0.0,0.13333333333333333,0.0,1.0
panda,cr_ik_minimal,4e626ba28da6a8d45d22f023c3732e2d796c83a0e74df2aa41168fe26f6dccab,near_singular,3,0.0,0.0,345211109.0,0.7555555555555555,9.177070078475882,0.011852548036758564,0.7399999999999999,0.0009052454629876579,0.9940998329156224
panda,cr_ik_minimal,525ed23e41917cce27c978b0c676be43016f2541aa51a8185bbab7e6ce610192,near_singular,3,1.0,1.0,105919025.0,1.0,9.792460811581895,0.008888888888888889,0.31333333333333335,0.0007048008242616311,0.9866666666666667
panda,cr_ik_minimal,5560810f9d87891ba612f00a19811ec608860538b5dbf8f478a2cc168f4d1547,joint_limit_return,3,1.0,1.0,123191497.33333333,1.0,0.7648321087103523,0.0,0.17333333333333334,0.0037142007063182543,0.8622222222222223
panda,cr_ik_minimal,62749969a81aa229bd98bbc6a77941b40960bf5ae0886a5dfe36f5eff62e5c1c,joint_limit_return,3,1.0,1.0,94914131.66666667,1.0,2.2174306199691687,0.0,0.13333333333333333,0.0,1.0
panda,cr_ik_minimal,6b43e53a09d43b068012e38e4082dc1a83a7da4ac12d3b1a7c10621fab8498a4,smooth,3,1.0,1.0,87158850.33333333,1.0,1.2020309912672642,0.0,0.0044444444444444444,0.0,1.0
panda,cr_ik_minimal,6f61a4f090c2631561aee85944d25bbb3ec9ae75f330ddc67dd8f755fa60ea51,joint_limit_return,3,1.0,1.0,105540814.0,1.0,0.7470113543924971,0.0,0.24,1.8524706567261534e-06,0.9288888888888889
panda,cr_ik_minimal,703e80ee1a10cacc408a225bf4b9b1d1a8b7cd7c18ef82408fe61c8b6b1a1fa4,joint_limit_return,3,1.0,1.0,153596557.0,1.0,3.414297833498301,0.0,0.35555555555555557,2.0773517398915218e-05,0.8933333333333334
panda,cr_ik_minimal,827f4c481262ed599d5a62ea92d72f83f9d2baecaa5e733c4c0018e796d573d5,high_curvature,3,1.0,1.0,134251933.33333334,1.0,7.926260537177934,0.0,1.0,0.0,1.0
panda,cr_ik_minimal,8ffc69b10a990e9806b11a88aa9d56ad2edaf960a5dbd463eff00cf8c0b24859,high_curvature,3,1.0,1.0,136103758.0,1.0,8.407523137877668,0.0,1.0,0.0,1.0
panda,cr_ik_minimal,972b6c7f62ad2d88a1171405175e002fe4dad516aaa6300e4c090613265f4592,smooth,3,1.0,1.0,119703013.33333333,1.0,3.235934540988243,0.0022222222222222222,0.2333333333333333,0.0007122220329815873,0.9622222222222222
panda,cr_ik_minimal,98b02d6a697ef616fb15325aca1f5748ceba5d966785b4f1677767ebff16420f,smooth,3,1.0,1.0,135532630.33333334,1.0,1.7785413504431224,0.0,0.6511111111111111,0.001036793840718389,0.8866666666666667
panda,cr_ik_minimal,9a94337fb5b3319c8ba9dcce20e827630b16d9a348f1f3aa8709c5d0df3406af,near_singular,3,1.0,1.0,151474668.66666666,1.0,18.328589177211025,0.0,0.6933333333333334,0.0,1.0
panda,cr_ik_minimal,a62f788b8607be02b7f7a70f0234d741c3a3ffbce60a66d892cb748dca4ac32c,smooth,3,1.0,1.0,111077122.66666667,1.0,3.62581011680885,0.0,0.13333333333333333,0.0016382586049717254,0.9644444444444445
panda,cr_ik_minimal,a74d26d3694c4e4d15b8817c29ef75a4bd43cb4d8d1ebf3ae4154e26d80ab4a4,smooth,3,1.0,1.0,100277377.33333333,1.0,1.352232021990796,0.0022222222222222222,0.13333333333333333,0.0,1.0
panda,cr_ik_minimal,b47f91198895baa3999a406c9c32516cd3e78dd7e42a8bccccc4cd058a03020a,joint_limit_return,3,0.3333333333333333,0.3333333333333333,426645404.0,0.6666666666666666,6.942067409308534,0.015555555555555557,0.5711111111111111,6.923776973507887e-13,0.9908675799086758
panda,cr_ik_minimal,b88225558b53c7528d4fc1a56455ceac395ea6a65306515006580362af026e1e,high_curvature,3,1.0,1.0,136976721.33333334,1.0,8.664144439994386,0.0,1.0,0.0,1.0
panda,cr_ik_minimal,ba9bbb877bd562764b9ad1fe612339400f4396f8e4e3ccdd742d4a4326684c27,smooth,3,1.0,1.0,111201015.66666667,1.0,1.8084592037630356,0.0,0.12666666666666668,0.0,1.0
panda,cr_ik_minimal,bb2d7133de7083285ff7ede00b959e62fc3bf5dc626bfa521b77361d0f3f759e,high_curvature,3,1.0,1.0,140885726.0,1.0,7.471896538421427,0.0,0.9666666666666667,0.0006136906769853805,0.9911111111111112
panda,cr_ik_minimal,c27c85dfc1ac902402f2c27d5ecd007325d528654413acef4dab0af30af48583,high_curvature,3,1.0,1.0,123346332.33333333,1.0,7.131212062923722,0.0,0.30444444444444446,0.00129418339850221,0.94
panda,cr_ik_minimal,c99e2c9b46eb1858a0dd2f525833e49b6f0b7c25001781f1b00044934372d935,near_singular,3,1.0,1.0,127623740.33333333,1.0,2.2234147248800524,0.0,0.5133333333333333,0.0008160600503673912,0.8533333333333334
panda,cr_ik_minimal,ca9065ec04392f64d1cce7cea6e6ae7ba224495be6a41fa0902e34ddeb925465,near_singular,3,0.0,0.0,326026795.3333333,0.7888888888888889,4.912050661058456,0.0,1.0,0.0018099641824706242,0.940844134263875
panda,cr_ik_minimal,cdb906e5ffe0888b5856461ef6bee1b8809232e928fd853beb25f1903a7d798a,smooth,3,1.0,1.0,89815908.0,1.0,0.9025926199200351,0.0,0.0,0.0,1.0
panda,cr_ik_minimal,d8e06950cec2579c739f7f6d3dbb3628755dfd76be5740fad3bec38b4ef94cc6,near_singular,3,1.0,1.0,102758547.66666667,1.0,7.625004187936998,0.008888888888888889,0.20666666666666667,0.0,1.0
panda,cr_ik_minimal,e7257c22abc9d850802582540365f4bc972868280e40708e45700776b6ad2aca,high_curvature,3,1.0,1.0,167691694.33333334,1.0,6.982091841598471,0.0,0.9933333333333333,4.284946162423954e-05,0.9933333333333333
panda,cr_ik_minimal,e928208c5cfa766679be750c366c336bdeb1caea1f8283ea513bc5392401481b,smooth,3,1.0,1.0,134932417.66666666,1.0,1.7769184382908154,0.0,0.11333333333333333,0.0,1.0
panda,cr_ik_minimal,ea5503530085a4b7fba1457389f090742de31c9aa6ebe8907aa867289b032370,near_singular,3,1.0,1.0,137097654.66666666,1.0,17.278473063679357,0.008888888888888889,0.5555555555555556,0.0,1.0
panda,cr_ik_minimal,ea5e2ac9bfe24625cf9368e4931dfe5a7f878c028b94ce7ca271455c05bad4e6,smooth,3,1.0,1.0,93021640.66666667,1.0,1.5422694146911997,0.0,0.13333333333333333,0.0,1.0
panda,cr_ik_minimal,f77f30aad07c01747cccac5f99de0454266b5b9453dc6357da97f2c8d2529cfc,high_curvature,3,1.0,1.0,178682384.0,1.0,5.536422772623741,0.0,0.4822222222222223,0.0038587857077764264,0.8911111111111111
panda,cr_ik_minimal,f786741c9f59d7d552811f1959141226fb4d169d5c149b34b1fb99edb7839b2c,high_curvature,3,1.0,1.0,141178046.66666666,1.0,7.670531291063515,0.0,1.0,0.0,1.0
panda,cr_ik_minimal,fd96ca4300b705b343cbde5bb7d97076acca0d187b1d78fc9094c6cac23b640b,high_curvature,3,1.0,1.0,129168096.33333333,1.0,6.4058369678624265,0.0,0.9777777777777779,0.0,1.0
panda,cr_ik_minimal_fixed,0c2a95a498c1bf13c2df4295db29a5367cf069e157e300d36211ce1951b2bf0e,smooth,3,1.0,1.0,135340466.66666666,1.0,4.939016065310305,0.0044444444444444444,1.0,0.0,1.0
panda,cr_ik_minimal_fixed,125d0ba81f8f99703f34ce79c430375e614edd8d7281141ad9df7e9828fed992,joint_limit_return,3,1.0,1.0,141588399.33333334,1.0,2.519096045687372,0.0,1.0,0.0,1.0
panda,cr_ik_minimal_fixed,166f9f9c01b7bdb7e23bb78eb834aa40e45e3eac2d5c263419996286861ad9dc,joint_limit_return,3,1.0,1.0,138349459.0,1.0,1.5667607884691392,0.0,1.0,0.0,1.0
panda,cr_ik_minimal_fixed,16ab30a670ddc1bb59f64aa11421a7a95e2a13b391b17e7261a85fb14178c0bc,joint_limit_return,3,1.0,1.0,133949202.66666667,1.0,2.4813506109948267,0.0,1.0,0.0,1.0
panda,cr_ik_minimal_fixed,1742dca2b4e66648ef384a591bc48af258b7ccf01a3b1f0930d212a06b1f978c,near_singular,3,1.0,1.0,131822411.33333333,1.0,6.255599075952446,0.0,1.0,0.0,1.0
panda,cr_ik_minimal_fixed,380513eac133b886f7e375e39250059ba16f3133d3a5d3b8ff244470af2eb5ae,high_curvature,3,1.0,1.0,147259042.33333334,1.0,6.0040396116862835,0.0,0.9933333333333333,0.0,1.0
panda,cr_ik_minimal_fixed,40c3eae024871d71025c88c09b1bbffc1b50b311548d53112ed8d4118883654a,near_singular,3,1.0,1.0,133272514.0,1.0,4.133449381520239,0.0,1.0,0.0,1.0
panda,cr_ik_minimal_fixed,41c501982d64297056fe7d1239938d5f0fb508b8c32ed74b2b5c72d3bf1ddba1,joint_limit_return,3,1.0,1.0,123730807.0,1.0,2.859123307017129,0.0,1.0,0.0,1.0
panda,cr_ik_minimal_fixed,49e505b5dd8506da453322d27fabacda172e9baf611dd7b1ccac4b4220f68113,near_singular,3,1.0,1.0,133080207.33333333,1.0,7.491388791777847,0.0,1.0,0.0,1.0
panda,cr_ik_minimal_fixed,4afc296390cd2da8318a4ba9544aebe6e73de828b20fea6cbaeedda3bf7a189f,joint_limit_return,3,1.0,1.0,115636332.66666667,1.0,1.0458651487759656,0.0,0.7444444444444445,0.0,1.0
panda,cr_ik_minimal_fixed,4e626ba28da6a8d45d22f023c3732e2d796c83a0e74df2aa41168fe26f6dccab,near_singular,3,0.0,0.0,319047646.6666667,0.7577777777777778,6.786948267445896,0.0058997050147492625,1.0,0.0,1.0
panda,cr_ik_minimal_fixed,525ed23e41917cce27c978b0c676be43016f2541aa51a8185bbab7e6ce610192,near_singular,3,1.0,1.0,136597876.0,1.0,9.96525763652039,0.0,1.0,0.0,1.0
panda,cr_ik_minimal_fixed,5560810f9d87891ba612f00a19811ec608860538b5dbf8f478a2cc168f4d1547,joint_limit_return,3,1.0,1.0,118496396.0,1.0,1.175723652486313,0.0,0.8244444444444444,0.0,1.0
panda,cr_ik_minimal_fixed,62749969a81aa229bd98bbc6a77941b40960bf5ae0886a5dfe36f5eff62e5c1c,joint_limit_return,3,1.0,1.0,149798120.33333334,1.0,2.3809604406293583,0.0,1.0,0.0,1.0
panda,cr_ik_minimal_fixed,6b43e53a09d43b068012e38e4082dc1a83a7da4ac12d3b1a7c10621fab8498a4,smooth,3,1.0,1.0,112830067.66666667,1.0,1.459345923910209,0.0044444444444444444,0.6133333333333333,0.0,1.0
panda,cr_ik_minimal_fixed,6f61a4f090c2631561aee85944d25bbb3ec9ae75f330ddc67dd8f755fa60ea51,joint_limit_return,3,1.0,1.0,134305395.33333334,1.0,1.9899289785923298,0.0,1.0,0.0,1.0
panda,cr_ik_minimal_fixed,703e80ee1a10cacc408a225bf4b9b1d1a8b7cd7c18ef82408fe61c8b6b1a1fa4,joint_limit_return,3,1.0,1.0,129193618.33333333,1.0,3.1733554035431353,0.0022222222222222222,1.0,0.0,1.0
panda,cr_ik_minimal_fixed,827f4c481262ed599d5a62ea92d72f83f9d2baecaa5e733c4c0018e796d573d5,high_curvature,3,0.6666666666666666,0.3333333333333333,314768761.3333333,0.7999999999999999,7.617470692060045,0.005555555555555556,0.9977777777777778,0.0,1.0
panda,cr_ik_minimal_fixed,8ffc69b10a990e9806b11a88aa9d56ad2edaf960a5dbd463eff00cf8c0b24859,high_curvature,3,1.0,1.0,136905770.66666666,1.0,8.238561268826613,0.0022222222222222222,1.0,0.0,1.0
panda,cr_ik_minimal_fixed,972b6c7f62ad2d88a1171405175e002fe4dad516aaa6300e4c090613265f4592,smooth,3,1.0,1.0,145295551.0,1.0,1.457508292811941,0.0,1.0,0.0,1.0
panda,cr_ik_minimal_fixed,98b02d6a697ef616fb15325aca1f5748ceba5d966785b4f1677767ebff16420f,smooth,3,1.0,1.0,127683551.33333333,1.0,1.6915882861024212,0.0,1.0,0.0,1.0
panda,cr_ik_minimal_fixed,9a94337fb5b3319c8ba9dcce20e827630b16d9a348f1f3aa8709c5d0df3406af,near_singular,3,0.6666666666666666,0.6666666666666666,148117250.33333334,0.9977777777777778,17.39245448897247,0.0,1.0,0.0,1.0
panda,cr_ik_minimal_fixed,a62f788b8607be02b7f7a70f0234d741c3a3ffbce60a66d892cb748dca4ac32c,smooth,3,1.0,1.0,194181144.66666666,1.0,3.2950973320485093,0.0,0.7777777777777777,0.014135502019550474,0.668888888888889
panda,cr_ik_minimal_fixed,a74d26d3694c4e4d15b8817c29ef75a4bd43cb4d8d1ebf3ae4154e26d80ab4a4,smooth,3,1.0,1.0,135470940.33333334,1.0,2.214753535750193,0.0,1.0,0.0,1.0
panda,cr_ik_minimal_fixed,b47f91198895baa3999a406c9c32516cd3e78dd7e42a8bccccc4cd058a03020a,joint_limit_return,3,0.6666666666666666,0.6666666666666666,308380180.3333333,0.8333333333333334,9.64418973910078,0.008888888888888889,1.0,0.0,1.0
panda,cr_ik_minimal_fixed,b88225558b53c7528d4fc1a56455ceac395ea6a65306515006580362af026e1e,high_curvature,3,1.0,1.0,122811825.33333333,1.0,8.795785419974223,0.0022222222222222222,1.0,0.0,1.0
panda,cr_ik_minimal_fixed,ba9bbb877bd562764b9ad1fe612339400f4396f8e4e3ccdd742d4a4326684c27,smooth,3,1.0,1.0,124868783.66666667,1.0,0.8681370348816128,0.0,0.8266666666666667,0.0,1.0
panda,cr_ik_minimal_fixed,bb2d7133de7083285ff7ede00b959e62fc3bf5dc626bfa521b77361d0f3f759e,high_curvature,3,1.0,1.0,130438331.33333333,1.0,7.265198569888159,0.0,1.0,0.0,1.0
panda,cr_ik_minimal_fixed,c27c85dfc1ac902402f2c27d5ecd007325d528654413acef4dab0af30af48583,high_curvature,3,1.0,1.0,122707027.0,1.0,7.13850329101481,0.0,0.7844444444444445,0.0,1.0
panda,cr_ik_minimal_fixed,c99e2c9b46eb1858a0dd2f525833e49b6f0b7c25001781f1b00044934372d935,near_singular,3,1.0,1.0,139873391.33333334,1.0,2.1428547100574122,0.0,1.0,0.0,1.0
panda,cr_ik_minimal_fixed,ca9065ec04392f64d1cce7cea6e6ae7ba224495be6a41fa0902e34ddeb925465,near_singular,3,0.0,0.0,306030743.6666667,0.7866666666666666,3.697122425814234,0.0,1.0,0.0,1.0
panda,cr_ik_minimal_fixed,cdb906e5ffe0888b5856461ef6bee1b8809232e928fd853beb25f1903a7d798a,smooth,3,1.0,0.6666666666666666,133329728.0,1.0,0.8655213138482553,0.0,0.35555555555555557,0.0016738232765790128,0.8755555555555556
panda,cr_ik_minimal_fixed,d8e06950cec2579c739f7f6d3dbb3628755dfd76be5740fad3bec38b4ef94cc6,near_singular,3,1.0,1.0,134503879.0,1.0,7.812755620532805,0.006666666666666667,1.0,0.0,1.0
panda,cr_ik_minimal_fixed,e7257c22abc9d850802582540365f4bc972868280e40708e45700776b6ad2aca,high_curvature,3,1.0,1.0,142453378.33333334,1.0,6.6357110927306024,0.0,1.0,0.0,1.0
panda,cr_ik_minimal_fixed,e928208c5cfa766679be750c366c336bdeb1caea1f8283ea513bc5392401481b,smooth,3,1.0,1.0,198006043.0,1.0,3.1096927097025504,0.008888888888888889,0.98,0.00150789567566483,0.9488888888888889
panda,cr_ik_minimal_fixed,ea5503530085a4b7fba1457389f090742de31c9aa6ebe8907aa867289b032370,near_singular,3,1.0,1.0,162143077.66666666,1.0,16.817415124581427,0.008888888888888889,1.0,0.0,1.0
panda,cr_ik_minimal_fixed,ea5e2ac9bfe24625cf9368e4931dfe5a7f878c028b94ce7ca271455c05bad4e6,smooth,3,1.0,0.6666666666666666,147215927.66666666,1.0,1.7220747165383006,0.0,0.9977777777777778,0.0,1.0
panda,cr_ik_minimal_fixed,f77f30aad07c01747cccac5f99de0454266b5b9453dc6357da97f2c8d2529cfc,high_curvature,3,1.0,1.0,165376610.0,1.0,5.712766515284375,0.0,1.0,0.0013387551171269911,0.98
panda,cr_ik_minimal_fixed,f786741c9f59d7d552811f1959141226fb4d169d5c149b34b1fb99edb7839b2c,high_curvature,3,1.0,1.0,130659600.0,1.0,7.389000212505233,0.0,1.0,0.0,1.0
panda,cr_ik_minimal_fixed,fd96ca4300b705b343cbde5bb7d97076acca0d187b1d78fc9094c6cac23b640b,high_curvature,3,1.0,1.0,171665229.33333334,1.0,6.596300465078354,0.0022222222222222222,0.9977777777777778,0.003738515861509901,0.9666666666666667
panda,cr_ik_minimal_no_shortcut,0c2a95a498c1bf13c2df4295db29a5367cf069e157e300d36211ce1951b2bf0e,smooth,3,1.0,1.0,132781244.66666667,1.0,4.105212382976776,0.0,1.0,0.0,1.0
panda,cr_ik_minimal_no_shortcut,125d0ba81f8f99703f34ce79c430375e614edd8d7281141ad9df7e9828fed992,joint_limit_return,3,1.0,1.0,167507727.0,1.0,4.55151341096079,0.008888888888888889,1.0,0.0,1.0
panda,cr_ik_minimal_no_shortcut,166f9f9c01b7bdb7e23bb78eb834aa40e45e3eac2d5c263419996286861ad9dc,joint_limit_return,3,1.0,0.6666666666666666,167717238.0,1.0,2.3871096485281047,0.0,0.9977777777777778,8.884337435214619e-07,0.9777777777777779
panda,cr_ik_minimal_no_shortcut,16ab30a670ddc1bb59f64aa11421a7a95e2a13b391b17e7261a85fb14178c0bc,joint_limit_return,3,1.0,1.0,197363033.66666666,1.0,2.560578582311477,0.0,1.0,1.5424921972438373e-05,0.9955555555555556
panda,cr_ik_minimal_no_shortcut,1742dca2b4e66648ef384a591bc48af258b7ccf01a3b1f0930d212a06b1f978c,near_singular,3,1.0,1.0,126895090.33333333,1.0,4.784647370446502,0.0,1.0,0.0,1.0
panda,cr_ik_minimal_no_shortcut,380513eac133b886f7e375e39250059ba16f3133d3a5d3b8ff244470af2eb5ae,high_curvature,3,1.0,1.0,152629290.66666666,1.0,5.8454282930285615,0.0,1.0,6.824183491819387e-05,0.9955555555555556
panda,cr_ik_minimal_no_shortcut,40c3eae024871d71025c88c09b1bbffc1b50b311548d53112ed8d4118883654a,near_singular,3,1.0,1.0,143232180.33333334,1.0,3.5731629443295803,0.0,1.0,0.00038947104330584585,0.9911111111111112
panda,cr_ik_minimal_no_shortcut,41c501982d64297056fe7d1239938d5f0fb508b8c32ed74b2b5c72d3bf1ddba1,joint_limit_return,3,1.0,1.0,288017445.3333333,1.0,2.6371076577000276,0.0,1.0,0.010463515749169525,0.68
panda,cr_ik_minimal_no_shortcut,49e505b5dd8506da453322d27fabacda172e9baf611dd7b1ccac4b4220f68113,near_singular,3,1.0,1.0,249381224.33333334,1.0,5.03340536117083,0.0044444444444444444,1.0,0.002391709552489782,0.9688888888888889
panda,cr_ik_minimal_no_shortcut,4afc296390cd2da8318a4ba9544aebe6e73de828b20fea6cbaeedda3bf7a189f,joint_limit_return,3,1.0,0.6666666666666666,143870456.66666666,1.0,2.736080978809061,0.0,0.9977777777777778,0.0,1.0
panda,cr_ik_minimal_no_shortcut,4e626ba28da6a8d45d22f023c3732e2d796c83a0e74df2aa41168fe26f6dccab,near_singular,3,0.0,0.0,336103246.0,0.7622222222222224,8.799833243369742,0.00874650394101195,1.0,0.00044831600681361487,0.9970760233918128
panda,cr_ik_minimal_no_shortcut,525ed23e41917cce27c978b0c676be43016f2541aa51a8185bbab7e6ce610192,near_singular,3,1.0,1.0,143460937.33333334,1.0,10.1294784839301,0.0044444444444444444,1.0,0.000352399648085498,0.9933333333333333
panda,cr_ik_minimal_no_shortcut,5560810f9d87891ba612f00a19811ec608860538b5dbf8f478a2cc168f4d1547,joint_limit_return,3,1.0,1.0,162189907.33333334,1.0,0.899790267035157,0.0,1.0,0.0018571004145992046,0.9311111111111111
panda,cr_ik_minimal_no_shortcut,62749969a81aa229bd98bbc6a77941b40960bf5ae0886a5dfe36f5eff62e5c1c,joint_limit_return,3,1.0,1.0,170235620.66666666,1.0,1.8101205955209148,0.0,1.0,0.0,1.0
panda,cr_ik_minimal_no_shortcut,6b43e53a09d43b068012e38e4082dc1a83a7da4ac12d3b1a7c10621fab8498a4,smooth,3,1.0,1.0,158892960.66666666,1.0,2.4607865599994208,0.0022222222222222222,1.0,0.0,1.0
panda,cr_ik_minimal_no_shortcut,6f61a4f090c2631561aee85944d25bbb3ec9ae75f330ddc67dd8f755fa60ea51,joint_limit_return,3,1.0,1.0,133065501.66666667,1.0,0.9065990819038117,0.0,1.0,0.0,1.0
panda,cr_ik_minimal_no_shortcut,703e80ee1a10cacc408a225bf4b9b1d1a8b7cd7c18ef82408fe61c8b6b1a1fa4,joint_limit_return,3,1.0,1.0,172373201.66666666,1.0,3.158154351240331,0.0,1.0,2.810435262444953e-06,0.9511111111111111
panda,cr_ik_minimal_no_shortcut,827f4c481262ed599d5a62ea92d72f83f9d2baecaa5e733c4c0018e796d573d5,high_curvature,3,1.0,1.0,132109557.66666667,1.0,7.987962972281372,0.0,1.0,0.0,1.0
panda,cr_ik_minimal_no_shortcut,8ffc69b10a990e9806b11a88aa9d56ad2edaf960a5dbd463eff00cf8c0b24859,high_curvature,3,1.0,1.0,125396216.33333333,1.0,8.475443139228018,0.0022222222222222222,1.0,0.0,1.0
panda,cr_ik_minimal_no_shortcut,972b6c7f62ad2d88a1171405175e002fe4dad516aaa6300e4c090613265f4592,smooth,3,1.0,1.0,130622110.66666667,1.0,1.7627477637458924,0.0,1.0,0.0,1.0
panda,cr_ik_minimal_no_shortcut,98b02d6a697ef616fb15325aca1f5748ceba5d966785b4f1677767ebff16420f,smooth,3,1.0,1.0,192169991.0,1.0,1.1686472829310675,0.0,1.0,0.0020785825961768443,0.7733333333333334
panda,cr_ik_minimal_no_shortcut,9a94337fb5b3319c8ba9dcce20e827630b16d9a348f1f3aa8709c5d0df3406af,near_singular,3,1.0,1.0,158577842.0,1.0,17.57448633736925,0.0,1.0,0.0,1.0
panda,cr_ik_minimal_no_shortcut,a62f788b8607be02b7f7a70f0234d741c3a3ffbce60a66d892cb748dca4ac32c,smooth,3,1.0,1.0,154594972.33333334,1.0,3.118775576614881,0.0,1.0,0.0008077621031288134,0.9822222222222222
panda,cr_ik_minimal_no_shortcut,a74d26d3694c4e4d15b8817c29ef75a4bd43cb4d8d1ebf3ae4154e26d80ab4a4,smooth,3,1.0,1.0,147966249.33333334,1.0,1.8211666247979075,0.0022222222222222222,1.0,0.0,1.0
panda,cr_ik_minimal_no_shortcut,b47f91198895baa3999a406c9c32516cd3e78dd7e42a8bccccc4cd058a03020a,joint_limit_return,3,1.0,1.0,149290139.33333334,1.0,8.142694643409337,0.0022222222222222222,1.0,0.0,1.0
panda,cr_ik_minimal_no_shortcut,b88225558b53c7528d4fc1a56455ceac395ea6a65306515006580362af026e1e,high_curvature,3,1.0,1.0,135551413.0,1.0,8.76903460983747,0.0,1.0,0.0,1.0
panda,cr_ik_minimal_no_shortcut,ba9bbb877bd562764b9ad1fe612339400f4396f8e4e3ccdd742d4a4326684c27,smooth,3,1.0,1.0,167823814.33333334,1.0,2.232452929297466,0.0,1.0,0.0,1.0
panda,cr_ik_minimal_no_shortcut,bb2d7133de7083285ff7ede00b959e62fc3bf5dc626bfa521b77361d0f3f759e,high_curvature,3,1.0,1.0,142981451.33333334,1.0,7.093553596371997,0.0044444444444444444,1.0,0.000610570846368523,0.9911111111111112
panda,cr_ik_minimal_no_shortcut,c27c85dfc1ac902402f2c27d5ecd007325d528654413acef4dab0af30af48583,high_curvature,3,1.0,1.0,131110745.0,1.0,7.115461402363866,0.0,1.0,0.0,1.0
panda,cr_ik_minimal_no_shortcut,c99e2c9b46eb1858a0dd2f525833e49b6f0b7c25001781f1b00044934372d935,near_singular,3,1.0,1.0,146429014.0,1.0,2.39338645514817,0.0,1.0,0.00013600662549926036,0.9933333333333333
panda,cr_ik_minimal_no_shortcut,ca9065ec04392f64d1cce7cea6e6ae7ba224495be6a41fa0902e34ddeb925465,near_singular,3,0.0,0.0,326871489.0,0.7888888888888889,9.06721122302011,0.0,1.0,0.00043627196357601977,0.9887005649717514
panda,cr_ik_minimal_no_shortcut,cdb906e5ffe0888b5856461ef6bee1b8809232e928fd853beb25f1903a7d798a,smooth,3,1.0,1.0,135445308.0,1.0,1.6081673780990908,0.0,1.0,0.0,1.0
panda,cr_ik_minimal_no_shortcut,d8e06950cec2579c739f7f6d3dbb3628755dfd76be5740fad3bec38b4ef94cc6,near_singular,3,1.0,1.0,123769543.33333333,1.0,7.966115203335686,0.013333333333333334,1.0,0.0,1.0
panda,cr_ik_minimal_no_shortcut,e7257c22abc9d850802582540365f4bc972868280e40708e45700776b6ad2aca,high_curvature,3,1.0,1.0,128346661.33333333,1.0,6.594443758821018,0.0,1.0,0.0,1.0
panda,cr_ik_minimal_no_shortcut,e928208c5cfa766679be750c366c336bdeb1caea1f8283ea513bc5392401481b,smooth,3,1.0,1.0,159523611.33333334,1.0,3.210203926665739,0.0022222222222222222,1.0,0.0,1.0
panda,cr_ik_minimal_no_shortcut,ea5503530085a4b7fba1457389f090742de31c9aa6ebe8907aa867289b032370,near_singular,3,0.6666666666666666,0.6666666666666666,153186457.0,0.9977777777777778,16.083797383892357,0.015600298284862044,1.0,0.0,1.0
panda,cr_ik_minimal_no_shortcut,ea5e2ac9bfe24625cf9368e4931dfe5a7f878c028b94ce7ca271455c05bad4e6,smooth,3,1.0,1.0,162949374.33333334,1.0,2.2771927614502316,0.0,1.0,0.0,1.0
panda,cr_ik_minimal_no_shortcut,f77f30aad07c01747cccac5f99de0454266b5b9453dc6357da97f2c8d2529cfc,high_curvature,3,1.0,1.0,176727791.33333334,1.0,5.560252119266444,0.0022222222222222222,1.0,0.0014267436754190545,0.9622222222222222
panda,cr_ik_minimal_no_shortcut,f786741c9f59d7d552811f1959141226fb4d169d5c149b34b1fb99edb7839b2c,high_curvature,3,1.0,1.0,135681552.33333334,1.0,7.559521831256544,0.0,1.0,0.0,1.0
panda,cr_ik_minimal_no_shortcut,fd96ca4300b705b343cbde5bb7d97076acca0d187b1d78fc9094c6cac23b640b,high_curvature,3,1.0,1.0,152794714.66666666,1.0,6.628532195013537,0.006666666666666667,1.0,0.00469501233027614,0.9422222222222222
ur5e,trac_task_5ms,08551a27ac837f8ed54c41a0759eec98dbd199480066ac542298cbb032f6d99a,joint_limit_return,3,1.0,1.0,31732493.0,1.0,22.517327875565375,0.011111111111111112,,,
ur5e,trac_task_5ms,08f895e22c5162e0796964649a1fcdb582c61bccc5e4d0e8b349bbca35756523,joint_limit_return,3,1.0,1.0,31423997.333333332,1.0,11.029819186762495,0.0,,,
ur5e,trac_task_5ms,118730753d57a2523105ec3ee6ba017c9c2775dda076f4c79f2396693e83c7a9,high_curvature,3,1.0,1.0,25364654.0,1.0,8.46489129021232,0.0,,,
ur5e,trac_task_5ms,13896bc6c5f688854ad405268705ab3bb2a8fec56ac1e75c8a872707a3f652f8,smooth,3,1.0,1.0,24576881.666666668,1.0,5.178891276395838,0.0,,,
ur5e,trac_task_5ms,1572bafea0edc3c6cc05d2a9eabd19a06035670328035c0b780d47b54a683769,high_curvature,3,1.0,1.0,25343304.666666668,1.0,6.175843159984654,0.0,,,
ur5e,trac_task_5ms,17d92c7319719a45d08d673e5023c3f00687e4f5a57bdebde3dccc6370b94c3a,near_singular,3,1.0,1.0,26992264.666666668,1.0,23.707806460316352,0.0,,,
ur5e,trac_task_5ms,1c73e520a3d5bd8f7e29cb08d559a6364a6bdec344a07acd40f2375a56459f79,high_curvature,3,1.0,1.0,26097738.0,1.0,29.864179071812032,0.0,,,
ur5e,trac_task_5ms,2037257a8eb29f55e1baa50497e60c0cb87331a5da7e7a4344c8cded212a709f,smooth,3,1.0,1.0,25652307.0,1.0,20.698146854527465,0.0022222222222222222,,,
ur5e,trac_task_5ms,2136e60219e4240e7b97c87a2f481c6642991ff7128b97a75454ffcee69e4a9c,smooth,3,1.0,0.6666666666666666,42443683.0,1.0,1.8440384854110226,0.0,,,
ur5e,trac_task_5ms,234cd2a268d2d4ebc0f1b5ca1926ee196812079496ff3e6e19f17e48a5761d2c,joint_limit_return,3,1.0,1.0,24235854.0,1.0,1.5233375277587735,0.0,,,
ur5e,trac_task_5ms,28c799f101b845f2577d1584bde9de07634bcdda61cf814be0670f4c7adce911,joint_limit_return,3,1.0,1.0,33721715.666666664,1.0,24.404888947412385,0.0,,,
ur5e,trac_task_5ms,382307fdf25e31f8b1ae5c14a7545e81bf0c54489223c4626934c3dbe31a195e,high_curvature,3,1.0,1.0,26682867.333333332,1.0,26.905740442999285,0.0,,,
ur5e,trac_task_5ms,386ce328d9e893da466d8af1dc09a15e66ae16a35efe9585b2d68e67da964fb7,smooth,3,1.0,1.0,24849329.0,1.0,4.503724446913934,0.006666666666666667,,,
ur5e,trac_task_5ms,3bd332b9ef08ab00b11a865fd161af952ecc92241dd59aeac869f7688ac64b79,high_curvature,3,1.0,1.0,24276010.333333332,1.0,4.9041692114887585,0.0,,,
ur5e,trac_task_5ms,5547871d76b6176b3e5dd5d8f20eebc72645f4fdb4a7e415a21928fb85392f9e,high_curvature,3,1.0,1.0,25070356.0,1.0,21.64140964064737,0.0,,,
ur5e,trac_task_5ms,5de0f5ff5025c915a9ca0194e6813b77637e2059d947b69d324216690202559b,smooth,3,1.0,1.0,24594740.0,1.0,1.6390141192208894,0.0,,,
ur5e,trac_task_5ms,5e7743615ad75a997da2a3dfac5ecbaa6539b43fd5db8ecf4d7f9cc7331b3e15,joint_limit_return,3,1.0,1.0,26284926.0,1.0,2.452907104587845,0.0,,,
ur5e,trac_task_5ms,5ff81edc43cf92c445ae661655f0f074229d3861bbbd0b57d14ad453615b9e25,near_singular,3,1.0,1.0,25271237.666666668,1.0,6.522232091731734,0.0,,,
ur5e,trac_task_5ms,6105bc9f0df7e8baadfc8dd255f78c7bb3ddb066573e8f4fde9c385dbe5db694,near_singular,3,1.0,1.0,26304141.333333332,1.0,8.458516260308137,0.0,,,
ur5e,trac_task_5ms,68244e8dec0d66d1a48832b1992c69f7c4c907fc930b958710e9220ae46bd192,near_singular,3,1.0,1.0,25190625.0,1.0,10.385502377710132,0.0,,,
ur5e,trac_task_5ms,816b8a675263f8ec8337dc224a3ea9971c9a8387f6953eb1fd1c846b6d1a7c4a,joint_limit_return,3,1.0,1.0,24975615.0,1.0,0.8194022243313728,0.0,,,
ur5e,trac_task_5ms,929479d86d1af1569abbd00ff695f793876d0c13d1b6ef36f9f39dc04d36f80c,near_singular,3,1.0,1.0,24834893.0,1.0,2.399108770566773,0.0,,,
ur5e,trac_task_5ms,9a5eaa5a533abb994b7505aca361cebaf65ef495d064d694df4c023580e9cd0b,smooth,3,1.0,1.0,24724917.666666668,1.0,11.937211763544882,0.0,,,
ur5e,trac_task_5ms,9ab3a7e22a338adf15a7eb240986a1d682820bcf958fc25dd9058bd66c51d502,near_singular,3,1.0,1.0,24715346.666666668,1.0,13.881004771594101,0.0,,,
ur5e,trac_task_5ms,a079baf3b1644afc829cc82c6747ab4482a4f1778e24be557741a87f9aefa38f,high_curvature,3,1.0,1.0,26118578.333333332,1.0,8.441162625349557,0.0,,,
ur5e,trac_task_5ms,a4d21e54d799674aa3de252efe1304776a18586a5f8d95b6f975dad09cacd372,joint_limit_return,3,1.0,1.0,26593476.666666668,1.0,23.420921334462406,0.0,,,
ur5e,trac_task_5ms,a68ec605ba66c3e27686650c1fdc577d4ff40b0c237bb80f93dc329bed511c56,high_curvature,3,1.0,1.0,24529815.0,1.0,7.255940229837397,0.0,,,
ur5e,trac_task_5ms,ad91c93d906d04e8aa7467228cb161965123769d55ad38469161e7830e742868,high_curvature,3,1.0,1.0,24514222.0,1.0,8.090411875906762,0.0,,,
ur5e,trac_task_5ms,ae12f9762615d4c9ac155883dd03d430cba862223b3fb491a4a1d1189e10a2b8,smooth,3,1.0,0.6666666666666666,40111779.333333336,1.0,2.283827564581809,0.0,,,
ur5e,trac_task_5ms,b0e17067aaf6e660b04f8be634d639d569df55018bfb39821596146afb9736de,smooth,3,1.0,1.0,26970059.333333332,1.0,16.505815814567253,0.0,,,
ur5e,trac_task_5ms,bf166cd6db08076d8c85cfd7e7364d2446c3c1ec592ea82609b812c0faa204ea,near_singular,3,0.0,0.0,155849584.33333334,0.8333333333333334,10.66390379134691,0.0,,,
ur5e,trac_task_5ms,c0f0fa5983ead9bf72ff425c510b3208de5bd46dcc8efd876a735c868767ac8e,joint_limit_return,3,1.0,1.0,25274277.333333332,1.0,15.948940877433271,0.0,,,
ur5e,trac_task_5ms,ce26ff5e9952bacd57c54933b78db77a6ea0e1070f6563c04194dc00457f2656,near_singular,3,1.0,1.0,24256411.0,1.0,1.5590149504836759,0.0,,,
ur5e,trac_task_5ms,cf0b2892659faaddd69ba9d6172f4d41b4cbbe81ea9aa1fa891f59fcc8daec21,near_singular,3,1.0,1.0,25380221.333333332,1.0,6.515244391231178,0.0,,,
ur5e,trac_task_5ms,d1ef5ab32f38a93c076857d0eea5dc9836af8df3c2111b752fe4a419473c1ff4,joint_limit_return,3,1.0,1.0,24277416.333333332,1.0,3.131167421084887,0.0,,,
ur5e,trac_task_5ms,d30c1e5c8c16af6e606ac7829229200ccae448efeb1a9cdad8b80da506691864,joint_limit_return,3,1.0,1.0,24800250.0,1.0,0.7817454069429871,0.0,,,
ur5e,trac_task_5ms,da8a1e7a5ca60a1e40bacf3e76f1002ab39a7b3cb6f8290450d6356089897d78,high_curvature,3,1.0,1.0,27734109.666666668,1.0,5.366979807698537,0.0,,,
ur5e,trac_task_5ms,e2e620aa17071c959d153796e3b230f5780cc2b167c0a2e0b4bb029087169848,smooth,3,1.0,1.0,25937463.666666668,1.0,1.1279459305233615,0.0,,,
ur5e,trac_task_5ms,e4188d53efbb54472d782b035a4214854136b6bb171d9aee6282590944abd39b,near_singular,3,1.0,1.0,26377450.0,1.0,15.06848123873668,0.0,,,
ur5e,trac_task_5ms,f87cbb198e6aa95e16ea15160dd1d4f545d70b0d61622238ff991b3a2d27786a,smooth,3,1.0,1.0,24820476.0,1.0,10.01688010234925,0.0,,,
ur5e,trac_task_20ms,08551a27ac837f8ed54c41a0759eec98dbd199480066ac542298cbb032f6d99a,joint_limit_return,3,1.0,1.0,34878130.333333336,1.0,21.112372154606156,0.008888888888888889,,,
ur5e,trac_task_20ms,08f895e22c5162e0796964649a1fcdb582c61bccc5e4d0e8b349bbca35756523,joint_limit_return,3,1.0,1.0,25483497.333333332,1.0,13.002075393073568,0.0,,,
ur5e,trac_task_20ms,118730753d57a2523105ec3ee6ba017c9c2775dda076f4c79f2396693e83c7a9,high_curvature,3,1.0,1.0,24834349.666666668,1.0,8.649475302209511,0.0,,,
ur5e,trac_task_20ms,13896bc6c5f688854ad405268705ab3bb2a8fec56ac1e75c8a872707a3f652f8,smooth,3,1.0,0.6666666666666666,42449294.666666664,1.0,4.1005319418935935,0.0,,,
ur5e,trac_task_20ms,1572bafea0edc3c6cc05d2a9eabd19a06035670328035c0b780d47b54a683769,high_curvature,3,1.0,1.0,27102891.333333332,1.0,6.236464823329524,0.0,,,
ur5e,trac_task_20ms,17d92c7319719a45d08d673e5023c3f00687e4f5a57bdebde3dccc6370b94c3a,near_singular,3,0.6666666666666666,0.6666666666666666,279710339.6666667,0.9177777777777778,22.793775335257862,0.0,,,
ur5e,trac_task_20ms,1c73e520a3d5bd8f7e29cb08d559a6364a6bdec344a07acd40f2375a56459f79,high_curvature,3,1.0,1.0,27005888.333333332,1.0,28.213202547839426,0.0,,,
ur5e,trac_task_20ms,2037257a8eb29f55e1baa50497e60c0cb87331a5da7e7a4344c8cded212a709f,smooth,3,1.0,1.0,24762162.0,1.0,19.800738079599842,0.0,,,
ur5e,trac_task_20ms,2136e60219e4240e7b97c87a2f481c6642991ff7128b97a75454ffcee69e4a9c,smooth,3,1.0,1.0,24917755.333333332,1.0,0.7938695291606358,0.0,,,
ur5e,trac_task_20ms,234cd2a268d2d4ebc0f1b5ca1926ee196812079496ff3e6e19f17e48a5761d2c,joint_limit_return,3,1.0,1.0,25581089.666666668,1.0,1.357716534969767,0.0,,,
ur5e,trac_task_20ms,28c799f101b845f2577d1584bde9de07634bcdda61cf814be0670f4c7adce911,joint_limit_return,3,1.0,1.0,29628858.333333332,1.0,23.288902763448096,0.0,,,
ur5e,trac_task_20ms,382307fdf25e31f8b1ae5c14a7545e81bf0c54489223c4626934c3dbe31a195e,high_curvature,3,1.0,1.0,25407620.0,1.0,26.679244835057244,0.0,,,
ur5e,trac_task_20ms,386ce328d9e893da466d8af1dc09a15e66ae16a35efe9585b2d68e67da964fb7,smooth,3,1.0,1.0,27592413.666666668,1.0,4.991570255405756,0.006666666666666667,,,
ur5e,trac_task_20ms,3bd332b9ef08ab00b11a865fd161af952ecc92241dd59aeac869f7688ac64b79,high_curvature,3,1.0,1.0,26436744.666666668,1.0,5.22671940519682,0.0,,,
ur5e,trac_task_20ms,5547871d76b6176b3e5dd5d8f20eebc72645f4fdb4a7e415a21928fb85392f9e,high_curvature,3,1.0,1.0,26951733.333333332,1.0,20.047528964225197,0.0,,,
ur5e,trac_task_20ms,5de0f5ff5025c915a9ca0194e6813b77637e2059d947b69d324216690202559b,smooth,3,1.0,1.0,25437304.0,1.0,1.5436360618062877,0.0,,,
ur5e,trac_task_20ms,5e7743615ad75a997da2a3dfac5ecbaa6539b43fd5db8ecf4d7f9cc7331b3e15,joint_limit_return,3,1.0,1.0,24469586.0,1.0,2.676550450896826,0.0,,,
ur5e,trac_task_20ms,5ff81edc43cf92c445ae661655f0f074229d3861bbbd0b57d14ad453615b9e25,near_singular,3,1.0,1.0,26713191.666666668,1.0,6.475254992929212,0.0,,,
ur5e,trac_task_20ms,6105bc9f0df7e8baadfc8dd255f78c7bb3ddb066573e8f4fde9c385dbe5db694,near_singular,3,1.0,1.0,26329583.0,1.0,8.49903948276872,0.0,,,
ur5e,trac_task_20ms,68244e8dec0d66d1a48832b1992c69f7c4c907fc930b958710e9220ae46bd192,near_singular,3,1.0,1.0,26155548.0,1.0,10.361079568327822,0.0,,,
ur5e,trac_task_20ms,816b8a675263f8ec8337dc224a3ea9971c9a8387f6953eb1fd1c846b6d1a7c4a,joint_limit_return,3,1.0,1.0,29006931.333333332,1.0,1.1085328183497296,0.0,,,
ur5e,trac_task_20ms,929479d86d1af1569abbd00ff695f793876d0c13d1b6ef36f9f39dc04d36f80c,near_singular,3,1.0,1.0,25264790.0,1.0,1.569837548086909,0.0,,,
ur5e,trac_task_20ms,9a5eaa5a533abb994b7505aca361cebaf65ef495d064d694df4c023580e9cd0b,smooth,3,1.0,1.0,25471984.0,1.0,13.362563392516343,0.0,,,
ur5e,trac_task_20ms,9ab3a7e22a338adf15a7eb240986a1d682820bcf958fc25dd9058bd66c51d502,near_singular,3,1.0,1.0,26047565.333333332,1.0,13.90046316997938,0.0,,,
ur5e,trac_task_20ms,a079baf3b1644afc829cc82c6747ab4482a4f1778e24be557741a87f9aefa38f,high_curvature,3,1.0,1.0,27435869.333333332,1.0,8.607232181989222,0.0,,,
ur5e,trac_task_20ms,a4d21e54d799674aa3de252efe1304776a18586a5f8d95b6f975dad09cacd372,joint_limit_return,3,1.0,1.0,27822224.666666668,1.0,23.65824567618236,0.0,,,
ur5e,trac_task_20ms,a68ec605ba66c3e27686650c1fdc577d4ff40b0c237bb80f93dc329bed511c56,high_curvature,3,1.0,1.0,26836668.666666668,1.0,7.542666064857684,0.0022222222222222222,,,
ur5e,trac_task_20ms,ad91c93d906d04e8aa7467228cb161965123769d55ad38469161e7830e742868,high_curvature,3,1.0,1.0,24962357.0,1.0,8.116014457490067,0.0,,,
ur5e,trac_task_20ms,ae12f9762615d4c9ac155883dd03d430cba862223b3fb491a4a1d1189e10a2b8,smooth,3,1.0,1.0,24560069.666666668,1.0,2.2641737360401404,0.0,,,
ur5e,trac_task_20ms,b0e17067aaf6e660b04f8be634d639d569df55018bfb39821596146afb9736de,smooth,3,1.0,0.6666666666666666,39895088.333333336,1.0,16.64629519835042,0.0,,,
ur5e,trac_task_20ms,bf166cd6db08076d8c85cfd7e7364d2446c3c1ec592ea82609b812c0faa204ea,near_singular,3,0.0,0.0,534921222.3333333,0.8333333333333334,11.962771793828162,0.0,,,
ur5e,trac_task_20ms,c0f0fa5983ead9bf72ff425c510b3208de5bd46dcc8efd876a735c868767ac8e,joint_limit_return,3,1.0,1.0,28471572.666666668,1.0,15.3109280481615,0.0,,,
ur5e,trac_task_20ms,ce26ff5e9952bacd57c54933b78db77a6ea0e1070f6563c04194dc00457f2656,near_singular,3,1.0,1.0,26210389.333333332,1.0,0.6891876160213366,0.0,,,
ur5e,trac_task_20ms,cf0b2892659faaddd69ba9d6172f4d41b4cbbe81ea9aa1fa891f59fcc8daec21,near_singular,3,1.0,1.0,24754992.333333332,1.0,6.483538227305464,0.0,,,
ur5e,trac_task_20ms,d1ef5ab32f38a93c076857d0eea5dc9836af8df3c2111b752fe4a419473c1ff4,joint_limit_return,3,1.0,1.0,29478737.666666668,1.0,3.528649772778626,0.0,,,
ur5e,trac_task_20ms,d30c1e5c8c16af6e606ac7829229200ccae448efeb1a9cdad8b80da506691864,joint_limit_return,3,1.0,0.6666666666666666,40031419.0,1.0,1.1987652470341221,0.0,,,
ur5e,trac_task_20ms,da8a1e7a5ca60a1e40bacf3e76f1002ab39a7b3cb6f8290450d6356089897d78,high_curvature,3,1.0,1.0,25005795.666666668,1.0,5.366979807698537,0.0,,,
ur5e,trac_task_20ms,e2e620aa17071c959d153796e3b230f5780cc2b167c0a2e0b4bb029087169848,smooth,3,1.0,1.0,24598930.666666668,1.0,1.4229430585018463,0.0,,,
ur5e,trac_task_20ms,e4188d53efbb54472d782b035a4214854136b6bb171d9aee6282590944abd39b,near_singular,3,1.0,1.0,26857597.0,1.0,13.81178396427834,0.0,,,
ur5e,trac_task_20ms,f87cbb198e6aa95e16ea15160dd1d4f545d70b0d61622238ff991b3a2d27786a,smooth,3,1.0,1.0,24817753.0,1.0,9.87940970805473,0.0,,,
ur5e,pink_qp,08551a27ac837f8ed54c41a0759eec98dbd199480066ac542298cbb032f6d99a,joint_limit_return,1,1.0,1.0,97463292.0,1.0,27.947951413687118,0.0,,,
ur5e,pink_qp,08f895e22c5162e0796964649a1fcdb582c61bccc5e4d0e8b349bbca35756523,joint_limit_return,1,1.0,1.0,98318658.0,1.0,0.9220917467049237,0.0,,,
ur5e,pink_qp,118730753d57a2523105ec3ee6ba017c9c2775dda076f4c79f2396693e83c7a9,high_curvature,1,1.0,1.0,96145763.0,1.0,8.190145362200631,0.0,,,
ur5e,pink_qp,13896bc6c5f688854ad405268705ab3bb2a8fec56ac1e75c8a872707a3f652f8,smooth,1,1.0,1.0,96753039.0,1.0,8.31257429303549,0.0,,,
ur5e,pink_qp,1572bafea0edc3c6cc05d2a9eabd19a06035670328035c0b780d47b54a683769,high_curvature,1,1.0,1.0,96671502.0,1.0,6.171233288713939,0.0,,,
ur5e,pink_qp,17d92c7319719a45d08d673e5023c3f00687e4f5a57bdebde3dccc6370b94c3a,near_singular,1,1.0,1.0,101225489.0,1.0,24.5045520636521,0.0,,,
ur5e,pink_qp,1c73e520a3d5bd8f7e29cb08d559a6364a6bdec344a07acd40f2375a56459f79,high_curvature,1,1.0,1.0,97670158.0,1.0,37.68858836658844,0.0,,,
ur5e,pink_qp,2037257a8eb29f55e1baa50497e60c0cb87331a5da7e7a4344c8cded212a709f,smooth,1,1.0,1.0,97865615.0,1.0,27.37046262718599,0.0,,,
ur5e,pink_qp,2136e60219e4240e7b97c87a2f481c6642991ff7128b97a75454ffcee69e4a9c,smooth,1,1.0,1.0,96794782.0,1.0,0.7907816828614045,0.0,,,
ur5e,pink_qp,234cd2a268d2d4ebc0f1b5ca1926ee196812079496ff3e6e19f17e48a5761d2c,joint_limit_return,1,1.0,1.0,97242782.0,1.0,0.8821542494017126,0.0,,,
ur5e,pink_qp,28c799f101b845f2577d1584bde9de07634bcdda61cf814be0670f4c7adce911,joint_limit_return,1,1.0,1.0,100158257.0,1.0,18.19834678970561,0.0,,,
ur5e,pink_qp,382307fdf25e31f8b1ae5c14a7545e81bf0c54489223c4626934c3dbe31a195e,high_curvature,1,1.0,1.0,96701055.0,1.0,32.48988449807168,0.006666666666666667,,,
ur5e,pink_qp,386ce328d9e893da466d8af1dc09a15e66ae16a35efe9585b2d68e67da964fb7,smooth,1,1.0,1.0,97092393.0,1.0,0.7396093039834724,0.0,,,
ur5e,pink_qp,3bd332b9ef08ab00b11a865fd161af952ecc92241dd59aeac869f7688ac64b79,high_curvature,1,1.0,1.0,97100092.0,1.0,4.8831149253271775,0.0,,,
ur5e,pink_qp,5547871d76b6176b3e5dd5d8f20eebc72645f4fdb4a7e415a21928fb85392f9e,high_curvature,1,0.0,0.0,105748703.0,0.5133333333333333,26.644342435124017,0.0,,,
ur5e,pink_qp,5de0f5ff5025c915a9ca0194e6813b77637e2059d947b69d324216690202559b,smooth,1,1.0,1.0,104386171.0,1.0,0.8462150224287952,0.0,,,
ur5e,pink_qp,5e7743615ad75a997da2a3dfac5ecbaa6539b43fd5db8ecf4d7f9cc7331b3e15,joint_limit_return,1,1.0,1.0,96918826.0,1.0,4.8095061780366715,0.0,,,
ur5e,pink_qp,5ff81edc43cf92c445ae661655f0f074229d3861bbbd0b57d14ad453615b9e25,near_singular,1,0.0,0.0,96665416.0,0.9933333333333333,17.81766101825688,0.0,,,
ur5e,pink_qp,6105bc9f0df7e8baadfc8dd255f78c7bb3ddb066573e8f4fde9c385dbe5db694,near_singular,1,1.0,1.0,96320698.0,1.0,8.837007331056807,0.0,,,
ur5e,pink_qp,68244e8dec0d66d1a48832b1992c69f7c4c907fc930b958710e9220ae46bd192,near_singular,1,1.0,1.0,98465579.0,1.0,6.590886996035068,0.0,,,
ur5e,pink_qp,816b8a675263f8ec8337dc224a3ea9971c9a8387f6953eb1fd1c846b6d1a7c4a,joint_limit_return,1,1.0,1.0,103126600.0,1.0,0.8188331419501326,0.0,,,
ur5e,pink_qp,929479d86d1af1569abbd00ff695f793876d0c13d1b6ef36f9f39dc04d36f80c,near_singular,1,1.0,1.0,98996740.0,1.0,7.776803818040356,0.0,,,
ur5e,pink_qp,9a5eaa5a533abb994b7505aca361cebaf65ef495d064d694df4c023580e9cd0b,smooth,1,1.0,1.0,104370647.0,1.0,24.509048326944274,0.0,,,
ur5e,pink_qp,9ab3a7e22a338adf15a7eb240986a1d682820bcf958fc25dd9058bd66c51d502,near_singular,1,1.0,1.0,97329350.0,1.0,21.61464275313161,0.0,,,
ur5e,pink_qp,a079baf3b1644afc829cc82c6747ab4482a4f1778e24be557741a87f9aefa38f,high_curvature,1,1.0,1.0,96720436.0,1.0,8.212473567789708,0.0,,,
ur5e,pink_qp,a4d21e54d799674aa3de252efe1304776a18586a5f8d95b6f975dad09cacd372,joint_limit_return,1,1.0,1.0,97063633.0,1.0,27.221260012382736,0.0,,,
ur5e,pink_qp,a68ec605ba66c3e27686650c1fdc577d4ff40b0c237bb80f93dc329bed511c56,high_curvature,1,1.0,1.0,96899589.0,1.0,7.255937848155332,0.0,,,
ur5e,pink_qp,ad91c93d906d04e8aa7467228cb161965123769d55ad38469161e7830e742868,high_curvature,1,1.0,1.0,97249526.0,1.0,7.987277553619626,0.0,,,
ur5e,pink_qp,ae12f9762615d4c9ac155883dd03d430cba862223b3fb491a4a1d1189e10a2b8,smooth,1,1.0,1.0,96743994.0,1.0,1.237271660082086,0.0,,,
ur5e,pink_qp,b0e17067aaf6e660b04f8be634d639d569df55018bfb39821596146afb9736de,smooth,1,1.0,1.0,98743497.0,1.0,20.157487123000806,0.0,,,
ur5e,pink_qp,bf166cd6db08076d8c85cfd7e7364d2446c3c1ec592ea82609b812c0faa204ea,near_singular,1,1.0,1.0,96154739.0,1.0,7.984099048140724,0.0,,,
ur5e,pink_qp,c0f0fa5983ead9bf72ff425c510b3208de5bd46dcc8efd876a735c868767ac8e,joint_limit_return,1,1.0,1.0,95809022.0,1.0,20.09211721051614,0.0,,,
ur5e,pink_qp,ce26ff5e9952bacd57c54933b78db77a6ea0e1070f6563c04194dc00457f2656,near_singular,1,1.0,1.0,95894135.0,1.0,6.442563867685372,0.0,,,
ur5e,pink_qp,cf0b2892659faaddd69ba9d6172f4d41b4cbbe81ea9aa1fa891f59fcc8daec21,near_singular,1,1.0,1.0,97255479.0,1.0,17.10195381265139,0.0,,,
ur5e,pink_qp,d1ef5ab32f38a93c076857d0eea5dc9836af8df3c2111b752fe4a419473c1ff4,joint_limit_return,1,1.0,1.0,99288666.0,1.0,4.1169926367570016,0.0,,,
ur5e,pink_qp,d30c1e5c8c16af6e606ac7829229200ccae448efeb1a9cdad8b80da506691864,joint_limit_return,1,1.0,1.0,96065174.0,1.0,0.6433872219295087,0.0,,,
ur5e,pink_qp,da8a1e7a5ca60a1e40bacf3e76f1002ab39a7b3cb6f8290450d6356089897d78,high_curvature,1,1.0,1.0,96995231.0,1.0,5.367671176104795,0.0,,,
ur5e,pink_qp,e2e620aa17071c959d153796e3b230f5780cc2b167c0a2e0b4bb029087169848,smooth,1,1.0,1.0,99053204.0,1.0,0.7664541556589248,0.0,,,
ur5e,pink_qp,e4188d53efbb54472d782b035a4214854136b6bb171d9aee6282590944abd39b,near_singular,1,1.0,1.0,103421805.0,1.0,13.78409346165507,0.0,,,
ur5e,pink_qp,f87cbb198e6aa95e16ea15160dd1d4f545d70b0d61622238ff991b3a2d27786a,smooth,1,1.0,1.0,97944734.0,1.0,16.498409709574368,0.0,,,
ur5e,cr_ik,08551a27ac837f8ed54c41a0759eec98dbd199480066ac542298cbb032f6d99a,joint_limit_return,3,1.0,1.0,791971700.6666666,1.0,17.13832786743487,0.05333333333333334,1.0,0.49091334781864343,0.02
ur5e,cr_ik,08f895e22c5162e0796964649a1fcdb582c61bccc5e4d0e8b349bbca35756523,joint_limit_return,3,1.0,1.0,773595171.6666666,1.0,13.962541212330615,0.0,0.9533333333333335,0.24327957180380685,0.062222222222222213
ur5e,cr_ik,118730753d57a2523105ec3ee6ba017c9c2775dda076f4c79f2396693e83c7a9,high_curvature,3,1.0,1.0,807164850.6666666,1.0,8.282287323084326,0.0,1.0,0.04516387519556431,0.008888888888888889
ur5e,cr_ik,13896bc6c5f688854ad405268705ab3bb2a8fec56ac1e75c8a872707a3f652f8,smooth,3,1.0,1.0,811633193.0,1.0,15.750252276110082,0.0,1.0,0.31632994717813606,0.09555555555555556
ur5e,cr_ik,1572bafea0edc3c6cc05d2a9eabd19a06035670328035c0b780d47b54a683769,high_curvature,3,1.0,0.6666666666666666,808100231.3333334,1.0,6.589996705809246,0.12,1.0,0.05038045996546572,0.0022222222222222222
ur5e,cr_ik,17d92c7319719a45d08d673e5023c3f00687e4f5a57bdebde3dccc6370b94c3a,near_singular,3,1.0,1.0,756633231.3333334,1.0,16.858889455045553,0.0,1.0,0.22635983595801698,0.12444444444444447
ur5e,cr_ik,1c73e520a3d5bd8f7e29cb08d559a6364a6bdec344a07acd40f2375a56459f79,high_curvature,3,1.0,1.0,816336105.6666666,1.0,11.304192657133463,0.0,1.0,0.09121651062034764,0.06
ur5e,cr_ik,2037257a8eb29f55e1baa50497e60c0cb87331a5da7e7a4344c8cded212a709f,smooth,3,1.0,1.0,796732111.3333334,1.0,5.902897152455933,0.013333333333333334,1.0,0.11475200856868012,0.08666666666666667
ur5e,cr_ik,2136e60219e4240e7b97c87a2f481c6642991ff7128b97a75454ffcee69e4a9c,smooth,3,1.0,1.0,794754760.3333334,1.0,5.364063340649261,0.0,1.0,0.10581130171447976,0.09555555555555556
ur5e,cr_ik,234cd2a268d2d4ebc0f1b5ca1926ee196812079496ff3e6e19f17e48a5761d2c,joint_limit_return,3,1.0,0.6666666666666666,808771498.6666666,1.0,8.942698924443324,0.0,1.0,0.23898670794850338,0.0044444444444444444
ur5e,cr_ik,28c799f101b845f2577d1584bde9de07634bcdda61cf814be0670f4c7adce911,joint_limit_return,3,1.0,1.0,780071410.3333334,1.0,17.230994376487384,0.0,0.9666666666666668,0.34309712688582555,0.2066666666666667
ur5e,cr_ik,382307fdf25e31f8b1ae5c14a7545e81bf0c54489223c4626934c3dbe31a195e,high_curvature,3,1.0,1.0,792434575.0,1.0,7.814169723005655,0.12,1.0,0.09036406091698258,0.08666666666666667
ur5e,cr_ik,386ce328d9e893da466d8af1dc09a15e66ae16a35efe9585b2d68e67da964fb7,smooth,3,1.0,1.0,805316535.0,1.0,3.509657642767398,0.0,1.0,0.17647555844528395,0.0
ur5e,cr_ik,3bd332b9ef08ab00b11a865fd161af952ecc92241dd59aeac869f7688ac64b79,high_curvature,3,1.0,1.0,815340390.6666666,1.0,6.539106035749119,0.0,1.0,0.16421747408952628,0.05555555555555556
ur5e,cr_ik,5547871d76b6176b3e5dd5d8f20eebc72645f4fdb4a7e415a21928fb85392f9e,high_curvature,3,0.6666666666666666,0.6666666666666666,819335765.0,0.9088888888888889,21.090138859716642,0.02528032619775739,1.0,0.16370133907143916,0.0764118246687054
ur5e,cr_ik,5de0f5ff5025c915a9ca0194e6813b77637e2059d947b69d324216690202559b,smooth,3,1.0,1.0,792578282.6666666,1.0,1.373979868294394,0.0,1.0,0.04787466136538407,0.06
ur5e,cr_ik,5e7743615ad75a997da2a3dfac5ecbaa6539b43fd5db8ecf4d7f9cc7331b3e15,joint_limit_return,3,1.0,1.0,783284290.3333334,1.0,4.625099772200884,0.0,1.0,0.11177859416210101,0.05555555555555556
ur5e,cr_ik,5ff81edc43cf92c445ae661655f0f074229d3861bbbd0b57d14ad453615b9e25,near_singular,3,1.0,1.0,819542522.3333334,1.0,15.119300482248306,0.0,1.0,0.5639073427857625,0.04
ur5e,cr_ik,6105bc9f0df7e8baadfc8dd255f78c7bb3ddb066573e8f4fde9c385dbe5db694,near_singular,3,1.0,1.0,784547327.0,1.0,8.063627967092161,0.0,1.0,0.06178842545907634,0.006666666666666667
ur5e,cr_ik,68244e8dec0d66d1a48832b1992c69f7c4c907fc930b958710e9220ae46bd192,near_singular,3,1.0,1.0,792010881.3333334,1.0,0.43055262482181805,0.0,1.0,0.018594353578425083,0.0
ur5e,cr_ik,816b8a675263f8ec8337dc224a3ea9971c9a8387f6953eb1fd1c846b6d1a7c4a,joint_limit_return,3,1.0,1.0,814743942.0,1.0,7.010338825295624,0.0,1.0,0.16744047139648566,0.006666666666666667
ur5e,cr_ik,929479d86d1af1569abbd00ff695f793876d0c13d1b6ef36f9f39dc04d36f80c,near_singular,3,1.0,1.0,790188307.0,1.0,2.905560602816925,0.0,1.0,0.09194304618275988,0.07555555555555556
ur5e,cr_ik,9a5eaa5a533abb994b7505aca361cebaf65ef495d064d694df4c023580e9cd0b,smooth,3,1.0,1.0,789790104.0,1.0,10.958675485719652,0.0,1.0,0.20900099824717297,0.03777777777777778
ur5e,cr_ik,9ab3a7e22a338adf15a7eb240986a1d682820bcf958fc25dd9058bd66c51d502,near_singular,3,1.0,1.0,791070406.3333334,1.0,12.068864720007722,0.0,1.0,0.08133454270336583,0.27555555555555555
ur5e,cr_ik,a079baf3b1644afc829cc82c6747ab4482a4f1778e24be557741a87f9aefa38f,high_curvature,3,1.0,1.0,793130482.0,1.0,8.440895942047169,0.04666666666666667,1.0,0.04833972355260394,0.006666666666666667
ur5e,cr_ik,a4d21e54d799674aa3de252efe1304776a18586a5f8d95b6f975dad09cacd372,joint_limit_return,3,1.0,1.0,802869113.0,1.0,6.573539869395272,0.0,1.0,0.2258554055593777,0.06
ur5e,cr_ik,a68ec605ba66c3e27686650c1fdc577d4ff40b0c237bb80f93dc329bed511c56,high_curvature,3,1.0,1.0,809459996.0,1.0,7.836566023697645,0.08,1.0,0.0534456423223818,0.013333333333333334
ur5e,cr_ik,ad91c93d906d04e8aa7467228cb161965123769d55ad38469161e7830e742868,high_curvature,3,1.0,0.6666666666666666,795258167.0,1.0,8.23451949539595,0.013333333333333334,1.0,0.02743112878452383,0.0
ur5e,cr_ik,ae12f9762615d4c9ac155883dd03d430cba862223b3fb491a4a1d1189e10a2b8,smooth,3,1.0,0.6666666666666666,798987550.0,1.0,4.645683812285539,0.0,1.0,0.06085287825397546,0.08666666666666667
ur5e,cr_ik,b0e17067aaf6e660b04f8be634d639d569df55018bfb39821596146afb9736de,smooth,3,1.0,1.0,786628752.0,1.0,5.440694052723363,0.0,1.0,0.1729429118515725,0.03333333333333333
ur5e,cr_ik,bf166cd6db08076d8c85cfd7e7364d2446c3c1ec592ea82609b812c0faa204ea,near_singular,3,1.0,1.0,796677581.6666666,1.0,2.4975397994532034,0.0,1.0,0.04132632273601484,0.008888888888888889
ur5e,cr_ik,c0f0fa5983ead9bf72ff425c510b3208de5bd46dcc8efd876a735c868767ac8e,joint_limit_return,3,1.0,1.0,795568365.0,1.0,12.754882436672153,0.04666666666666667,1.0,0.21020825025014242,0.05333333333333334
ur5e,cr_ik,ce26ff5e9952bacd57c54933b78db77a6ea0e1070f6563c04194dc00457f2656,near_singular,3,1.0,1.0,797343875.0,1.0,7.018637730818244,0.0,1.0,0.04071144246144587,0.14222222222222222
ur5e,cr_ik,cf0b2892659faaddd69ba9d6172f4d41b4cbbe81ea9aa1fa891f59fcc8daec21,near_singular,3,1.0,1.0,788656954.6666666,1.0,12.89434670781445,0.0022222222222222222,1.0,0.1715249195036611,0.02906906906906907
ur5e,cr_ik,d1ef5ab32f38a93c076857d0eea5dc9836af8df3c2111b752fe4a419473c1ff4,joint_limit_return,3,1.0,1.0,810498130.6666666,1.0,12.28767194001359,0.0,1.0,0.25064144886897727,0.07111111111111111
ur5e,cr_ik,d30c1e5c8c16af6e606ac7829229200ccae448efeb1a9cdad8b80da506691864,joint_limit_return,3,1.0,1.0,797770778.0,1.0,2.104963121744473,0.013333333333333334,1.0,0.08485135293142164,0.03333333333333333
ur5e,cr_ik,da8a1e7a5ca60a1e40bacf3e76f1002ab39a7b3cb6f8290450d6356089897d78,high_curvature,3,1.0,1.0,831259686.3333334,1.0,5.6242110283444715,0.09333333333333334,1.0,0.04429557358939349,0.0
ur5e,cr_ik,e2e620aa17071c959d153796e3b230f5780cc2b167c0a2e0b4bb029087169848,smooth,3,1.0,1.0,791247451.3333334,1.0,0.7794706966237385,0.0,1.0,0.01482106368083958,0.006666666666666667
ur5e,cr_ik,e4188d53efbb54472d782b035a4214854136b6bb171d9aee6282590944abd39b,near_singular,3,1.0,1.0,784451987.0,1.0,5.701413088385504,0.0,1.0,0.05022940067912358,0.3133333333333333
ur5e,cr_ik,f87cbb198e6aa95e16ea15160dd1d4f545d70b0d61622238ff991b3a2d27786a,smooth,3,0.0,0.0,917342967.6666666,0.21333333333333335,11.166274131304755,0.03125,1.0,0.31178679735505965,0.15625
ur5e,two_step_predictive,08551a27ac837f8ed54c41a0759eec98dbd199480066ac542298cbb032f6d99a,joint_limit_return,3,1.0,1.0,569291993.3333334,1.0,13.220353214609952,0.0,1.0,0.24926947780423855,0.02
ur5e,two_step_predictive,08f895e22c5162e0796964649a1fcdb582c61bccc5e4d0e8b349bbca35756523,joint_limit_return,3,1.0,1.0,546172666.0,1.0,7.924733445246474,0.0,1.0,0.30059805678542023,0.008888888888888889
ur5e,two_step_predictive,118730753d57a2523105ec3ee6ba017c9c2775dda076f4c79f2396693e83c7a9,high_curvature,3,1.0,1.0,524931638.6666667,1.0,8.168235058467223,0.0,1.0,0.043676498968008716,0.0
ur5e,two_step_predictive,13896bc6c5f688854ad405268705ab3bb2a8fec56ac1e75c8a872707a3f652f8,smooth,3,1.0,0.6666666666666666,566410313.6666666,1.0,3.9465740927824693,0.0,0.9977777777777778,0.4936583816203884,0.017777777777777778
ur5e,two_step_predictive,1572bafea0edc3c6cc05d2a9eabd19a06035670328035c0b780d47b54a683769,high_curvature,3,1.0,1.0,552496969.0,1.0,6.170024833074095,0.0,1.0,0.024328877523829198,0.0
ur5e,two_step_predictive,17d92c7319719a45d08d673e5023c3f00687e4f5a57bdebde3dccc6370b94c3a,near_singular,3,1.0,1.0,545129024.3333334,1.0,8.793383769732012,0.0,1.0,0.2534480181993479,0.008918717375093215
ur5e,two_step_predictive,1c73e520a3d5bd8f7e29cb08d559a6364a6bdec344a07acd40f2375a56459f79,high_curvature,3,1.0,1.0,536118782.0,1.0,8.798414791648137,0.0,1.0,0.07437399278340921,0.006666666666666667
ur5e,two_step_predictive,2037257a8eb29f55e1baa50497e60c0cb87331a5da7e7a4344c8cded212a709f,smooth,3,1.0,1.0,536774066.6666667,1.0,9.399699131295002,0.0,1.0,0.1635194751044716,0.0
ur5e,two_step_predictive,2136e60219e4240e7b97c87a2f481c6642991ff7128b97a75454ffcee69e4a9c,smooth,3,1.0,1.0,538658656.0,1.0,8.396425153433563,0.0,1.0,0.15649973974523615,0.0
ur5e,two_step_predictive,234cd2a268d2d4ebc0f1b5ca1926ee196812079496ff3e6e19f17e48a5761d2c,joint_limit_return,3,1.0,0.6666666666666666,558280791.0,1.0,9.024107233909328,0.0,1.0,0.3023662483375888,0.0022222222222222222
ur5e,two_step_predictive,28c799f101b845f2577d1584bde9de07634bcdda61cf814be0670f4c7adce911,joint_limit_return,3,1.0,1.0,557294349.3333334,1.0,14.51827212666027,0.0,1.0,0.5771403447048565,0.011111111111111112
ur5e,two_step_predictive,382307fdf25e31f8b1ae5c14a7545e81bf0c54489223c4626934c3dbe31a195e,high_curvature,3,1.0,1.0,537174727.3333334,1.0,6.5220703833246105,0.0,1.0,0.0739077579200066,0.0
ur5e,two_step_predictive,386ce328d9e893da466d8af1dc09a15e66ae16a35efe9585b2d68e67da964fb7,smooth,3,1.0,0.6666666666666666,559972182.0,1.0,1.3642790615135005,0.0,0.9977777777777778,0.18334770309562534,0.0022222222222222222
ur5e,two_step_predictive,3bd332b9ef08ab00b11a865fd161af952ecc92241dd59aeac869f7688ac64b79,high_curvature,3,1.0,1.0,547575435.0,1.0,4.974609252231857,0.0,1.0,0.18167413939836097,0.0
ur5e,two_step_predictive,5547871d76b6176b3e5dd5d8f20eebc72645f4fdb4a7e415a21928fb85392f9e,high_curvature,3,1.0,1.0,539965951.3333334,1.0,10.575818328356874,0.0,1.0,0.18091207156802713,0.02
ur5e,two_step_predictive,5de0f5ff5025c915a9ca0194e6813b77637e2059d947b69d324216690202559b,smooth,3,1.0,1.0,532725575.6666667,1.0,0.8805334034505053,0.0,1.0,0.05043144019123146,0.0
ur5e,two_step_predictive,5e7743615ad75a997da2a3dfac5ecbaa6539b43fd5db8ecf4d7f9cc7331b3e15,joint_limit_return,3,1.0,1.0,546815519.0,1.0,1.5669921618311868,0.0,1.0,0.1803193878282782,0.0
ur5e,two_step_predictive,5ff81edc43cf92c445ae661655f0f074229d3861bbbd0b57d14ad453615b9e25,near_singular,3,1.0,1.0,565726070.0,1.0,9.677230058581033,0.0,1.0,0.44269124793899195,0.017807606263982104
ur5e,two_step_predictive,6105bc9f0df7e8baadfc8dd255f78c7bb3ddb066573e8f4fde9c385dbe5db694,near_singular,3,1.0,1.0,548660315.6666666,1.0,0.20709486447183167,0.0,1.0,0.04429963324452535,0.0
ur5e,two_step_predictive,68244e8dec0d66d1a48832b1992c69f7c4c907fc930b958710e9220ae46bd192,near_singular,3,1.0,1.0,551609599.0,1.0,0.17181937813800455,0.0,1.0,0.01777732640070227,0.0
ur5e,two_step_predictive,816b8a675263f8ec8337dc224a3ea9971c9a8387f6953eb1fd1c846b6d1a7c4a,joint_limit_return,3,1.0,1.0,546125508.0,1.0,0.8344188574655055,0.0,1.0,0.05424328710936658,0.0
ur5e,two_step_predictive,929479d86d1af1569abbd00ff695f793876d0c13d1b6ef36f9f39dc04d36f80c,near_singular,3,1.0,1.0,557596226.6666666,1.0,0.26097055299647537,0.0,1.0,0.12313097126809995,0.0
ur5e,two_step_predictive,9a5eaa5a533abb994b7505aca361cebaf65ef495d064d694df4c023580e9cd0b,smooth,3,1.0,1.0,529889830.0,1.0,2.3611648283944517,0.0,1.0,0.2933956562606253,0.0022222222222222222
ur5e,two_step_predictive,9ab3a7e22a338adf15a7eb240986a1d682820bcf958fc25dd9058bd66c51d502,near_singular,3,1.0,1.0,541639803.6666666,1.0,3.5629240555903983,0.0,1.0,0.43043464492369915,0.0
ur5e,two_step_predictive,a079baf3b1644afc829cc82c6747ab4482a4f1778e24be557741a87f9aefa38f,high_curvature,3,1.0,1.0,536571038.0,1.0,8.208147566379559,0.0,1.0,0.02641770204068883,0.0
ur5e,two_step_predictive,a4d21e54d799674aa3de252efe1304776a18586a5f8d95b6f975dad09cacd372,joint_limit_return,3,1.0,1.0,563421550.3333334,1.0,6.335535956233564,0.0,1.0,0.2191848763932938,0.011546231546231545
ur5e,two_step_predictive,a68ec605ba66c3e27686650c1fdc577d4ff40b0c237bb80f93dc329bed511c56,high_curvature,3,1.0,1.0,533381244.0,1.0,7.228935584554269,0.0,1.0,0.037260332052440386,0.0
ur5e,two_step_predictive,ad91c93d906d04e8aa7467228cb161965123769d55ad38469161e7830e742868,high_curvature,3,1.0,1.0,547551911.0,1.0,7.9842436414929425,0.0,1.0,0.02116256204344293,0.0
ur5e,two_step_predictive,ae12f9762615d4c9ac155883dd03d430cba862223b3fb491a4a1d1189e10a2b8,smooth,3,1.0,1.0,530042247.6666667,1.0,1.6326006669034776,0.0,1.0,0.16652315852952537,0.0
ur5e,two_step_predictive,b0e17067aaf6e660b04f8be634d639d569df55018bfb39821596146afb9736de,smooth,3,1.0,1.0,546326337.6666666,1.0,5.56260549395897,0.0,1.0,0.18946195762397533,0.0022222222222222222
ur5e,two_step_predictive,bf166cd6db08076d8c85cfd7e7364d2446c3c1ec592ea82609b812c0faa204ea,near_singular,3,1.0,1.0,543859926.6666666,1.0,0.16762111877341726,0.0,1.0,0.03206616004135978,0.0
ur5e,two_step_predictive,c0f0fa5983ead9bf72ff425c510b3208de5bd46dcc8efd876a735c868767ac8e,joint_limit_return,3,1.0,1.0,529655960.6666667,1.0,7.883455637238575,0.0,1.0,0.2669210840397159,0.0
ur5e,two_step_predictive,ce26ff5e9952bacd57c54933b78db77a6ea0e1070f6563c04194dc00457f2656,near_singular,3,1.0,1.0,523825391.3333333,1.0,0.3941524476654898,0.0,1.0,0.05553361395609404,0.0022222222222222222
ur5e,two_step_predictive,cf0b2892659faaddd69ba9d6172f4d41b4cbbe81ea9aa1fa891f59fcc8daec21,near_singular,3,1.0,1.0,554651945.6666666,1.0,7.371875931376882,0.0,1.0,0.19815392046559532,0.015555555555555557
ur5e,two_step_predictive,d1ef5ab32f38a93c076857d0eea5dc9836af8df3c2111b752fe4a419473c1ff4,joint_limit_return,3,1.0,1.0,548856295.6666666,1.0,3.477742314150204,0.0,1.0,0.32114085412411275,0.0
ur5e,two_step_predictive,d30c1e5c8c16af6e606ac7829229200ccae448efeb1a9cdad8b80da506691864,joint_limit_return,3,1.0,0.6666666666666666,546647069.6666666,1.0,0.6827218880683784,0.0,0.9977777777777778,0.05763366816558011,0.0022222222222222222
ur5e,two_step_predictive,da8a1e7a5ca60a1e40bacf3e76f1002ab39a7b3cb6f8290450d6356089897d78,high_curvature,3,1.0,1.0,544728811.0,1.0,5.36743672990077,0.0,1.0,0.009508432278414582,0.0
ur5e,two_step_predictive,e2e620aa17071c959d153796e3b230f5780cc2b167c0a2e0b4bb029087169848,smooth,3,1.0,0.6666666666666666,543869734.3333334,1.0,0.7659818416495883,0.0,1.0,0.017771899360500262,0.0
ur5e,two_step_predictive,e4188d53efbb54472d782b035a4214854136b6bb171d9aee6282590944abd39b,near_singular,3,1.0,1.0,542318074.6666666,1.0,5.5034310894057334,0.0,1.0,0.11278029450370224,0.0022222222222222222
ur5e,two_step_predictive,f87cbb198e6aa95e16ea15160dd1d4f545d70b0d61622238ff991b3a2d27786a,smooth,3,1.0,1.0,535261320.3333333,1.0,4.236449203003268,0.0,1.0,0.10746508723409276,0.013333333333333334
ur5e,cr_ik_minimal,08551a27ac837f8ed54c41a0759eec98dbd199480066ac542298cbb032f6d99a,joint_limit_return,3,1.0,1.0,118202322.33333333,1.0,21.721021673749288,0.006666666666666667,0.5533333333333333,0.0003424540662037583,0.9244444444444445
ur5e,cr_ik_minimal,08f895e22c5162e0796964649a1fcdb582c61bccc5e4d0e8b349bbca35756523,joint_limit_return,3,1.0,1.0,112191183.0,1.0,11.124428003674447,0.006666666666666667,0.4022222222222222,0.0012733196208180076,0.98
ur5e,cr_ik_minimal,118730753d57a2523105ec3ee6ba017c9c2775dda076f4c79f2396693e83c7a9,high_curvature,3,1.0,1.0,144965777.33333334,1.0,9.642231477696797,0.0,1.0,0.0,1.0
ur5e,cr_ik_minimal,13896bc6c5f688854ad405268705ab3bb2a8fec56ac1e75c8a872707a3f652f8,smooth,3,1.0,1.0,105844822.33333333,1.0,9.835541908580113,0.0,0.4711111111111111,0.00037241182721022307,0.9888888888888889
ur5e,cr_ik_minimal,1572bafea0edc3c6cc05d2a9eabd19a06035670328035c0b780d47b54a683769,high_curvature,3,1.0,0.6666666666666666,195985051.0,1.0,6.677623888055561,0.0044444444444444444,0.6333333333333333,0.004421960916769599,0.8355555555555555
ur5e,cr_ik_minimal,17d92c7319719a45d08d673e5023c3f00687e4f5a57bdebde3dccc6370b94c3a,near_singular,3,1.0,1.0,112256656.66666667,1.0,24.32743815982029,0.0022222222222222222,0.48,3.8821544774021216e-05,0.9955555555555554
ur5e,cr_ik_minimal,1c73e520a3d5bd8f7e29cb08d559a6364a6bdec344a07acd40f2375a56459f79,high_curvature,3,1.0,1.0,126260299.33333333,1.0,29.000192442597093,0.0022222222222222222,1.0,0.0,1.0
ur5e,cr_ik_minimal,2037257a8eb29f55e1baa50497e60c0cb87331a5da7e7a4344c8cded212a709f,smooth,3,1.0,1.0,104484364.66666667,1.0,20.926327395128464,0.02,0.26666666666666666,0.0016567300068194562,0.98
ur5e,cr_ik_minimal,2136e60219e4240e7b97c87a2f481c6642991ff7128b97a75454ffcee69e4a9c,smooth,3,1.0,1.0,98662056.66666667,1.0,4.598952206278697,0.008888888888888889,0.24666666666666667,0.000824631113339874,0.9755555555555556
ur5e,cr_ik_minimal,234cd2a268d2d4ebc0f1b5ca1926ee196812079496ff3e6e19f17e48a5761d2c,joint_limit_return,3,1.0,1.0,105688271.0,1.0,3.035164466040385,0.0022222222222222222,0.48,0.0015631697912616418,0.9666666666666667
ur5e,cr_ik_minimal,28c799f101b845f2577d1584bde9de07634bcdda61cf814be0670f4c7adce911,joint_limit_return,3,1.0,1.0,122277569.66666667,1.0,22.704836080258513,0.0,0.6511111111111111,0.00011300979206693141,0.9955555555555554
ur5e,cr_ik_minimal,382307fdf25e31f8b1ae5c14a7545e81bf0c54489223c4626934c3dbe31a195e,high_curvature,3,1.0,1.0,160166445.33333334,1.0,26.516593230540504,0.006666666666666667,0.9933333333333333,0.0051492440196334545,0.9333333333333332
ur5e,cr_ik_minimal,386ce328d9e893da466d8af1dc09a15e66ae16a35efe9585b2d68e67da964fb7,smooth,3,1.0,1.0,88621826.0,1.0,5.9109813447034645,0.006666666666666667,0.13333333333333333,0.0,1.0
ur5e,cr_ik_minimal,3bd332b9ef08ab00b11a865fd161af952ecc92241dd59aeac869f7688ac64b79,high_curvature,3,1.0,1.0,136253232.33333334,1.0,6.7249523386192,0.0022222222222222222,0.9733333333333333,2.3654698910151854e-05,0.9977777777777778
ur5e,cr_ik_minimal,5547871d76b6176b3e5dd5d8f20eebc72645f4fdb4a7e415a21928fb85392f9e,high_curvature,3,1.0,1.0,120221367.33333333,1.0,22.983105850386917,0.0,0.84,0.0006862647633688457,0.9822222222222222
ur5e,cr_ik_minimal,5de0f5ff5025c915a9ca0194e6813b77637e2059d947b69d324216690202559b,smooth,3,1.0,1.0,89433825.0,1.0,1.7505881692286118,0.0,0.06666666666666667,0.0,1.0
ur5e,cr_ik_minimal,5e7743615ad75a997da2a3dfac5ecbaa6539b43fd5db8ecf4d7f9cc7331b3e15,joint_limit_return,3,1.0,1.0,98848401.66666667,1.0,7.255753809470971,0.0022222222222222222,0.31555555555555553,0.00025938321165819723,0.9888888888888889
ur5e,cr_ik_minimal,5ff81edc43cf92c445ae661655f0f074229d3861bbbd0b57d14ad453615b9e25,near_singular,3,1.0,1.0,119088779.33333333,1.0,7.398789391407939,0.0,0.5133333333333333,0.001674288555729985,0.9288888888888889
ur5e,cr_ik_minimal,6105bc9f0df7e8baadfc8dd255f78c7bb3ddb066573e8f4fde9c385dbe5db694,near_singular,3,1.0,0.6666666666666666,106254801.0,1.0,9.793384796560394,0.0,0.05333333333333334,0.0002772448092414253,0.9933333333333333
ur5e,cr_ik_minimal,68244e8dec0d66d1a48832b1992c69f7c4c907fc930b958710e9220ae46bd192,near_singular,3,1.0,1.0,84183347.0,1.0,7.741446410845673,0.0,0.02,0.0,1.0
ur5e,cr_ik_minimal,816b8a675263f8ec8337dc224a3ea9971c9a8387f6953eb1fd1c846b6d1a7c4a,joint_limit_return,3,1.0,0.6666666666666666,139945333.33333334,1.0,4.000265897415269,0.0022222222222222222,0.35777777777777775,1.5469177384842397e-05,0.9688888888888889
ur5e,cr_ik_minimal,929479d86d1af1569abbd00ff695f793876d0c13d1b6ef36f9f39dc04d36f80c,near_singular,3,1.0,1.0,97542975.0,1.0,3.8942252246045395,0.0,0.2333333333333333,0.0002226682987630502,0.9933333333333333
ur5e,cr_ik_minimal,9a5eaa5a533abb994b7505aca361cebaf65ef495d064d694df4c023580e9cd0b,smooth,3,1.0,1.0,98443030.0,1.0,14.51335943515275,0.0,0.34,0.00020932771124617766,0.9933333333333333
ur5e,cr_ik_minimal,9ab3a7e22a338adf15a7eb240986a1d682820bcf958fc25dd9058bd66c51d502,near_singular,3,1.0,1.0,99796986.66666667,1.0,13.891771954571555,0.0,0.31333333333333335,0.0,1.0
ur5e,cr_ik_minimal,a079baf3b1644afc829cc82c6747ab4482a4f1778e24be557741a87f9aefa38f,high_curvature,3,1.0,1.0,133226863.33333333,1.0,8.509111144656181,0.0,0.9866666666666667,0.0002380414410800348,0.9955555555555554
ur5e,cr_ik_minimal,a4d21e54d799674aa3de252efe1304776a18586a5f8d95b6f975dad09cacd372,joint_limit_return,3,1.0,1.0,103763284.33333333,1.0,24.536000980642424,0.0,0.4266666666666667,0.0005925652492949673,0.9911111111111112
ur5e,cr_ik_minimal,a68ec605ba66c3e27686650c1fdc577d4ff40b0c237bb80f93dc329bed511c56,high_curvature,3,1.0,1.0,185965956.66666666,1.0,7.595407341530436,0.0,0.9155555555555556,0.0010512325760554761,0.9444444444444443
ur5e,cr_ik_minimal,ad91c93d906d04e8aa7467228cb161965123769d55ad38469161e7830e742868,high_curvature,3,1.0,1.0,148377806.0,1.0,8.258872699876278,0.0022222222222222222,0.8533333333333334,0.0015915439930163416,0.9555555555555556
ur5e,cr_ik_minimal,ae12f9762615d4c9ac155883dd03d430cba862223b3fb491a4a1d1189e10a2b8,smooth,3,1.0,1.0,102523205.0,1.0,3.0830620179716632,0.013333333333333334,0.3244444444444445,0.0015091137007270103,0.9644444444444445
ur5e,cr_ik_minimal,b0e17067aaf6e660b04f8be634d639d569df55018bfb39821596146afb9736de,smooth,3,1.0,1.0,107469150.0,1.0,17.24584961224106,0.0,0.32666666666666666,0.0003483743418611236,0.9933333333333333
ur5e,cr_ik_minimal,bf166cd6db08076d8c85cfd7e7364d2446c3c1ec592ea82609b812c0faa204ea,near_singular,3,0.0,0.0,238350067.0,0.8333333333333334,12.877979794652125,0.0,0.39111111111111113,0.0006905512281670721,0.9893333333333333
ur5e,cr_ik_minimal,c0f0fa5983ead9bf72ff425c510b3208de5bd46dcc8efd876a735c868767ac8e,joint_limit_return,3,1.0,1.0,133335153.66666667,1.0,13.354610988734109,0.0,0.3933333333333333,0.0004669703845381552,0.98
ur5e,cr_ik_minimal,ce26ff5e9952bacd57c54933b78db77a6ea0e1070f6563c04194dc00457f2656,near_singular,3,1.0,1.0,98631823.66666667,1.0,3.9941140112595104,0.0,0.20000000000000004,0.0004658854689975952,0.9933333333333333
ur5e,cr_ik_minimal,cf0b2892659faaddd69ba9d6172f4d41b4cbbe81ea9aa1fa891f59fcc8daec21,near_singular,3,1.0,1.0,91276644.0,1.0,6.234832943381619,0.0022222222222222222,0.20000000000000004,7.99591729009004e-05,0.9955555555555554
ur5e,cr_ik_minimal,d1ef5ab32f38a93c076857d0eea5dc9836af8df3c2111b752fe4a419473c1ff4,joint_limit_return,3,1.0,1.0,105327805.0,1.0,8.523809816885487,0.0022222222222222222,0.5577777777777778,0.00035412753245412434,0.9866666666666667
ur5e,cr_ik_minimal,d30c1e5c8c16af6e606ac7829229200ccae448efeb1a9cdad8b80da506691864,joint_limit_return,3,1.0,1.0,101275209.0,1.0,3.9704528157445687,0.0,0.20000000000000004,4.3873579190995174e-11,0.9555555555555556
ur5e,cr_ik_minimal,da8a1e7a5ca60a1e40bacf3e76f1002ab39a7b3cb6f8290450d6356089897d78,high_curvature,3,1.0,0.6666666666666666,105113651.0,1.0,5.5163909895209615,0.0,0.08222222222222224,0.0031113631138866434,0.9533333333333333
ur5e,cr_ik_minimal,e2e620aa17071c959d153796e3b230f5780cc2b167c0a2e0b4bb029087169848,smooth,3,1.0,1.0,81635898.0,1.0,2.6829702651481213,0.0044444444444444444,0.0,0.0,1.0
ur5e,cr_ik_minimal,e4188d53efbb54472d782b035a4214854136b6bb171d9aee6282590944abd39b,near_singular,3,1.0,1.0,101391647.66666667,1.0,12.738970322932213,0.0,0.33555555555555555,2.4025770137657732e-05,0.9933333333333333
ur5e,cr_ik_minimal,f87cbb198e6aa95e16ea15160dd1d4f545d70b0d61622238ff991b3a2d27786a,smooth,3,0.0,0.0,748705071.0,0.20666666666666667,10.879642028706884,0.0,1.0,0.00029215421459560293,0.967741935483871
ur5e,cr_ik_minimal_fixed,08551a27ac837f8ed54c41a0759eec98dbd199480066ac542298cbb032f6d99a,joint_limit_return,3,0.6666666666666666,0.6666666666666666,132681575.0,0.9977777777777778,26.531829095373002,0.011140939597315436,1.0,0.0,1.0
ur5e,cr_ik_minimal_fixed,08f895e22c5162e0796964649a1fcdb582c61bccc5e4d0e8b349bbca35756523,joint_limit_return,3,1.0,1.0,126562239.33333333,1.0,13.794109971207758,0.0,0.9533333333333333,0.0,1.0
ur5e,cr_ik_minimal_fixed,118730753d57a2523105ec3ee6ba017c9c2775dda076f4c79f2396693e83c7a9,high_curvature,3,1.0,1.0,166603528.33333334,1.0,9.457455427903913,0.0,0.9866666666666667,0.0,1.0
ur5e,cr_ik_minimal_fixed,13896bc6c5f688854ad405268705ab3bb2a8fec56ac1e75c8a872707a3f652f8,smooth,3,1.0,1.0,119887694.0,1.0,11.008621995498567,0.0022222222222222222,1.0,0.0,1.0
ur5e,cr_ik_minimal_fixed,1572bafea0edc3c6cc05d2a9eabd19a06035670328035c0b780d47b54a683769,high_curvature,3,1.0,1.0,97402119.66666667,1.0,6.362534545324622,0.0044444444444444444,0.08,0.00024445607008946894,0.9777777777777779
ur5e,cr_ik_minimal_fixed,17d92c7319719a45d08d673e5023c3f00687e4f5a57bdebde3dccc6370b94c3a,near_singular,3,1.0,1.0,131994077.0,1.0,23.832243046098636,0.006666666666666667,1.0,0.0,1.0
ur5e,cr_ik_minimal_fixed,1c73e520a3d5bd8f7e29cb08d559a6364a6bdec344a07acd40f2375a56459f79,high_curvature,3,1.0,1.0,125589337.66666667,1.0,28.314913622566156,0.0,1.0,0.0,1.0
ur5e,cr_ik_minimal_fixed,2037257a8eb29f55e1baa50497e60c0cb87331a5da7e7a4344c8cded212a709f,smooth,3,1.0,1.0,145433641.33333334,1.0,21.35123584370723,0.0,0.9955555555555556,0.0,1.0
ur5e,cr_ik_minimal_fixed,2136e60219e4240e7b97c87a2f481c6642991ff7128b97a75454ffcee69e4a9c,smooth,3,1.0,1.0,120268513.33333333,1.0,6.572350800521716,0.0022222222222222222,1.0,0.0,1.0
ur5e,cr_ik_minimal_fixed,234cd2a268d2d4ebc0f1b5ca1926ee196812079496ff3e6e19f17e48a5761d2c,joint_limit_return,3,1.0,1.0,125134470.0,1.0,2.629368826676234,0.0,1.0,0.0,1.0
ur5e,cr_ik_minimal_fixed,28c799f101b845f2577d1584bde9de07634bcdda61cf814be0670f4c7adce911,joint_limit_return,3,1.0,1.0,127065133.33333333,1.0,23.478340108118555,0.0,0.9133333333333334,0.0,1.0
ur5e,cr_ik_minimal_fixed,382307fdf25e31f8b1ae5c14a7545e81bf0c54489223c4626934c3dbe31a195e,high_curvature,3,1.0,1.0,138200509.66666666,1.0,26.384165498971353,0.0,0.9533333333333335,0.0009244719501480497,0.971111111111111
ur5e,cr_ik_minimal_fixed,386ce328d9e893da466d8af1dc09a15e66ae16a35efe9585b2d68e67da964fb7,smooth,3,1.0,1.0,126565289.33333333,1.0,7.137105352477927,0.006666666666666667,1.0,0.0,1.0
ur5e,cr_ik_minimal_fixed,3bd332b9ef08ab00b11a865fd161af952ecc92241dd59aeac869f7688ac64b79,high_curvature,3,1.0,1.0,127516326.66666667,1.0,7.119706766904389,0.0022222222222222222,1.0,0.0,1.0
ur5e,cr_ik_minimal_fixed,5547871d76b6176b3e5dd5d8f20eebc72645f4fdb4a7e415a21928fb85392f9e,high_curvature,3,1.0,1.0,131529629.0,1.0,21.077008246596623,0.0,1.0,3.5500084480625276e-06,0.9955555555555554
ur5e,cr_ik_minimal_fixed,5de0f5ff5025c915a9ca0194e6813b77637e2059d947b69d324216690202559b,smooth,3,1.0,1.0,102959718.66666667,1.0,3.2061948861023133,0.0,0.4000000000000001,0.0001556181114995891,0.9888888888888889
ur5e,cr_ik_minimal_fixed,5e7743615ad75a997da2a3dfac5ecbaa6539b43fd5db8ecf4d7f9cc7331b3e15,joint_limit_return,3,1.0,1.0,127049005.33333333,1.0,7.6142763711868815,0.0,1.0,0.0,1.0
ur5e,cr_ik_minimal_fixed,5ff81edc43cf92c445ae661655f0f074229d3861bbbd0b57d14ad453615b9e25,near_singular,3,1.0,1.0,121374846.66666667,1.0,7.5425653217422495,0.0,1.0,0.0,1.0
ur5e,cr_ik_minimal_fixed,6105bc9f0df7e8baadfc8dd255f78c7bb3ddb066573e8f4fde9c385dbe5db694,near_singular,3,1.0,1.0,123797958.0,1.0,16.34283062776549,0.0,0.8466666666666667,9.653614357619574e-05,0.9866666666666667
ur5e,cr_ik_minimal_fixed,68244e8dec0d66d1a48832b1992c69f7c4c907fc930b958710e9220ae46bd192,near_singular,3,1.0,1.0,118878058.33333333,1.0,10.547592129972102,0.0,0.7399999999999999,1.5158985282975279e-05,0.9933333333333333
ur5e,cr_ik_minimal_fixed,816b8a675263f8ec8337dc224a3ea9971c9a8387f6953eb1fd1c846b6d1a7c4a,joint_limit_return,3,1.0,1.0,125128536.0,1.0,3.9380814174713588,0.0022222222222222222,1.0,0.0,1.0
ur5e,cr_ik_minimal_fixed,929479d86d1af1569abbd00ff695f793876d0c13d1b6ef36f9f39dc04d36f80c,near_singular,3,1.0,1.0,125734882.66666667,1.0,3.399303950555634,0.0,1.0,0.0,1.0
ur5e,cr_ik_minimal_fixed,9a5eaa5a533abb994b7505aca361cebaf65ef495d064d694df4c023580e9cd0b,smooth,3,1.0,1.0,126241298.33333333,1.0,12.238708817607966,0.0,1.0,0.0,1.0
ur5e,cr_ik_minimal_fixed,9ab3a7e22a338adf15a7eb240986a1d682820bcf958fc25dd9058bd66c51d502,near_singular,3,1.0,1.0,116854195.66666667,1.0,13.930068737490217,0.0,1.0,0.0,1.0
ur5e,cr_ik_minimal_fixed,a079baf3b1644afc829cc82c6747ab4482a4f1778e24be557741a87f9aefa38f,high_curvature,3,1.0,1.0,146592889.66666666,1.0,8.576717350346978,0.0044444444444444444,0.8733333333333334,0.0026052206435372167,0.9155555555555556
ur5e,cr_ik_minimal_fixed,a4d21e54d799674aa3de252efe1304776a18586a5f8d95b6f975dad09cacd372,joint_limit_return,3,1.0,1.0,122374656.0,1.0,19.99243212930831,0.0,1.0,0.0,1.0
ur5e,cr_ik_minimal_fixed,a68ec605ba66c3e27686650c1fdc577d4ff40b0c237bb80f93dc329bed511c56,high_curvature,3,1.0,1.0,147514601.33333334,1.0,8.421703877949856,0.0044444444444444444,0.6155555555555555,0.0009008361881112618,0.9511111111111111
ur5e,cr_ik_minimal_fixed,ad91c93d906d04e8aa7467228cb161965123769d55ad38469161e7830e742868,high_curvature,3,1.0,1.0,87507966.33333333,1.0,8.330494572243998,0.0,0.12222222222222223,0.0,1.0
ur5e,cr_ik_minimal_fixed,ae12f9762615d4c9ac155883dd03d430cba862223b3fb491a4a1d1189e10a2b8,smooth,3,1.0,1.0,114371326.0,1.0,2.987055344675381,0.0,0.7600000000000001,0.00025372625761206906,0.9911111111111112
ur5e,cr_ik_minimal_fixed,b0e17067aaf6e660b04f8be634d639d569df55018bfb39821596146afb9736de,smooth,3,1.0,1.0,120682928.66666667,1.0,14.550784711185806,0.0,1.0,0.0,1.0
ur5e,cr_ik_minimal_fixed,bf166cd6db08076d8c85cfd7e7364d2446c3c1ec592ea82609b812c0faa204ea,near_singular,3,0.0,0.0,253550298.0,0.8333333333333334,14.598966272068887,0.0,1.0,0.0,1.0
ur5e,cr_ik_minimal_fixed,c0f0fa5983ead9bf72ff425c510b3208de5bd46dcc8efd876a735c868767ac8e,joint_limit_return,3,1.0,1.0,116333543.0,1.0,15.182108432488114,0.0,1.0,0.0,1.0
ur5e,cr_ik_minimal_fixed,ce26ff5e9952bacd57c54933b78db77a6ea0e1070f6563c04194dc00457f2656,near_singular,3,1.0,1.0,131258140.33333333,1.0,4.349741485427301,0.0022222222222222222,1.0,0.0,1.0
ur5e,cr_ik_minimal_fixed,cf0b2892659faaddd69ba9d6172f4d41b4cbbe81ea9aa1fa891f59fcc8daec21,near_singular,3,1.0,1.0,121740989.33333333,1.0,8.378877046341385,0.0,1.0,0.0,1.0
ur5e,cr_ik_minimal_fixed,d1ef5ab32f38a93c076857d0eea5dc9836af8df3c2111b752fe4a419473c1ff4,joint_limit_return,3,1.0,1.0,124035749.33333333,1.0,9.81260501194383,0.0022222222222222222,1.0,0.0,1.0
ur5e,cr_ik_minimal_fixed,d30c1e5c8c16af6e606ac7829229200ccae448efeb1a9cdad8b80da506691864,joint_limit_return,3,1.0,1.0,126962833.66666667,1.0,2.1219835528397764,0.0,1.0,0.0,1.0
ur5e,cr_ik_minimal_fixed,da8a1e7a5ca60a1e40bacf3e76f1002ab39a7b3cb6f8290450d6356089897d78,high_curvature,3,1.0,1.0,89301732.66666667,1.0,5.541247694030627,0.0,0.2488888888888889,0.0,1.0
ur5e,cr_ik_minimal_fixed,e2e620aa17071c959d153796e3b230f5780cc2b167c0a2e0b4bb029087169848,smooth,3,1.0,1.0,110912903.0,1.0,1.1676104550534339,0.0044444444444444444,0.5533333333333333,0.00039632643262634606,0.9844444444444443
ur5e,cr_ik_minimal_fixed,e4188d53efbb54472d782b035a4214854136b6bb171d9aee6282590944abd39b,near_singular,3,1.0,1.0,120058076.66666667,1.0,16.28580013517557,0.0,1.0,0.0,1.0
ur5e,cr_ik_minimal_fixed,f87cbb198e6aa95e16ea15160dd1d4f545d70b0d61622238ff991b3a2d27786a,smooth,3,0.3333333333333333,0.3333333333333333,534988432.0,0.47111111111111104,10.060969245117878,0.0,0.9511111111111111,0.0,1.0
ur5e,cr_ik_minimal_no_shortcut,08551a27ac837f8ed54c41a0759eec98dbd199480066ac542298cbb032f6d99a,joint_limit_return,3,1.0,1.0,140629517.66666666,1.0,21.53551279718451,0.022222222222222223,1.0,0.00017122696364225935,0.9622222222222222
ur5e,cr_ik_minimal_no_shortcut,08f895e22c5162e0796964649a1fcdb582c61bccc5e4d0e8b349bbca35756523,joint_limit_return,3,1.0,1.0,136926628.33333334,1.0,13.880039426995678,0.0022222222222222222,0.9488888888888889,0.0004244392903544998,0.9933333333333333
ur5e,cr_ik_minimal_no_shortcut,118730753d57a2523105ec3ee6ba017c9c2775dda076f4c79f2396693e83c7a9,high_curvature,3,1.0,1.0,119032072.0,1.0,9.543870896345359,0.0,1.0,0.0,1.0
ur5e,cr_ik_minimal_no_shortcut,13896bc6c5f688854ad405268705ab3bb2a8fec56ac1e75c8a872707a3f652f8,smooth,3,1.0,1.0,130503821.0,1.0,9.567332883471735,0.0044444444444444444,1.0,0.0003857092171457642,0.9933333333333333
ur5e,cr_ik_minimal_no_shortcut,1572bafea0edc3c6cc05d2a9eabd19a06035670328035c0b780d47b54a683769,high_curvature,3,1.0,1.0,123521882.66666667,1.0,6.482981072830177,0.0,1.0,0.0,1.0
ur5e,cr_ik_minimal_no_shortcut,17d92c7319719a45d08d673e5023c3f00687e4f5a57bdebde3dccc6370b94c3a,near_singular,3,1.0,1.0,145650287.33333334,1.0,25.251498508615125,0.0022222222222222222,1.0,0.0001882174765332924,0.9955555555555556
ur5e,cr_ik_minimal_no_shortcut,1c73e520a3d5bd8f7e29cb08d559a6364a6bdec344a07acd40f2375a56459f79,high_curvature,3,1.0,0.6666666666666666,140305419.66666666,1.0,23.598199522662743,0.0,0.9977777777777778,0.0,1.0
ur5e,cr_ik_minimal_no_shortcut,2037257a8eb29f55e1baa50497e60c0cb87331a5da7e7a4344c8cded212a709f,smooth,3,1.0,1.0,141504481.0,1.0,18.173966986268567,0.006666666666666667,1.0,0.000753817346314173,0.9911111111111112
ur5e,cr_ik_minimal_no_shortcut,2136e60219e4240e7b97c87a2f481c6642991ff7128b97a75454ffcee69e4a9c,smooth,3,1.0,1.0,120417488.66666667,1.0,5.990740009908403,0.0,1.0,0.0,1.0
ur5e,cr_ik_minimal_no_shortcut,234cd2a268d2d4ebc0f1b5ca1926ee196812079496ff3e6e19f17e48a5761d2c,joint_limit_return,3,1.0,0.6666666666666666,135761847.0,1.0,2.8717017121156854,0.0,0.9977777777777778,0.0,1.0
ur5e,cr_ik_minimal_no_shortcut,28c799f101b845f2577d1584bde9de07634bcdda61cf814be0670f4c7adce911,joint_limit_return,3,1.0,1.0,132067762.33333333,1.0,24.697191127581927,0.0,0.9466666666666668,5.65048970965518e-05,0.9977777777777778
ur5e,cr_ik_minimal_no_shortcut,382307fdf25e31f8b1ae5c14a7545e81bf0c54489223c4626934c3dbe31a195e,high_curvature,3,1.0,1.0,153457111.66666666,1.0,28.13917518847673,0.0044444444444444444,1.0,0.0034266774914843263,0.9555555555555556
ur5e,cr_ik_minimal_no_shortcut,386ce328d9e893da466d8af1dc09a15e66ae16a35efe9585b2d68e67da964fb7,smooth,3,1.0,1.0,122309399.66666667,1.0,6.1782366617857285,0.006666666666666667,1.0,0.0,1.0
ur5e,cr_ik_minimal_no_shortcut,3bd332b9ef08ab00b11a865fd161af952ecc92241dd59aeac869f7688ac64b79,high_curvature,3,1.0,1.0,135684492.33333334,1.0,9.924839756176892,0.0022222222222222222,1.0,2.365469813843853e-05,0.9977777777777778
ur5e,cr_ik_minimal_no_shortcut,5547871d76b6176b3e5dd5d8f20eebc72645f4fdb4a7e415a21928fb85392f9e,high_curvature,3,1.0,1.0,121088528.0,1.0,21.475286668013535,0.0044444444444444444,1.0,0.0,1.0
ur5e,cr_ik_minimal_no_shortcut,5de0f5ff5025c915a9ca0194e6813b77637e2059d947b69d324216690202559b,smooth,3,1.0,1.0,136970105.0,1.0,2.0186412353817773,0.0,1.0,0.0,1.0
ur5e,cr_ik_minimal_no_shortcut,5e7743615ad75a997da2a3dfac5ecbaa6539b43fd5db8ecf4d7f9cc7331b3e15,joint_limit_return,3,1.0,1.0,156757684.0,1.0,7.511346882966273,0.0044444444444444444,1.0,0.00043586800438629976,0.9822222222222222
ur5e,cr_ik_minimal_no_shortcut,5ff81edc43cf92c445ae661655f0f074229d3861bbbd0b57d14ad453615b9e25,near_singular,3,1.0,1.0,135907897.66666666,1.0,7.969399128139297,0.0,1.0,0.00041114773259685937,0.98
ur5e,cr_ik_minimal_no_shortcut,6105bc9f0df7e8baadfc8dd255f78c7bb3ddb066573e8f4fde9c385dbe5db694,near_singular,3,1.0,1.0,142666420.33333334,1.0,12.440669110368306,0.0,1.0,9.241476947571767e-05,0.9977777777777778
ur5e,cr_ik_minimal_no_shortcut,68244e8dec0d66d1a48832b1992c69f7c4c907fc930b958710e9220ae46bd192,near_singular,3,1.0,1.0,161186256.66666666,1.0,10.767957413587022,0.0,1.0,0.0,1.0
ur5e,cr_ik_minimal_no_shortcut,816b8a675263f8ec8337dc224a3ea9971c9a8387f6953eb1fd1c846b6d1a7c4a,joint_limit_return,3,1.0,1.0,176136180.33333334,1.0,5.434765112614972,0.006666666666666667,1.0,1.5467812425368586e-05,0.9688888888888889
ur5e,cr_ik_minimal_no_shortcut,929479d86d1af1569abbd00ff695f793876d0c13d1b6ef36f9f39dc04d36f80c,near_singular,3,1.0,1.0,150777943.66666666,1.0,3.8812676895261027,0.0,1.0,0.00014843557920235883,0.9955555555555554
ur5e,cr_ik_minimal_no_shortcut,9a5eaa5a533abb994b7505aca361cebaf65ef495d064d694df4c023580e9cd0b,smooth,3,0.6666666666666666,0.6666666666666666,137308257.33333334,0.9977777777777778,15.401273487111956,0.0044742729306487695,1.0,0.00020932777186900465,0.9933333333333333
ur5e,cr_ik_minimal_no_shortcut,9ab3a7e22a338adf15a7eb240986a1d682820bcf958fc25dd9058bd66c51d502,near_singular,3,1.0,1.0,124369842.66666667,1.0,13.90186193778039,0.0,1.0,0.0,1.0
ur5e,cr_ik_minimal_no_shortcut,a079baf3b1644afc829cc82c6747ab4482a4f1778e24be557741a87f9aefa38f,high_curvature,3,1.0,1.0,123303974.0,1.0,8.408387187755922,0.0,1.0,0.0,1.0
ur5e,cr_ik_minimal_no_shortcut,a4d21e54d799674aa3de252efe1304776a18586a5f8d95b6f975dad09cacd372,joint_limit_return,3,1.0,1.0,160337654.33333334,1.0,24.671221423724777,0.0022222222222222222,1.0,0.0010935778848459457,0.9888888888888889
ur5e,cr_ik_minimal_no_shortcut,a68ec605ba66c3e27686650c1fdc577d4ff40b0c237bb80f93dc329bed511c56,high_curvature,3,1.0,1.0,147132470.66666666,1.0,8.486293526398784,0.0022222222222222222,1.0,0.000349905996888104,0.9822222222222222
ur5e,cr_ik_minimal_no_shortcut,ad91c93d906d04e8aa7467228cb161965123769d55ad38469161e7830e742868,high_curvature,3,1.0,1.0,140201667.33333334,1.0,8.459843712586824,0.0044444444444444444,1.0,0.0005969276825755549,0.9822222222222222
ur5e,cr_ik_minimal_no_shortcut,ae12f9762615d4c9ac155883dd03d430cba862223b3fb491a4a1d1189e10a2b8,smooth,3,1.0,1.0,151744278.33333334,1.0,6.40755118684838,0.013333333333333334,1.0,0.001572823036616185,0.9622222222222222
ur5e,cr_ik_minimal_no_shortcut,b0e17067aaf6e660b04f8be634d639d569df55018bfb39821596146afb9736de,smooth,3,1.0,1.0,136105469.66666666,1.0,14.910429724018597,0.0044444444444444444,1.0,5.5375412937070955e-05,0.9977777777777778
ur5e,cr_ik_minimal_no_shortcut,bf166cd6db08076d8c85cfd7e7364d2446c3c1ec592ea82609b812c0faa204ea,near_singular,3,0.3333333333333333,0.3333333333333333,227392718.66666666,0.888888888888889,8.497210194024683,0.0,0.9977777777777778,0.0,1.0
ur5e,cr_ik_minimal_no_shortcut,c0f0fa5983ead9bf72ff425c510b3208de5bd46dcc8efd876a735c868767ac8e,joint_limit_return,3,1.0,1.0,146817827.0,1.0,15.952592062800392,0.0,1.0,0.00015593332320972374,0.9933333333333333
ur5e,cr_ik_minimal_no_shortcut,ce26ff5e9952bacd57c54933b78db77a6ea0e1070f6563c04194dc00457f2656,near_singular,3,1.0,1.0,136699471.33333334,1.0,2.984006483314485,0.0,1.0,0.000155275772023587,0.9977777777777778
ur5e,cr_ik_minimal_no_shortcut,cf0b2892659faaddd69ba9d6172f4d41b4cbbe81ea9aa1fa891f59fcc8daec21,near_singular,3,1.0,1.0,143237046.0,1.0,7.339395802690883,0.0022222222222222222,1.0,2.7291191079053086e-05,0.9977777777777778
ur5e,cr_ik_minimal_no_shortcut,d1ef5ab32f38a93c076857d0eea5dc9836af8df3c2111b752fe4a419473c1ff4,joint_limit_return,3,1.0,1.0,157620992.66666666,1.0,8.267876035858038,0.0,1.0,0.0010091218801215546,0.96
ur5e,cr_ik_minimal_no_shortcut,d30c1e5c8c16af6e606ac7829229200ccae448efeb1a9cdad8b80da506691864,joint_limit_return,3,1.0,1.0,121996668.0,1.0,3.987731173938388,0.0,1.0,0.0,1.0
ur5e,cr_ik_minimal_no_shortcut,da8a1e7a5ca60a1e40bacf3e76f1002ab39a7b3cb6f8290450d6356089897d78,high_curvature,3,1.0,1.0,141635394.66666666,1.0,5.707648053291238,0.0,1.0,0.0015347702954392507,0.9777777777777779
ur5e,cr_ik_minimal_no_shortcut,e2e620aa17071c959d153796e3b230f5780cc2b167c0a2e0b4bb029087169848,smooth,3,1.0,1.0,117616062.33333333,1.0,3.0500239552422888,0.0,1.0,0.0,1.0
ur5e,cr_ik_minimal_no_shortcut,e4188d53efbb54472d782b035a4214854136b6bb171d9aee6282590944abd39b,near_singular,3,1.0,1.0,124342626.33333333,1.0,13.916133322657041,0.0,1.0,0.0,1.0
ur5e,cr_ik_minimal_no_shortcut,f87cbb198e6aa95e16ea15160dd1d4f545d70b0d61622238ff991b3a2d27786a,smooth,3,0.6666666666666666,0.6666666666666666,362501825.3333333,0.7355555555555555,11.475934484450335,0.0,1.0,9.774225154762096e-05,0.9955555555555554
