scene_uid,slot,cluster,robot,family,placement,direction,method,repeats,implementation_ready,statuses,planner_feasible_repeat_mean,physics_executed,quality_completed,execution_completed,initialization_success_repeat_mean,T_init,T_smooth,T_opt,T_retime,T_validate,total_plan_wall_s,predicted_execution_s,initialization_residual_evaluations,initialization_nodes,tb_dual_continuation_calls,smoothing_displacement_rms_rad,initialization_node_process_legal,simulated_completion_time_s,elapsed_until_stop_s,valid_coverage_fraction,raw_coverage_fraction,max_hole_diameter_upper_bound_m,max_along_scan_gap_m,velocity_utilization_max,acceleration_utilization_max,tracking_error_max_rad,torque_saturation_fraction,scan_duration_s,transition_duration_s,settling_duration_s,acceleration_rms_rad_s2,profile_process_violation_duration_s,standoff_error_p95_m,standoff_error_max_m,incidence_p95_deg,incidence_max_deg,center_ray_path_error_max_m,line_orientation_error_max_deg,valid_profile_count,tracking_joint_error_p95_rad,actual_clearance_sampled_5ms_min_m,quality_execution_s,amortized_per_job_N1_s,total_batch_N1_s,amortized_per_job_N10_s,total_batch_N10_s,amortized_per_job_N100_s,total_batch_N100_s,first_legal_path_s,selected_path_available_s,adopted_updates,active_control_count,first_path_time_scope,final_returned_legal_path_s,actual_scan_s,actual_transition_s,actual_wait_s,quality_transition_s,tracking_p95_rad,endpoint_closure_error_rad,actual_endpoint_error_rad,transitions_actually_modified,center_error_m_max,incidence_rad_max,line_error_rad_max,standoff_m_max,standoff_m_min,physical_verified_path_available_s,physical_initialization_s,actual_optimized_transition_count
1d626ca03a345e6601c064a6a0c00a1a9212ee8924f6c3978e4ae4fa19bcc8eb,panda_cylinder_p0_u,panda_cylinder_p0,panda,cylinder,0,u,B0,3,True,"[""geometric_initialization_failed"", ""geometric_initialization_failed"", ""geometric_initialization_failed""]",0.0,False,,,0.0,0.1046018020036475,,,,,0.10687535867327824,,555.0,39.0,0.0,,,,,,,,,,,,,,,,,,,,,,,,,,,,,,,,,,,,,,Frozen baseline did not instrument earliest common-margin incumbent; final returned path time reported separately,,,,,,,,,,,,,,,,0.10447212700091768,0
1d626ca03a345e6601c064a6a0c00a1a9212ee8924f6c3978e4ae4fa19bcc8eb,panda_cylinder_p0_u,panda_cylinder_p0,panda,cylinder,0,u,B1,3,True,"[""no_verified_path_at_primary_checkpoint"", ""no_verified_path_at_primary_checkpoint"", ""no_verified_path_at_primary_checkpoint""]",0.0,False,,,1.0,0.2265346413332736,30.36080732366342,,,,30.835152276665514,,860.0,419.0,10.0,,,,,,,,,,,,,,,,,,,,,,,,,,,,,,,,,,,,,,Frozen baseline did not instrument earliest common-margin incumbent; final returned path time reported separately,,,,,,,,,,,,,,,,0.22683614199922886,0
1d626ca03a345e6601c064a6a0c00a1a9212ee8924f6c3978e4ae4fa19bcc8eb,panda_cylinder_p0_u,panda_cylinder_p0,panda,cylinder,0,u,B2-common,3,True,"[""graph_connected_but_no_verified_C2_fit"", ""graph_connected_but_no_verified_C2_fit"", ""graph_connected_but_no_verified_C2_fit""]",0.0,False,,,,38.349526618990545,,,,,38.349526618990545,,,,,,,,,,,,,,,,,,,,,,,,,,,,,,,,,,,,,,,,,,Returned densely verified graph-stage path; may upper-bound an earlier internal fitting incumbent,,,,,,,,,,,,,,,,38.47104440900148,0
1d626ca03a345e6601c064a6a0c00a1a9212ee8924f6c3978e4ae4fa19bcc8eb,panda_cylinder_p0_u,panda_cylinder_p0,panda,cylinder,0,u,A1,3,True,"[""graph_connected_but_no_verified_C2_fit"", ""graph_connected_but_no_verified_C2_fit"", ""graph_connected_but_no_verified_C2_fit""]",0.0,False,,,,38.19746969932263,,,,,38.19746969932263,,,,,,,,,,,,,,,,,,,,,,,,,,,,,,,,,,,,,,,,,,Returned densely verified graph-stage path; may upper-bound an earlier internal fitting incumbent,,,,,,,,,,,,,,,,38.04421057298896,0
1d626ca03a345e6601c064a6a0c00a1a9212ee8924f6c3978e4ae4fa19bcc8eb,panda_cylinder_p0_u,panda_cylinder_p0,panda,cylinder,0,u,A2,3,True,"[""graph_connected_but_no_verified_C2_fit"", ""graph_connected_but_no_verified_C2_fit"", ""graph_connected_but_no_verified_C2_fit""]",0.0,False,,,,38.349526618990545,,,,,38.349526618990545,,,,,,,,,,,,,,,,,,,,,,,,,,,,,,,,,,,,,,,,,,Returned densely verified graph-stage path; may upper-bound an earlier internal fitting incumbent,,,,,,,,,,,,,,,,38.47104440900148,0
1d626ca03a345e6601c064a6a0c00a1a9212ee8924f6c3978e4ae4fa19bcc8eb,panda_cylinder_p0_u,panda_cylinder_p0,panda,cylinder,0,u,Proposed,3,True,"[""graph_connected_but_no_verified_C2_fit"", ""graph_connected_but_no_verified_C2_fit"", ""graph_connected_but_no_verified_C2_fit""]",0.0,False,,,,38.349526618990545,,,,,38.349526618990545,,,,,,,,,,,,,,,,,,,,,,,,,,,,,,,,,,,,,,,,,,Returned densely verified graph-stage path; may upper-bound an earlier internal fitting incumbent,,,,,,,,,,,,,,,,38.47104440900148,0
84054da21481d1359c181b6fcd2262b0249f857876c17df848868534df6762c8,panda_cylinder_p0_v,panda_cylinder_p0,panda,cylinder,0,v,B0,3,True,"[""planner_feasible"", ""planner_feasible"", ""planner_feasible""]",1.0,True,True,True,1.0,0.3123273363356323,,,0.032731074335364006,1.022695405665824,1.3924618736685563,26.39184995377227,1292.0,427.0,0.0,,,26.591000000009515,26.591000000009515,0.999999999999979,0.999999999999979,0.0,0.0007589654984964938,0.48162684477598,0.8179829623381897,9.747412970684266e-05,0.0,16.438,9.954,0.2,0.4455815886437837,0.0,,,,,,,,,,26.591000000009515,27.98346187367807,27.98346187367807,26.73024618737637,267.3024618737637,26.6049246187462,2660.49246187462,,,,,Frozen baseline did not instrument earliest common-margin incumbent; final returned path time reported separately,1.3924618736685563,16.438000000005147,9.954000000004124,0.1990000000002432,9.954000000004124,6.16085927957144e-05,,4.025778430671867e-06,,0.0005119371076091115,0.002325752257969201,0.0013238329485500268,0.1500519358920057,0.14946051182374787,,0.3108305339992512,0
84054da21481d1359c181b6fcd2262b0249f857876c17df848868534df6762c8,panda_cylinder_p0_v,panda_cylinder_p0,panda,cylinder,0,v,B1,3,True,"[""planner_feasible"", ""planner_feasible"", ""planner_feasible""]",1.0,True,True,True,1.0,0.22044083399911565,31.249420336670784,,0.03301348167102939,1.0162655013264157,32.83791760566722,26.318680172560097,854.0,427.0,0.0,,,26.518000000009426,26.518000000009426,0.999999999999979,0.999999999999979,0.0,0.0007576250333089305,0.49510465957785166,0.8173375061719423,8.273818258908161e-05,0.0,16.375,9.944,0.2,0.4473192245219625,0.0,,,,,,,,,,26.518000000009426,59.35591760567665,59.35591760567665,29.801791760576148,298.01791760576145,26.846379176066097,2684.63791760661,,,,,Frozen baseline did not instrument earliest common-margin incumbent; final returned path time reported separately,32.83791760566722,16.375000000005063,9.944000000004122,0.1990000000002432,9.944000000004122,6.062337961183493e-05,,8.980119481166726e-06,,0.0005124531425098396,0.0023171297871806412,0.001329256420595589,0.1500578969095073,0.14945550552617623,,0.22201870300341398,0
84054da21481d1359c181b6fcd2262b0249f857876c17df848868534df6762c8,panda_cylinder_p0_v,panda_cylinder_p0,panda,cylinder,0,v,B2-common,3,True,"[""planner_feasible"", ""planner_feasible"", ""planner_feasible""]",1.0,True,False,True,,13.276478699985697,,30.154096951325,0.03323409966833424,1.0299859679992853,45.486149453320344,17.108594935649577,,,,,,17.30799999999817,17.30799999999817,0.9996879216754835,0.9998191806192077,0.003039870486317408,0.0008707019186040523,0.37610611854429105,0.825129899497972,7.920597040948774e-05,0.0,13.47,3.6390000000000002,0.2,0.5084186380764293,0.0,,,,,,,,,,,,,,,,,13.276478699985697,42.24645318898062,11.0,94.0,Returned densely verified graph-stage path; may upper-bound an earlier internal fitting incumbent,45.486149453320344,13.46999999999868,3.6389999999992453,0.1990000000002432,,6.448662622982604e-05,0.0,1.0560045960894549e-05,"[1, 3, 5, 7, 9, 11, 13, 15, 17, 19, 21, 23, 25]",0.0007769383751807695,0.1433324256090355,0.046336784287605064,0.15240743659518463,0.14727894180493514,,13.275870250989101,13
84054da21481d1359c181b6fcd2262b0249f857876c17df848868534df6762c8,panda_cylinder_p0_v,panda_cylinder_p0,panda,cylinder,0,v,A1,3,True,"[""planner_feasible"", ""planner_feasible"", ""planner_feasible""]",1.0,True,True,True,,13.279195696658766,,30.658569636337536,0.0326247463284138,1.0116371273373563,45.64537626799332,26.13978674875142,,,,,,26.339000000009207,26.339000000009207,0.999999999999979,0.999999999999979,0.0,0.0007577779859971583,0.4824206006918455,0.8154543150752901,9.031223641264852e-05,0.0,16.179000000000002,9.961,0.2,0.44020985050656336,0.0,,,,,,,,,,26.339000000009207,71.98437626800253,71.98437626800253,30.90353762680854,309.0353762680854,26.795453762689142,2679.5453762689144,13.279195696658766,13.279195696658766,0.0,39.0,Returned densely verified graph-stage path; may upper-bound an earlier internal fitting incumbent,45.64537626799332,16.179000000004915,9.96100000000405,0.1990000000002432,9.96100000000405,5.971518943498344e-05,0.0,3.149008751313076e-06,[],5.9558173207750336e-05,0.00010026050953222882,4.608640809007883e-05,0.1500749512597423,0.149972004943807,13.281008915000712,13.281008915000712,0
84054da21481d1359c181b6fcd2262b0249f857876c17df848868534df6762c8,panda_cylinder_p0_v,panda_cylinder_p0,panda,cylinder,0,v,A2,3,True,"[""planner_feasible"", ""planner_feasible"", ""planner_feasible""]",1.0,True,True,True,,13.276478699985697,,,0.03301314066629857,1.0102770286709226,14.339967766650565,27.23868887159279,,,,,,27.43800000001055,27.43800000001055,0.999999999999979,0.999999999999979,0.0,0.0007582760674993614,0.4821410079919998,0.8181370553558698,8.223087671543894e-05,0.0,16.203,11.036,0.2,0.4519808668304979,0.0,,,,,,,,,,27.43800000001055,41.777967766661114,41.777967766661114,28.87199677667561,288.7199677667561,27.581399677677055,2758.1399677677055,13.276478699985697,13.276478699985697,0.0,0.0,Returned densely verified graph-stage path; may upper-bound an earlier internal fitting incumbent,14.339967766650565,16.203000000005474,11.036000000004833,0.1990000000002432,11.036000000004833,5.7559797003070565e-05,0.0,8.00236900322382e-06,[],5.8976916865593064e-05,0.00010811425347117631,4.673118901652724e-05,0.15007954942227203,0.14997062329314473,13.275870250989101,13.275870250989101,0
84054da21481d1359c181b6fcd2262b0249f857876c17df848868534df6762c8,panda_cylinder_p0_v,panda_cylinder_p0,panda,cylinder,0,v,Proposed,3,True,"[""planner_feasible"", ""planner_feasible"", ""planner_feasible""]",1.0,True,True,True,,13.276478699985697,,30.234391217663262,0.03294881833426189,1.0054040286680295,45.40198002898736,26.494247422605408,,,,,,26.69400000000964,26.69400000000964,0.999999999999979,0.999999999999979,0.0,0.0007570719628749381,0.4936457524726387,0.8190344223154575,8.975431683233559e-05,0.0,16.262,10.233,0.2,0.4481488186795998,0.0,,,,,,,,,,26.69400000000964,72.095980028997,72.095980028997,31.23419800290838,312.3419800290838,27.148019800299515,2714.8019800299517,13.276478699985697,33.81156561231668,7.0,39.0,Returned densely verified graph-stage path; may upper-bound an earlier internal fitting incumbent,45.40198002898736,16.26200000000521,10.233000000004186,0.1990000000002432,10.233000000004186,5.968289780559493e-05,0.0,9.796453620647405e-06,"[1, 3, 5, 7, 9, 11, 13, 15, 17, 19, 21, 23, 25]",5.9009001237186816e-05,0.00010811074347708764,4.674996328828893e-05,0.15007954866729153,0.1499706227096167,33.735628657988855,13.275870250989101,13
406af3b20ab059ba4ba3b0119a5c6adf254d03bdeae9dfa5c1b0f474ba4cf06d,panda_cylinder_p1_u,panda_cylinder_p1,panda,cylinder,1,u,B0,3,True,"[""geometric_initialization_failed"", ""geometric_initialization_failed"", ""geometric_initialization_failed""]",0.0,False,,,0.0,0.06624072766377746,,,,,0.06815122766420245,,322.0,35.0,0.0,,,,,,,,,,,,,,,,,,,,,,,,,,,,,,,,,,,,,,Frozen baseline did not instrument earliest common-margin incumbent; final returned path time reported separately,,,,,,,,,,,,,,,,0.06622141899424605,0
406af3b20ab059ba4ba3b0119a5c6adf254d03bdeae9dfa5c1b0f474ba4cf06d,panda_cylinder_p1_u,panda_cylinder_p1,panda,cylinder,1,u,B1,3,True,"[""no_verified_path_at_primary_checkpoint"", ""no_verified_path_at_primary_checkpoint"", ""no_verified_path_at_primary_checkpoint""]",0.0,False,,,1.0,0.22566081933716,30.596758480663993,,,,31.08721054966736,,852.0,419.0,7.0,,,,,,,,,,,,,,,,,,,,,,,,,,,,,,,,,,,,,,Frozen baseline did not instrument earliest common-margin incumbent; final returned path time reported separately,,,,,,,,,,,,,,,,0.22620448299858253,0
406af3b20ab059ba4ba3b0119a5c6adf254d03bdeae9dfa5c1b0f474ba4cf06d,panda_cylinder_p1_u,panda_cylinder_p1,panda,cylinder,1,u,B2-common,3,True,"[""graph_connected_but_no_verified_C2_fit"", ""graph_connected_but_no_verified_C2_fit"", ""graph_connected_but_no_verified_C2_fit""]",0.0,False,,,,40.341757224019,,,,,40.341757224019,,,,,,,,,,,,,,,,,,,,,,,,,,,,,,,,,,,,,,,,,,Returned densely verified graph-stage path; may upper-bound an earlier internal fitting incumbent,,,,,,,,,,,,,,,,40.43725834702491,0
406af3b20ab059ba4ba3b0119a5c6adf254d03bdeae9dfa5c1b0f474ba4cf06d,panda_cylinder_p1_u,panda_cylinder_p1,panda,cylinder,1,u,A1,3,True,"[""graph_connected_but_no_verified_C2_fit"", ""graph_connected_but_no_verified_C2_fit"", ""graph_connected_but_no_verified_C2_fit""]",0.0,False,,,,40.563076208680286,,,,,40.563076208680286,,,,,,,,,,,,,,,,,,,,,,,,,,,,,,,,,,,,,,,,,,Returned densely verified graph-stage path; may upper-bound an earlier internal fitting incumbent,,,,,,,,,,,,,,,,39.971299584023654,0
406af3b20ab059ba4ba3b0119a5c6adf254d03bdeae9dfa5c1b0f474ba4cf06d,panda_cylinder_p1_u,panda_cylinder_p1,panda,cylinder,1,u,A2,3,True,"[""graph_connected_but_no_verified_C2_fit"", ""graph_connected_but_no_verified_C2_fit"", ""graph_connected_but_no_verified_C2_fit""]",0.0,False,,,,40.341757224019,,,,,40.341757224019,,,,,,,,,,,,,,,,,,,,,,,,,,,,,,,,,,,,,,,,,,Returned densely verified graph-stage path; may upper-bound an earlier internal fitting incumbent,,,,,,,,,,,,,,,,40.43725834702491,0
406af3b20ab059ba4ba3b0119a5c6adf254d03bdeae9dfa5c1b0f474ba4cf06d,panda_cylinder_p1_u,panda_cylinder_p1,panda,cylinder,1,u,Proposed,3,True,"[""graph_connected_but_no_verified_C2_fit"", ""graph_connected_but_no_verified_C2_fit"", ""graph_connected_but_no_verified_C2_fit""]",0.0,False,,,,40.341757224019,,,,,40.341757224019,,,,,,,,,,,,,,,,,,,,,,,,,,,,,,,,,,,,,,,,,,Returned densely verified graph-stage path; may upper-bound an earlier internal fitting incumbent,,,,,,,,,,,,,,,,40.43725834702491,0
be62d5dee820b8e320fc3af1c85548a704ca13694693c4f95b1ee71fb14e2609,panda_cylinder_p1_v,panda_cylinder_p1,panda,cylinder,1,v,B0,3,True,"[""geometric_initialization_failed"", ""geometric_initialization_failed"", ""geometric_initialization_failed""]",0.0,False,,,0.0,0.24744983033451717,,,,,0.2566075479990104,,1136.0,235.0,0.0,,,,,,,,,,,,,,,,,,,,,,,,,,,,,,,,,,,,,,Frozen baseline did not instrument earliest common-margin incumbent; final returned path time reported separately,,,,,,,,,,,,,,,,0.24658783500490244,0
be62d5dee820b8e320fc3af1c85548a704ca13694693c4f95b1ee71fb14e2609,panda_cylinder_p1_v,panda_cylinder_p1,panda,cylinder,1,v,B1,3,True,"[""no_verified_path_at_primary_checkpoint"", ""no_verified_path_at_primary_checkpoint"", ""no_verified_path_at_primary_checkpoint""]",0.0,False,,,1.0,0.23505981567238146,31.115937879333313,,,,31.60800263766335,,918.0,427.0,18.0,,,,,,,,,,,,,,,,,,,,,,,,,,,,,,,,,,,,,,Frozen baseline did not instrument earliest common-margin incumbent; final returned path time reported separately,,,,,,,,,,,,,,,,0.23500415800663177,0
be62d5dee820b8e320fc3af1c85548a704ca13694693c4f95b1ee71fb14e2609,panda_cylinder_p1_v,panda_cylinder_p1,panda,cylinder,1,v,B2-common,3,True,"[""planner_feasible"", ""planner_feasible"", ""planner_feasible""]",1.0,True,False,True,,13.437601442322679,,30.565340957327862,0.0326959800052767,1.0110912183348166,45.940334829657026,19.79079902494696,,,,,,19.990000000001448,19.990000000001448,0.9996908874044348,0.999999999999979,0.004008665093276218,0.0008277767873037626,0.3238044251623222,0.8198982761313205,6.497869767585485e-05,0.0,14.523,5.268,0.2,0.44123397974010814,0.0,,,,,,,,,,,,,,,,,13.437601442322679,42.80260327765427,9.0,94.0,Returned densely verified graph-stage path; may upper-bound an earlier internal fitting incumbent,45.940334829657026,14.523000000001215,5.26799999999999,0.1990000000002432,,5.076106683432613e-05,0.0,8.92308311595258e-06,"[1, 3, 5, 7, 9, 11, 13, 15, 17, 19, 21, 23, 25]",0.00036817378786021876,0.15991418288103607,0.0740449485287485,0.1512270708090396,0.14858631068980183,,13.41297039600613,13
be62d5dee820b8e320fc3af1c85548a704ca13694693c4f95b1ee71fb14e2609,panda_cylinder_p1_v,panda_cylinder_p1,panda,cylinder,1,v,A1,3,True,"[""planner_feasible"", ""planner_feasible"", ""planner_feasible""]",1.0,True,True,True,,13.434024432329656,,30.745852050667356,0.03305319300367652,1.0200246096695385,45.89960905833383,25.78518077616188,,,,,,25.985000000008775,25.985000000008775,0.999999999999979,0.999999999999979,0.0,0.000782319050162805,0.4670242280118713,0.8140302862109011,6.96270952096345e-05,0.0,15.975,9.811,0.2,0.45752543188429723,0.0,,,,,,,,,,25.985000000008775,71.8846090583426,71.8846090583426,30.574960905842158,305.7496090584216,26.443996090592112,2644.3996090592113,13.434024432329656,13.434024432329656,0.0,39.0,Returned densely verified graph-stage path; may upper-bound an earlier internal fitting incumbent,45.89960905833383,15.975000000004943,9.811000000003588,0.1990000000002432,9.811000000003588,5.91643512978246e-05,0.0,6.55749970823738e-06,[],0.00010720524286718317,0.10481023930386156,5.9038513489090474e-05,0.1500160602159177,0.14996062781316855,13.408027461002348,13.408027461002348,0
be62d5dee820b8e320fc3af1c85548a704ca13694693c4f95b1ee71fb14e2609,panda_cylinder_p1_v,panda_cylinder_p1,panda,cylinder,1,v,A2,3,True,"[""planner_feasible"", ""planner_feasible"", ""planner_feasible""]",1.0,True,True,True,,13.437601442322679,,,0.0330962936617046,1.0174746850001004,14.508849148323256,25.78518077616188,,,,,,25.985000000008775,25.985000000008775,0.999999999999979,0.999999999999979,0.0,0.000782319050162805,0.4670242280118713,0.8140302862109011,6.96270952096345e-05,0.0,15.975,9.811,0.2,0.45752543188429723,0.0,,,,,,,,,,25.985000000008775,40.49384914833203,40.49384914833203,27.4358849148411,274.358849148411,26.130088491492007,2613.0088491492006,13.437601442322679,13.437601442322679,0.0,0.0,Returned densely verified graph-stage path; may upper-bound an earlier internal fitting incumbent,14.508849148323256,15.975000000004943,9.811000000003588,0.1990000000002432,9.811000000003588,5.91643512978246e-05,0.0,6.55749970823738e-06,[],0.00010720524286718317,0.10481023930386156,5.9038513489090474e-05,0.1500160602159177,0.14996062781316855,13.41297039600613,13.41297039600613,0
be62d5dee820b8e320fc3af1c85548a704ca13694693c4f95b1ee71fb14e2609,panda_cylinder_p1_v,panda_cylinder_p1,panda,cylinder,1,v,Proposed,3,True,"[""planner_feasible"", ""planner_feasible"", ""planner_feasible""]",1.0,True,True,True,,13.437601442322679,,30.783627475000685,0.03318244166439399,1.0093565899975754,45.91032416532107,25.78518077616188,,,,,,25.985000000008775,25.985000000008775,0.999999999999979,0.999999999999979,0.0,0.000782319050162805,0.4670242280118713,0.8140302862109011,6.96270952096345e-05,0.0,15.975,9.811,0.2,0.45752543188429723,0.0,,,,,,,,,,25.985000000008775,71.89532416532984,71.89532416532984,30.576032416540883,305.76032416540886,26.444103241661985,2644.4103241661983,13.437601442322679,13.437601442322679,0.0,39.0,Returned densely verified graph-stage path; may upper-bound an earlier internal fitting incumbent,45.91032416532107,15.975000000004943,9.811000000003588,0.1990000000002432,9.811000000003588,5.91643512978246e-05,0.0,6.55749970823738e-06,[],0.00010720524286718317,0.10481023930386156,5.9038513489090474e-05,0.1500160602159177,0.14996062781316855,13.41297039600613,13.41297039600613,0
5d5a023d5f637f0869c78b3e99c42c4dfd57402d820a31236667cdffd46ab609,panda_plane_p0_u,panda_plane_p0,panda,plane,0,u,B0,3,True,"[""planner_feasible"", ""planner_feasible"", ""planner_feasible""]",1.0,True,True,True,1.0,0.38958503333075595,,,0.03194972833443899,1.0039513590018032,1.4508867119972517,20.516314024440117,1689.0,419.0,0.0,,,20.716000000002335,20.716000000002335,1.0,1.0,0.0,0.000872632278199666,0.6562644433479291,0.8227929986174363,0.00013814107116563723,0.0,15.809000000000001,4.708,0.2,0.6158263530327266,0.0,,,,,,,,,,20.716000000002335,22.166886711999588,22.166886711999588,20.86108867120206,208.6108867120206,20.730508867122307,2073.0508867122307,,,,,Frozen baseline did not instrument earliest common-margin incumbent; final returned path time reported separately,1.4508867119972517,15.809000000001706,4.708000000000384,0.1990000000002432,4.708000000000384,9.636990144527014e-05,,1.231998727797834e-05,,0.0005280072342282347,0.002526767712183331,0.0014551445184171979,0.1504113191450553,0.14968293299990768,,0.3888106349913869,0
5d5a023d5f637f0869c78b3e99c42c4dfd57402d820a31236667cdffd46ab609,panda_plane_p0_u,panda_plane_p0,panda,plane,0,u,B1,3,True,"[""planner_feasible"", ""planner_feasible"", ""planner_feasible""]",1.0,True,True,True,1.0,0.21942138933809474,30.50486162266073,,0.031676178002574794,0.9975414516666206,32.08866339266145,19.71871974478962,838.0,419.0,0.0,,,19.91800000000136,19.91800000000136,1.0,1.0,0.0,0.0008864680246280787,0.6656207194298325,0.8275860578287187,0.0001274104015318578,0.0,15.111,4.6080000000000005,0.2,0.5836021849916758,0.0,,,,,,,,,,19.91800000000136,52.006663392662816,52.006663392662816,23.126866339267504,231.26866339267505,20.238886633927976,2023.8886633927975,,,,,Frozen baseline did not instrument earliest common-margin incumbent; final returned path time reported separately,32.08866339266145,15.111000000001376,4.607999999999741,0.1990000000002432,4.607999999999741,0.000103717262373703,,9.179585790761169e-06,,0.00033169022797459026,0.000942690614781217,0.0003906823568761621,0.15009391219648355,0.14985719798152078,,0.2191210840101121,0
5d5a023d5f637f0869c78b3e99c42c4dfd57402d820a31236667cdffd46ab609,panda_plane_p0_u,panda_plane_p0,panda,plane,0,u,B2-common,3,True,"[""graph_connected_but_no_verified_C2_fit"", ""graph_connected_but_no_verified_C2_fit"", ""graph_connected_but_no_verified_C2_fit""]",0.0,False,,,,43.926926403000834,,,,,43.926926403000834,,,,,,,,,,,,,,,,,,,,,,,,,,,,,,,,,,,,,,,,,,Returned densely verified graph-stage path; may upper-bound an earlier internal fitting incumbent,,,,,,,,,,,,,,,,44.11123301098996,0
5d5a023d5f637f0869c78b3e99c42c4dfd57402d820a31236667cdffd46ab609,panda_plane_p0_u,panda_plane_p0,panda,plane,0,u,A1,3,True,"[""planner_feasible"", ""planner_feasible"", ""planner_feasible""]",1.0,True,True,True,,11.927503933334568,,23.00343602966071,0.03174087266961578,1.005374170674865,36.718495979667445,19.51071737217643,,,,,,19.710000000001106,19.710000000001106,1.0,1.0,0.0,0.0008894051222796093,0.6688027810329024,0.8453241179317712,0.00011670299878568935,0.0,14.949,4.562,0.2,0.5223265361555548,0.0,,,,,,,,,,19.710000000001106,56.428495979668554,56.428495979668554,23.38184959796785,233.81849597967852,20.07718495979778,2007.718495979778,11.927503933334568,11.927503933334568,0.0,27.0,Returned densely verified graph-stage path; may upper-bound an earlier internal fitting incumbent,36.718495979667445,14.949000000001076,4.5619999999997844,0.1990000000002432,4.5619999999997844,8.872317010366615e-05,0.0,1.155819090914445e-05,[],4.11482562157487e-05,2.9243729107295854e-05,2.4870774598537778e-05,0.15001881667748557,0.1499942805220876,11.88705696600664,11.88705696600664,0
5d5a023d5f637f0869c78b3e99c42c4dfd57402d820a31236667cdffd46ab609,panda_plane_p0_u,panda_plane_p0,panda,plane,0,u,A2,3,True,"[""graph_connected_but_no_verified_C2_fit"", ""graph_connected_but_no_verified_C2_fit"", ""graph_connected_but_no_verified_C2_fit""]",0.0,False,,,,43.926926403000834,,,,,43.926926403000834,,,,,,,,,,,,,,,,,,,,,,,,,,,,,,,,,,,,,,,,,,Returned densely verified graph-stage path; may upper-bound an earlier internal fitting incumbent,,,,,,,,,,,,,,,,44.11123301098996,0
5d5a023d5f637f0869c78b3e99c42c4dfd57402d820a31236667cdffd46ab609,panda_plane_p0_u,panda_plane_p0,panda,plane,0,u,Proposed,3,True,"[""graph_connected_but_no_verified_C2_fit"", ""graph_connected_but_no_verified_C2_fit"", ""graph_connected_but_no_verified_C2_fit""]",0.0,False,,,,43.926926403000834,,,,,43.926926403000834,,,,,,,,,,,,,,,,,,,,,,,,,,,,,,,,,,,,,,,,,,Returned densely verified graph-stage path; may upper-bound an earlier internal fitting incumbent,,,,,,,,,,,,,,,,44.11123301098996,0
f3f3897b5f524fd2bf769f27b0ff33b7489cd38286aa0a3aef7bd1de2cff55db,panda_plane_p0_v,panda_plane_p0,panda,plane,0,v,B0,3,True,"[""planner_feasible"", ""planner_feasible"", ""planner_feasible""]",1.0,True,True,True,1.0,0.3095257163416439,,,0.031971805665913657,1.0019392503309064,1.3713641400051226,22.828460941053958,1278.0,427.0,0.0,,,23.02800000000516,23.02800000000516,1.0,1.0,0.0,0.0007906649172942416,0.5501254040381578,0.8155232392091947,8.508064343182298e-05,0.0,15.873000000000001,6.956,0.2,0.45570728881747197,0.0,,,,,,,,,,23.02800000000516,24.399364140010285,24.399364140010285,23.165136414005673,231.65136414005673,23.041713641405213,2304.1713641405213,,,,,Frozen baseline did not instrument earliest common-margin incumbent; final returned path time reported separately,1.3713641400051226,15.873000000003614,6.956000000001302,0.1990000000002432,6.956000000001302,5.864027144673045e-05,,1.0000212952943066e-05,,0.00025439208342268433,0.0024764503082131666,0.0005262736028880502,0.1503525436315731,0.1490007747601384,,0.3105237710115034,0
f3f3897b5f524fd2bf769f27b0ff33b7489cd38286aa0a3aef7bd1de2cff55db,panda_plane_p0_v,panda_plane_p0,panda,plane,0,v,B1,3,True,"[""planner_feasible"", ""planner_feasible"", ""planner_feasible""]",1.0,True,True,True,1.0,0.2240707163340024,30.445999950330588,,0.0318647333382008,0.9968509553339876,32.0171742199988,21.146158240323725,854.0,427.0,0.0,,,21.346000000003105,21.346000000003105,1.0,1.0,0.0,0.0008420408492407441,0.5648225910578073,0.8121656490652894,9.652894685518998e-05,0.0,14.751,6.396,0.2,0.5085253481878576,0.0,,,,,,,,,,21.346000000003105,53.36317422000191,53.36317422000191,24.547717422002986,245.47717422002987,21.666171742203094,2166.6171742203096,,,,,Frozen baseline did not instrument earliest common-margin incumbent; final returned path time reported separately,32.0171742199988,14.75100000000186,6.396000000001003,0.1990000000002432,6.396000000001003,6.545853133785862e-05,,1.292917809753158e-05,,0.0002540254004172357,0.002474584871036777,0.0005266171261621115,0.15005170898590187,0.1490022414628839,,0.223049396998249,0
f3f3897b5f524fd2bf769f27b0ff33b7489cd38286aa0a3aef7bd1de2cff55db,panda_plane_p0_v,panda_plane_p0,panda,plane,0,v,B2-common,3,True,"[""planner_feasible"", ""planner_feasible"", ""planner_feasible""]",1.0,True,False,True,,18.29319974166477,,30.14352828200208,0.03206573200198667,0.9997513146712057,50.27417186833918,17.89577568771586,,,,,,18.094999999999132,18.094999999999132,0.9998195922785496,0.9998195922785496,0.0030000000000000027,0.0008290794882550947,0.19571140705464443,0.8242156878568511,8.748278052367331e-05,0.0,14.108,3.7880000000000003,0.2,0.4549827167398159,0.0,,,,,,,,,,,,,,,,,18.29319974166477,45.27237322466681,5.0,94.0,Returned densely verified graph-stage path; may upper-bound an earlier internal fitting incumbent,50.27417186833918,14.107999999999283,3.787999999999606,0.1990000000002432,,5.7876851632926614e-05,0.0,2.94448571708239e-06,"[1, 3, 5, 7, 9, 11, 13, 15, 17, 19, 21, 23, 25]",0.000885892739659125,0.08493057250563886,0.04041827142263053,0.1520074733097777,0.1480229705526598,,18.297089120998862,13
f3f3897b5f524fd2bf769f27b0ff33b7489cd38286aa0a3aef7bd1de2cff55db,panda_plane_p0_v,panda_plane_p0,panda,plane,0,v,A1,3,True,"[""planner_feasible"", ""planner_feasible"", ""planner_feasible""]",1.0,True,True,True,,18.292756961333605,,24.248772501334315,0.031865020331072934,0.9998271596705308,44.2430556313387,20.36812823314253,,,,,,20.568000000002154,20.568000000002154,1.0,1.0,0.0,0.000846362423668973,0.2858027723182164,0.8246469726589073,7.606233294887854e-05,0.0,14.251,6.118,0.2,0.49839987456972845,0.0,,,,,,,,,,20.568000000002154,64.81105563134085,64.81105563134085,24.992305563136025,249.92305563136026,21.01043055631554,2101.043055631554,18.292756961333605,18.292756961333605,0.0,39.0,Returned densely verified graph-stage path; may upper-bound an earlier internal fitting incumbent,44.2430556313387,14.251000000001447,6.118000000000464,0.1990000000002432,6.118000000000464,6.213945501820639e-05,0.0,9.193615099906127e-06,[],4.7908175757914315e-05,3.559561801952e-05,4.322650418227283e-05,0.15001088787143232,0.14999658603969251,18.299353670998244,18.299353670998244,0
f3f3897b5f524fd2bf769f27b0ff33b7489cd38286aa0a3aef7bd1de2cff55db,panda_plane_p0_v,panda_plane_p0,panda,plane,0,v,A2,3,True,"[""planner_feasible"", ""planner_feasible"", ""planner_feasible""]",1.0,True,True,True,,18.29319974166477,,,0.03202570433495566,0.9968367350035502,19.342420717327816,23.260636951353757,,,,,,23.46000000000569,23.46000000000569,1.0,1.0,0.0,0.0007736001787065363,0.356834779756409,0.8187101937830824,7.542999237875048e-05,0.0,15.756,7.505,0.2,0.4457950329341412,0.0,,,,,,,,,,23.46000000000569,42.802420717333504,42.802420717333504,25.39424207173847,253.94242071738472,23.65342420717897,2365.342420717897,18.29319974166477,18.29319974166477,0.0,0.0,Returned densely verified graph-stage path; may upper-bound an earlier internal fitting incumbent,19.342420717327816,15.75600000000333,7.5050000000021155,0.1990000000002432,7.5050000000021155,5.5019227929609116e-05,0.0,5.398615931684336e-06,[],8.988834855306078e-05,0.0007917460100286923,0.00017163720440727302,0.15027137515352373,0.14960688785525653,18.297089120998862,18.297089120998862,0
f3f3897b5f524fd2bf769f27b0ff33b7489cd38286aa0a3aef7bd1de2cff55db,panda_plane_p0_v,panda_plane_p0,panda,plane,0,v,Proposed,3,True,"[""planner_feasible"", ""planner_feasible"", ""planner_feasible""]",1.0,True,True,True,,18.29319974166477,,25.35194280000481,0.03209774766582996,0.9965320479968796,45.39483815600397,21.689150198342045,,,,,,21.88900000000377,21.88900000000377,1.0,1.0,0.0,0.000808730528819125,0.3735432378945681,0.8147745829216034,9.88824665795196e-05,0.0,15.114,6.5760000000000005,0.2,0.4833582883963368,0.0,,,,,,,,,,21.88900000000377,67.28383815600773,67.28383815600773,26.428483815604167,264.2848381560417,22.342948381563808,2234.2948381563806,18.29319974166477,24.705081108001952,1.0,39.0,Returned densely verified graph-stage path; may upper-bound an earlier internal fitting incumbent,45.39483815600397,15.114000000002457,6.576000000001069,0.1990000000002432,6.576000000001069,6.174551496874458e-05,0.0,4.0828790598967934e-06,"[1, 3, 5, 7, 9, 11, 13, 15, 17, 19, 21, 23, 25]",8.837910142957562e-05,0.0007920600774750651,0.00016875119215528083,0.150271466739955,0.14960695451463882,24.713291851992835,18.297089120998862,13
dc500163bea8d607c8f6676fccd669f938cace853f762bdc955d3710e5f2bae9,panda_plane_p1_u,panda_plane_p1,panda,plane,1,u,B0,3,True,"[""geometric_initialization_failed"", ""geometric_initialization_failed"", ""geometric_initialization_failed""]",0.0,False,,,0.0,0.049237117661202014,,,,,0.05008096699990953,,281.0,5.0,0.0,,,,,,,,,,,,,,,,,,,,,,,,,,,,,,,,,,,,,,Frozen baseline did not instrument earliest common-margin incumbent; final returned path time reported separately,,,,,,,,,,,,,,,,0.04939248399750795,0
dc500163bea8d607c8f6676fccd669f938cace853f762bdc955d3710e5f2bae9,panda_plane_p1_u,panda_plane_p1,panda,plane,1,u,B1,3,True,"[""no_verified_path_at_primary_checkpoint"", ""no_verified_path_at_primary_checkpoint"", ""no_verified_path_at_primary_checkpoint""]",0.0,False,,,1.0,0.2210702663336027,31.340027349666343,,,,31.83314126666907,,854.0,419.0,7.0,,,,,,,,,,,,,,,,,,,,,,,,,,,,,,,,,,,,,,Frozen baseline did not instrument earliest common-margin incumbent; final returned path time reported separately,,,,,,,,,,,,,,,,0.22060097299981862,0
dc500163bea8d607c8f6676fccd669f938cace853f762bdc955d3710e5f2bae9,panda_plane_p1_u,panda_plane_p1,panda,plane,1,u,B2-common,3,True,"[""planner_feasible"", ""planner_feasible"", ""planner_feasible""]",1.0,True,True,True,,12.383985902662971,,30.97049809800228,0.032109754324968286,0.9838667803317852,45.23790928399345,19.40290899344233,,,,,,19.602000000000974,19.602000000000974,1.0,1.0,0.0,0.0008662044306698442,0.6330108691611548,0.8165475387910073,9.165721688608741e-05,0.0,15.138,4.265,0.2,0.5048191598488221,0.0,,,,,,,,,,19.602000000000974,64.83990928399443,64.83990928399443,24.12579092840032,241.2579092840032,20.054379092840907,2005.4379092840907,12.383985902662971,31.80167912566685,4.0,94.0,Returned densely verified graph-stage path; may upper-bound an earlier internal fitting incumbent,45.23790928399345,15.138000000000902,4.264999999999828,0.1990000000002432,4.264999999999828,7.386379695131228e-05,0.0,1.0050699668973095e-05,"[1, 3, 5, 7, 9, 11, 13, 15, 17]",0.0002715902221020598,0.011865979013157552,0.008269333116483339,0.1502378731920886,0.1499262688218417,31.7304337950045,12.316031378999469,9
dc500163bea8d607c8f6676fccd669f938cace853f762bdc955d3710e5f2bae9,panda_plane_p1_u,panda_plane_p1,panda,plane,1,u,A1,3,True,"[""planner_feasible"", ""planner_feasible"", ""planner_feasible""]",1.0,True,True,True,,12.384428409995357,,23.16855270867139,0.03211380999709945,0.9802579216678472,37.284580435662065,20.95489865494143,,,,,,21.15400000000287,21.15400000000287,1.0,1.0,0.0,0.000827763920223276,0.6564595009940829,0.8146227116795096,8.599912970952417e-05,0.0,15.982000000000001,4.973,0.2,0.471654067239088,0.0,,,,,,,,,,21.15400000000287,58.43858043566493,58.43858043566493,24.882458043569077,248.82458043569076,21.526845804359493,2152.684580435949,12.384428409995357,12.384428409995357,0.0,27.0,Returned densely verified graph-stage path; may upper-bound an earlier internal fitting incumbent,37.284580435662065,15.98200000000223,4.973000000000396,0.1990000000002432,4.973000000000396,6.93682964028497e-05,0.0,9.158105156892304e-06,[],4.142119071096387e-05,0.00024046783965486136,3.2400747869072106e-05,0.15003703315830855,0.14998603778176522,12.315074760001153,12.315074760001153,0
dc500163bea8d607c8f6676fccd669f938cace853f762bdc955d3710e5f2bae9,panda_plane_p1_u,panda_plane_p1,panda,plane,1,u,A2,3,True,"[""planner_feasible"", ""planner_feasible"", ""planner_feasible""]",1.0,True,True,True,,12.383985902662971,,,0.03194772266821625,0.9826552446708471,13.418595265660164,20.95489865494143,,,,,,21.15400000000287,21.15400000000287,1.0,1.0,0.0,0.000827763920223276,0.6564595009940829,0.8146227116795096,8.599912970952417e-05,0.0,15.982000000000001,4.973,0.2,0.471654067239088,0.0,,,,,,,,,,21.15400000000287,34.57259526566303,34.57259526566303,22.495859526568886,224.95859526568887,21.28818595265947,2128.8185952659474,12.383985902662971,12.383985902662971,0.0,0.0,Returned densely verified graph-stage path; may upper-bound an earlier internal fitting incumbent,13.418595265660164,15.98200000000223,4.973000000000396,0.1990000000002432,4.973000000000396,6.93682964028497e-05,0.0,9.158105156892304e-06,[],4.142119071096387e-05,0.00024046783965486136,3.2400747869072106e-05,0.15003703315830855,0.14998603778176522,12.316031378999469,12.316031378999469,0
dc500163bea8d607c8f6676fccd669f938cace853f762bdc955d3710e5f2bae9,panda_plane_p1_u,panda_plane_p1,panda,plane,1,u,Proposed,3,True,"[""planner_feasible"", ""planner_feasible"", ""planner_feasible""]",1.0,True,True,True,,12.383985902662971,,23.1247448779953,0.032132659670120724,0.9797775460028788,37.25734075866543,20.95489865494143,,,,,,21.15400000000287,21.15400000000287,1.0,1.0,0.0,0.000827763920223276,0.6564595009940829,0.8146227116795096,8.599912970952417e-05,0.0,15.982000000000001,4.973,0.2,0.471654067239088,0.0,,,,,,,,,,21.15400000000287,58.4113407586683,58.4113407586683,24.879734075869415,248.79734075869413,21.526573407589524,2152.657340758952,12.383985902662971,12.383985902662971,0.0,27.0,Returned densely verified graph-stage path; may upper-bound an earlier internal fitting incumbent,37.25734075866543,15.98200000000223,4.973000000000396,0.1990000000002432,4.973000000000396,6.93682964028497e-05,0.0,9.158105156892304e-06,[],4.142119071096387e-05,0.00024046783965486136,3.2400747869072106e-05,0.15003703315830855,0.14998603778176522,12.316031378999469,12.316031378999469,0
e283b88390fe538a85d2694079d62454b1b3aa046d100f8504b4a66d9736b8d5,panda_plane_p1_v,panda_plane_p1,panda,plane,1,v,B0,3,True,"[""planner_feasible"", ""planner_feasible"", ""planner_feasible""]",1.0,True,True,True,1.0,0.29373411599954125,,,0.03190583366570839,0.9953146409970941,1.3454343303310452,22.022213280424435,1208.0,427.0,0.0,,,22.222000000004176,22.222000000004176,1.0,1.0,0.0,0.0008191690053217124,0.5415587425160846,0.8170959443419555,9.017572254488293e-05,0.0,15.223,6.8,0.2,0.48180798334915037,0.0,,,,,,,,,,22.222000000004176,23.56743433033522,23.56743433033522,22.35654343303728,223.5654343303728,22.235454343307484,2223.5454343307483,,,,,Frozen baseline did not instrument earliest common-margin incumbent; final returned path time reported separately,1.3454343303310452,15.22300000000268,6.800000000001253,0.1990000000002432,6.800000000001253,6.477388933972538e-05,,1.2394050709574334e-05,,0.00038821593376515154,0.0026826779614577173,0.0010943578326956223,0.1502455746308709,0.149029965843278,,0.29189100000075996,0
e283b88390fe538a85d2694079d62454b1b3aa046d100f8504b4a66d9736b8d5,panda_plane_p1_v,panda_plane_p1,panda,plane,1,v,B1,3,True,"[""planner_feasible"", ""planner_feasible"", ""planner_feasible""]",1.0,True,True,True,1.0,0.22244217467474905,31.276391379666165,,0.03191700199871169,0.9952130913346385,32.833059896006795,21.636294020248602,854.0,427.0,0.0,,,21.836000000003704,21.836000000003704,1.0,1.0,0.0,0.0008248180822740404,0.4823580825717864,0.8151313311958304,8.84737654773815e-05,0.0,14.974,6.663,0.2,0.4818793078722627,0.0,,,,,,,,,,21.836000000003704,54.669059896010495,54.669059896010495,25.119305989604385,251.19305989604385,22.164330598963772,2216.433059896377,,,,,Frozen baseline did not instrument earliest common-margin incumbent; final returned path time reported separately,32.833059896006795,14.974000000002205,6.663000000001256,0.1990000000002432,6.663000000001256,6.37489955753523e-05,,1.2094198898443542e-05,,0.0003870709002859444,0.002676415668323455,0.0010929894924822574,0.15005837768373664,0.1490329121711984,,0.22261623000667896,0
e283b88390fe538a85d2694079d62454b1b3aa046d100f8504b4a66d9736b8d5,panda_plane_p1_v,panda_plane_p1,panda,plane,1,v,B2-common,3,True,"[""planner_feasible"", ""planner_feasible"", ""planner_feasible""]",1.0,True,True,True,,16.140362498321338,,30.313714034336346,0.03205847733382446,0.9983179306679327,48.29536806366135,17.409612563165904,,,,,,17.608999999998538,17.608999999998538,0.9999226824050926,0.9999226824050926,0.0010000000000000044,0.0008690475788735435,0.3760093206837245,0.825850322789816,0.00010714090749652794,0.0,13.548,3.862,0.2,0.5114576659030271,0.0,,,,,,,,,,17.608999999998538,65.90436806365989,65.90436806365989,22.438536806364674,224.38536806364675,18.09195368063515,1809.195368063515,16.140362498321338,33.62535336265864,6.0,94.0,Returned densely verified graph-stage path; may upper-bound an earlier internal fitting incumbent,48.29536806366135,13.547999999998707,3.861999999999589,0.1990000000002432,3.861999999999589,7.626954080942323e-05,0.0,4.517365766398829e-06,"[1, 3, 5, 7, 9, 11, 13, 15, 17, 19, 21, 23, 25]",0.0004910504717789202,0.06776213059304839,0.026897972166093242,0.15145520649510444,0.1484211579883073,33.52061391998723,16.076284190974548,13
e283b88390fe538a85d2694079d62454b1b3aa046d100f8504b4a66d9736b8d5,panda_plane_p1_v,panda_plane_p1,panda,plane,1,v,A1,3,True,"[""planner_feasible"", ""planner_feasible"", ""planner_feasible""]",1.0,True,True,True,,16.138634853991487,,26.41502858833216,0.03229530066406975,0.9928565653341744,44.26979154565682,21.10514021317298,,,,,,21.305000000003055,21.305000000003055,1.0,1.0,0.0,0.0008260600834451158,0.3022145448128528,0.8134164147942148,9.056586070826933e-05,0.0,14.654,6.452,0.2,0.47364601386524374,0.0,,,,,,,,,,21.305000000003055,65.57479154565988,65.57479154565988,25.731979154568737,257.3197915456874,21.747697915459625,2174.7697915459626,16.138634853991487,22.586685801992036,1.0,39.0,Returned densely verified graph-stage path; may upper-bound an earlier internal fitting incumbent,44.26979154565682,14.654000000001853,6.452000000000959,0.1990000000002432,6.452000000000959,6.253081946898387e-05,0.0,6.5892068332740195e-06,"[1, 3, 5, 7, 9, 11, 13, 15, 17, 19, 21, 23, 25]",4.937693925244272e-05,4.495505486236811e-05,4.4170643754710325e-05,0.1500096442930275,0.1499964015447937,22.507525367982453,16.064980582988937,13
e283b88390fe538a85d2694079d62454b1b3aa046d100f8504b4a66d9736b8d5,panda_plane_p1_v,panda_plane_p1,panda,plane,1,v,A2,3,True,"[""planner_feasible"", ""planner_feasible"", ""planner_feasible""]",1.0,True,True,True,,16.140362498321338,,,0.03215979832748417,0.9921228080056608,17.1851405796527,22.422765597870708,,,,,,22.622000000004665,22.622000000004665,1.0,1.0,0.0,0.0008106595590648436,0.5475126331382805,0.8213622123447898,0.000108317049957396,0.0,15.157,7.266,0.2,0.49898103278193595,0.0,,,,,,,,,,22.622000000004665,39.807140579657364,39.807140579657364,24.340514057969934,243.40514057969932,22.793851405801192,2279.3851405801192,16.140362498321338,16.140362498321338,0.0,0.0,Returned densely verified graph-stage path; may upper-bound an earlier internal fitting incumbent,17.1851405796527,15.157000000002816,7.266000000001606,0.1990000000002432,7.266000000001606,7.577960818944128e-05,0.0,8.84049722041369e-06,[],0.000661241093851312,0.004601663845394886,0.0010948065654322093,0.15123928435235087,0.14799737158837095,16.076284190974548,16.076284190974548,0
e283b88390fe538a85d2694079d62454b1b3aa046d100f8504b4a66d9736b8d5,panda_plane_p1_v,panda_plane_p1,panda,plane,1,v,Proposed,3,True,"[""planner_feasible"", ""planner_feasible"", ""planner_feasible""]",1.0,True,True,True,,16.140362498321338,,22.455357665996416,0.032264676328244,0.9913805963393921,40.32157031698929,22.214628890271637,,,,,,22.41400000000441,22.41400000000441,1.0,1.0,0.0,0.0008100933001548326,0.5458550325811272,0.8220314003435083,0.00010766292808561673,0.0,15.288,6.9270000000000005,0.2,0.49734726656958655,0.0,,,,,,,,,,22.41400000000441,62.7355703169937,62.7355703169937,26.44615703170334,264.4615703170334,22.817215703174302,2281.72157031743,16.140362498321338,22.586162663986517,1.0,39.0,Returned densely verified graph-stage path; may upper-bound an earlier internal fitting incumbent,40.32157031698929,15.288000000003102,6.927000000001065,0.1990000000002432,6.927000000001065,7.50769412400376e-05,0.0,8.92691103079879e-06,"[1, 3, 5, 7, 9, 11, 13, 15, 17, 19, 21, 23, 25]",0.0006519407882908179,0.0046033103989136836,0.0010953923543202332,0.15123947097386026,0.14799671261655772,22.53141969697026,16.076284190974548,13
f6c31864e2ce3e5c2e19b914f5e5b132c9658310d934a68e88ca62a1b777611b,panda_saddle_p0_u,panda_saddle_p0,panda,saddle,0,u,B0,3,True,"[""planner_feasible"", ""planner_feasible"", ""planner_feasible""]",1.0,True,True,True,1.0,0.22361251066710489,,,0.0329501230007736,0.9954470973316347,1.2954453149965655,21.064463734640032,866.0,419.0,0.0,,,21.264000000003005,21.264000000003005,0.9999999999999961,0.9999999999999961,0.0,0.0008202903694838233,0.4529092952693496,0.8286659430303003,8.6898817594383e-05,0.0,16.332,4.7330000000000005,0.2,0.44385302084277034,0.0,,,,,,,,,,21.264000000003005,22.55944531499957,22.55944531499957,21.393544531502663,213.93544531502664,21.27695445315297,2127.695445315297,,,,,Frozen baseline did not instrument earliest common-margin incumbent; final returned path time reported separately,1.2954453149965655,16.332000000002388,4.733000000000374,0.1990000000002432,4.733000000000374,4.980022758278578e-05,,9.361983934565166e-06,,0.00012984262113262016,0.0013593114967957896,0.00033780845592312265,0.15056560216526732,0.14978810988840446,,0.2232268869993277,0
f6c31864e2ce3e5c2e19b914f5e5b132c9658310d934a68e88ca62a1b777611b,panda_saddle_p0_u,panda_saddle_p0,panda,saddle,0,u,B1,3,True,"[""planner_feasible"", ""planner_feasible"", ""planner_feasible""]",1.0,True,True,True,1.0,0.21686119633280518,30.143206847002148,,0.03301162466717263,0.9984945080019921,31.719656963662903,20.933276443880597,838.0,419.0,0.0,,,21.133000000002845,21.133000000002845,0.9999999999999961,0.9999999999999961,0.0,0.0008192149673449539,0.45399070613799275,0.8285969687746543,8.369158396517862e-05,0.0,16.315,4.619,0.2,0.4417350176589062,0.0,,,,,,,,,,21.133000000002845,52.85265696366575,52.85265696366575,24.304965696369134,243.04965696369135,21.450196569639473,2145.0196569639475,,,,,Frozen baseline did not instrument earliest common-margin incumbent; final returned path time reported separately,31.719656963662903,16.31500000000226,4.619000000000338,0.1990000000002432,4.619000000000338,4.759424376866716e-05,,5.294765595284523e-06,,0.0003481128897397983,0.0013662661168429263,0.00034058787083615205,0.15056920957288317,0.14978643347008683,,0.21594868300599046,0
f6c31864e2ce3e5c2e19b914f5e5b132c9658310d934a68e88ca62a1b777611b,panda_saddle_p0_u,panda_saddle_p0,panda,saddle,0,u,B2-common,3,True,"[""planner_feasible"", ""planner_feasible"", ""planner_feasible""]",1.0,True,True,True,,11.670069650334577,,30.481784012003725,0.03276808266430938,1.0013969436646828,44.1128508640007,21.22578790049164,,,,,,21.4250000000032,21.4250000000032,0.9999999999999961,0.9999999999999961,0.0,0.0007661955694864768,0.3403488586184223,0.8351134368814345,6.8025756986001e-05,0.0,16.985,4.241,0.2,0.41259664463881407,0.0,,,,,,,,,,21.4250000000032,65.5378508640039,65.5378508640039,25.836285086403272,258.36285086403274,21.866128508643207,2186.6128508643205,11.670069650334577,40.89879848767305,7.0,94.0,Returned densely verified graph-stage path; may upper-bound an earlier internal fitting incumbent,44.1128508640007,16.985000000002405,4.241000000000552,0.1990000000002432,4.241000000000552,5.262770051422949e-05,0.0,2.568674027481066e-06,"[1, 3, 5, 7, 9, 11, 13, 15, 17]",0.0006412754113360126,0.02624402831495911,0.013273072033891505,0.15062504456750955,0.14940052530398534,40.88302249701519,11.720004189002793,9
f6c31864e2ce3e5c2e19b914f5e5b132c9658310d934a68e88ca62a1b777611b,panda_saddle_p0_u,panda_saddle_p0,panda,saddle,0,u,A1,3,True,"[""planner_feasible"", ""planner_feasible"", ""planner_feasible""]",1.0,True,True,True,,11.665662105335892,,24.766935500995412,0.03263800233253278,0.9945640143365987,38.18604308132975,20.022614857800743,,,,,,20.22200000000173,20.22200000000173,0.9999999999999961,0.9999999999999961,0.0,0.000831719984365957,0.3201268565486819,0.8310691803010908,6.27073071564066e-05,0.0,15.511000000000001,4.5120000000000005,0.2,0.4154704337793236,0.0,,,,,,,,,,20.22200000000173,58.408043081331485,58.408043081331485,24.040604308134707,240.40604308134706,20.60386043081503,2060.386043081503,11.665662105335892,11.665662105335892,0.0,27.0,Returned densely verified graph-stage path; may upper-bound an earlier internal fitting incumbent,38.18604308132975,15.511000000001287,4.512000000000201,0.1990000000002432,4.512000000000201,4.8558906750283126e-05,0.0,8.977277713206888e-06,[],4.009170538182826e-05,7.219207381600014e-05,3.390756201129816e-05,0.15001819333649066,0.1499922185570817,11.70889002000331,11.70889002000331,0
f6c31864e2ce3e5c2e19b914f5e5b132c9658310d934a68e88ca62a1b777611b,panda_saddle_p0_u,panda_saddle_p0,panda,saddle,0,u,A2,3,True,"[""planner_feasible"", ""planner_feasible"", ""planner_feasible""]",1.0,True,True,True,,11.670069650334577,,,0.03280747566410961,0.997233375669263,12.720889696667049,33.59388873221877,,,,,,33.79300000001194,33.79300000001194,0.9999999999999961,0.9999999999999961,0.0,0.0007190693401537295,0.559242801797666,0.8164866296364052,0.00010317095973150225,0.0,22.632,10.962,0.2,0.43890985164769464,0.0,,,,,,,,,,33.79300000001194,46.513889696678994,46.513889696678994,35.06508896967865,350.65088969678646,33.920208896978615,3392.0208896978615,11.670069650334577,11.670069650334577,0.0,0.0,Returned densely verified graph-stage path; may upper-bound an earlier internal fitting incumbent,12.720889696667049,22.632000000006197,10.962000000006212,0.19899999999953621,10.962000000006212,6.527464960809637e-05,0.0,1.74951881653021e-06,[],0.0003318902079834561,0.003972914377750295,0.0007243590149308937,0.15175194934881434,0.14889371289924136,11.720004189002793,11.720004189002793,0
f6c31864e2ce3e5c2e19b914f5e5b132c9658310d934a68e88ca62a1b777611b,panda_saddle_p0_u,panda_saddle_p0,panda,saddle,0,u,Proposed,3,True,"[""planner_feasible"", ""planner_feasible"", ""planner_feasible""]",1.0,True,True,True,,11.670069650334577,,30.80981934199129,0.032783501665107906,0.9966017110079216,44.36652670733747,31.150588356776197,,,,,,31.35000000001533,31.35000000001533,0.9999999999999961,0.9999999999999961,0.0,0.0007500926030797774,0.6500070518743923,0.8175808138493027,9.694504258844772e-05,0.0,21.551000000000002,9.6,0.2,0.48452783090629126,0.0,,,,,,,,,,31.35000000001533,75.7165267073528,75.7165267073528,35.78665267074908,357.8665267074908,31.793665267088706,3179.3665267088704,11.670069650334577,27.951233665662585,4.0,27.0,Returned densely verified graph-stage path; may upper-bound an earlier internal fitting incumbent,44.36652670733747,21.551000000010173,9.600000000004915,0.1990000000002432,9.600000000004915,7.180334749537498e-05,0.0,7.1915898685985524e-06,"[1, 3, 5, 7, 9, 11, 13, 15, 17]",0.0003318577611783829,0.0039728601779607485,0.0007245257650079674,0.15175196875211538,0.1488938650330817,28.014085008995607,11.720004189002793,9
ddbaccae4d1e1e90b7da2315bf852ee615b4daba879473cd6ddfe24006fb6108,panda_saddle_p0_v,panda_saddle_p0,panda,saddle,0,v,B0,3,True,"[""geometric_initialization_failed"", ""geometric_initialization_failed"", ""geometric_initialization_failed""]",0.0,False,,,0.0,0.40136105366885505,,,,,0.4160830829981326,,1844.0,367.0,0.0,,,,,,,,,,,,,,,,,,,,,,,,,,,,,,,,,,,,,,Frozen baseline did not instrument earliest common-margin incumbent; final returned path time reported separately,,,,,,,,,,,,,,,,0.4005933570006164,0
ddbaccae4d1e1e90b7da2315bf852ee615b4daba879473cd6ddfe24006fb6108,panda_saddle_p0_v,panda_saddle_p0,panda,saddle,0,v,B1,3,True,"[""no_verified_path_at_primary_checkpoint"", ""no_verified_path_at_primary_checkpoint"", ""no_verified_path_at_primary_checkpoint""]",0.0,False,,,1.0,0.22533477833106494,31.278308244999305,,,,31.776595486332855,,867.0,427.0,5.0,,,,,,,,,,,,,,,,,,,,,,,,,,,,,,,,,,,,,,Frozen baseline did not instrument earliest common-margin incumbent; final returned path time reported separately,,,,,,,,,,,,,,,,0.22442852798849344,0
ddbaccae4d1e1e90b7da2315bf852ee615b4daba879473cd6ddfe24006fb6108,panda_saddle_p0_v,panda_saddle_p0,panda,saddle,0,v,B2-common,3,True,"[""planner_feasible"", ""planner_feasible"", ""planner_feasible""]",1.0,True,True,True,,17.04723280533896,,30.94890529833113,0.032806113997745946,1.0030884026637068,49.83656987834062,17.772692299520656,,,,,,17.97199999999898,17.97199999999898,0.9999476052320156,0.9999476052320156,0.0010180771090639506,0.0008628571408515057,0.28988116015516247,0.8211698940635495,0.00012451607385099983,0.0,13.713000000000001,4.0600000000000005,0.2,0.5298675948543915,0.0,,,,,,,,,,17.97199999999898,67.8085698783396,67.8085698783396,22.955656987833045,229.55656987833044,18.470365698782388,1847.0365698782389,17.04723280533896,32.64440806300263,5.0,94.0,Returned densely verified graph-stage path; may upper-bound an earlier internal fitting incumbent,49.83656987834062,13.71299999999916,4.059999999999578,0.1990000000002432,4.059999999999578,9.443455229760631e-05,0.0,9.781862242874695e-06,"[1, 3, 5, 7, 9, 11, 13, 15, 17, 19, 21, 23, 25]",0.0007059735894717832,0.11997842696743705,0.04119098364703904,0.15224032199665352,0.14679455039914902,32.536522483002045,16.961508698004764,13
ddbaccae4d1e1e90b7da2315bf852ee615b4daba879473cd6ddfe24006fb6108,panda_saddle_p0_v,panda_saddle_p0,panda,saddle,0,v,A1,3,True,"[""planner_feasible"", ""planner_feasible"", ""planner_feasible""]",1.0,True,True,True,,17.050144812999253,,24.099088375000672,0.032863493004697375,1.0046752536679076,42.835531611330225,21.53934223176933,,,,,,21.739000000003585,21.739000000003585,0.9999999999999961,0.9999999999999961,0.0,0.0008568791069194607,0.5048131999755651,0.8554253474897883,0.00036348478575964904,0.0,14.762,6.7780000000000005,0.2,0.6160275594305611,0.0,,,,,,,,,,21.739000000003585,64.57453161133381,64.57453161133381,26.022553161136607,260.2255316113661,22.167355316116886,2216.7355316116887,17.050144812999253,17.050144812999253,0.0,39.0,Returned densely verified graph-stage path; may upper-bound an earlier internal fitting incumbent,42.835531611330225,14.762000000002105,6.778000000001237,0.1990000000002432,6.778000000001237,0.00019178100777033055,0.0,6.418232545490898e-06,[],0.0006215604014169948,0.0027554580992573976,0.00024511395838275503,0.15151831176324496,0.14957666001924705,16.958213998004794,16.958213998004794,0
ddbaccae4d1e1e90b7da2315bf852ee615b4daba879473cd6ddfe24006fb6108,panda_saddle_p0_v,panda_saddle_p0,panda,saddle,0,v,A2,3,True,"[""planner_feasible"", ""planner_feasible"", ""planner_feasible""]",1.0,True,True,True,,17.04723280533896,,,0.032740515661619916,1.0009328683324081,18.10169616600615,21.53934223176933,,,,,,21.739000000003585,21.739000000003585,0.9999999999999961,0.9999999999999961,0.0,0.0008568791069194607,0.5048131999755651,0.8554253474897883,0.00036348478575964904,0.0,14.762,6.7780000000000005,0.2,0.6160275594305611,0.0,,,,,,,,,,21.739000000003585,39.840696166009735,39.840696166009735,23.5491696166042,235.491696166042,21.92001696166365,2192.001696166365,17.04723280533896,17.04723280533896,0.0,0.0,Returned densely verified graph-stage path; may upper-bound an earlier internal fitting incumbent,18.10169616600615,14.762000000002105,6.778000000001237,0.1990000000002432,6.778000000001237,0.00019178100777033055,0.0,6.418232545490898e-06,[],0.0006215604014169948,0.0027554580992573976,0.00024511395838275503,0.15151831176324496,0.14957666001924705,16.961508698004764,16.961508698004764,0
ddbaccae4d1e1e90b7da2315bf852ee615b4daba879473cd6ddfe24006fb6108,panda_saddle_p0_v,panda_saddle_p0,panda,saddle,0,v,Proposed,3,True,"[""planner_feasible"", ""planner_feasible"", ""planner_feasible""]",1.0,True,True,True,,17.04723280533896,,24.09802981833248,0.032811796331467726,0.9970763143307219,42.851667116672616,21.53934223176933,,,,,,21.739000000003585,21.739000000003585,0.9999999999999961,0.9999999999999961,0.0,0.0008568791069194607,0.5048131999755651,0.8554253474897883,0.00036348478575964904,0.0,14.762,6.7780000000000005,0.2,0.6160275594305611,0.0,,,,,,,,,,21.739000000003585,64.5906671166762,64.5906671166762,26.024166711670848,260.24166711670847,22.16751667117031,2216.751667117031,17.04723280533896,17.04723280533896,0.0,39.0,Returned densely verified graph-stage path; may upper-bound an earlier internal fitting incumbent,42.851667116672616,14.762000000002105,6.778000000001237,0.1990000000002432,6.778000000001237,0.00019178100777033055,0.0,6.418232545490898e-06,[],0.0006215604014169948,0.0027554580992573976,0.00024511395838275503,0.15151831176324496,0.14957666001924705,16.961508698004764,16.961508698004764,0
9ced85a1ec2cd96c165d3ed941ec82457e30e182c4d037796ec472ed639f71b3,panda_saddle_p1_u,panda_saddle_p1,panda,saddle,1,u,B0,3,True,"[""planner_feasible"", ""planner_feasible"", ""planner_feasible""]",1.0,True,True,True,1.0,0.22439674566461085,,,0.03347730233993692,1.0101477179996436,1.2915605426678667,19.698557186925214,860.0,419.0,0.0,,,19.898000000001336,19.898000000001336,0.9999999999999961,0.9999999999999961,0.0,0.0008619444270742562,0.3989752722606046,0.8173343132250517,8.78793118535004e-05,0.0,15.287,4.412,0.2,0.4904929764711663,0.0,,,,,,,,,,19.898000000001336,21.189560542669202,21.189560542669202,20.027156054268122,200.27156054268121,19.910915605428013,1991.0915605428013,,,,,Frozen baseline did not instrument earliest common-margin incumbent; final returned path time reported separately,1.2915605426678667,15.2870000000013,4.411999999999794,0.1990000000002432,4.411999999999794,5.43728197284432e-05,,9.525901820212068e-06,,6.633337523828657e-05,0.0008225388476258431,0.00021474968955503048,0.15027394917181908,0.14989781537549587,,0.22386250698764343,0
9ced85a1ec2cd96c165d3ed941ec82457e30e182c4d037796ec472ed639f71b3,panda_saddle_p1_u,panda_saddle_p1,panda,saddle,1,u,B1,3,True,"[""planner_feasible"", ""planner_feasible"", ""planner_feasible""]",1.0,True,True,True,1.0,0.2205362356714128,32.749579961998585,,0.033409048667332776,1.0069503286649706,34.36266300799616,19.387216866509934,838.0,419.0,0.0,,,19.587000000000955,19.587000000000955,0.9999999999999961,0.9999999999999961,0.0,0.0008600814151242118,0.3970533038238718,0.8294800588480533,9.179067044184919e-05,0.0,15.33,4.058,0.2,0.4753894043642512,0.0,,,,,,,,,,19.587000000000955,53.94966300799712,53.94966300799712,23.02326630080057,230.23266300800572,19.930626630080916,1993.0626630080915,,,,,Frozen baseline did not instrument earliest common-margin incumbent; final returned path time reported separately,34.36266300799616,15.330000000000945,4.057999999999767,0.1990000000002432,4.057999999999767,5.289052513939296e-05,,5.767462956718372e-06,,0.0006426209942667284,0.0021641424348588156,0.0008739395603630695,0.15027628506521198,0.14990109429982748,,0.21891148400027305,0
9ced85a1ec2cd96c165d3ed941ec82457e30e182c4d037796ec472ed639f71b3,panda_saddle_p1_u,panda_saddle_p1,panda,saddle,1,u,B2-common,3,True,"[""planner_feasible"", ""planner_feasible"", ""planner_feasible""]",1.0,True,True,True,,10.58060693567677,,31.115693954673286,0.0333299526682822,1.005850110333995,43.75429532234557,18.233161702545885,,,,,,18.432999999999545,18.432999999999545,0.9999999999999961,0.9999999999999961,0.0,0.0008674324278012906,0.35726572280984087,0.8134352609070549,9.031292735195429e-05,0.0,14.778,3.456,0.2,0.4514886789827885,0.0,,,,,,,,,,18.432999999999545,62.187295322345115,62.187295322345115,22.8084295322341,228.084295322341,18.870542953223,1887.0542953223,10.58060693567677,40.39100297601544,8.0,94.0,Returned densely verified graph-stage path; may upper-bound an earlier internal fitting incumbent,43.75429532234557,14.777999999999528,3.4559999999997735,0.1990000000002432,3.4559999999997735,8.163974400051119e-05,0.0,6.65745221040126e-06,"[1, 3, 5, 7, 9, 11, 13, 15, 17]",0.00030176910543849167,0.09660238915677341,0.07228950008499192,0.15038969438684688,0.1496944729552625,40.40884542002459,10.48770968001918,9
9ced85a1ec2cd96c165d3ed941ec82457e30e182c4d037796ec472ed639f71b3,panda_saddle_p1_u,panda_saddle_p1,panda,saddle,1,u,A1,3,True,"[""planner_feasible"", ""planner_feasible"", ""planner_feasible""]",1.0,True,True,True,,10.580864265662967,,27.217062682995067,0.03319011133862659,1.009761318336435,39.625180869993834,19.176377662102436,,,,,,19.376000000000698,19.376000000000698,0.9999999999999961,0.9999999999999961,0.0,0.0008634813503806871,0.31966807495780925,0.8252159763255951,7.294571298666064e-05,0.0,14.919,4.258,0.2,0.45253483998845384,0.0,,,,,,,,,,19.376000000000698,59.00118086999453,59.00118086999453,23.338518087000082,233.38518087000082,19.772251808700634,1977.2251808700635,10.580864265662967,10.580864265662967,0.0,27.0,Returned densely verified graph-stage path; may upper-bound an earlier internal fitting incumbent,39.625180869993834,14.919000000000675,4.257999999999777,0.1990000000002432,4.257999999999777,5.3872437939928024e-05,0.0,1.0942048566775497e-05,[],4.4703970574427376e-05,7.903214459186391e-05,3.749393036287255e-05,0.15001724945356115,0.14999266478940249,10.482162225001957,10.482162225001957,0
9ced85a1ec2cd96c165d3ed941ec82457e30e182c4d037796ec472ed639f71b3,panda_saddle_p1_u,panda_saddle_p1,panda,saddle,1,u,A2,3,True,"[""planner_feasible"", ""planner_feasible"", ""planner_feasible""]",1.0,True,True,True,,10.58060693567677,,,0.03384756433176032,1.002165414999278,11.64056634134613,19.176377662102436,,,,,,19.376000000000698,19.376000000000698,0.9999999999999961,0.9999999999999961,0.0,0.0008634813503806871,0.31966807495780925,0.8252159763255951,7.294571298666064e-05,0.0,14.919,4.258,0.2,0.45253483998845384,0.0,,,,,,,,,,19.376000000000698,31.016566341346827,31.016566341346827,20.54005663413531,205.4005663413531,19.492405663414157,1949.2405663414156,10.58060693567677,10.58060693567677,0.0,0.0,Returned densely verified graph-stage path; may upper-bound an earlier internal fitting incumbent,11.64056634134613,14.919000000000675,4.257999999999777,0.1990000000002432,4.257999999999777,5.3872437939928024e-05,0.0,1.0942048566775497e-05,[],4.4703970574427376e-05,7.903214459186391e-05,3.749393036287255e-05,0.15001724945356115,0.14999266478940249,10.48770968001918,10.48770968001918,0
9ced85a1ec2cd96c165d3ed941ec82457e30e182c4d037796ec472ed639f71b3,panda_saddle_p1_u,panda_saddle_p1,panda,saddle,1,u,Proposed,3,True,"[""planner_feasible"", ""planner_feasible"", ""planner_feasible""]",1.0,True,True,True,,10.58060693567677,,27.195203701669623,0.03339892500177181,1.0103786876716185,39.585491469013505,19.176377662102436,,,,,,19.376000000000698,19.376000000000698,0.9999999999999961,0.9999999999999961,0.0,0.0008634813503806871,0.31966807495780925,0.8252159763255951,7.294571298666064e-05,0.0,14.919,4.258,0.2,0.45253483998845384,0.0,,,,,,,,,,19.376000000000698,58.961491469014206,58.961491469014206,23.33454914690205,233.3454914690205,19.77185491469083,1977.185491469083,10.58060693567677,10.58060693567677,0.0,27.0,Returned densely verified graph-stage path; may upper-bound an earlier internal fitting incumbent,39.585491469013505,14.919000000000675,4.257999999999777,0.1990000000002432,4.257999999999777,5.3872437939928024e-05,0.0,1.0942048566775497e-05,[],4.4703970574427376e-05,7.903214459186391e-05,3.749393036287255e-05,0.15001724945356115,0.14999266478940249,10.48770968001918,10.48770968001918,0
5f43b4d6461fcea3fe8ed7073c7de83186d13133f6cb072fc4eb2c12336a6b6c,panda_saddle_p1_v,panda_saddle_p1,panda,saddle,1,v,B0,3,True,"[""dense_geometry_or_timing_failed"", ""dense_geometry_or_timing_failed"", ""dense_geometry_or_timing_failed""]",0.0,False,,,1.0,0.44791191166829475,,,,1.010190687996025,1.4844423533359077,,2007.0,427.0,0.0,,,,,,,,,,,,,,,,,,,,,,,,,,,,,,,,,,,,,,Frozen baseline did not instrument earliest common-margin incumbent; final returned path time reported separately,,,,,,,,,,,,,,,,0.448958675013273,0
5f43b4d6461fcea3fe8ed7073c7de83186d13133f6cb072fc4eb2c12336a6b6c,panda_saddle_p1_v,panda_saddle_p1,panda,saddle,1,v,B1,3,True,"[""no_verified_path_at_primary_checkpoint"", ""no_verified_path_at_primary_checkpoint"", ""no_verified_path_at_primary_checkpoint""]",0.0,False,,,1.0,0.23667683033272624,30.65675627665769,,,,31.179224305335083,,917.0,427.0,16.0,,,,,,,,,,,,,,,,,,,,,,,,,,,,,,,,,,,,,,Frozen baseline did not instrument earliest common-margin incumbent; final returned path time reported separately,,,,,,,,,,,,,,,,0.23793504999775905,0
5f43b4d6461fcea3fe8ed7073c7de83186d13133f6cb072fc4eb2c12336a6b6c,panda_saddle_p1_v,panda_saddle_p1,panda,saddle,1,v,B2-common,3,True,"[""planner_feasible"", ""planner_feasible"", ""planner_feasible""]",1.0,True,True,True,,17.266746921998372,,30.95945246699557,0.03355483100070463,1.0167048786679516,50.085249546333216,17.767482665775027,,,,,,17.966999999998976,17.966999999998976,0.9999478959941706,0.9999478959941706,0.0,0.0008557474846370108,0.27607206317598737,0.812257840690493,7.662570291966375e-05,0.0,13.754,4.014,0.2,0.513975354465012,0.0,,,,,,,,,,17.966999999998976,68.05224954633219,68.05224954633219,22.9755249546323,229.755249546323,18.467852495462306,1846.7852495462307,17.266746921998372,30.736751244330662,4.0,94.0,Returned densely verified graph-stage path; may upper-bound an earlier internal fitting incumbent,50.085249546333216,13.753999999999186,4.013999999999546,0.1990000000002432,4.013999999999546,6.433167663465461e-05,0.0,5.31247930612988e-06,"[1, 3, 5, 7, 9, 11, 13, 15, 17, 19, 21, 23, 25]",0.0008190915057809489,0.14598200191166677,0.07479443572294915,0.15275182508662358,0.14701723242953574,30.70446599800198,17.25584299500042,13
5f43b4d6461fcea3fe8ed7073c7de83186d13133f6cb072fc4eb2c12336a6b6c,panda_saddle_p1_v,panda_saddle_p1,panda,saddle,1,v,A1,3,True,"[""planner_feasible"", ""planner_feasible"", ""planner_feasible""]",1.0,True,True,True,,17.265649350330932,,19.914784986001905,0.03359316667289628,1.0100110460043652,38.91459425266172,19.94228376291917,,,,,,20.142000000001634,20.142000000001634,0.9999999999999961,0.9999999999999961,0.0,0.0008840696516478763,0.4948398483092414,0.8339556853253431,9.32288716735119e-05,0.0,14.024000000000001,5.9190000000000005,0.2,0.6590575725375999,0.0,,,,,,,,,,20.142000000001634,59.05659425266336,59.05659425266336,24.033459425267807,240.33459425267807,20.53114594252825,2053.114594252825,17.265649350330932,17.265649350330932,0.0,39.0,Returned densely verified graph-stage path; may upper-bound an earlier internal fitting incumbent,38.91459425266172,14.024000000001434,5.918999999999956,0.1990000000002432,5.918999999999956,7.452484695800176e-05,0.0,1.2132620823335216e-05,[],7.745654649514357e-05,0.0005451730646092967,0.00021546447880403397,0.15016361001996792,0.14963157766138113,17.254492113992455,17.254492113992455,0
5f43b4d6461fcea3fe8ed7073c7de83186d13133f6cb072fc4eb2c12336a6b6c,panda_saddle_p1_v,panda_saddle_p1,panda,saddle,1,v,A2,3,True,"[""planner_feasible"", ""planner_feasible"", ""planner_feasible""]",1.0,True,True,True,,17.266746921998372,,,0.03350111666077282,1.0038839153373071,18.32491502466534,19.94228376291917,,,,,,20.142000000001634,20.142000000001634,0.9999999999999961,0.9999999999999961,0.0,0.0008840696516478763,0.4948398483092414,0.8339556853253431,9.32288716735119e-05,0.0,14.024000000000001,5.9190000000000005,0.2,0.6590575725375999,0.0,,,,,,,,,,20.142000000001634,38.466915024666974,38.466915024666974,21.97449150246817,219.7449150246817,20.325249150248286,2032.5249150248287,17.266746921998372,17.266746921998372,0.0,0.0,Returned densely verified graph-stage path; may upper-bound an earlier internal fitting incumbent,18.32491502466534,14.024000000001434,5.918999999999956,0.1990000000002432,5.918999999999956,7.452484695800176e-05,0.0,1.2132620823335216e-05,[],7.745654649514357e-05,0.0005451730646092967,0.00021546447880403397,0.15016361001996792,0.14963157766138113,17.25584299500042,17.25584299500042,0
5f43b4d6461fcea3fe8ed7073c7de83186d13133f6cb072fc4eb2c12336a6b6c,panda_saddle_p1_v,panda_saddle_p1,panda,saddle,1,v,Proposed,3,True,"[""planner_feasible"", ""planner_feasible"", ""planner_feasible""]",1.0,True,True,True,,17.266746921998372,,20.122390095333685,0.03333221666980535,1.0046870039999096,39.11527677800041,19.94228376291917,,,,,,20.142000000001634,20.142000000001634,0.9999999999999961,0.9999999999999961,0.0,0.0008840696516478763,0.4948398483092414,0.8339556853253431,9.32288716735119e-05,0.0,14.024000000000001,5.9190000000000005,0.2,0.6590575725375999,0.0,,,,,,,,,,20.142000000001634,59.25727677800204,59.25727677800204,24.053527677801675,240.53527677801674,20.533152767781637,2053.3152767781635,17.266746921998372,17.266746921998372,0.0,39.0,Returned densely verified graph-stage path; may upper-bound an earlier internal fitting incumbent,39.11527677800041,14.024000000001434,5.918999999999956,0.1990000000002432,5.918999999999956,7.452484695800176e-05,0.0,1.2132620823335216e-05,[],7.745654649514357e-05,0.0005451730646092967,0.00021546447880403397,0.15016361001996792,0.14963157766138113,17.25584299500042,17.25584299500042,0
5d9aac3d7faa587a77b4ef01338725dc9ae7ca13f0a04df57de39f2cb095a9ac,ur5e_cylinder_p0_u,ur5e_cylinder_p0,ur5e,cylinder,0,u,B0,3,True,"[""planner_feasible"", ""planner_feasible"", ""planner_feasible""]",1.0,True,True,True,1.0,0.3602767423387074,,,0.033023350668372586,0.9967748070048401,1.4138307190005435,23.55002231786072,1640.0,419.0,0.0,,,23.750000000006043,23.750000000006043,0.999999999999979,0.999999999999979,0.0,0.0008814337627512939,0.7587967600742008,0.8415035271558083,0.0001412271360587969,0.0,16.769000000000002,6.782,0.2,0.7417098881558707,0.0,,,,,,,,,,23.750000000006043,25.163830719006587,25.163830719006587,23.891383071906098,238.91383071906097,23.76413830719605,2376.413830719605,,,,,Frozen baseline did not instrument earliest common-margin incumbent; final returned path time reported separately,1.4138307190005435,16.76900000000376,6.782000000002041,0.1990000000002432,6.782000000002041,0.00010274120296438483,,1.5264961642724728e-05,,0.00010728503105814258,0.00024033692191781903,6.352717350962182e-05,0.15022279405987596,0.14990250663836976,,0.3600766680028755,0
5d9aac3d7faa587a77b4ef01338725dc9ae7ca13f0a04df57de39f2cb095a9ac,ur5e_cylinder_p0_u,ur5e_cylinder_p0,ur5e,cylinder,0,u,B1,3,True,"[""planner_feasible"", ""planner_feasible"", ""planner_feasible""]",1.0,True,True,True,1.0,0.2056562196764086,31.545294904334394,,0.03338377600205907,1.0119898023355443,33.074557255997206,23.457692006740416,838.0,419.0,0.0,,,23.65700000000593,23.65700000000593,0.999999999999979,0.999999999999979,0.0,0.0008849432675109842,0.7617303788439524,0.866601843549579,0.0001522543532035403,0.0,16.68,6.7780000000000005,0.2,0.7466961299918375,0.0,,,,,,,,,,23.65700000000593,56.731557256003136,56.731557256003136,26.96445572560565,269.6445572560565,23.987745572565903,2398.7745572565905,,,,,Frozen baseline did not instrument earliest common-margin incumbent; final returned path time reported separately,33.074557255997206,16.68000000000365,6.778000000002039,0.1990000000002432,6.778000000002039,0.00010353347947613664,,5.742916018292021e-06,,0.0002792835488870809,0.0005845841232537527,0.00023519215996611808,0.15012965698077615,0.14962026941145407,,0.20565303800685797,0
5d9aac3d7faa587a77b4ef01338725dc9ae7ca13f0a04df57de39f2cb095a9ac,ur5e_cylinder_p0_u,ur5e_cylinder_p0,ur5e,cylinder,0,u,B2-common,3,True,"[""planner_feasible"", ""planner_feasible"", ""planner_feasible""]",1.0,True,True,True,,2.586624631328353,,30.482759687661503,0.03291094633459579,0.9998421149988038,34.85933473832847,23.29494986561059,,,,,,23.49400000000573,23.49400000000573,0.999999999999979,0.999999999999979,0.0,0.0008783996506638417,0.7481877996637232,0.8222686227749415,0.0001246860456953769,0.0,16.778,6.517,0.2,0.7349158170192523,0.0,,,,,,,,,,23.49400000000573,58.3533347383342,58.3533347383342,26.979933473838578,269.79933473838577,23.842593347389016,2384.2593347389015,2.586624631328353,15.92397947566254,4.0,94.0,Returned densely verified graph-stage path; may upper-bound an earlier internal fitting incumbent,34.85933473832847,16.77800000000369,6.517000000001796,0.1990000000002432,6.517000000001796,0.00010091780474497103,0.0,9.903442048431188e-06,"[1, 3, 5, 7, 9, 11, 13, 15, 17]",0.00012487021521535472,0.007754236566344896,0.002008206676788305,0.15020881885069454,0.14994326189446186,15.901856033990043,2.5756659309845418,9
5d9aac3d7faa587a77b4ef01338725dc9ae7ca13f0a04df57de39f2cb095a9ac,ur5e_cylinder_p0_u,ur5e_cylinder_p0,ur5e,cylinder,0,u,A1,3,True,"[""planner_feasible"", ""planner_feasible"", ""planner_feasible""]",1.0,True,True,True,,2.587614691006214,,18.688370099674405,0.03291714333560473,0.9959421920017727,22.946364898006625,23.53551448836282,,,,,,23.735000000006025,23.735000000006025,0.999999999999979,0.999999999999979,0.0,0.0008823212156789201,0.7589470945267291,0.8487429361001886,0.00014813024797377672,0.0,16.762,6.774,0.2,0.7419506412793307,0.0,,,,,,,,,,23.735000000006025,46.681364898012646,46.681364898012646,26.029636489806688,260.2963648980669,23.96446364898609,2396.446364898609,2.587614691006214,2.587614691006214,0.0,27.0,Returned densely verified graph-stage path; may upper-bound an earlier internal fitting incumbent,22.946364898006625,16.76200000000374,6.77400000000204,0.1990000000002432,6.77400000000204,0.00010119242021722208,0.0,6.692425569720939e-06,[],0.0001070964417863561,0.00024140913627883242,6.35171884869978e-05,0.150223014349495,0.14990236181639516,2.5780783070076723,2.5780783070076723,0
5d9aac3d7faa587a77b4ef01338725dc9ae7ca13f0a04df57de39f2cb095a9ac,ur5e_cylinder_p0_u,ur5e_cylinder_p0,ur5e,cylinder,0,u,A2,3,True,"[""planner_feasible"", ""planner_feasible"", ""planner_feasible""]",1.0,True,True,True,,2.586624631328353,,,0.032997343000412606,1.00190599100218,3.6407319696591003,23.53551448836282,,,,,,23.735000000006025,23.735000000006025,0.999999999999979,0.999999999999979,0.0,0.0008823212156789201,0.7589470945267291,0.8487429361001886,0.00014813024797377672,0.0,16.762,6.774,0.2,0.7419506412793307,0.0,,,,,,,,,,23.735000000006025,27.375731969665125,27.375731969665125,24.099073196971936,240.99073196971938,23.771407319702615,2377.1407319702616,2.586624631328353,2.586624631328353,0.0,0.0,Returned densely verified graph-stage path; may upper-bound an earlier internal fitting incumbent,3.6407319696591003,16.76200000000374,6.77400000000204,0.1990000000002432,6.77400000000204,0.00010119242021722208,0.0,6.692425569720939e-06,[],0.0001070964417863561,0.00024140913627883242,6.35171884869978e-05,0.150223014349495,0.14990236181639516,2.5756659309845418,2.5756659309845418,0
5d9aac3d7faa587a77b4ef01338725dc9ae7ca13f0a04df57de39f2cb095a9ac,ur5e_cylinder_p0_u,ur5e_cylinder_p0,ur5e,cylinder,0,u,Proposed,3,True,"[""planner_feasible"", ""planner_feasible"", ""planner_feasible""]",1.0,True,True,True,,2.586624631328353,,18.72171356266578,0.0329114206591233,1.000447413001287,22.98367475066334,23.53551448836282,,,,,,23.735000000006025,23.735000000006025,0.999999999999979,0.999999999999979,0.0,0.0008823212156789201,0.7589470945267291,0.8487429361001886,0.00014813024797377672,0.0,16.762,6.774,0.2,0.7419506412793307,0.0,,,,,,,,,,23.735000000006025,46.718674750669365,46.718674750669365,26.03336747507236,260.3336747507236,23.96483674751266,2396.483674751266,2.586624631328353,2.586624631328353,0.0,27.0,Returned densely verified graph-stage path; may upper-bound an earlier internal fitting incumbent,22.98367475066334,16.76200000000374,6.77400000000204,0.1990000000002432,6.77400000000204,0.00010119242021722208,0.0,6.692425569720939e-06,[],0.0001070964417863561,0.00024140913627883242,6.35171884869978e-05,0.150223014349495,0.14990236181639516,2.5756659309845418,2.5756659309845418,0
b181f4aea3dacadfb66671a2eea89b411650ea76f729a02a7b8c5f249579c5f5,ur5e_cylinder_p0_v,ur5e_cylinder_p0,ur5e,cylinder,0,v,B0,3,True,"[""planner_feasible"", ""planner_feasible"", ""planner_feasible""]",1.0,True,True,True,1.0,0.29069483566854615,,,0.03303436466861361,0.9991894696722738,1.3600146946652483,24.652017681064923,1284.0,427.0,0.0,,,24.85200000000739,24.85200000000739,0.999999999999979,0.999999999999979,0.0,0.0007686746792930446,0.3792296551133035,0.8177114924838065,8.587946913307665e-05,0.0,16.006,8.647,0.2,0.5136475369975988,0.0,,,,,,,,,,24.85200000000739,26.21201469467264,26.21201469467264,24.988001469473915,249.88001469473915,24.865600146954044,2486.5600146954043,,,,,Frozen baseline did not instrument earliest common-margin incumbent; final returned path time reported separately,1.3600146946652483,16.00600000000481,8.647000000002334,0.1990000000002432,8.647000000002334,5.990589844069305e-05,,1.1630863423484072e-05,,6.650376067107204e-05,0.0001645900016153459,4.979205119972531e-05,0.15010432330146756,0.14996143213648627,,0.2921483059908496,0
b181f4aea3dacadfb66671a2eea89b411650ea76f729a02a7b8c5f249579c5f5,ur5e_cylinder_p0_v,ur5e_cylinder_p0,ur5e,cylinder,0,v,B1,3,True,"[""planner_feasible"", ""planner_feasible"", ""planner_feasible""]",1.0,True,True,True,1.0,0.20826569466832248,30.209928598332528,,0.03315255466441158,1.005667116007923,31.737480105332605,24.940553136117902,854.0,427.0,0.0,,,25.140000000007742,25.140000000007742,0.999999999999979,0.999999999999979,0.0,0.0007609677922428504,0.37511468959382677,0.821888183783452,9.041303994461458e-05,0.0,16.187,8.754,0.2,0.502602156015042,0.0,,,,,,,,,,25.140000000007742,56.87748010534035,56.87748010534035,28.313748010541,283.13748010541,25.457374801061068,2545.737480106107,,,,,Frozen baseline did not instrument earliest common-margin incumbent; final returned path time reported separately,31.737480105332605,16.187000000004794,8.754000000002705,0.1990000000002432,8.754000000002705,5.899607486203884e-05,,8.717485826537086e-06,,0.0002495049415808951,0.00019813730144212444,6.0050555551891365e-05,0.15011747293807573,0.14998092403872948,,0.20903339500364382,0
b181f4aea3dacadfb66671a2eea89b411650ea76f729a02a7b8c5f249579c5f5,ur5e_cylinder_p0_v,ur5e_cylinder_p0,ur5e,cylinder,0,v,B2-common,3,True,"[""planner_feasible"", ""planner_feasible"", ""planner_feasible""]",1.0,True,True,True,,4.24655461065413,,30.9670193696608,0.032929039996815845,1.0077327030012384,37.045999628656624,19.579840411286643,,,,,,19.77900000000119,19.77900000000119,0.999999999999979,0.999999999999979,0.0,0.0008532310502023722,0.3816810536641727,0.8235944867834694,8.541843648046665e-05,0.0,14.201,5.3790000000000004,0.2,0.5406792692421791,0.0,,,,,,,,,,19.77900000000119,56.824999628657814,56.824999628657814,23.48359996286685,234.8359996286685,20.149459996287757,2014.9459996287756,4.24655461065413,34.12811764231689,8.0,94.0,Returned densely verified graph-stage path; may upper-bound an earlier internal fitting incumbent,37.045999628656624,14.201000000001002,5.378999999999946,0.1990000000002432,5.378999999999946,6.817751017065276e-05,0.0,3.935413420030898e-06,"[1, 3, 5, 7, 9, 11, 13, 15, 17, 19, 21, 23, 25]",0.0005072985945981734,0.05396385376041336,0.02276117943194819,0.15051538469916775,0.14936776157392265,34.141371439996874,4.25196505599888,13
b181f4aea3dacadfb66671a2eea89b411650ea76f729a02a7b8c5f249579c5f5,ur5e_cylinder_p0_v,ur5e_cylinder_p0,ur5e,cylinder,0,v,A1,3,True,"[""planner_feasible"", ""planner_feasible"", ""planner_feasible""]",1.0,True,True,True,,4.24882718665079,,30.857575287664076,0.033098913331438475,1.0051985316725525,36.720224303319505,24.640553536576316,,,,,,24.840000000007375,24.840000000007375,0.999999999999979,0.999999999999979,0.0,0.000768332886078799,0.37941008471455473,0.821544106213827,7.660746570414823e-05,0.0,15.999,8.642,0.2,0.5136509971207682,0.0,,,,,,,,,,24.840000000007375,61.560224303326876,61.560224303326876,28.512022430339325,285.12022430339323,25.20720224304057,2520.720224304057,4.24882718665079,4.24882718665079,0.0,39.0,Returned densely verified graph-stage path; may upper-bound an earlier internal fitting incumbent,36.720224303319505,15.999000000004813,8.64200000000232,0.1990000000002432,8.64200000000232,6.0543305171023576e-05,0.0,8.871689347600409e-06,[],6.688880679912553e-05,0.00016265476627126837,4.954373247449977e-05,0.1501037038473659,0.1499617772625698,4.2556708679912845,4.2556708679912845,0
b181f4aea3dacadfb66671a2eea89b411650ea76f729a02a7b8c5f249579c5f5,ur5e_cylinder_p0_v,ur5e_cylinder_p0,ur5e,cylinder,0,v,A2,3,True,"[""planner_feasible"", ""planner_feasible"", ""planner_feasible""]",1.0,True,True,True,,4.24655461065413,,,0.03322246533449894,1.0033357806678396,5.302544635313097,24.640553536576316,,,,,,24.840000000007375,24.840000000007375,0.999999999999979,0.999999999999979,0.0,0.000768332886078799,0.37941008471455473,0.821544106213827,7.660746570414823e-05,0.0,15.999,8.642,0.2,0.5136509971207682,0.0,,,,,,,,,,24.840000000007375,30.142544635320473,30.142544635320473,25.370254463538686,253.70254463538686,24.893025446360507,2489.3025446360507,4.24655461065413,4.24655461065413,0.0,0.0,Returned densely verified graph-stage path; may upper-bound an earlier internal fitting incumbent,5.302544635313097,15.999000000004813,8.64200000000232,0.1990000000002432,8.64200000000232,6.0543305171023576e-05,0.0,8.871689347600409e-06,[],6.688880679912553e-05,0.00016265476627126837,4.954373247449977e-05,0.1501037038473659,0.1499617772625698,4.25196505599888,4.25196505599888,0
b181f4aea3dacadfb66671a2eea89b411650ea76f729a02a7b8c5f249579c5f5,ur5e_cylinder_p0_v,ur5e_cylinder_p0,ur5e,cylinder,0,v,Proposed,3,True,"[""planner_feasible"", ""planner_feasible"", ""planner_feasible""]",1.0,True,True,True,,4.24655461065413,,30.754566716001136,0.03309908666900204,1.000188224662755,36.5967648356503,24.640553536576316,,,,,,24.840000000007375,24.840000000007375,0.999999999999979,0.999999999999979,0.0,0.000768332886078799,0.37941008471455473,0.821544106213827,7.660746570414823e-05,0.0,15.999,8.642,0.2,0.5136509971207682,0.0,,,,,,,,,,24.840000000007375,61.43676483565767,61.43676483565767,28.499676483572404,284.99676483572404,25.205967648363877,2520.5967648363876,4.24655461065413,4.24655461065413,0.0,39.0,Returned densely verified graph-stage path; may upper-bound an earlier internal fitting incumbent,36.5967648356503,15.999000000004813,8.64200000000232,0.1990000000002432,8.64200000000232,6.0543305171023576e-05,0.0,8.871689347600409e-06,[],6.688880679912553e-05,0.00016265476627126837,4.954373247449977e-05,0.1501037038473659,0.1499617772625698,4.25196505599888,4.25196505599888,0
78356a8fe9f1e85ce2b8185467eefe91275f3763ead11629ba2fd1962fc65f9a,ur5e_cylinder_p1_u,ur5e_cylinder_p1,ur5e,cylinder,1,u,B0,3,True,"[""planner_feasible"", ""planner_feasible"", ""planner_feasible""]",1.0,True,True,True,1.0,0.3604728993329142,,,0.033228026998889014,0.9964161250051499,1.414236073338543,24.461482716153494,1644.0,419.0,0.0,,,24.661000000007157,24.661000000007157,0.999999999999979,0.999999999999979,0.0,0.0008692690546963774,0.8424692872034334,0.8236067712991467,0.0001395068462914928,0.0,17.099,7.363,0.2,0.7087494739931822,0.0,,,,,,,,,,24.661000000007157,26.0752360733457,26.0752360733457,24.802423607341012,248.02423607341012,24.67514236074054,2467.514236074054,,,,,Frozen baseline did not instrument earliest common-margin incumbent; final returned path time reported separately,1.414236073338543,17.099000000004658,7.3630000000022555,0.1990000000002432,7.3630000000022555,0.0001039850334759173,,6.655387230325438e-06,,0.00023658329870694512,0.00015852084525426675,0.00010261834260808791,0.15029497004862832,0.14975168991727736,,0.36017272899334785,0
78356a8fe9f1e85ce2b8185467eefe91275f3763ead11629ba2fd1962fc65f9a,ur5e_cylinder_p1_u,ur5e_cylinder_p1,ur5e,cylinder,1,u,B1,3,True,"[""planner_feasible"", ""planner_feasible"", ""planner_feasible""]",1.0,True,True,True,1.0,0.20614130000467412,30.979175997665152,,0.03308256633075265,0.9972075280044616,32.49413142100578,23.918464850189068,838.0,419.0,0.0,,,24.118000000006493,24.118000000006493,0.999999999999979,0.999999999999979,0.0,0.0008884475373241061,0.8647820701098079,0.8462637921302216,0.00015725339780137126,0.0,16.69,7.229,0.2,0.7389418027336623,0.0,,,,,,,,,,24.118000000006493,56.61213142101228,56.61213142101228,27.367413142107072,273.67413142107074,24.44294131421655,2444.294131421655,,,,,Frozen baseline did not instrument earliest common-margin incumbent; final returned path time reported separately,32.49413142100578,16.69000000000404,7.229000000002209,0.1990000000002432,7.229000000002209,0.00010926665738918425,,1.2886491075114748e-05,,0.0004038389517073685,0.0006631304107444959,0.0001792089143048931,0.1500386202447883,0.1494330229741382,,0.2059145810053451,0
78356a8fe9f1e85ce2b8185467eefe91275f3763ead11629ba2fd1962fc65f9a,ur5e_cylinder_p1_u,ur5e_cylinder_p1,ur5e,cylinder,1,u,B2-common,3,True,"[""planner_feasible"", ""planner_feasible"", ""planner_feasible""]",1.0,True,True,True,,3.1367067773341355,,30.444355297329214,0.0330220336666874,0.9975752226746408,35.32403894266948,24.18366207330418,,,,,,24.383000000006817,24.383000000006817,0.999999999999979,0.999999999999979,0.0,0.0008695910246821043,0.8376337543283291,0.816424575805164,0.00013649982858887633,0.0,17.087,7.097,0.2,0.7070332657634896,0.0,,,,,,,,,,24.383000000006817,59.7070389426763,59.7070389426763,27.915403894273766,279.15403894273766,24.73624038943351,2473.624038943351,3.1367067773341355,13.195136881331564,2.0,94.0,Returned densely verified graph-stage path; may upper-bound an earlier internal fitting incumbent,35.32403894266948,17.087000000004405,7.0970000000021685,0.1990000000002432,7.0970000000021685,0.00010399635672052043,0.0,5.743667636615157e-06,"[1, 3, 5, 7, 9, 11, 13, 15, 17]",0.00022080910853344618,0.011406198083969235,0.002962296875420136,0.1502778491374139,0.1497585396576306,13.16852160700364,3.13393809000263,9
78356a8fe9f1e85ce2b8185467eefe91275f3763ead11629ba2fd1962fc65f9a,ur5e_cylinder_p1_u,ur5e_cylinder_p1,ur5e,cylinder,1,u,A1,3,True,"[""planner_feasible"", ""planner_feasible"", ""planner_feasible""]",1.0,True,True,True,,3.1372561839962145,,26.28021338400625,0.03351615233016977,0.9954308580005696,31.08836082966688,24.45622332587692,,,,,,24.65600000000715,24.65600000000715,0.999999999999979,0.999999999999979,0.0,0.0008690677426368921,0.8425920098017133,0.8150903727135325,0.00012374547390447965,0.0,17.097,7.36,0.2,0.7089436229302685,0.0,,,,,,,,,,24.65600000000715,55.74436082967403,55.74436082967403,27.764836082973837,277.64836082973835,24.96688360830382,2496.688360830382,3.1372561839962145,3.1372561839962145,0.0,27.0,Returned densely verified graph-stage path; may upper-bound an earlier internal fitting incumbent,31.08836082966688,17.097000000004652,7.360000000002254,0.1990000000002432,7.360000000002254,0.00010215506695807618,0.0,1.3750649618282651e-05,[],0.00023883449557520422,0.0001585592639718462,0.00010257615949540389,0.15029810040032276,0.14975033662990922,3.128110083998763,3.128110083998763,0
78356a8fe9f1e85ce2b8185467eefe91275f3763ead11629ba2fd1962fc65f9a,ur5e_cylinder_p1_u,ur5e_cylinder_p1,ur5e,cylinder,1,u,A2,3,True,"[""planner_feasible"", ""planner_feasible"", ""planner_feasible""]",1.0,True,True,True,,3.1367067773341355,,,0.03310520933397735,0.9999440636699243,4.188785491996289,24.45622332587692,,,,,,24.65600000000715,24.65600000000715,0.999999999999979,0.999999999999979,0.0,0.0008690677426368921,0.8425920098017133,0.8150903727135325,0.00012374547390447965,0.0,17.097,7.36,0.2,0.7089436229302685,0.0,,,,,,,,,,24.65600000000715,28.84478549200344,28.84478549200344,25.07487854920678,250.74878549206778,24.697887854927114,2469.788785492711,3.1367067773341355,3.1367067773341355,0.0,0.0,Returned densely verified graph-stage path; may upper-bound an earlier internal fitting incumbent,4.188785491996289,17.097000000004652,7.360000000002254,0.1990000000002432,7.360000000002254,0.00010215506695807618,0.0,1.3750649618282651e-05,[],0.00023883449557520422,0.0001585592639718462,0.00010257615949540389,0.15029810040032276,0.14975033662990922,3.13393809000263,3.13393809000263,0
78356a8fe9f1e85ce2b8185467eefe91275f3763ead11629ba2fd1962fc65f9a,ur5e_cylinder_p1_u,ur5e_cylinder_p1,ur5e,cylinder,1,u,Proposed,3,True,"[""planner_feasible"", ""planner_feasible"", ""planner_feasible""]",1.0,True,True,True,,3.1367067773341355,,26.068669249327893,0.03325435266985247,0.9959149133355822,30.894059227333248,24.45622332587692,,,,,,24.65600000000715,24.65600000000715,0.999999999999979,0.999999999999979,0.0,0.0008690677426368921,0.8425920098017133,0.8150903727135325,0.00012374547390447965,0.0,17.097,7.36,0.2,0.7089436229302685,0.0,,,,,,,,,,24.65600000000715,55.5500592273404,55.5500592273404,27.745405922740474,277.45405922740474,24.964940592280485,2496.4940592280486,3.1367067773341355,3.1367067773341355,0.0,27.0,Returned densely verified graph-stage path; may upper-bound an earlier internal fitting incumbent,30.894059227333248,17.097000000004652,7.360000000002254,0.1990000000002432,7.360000000002254,0.00010215506695807618,0.0,1.3750649618282651e-05,[],0.00023883449557520422,0.0001585592639718462,0.00010257615949540389,0.15029810040032276,0.14975033662990922,3.13393809000263,3.13393809000263,0
2d20f99cf6c82aa207e523443bbea9c8b2f83a71121fed63556e715ac9a2a97f,ur5e_cylinder_p1_v,ur5e_cylinder_p1,ur5e,cylinder,1,v,B0,3,True,"[""planner_feasible"", ""planner_feasible"", ""planner_feasible""]",1.0,True,True,True,1.0,0.2849862043367466,,,0.03317512267191584,1.0010463036693789,1.3424613693302188,24.501814587591458,1256.0,427.0,0.0,,,24.701000000007205,24.701000000007205,0.999999999999979,0.999999999999979,0.0,0.0007820129924174149,0.3189644766575784,0.8148560740617657,8.975373144659571e-05,0.0,15.656,8.846,0.2,0.5208659976418663,0.0,,,,,,,,,,24.701000000007205,26.043461369337425,26.043461369337425,24.835246136940228,248.35246136940228,24.71442461370051,2471.4424613700508,,,,,Frozen baseline did not instrument earliest common-margin incumbent; final returned path time reported separately,1.3424613693302188,15.65600000000466,8.846000000002302,0.1990000000002432,8.846000000002302,6.31969214085648e-05,,3.3744032608418184e-06,,6.149782071435959e-05,8.110738861670135e-05,4.3176337629377054e-05,0.1500384434441089,0.14997943671225922,,0.2841453670116607,0
2d20f99cf6c82aa207e523443bbea9c8b2f83a71121fed63556e715ac9a2a97f,ur5e_cylinder_p1_v,ur5e_cylinder_p1,ur5e,cylinder,1,v,B1,3,True,"[""planner_feasible"", ""planner_feasible"", ""planner_feasible""]",1.0,True,True,True,1.0,0.20719208366548023,30.31914520833622,,0.0332043763337424,0.9999143099945892,31.870785211004357,24.525237233352428,854.0,427.0,0.0,,,24.725000000007235,24.725000000007235,0.999999999999979,0.999999999999979,0.0,0.0007830367830167345,0.31911642331218404,0.814809708938799,9.181448766160116e-05,0.0,15.665000000000001,8.861,0.2,0.5216775763891398,0.0,,,,,,,,,,24.725000000007235,56.59578521101159,56.59578521101159,27.91207852110767,279.1207852110767,25.04370785211728,2504.3707852117277,,,,,Frozen baseline did not instrument earliest common-margin incumbent; final returned path time reported separately,31.870785211004357,15.665000000004682,8.86100000000231,0.1990000000002432,8.86100000000231,6.238155823928837e-05,,5.24659623324375e-06,,0.0002592160582149557,0.00012081715394602698,5.3234618916377674e-05,0.1500451064541037,0.14997098336038886,,0.20653800400032196,0
2d20f99cf6c82aa207e523443bbea9c8b2f83a71121fed63556e715ac9a2a97f,ur5e_cylinder_p1_v,ur5e_cylinder_p1,ur5e,cylinder,1,v,B2-common,3,True,"[""planner_feasible"", ""planner_feasible"", ""planner_feasible""]",1.0,True,False,True,,3.625962005001687,,30.862116320665034,0.03317854799873506,1.0054310593259288,36.292688392000855,17.70972395440897,,,,,,17.908999999998905,17.908999999998905,0.9996948401002745,0.9997964172735417,0.004043155199466568,0.0008539625442669338,0.25077108465413916,0.8234064612111428,8.089968925828472e-05,0.0,13.721,3.989,0.2,0.513931219662904,0.0,,,,,,,,,,,,,,,,,3.625962005001687,31.335494721337454,7.0,94.0,Returned densely verified graph-stage path; may upper-bound an earlier internal fitting incumbent,36.292688392000855,13.720999999999094,3.9889999999995664,0.1990000000002432,,6.561787103979974e-05,0.0,5.034521563612726e-06,"[1, 3, 5, 7, 9, 11, 13, 15, 17, 19, 21, 23, 25]",0.0007658468437052896,0.13663735907040697,0.029047867768011933,0.15221708705109466,0.14785978053774682,,3.6116107220150298,13
2d20f99cf6c82aa207e523443bbea9c8b2f83a71121fed63556e715ac9a2a97f,ur5e_cylinder_p1_v,ur5e_cylinder_p1,ur5e,cylinder,1,v,A1,3,True,"[""planner_feasible"", ""planner_feasible"", ""planner_feasible""]",1.0,True,True,True,,3.6194019463388636,,28.373697729000316,0.03301495333046963,0.999576557330632,33.60974510367669,24.49694585302019,,,,,,24.6960000000072,24.6960000000072,0.999999999999979,0.999999999999979,0.0,0.0007829466960564388,0.31902643784587614,0.8147956055864946,7.733948614929709e-05,0.0,15.661,8.836,0.2,0.520855431382759,0.0,,,,,,,,,,24.6960000000072,58.30574510368389,58.30574510368389,28.056974510374868,280.5697451037487,25.032097451043967,2503.2097451043965,3.6194019463388636,3.6194019463388636,0.0,39.0,Returned densely verified graph-stage path; may upper-bound an earlier internal fitting incumbent,33.60974510367669,15.661000000004657,8.836000000002299,0.1990000000002432,8.836000000002299,6.164564637529679e-05,0.0,6.671334154551012e-06,[],5.613316574708269e-05,7.643211724994246e-05,4.29182312444492e-05,0.1500370299089024,0.1499851164299629,3.652833450018079,3.652833450018079,0
2d20f99cf6c82aa207e523443bbea9c8b2f83a71121fed63556e715ac9a2a97f,ur5e_cylinder_p1_v,ur5e_cylinder_p1,ur5e,cylinder,1,v,A2,3,True,"[""planner_feasible"", ""planner_feasible"", ""planner_feasible""]",1.0,True,True,True,,3.625962005001687,,,0.03340183567100515,1.018985006667208,4.697959097664959,24.49694585302019,,,,,,24.6960000000072,24.6960000000072,0.999999999999979,0.999999999999979,0.0,0.0007829466960564388,0.31902643784587614,0.8147956055864946,7.733948614929709e-05,0.0,15.661,8.836,0.2,0.520855431382759,0.0,,,,,,,,,,24.6960000000072,29.39395909767216,29.39395909767216,25.165795909773696,251.65795909773695,24.74297959098385,2474.297959098385,3.625962005001687,3.625962005001687,0.0,0.0,Returned densely verified graph-stage path; may upper-bound an earlier internal fitting incumbent,4.697959097664959,15.661000000004657,8.836000000002299,0.1990000000002432,8.836000000002299,6.164564637529679e-05,0.0,6.671334154551012e-06,[],5.613316574708269e-05,7.643211724994246e-05,4.29182312444492e-05,0.1500370299089024,0.1499851164299629,3.6116107220150298,3.6116107220150298,0
2d20f99cf6c82aa207e523443bbea9c8b2f83a71121fed63556e715ac9a2a97f,ur5e_cylinder_p1_v,ur5e_cylinder_p1,ur5e,cylinder,1,v,Proposed,3,True,"[""planner_feasible"", ""planner_feasible"", ""planner_feasible""]",1.0,True,True,True,,3.625962005001687,,28.365402960999443,0.03317972533598853,1.0102328833309002,33.61367757700403,24.49694585302019,,,,,,24.6960000000072,24.6960000000072,0.999999999999979,0.999999999999979,0.0,0.0007829466960564388,0.31902643784587614,0.8147956055864946,7.733948614929709e-05,0.0,15.661,8.836,0.2,0.520855431382759,0.0,,,,,,,,,,24.6960000000072,58.30967757701123,58.30967757701123,28.057367757707603,280.573677577076,25.03213677577724,2503.213677577724,3.625962005001687,3.625962005001687,0.0,39.0,Returned densely verified graph-stage path; may upper-bound an earlier internal fitting incumbent,33.61367757700403,15.661000000004657,8.836000000002299,0.1990000000002432,8.836000000002299,6.164564637529679e-05,0.0,6.671334154551012e-06,[],5.613316574708269e-05,7.643211724994246e-05,4.29182312444492e-05,0.1500370299089024,0.1499851164299629,3.6116107220150298,3.6116107220150298,0
74c4b355832ae88369ec214894ab6b8c7e91246fa0de0bbe376637861cd8eed7,ur5e_plane_p0_u,ur5e_plane_p0,ur5e,plane,0,u,B0,3,True,"[""planner_feasible"", ""planner_feasible"", ""planner_feasible""]",1.0,True,True,True,1.0,0.3441290903380529,,,0.0323489570049181,0.9973593550093938,1.3970540816662833,19.12671905897987,1566.0,419.0,0.0,,,19.326000000000636,19.326000000000636,1.0,1.0,0.0,0.0008653942022438009,0.34365518826682107,0.8370248855060729,0.00010050693769736441,0.0,14.946,4.181,0.2,0.5178291370196908,0.0,,,,,,,,,,19.326000000000636,20.72305408166692,20.72305408166692,19.465705408167263,194.65705408167264,19.339970540817298,1933.9970540817299,,,,,Frozen baseline did not instrument earliest common-margin incumbent; final returned path time reported separately,1.3970540816662833,14.946000000000634,4.180999999999759,0.1990000000002432,4.180999999999759,8.0295896294591e-05,,1.0845838715800582e-05,,5.093116094291535e-05,1.405452056375207e-05,3.484800862071135e-05,0.15000718704287544,0.14997843581978526,,0.34441989701008424,0
74c4b355832ae88369ec214894ab6b8c7e91246fa0de0bbe376637861cd8eed7,ur5e_plane_p0_u,ur5e_plane_p0,ur5e,plane,0,u,B1,3,True,"[""planner_feasible"", ""planner_feasible"", ""planner_feasible""]",1.0,True,True,True,1.0,0.20468635000482513,31.41229743834022,,0.031830539335108675,0.9830323799978942,32.92392903633299,19.185305166035437,838.0,419.0,0.0,,,19.38500000000071,19.38500000000071,1.0,1.0,0.0,0.000864937854270655,0.3430800331091066,0.8268765189111223,0.00010697772069945266,0.0,14.99,4.196,0.2,0.5174517900762163,0.0,,,,,,,,,,19.38500000000071,52.3089290363337,52.3089290363337,22.677392903634008,226.77392903634006,19.714239290364038,1971.4239290364037,,,,,Frozen baseline did not instrument earliest common-margin incumbent; final returned path time reported separately,32.92392903633299,14.990000000000697,4.19599999999977,0.1990000000002432,4.19599999999977,8.235055088895438e-05,,7.557874945218757e-06,,0.00033184020125280605,1.2801988160156962e-05,3.5638088892844976e-05,0.1500006937304972,0.1499302428471906,,0.20459924200258683,0
74c4b355832ae88369ec214894ab6b8c7e91246fa0de0bbe376637861cd8eed7,ur5e_plane_p0_u,ur5e_plane_p0,ur5e,plane,0,u,B2-common,3,True,"[""planner_feasible"", ""planner_feasible"", ""planner_feasible""]",1.0,True,True,True,,2.4932943759825625,,30.162736019672593,0.03177792533339622,0.9987629563353645,34.37833607131324,18.304894180892802,,,,,,18.503999999999632,18.503999999999632,1.0,1.0,0.0,0.0008734770403690375,0.29882107578932365,0.848315382567272,0.00010663416524980818,0.0,14.639000000000001,3.666,0.2,0.5004171085936266,0.0,,,,,,,,,,18.503999999999632,52.88233607131288,52.88233607131288,21.941833607130956,219.41833607130957,18.847783360712764,1884.7783360712765,2.4932943759825625,8.974148476981403,1.0,94.0,Returned densely verified graph-stage path; may upper-bound an earlier internal fitting incumbent,34.37833607131324,14.638999999999605,3.6659999999997828,0.1990000000002432,3.6659999999997828,8.193267749776468e-05,0.0,1.011919173343756e-05,"[1, 3, 5, 7, 9, 11, 13, 15, 17]",0.000259560047250886,0.02674006313186273,0.005822561648976487,0.15037983482835912,0.14986554429199456,8.96088224799314,2.491494181987946,9
74c4b355832ae88369ec214894ab6b8c7e91246fa0de0bbe376637861cd8eed7,ur5e_plane_p0_u,ur5e_plane_p0,ur5e,plane,0,u,A1,3,True,"[""planner_feasible"", ""planner_feasible"", ""planner_feasible""]",1.0,True,True,True,,2.4956443253176985,,20.82975209466531,0.0318391176648826,0.9828414653408496,24.98869696931312,19.157813306972063,,,,,,19.357000000000674,19.357000000000674,1.0,1.0,0.0,0.0008647486096971129,0.3429506875222206,0.8262211632175188,0.00011087553085586954,0.0,14.975,4.183,0.2,0.5164054412775281,0.0,,,,,,,,,,19.357000000000674,44.34569696931379,44.34569696931379,21.855869696931986,218.55869696931987,19.606886969693807,1960.6886969693808,2.4956443253176985,2.4956443253176985,0.0,27.0,Returned densely verified graph-stage path; may upper-bound an earlier internal fitting incumbent,24.98869696931312,14.975000000000668,4.182999999999764,0.1990000000002432,4.182999999999764,7.987106216506e-05,0.0,4.838193464307139e-06,[],4.8213021387264824e-05,1.4041140507835513e-05,3.473787640793899e-05,0.15000695561986327,0.14999955807603368,2.4974100129766157,2.4974100129766157,0
74c4b355832ae88369ec214894ab6b8c7e91246fa0de0bbe376637861cd8eed7,ur5e_plane_p0_u,ur5e_plane_p0,ur5e,plane,0,u,A2,3,True,"[""planner_feasible"", ""planner_feasible"", ""planner_feasible""]",1.0,True,True,True,,2.4932943759825625,,,0.031892746662682235,0.9876465196672749,3.5308118376512234,19.157813306972063,,,,,,19.357000000000674,19.357000000000674,1.0,1.0,0.0,0.0008647486096971129,0.3429506875222206,0.8262211632175188,0.00011087553085586954,0.0,14.975,4.183,0.2,0.5164054412775281,0.0,,,,,,,,,,19.357000000000674,22.8878118376519,22.8878118376519,19.710081183765798,197.10081183765797,19.392308118377187,1939.2308118377186,2.4932943759825625,2.4932943759825625,0.0,0.0,Returned densely verified graph-stage path; may upper-bound an earlier internal fitting incumbent,3.5308118376512234,14.975000000000668,4.182999999999764,0.1990000000002432,4.182999999999764,7.987106216506e-05,0.0,4.838193464307139e-06,[],4.8213021387264824e-05,1.4041140507835513e-05,3.473787640793899e-05,0.15000695561986327,0.14999955807603368,2.491494181987946,2.491494181987946,0
74c4b355832ae88369ec214894ab6b8c7e91246fa0de0bbe376637861cd8eed7,ur5e_plane_p0_u,ur5e_plane_p0,ur5e,plane,0,u,Proposed,3,True,"[""planner_feasible"", ""planner_feasible"", ""planner_feasible""]",1.0,True,True,True,,2.4932943759825625,,20.837600112664706,0.03184082533698529,0.9894930673375105,25.03362800931306,19.157813306972063,,,,,,19.357000000000674,19.357000000000674,1.0,1.0,0.0,0.0008647486096971129,0.3429506875222206,0.8262211632175188,0.00011087553085586954,0.0,14.975,4.183,0.2,0.5164054412775281,0.0,,,,,,,,,,19.357000000000674,44.39062800931373,44.39062800931373,21.86036280093198,218.6036280093198,19.607336280093804,1960.7336280093805,2.4932943759825625,2.4932943759825625,0.0,27.0,Returned densely verified graph-stage path; may upper-bound an earlier internal fitting incumbent,25.03362800931306,14.975000000000668,4.182999999999764,0.1990000000002432,4.182999999999764,7.987106216506e-05,0.0,4.838193464307139e-06,[],4.8213021387264824e-05,1.4041140507835513e-05,3.473787640793899e-05,0.15000695561986327,0.14999955807603368,2.491494181987946,2.491494181987946,0
b4cbe6298b4c8842e3d61c4c05cef1b634d1de760788b1ccb4c7c2647062845b,ur5e_plane_p0_v,ur5e_plane_p0,ur5e,plane,0,v,B0,3,True,"[""planner_feasible"", ""planner_feasible"", ""planner_feasible""]",1.0,True,True,True,1.0,0.27800791266781744,,,0.03208425433452552,0.9860809973324649,1.3188505463282734,20.03756721616446,1220.0,427.0,0.0,,,20.23700000000175,20.23700000000175,1.0,1.0,0.0,0.0008416124462929746,0.28738982819560727,0.810218507807489,8.720175500911975e-05,0.0,14.384,5.654,0.2,0.5486511426852683,0.0,,,,,,,,,,20.23700000000175,21.555850546330024,21.555850546330024,20.36888505463458,203.68885054634578,20.250188505465033,2025.0188505465032,,,,,Frozen baseline did not instrument earliest common-margin incumbent; final returned path time reported separately,1.3188505463282734,14.384000000001427,5.65400000000008,0.1990000000002432,5.65400000000008,6.606879384445929e-05,,5.544461896156427e-06,,7.050372099536636e-05,5.95108799731883e-06,4.878477006271187e-05,0.150025531202895,0.1499900327981148,,0.27809759300726,0
b4cbe6298b4c8842e3d61c4c05cef1b634d1de760788b1ccb4c7c2647062845b,ur5e_plane_p0_v,ur5e_plane_p0,ur5e,plane,0,v,B1,3,True,"[""planner_feasible"", ""planner_feasible"", ""planner_feasible""]",1.0,True,True,True,1.0,0.20787141033118436,30.713571404664737,,0.03195856466966992,0.9837008409958798,32.24511759433275,19.976821397624242,854.0,427.0,0.0,,,20.176000000001675,20.176000000001675,1.0,1.0,0.0,0.0008435336258287725,0.28854699058572353,0.810643199331075,0.00010366806685180308,0.0,14.334,5.643,0.2,0.5528015878639905,0.0,,,,,,,,,,20.176000000001675,52.42111759433442,52.42111759433442,23.40051175943495,234.00511759434949,20.498451175945004,2049.8451175945,,,,,Frozen baseline did not instrument earliest common-margin incumbent; final returned path time reported separately,32.24511759433275,14.334000000001419,5.643000000000013,0.1990000000002432,5.643000000000013,6.845235593169186e-05,,9.400826291583453e-06,,0.00024061807634332964,9.306750430681551e-06,5.049776203261446e-05,0.1500246663806326,0.14998870173872067,,0.208117382004275,0
b4cbe6298b4c8842e3d61c4c05cef1b634d1de760788b1ccb4c7c2647062845b,ur5e_plane_p0_v,ur5e_plane_p0,ur5e,plane,0,v,B2-common,3,True,"[""planner_feasible"", ""planner_feasible"", ""planner_feasible""]",1.0,True,True,True,,4.109131432652551,,30.429489107666694,0.032114988993271254,0.9980303333334936,36.3512666989894,19.42113027369636,,,,,,19.621000000000997,19.621000000000997,1.0,1.0,0.0,0.0008506913832081963,0.28293598269159104,0.8100506770784864,8.961295431095251e-05,0.0,14.177,5.245,0.2,0.5393887312676461,0.0,,,,,,,,,,19.621000000000997,55.972266698990396,55.972266698990396,23.25612666989994,232.5612666989994,19.98451266699089,1998.451266699089,4.109131432652551,33.11454388831529,8.0,94.0,Returned densely verified graph-stage path; may upper-bound an earlier internal fitting incumbent,36.3512666989894,14.17700000000077,5.244999999999984,0.1990000000002432,5.244999999999984,6.793881905174937e-05,0.0,8.013011569329986e-06,"[1, 3, 5, 7, 9, 11, 13, 15, 17, 19, 21, 23, 25]",0.00035936161655705925,0.009724605845655158,0.015419010113646752,0.15012641594239973,0.14988579268336158,33.228191314978176,4.127049486982287,13
b4cbe6298b4c8842e3d61c4c05cef1b634d1de760788b1ccb4c7c2647062845b,ur5e_plane_p0_v,ur5e_plane_p0,ur5e,plane,0,v,A1,3,True,"[""planner_feasible"", ""planner_feasible"", ""planner_feasible""]",1.0,True,True,True,,4.110983822320122,,30.323836462999072,0.03180756266131842,0.9896085206613255,36.01293532832157,20.036554869106176,,,,,,20.23600000000175,20.23600000000175,1.0,1.0,0.0,0.0008419293409806242,0.2874019337912445,0.8105993096283721,8.461860534678123e-05,0.0,14.387,5.65,0.2,0.5488414746629123,0.0,,,,,,,,,,20.23600000000175,56.24893532832331,56.24893532832331,23.837293532833904,238.37293532833905,20.596129353284965,2059.6129353284964,4.110983822320122,4.110983822320122,0.0,39.0,Returned densely verified graph-stage path; may upper-bound an earlier internal fitting incumbent,36.01293532832157,14.387000000001429,5.650000000000077,0.1990000000002432,5.650000000000077,6.768988120755549e-05,0.0,1.1016321861512246e-05,[],5.5368001045769085e-05,5.863204565695858e-06,4.879425222237511e-05,0.15002555373239287,0.14998972754290357,4.1281252289772965,4.1281252289772965,0
b4cbe6298b4c8842e3d61c4c05cef1b634d1de760788b1ccb4c7c2647062845b,ur5e_plane_p0_v,ur5e_plane_p0,ur5e,plane,0,v,A2,3,True,"[""planner_feasible"", ""planner_feasible"", ""planner_feasible""]",1.0,True,True,True,,4.109131432652551,,,0.0321871343330713,0.9852132813296824,5.145095791982992,20.036554869106176,,,,,,20.23600000000175,20.23600000000175,1.0,1.0,0.0,0.0008419293409806242,0.2874019337912445,0.8105993096283721,8.461860534678123e-05,0.0,14.387,5.65,0.2,0.5488414746629123,0.0,,,,,,,,,,20.23600000000175,25.38109579198474,25.38109579198474,20.75050957920005,207.50509579200047,20.28745095792158,2028.7450957921578,4.109131432652551,4.109131432652551,0.0,0.0,Returned densely verified graph-stage path; may upper-bound an earlier internal fitting incumbent,5.145095791982992,14.387000000001429,5.650000000000077,0.1990000000002432,5.650000000000077,6.768988120755549e-05,0.0,1.1016321861512246e-05,[],5.5368001045769085e-05,5.863204565695858e-06,4.879425222237511e-05,0.15002555373239287,0.14998972754290357,4.127049486982287,4.127049486982287,0
b4cbe6298b4c8842e3d61c4c05cef1b634d1de760788b1ccb4c7c2647062845b,ur5e_plane_p0_v,ur5e_plane_p0,ur5e,plane,0,v,Proposed,3,True,"[""planner_feasible"", ""planner_feasible"", ""planner_feasible""]",1.0,True,True,True,,4.109131432652551,,30.253705726664823,0.031913966672921866,0.9851188053338168,35.96395070364815,20.036554869106176,,,,,,20.23600000000175,20.23600000000175,1.0,1.0,0.0,0.0008419293409806242,0.2874019337912445,0.8105993096283721,8.461860534678123e-05,0.0,14.387,5.65,0.2,0.5488414746629123,0.0,,,,,,,,,,20.23600000000175,56.199950703649904,56.199950703649904,23.832395070366562,238.32395070366562,20.59563950703823,2059.5639507038227,4.109131432652551,4.109131432652551,0.0,39.0,Returned densely verified graph-stage path; may upper-bound an earlier internal fitting incumbent,35.96395070364815,14.387000000001429,5.650000000000077,0.1990000000002432,5.650000000000077,6.768988120755549e-05,0.0,1.1016321861512246e-05,[],5.5368001045769085e-05,5.863204565695858e-06,4.879425222237511e-05,0.15002555373239287,0.14998972754290357,4.127049486982287,4.127049486982287,0
403cb6773f1a1675c7f7f184c8e8c74848c8e1cd56930a8f81eb78de27e1428a,ur5e_plane_p1_u,ur5e_plane_p1,ur5e,plane,1,u,B0,3,True,"[""planner_feasible"", ""planner_feasible"", ""planner_feasible""]",1.0,True,True,True,1.0,0.34171529733672895,,,0.032165669666331574,0.9820276873263841,1.3789198393351398,18.76265434261434,1556.0,419.0,0.0,,,18.96200000000019,18.96200000000019,1.0,1.0,0.0,0.0008850152968685308,0.3773717143741403,0.8245953845358528,0.00011367383863558622,0.0,14.654,4.109,0.2,0.5270101037728923,0.0,,,,,,,,,,18.96200000000019,20.34091983933533,20.34091983933533,19.099891983933706,190.99891983933705,18.975789198393542,1897.5789198393543,,,,,Frozen baseline did not instrument earliest common-margin incumbent; final returned path time reported separately,1.3789198393351398,14.654000000000163,4.108999999999784,0.1990000000002432,4.108999999999784,8.282253530946802e-05,,1.1712540327835086e-05,,5.2001646478778746e-05,1.3626922489021985e-05,4.731186027563858e-05,0.1500063881315555,0.14997476540580187,,0.3398916599981021,0
403cb6773f1a1675c7f7f184c8e8c74848c8e1cd56930a8f81eb78de27e1428a,ur5e_plane_p1_u,ur5e_plane_p1,ur5e,plane,1,u,B1,3,True,"[""planner_feasible"", ""planner_feasible"", ""planner_feasible""]",1.0,True,True,True,1.0,0.20502283400370894,31.13104495399845,,0.03202645633427892,0.9858767793290705,32.64576043766283,18.919380966081743,838.0,419.0,0.0,,,19.119000000000383,19.119000000000383,1.0,1.0,0.0,0.000877843795539253,0.37506278900688333,0.8366680939846745,0.00011630018361175054,0.0,14.762,4.158,0.2,0.519941167847353,0.0,,,,,,,,,,19.119000000000383,51.76476043766321,51.76476043766321,22.383576043766666,223.83576043766666,19.44545760437701,1944.5457604377011,,,,,Frozen baseline did not instrument earliest common-margin incumbent; final returned path time reported separately,32.64576043766283,14.762000000000354,4.157999999999785,0.1990000000002432,4.157999999999785,8.704468163326372e-05,,7.291138274467812e-06,,0.00031053776978965595,1.5717151199618722e-05,4.5939878796401204e-05,0.15000073070629083,0.14993177600319452,,0.20459999800368678,0
403cb6773f1a1675c7f7f184c8e8c74848c8e1cd56930a8f81eb78de27e1428a,ur5e_plane_p1_u,ur5e_plane_p1,ur5e,plane,1,u,B2-common,3,True,"[""planner_feasible"", ""planner_feasible"", ""planner_feasible""]",1.0,True,True,True,,3.805958524006807,,20.315280238336225,0.031974497663516864,0.9811579450033605,25.8154968523401,18.387055705553536,,,,,,18.586999999999733,18.586999999999733,1.0,1.0,0.0,0.0008602149445334749,0.29401139510888674,0.8159128114343993,9.846849757710885e-05,0.0,14.818,3.5700000000000003,0.2,0.4611137163077503,0.0,,,,,,,,,,18.586999999999733,44.40249685233984,44.40249685233984,21.168549685233742,211.68549685233742,18.845154968523133,1884.5154968523134,3.805958524006807,10.226916064003793,1.0,94.0,Returned densely verified graph-stage path; may upper-bound an earlier internal fitting incumbent,25.8154968523401,14.817999999999705,3.5699999999997845,0.1990000000002432,3.5699999999997845,7.923052158943511e-05,0.0,8.69145899073942e-06,"[1, 3, 5, 7, 9, 11, 13, 15, 17]",0.00020517444003808756,0.040154161707597606,0.00544430446651875,0.15036352152689259,0.14987982868880093,10.208175936000771,3.792917511003907,9
403cb6773f1a1675c7f7f184c8e8c74848c8e1cd56930a8f81eb78de27e1428a,ur5e_plane_p1_u,ur5e_plane_p1,ur5e,plane,1,u,A1,3,True,"[""planner_feasible"", ""planner_feasible"", ""planner_feasible""]",1.0,True,True,True,,3.8085538590045567,,24.00475390299592,0.032495389338388726,0.978523348327144,29.460435924338526,18.778318692643904,,,,,,18.97800000000021,18.97800000000021,1.0,1.0,0.0,0.0008840814598492194,0.3772480347772273,0.8344039174885719,0.00011987623908771283,0.0,14.668000000000001,4.111,0.2,0.5260763192016994,0.0,,,,,,,,,,18.97800000000021,48.438435924338734,48.438435924338734,21.924043592434064,219.24043592434063,19.272604359243598,1927.2604359243599,3.8085538590045567,3.8085538590045567,0.0,27.0,Returned densely verified graph-stage path; may upper-bound an earlier internal fitting incumbent,29.460435924338526,14.66800000000018,4.110999999999787,0.1990000000002432,4.110999999999787,8.199566093340938e-05,0.0,1.3602365792841908e-05,[],5.030642267044146e-05,1.3669417600540906e-05,4.729567296382206e-05,0.15000613579526734,0.14999976990272826,3.800889823003672,3.800889823003672,0
403cb6773f1a1675c7f7f184c8e8c74848c8e1cd56930a8f81eb78de27e1428a,ur5e_plane_p1_u,ur5e_plane_p1,ur5e,plane,1,u,A2,3,True,"[""planner_feasible"", ""planner_feasible"", ""planner_feasible""]",1.0,True,True,True,,3.805958524006807,,,0.03192885499447584,0.982535178331697,4.838389974999397,18.778318692643904,,,,,,18.97800000000021,18.97800000000021,1.0,1.0,0.0,0.0008840814598492194,0.3772480347772273,0.8344039174885719,0.00011987623908771283,0.0,14.668000000000001,4.111,0.2,0.5260763192016994,0.0,,,,,,,,,,18.97800000000021,23.81638997499961,23.81638997499961,19.461838997500152,194.61838997500152,19.026383899750204,1902.6383899750203,3.805958524006807,3.805958524006807,0.0,0.0,Returned densely verified graph-stage path; may upper-bound an earlier internal fitting incumbent,4.838389974999397,14.66800000000018,4.110999999999787,0.1990000000002432,4.110999999999787,8.199566093340938e-05,0.0,1.3602365792841908e-05,[],5.030642267044146e-05,1.3669417600540906e-05,4.729567296382206e-05,0.15000613579526734,0.14999976990272826,3.792917511003907,3.792917511003907,0
403cb6773f1a1675c7f7f184c8e8c74848c8e1cd56930a8f81eb78de27e1428a,ur5e_plane_p1_u,ur5e_plane_p1,ur5e,plane,1,u,Proposed,3,True,"[""planner_feasible"", ""planner_feasible"", ""planner_feasible""]",1.0,True,True,True,,3.805958524006807,,24.00530179433311,0.032322615671243206,0.9857225523349674,29.485929461336735,18.778318692643904,,,,,,18.97800000000021,18.97800000000021,1.0,1.0,0.0,0.0008840814598492194,0.3772480347772273,0.8344039174885719,0.00011987623908771283,0.0,14.668000000000001,4.111,0.2,0.5260763192016994,0.0,,,,,,,,,,18.97800000000021,48.463929461336946,48.463929461336946,21.926592946133884,219.26592946133883,19.27285929461358,1927.285929461358,3.805958524006807,3.805958524006807,0.0,27.0,Returned densely verified graph-stage path; may upper-bound an earlier internal fitting incumbent,29.485929461336735,14.66800000000018,4.110999999999787,0.1990000000002432,4.110999999999787,8.199566093340938e-05,0.0,1.3602365792841908e-05,[],5.030642267044146e-05,1.3669417600540906e-05,4.729567296382206e-05,0.15000613579526734,0.14999976990272826,3.792917511003907,3.792917511003907,0
26227b24cb54fbd1ee1f9a2ff9548fd6b42ce382e7b92e4713c9a7c4eba0431e,ur5e_plane_p1_v,ur5e_plane_p1,ur5e,plane,1,v,B0,3,True,"[""planner_feasible"", ""planner_feasible"", ""planner_feasible""]",1.0,True,True,True,1.0,0.26849222333112266,,,0.032153647669474594,0.992647587666094,1.3154555326715733,20.497129703739613,1168.0,427.0,0.0,,,20.697000000002312,20.697000000002312,1.0,1.0,0.0,0.0008237108692244553,0.25258927907600076,0.8145377357165978,8.283094572757166e-05,0.0,14.624,5.8740000000000006,0.2,0.5184111990105745,0.0,,,,,,,,,,20.697000000002312,22.012455532673886,22.012455532673886,20.828545553269468,208.28545553269467,20.710154555329026,2071.0154555329027,,,,,Frozen baseline did not instrument earliest common-margin incumbent; final returned path time reported separately,1.3154555326715733,14.624000000001367,5.874000000000704,0.1990000000002432,5.874000000000704,6.336004112432944e-05,,7.599551172909891e-06,,7.091351490816404e-05,6.299984682256445e-06,4.508171410391051e-05,0.1500145127683673,0.1499923574615419,,0.2687225489935372,0
26227b24cb54fbd1ee1f9a2ff9548fd6b42ce382e7b92e4713c9a7c4eba0431e,ur5e_plane_p1_v,ur5e_plane_p1,ur5e,plane,1,v,B1,3,True,"[""planner_feasible"", ""planner_feasible"", ""planner_feasible""]",1.0,True,True,True,1.0,0.20834082533838227,31.15366290032883,,0.03215831799995309,0.9840528560016537,32.655477790671284,20.478107988971953,854.0,427.0,0.0,,,20.67800000000229,20.67800000000229,1.0,1.0,0.0,0.0008229270569893836,0.252902052990675,0.8120744331022127,8.428708343692637e-05,0.0,14.613,5.8660000000000005,0.2,0.5204262692903548,0.0,,,,,,,,,,20.67800000000229,53.33347779067357,53.33347779067357,23.943547779069416,239.43547779069416,21.004554777909,2100.4554777909,,,,,Frozen baseline did not instrument earliest common-margin incumbent; final returned path time reported separately,32.655477790671284,14.613000000001362,5.8660000000006844,0.1990000000002432,5.8660000000006844,6.533611542166584e-05,,1.2557915633065742e-05,,0.0002541794047181785,1.0063867432051869e-05,4.560964058727159e-05,0.15001070517007706,0.14999008006094128,,0.20861437600979116,0
26227b24cb54fbd1ee1f9a2ff9548fd6b42ce382e7b92e4713c9a7c4eba0431e,ur5e_plane_p1_v,ur5e_plane_p1,ur5e,plane,1,v,B2-common,3,True,"[""planner_feasible"", ""planner_feasible"", ""planner_feasible""]",1.0,True,False,True,,4.96456640267085,,20.13820745967193,0.032229105995308295,0.9953077393341422,26.732606912672054,18.685534461860552,,,,,,18.885000000000097,18.885000000000097,0.9998969098734569,0.9998969098734569,0.003000000000000013,0.0008528693500932998,0.23346253791680133,0.809772558684393,8.254488019754369e-05,0.0,13.992,4.694,0.2,0.5030090721198469,0.0,,,,,,,,,,,,,,,,,4.96456640267085,11.03355733799981,1.0,94.0,Returned densely verified graph-stage path; may upper-bound an earlier internal fitting incumbent,26.732606912672054,13.991999999999981,4.693999999999873,0.1990000000002432,,6.670093453357145e-05,0.0,5.9182227197529524e-06,"[1, 3, 5, 7, 9, 11, 13, 15, 17, 19, 21, 23, 25]",0.0003535789469018384,0.03793350764604925,0.017599484898090042,0.15040633049134317,0.1495439099185884,,4.966580377003993,13
26227b24cb54fbd1ee1f9a2ff9548fd6b42ce382e7b92e4713c9a7c4eba0431e,ur5e_plane_p1_v,ur5e_plane_p1,ur5e,plane,1,v,A1,3,True,"[""planner_feasible"", ""planner_feasible"", ""planner_feasible""]",1.0,True,True,True,,4.969091958337231,,30.418934684668784,0.03228633266310984,0.9871252676627288,37.0094231430024,20.28317397994994,,,,,,20.48300000000205,20.48300000000205,1.0,1.0,0.0,0.0008332931046667425,0.25621585906986794,0.821110444614927,8.857103865889115e-05,0.0,14.467,5.817,0.2,0.537664296560291,0.0,,,,,,,,,,20.48300000000205,57.49242314300445,57.49242314300445,24.18394231430229,241.83942314302288,20.853094231432074,2085.3094231432074,4.969091958337231,10.979182716003075,1.0,39.0,Returned densely verified graph-stage path; may upper-bound an earlier internal fitting incumbent,37.0094231430024,14.467000000001418,5.817000000000389,0.1990000000002432,5.817000000000389,6.39528549214563e-05,0.0,7.705886346215385e-06,"[1, 3, 5, 7, 9, 11, 13, 15, 17, 19, 21, 23, 25]",4.881478667943616e-05,7.631940691568037e-06,4.687821000807603e-05,0.15001431488830844,0.14999355579776288,11.010958490005578,4.976893247003318,13
26227b24cb54fbd1ee1f9a2ff9548fd6b42ce382e7b92e4713c9a7c4eba0431e,ur5e_plane_p1_v,ur5e_plane_p1,ur5e,plane,1,v,A2,3,True,"[""planner_feasible"", ""planner_feasible"", ""planner_feasible""]",1.0,True,True,True,,4.96456640267085,,,0.03206695733145656,0.9891858160020396,6.003874912338991,20.481627175497795,,,,,,20.681000000002292,20.681000000002292,1.0,1.0,0.0,0.0008248758775121864,0.2527621474037821,0.8169278214951191,9.360560543197893e-05,0.0,14.621,5.861,0.2,0.5194812931010065,0.0,,,,,,,,,,20.681000000002292,26.684874912341282,26.684874912341282,21.281387491236192,212.8138749123619,20.741038749125682,2074.1038749125682,4.96456640267085,4.96456640267085,0.0,0.0,Returned densely verified graph-stage path; may upper-bound an earlier internal fitting incumbent,6.003874912338991,14.621000000001365,5.8610000000006846,0.1990000000002432,5.8610000000006846,6.446970351711435e-05,0.0,4.860769983600077e-06,[],5.3732726643482533e-05,6.178018555694035e-06,4.510083037882946e-05,0.15001433057244548,0.14999355698964142,4.966580377003993,4.966580377003993,0
26227b24cb54fbd1ee1f9a2ff9548fd6b42ce382e7b92e4713c9a7c4eba0431e,ur5e_plane_p1_v,ur5e_plane_p1,ur5e,plane,1,v,Proposed,3,True,"[""planner_feasible"", ""planner_feasible"", ""planner_feasible""]",1.0,True,True,True,,4.96456640267085,,30.43407455800237,0.0321685700037051,0.9890191239974229,37.023569061333546,20.28317397994994,,,,,,20.48300000000205,20.48300000000205,1.0,1.0,0.0,0.0008332931046667425,0.25621585906986794,0.821110444614927,8.857103865889115e-05,0.0,14.467,5.817,0.2,0.537664296560291,0.0,,,,,,,,,,20.48300000000205,57.5065690613356,57.5065690613356,24.185356906135404,241.85356906135405,20.853235690615385,2085.3235690615384,4.96456640267085,10.942843549671428,1.0,39.0,Returned densely verified graph-stage path; may upper-bound an earlier internal fitting incumbent,37.023569061333546,14.467000000001418,5.817000000000389,0.1990000000002432,5.817000000000389,6.39528549214563e-05,0.0,7.705886346215385e-06,"[1, 3, 5, 7, 9, 11, 13, 15, 17, 19, 21, 23, 25]",4.881478667943616e-05,7.631940691568037e-06,4.687821000807603e-05,0.15001431488830844,0.14999355579776288,10.956187351010158,4.966580377003993,13
512f782109f8188da0d9abc0c832e86278e011a39690b19c4fd78abb5a46d0f5,ur5e_saddle_p0_u,ur5e_saddle_p0,ur5e,saddle,0,u,B0,3,True,"[""planner_feasible"", ""planner_feasible"", ""planner_feasible""]",1.0,True,True,True,1.0,0.21331014933336215,,,0.03332960133169157,0.9998830669986395,1.2688648189990392,19.04877767881817,870.0,419.0,0.0,,,19.24800000000054,19.24800000000054,0.9999999999999961,0.9999999999999961,0.0,0.000859844775902559,0.2855157587869395,0.8242993385521957,7.239426970218066e-05,0.0,14.999,4.05,0.2,0.48895749376728725,0.0,,,,,,,,,,19.24800000000054,20.51686481899958,20.51686481899958,19.374886481900447,193.74886481900447,19.26068864819053,1926.068864819053,,,,,Frozen baseline did not instrument earliest common-margin incumbent; final returned path time reported separately,1.2688648189990392,14.999000000000594,4.049999999999705,0.1990000000002432,4.049999999999705,5.757530316228276e-05,,9.086834393823295e-06,,6.48315378153748e-05,0.00011863709947948679,5.897982003619761e-05,0.15002298712410328,0.1499996220953943,,0.21402823099924717,0
512f782109f8188da0d9abc0c832e86278e011a39690b19c4fd78abb5a46d0f5,ur5e_saddle_p0_u,ur5e_saddle_p0,ur5e,saddle,0,u,B1,3,True,"[""planner_feasible"", ""planner_feasible"", ""planner_feasible""]",1.0,True,True,True,1.0,0.2069694323290605,31.438989398331614,,0.03327847733453382,1.0034654503348672,32.99626828133478,19.344752170635537,838.0,419.0,0.0,,,19.544000000000903,19.544000000000903,0.9999999999999961,0.9999999999999961,0.0,0.0008476780111115499,0.28129283760490775,0.82473769557263,6.847648250851712e-05,0.0,15.224,4.121,0.2,0.47422003102946597,0.0,,,,,,,,,,19.544000000000903,52.540268281335685,52.540268281335685,22.84362682813438,228.43626828134379,19.873962682814252,1987.3962682814251,,,,,Frozen baseline did not instrument earliest common-margin incumbent; final returned path time reported separately,32.99626828133478,15.224000000000945,4.1209999999997144,0.1990000000002432,4.1209999999997144,5.57052693936466e-05,,8.939527911921985e-06,,0.00034163344445062576,0.0006139041425130812,6.723610669153381e-05,0.15002111289219133,0.1499996228778323,,0.2072882319916971,0
512f782109f8188da0d9abc0c832e86278e011a39690b19c4fd78abb5a46d0f5,ur5e_saddle_p0_u,ur5e_saddle_p0,ur5e,saddle,0,u,B2-common,3,True,"[""planner_feasible"", ""planner_feasible"", ""planner_feasible""]",1.0,True,True,True,,3.6417866583166565,,31.098682650660823,0.033627472002990544,1.0105462506665692,36.56594642432174,18.067878739849153,,,,,,18.266999999999342,18.266999999999342,0.9999999999999961,0.9999999999999961,0.0,0.0008835882160443339,0.2768090394934354,0.8254209995391184,8.338547267694452e-05,0.0,14.544,3.524,0.2,0.48397366782616225,0.0,,,,,,,,,,18.266999999999342,54.83294642432108,54.83294642432108,21.923594642431517,219.23594642431516,18.63265946424256,1863.265946424256,3.6417866583166565,25.214825928982464,3.0,94.0,Returned densely verified graph-stage path; may upper-bound an earlier internal fitting incumbent,36.56594642432174,14.543999999999345,3.523999999999755,0.1990000000002432,3.523999999999755,5.7669264558335416e-05,0.0,3.2816535207036424e-06,"[1, 3, 5, 7, 9, 11, 13, 15, 17]",0.00027590950853017507,0.019586944493780647,0.007329610164619303,0.1501429115768693,0.14981847781897745,25.040372190982453,3.5999932469858322,9
512f782109f8188da0d9abc0c832e86278e011a39690b19c4fd78abb5a46d0f5,ur5e_saddle_p0_u,ur5e_saddle_p0,ur5e,saddle,0,u,A1,3,True,"[""planner_feasible"", ""planner_feasible"", ""planner_feasible""]",1.0,True,True,True,,3.6463587729861806,,27.904653120334842,0.03338576799433213,1.0024288753290118,33.28723239064857,19.074025969340862,,,,,,19.274000000000573,19.274000000000573,0.9999999999999961,0.9999999999999961,0.0,0.0008596174040921289,0.2850998331841952,0.8243882327251603,8.53779427336665e-05,0.0,15.023,4.0520000000000005,0.2,0.4880754458555848,0.0,,,,,,,,,,19.274000000000573,52.56123239064914,52.56123239064914,22.60272323906543,226.0272323906543,19.60687232390706,1960.687232390706,3.6463587729861806,3.6463587729861806,0.0,27.0,Returned densely verified graph-stage path; may upper-bound an earlier internal fitting incumbent,33.28723239064857,15.023000000000623,4.0519999999997065,0.1990000000002432,4.0519999999997065,5.6402236107594426e-05,0.0,1.3126445082001226e-05,[],5.227134576120528e-05,7.390511479655053e-05,4.3646620366406834e-05,0.1500178863669053,0.1499925615360216,3.6033052309940103,3.6033052309940103,0
512f782109f8188da0d9abc0c832e86278e011a39690b19c4fd78abb5a46d0f5,ur5e_saddle_p0_u,ur5e_saddle_p0,ur5e,saddle,0,u,A2,3,True,"[""planner_feasible"", ""planner_feasible"", ""planner_feasible""]",1.0,True,True,True,,3.6417866583166565,,,0.03338697233508962,1.0025029483319183,4.69761964531305,19.074025969340862,,,,,,19.274000000000573,19.274000000000573,0.9999999999999961,0.9999999999999961,0.0,0.0008596174040921289,0.2850998331841952,0.8243882327251603,8.53779427336665e-05,0.0,15.023,4.0520000000000005,0.2,0.4880754458555848,0.0,,,,,,,,,,19.274000000000573,23.971619645313623,23.971619645313623,19.743761964531878,197.43761964531876,19.320976196453703,1932.0976196453703,3.6417866583166565,3.6417866583166565,0.0,0.0,Returned densely verified graph-stage path; may upper-bound an earlier internal fitting incumbent,4.69761964531305,15.023000000000623,4.0519999999997065,0.1990000000002432,4.0519999999997065,5.6402236107594426e-05,0.0,1.3126445082001226e-05,[],5.227134576120528e-05,7.390511479655053e-05,4.3646620366406834e-05,0.1500178863669053,0.1499925615360216,3.5999932469858322,3.5999932469858322,0
512f782109f8188da0d9abc0c832e86278e011a39690b19c4fd78abb5a46d0f5,ur5e_saddle_p0_u,ur5e_saddle_p0,ur5e,saddle,0,u,Proposed,3,True,"[""planner_feasible"", ""planner_feasible"", ""planner_feasible""]",1.0,True,True,True,,3.6417866583166565,,28.347919073998735,0.03356294367404189,1.0042271593313974,33.700437371982844,19.074025969340862,,,,,,19.274000000000573,19.274000000000573,0.9999999999999961,0.9999999999999961,0.0,0.0008596174040921289,0.2850998331841952,0.8243882327251603,8.53779427336665e-05,0.0,15.023,4.0520000000000005,0.2,0.4880754458555848,0.0,,,,,,,,,,19.274000000000573,52.97443737198341,52.97443737198341,22.644043737198857,226.44043737198857,19.6110043737204,1961.1004373720402,3.6417866583166565,3.6417866583166565,0.0,27.0,Returned densely verified graph-stage path; may upper-bound an earlier internal fitting incumbent,33.700437371982844,15.023000000000623,4.0519999999997065,0.1990000000002432,4.0519999999997065,5.6402236107594426e-05,0.0,1.3126445082001226e-05,[],5.227134576120528e-05,7.390511479655053e-05,4.3646620366406834e-05,0.1500178863669053,0.1499925615360216,3.5999932469858322,3.5999932469858322,0
36b3d3486fc1b60616750c9293d770932ac4609219d8fed3920864fd4b552a68,ur5e_saddle_p0_v,ur5e_saddle_p0,ur5e,saddle,0,v,B0,3,True,"[""planner_feasible"", ""planner_feasible"", ""planner_feasible""]",1.0,True,True,True,1.0,0.35676899933120393,,,0.03354729099373799,1.007301954329402,1.4355184333301925,20.101814062143163,1572.0,427.0,0.0,,,20.301000000001828,20.301000000001828,0.9999999999999961,0.9999999999999961,0.0,0.0008904394000924024,0.4506670253304393,0.8527671120903632,0.00010313442047996113,0.0,14.216000000000001,5.886,0.2,0.7467218396178379,0.0,,,,,,,,,,20.301000000001828,21.73651843333202,21.73651843333202,20.444551843334846,204.44551843334847,20.31535518433513,2031.5355184335128,,,,,Frozen baseline did not instrument earliest common-margin incumbent; final returned path time reported separately,1.4355184333301925,14.216000000001353,5.886000000000232,0.1990000000002432,5.886000000000232,7.774699790759343e-05,,5.497222138828306e-06,,7.450456533022314e-05,0.00043645636682163524,0.00019722036457931993,0.15013273214271297,0.1499259120951684,,0.35306555600254796,0
36b3d3486fc1b60616750c9293d770932ac4609219d8fed3920864fd4b552a68,ur5e_saddle_p0_v,ur5e_saddle_p0,ur5e,saddle,0,v,B1,3,True,"[""planner_feasible"", ""planner_feasible"", ""planner_feasible""]",1.0,True,True,True,1.0,0.21048039366238905,30.6372387563315,,0.03356627967150416,1.0067863626609324,32.203277120332736,20.179441836439008,854.0,427.0,0.0,,,20.379000000001923,20.379000000001923,0.9999999999999961,0.9999999999999961,0.0,0.0008872397404337132,0.4493272575891009,0.8460528370160137,9.240192799050972e-05,0.0,14.267,5.913,0.2,0.7418626841704313,0.0,,,,,,,,,,20.379000000001923,52.58227712033466,52.58227712033466,23.599327712035198,235.993277120352,20.701032771205252,2070.103277120525,,,,,Frozen baseline did not instrument earliest common-margin incumbent; final returned path time reported separately,32.203277120332736,14.267000000001335,5.913000000000345,0.1990000000002432,5.913000000000345,7.682477090490969e-05,,7.407763480182794e-06,,0.00021502885208848216,0.0005711397821012459,0.00022434158468081502,0.15015796593958108,0.14993416484588173,,0.21154523000586778,0
36b3d3486fc1b60616750c9293d770932ac4609219d8fed3920864fd4b552a68,ur5e_saddle_p0_v,ur5e_saddle_p0,ur5e,saddle,0,v,B2-common,3,True,"[""planner_feasible"", ""planner_feasible"", ""planner_feasible""]",1.0,True,True,True,,5.087109313661737,,30.303173770667247,0.03343666666478384,1.0054476549945928,37.26950231832355,18.9436120752138,,,,,,19.143000000000413,19.143000000000413,0.9999999999999961,0.9999999999999961,0.0,0.0008861637307253143,0.38034795820139433,0.8290364979363816,9.359751191645449e-05,0.0,13.846,5.098,0.2,0.6812314756888874,0.0,,,,,,,,,,19.143000000000413,56.412502318323966,56.412502318323966,22.869950231832767,228.6995023183277,19.51569502318365,1951.569502318365,5.087109313661737,32.12500737899487,8.0,94.0,Returned densely verified graph-stage path; may upper-bound an earlier internal fitting incumbent,37.26950231832355,13.846000000000265,5.097999999999905,0.1990000000002432,5.097999999999905,7.875066368079262e-05,0.0,6.395336114795036e-06,"[1, 3, 5, 7, 9, 11, 13, 15, 17, 19, 21, 23, 25]",0.00048632296889796096,0.060766817627078355,0.05021542630304495,0.15054387082126475,0.14961343372113167,32.059139625998796,5.06274852900242,13
36b3d3486fc1b60616750c9293d770932ac4609219d8fed3920864fd4b552a68,ur5e_saddle_p0_v,ur5e_saddle_p0,ur5e,saddle,0,v,A1,3,True,"[""planner_feasible"", ""planner_feasible"", ""planner_feasible""]",1.0,True,True,True,,5.0852007183226915,,29.54674014566505,0.03371412966225762,1.0019515983294696,36.27683448598933,20.10311903850117,,,,,,20.30300000000183,20.30300000000183,0.9999999999999961,0.9999999999999961,0.0,0.0008901216474156712,0.45054733500738003,0.8537143778522456,9.687186611956333e-05,0.0,14.224,5.88,0.2,0.7464587986694523,0.0,,,,,,,,,,20.30300000000183,56.579834485991164,56.579834485991164,23.930683448600764,239.30683448600763,20.665768344861725,2066.5768344861726,5.0852007183226915,5.0852007183226915,0.0,39.0,Returned densely verified graph-stage path; may upper-bound an earlier internal fitting incumbent,36.27683448598933,14.224000000001354,5.8800000000002335,0.1990000000002432,5.8800000000002335,7.980211260973438e-05,0.0,9.17619101026279e-06,[],7.690251610908836e-05,0.0004291466899122703,0.00020063733915134686,0.15013235422333054,0.1499269922167337,5.048927433992503,5.048927433992503,0
36b3d3486fc1b60616750c9293d770932ac4609219d8fed3920864fd4b552a68,ur5e_saddle_p0_v,ur5e_saddle_p0,ur5e,saddle,0,v,A2,3,True,"[""planner_feasible"", ""planner_feasible"", ""planner_feasible""]",1.0,True,True,True,,5.087109313661737,,,0.03396112233652578,1.010905282998768,6.152191171994976,20.10311903850117,,,,,,20.30300000000183,20.30300000000183,0.9999999999999961,0.9999999999999961,0.0,0.0008901216474156712,0.45054733500738003,0.8537143778522456,9.687186611956333e-05,0.0,14.224,5.88,0.2,0.7464587986694523,0.0,,,,,,,,,,20.30300000000183,26.455191171996805,26.455191171996805,20.91821911720133,209.1821911720133,20.36452191172178,2036.4521911721781,5.087109313661737,5.087109313661737,0.0,0.0,Returned densely verified graph-stage path; may upper-bound an earlier internal fitting incumbent,6.152191171994976,14.224000000001354,5.8800000000002335,0.1990000000002432,5.8800000000002335,7.980211260973438e-05,0.0,9.17619101026279e-06,[],7.690251610908836e-05,0.0004291466899122703,0.00020063733915134686,0.15013235422333054,0.1499269922167337,5.06274852900242,5.06274852900242,0
36b3d3486fc1b60616750c9293d770932ac4609219d8fed3920864fd4b552a68,ur5e_saddle_p0_v,ur5e_saddle_p0,ur5e,saddle,0,v,Proposed,3,True,"[""planner_feasible"", ""planner_feasible"", ""planner_feasible""]",1.0,True,True,True,,5.087109313661737,,29.610741267994552,0.033845610339388564,1.0036695526650874,36.351673123329725,20.10311903850117,,,,,,20.30300000000183,20.30300000000183,0.9999999999999961,0.9999999999999961,0.0,0.0008901216474156712,0.45054733500738003,0.8537143778522456,9.687186611956333e-05,0.0,14.224,5.88,0.2,0.7464587986694523,0.0,,,,,,,,,,20.30300000000183,56.654673123331555,56.654673123331555,23.9381673123348,239.381673123348,20.666516731235127,2066.651673123513,5.087109313661737,5.087109313661737,0.0,39.0,Returned densely verified graph-stage path; may upper-bound an earlier internal fitting incumbent,36.351673123329725,14.224000000001354,5.8800000000002335,0.1990000000002432,5.8800000000002335,7.980211260973438e-05,0.0,9.17619101026279e-06,[],7.690251610908836e-05,0.0004291466899122703,0.00020063733915134686,0.15013235422333054,0.1499269922167337,5.06274852900242,5.06274852900242,0
131c413eea68307c7e2869678e592255d46b9ff65ebdafcb0874ee15554f5ed5,ur5e_saddle_p1_u,ur5e_saddle_p1,ur5e,saddle,1,u,B0,3,True,"[""planner_feasible"", ""planner_feasible"", ""planner_feasible""]",1.0,True,True,True,1.0,0.21053937099835215,,,0.03380578967335168,1.0011309006658848,1.2675510066619609,19.386813807298644,862.0,419.0,0.0,,,19.586000000000954,19.586000000000954,0.9999999999999961,0.9999999999999961,0.0,0.0008396112071100159,0.270628042272693,0.8234389076782671,6.604954150862818e-05,0.0,15.319,4.0680000000000005,0.2,0.4633318624022875,0.0,,,,,,,,,,19.586000000000954,20.853551006662915,20.853551006662915,19.71275510066715,197.1275510066715,19.598675510067572,1959.8675510067571,,,,,Frozen baseline did not instrument earliest common-margin incumbent; final returned path time reported separately,1.2675510066619609,15.319000000001004,4.0679999999997065,0.1990000000002432,4.0679999999997065,5.3834259453355854e-05,,8.430793560165739e-06,,6.036371625057567e-05,0.00011690575228230379,5.429345386531553e-05,0.15002293964456534,0.1499996019444663,,0.20965508600056637,0
131c413eea68307c7e2869678e592255d46b9ff65ebdafcb0874ee15554f5ed5,ur5e_saddle_p1_u,ur5e_saddle_p1,ur5e,saddle,1,u,B1,3,True,"[""planner_feasible"", ""planner_feasible"", ""planner_feasible""]",1.0,True,True,True,1.0,0.20559787900128867,30.928787571004552,,0.03438048200041521,1.005805004669431,32.49918204833617,19.356246075215296,838.0,419.0,0.0,,,19.556000000000918,19.556000000000918,0.9999999999999961,0.9999999999999961,0.0,0.0008424887513149613,0.27104284254174565,0.8234507535373204,7.639617565047274e-05,0.0,15.295,4.062,0.2,0.46794887228490006,0.0,,,,,,,,,,19.556000000000918,52.05518204833709,52.05518204833709,22.805918204834533,228.05918204834535,19.88099182048428,1988.099182048428,,,,,Frozen baseline did not instrument earliest common-margin incumbent; final returned path time reported separately,32.49918204833617,15.295000000000952,4.061999999999723,0.1990000000002432,4.061999999999723,5.353818536700806e-05,,1.1425108499718561e-05,,0.00034231489264864026,0.0006159996283337399,5.982759992662217e-05,0.15002106173970586,0.14999959738320218,,0.20456514100078493,0
131c413eea68307c7e2869678e592255d46b9ff65ebdafcb0874ee15554f5ed5,ur5e_saddle_p1_u,ur5e_saddle_p1,ur5e,saddle,1,u,B2-common,3,True,"[""planner_feasible"", ""planner_feasible"", ""planner_feasible""]",1.0,True,True,True,,3.800285002003269,,30.924713817662752,0.033980102326798566,1.001062426667583,36.478197057003854,17.402963497099012,,,,,,17.60199999999853,17.60199999999853,0.9999473785965071,0.9999473785965071,0.001006821235373981,0.0008847947648026296,0.2615217097368592,0.8328475464076617,7.674240367250285e-05,0.0,14.323,3.08,0.2,0.4658212890348407,0.0,,,,,,,,,,17.60199999999853,54.08019705700238,54.08019705700238,21.249819705698915,212.49819705698914,17.96678197056857,1796.6781970568568,3.800285002003269,10.397263349329782,1.0,94.0,Returned densely verified graph-stage path; may upper-bound an earlier internal fitting incumbent,36.478197057003854,14.322999999999073,3.0799999999992127,0.1990000000002432,3.0799999999992127,5.978562944426444e-05,0.0,8.524078792149226e-06,"[1, 3, 5, 7, 9, 11, 13, 15, 17]",0.0002791503138020422,0.032799696219221366,0.008810560650118423,0.1504438198422353,0.14951020301104348,10.413176865011337,3.798598204011796,9
131c413eea68307c7e2869678e592255d46b9ff65ebdafcb0874ee15554f5ed5,ur5e_saddle_p1_u,ur5e_saddle_p1,ur5e,saddle,1,u,A1,3,True,"[""planner_feasible"", ""planner_feasible"", ""planner_feasible""]",1.0,True,True,True,,3.802029176003998,,26.497525501671287,0.033615277667801514,0.9956941516672183,32.009098010671245,19.386848677391185,,,,,,19.586000000000954,19.586000000000954,0.9999999999999961,0.9999999999999961,0.0,0.0008399379523382385,0.27054818851489776,0.8238122220597246,6.632493325120503e-05,0.0,15.325000000000001,4.062,0.2,0.46544609627505695,0.0,,,,,,,,,,19.586000000000954,51.5950980106722,51.5950980106722,22.786909801068077,227.86909801068077,19.906090980107667,1990.6090980107667,3.802029176003998,3.802029176003998,0.0,27.0,Returned densely verified graph-stage path; may upper-bound an earlier internal fitting incumbent,32.009098010671245,15.325000000001001,4.061999999999709,0.1990000000002432,4.061999999999709,5.486537837638278e-05,0.0,8.240141863957717e-06,[],4.9284715614259424e-05,6.910123468517383e-05,4.108177445607046e-05,0.1500173736422778,0.14999284649438802,3.804953579005087,3.804953579005087,0
131c413eea68307c7e2869678e592255d46b9ff65ebdafcb0874ee15554f5ed5,ur5e_saddle_p1_u,ur5e_saddle_p1,ur5e,saddle,1,u,A2,3,True,"[""planner_feasible"", ""planner_feasible"", ""planner_feasible""]",1.0,True,True,True,,3.800285002003269,,,0.03371919166723577,0.9982211873284541,4.852218533002694,19.386848677391185,,,,,,19.586000000000954,19.586000000000954,0.9999999999999961,0.9999999999999961,0.0,0.0008399379523382385,0.27054818851489776,0.8238122220597246,6.632493325120503e-05,0.0,15.325000000000001,4.062,0.2,0.46544609627505695,0.0,,,,,,,,,,19.586000000000954,24.43821853300365,24.43821853300365,20.071221853301225,200.71221853301225,19.63452218533098,1963.452218533098,3.800285002003269,3.800285002003269,0.0,0.0,Returned densely verified graph-stage path; may upper-bound an earlier internal fitting incumbent,4.852218533002694,15.325000000001001,4.061999999999709,0.1990000000002432,4.061999999999709,5.486537837638278e-05,0.0,8.240141863957717e-06,[],4.9284715614259424e-05,6.910123468517383e-05,4.108177445607046e-05,0.1500173736422778,0.14999284649438802,3.798598204011796,3.798598204011796,0
131c413eea68307c7e2869678e592255d46b9ff65ebdafcb0874ee15554f5ed5,ur5e_saddle_p1_u,ur5e_saddle_p1,ur5e,saddle,1,u,Proposed,3,True,"[""planner_feasible"", ""planner_feasible"", ""planner_feasible""]",1.0,True,True,True,,3.800285002003269,,26.33489186966229,0.034214145668859906,0.9953388696691642,31.86628744933599,19.386848677391185,,,,,,19.586000000000954,19.586000000000954,0.9999999999999961,0.9999999999999961,0.0,0.0008399379523382385,0.27054818851489776,0.8238122220597246,6.632493325120503e-05,0.0,15.325000000000001,4.062,0.2,0.46544609627505695,0.0,,,,,,,,,,19.586000000000954,51.45228744933694,51.45228744933694,22.772628744934554,227.72628744934553,19.904662874494313,1990.4662874494313,3.800285002003269,3.800285002003269,0.0,27.0,Returned densely verified graph-stage path; may upper-bound an earlier internal fitting incumbent,31.86628744933599,15.325000000001001,4.061999999999709,0.1990000000002432,4.061999999999709,5.486537837638278e-05,0.0,8.240141863957717e-06,[],4.9284715614259424e-05,6.910123468517383e-05,4.108177445607046e-05,0.1500173736422778,0.14999284649438802,3.798598204011796,3.798598204011796,0
88778a5202fca058c5e99dc6c571ebc77b922de005dac1eb6c79648bfb8c2dc8,ur5e_saddle_p1_v,ur5e_saddle_p1,ur5e,saddle,1,v,B0,3,True,"[""planner_feasible"", ""planner_feasible"", ""planner_feasible""]",1.0,True,True,True,1.0,0.3495392363353555,,,0.03406376733619254,1.0089777306663261,1.4171443423304784,20.3946047421798,1568.0,427.0,0.0,,,20.594000000002186,20.594000000002186,0.9999999999999961,0.9999999999999961,0.0,0.000864059776823916,0.4074598064641106,0.8180385763127317,9.00656973694125e-05,0.0,14.482000000000001,5.913,0.2,0.7108929303182244,0.0,,,,,,,,,,20.594000000002186,22.011144342332663,22.011144342332663,20.735714434235234,207.35714434235234,20.60817144342549,2060.817144342549,,,,,Frozen baseline did not instrument earliest common-margin incumbent; final returned path time reported separately,1.4171443423304784,14.482000000001312,5.913000000000629,0.1990000000002432,5.913000000000629,7.33060314160129e-05,,1.1556643480459261e-05,,7.930509317771726e-05,0.00035336381592699175,0.00020256188748439476,0.15011771070883131,0.14993705720124254,,0.34980266900674906,0
88778a5202fca058c5e99dc6c571ebc77b922de005dac1eb6c79648bfb8c2dc8,ur5e_saddle_p1_v,ur5e_saddle_p1,ur5e,saddle,1,v,B1,3,True,"[""planner_feasible"", ""planner_feasible"", ""planner_feasible""]",1.0,True,True,True,1.0,0.2096727729998141,30.97585724700184,,0.033950411331413,1.000192594670807,32.53398526800447,20.985147920329393,854.0,427.0,0.0,,,21.18500000000291,21.18500000000291,0.9999999999999961,0.9999999999999961,0.0,0.0008499411288398292,0.4025418985392132,0.8222719628833453,9.538973413159013e-05,0.0,14.91,6.0760000000000005,0.2,0.6800241752049655,0.0,,,,,,,,,,21.18500000000291,53.71898526800738,53.71898526800738,24.438398526803354,244.38398526803354,21.510339852682954,2151.0339852682955,,,,,Frozen baseline did not instrument earliest common-margin incumbent; final returned path time reported separately,32.53398526800447,14.91000000000194,6.076000000000725,0.1990000000002432,6.076000000000725,6.973969258953355e-05,,8.231169808192718e-06,,0.0009405801168142335,0.0022253240986086233,0.001948882351937225,0.1502404666291771,0.14958336946282655,,0.20992286899127066,0
88778a5202fca058c5e99dc6c571ebc77b922de005dac1eb6c79648bfb8c2dc8,ur5e_saddle_p1_v,ur5e_saddle_p1,ur5e,saddle,1,v,B2-common,3,True,"[""planner_feasible"", ""planner_feasible"", ""planner_feasible""]",1.0,True,True,True,,4.272919738990216,,30.78490657833269,0.034191135991325915,1.0154419376679773,36.80263000699051,18.84925042406307,,,,,,19.049000000000298,19.049000000000298,0.9999999999999961,0.9999999999999961,0.0,0.0008893862428550471,0.3556402864855616,0.8528725677971565,9.229492682211182e-05,0.0,13.759,5.091,0.2,0.6933796676200518,0.0,,,,,,,,,,19.049000000000298,55.85163000699081,55.85163000699081,22.729263000699348,227.29263000699348,19.4170263000702,1941.7026300070202,4.272919738990216,31.771874542323832,3.0,94.0,Returned densely verified graph-stage path; may upper-bound an earlier internal fitting incumbent,36.80263000699051,13.759000000000114,5.090999999999939,0.1990000000002432,5.090999999999939,7.879351907477145e-05,0.0,8.489895404195646e-06,"[1, 3, 5, 7, 9, 11, 13, 15, 17, 19, 21, 23, 25]",0.0009741687710253993,0.058048781578305356,0.03906695514398446,0.15035562770351318,0.14971828615916918,31.64825119500165,4.250896630997886,13
88778a5202fca058c5e99dc6c571ebc77b922de005dac1eb6c79648bfb8c2dc8,ur5e_saddle_p1_v,ur5e_saddle_p1,ur5e,saddle,1,v,A1,3,True,"[""planner_feasible"", ""planner_feasible"", ""planner_feasible""]",1.0,True,True,True,,4.272680895664962,,22.04670300866807,0.033982366003328934,1.0078699350027212,27.965649142997183,20.274643929286146,,,,,,20.47400000000204,20.47400000000204,0.9999999999999961,0.9999999999999961,0.0,0.0008694734141532293,0.40986146275797136,0.8184668722471794,9.695639039013215e-05,0.0,14.401,5.8740000000000006,0.2,0.7192720611875273,0.0,,,,,,,,,,20.47400000000204,48.43964914299922,48.43964914299922,23.270564914301758,232.70564914301758,20.75365649143201,2075.365649143201,4.272680895664962,4.272680895664962,0.0,39.0,Returned densely verified graph-stage path; may upper-bound an earlier internal fitting incumbent,27.965649142997183,14.401000000001336,5.874000000000461,0.1990000000002432,5.874000000000461,7.355111226745869e-05,0.0,1.1400563807661968e-05,[],7.593933306769672e-05,0.0003459548110957297,0.00020448108317209907,0.1501168235525594,0.14993757300249955,4.253093742998317,4.253093742998317,0
88778a5202fca058c5e99dc6c571ebc77b922de005dac1eb6c79648bfb8c2dc8,ur5e_saddle_p1_v,ur5e_saddle_p1,ur5e,saddle,1,v,A2,3,True,"[""planner_feasible"", ""planner_feasible"", ""planner_feasible""]",1.0,True,True,True,,4.272919738990216,,,0.0339369583283163,1.0046328729998397,5.331588776995583,20.274643929286146,,,,,,20.47400000000204,20.47400000000204,0.9999999999999961,0.9999999999999961,0.0,0.0008694734141532293,0.40986146275797136,0.8184668722471794,9.695639039013215e-05,0.0,14.401,5.8740000000000006,0.2,0.7192720611875273,0.0,,,,,,,,,,20.47400000000204,25.805588776997624,25.805588776997624,21.0071588777016,210.071588777016,20.527315887771994,2052.7315887771992,4.272919738990216,4.272919738990216,0.0,0.0,Returned densely verified graph-stage path; may upper-bound an earlier internal fitting incumbent,5.331588776995583,14.401000000001336,5.874000000000461,0.1990000000002432,5.874000000000461,7.355111226745869e-05,0.0,1.1400563807661968e-05,[],7.593933306769672e-05,0.0003459548110957297,0.00020448108317209907,0.1501168235525594,0.14993757300249955,4.250896630997886,4.250896630997886,0
88778a5202fca058c5e99dc6c571ebc77b922de005dac1eb6c79648bfb8c2dc8,ur5e_saddle_p1_v,ur5e_saddle_p1,ur5e,saddle,1,v,Proposed,3,True,"[""planner_feasible"", ""planner_feasible"", ""planner_feasible""]",1.0,True,True,True,,4.272919738990216,,21.902520726337873,0.03392134066477107,1.0011009696657613,27.809510915991268,20.274643929286146,,,,,,20.47400000000204,20.47400000000204,0.9999999999999961,0.9999999999999961,0.0,0.0008694734141532293,0.40986146275797136,0.8184668722471794,9.695639039013215e-05,0.0,14.401,5.8740000000000006,0.2,0.7192720611875273,0.0,,,,,,,,,,20.47400000000204,48.283510915993304,48.283510915993304,23.254951091601168,232.54951091601168,20.752095109161953,2075.209510916195,4.272919738990216,4.272919738990216,0.0,39.0,Returned densely verified graph-stage path; may upper-bound an earlier internal fitting incumbent,27.809510915991268,14.401000000001336,5.874000000000461,0.1990000000002432,5.874000000000461,7.355111226745869e-05,0.0,1.1400563807661968e-05,[],7.593933306769672e-05,0.0003459548110957297,0.00020448108317209907,0.1501168235525594,0.14993757300249955,4.250896630997886,4.250896630997886,0
