robot,trajectory_uid,selection_rule,family,frame,time_seconds,method,method_label,route,latency_ms,function_evaluations,accepted,fallback_used
panda,2dd05a450d9447c19712bc3e8a88fdb266a7c0dfd1f532100a67ca6da3441321,first frozen-order trajectory gained by CG-HIK versus hard entry,regular_near_singular_regular,0,0.0,fixed_robust_cascade,Fixed robust cascade,easy,1.315066,1,True,False
panda,2dd05a450d9447c19712bc3e8a88fdb266a7c0dfd1f532100a67ca6da3441321,first frozen-order trajectory gained by CG-HIK versus hard entry,regular_near_singular_regular,1,0.02,fixed_robust_cascade,Fixed robust cascade,easy,1.271242,1,True,False
panda,2dd05a450d9447c19712bc3e8a88fdb266a7c0dfd1f532100a67ca6da3441321,first frozen-order trajectory gained by CG-HIK versus hard entry,regular_near_singular_regular,2,0.04,fixed_robust_cascade,Fixed robust cascade,easy,1.616202,3,True,False
panda,2dd05a450d9447c19712bc3e8a88fdb266a7c0dfd1f532100a67ca6da3441321,first frozen-order trajectory gained by CG-HIK versus hard entry,regular_near_singular_regular,3,0.06,fixed_robust_cascade,Fixed robust cascade,easy,1.292647,1,True,False
panda,2dd05a450d9447c19712bc3e8a88fdb266a7c0dfd1f532100a67ca6da3441321,first frozen-order trajectory gained by CG-HIK versus hard entry,regular_near_singular_regular,4,0.08,fixed_robust_cascade,Fixed robust cascade,easy,1.254715,1,True,False
panda,2dd05a450d9447c19712bc3e8a88fdb266a7c0dfd1f532100a67ca6da3441321,first frozen-order trajectory gained by CG-HIK versus hard entry,regular_near_singular_regular,5,0.1,fixed_robust_cascade,Fixed robust cascade,easy,1.287838,1,True,False
panda,2dd05a450d9447c19712bc3e8a88fdb266a7c0dfd1f532100a67ca6da3441321,first frozen-order trajectory gained by CG-HIK versus hard entry,regular_near_singular_regular,6,0.12,fixed_robust_cascade,Fixed robust cascade,easy,1.282887,1,True,False
panda,2dd05a450d9447c19712bc3e8a88fdb266a7c0dfd1f532100a67ca6da3441321,first frozen-order trajectory gained by CG-HIK versus hard entry,regular_near_singular_regular,7,0.14,fixed_robust_cascade,Fixed robust cascade,easy,1.266311,1,True,False
panda,2dd05a450d9447c19712bc3e8a88fdb266a7c0dfd1f532100a67ca6da3441321,first frozen-order trajectory gained by CG-HIK versus hard entry,regular_near_singular_regular,8,0.16,fixed_robust_cascade,Fixed robust cascade,easy,1.28288,1,True,False
panda,2dd05a450d9447c19712bc3e8a88fdb266a7c0dfd1f532100a67ca6da3441321,first frozen-order trajectory gained by CG-HIK versus hard entry,regular_near_singular_regular,9,0.18,fixed_robust_cascade,Fixed robust cascade,easy,1.281189,1,True,False
panda,2dd05a450d9447c19712bc3e8a88fdb266a7c0dfd1f532100a67ca6da3441321,first frozen-order trajectory gained by CG-HIK versus hard entry,regular_near_singular_regular,10,0.2,fixed_robust_cascade,Fixed robust cascade,easy,1.622097,3,True,False
panda,2dd05a450d9447c19712bc3e8a88fdb266a7c0dfd1f532100a67ca6da3441321,first frozen-order trajectory gained by CG-HIK versus hard entry,regular_near_singular_regular,11,0.22,fixed_robust_cascade,Fixed robust cascade,easy,1.410112,1,True,False
panda,2dd05a450d9447c19712bc3e8a88fdb266a7c0dfd1f532100a67ca6da3441321,first frozen-order trajectory gained by CG-HIK versus hard entry,regular_near_singular_regular,12,0.24,fixed_robust_cascade,Fixed robust cascade,easy,1.648992,3,True,False
panda,2dd05a450d9447c19712bc3e8a88fdb266a7c0dfd1f532100a67ca6da3441321,first frozen-order trajectory gained by CG-HIK versus hard entry,regular_near_singular_regular,13,0.26,fixed_robust_cascade,Fixed robust cascade,easy,1.273225,1,True,False
panda,2dd05a450d9447c19712bc3e8a88fdb266a7c0dfd1f532100a67ca6da3441321,first frozen-order trajectory gained by CG-HIK versus hard entry,regular_near_singular_regular,14,0.28,fixed_robust_cascade,Fixed robust cascade,easy,1.301238,1,True,False
panda,2dd05a450d9447c19712bc3e8a88fdb266a7c0dfd1f532100a67ca6da3441321,first frozen-order trajectory gained by CG-HIK versus hard entry,regular_near_singular_regular,15,0.3,fixed_robust_cascade,Fixed robust cascade,easy,1.430758,1,True,False
panda,2dd05a450d9447c19712bc3e8a88fdb266a7c0dfd1f532100a67ca6da3441321,first frozen-order trajectory gained by CG-HIK versus hard entry,regular_near_singular_regular,16,0.32,fixed_robust_cascade,Fixed robust cascade,easy,1.354008,1,True,False
panda,2dd05a450d9447c19712bc3e8a88fdb266a7c0dfd1f532100a67ca6da3441321,first frozen-order trajectory gained by CG-HIK versus hard entry,regular_near_singular_regular,17,0.34,fixed_robust_cascade,Fixed robust cascade,easy,1.295732,1,True,False
panda,2dd05a450d9447c19712bc3e8a88fdb266a7c0dfd1f532100a67ca6da3441321,first frozen-order trajectory gained by CG-HIK versus hard entry,regular_near_singular_regular,18,0.36,fixed_robust_cascade,Fixed robust cascade,easy,1.293643,1,True,False
panda,2dd05a450d9447c19712bc3e8a88fdb266a7c0dfd1f532100a67ca6da3441321,first frozen-order trajectory gained by CG-HIK versus hard entry,regular_near_singular_regular,19,0.38,fixed_robust_cascade,Fixed robust cascade,easy,1.611057,3,True,False
panda,2dd05a450d9447c19712bc3e8a88fdb266a7c0dfd1f532100a67ca6da3441321,first frozen-order trajectory gained by CG-HIK versus hard entry,regular_near_singular_regular,20,0.4,fixed_robust_cascade,Fixed robust cascade,easy,3.13093,13,True,False
panda,2dd05a450d9447c19712bc3e8a88fdb266a7c0dfd1f532100a67ca6da3441321,first frozen-order trajectory gained by CG-HIK versus hard entry,regular_near_singular_regular,21,0.42,fixed_robust_cascade,Fixed robust cascade,easy,3.167478,13,True,False
panda,2dd05a450d9447c19712bc3e8a88fdb266a7c0dfd1f532100a67ca6da3441321,first frozen-order trajectory gained by CG-HIK versus hard entry,regular_near_singular_regular,22,0.44,fixed_robust_cascade,Fixed robust cascade,easy,3.135806,13,True,False
panda,2dd05a450d9447c19712bc3e8a88fdb266a7c0dfd1f532100a67ca6da3441321,first frozen-order trajectory gained by CG-HIK versus hard entry,regular_near_singular_regular,23,0.46,fixed_robust_cascade,Fixed robust cascade,easy,3.120816,13,True,False
panda,2dd05a450d9447c19712bc3e8a88fdb266a7c0dfd1f532100a67ca6da3441321,first frozen-order trajectory gained by CG-HIK versus hard entry,regular_near_singular_regular,24,0.48,fixed_robust_cascade,Fixed robust cascade,easy,3.1142,13,True,False
panda,2dd05a450d9447c19712bc3e8a88fdb266a7c0dfd1f532100a67ca6da3441321,first frozen-order trajectory gained by CG-HIK versus hard entry,regular_near_singular_regular,25,0.5,fixed_robust_cascade,Fixed robust cascade,easy,3.123615,13,True,False
panda,2dd05a450d9447c19712bc3e8a88fdb266a7c0dfd1f532100a67ca6da3441321,first frozen-order trajectory gained by CG-HIK versus hard entry,regular_near_singular_regular,26,0.52,fixed_robust_cascade,Fixed robust cascade,easy,3.233057,13,True,False
panda,2dd05a450d9447c19712bc3e8a88fdb266a7c0dfd1f532100a67ca6da3441321,first frozen-order trajectory gained by CG-HIK versus hard entry,regular_near_singular_regular,27,0.54,fixed_robust_cascade,Fixed robust cascade,easy,3.144364,13,True,False
panda,2dd05a450d9447c19712bc3e8a88fdb266a7c0dfd1f532100a67ca6da3441321,first frozen-order trajectory gained by CG-HIK versus hard entry,regular_near_singular_regular,28,0.56,fixed_robust_cascade,Fixed robust cascade,easy,3.171174,13,True,False
panda,2dd05a450d9447c19712bc3e8a88fdb266a7c0dfd1f532100a67ca6da3441321,first frozen-order trajectory gained by CG-HIK versus hard entry,regular_near_singular_regular,29,0.58,fixed_robust_cascade,Fixed robust cascade,easy,3.145178,13,True,False
panda,2dd05a450d9447c19712bc3e8a88fdb266a7c0dfd1f532100a67ca6da3441321,first frozen-order trajectory gained by CG-HIK versus hard entry,regular_near_singular_regular,30,0.6,fixed_robust_cascade,Fixed robust cascade,easy,3.154652,13,True,False
panda,2dd05a450d9447c19712bc3e8a88fdb266a7c0dfd1f532100a67ca6da3441321,first frozen-order trajectory gained by CG-HIK versus hard entry,regular_near_singular_regular,31,0.62,fixed_robust_cascade,Fixed robust cascade,easy,3.140648,13,True,False
panda,2dd05a450d9447c19712bc3e8a88fdb266a7c0dfd1f532100a67ca6da3441321,first frozen-order trajectory gained by CG-HIK versus hard entry,regular_near_singular_regular,32,0.64,fixed_robust_cascade,Fixed robust cascade,easy,3.163994,13,True,False
panda,2dd05a450d9447c19712bc3e8a88fdb266a7c0dfd1f532100a67ca6da3441321,first frozen-order trajectory gained by CG-HIK versus hard entry,regular_near_singular_regular,33,0.66,fixed_robust_cascade,Fixed robust cascade,easy,3.277235,13,True,False
panda,2dd05a450d9447c19712bc3e8a88fdb266a7c0dfd1f532100a67ca6da3441321,first frozen-order trajectory gained by CG-HIK versus hard entry,regular_near_singular_regular,34,0.68,fixed_robust_cascade,Fixed robust cascade,easy,3.154181,13,True,False
panda,2dd05a450d9447c19712bc3e8a88fdb266a7c0dfd1f532100a67ca6da3441321,first frozen-order trajectory gained by CG-HIK versus hard entry,regular_near_singular_regular,35,0.7000000000000001,fixed_robust_cascade,Fixed robust cascade,easy,2.234921,7,True,False
panda,2dd05a450d9447c19712bc3e8a88fdb266a7c0dfd1f532100a67ca6da3441321,first frozen-order trajectory gained by CG-HIK versus hard entry,regular_near_singular_regular,36,0.72,fixed_robust_cascade,Fixed robust cascade,easy,2.275437,7,True,False
panda,2dd05a450d9447c19712bc3e8a88fdb266a7c0dfd1f532100a67ca6da3441321,first frozen-order trajectory gained by CG-HIK versus hard entry,regular_near_singular_regular,37,0.74,fixed_robust_cascade,Fixed robust cascade,easy,2.56249,7,True,False
panda,2dd05a450d9447c19712bc3e8a88fdb266a7c0dfd1f532100a67ca6da3441321,first frozen-order trajectory gained by CG-HIK versus hard entry,regular_near_singular_regular,38,0.76,fixed_robust_cascade,Fixed robust cascade,easy,2.220403,7,True,False
panda,2dd05a450d9447c19712bc3e8a88fdb266a7c0dfd1f532100a67ca6da3441321,first frozen-order trajectory gained by CG-HIK versus hard entry,regular_near_singular_regular,39,0.78,fixed_robust_cascade,Fixed robust cascade,easy,2.323982,7,True,False
panda,2dd05a450d9447c19712bc3e8a88fdb266a7c0dfd1f532100a67ca6da3441321,first frozen-order trajectory gained by CG-HIK versus hard entry,regular_near_singular_regular,40,0.8,fixed_robust_cascade,Fixed robust cascade,easy,2.352462,7,True,False
panda,2dd05a450d9447c19712bc3e8a88fdb266a7c0dfd1f532100a67ca6da3441321,first frozen-order trajectory gained by CG-HIK versus hard entry,regular_near_singular_regular,41,0.8200000000000001,fixed_robust_cascade,Fixed robust cascade,easy,1.803699,3,True,False
panda,2dd05a450d9447c19712bc3e8a88fdb266a7c0dfd1f532100a67ca6da3441321,first frozen-order trajectory gained by CG-HIK versus hard entry,regular_near_singular_regular,42,0.84,fixed_robust_cascade,Fixed robust cascade,easy,1.787541,3,True,False
panda,2dd05a450d9447c19712bc3e8a88fdb266a7c0dfd1f532100a67ca6da3441321,first frozen-order trajectory gained by CG-HIK versus hard entry,regular_near_singular_regular,43,0.86,fixed_robust_cascade,Fixed robust cascade,easy,1.787739,3,True,False
panda,2dd05a450d9447c19712bc3e8a88fdb266a7c0dfd1f532100a67ca6da3441321,first frozen-order trajectory gained by CG-HIK versus hard entry,regular_near_singular_regular,44,0.88,fixed_robust_cascade,Fixed robust cascade,easy,1.787398,3,True,False
panda,2dd05a450d9447c19712bc3e8a88fdb266a7c0dfd1f532100a67ca6da3441321,first frozen-order trajectory gained by CG-HIK versus hard entry,regular_near_singular_regular,45,0.9,fixed_robust_cascade,Fixed robust cascade,easy,1.633695,3,True,False
panda,2dd05a450d9447c19712bc3e8a88fdb266a7c0dfd1f532100a67ca6da3441321,first frozen-order trajectory gained by CG-HIK versus hard entry,regular_near_singular_regular,46,0.92,fixed_robust_cascade,Fixed robust cascade,easy,1.811471,3,True,False
panda,2dd05a450d9447c19712bc3e8a88fdb266a7c0dfd1f532100a67ca6da3441321,first frozen-order trajectory gained by CG-HIK versus hard entry,regular_near_singular_regular,47,0.9400000000000001,fixed_robust_cascade,Fixed robust cascade,easy,1.725597,3,True,False
panda,2dd05a450d9447c19712bc3e8a88fdb266a7c0dfd1f532100a67ca6da3441321,first frozen-order trajectory gained by CG-HIK versus hard entry,regular_near_singular_regular,48,0.96,fixed_robust_cascade,Fixed robust cascade,easy,1.757044,3,True,False
panda,2dd05a450d9447c19712bc3e8a88fdb266a7c0dfd1f532100a67ca6da3441321,first frozen-order trajectory gained by CG-HIK versus hard entry,regular_near_singular_regular,49,0.98,fixed_robust_cascade,Fixed robust cascade,easy,1.801849,3,True,False
panda,2dd05a450d9447c19712bc3e8a88fdb266a7c0dfd1f532100a67ca6da3441321,first frozen-order trajectory gained by CG-HIK versus hard entry,regular_near_singular_regular,50,1.0,fixed_robust_cascade,Fixed robust cascade,easy,1.837888,3,True,False
panda,2dd05a450d9447c19712bc3e8a88fdb266a7c0dfd1f532100a67ca6da3441321,first frozen-order trajectory gained by CG-HIK versus hard entry,regular_near_singular_regular,51,1.02,fixed_robust_cascade,Fixed robust cascade,easy,1.828525,3,True,False
panda,2dd05a450d9447c19712bc3e8a88fdb266a7c0dfd1f532100a67ca6da3441321,first frozen-order trajectory gained by CG-HIK versus hard entry,regular_near_singular_regular,52,1.04,fixed_robust_cascade,Fixed robust cascade,easy,1.92809,3,True,False
panda,2dd05a450d9447c19712bc3e8a88fdb266a7c0dfd1f532100a67ca6da3441321,first frozen-order trajectory gained by CG-HIK versus hard entry,regular_near_singular_regular,53,1.06,fixed_robust_cascade,Fixed robust cascade,easy,1.660182,3,True,False
panda,2dd05a450d9447c19712bc3e8a88fdb266a7c0dfd1f532100a67ca6da3441321,first frozen-order trajectory gained by CG-HIK versus hard entry,regular_near_singular_regular,54,1.08,fixed_robust_cascade,Fixed robust cascade,easy,3.2727,13,True,False
panda,2dd05a450d9447c19712bc3e8a88fdb266a7c0dfd1f532100a67ca6da3441321,first frozen-order trajectory gained by CG-HIK versus hard entry,regular_near_singular_regular,55,1.1,fixed_robust_cascade,Fixed robust cascade,easy,3.657643,13,True,False
panda,2dd05a450d9447c19712bc3e8a88fdb266a7c0dfd1f532100a67ca6da3441321,first frozen-order trajectory gained by CG-HIK versus hard entry,regular_near_singular_regular,56,1.12,fixed_robust_cascade,Fixed robust cascade,easy,3.188217,13,True,False
panda,2dd05a450d9447c19712bc3e8a88fdb266a7c0dfd1f532100a67ca6da3441321,first frozen-order trajectory gained by CG-HIK versus hard entry,regular_near_singular_regular,57,1.1400000000000001,fixed_robust_cascade,Fixed robust cascade,easy,3.13102,13,True,False
panda,2dd05a450d9447c19712bc3e8a88fdb266a7c0dfd1f532100a67ca6da3441321,first frozen-order trajectory gained by CG-HIK versus hard entry,regular_near_singular_regular,58,1.16,fixed_robust_cascade,Fixed robust cascade,easy,3.346768,13,True,False
panda,2dd05a450d9447c19712bc3e8a88fdb266a7c0dfd1f532100a67ca6da3441321,first frozen-order trajectory gained by CG-HIK versus hard entry,regular_near_singular_regular,59,1.18,fixed_robust_cascade,Fixed robust cascade,easy,3.289984,13,True,False
panda,2dd05a450d9447c19712bc3e8a88fdb266a7c0dfd1f532100a67ca6da3441321,first frozen-order trajectory gained by CG-HIK versus hard entry,regular_near_singular_regular,60,1.2,fixed_robust_cascade,Fixed robust cascade,easy,3.12413,13,True,False
panda,2dd05a450d9447c19712bc3e8a88fdb266a7c0dfd1f532100a67ca6da3441321,first frozen-order trajectory gained by CG-HIK versus hard entry,regular_near_singular_regular,61,1.22,fixed_robust_cascade,Fixed robust cascade,easy,3.805387,15,True,False
panda,2dd05a450d9447c19712bc3e8a88fdb266a7c0dfd1f532100a67ca6da3441321,first frozen-order trajectory gained by CG-HIK versus hard entry,regular_near_singular_regular,62,1.24,fixed_robust_cascade,Fixed robust cascade,easy,1.653878,3,True,False
panda,2dd05a450d9447c19712bc3e8a88fdb266a7c0dfd1f532100a67ca6da3441321,first frozen-order trajectory gained by CG-HIK versus hard entry,regular_near_singular_regular,63,1.26,fixed_robust_cascade,Fixed robust cascade,easy,1.631498,3,True,False
panda,2dd05a450d9447c19712bc3e8a88fdb266a7c0dfd1f532100a67ca6da3441321,first frozen-order trajectory gained by CG-HIK versus hard entry,regular_near_singular_regular,64,1.28,fixed_robust_cascade,Fixed robust cascade,easy,1.825498,3,True,False
panda,2dd05a450d9447c19712bc3e8a88fdb266a7c0dfd1f532100a67ca6da3441321,first frozen-order trajectory gained by CG-HIK versus hard entry,regular_near_singular_regular,65,1.3,fixed_robust_cascade,Fixed robust cascade,easy,1.293047,1,True,False
panda,2dd05a450d9447c19712bc3e8a88fdb266a7c0dfd1f532100a67ca6da3441321,first frozen-order trajectory gained by CG-HIK versus hard entry,regular_near_singular_regular,66,1.32,fixed_robust_cascade,Fixed robust cascade,easy,1.270632,1,True,False
panda,2dd05a450d9447c19712bc3e8a88fdb266a7c0dfd1f532100a67ca6da3441321,first frozen-order trajectory gained by CG-HIK versus hard entry,regular_near_singular_regular,67,1.34,fixed_robust_cascade,Fixed robust cascade,easy,1.462159,1,True,False
panda,2dd05a450d9447c19712bc3e8a88fdb266a7c0dfd1f532100a67ca6da3441321,first frozen-order trajectory gained by CG-HIK versus hard entry,regular_near_singular_regular,68,1.36,fixed_robust_cascade,Fixed robust cascade,easy,1.51344,1,True,False
panda,2dd05a450d9447c19712bc3e8a88fdb266a7c0dfd1f532100a67ca6da3441321,first frozen-order trajectory gained by CG-HIK versus hard entry,regular_near_singular_regular,69,1.3800000000000001,fixed_robust_cascade,Fixed robust cascade,easy,1.323904,1,True,False
panda,2dd05a450d9447c19712bc3e8a88fdb266a7c0dfd1f532100a67ca6da3441321,first frozen-order trajectory gained by CG-HIK versus hard entry,regular_near_singular_regular,70,1.4000000000000001,fixed_robust_cascade,Fixed robust cascade,easy,1.752408,1,True,False
panda,2dd05a450d9447c19712bc3e8a88fdb266a7c0dfd1f532100a67ca6da3441321,first frozen-order trajectory gained by CG-HIK versus hard entry,regular_near_singular_regular,71,1.42,fixed_robust_cascade,Fixed robust cascade,easy,1.353739,1,True,False
panda,2dd05a450d9447c19712bc3e8a88fdb266a7c0dfd1f532100a67ca6da3441321,first frozen-order trajectory gained by CG-HIK versus hard entry,regular_near_singular_regular,72,1.44,fixed_robust_cascade,Fixed robust cascade,easy,1.279378,1,True,False
panda,2dd05a450d9447c19712bc3e8a88fdb266a7c0dfd1f532100a67ca6da3441321,first frozen-order trajectory gained by CG-HIK versus hard entry,regular_near_singular_regular,73,1.46,fixed_robust_cascade,Fixed robust cascade,easy,1.714959,1,True,False
panda,2dd05a450d9447c19712bc3e8a88fdb266a7c0dfd1f532100a67ca6da3441321,first frozen-order trajectory gained by CG-HIK versus hard entry,regular_near_singular_regular,74,1.48,fixed_robust_cascade,Fixed robust cascade,easy,1.306479,1,True,False
panda,2dd05a450d9447c19712bc3e8a88fdb266a7c0dfd1f532100a67ca6da3441321,first frozen-order trajectory gained by CG-HIK versus hard entry,regular_near_singular_regular,75,1.5,fixed_robust_cascade,Fixed robust cascade,easy,1.307075,1,True,False
panda,2dd05a450d9447c19712bc3e8a88fdb266a7c0dfd1f532100a67ca6da3441321,first frozen-order trajectory gained by CG-HIK versus hard entry,regular_near_singular_regular,76,1.52,fixed_robust_cascade,Fixed robust cascade,easy,1.611867,1,True,False
panda,2dd05a450d9447c19712bc3e8a88fdb266a7c0dfd1f532100a67ca6da3441321,first frozen-order trajectory gained by CG-HIK versus hard entry,regular_near_singular_regular,77,1.54,fixed_robust_cascade,Fixed robust cascade,easy,1.37794,1,True,False
panda,2dd05a450d9447c19712bc3e8a88fdb266a7c0dfd1f532100a67ca6da3441321,first frozen-order trajectory gained by CG-HIK versus hard entry,regular_near_singular_regular,78,1.56,fixed_robust_cascade,Fixed robust cascade,easy,1.310686,1,True,False
panda,2dd05a450d9447c19712bc3e8a88fdb266a7c0dfd1f532100a67ca6da3441321,first frozen-order trajectory gained by CG-HIK versus hard entry,regular_near_singular_regular,79,1.58,fixed_robust_cascade,Fixed robust cascade,easy,1.626082,1,True,False
panda,2dd05a450d9447c19712bc3e8a88fdb266a7c0dfd1f532100a67ca6da3441321,first frozen-order trajectory gained by CG-HIK versus hard entry,regular_near_singular_regular,80,1.6,fixed_robust_cascade,Fixed robust cascade,easy,1.332855,1,True,False
panda,2dd05a450d9447c19712bc3e8a88fdb266a7c0dfd1f532100a67ca6da3441321,first frozen-order trajectory gained by CG-HIK versus hard entry,regular_near_singular_regular,81,1.62,fixed_robust_cascade,Fixed robust cascade,easy,1.436626,1,True,False
panda,2dd05a450d9447c19712bc3e8a88fdb266a7c0dfd1f532100a67ca6da3441321,first frozen-order trajectory gained by CG-HIK versus hard entry,regular_near_singular_regular,82,1.6400000000000001,fixed_robust_cascade,Fixed robust cascade,easy,1.560792,1,True,False
panda,2dd05a450d9447c19712bc3e8a88fdb266a7c0dfd1f532100a67ca6da3441321,first frozen-order trajectory gained by CG-HIK versus hard entry,regular_near_singular_regular,83,1.6600000000000001,fixed_robust_cascade,Fixed robust cascade,easy,1.329386,1,True,False
panda,2dd05a450d9447c19712bc3e8a88fdb266a7c0dfd1f532100a67ca6da3441321,first frozen-order trajectory gained by CG-HIK versus hard entry,regular_near_singular_regular,84,1.68,fixed_robust_cascade,Fixed robust cascade,easy,1.310365,1,True,False
panda,2dd05a450d9447c19712bc3e8a88fdb266a7c0dfd1f532100a67ca6da3441321,first frozen-order trajectory gained by CG-HIK versus hard entry,regular_near_singular_regular,85,1.7,fixed_robust_cascade,Fixed robust cascade,easy,2.072384,3,True,False
panda,2dd05a450d9447c19712bc3e8a88fdb266a7c0dfd1f532100a67ca6da3441321,first frozen-order trajectory gained by CG-HIK versus hard entry,regular_near_singular_regular,86,1.72,fixed_robust_cascade,Fixed robust cascade,easy,1.668126,3,True,False
panda,2dd05a450d9447c19712bc3e8a88fdb266a7c0dfd1f532100a67ca6da3441321,first frozen-order trajectory gained by CG-HIK versus hard entry,regular_near_singular_regular,87,1.74,fixed_robust_cascade,Fixed robust cascade,easy,1.679106,3,True,False
panda,2dd05a450d9447c19712bc3e8a88fdb266a7c0dfd1f532100a67ca6da3441321,first frozen-order trajectory gained by CG-HIK versus hard entry,regular_near_singular_regular,88,1.76,fixed_robust_cascade,Fixed robust cascade,easy,1.919439,3,True,False
panda,2dd05a450d9447c19712bc3e8a88fdb266a7c0dfd1f532100a67ca6da3441321,first frozen-order trajectory gained by CG-HIK versus hard entry,regular_near_singular_regular,89,1.78,fixed_robust_cascade,Fixed robust cascade,easy,1.962515,3,True,False
panda,2dd05a450d9447c19712bc3e8a88fdb266a7c0dfd1f532100a67ca6da3441321,first frozen-order trajectory gained by CG-HIK versus hard entry,regular_near_singular_regular,90,1.8,fixed_robust_cascade,Fixed robust cascade,easy,1.650028,3,True,False
panda,2dd05a450d9447c19712bc3e8a88fdb266a7c0dfd1f532100a67ca6da3441321,first frozen-order trajectory gained by CG-HIK versus hard entry,regular_near_singular_regular,91,1.82,fixed_robust_cascade,Fixed robust cascade,easy,1.879169,3,True,False
panda,2dd05a450d9447c19712bc3e8a88fdb266a7c0dfd1f532100a67ca6da3441321,first frozen-order trajectory gained by CG-HIK versus hard entry,regular_near_singular_regular,92,1.84,fixed_robust_cascade,Fixed robust cascade,easy,1.767062,3,True,False
panda,2dd05a450d9447c19712bc3e8a88fdb266a7c0dfd1f532100a67ca6da3441321,first frozen-order trajectory gained by CG-HIK versus hard entry,regular_near_singular_regular,93,1.86,fixed_robust_cascade,Fixed robust cascade,easy,1.630779,3,True,False
panda,2dd05a450d9447c19712bc3e8a88fdb266a7c0dfd1f532100a67ca6da3441321,first frozen-order trajectory gained by CG-HIK versus hard entry,regular_near_singular_regular,94,1.8800000000000001,fixed_robust_cascade,Fixed robust cascade,easy,1.868443,3,True,False
panda,2dd05a450d9447c19712bc3e8a88fdb266a7c0dfd1f532100a67ca6da3441321,first frozen-order trajectory gained by CG-HIK versus hard entry,regular_near_singular_regular,95,1.9000000000000001,fixed_robust_cascade,Fixed robust cascade,easy,1.6456,3,True,False
panda,2dd05a450d9447c19712bc3e8a88fdb266a7c0dfd1f532100a67ca6da3441321,first frozen-order trajectory gained by CG-HIK versus hard entry,regular_near_singular_regular,96,1.92,fixed_robust_cascade,Fixed robust cascade,easy,1.656228,3,True,False
panda,2dd05a450d9447c19712bc3e8a88fdb266a7c0dfd1f532100a67ca6da3441321,first frozen-order trajectory gained by CG-HIK versus hard entry,regular_near_singular_regular,97,1.94,fixed_robust_cascade,Fixed robust cascade,easy,1.637639,3,True,False
panda,2dd05a450d9447c19712bc3e8a88fdb266a7c0dfd1f532100a67ca6da3441321,first frozen-order trajectory gained by CG-HIK versus hard entry,regular_near_singular_regular,98,1.96,fixed_robust_cascade,Fixed robust cascade,easy,1.627322,3,True,False
panda,2dd05a450d9447c19712bc3e8a88fdb266a7c0dfd1f532100a67ca6da3441321,first frozen-order trajectory gained by CG-HIK versus hard entry,regular_near_singular_regular,99,1.98,fixed_robust_cascade,Fixed robust cascade,easy,2.299479,3,True,False
panda,2dd05a450d9447c19712bc3e8a88fdb266a7c0dfd1f532100a67ca6da3441321,first frozen-order trajectory gained by CG-HIK versus hard entry,regular_near_singular_regular,100,2.0,fixed_robust_cascade,Fixed robust cascade,easy,1.836146,3,True,False
panda,2dd05a450d9447c19712bc3e8a88fdb266a7c0dfd1f532100a67ca6da3441321,first frozen-order trajectory gained by CG-HIK versus hard entry,regular_near_singular_regular,101,2.02,fixed_robust_cascade,Fixed robust cascade,easy,1.621217,3,True,False
panda,2dd05a450d9447c19712bc3e8a88fdb266a7c0dfd1f532100a67ca6da3441321,first frozen-order trajectory gained by CG-HIK versus hard entry,regular_near_singular_regular,102,2.04,fixed_robust_cascade,Fixed robust cascade,easy,1.638754,3,True,False
panda,2dd05a450d9447c19712bc3e8a88fdb266a7c0dfd1f532100a67ca6da3441321,first frozen-order trajectory gained by CG-HIK versus hard entry,regular_near_singular_regular,103,2.06,fixed_robust_cascade,Fixed robust cascade,easy,1.662983,3,True,False
panda,2dd05a450d9447c19712bc3e8a88fdb266a7c0dfd1f532100a67ca6da3441321,first frozen-order trajectory gained by CG-HIK versus hard entry,regular_near_singular_regular,104,2.08,fixed_robust_cascade,Fixed robust cascade,easy,2.5659,3,True,False
panda,2dd05a450d9447c19712bc3e8a88fdb266a7c0dfd1f532100a67ca6da3441321,first frozen-order trajectory gained by CG-HIK versus hard entry,regular_near_singular_regular,105,2.1,fixed_robust_cascade,Fixed robust cascade,easy,1.695873,3,True,False
panda,2dd05a450d9447c19712bc3e8a88fdb266a7c0dfd1f532100a67ca6da3441321,first frozen-order trajectory gained by CG-HIK versus hard entry,regular_near_singular_regular,106,2.12,fixed_robust_cascade,Fixed robust cascade,easy,1.631287,3,True,False
panda,2dd05a450d9447c19712bc3e8a88fdb266a7c0dfd1f532100a67ca6da3441321,first frozen-order trajectory gained by CG-HIK versus hard entry,regular_near_singular_regular,107,2.14,fixed_robust_cascade,Fixed robust cascade,easy,1.638059,3,True,False
panda,2dd05a450d9447c19712bc3e8a88fdb266a7c0dfd1f532100a67ca6da3441321,first frozen-order trajectory gained by CG-HIK versus hard entry,regular_near_singular_regular,108,2.16,fixed_robust_cascade,Fixed robust cascade,easy,1.643155,3,True,False
panda,2dd05a450d9447c19712bc3e8a88fdb266a7c0dfd1f532100a67ca6da3441321,first frozen-order trajectory gained by CG-HIK versus hard entry,regular_near_singular_regular,109,2.18,fixed_robust_cascade,Fixed robust cascade,easy,3.162766,13,True,False
panda,2dd05a450d9447c19712bc3e8a88fdb266a7c0dfd1f532100a67ca6da3441321,first frozen-order trajectory gained by CG-HIK versus hard entry,regular_near_singular_regular,110,2.2,fixed_robust_cascade,Fixed robust cascade,easy,3.127707,13,True,False
panda,2dd05a450d9447c19712bc3e8a88fdb266a7c0dfd1f532100a67ca6da3441321,first frozen-order trajectory gained by CG-HIK versus hard entry,regular_near_singular_regular,111,2.22,fixed_robust_cascade,Fixed robust cascade,easy,3.121628,13,True,False
panda,2dd05a450d9447c19712bc3e8a88fdb266a7c0dfd1f532100a67ca6da3441321,first frozen-order trajectory gained by CG-HIK versus hard entry,regular_near_singular_regular,112,2.24,fixed_robust_cascade,Fixed robust cascade,easy,3.094616,13,True,False
panda,2dd05a450d9447c19712bc3e8a88fdb266a7c0dfd1f532100a67ca6da3441321,first frozen-order trajectory gained by CG-HIK versus hard entry,regular_near_singular_regular,113,2.2600000000000002,fixed_robust_cascade,Fixed robust cascade,easy,3.595619,13,True,False
panda,2dd05a450d9447c19712bc3e8a88fdb266a7c0dfd1f532100a67ca6da3441321,first frozen-order trajectory gained by CG-HIK versus hard entry,regular_near_singular_regular,114,2.2800000000000002,fixed_robust_cascade,Fixed robust cascade,easy,3.132252,13,True,False
panda,2dd05a450d9447c19712bc3e8a88fdb266a7c0dfd1f532100a67ca6da3441321,first frozen-order trajectory gained by CG-HIK versus hard entry,regular_near_singular_regular,115,2.3000000000000003,fixed_robust_cascade,Fixed robust cascade,easy,3.125605,13,True,False
panda,2dd05a450d9447c19712bc3e8a88fdb266a7c0dfd1f532100a67ca6da3441321,first frozen-order trajectory gained by CG-HIK versus hard entry,regular_near_singular_regular,116,2.32,fixed_robust_cascade,Fixed robust cascade,easy,3.25724,13,True,False
panda,2dd05a450d9447c19712bc3e8a88fdb266a7c0dfd1f532100a67ca6da3441321,first frozen-order trajectory gained by CG-HIK versus hard entry,regular_near_singular_regular,117,2.34,fixed_robust_cascade,Fixed robust cascade,easy,3.335227,13,True,False
panda,2dd05a450d9447c19712bc3e8a88fdb266a7c0dfd1f532100a67ca6da3441321,first frozen-order trajectory gained by CG-HIK versus hard entry,regular_near_singular_regular,118,2.36,fixed_robust_cascade,Fixed robust cascade,easy,3.253336,13,True,False
panda,2dd05a450d9447c19712bc3e8a88fdb266a7c0dfd1f532100a67ca6da3441321,first frozen-order trajectory gained by CG-HIK versus hard entry,regular_near_singular_regular,119,2.38,fixed_robust_cascade,Fixed robust cascade,easy,3.163523,13,True,False
panda,2dd05a450d9447c19712bc3e8a88fdb266a7c0dfd1f532100a67ca6da3441321,first frozen-order trajectory gained by CG-HIK versus hard entry,regular_near_singular_regular,120,2.4,fixed_robust_cascade,Fixed robust cascade,easy,3.135976,13,True,False
panda,2dd05a450d9447c19712bc3e8a88fdb266a7c0dfd1f532100a67ca6da3441321,first frozen-order trajectory gained by CG-HIK versus hard entry,regular_near_singular_regular,121,2.42,fixed_robust_cascade,Fixed robust cascade,easy,3.17094,13,True,False
panda,2dd05a450d9447c19712bc3e8a88fdb266a7c0dfd1f532100a67ca6da3441321,first frozen-order trajectory gained by CG-HIK versus hard entry,regular_near_singular_regular,122,2.44,fixed_robust_cascade,Fixed robust cascade,easy,3.142416,13,True,False
panda,2dd05a450d9447c19712bc3e8a88fdb266a7c0dfd1f532100a67ca6da3441321,first frozen-order trajectory gained by CG-HIK versus hard entry,regular_near_singular_regular,123,2.46,fixed_robust_cascade,Fixed robust cascade,easy,3.132731,13,True,False
panda,2dd05a450d9447c19712bc3e8a88fdb266a7c0dfd1f532100a67ca6da3441321,first frozen-order trajectory gained by CG-HIK versus hard entry,regular_near_singular_regular,124,2.48,fixed_robust_cascade,Fixed robust cascade,easy,3.119119,13,True,False
panda,2dd05a450d9447c19712bc3e8a88fdb266a7c0dfd1f532100a67ca6da3441321,first frozen-order trajectory gained by CG-HIK versus hard entry,regular_near_singular_regular,125,2.5,fixed_robust_cascade,Fixed robust cascade,easy,3.138586,13,True,False
panda,2dd05a450d9447c19712bc3e8a88fdb266a7c0dfd1f532100a67ca6da3441321,first frozen-order trajectory gained by CG-HIK versus hard entry,regular_near_singular_regular,126,2.52,fixed_robust_cascade,Fixed robust cascade,easy,4.057326,13,True,False
panda,2dd05a450d9447c19712bc3e8a88fdb266a7c0dfd1f532100a67ca6da3441321,first frozen-order trajectory gained by CG-HIK versus hard entry,regular_near_singular_regular,127,2.54,fixed_robust_cascade,Fixed robust cascade,easy,3.146294,13,True,False
panda,2dd05a450d9447c19712bc3e8a88fdb266a7c0dfd1f532100a67ca6da3441321,first frozen-order trajectory gained by CG-HIK versus hard entry,regular_near_singular_regular,128,2.56,fixed_robust_cascade,Fixed robust cascade,easy,3.146975,13,True,False
panda,2dd05a450d9447c19712bc3e8a88fdb266a7c0dfd1f532100a67ca6da3441321,first frozen-order trajectory gained by CG-HIK versus hard entry,regular_near_singular_regular,129,2.58,fixed_robust_cascade,Fixed robust cascade,easy,3.282133,13,True,False
panda,2dd05a450d9447c19712bc3e8a88fdb266a7c0dfd1f532100a67ca6da3441321,first frozen-order trajectory gained by CG-HIK versus hard entry,regular_near_singular_regular,130,2.6,fixed_robust_cascade,Fixed robust cascade,easy,1.30353,1,True,False
panda,2dd05a450d9447c19712bc3e8a88fdb266a7c0dfd1f532100a67ca6da3441321,first frozen-order trajectory gained by CG-HIK versus hard entry,regular_near_singular_regular,131,2.62,fixed_robust_cascade,Fixed robust cascade,easy,1.329071,1,True,False
panda,2dd05a450d9447c19712bc3e8a88fdb266a7c0dfd1f532100a67ca6da3441321,first frozen-order trajectory gained by CG-HIK versus hard entry,regular_near_singular_regular,132,2.64,fixed_robust_cascade,Fixed robust cascade,easy,1.302287,1,True,False
panda,2dd05a450d9447c19712bc3e8a88fdb266a7c0dfd1f532100a67ca6da3441321,first frozen-order trajectory gained by CG-HIK versus hard entry,regular_near_singular_regular,133,2.66,fixed_robust_cascade,Fixed robust cascade,easy,1.262739,1,True,False
panda,2dd05a450d9447c19712bc3e8a88fdb266a7c0dfd1f532100a67ca6da3441321,first frozen-order trajectory gained by CG-HIK versus hard entry,regular_near_singular_regular,134,2.68,fixed_robust_cascade,Fixed robust cascade,easy,1.276256,1,True,False
panda,2dd05a450d9447c19712bc3e8a88fdb266a7c0dfd1f532100a67ca6da3441321,first frozen-order trajectory gained by CG-HIK versus hard entry,regular_near_singular_regular,135,2.7,fixed_robust_cascade,Fixed robust cascade,easy,1.706793,1,True,False
panda,2dd05a450d9447c19712bc3e8a88fdb266a7c0dfd1f532100a67ca6da3441321,first frozen-order trajectory gained by CG-HIK versus hard entry,regular_near_singular_regular,136,2.72,fixed_robust_cascade,Fixed robust cascade,easy,1.27558,1,True,False
panda,2dd05a450d9447c19712bc3e8a88fdb266a7c0dfd1f532100a67ca6da3441321,first frozen-order trajectory gained by CG-HIK versus hard entry,regular_near_singular_regular,137,2.74,fixed_robust_cascade,Fixed robust cascade,easy,1.284045,1,True,False
panda,2dd05a450d9447c19712bc3e8a88fdb266a7c0dfd1f532100a67ca6da3441321,first frozen-order trajectory gained by CG-HIK versus hard entry,regular_near_singular_regular,138,2.7600000000000002,fixed_robust_cascade,Fixed robust cascade,easy,1.298426,1,True,False
panda,2dd05a450d9447c19712bc3e8a88fdb266a7c0dfd1f532100a67ca6da3441321,first frozen-order trajectory gained by CG-HIK versus hard entry,regular_near_singular_regular,139,2.7800000000000002,fixed_robust_cascade,Fixed robust cascade,easy,1.288825,1,True,False
panda,2dd05a450d9447c19712bc3e8a88fdb266a7c0dfd1f532100a67ca6da3441321,first frozen-order trajectory gained by CG-HIK versus hard entry,regular_near_singular_regular,140,2.8000000000000003,fixed_robust_cascade,Fixed robust cascade,easy,1.2851,1,True,False
panda,2dd05a450d9447c19712bc3e8a88fdb266a7c0dfd1f532100a67ca6da3441321,first frozen-order trajectory gained by CG-HIK versus hard entry,regular_near_singular_regular,141,2.82,fixed_robust_cascade,Fixed robust cascade,easy,1.293878,1,True,False
panda,2dd05a450d9447c19712bc3e8a88fdb266a7c0dfd1f532100a67ca6da3441321,first frozen-order trajectory gained by CG-HIK versus hard entry,regular_near_singular_regular,142,2.84,fixed_robust_cascade,Fixed robust cascade,easy,1.468572,1,True,False
panda,2dd05a450d9447c19712bc3e8a88fdb266a7c0dfd1f532100a67ca6da3441321,first frozen-order trajectory gained by CG-HIK versus hard entry,regular_near_singular_regular,143,2.86,fixed_robust_cascade,Fixed robust cascade,easy,1.261446,1,True,False
panda,2dd05a450d9447c19712bc3e8a88fdb266a7c0dfd1f532100a67ca6da3441321,first frozen-order trajectory gained by CG-HIK versus hard entry,regular_near_singular_regular,144,2.88,fixed_robust_cascade,Fixed robust cascade,easy,1.27131,1,True,False
panda,2dd05a450d9447c19712bc3e8a88fdb266a7c0dfd1f532100a67ca6da3441321,first frozen-order trajectory gained by CG-HIK versus hard entry,regular_near_singular_regular,145,2.9,fixed_robust_cascade,Fixed robust cascade,easy,1.263767,1,True,False
panda,2dd05a450d9447c19712bc3e8a88fdb266a7c0dfd1f532100a67ca6da3441321,first frozen-order trajectory gained by CG-HIK versus hard entry,regular_near_singular_regular,146,2.92,fixed_robust_cascade,Fixed robust cascade,easy,1.270831,1,True,False
panda,2dd05a450d9447c19712bc3e8a88fdb266a7c0dfd1f532100a67ca6da3441321,first frozen-order trajectory gained by CG-HIK versus hard entry,regular_near_singular_regular,147,2.94,fixed_robust_cascade,Fixed robust cascade,easy,1.276678,1,True,False
panda,2dd05a450d9447c19712bc3e8a88fdb266a7c0dfd1f532100a67ca6da3441321,first frozen-order trajectory gained by CG-HIK versus hard entry,regular_near_singular_regular,148,2.96,fixed_robust_cascade,Fixed robust cascade,easy,1.262908,1,True,False
panda,2dd05a450d9447c19712bc3e8a88fdb266a7c0dfd1f532100a67ca6da3441321,first frozen-order trajectory gained by CG-HIK versus hard entry,regular_near_singular_regular,149,2.98,fixed_robust_cascade,Fixed robust cascade,easy,1.287444,1,True,False
panda,2dd05a450d9447c19712bc3e8a88fdb266a7c0dfd1f532100a67ca6da3441321,first frozen-order trajectory gained by CG-HIK versus hard entry,regular_near_singular_regular,0,0.0,always_hard,Fixed hard-entry cascade,hard,1.284924,1,True,False
panda,2dd05a450d9447c19712bc3e8a88fdb266a7c0dfd1f532100a67ca6da3441321,first frozen-order trajectory gained by CG-HIK versus hard entry,regular_near_singular_regular,1,0.02,always_hard,Fixed hard-entry cascade,hard,1.28583,1,True,False
panda,2dd05a450d9447c19712bc3e8a88fdb266a7c0dfd1f532100a67ca6da3441321,first frozen-order trajectory gained by CG-HIK versus hard entry,regular_near_singular_regular,2,0.04,always_hard,Fixed hard-entry cascade,hard,1.631976,3,True,False
panda,2dd05a450d9447c19712bc3e8a88fdb266a7c0dfd1f532100a67ca6da3441321,first frozen-order trajectory gained by CG-HIK versus hard entry,regular_near_singular_regular,3,0.06,always_hard,Fixed hard-entry cascade,hard,1.26316,1,True,False
panda,2dd05a450d9447c19712bc3e8a88fdb266a7c0dfd1f532100a67ca6da3441321,first frozen-order trajectory gained by CG-HIK versus hard entry,regular_near_singular_regular,4,0.08,always_hard,Fixed hard-entry cascade,hard,1.280663,1,True,False
panda,2dd05a450d9447c19712bc3e8a88fdb266a7c0dfd1f532100a67ca6da3441321,first frozen-order trajectory gained by CG-HIK versus hard entry,regular_near_singular_regular,5,0.1,always_hard,Fixed hard-entry cascade,hard,1.764176,3,True,False
panda,2dd05a450d9447c19712bc3e8a88fdb266a7c0dfd1f532100a67ca6da3441321,first frozen-order trajectory gained by CG-HIK versus hard entry,regular_near_singular_regular,6,0.12,always_hard,Fixed hard-entry cascade,hard,1.271446,1,True,False
panda,2dd05a450d9447c19712bc3e8a88fdb266a7c0dfd1f532100a67ca6da3441321,first frozen-order trajectory gained by CG-HIK versus hard entry,regular_near_singular_regular,7,0.14,always_hard,Fixed hard-entry cascade,hard,1.599509,3,True,False
panda,2dd05a450d9447c19712bc3e8a88fdb266a7c0dfd1f532100a67ca6da3441321,first frozen-order trajectory gained by CG-HIK versus hard entry,regular_near_singular_regular,8,0.16,always_hard,Fixed hard-entry cascade,hard,1.282367,1,True,False
panda,2dd05a450d9447c19712bc3e8a88fdb266a7c0dfd1f532100a67ca6da3441321,first frozen-order trajectory gained by CG-HIK versus hard entry,regular_near_singular_regular,9,0.18,always_hard,Fixed hard-entry cascade,hard,1.620686,3,True,False
panda,2dd05a450d9447c19712bc3e8a88fdb266a7c0dfd1f532100a67ca6da3441321,first frozen-order trajectory gained by CG-HIK versus hard entry,regular_near_singular_regular,10,0.2,always_hard,Fixed hard-entry cascade,hard,1.267875,1,True,False
panda,2dd05a450d9447c19712bc3e8a88fdb266a7c0dfd1f532100a67ca6da3441321,first frozen-order trajectory gained by CG-HIK versus hard entry,regular_near_singular_regular,11,0.22,always_hard,Fixed hard-entry cascade,hard,1.77481,3,True,False
panda,2dd05a450d9447c19712bc3e8a88fdb266a7c0dfd1f532100a67ca6da3441321,first frozen-order trajectory gained by CG-HIK versus hard entry,regular_near_singular_regular,12,0.24,always_hard,Fixed hard-entry cascade,hard,1.283701,1,True,False
panda,2dd05a450d9447c19712bc3e8a88fdb266a7c0dfd1f532100a67ca6da3441321,first frozen-order trajectory gained by CG-HIK versus hard entry,regular_near_singular_regular,13,0.26,always_hard,Fixed hard-entry cascade,hard,1.607549,3,True,False
panda,2dd05a450d9447c19712bc3e8a88fdb266a7c0dfd1f532100a67ca6da3441321,first frozen-order trajectory gained by CG-HIK versus hard entry,regular_near_singular_regular,14,0.28,always_hard,Fixed hard-entry cascade,hard,1.296592,1,True,False
panda,2dd05a450d9447c19712bc3e8a88fdb266a7c0dfd1f532100a67ca6da3441321,first frozen-order trajectory gained by CG-HIK versus hard entry,regular_near_singular_regular,15,0.3,always_hard,Fixed hard-entry cascade,hard,1.663317,3,True,False
panda,2dd05a450d9447c19712bc3e8a88fdb266a7c0dfd1f532100a67ca6da3441321,first frozen-order trajectory gained by CG-HIK versus hard entry,regular_near_singular_regular,16,0.32,always_hard,Fixed hard-entry cascade,hard,1.280171,1,True,False
panda,2dd05a450d9447c19712bc3e8a88fdb266a7c0dfd1f532100a67ca6da3441321,first frozen-order trajectory gained by CG-HIK versus hard entry,regular_near_singular_regular,17,0.34,always_hard,Fixed hard-entry cascade,hard,1.26251,1,True,False
panda,2dd05a450d9447c19712bc3e8a88fdb266a7c0dfd1f532100a67ca6da3441321,first frozen-order trajectory gained by CG-HIK versus hard entry,regular_near_singular_regular,18,0.36,always_hard,Fixed hard-entry cascade,hard,1.608552,3,True,False
panda,2dd05a450d9447c19712bc3e8a88fdb266a7c0dfd1f532100a67ca6da3441321,first frozen-order trajectory gained by CG-HIK versus hard entry,regular_near_singular_regular,19,0.38,always_hard,Fixed hard-entry cascade,hard,1.280292,1,True,False
panda,2dd05a450d9447c19712bc3e8a88fdb266a7c0dfd1f532100a67ca6da3441321,first frozen-order trajectory gained by CG-HIK versus hard entry,regular_near_singular_regular,20,0.4,always_hard,Fixed hard-entry cascade,hard,1.96376,5,True,False
panda,2dd05a450d9447c19712bc3e8a88fdb266a7c0dfd1f532100a67ca6da3441321,first frozen-order trajectory gained by CG-HIK versus hard entry,regular_near_singular_regular,21,0.42,always_hard,Fixed hard-entry cascade,hard,1.970256,5,True,False
panda,2dd05a450d9447c19712bc3e8a88fdb266a7c0dfd1f532100a67ca6da3441321,first frozen-order trajectory gained by CG-HIK versus hard entry,regular_near_singular_regular,22,0.44,always_hard,Fixed hard-entry cascade,hard,2.097302,5,True,False
panda,2dd05a450d9447c19712bc3e8a88fdb266a7c0dfd1f532100a67ca6da3441321,first frozen-order trajectory gained by CG-HIK versus hard entry,regular_near_singular_regular,23,0.46,always_hard,Fixed hard-entry cascade,hard,1.963866,5,True,False
panda,2dd05a450d9447c19712bc3e8a88fdb266a7c0dfd1f532100a67ca6da3441321,first frozen-order trajectory gained by CG-HIK versus hard entry,regular_near_singular_regular,24,0.48,always_hard,Fixed hard-entry cascade,hard,2.068873,5,True,False
panda,2dd05a450d9447c19712bc3e8a88fdb266a7c0dfd1f532100a67ca6da3441321,first frozen-order trajectory gained by CG-HIK versus hard entry,regular_near_singular_regular,25,0.5,always_hard,Fixed hard-entry cascade,hard,1.978073,5,True,False
panda,2dd05a450d9447c19712bc3e8a88fdb266a7c0dfd1f532100a67ca6da3441321,first frozen-order trajectory gained by CG-HIK versus hard entry,regular_near_singular_regular,26,0.52,always_hard,Fixed hard-entry cascade,hard,1.966005,5,True,False
panda,2dd05a450d9447c19712bc3e8a88fdb266a7c0dfd1f532100a67ca6da3441321,first frozen-order trajectory gained by CG-HIK versus hard entry,regular_near_singular_regular,27,0.54,always_hard,Fixed hard-entry cascade,hard,1.943118,5,True,False
panda,2dd05a450d9447c19712bc3e8a88fdb266a7c0dfd1f532100a67ca6da3441321,first frozen-order trajectory gained by CG-HIK versus hard entry,regular_near_singular_regular,28,0.56,always_hard,Fixed hard-entry cascade,hard,1.9761,5,True,False
panda,2dd05a450d9447c19712bc3e8a88fdb266a7c0dfd1f532100a67ca6da3441321,first frozen-order trajectory gained by CG-HIK versus hard entry,regular_near_singular_regular,29,0.58,always_hard,Fixed hard-entry cascade,hard,2.120036,5,True,False
panda,2dd05a450d9447c19712bc3e8a88fdb266a7c0dfd1f532100a67ca6da3441321,first frozen-order trajectory gained by CG-HIK versus hard entry,regular_near_singular_regular,30,0.6,always_hard,Fixed hard-entry cascade,hard,1.977962,5,True,False
panda,2dd05a450d9447c19712bc3e8a88fdb266a7c0dfd1f532100a67ca6da3441321,first frozen-order trajectory gained by CG-HIK versus hard entry,regular_near_singular_regular,31,0.62,always_hard,Fixed hard-entry cascade,hard,1.988727,5,True,False
panda,2dd05a450d9447c19712bc3e8a88fdb266a7c0dfd1f532100a67ca6da3441321,first frozen-order trajectory gained by CG-HIK versus hard entry,regular_near_singular_regular,32,0.64,always_hard,Fixed hard-entry cascade,hard,1.984213,5,True,False
panda,2dd05a450d9447c19712bc3e8a88fdb266a7c0dfd1f532100a67ca6da3441321,first frozen-order trajectory gained by CG-HIK versus hard entry,regular_near_singular_regular,33,0.66,always_hard,Fixed hard-entry cascade,hard,1.97588,5,True,False
panda,2dd05a450d9447c19712bc3e8a88fdb266a7c0dfd1f532100a67ca6da3441321,first frozen-order trajectory gained by CG-HIK versus hard entry,regular_near_singular_regular,34,0.68,always_hard,Fixed hard-entry cascade,hard,1.965618,5,True,False
panda,2dd05a450d9447c19712bc3e8a88fdb266a7c0dfd1f532100a67ca6da3441321,first frozen-order trajectory gained by CG-HIK versus hard entry,regular_near_singular_regular,35,0.7000000000000001,always_hard,Fixed hard-entry cascade,hard,1.621288,3,True,False
panda,2dd05a450d9447c19712bc3e8a88fdb266a7c0dfd1f532100a67ca6da3441321,first frozen-order trajectory gained by CG-HIK versus hard entry,regular_near_singular_regular,36,0.72,always_hard,Fixed hard-entry cascade,hard,1.632571,3,True,False
panda,2dd05a450d9447c19712bc3e8a88fdb266a7c0dfd1f532100a67ca6da3441321,first frozen-order trajectory gained by CG-HIK versus hard entry,regular_near_singular_regular,37,0.74,always_hard,Fixed hard-entry cascade,hard,1.772204,3,True,False
panda,2dd05a450d9447c19712bc3e8a88fdb266a7c0dfd1f532100a67ca6da3441321,first frozen-order trajectory gained by CG-HIK versus hard entry,regular_near_singular_regular,38,0.76,always_hard,Fixed hard-entry cascade,hard,1.638692,3,True,False
panda,2dd05a450d9447c19712bc3e8a88fdb266a7c0dfd1f532100a67ca6da3441321,first frozen-order trajectory gained by CG-HIK versus hard entry,regular_near_singular_regular,39,0.78,always_hard,Fixed hard-entry cascade,hard,1.712083,3,True,False
panda,2dd05a450d9447c19712bc3e8a88fdb266a7c0dfd1f532100a67ca6da3441321,first frozen-order trajectory gained by CG-HIK versus hard entry,regular_near_singular_regular,40,0.8,always_hard,Fixed hard-entry cascade,hard,1.744057,3,True,False
panda,2dd05a450d9447c19712bc3e8a88fdb266a7c0dfd1f532100a67ca6da3441321,first frozen-order trajectory gained by CG-HIK versus hard entry,regular_near_singular_regular,41,0.8200000000000001,always_hard,Fixed hard-entry cascade,hard,1.750161,3,True,False
panda,2dd05a450d9447c19712bc3e8a88fdb266a7c0dfd1f532100a67ca6da3441321,first frozen-order trajectory gained by CG-HIK versus hard entry,regular_near_singular_regular,42,0.84,always_hard,Fixed hard-entry cascade,hard,1.62404,3,True,False
panda,2dd05a450d9447c19712bc3e8a88fdb266a7c0dfd1f532100a67ca6da3441321,first frozen-order trajectory gained by CG-HIK versus hard entry,regular_near_singular_regular,43,0.86,always_hard,Fixed hard-entry cascade,hard,1.807178,3,True,False
panda,2dd05a450d9447c19712bc3e8a88fdb266a7c0dfd1f532100a67ca6da3441321,first frozen-order trajectory gained by CG-HIK versus hard entry,regular_near_singular_regular,44,0.88,always_hard,Fixed hard-entry cascade,hard,1.655065,3,True,False
panda,2dd05a450d9447c19712bc3e8a88fdb266a7c0dfd1f532100a67ca6da3441321,first frozen-order trajectory gained by CG-HIK versus hard entry,regular_near_singular_regular,45,0.9,always_hard,Fixed hard-entry cascade,hard,1.642992,3,True,False
panda,2dd05a450d9447c19712bc3e8a88fdb266a7c0dfd1f532100a67ca6da3441321,first frozen-order trajectory gained by CG-HIK versus hard entry,regular_near_singular_regular,46,0.92,always_hard,Fixed hard-entry cascade,hard,1.606602,3,True,False
panda,2dd05a450d9447c19712bc3e8a88fdb266a7c0dfd1f532100a67ca6da3441321,first frozen-order trajectory gained by CG-HIK versus hard entry,regular_near_singular_regular,47,0.9400000000000001,always_hard,Fixed hard-entry cascade,hard,1.906277,3,True,False
panda,2dd05a450d9447c19712bc3e8a88fdb266a7c0dfd1f532100a67ca6da3441321,first frozen-order trajectory gained by CG-HIK versus hard entry,regular_near_singular_regular,48,0.96,always_hard,Fixed hard-entry cascade,hard,1.991062,3,True,False
panda,2dd05a450d9447c19712bc3e8a88fdb266a7c0dfd1f532100a67ca6da3441321,first frozen-order trajectory gained by CG-HIK versus hard entry,regular_near_singular_regular,49,0.98,always_hard,Fixed hard-entry cascade,hard,1.979749,5,True,False
panda,2dd05a450d9447c19712bc3e8a88fdb266a7c0dfd1f532100a67ca6da3441321,first frozen-order trajectory gained by CG-HIK versus hard entry,regular_near_singular_regular,50,1.0,always_hard,Fixed hard-entry cascade,hard,1.790158,3,True,False
panda,2dd05a450d9447c19712bc3e8a88fdb266a7c0dfd1f532100a67ca6da3441321,first frozen-order trajectory gained by CG-HIK versus hard entry,regular_near_singular_regular,51,1.02,always_hard,Fixed hard-entry cascade,hard,1.643445,3,True,False
panda,2dd05a450d9447c19712bc3e8a88fdb266a7c0dfd1f532100a67ca6da3441321,first frozen-order trajectory gained by CG-HIK versus hard entry,regular_near_singular_regular,52,1.04,always_hard,Fixed hard-entry cascade,hard,1.648788,3,True,False
panda,2dd05a450d9447c19712bc3e8a88fdb266a7c0dfd1f532100a67ca6da3441321,first frozen-order trajectory gained by CG-HIK versus hard entry,regular_near_singular_regular,53,1.06,always_hard,Fixed hard-entry cascade,hard,1.629837,3,True,False
panda,2dd05a450d9447c19712bc3e8a88fdb266a7c0dfd1f532100a67ca6da3441321,first frozen-order trajectory gained by CG-HIK versus hard entry,regular_near_singular_regular,54,1.08,always_hard,Fixed hard-entry cascade,hard,87.246202,158,False,True
panda,2dd05a450d9447c19712bc3e8a88fdb266a7c0dfd1f532100a67ca6da3441321,first frozen-order trajectory gained by CG-HIK versus hard entry,regular_near_singular_regular,55,1.1,always_hard,Fixed hard-entry cascade,hard,94.526262,172,False,True
panda,2dd05a450d9447c19712bc3e8a88fdb266a7c0dfd1f532100a67ca6da3441321,first frozen-order trajectory gained by CG-HIK versus hard entry,regular_near_singular_regular,56,1.12,always_hard,Fixed hard-entry cascade,hard,86.500231,170,False,True
panda,2dd05a450d9447c19712bc3e8a88fdb266a7c0dfd1f532100a67ca6da3441321,first frozen-order trajectory gained by CG-HIK versus hard entry,regular_near_singular_regular,57,1.1400000000000001,always_hard,Fixed hard-entry cascade,hard,79.126196,159,False,True
panda,2dd05a450d9447c19712bc3e8a88fdb266a7c0dfd1f532100a67ca6da3441321,first frozen-order trajectory gained by CG-HIK versus hard entry,regular_near_singular_regular,58,1.16,always_hard,Fixed hard-entry cascade,hard,82.411969,169,False,True
panda,2dd05a450d9447c19712bc3e8a88fdb266a7c0dfd1f532100a67ca6da3441321,first frozen-order trajectory gained by CG-HIK versus hard entry,regular_near_singular_regular,59,1.18,always_hard,Fixed hard-entry cascade,hard,86.252108,178,False,True
panda,2dd05a450d9447c19712bc3e8a88fdb266a7c0dfd1f532100a67ca6da3441321,first frozen-order trajectory gained by CG-HIK versus hard entry,regular_near_singular_regular,60,1.2,always_hard,Fixed hard-entry cascade,hard,89.015124,248,False,True
panda,2dd05a450d9447c19712bc3e8a88fdb266a7c0dfd1f532100a67ca6da3441321,first frozen-order trajectory gained by CG-HIK versus hard entry,regular_near_singular_regular,61,1.22,always_hard,Fixed hard-entry cascade,hard,86.044497,181,False,True
panda,2dd05a450d9447c19712bc3e8a88fdb266a7c0dfd1f532100a67ca6da3441321,first frozen-order trajectory gained by CG-HIK versus hard entry,regular_near_singular_regular,62,1.24,always_hard,Fixed hard-entry cascade,hard,85.361738,183,False,True
panda,2dd05a450d9447c19712bc3e8a88fdb266a7c0dfd1f532100a67ca6da3441321,first frozen-order trajectory gained by CG-HIK versus hard entry,regular_near_singular_regular,63,1.26,always_hard,Fixed hard-entry cascade,hard,74.950799,173,False,True
panda,2dd05a450d9447c19712bc3e8a88fdb266a7c0dfd1f532100a67ca6da3441321,first frozen-order trajectory gained by CG-HIK versus hard entry,regular_near_singular_regular,64,1.28,always_hard,Fixed hard-entry cascade,hard,73.945256,179,False,True
panda,2dd05a450d9447c19712bc3e8a88fdb266a7c0dfd1f532100a67ca6da3441321,first frozen-order trajectory gained by CG-HIK versus hard entry,regular_near_singular_regular,65,1.3,always_hard,Fixed hard-entry cascade,hard,73.549823,177,False,True
panda,2dd05a450d9447c19712bc3e8a88fdb266a7c0dfd1f532100a67ca6da3441321,first frozen-order trajectory gained by CG-HIK versus hard entry,regular_near_singular_regular,66,1.32,always_hard,Fixed hard-entry cascade,hard,73.092331,179,False,True
panda,2dd05a450d9447c19712bc3e8a88fdb266a7c0dfd1f532100a67ca6da3441321,first frozen-order trajectory gained by CG-HIK versus hard entry,regular_near_singular_regular,67,1.34,always_hard,Fixed hard-entry cascade,hard,71.561627,175,False,True
panda,2dd05a450d9447c19712bc3e8a88fdb266a7c0dfd1f532100a67ca6da3441321,first frozen-order trajectory gained by CG-HIK versus hard entry,regular_near_singular_regular,68,1.36,always_hard,Fixed hard-entry cascade,hard,69.044287,169,False,True
panda,2dd05a450d9447c19712bc3e8a88fdb266a7c0dfd1f532100a67ca6da3441321,first frozen-order trajectory gained by CG-HIK versus hard entry,regular_near_singular_regular,69,1.3800000000000001,always_hard,Fixed hard-entry cascade,hard,71.056735,175,False,True
panda,2dd05a450d9447c19712bc3e8a88fdb266a7c0dfd1f532100a67ca6da3441321,first frozen-order trajectory gained by CG-HIK versus hard entry,regular_near_singular_regular,70,1.4000000000000001,always_hard,Fixed hard-entry cascade,hard,67.727439,165,False,True
panda,2dd05a450d9447c19712bc3e8a88fdb266a7c0dfd1f532100a67ca6da3441321,first frozen-order trajectory gained by CG-HIK versus hard entry,regular_near_singular_regular,71,1.42,always_hard,Fixed hard-entry cascade,hard,73.730511,176,False,True
panda,2dd05a450d9447c19712bc3e8a88fdb266a7c0dfd1f532100a67ca6da3441321,first frozen-order trajectory gained by CG-HIK versus hard entry,regular_near_singular_regular,72,1.44,always_hard,Fixed hard-entry cascade,hard,75.160322,175,False,True
panda,2dd05a450d9447c19712bc3e8a88fdb266a7c0dfd1f532100a67ca6da3441321,first frozen-order trajectory gained by CG-HIK versus hard entry,regular_near_singular_regular,73,1.46,always_hard,Fixed hard-entry cascade,hard,75.57051,178,False,True
panda,2dd05a450d9447c19712bc3e8a88fdb266a7c0dfd1f532100a67ca6da3441321,first frozen-order trajectory gained by CG-HIK versus hard entry,regular_near_singular_regular,74,1.48,always_hard,Fixed hard-entry cascade,hard,83.286553,196,False,True
panda,2dd05a450d9447c19712bc3e8a88fdb266a7c0dfd1f532100a67ca6da3441321,first frozen-order trajectory gained by CG-HIK versus hard entry,regular_near_singular_regular,75,1.5,always_hard,Fixed hard-entry cascade,hard,65.711426,160,False,True
panda,2dd05a450d9447c19712bc3e8a88fdb266a7c0dfd1f532100a67ca6da3441321,first frozen-order trajectory gained by CG-HIK versus hard entry,regular_near_singular_regular,76,1.52,always_hard,Fixed hard-entry cascade,hard,72.346556,176,False,True
panda,2dd05a450d9447c19712bc3e8a88fdb266a7c0dfd1f532100a67ca6da3441321,first frozen-order trajectory gained by CG-HIK versus hard entry,regular_near_singular_regular,77,1.54,always_hard,Fixed hard-entry cascade,hard,73.232822,176,False,True
panda,2dd05a450d9447c19712bc3e8a88fdb266a7c0dfd1f532100a67ca6da3441321,first frozen-order trajectory gained by CG-HIK versus hard entry,regular_near_singular_regular,78,1.56,always_hard,Fixed hard-entry cascade,hard,72.622144,173,False,True
panda,2dd05a450d9447c19712bc3e8a88fdb266a7c0dfd1f532100a67ca6da3441321,first frozen-order trajectory gained by CG-HIK versus hard entry,regular_near_singular_regular,79,1.58,always_hard,Fixed hard-entry cascade,hard,64.868693,159,False,True
panda,2dd05a450d9447c19712bc3e8a88fdb266a7c0dfd1f532100a67ca6da3441321,first frozen-order trajectory gained by CG-HIK versus hard entry,regular_near_singular_regular,80,1.6,always_hard,Fixed hard-entry cascade,hard,67.356067,168,False,True
panda,2dd05a450d9447c19712bc3e8a88fdb266a7c0dfd1f532100a67ca6da3441321,first frozen-order trajectory gained by CG-HIK versus hard entry,regular_near_singular_regular,81,1.62,always_hard,Fixed hard-entry cascade,hard,75.114002,177,False,True
panda,2dd05a450d9447c19712bc3e8a88fdb266a7c0dfd1f532100a67ca6da3441321,first frozen-order trajectory gained by CG-HIK versus hard entry,regular_near_singular_regular,82,1.6400000000000001,always_hard,Fixed hard-entry cascade,hard,73.427959,177,False,True
panda,2dd05a450d9447c19712bc3e8a88fdb266a7c0dfd1f532100a67ca6da3441321,first frozen-order trajectory gained by CG-HIK versus hard entry,regular_near_singular_regular,83,1.6600000000000001,always_hard,Fixed hard-entry cascade,hard,67.246375,167,False,True
panda,2dd05a450d9447c19712bc3e8a88fdb266a7c0dfd1f532100a67ca6da3441321,first frozen-order trajectory gained by CG-HIK versus hard entry,regular_near_singular_regular,84,1.68,always_hard,Fixed hard-entry cascade,hard,73.889863,177,False,True
panda,2dd05a450d9447c19712bc3e8a88fdb266a7c0dfd1f532100a67ca6da3441321,first frozen-order trajectory gained by CG-HIK versus hard entry,regular_near_singular_regular,85,1.7,always_hard,Fixed hard-entry cascade,hard,74.225222,171,False,True
panda,2dd05a450d9447c19712bc3e8a88fdb266a7c0dfd1f532100a67ca6da3441321,first frozen-order trajectory gained by CG-HIK versus hard entry,regular_near_singular_regular,86,1.72,always_hard,Fixed hard-entry cascade,hard,87.007656,187,False,True
panda,2dd05a450d9447c19712bc3e8a88fdb266a7c0dfd1f532100a67ca6da3441321,first frozen-order trajectory gained by CG-HIK versus hard entry,regular_near_singular_regular,87,1.74,always_hard,Fixed hard-entry cascade,hard,87.839307,185,False,True
panda,2dd05a450d9447c19712bc3e8a88fdb266a7c0dfd1f532100a67ca6da3441321,first frozen-order trajectory gained by CG-HIK versus hard entry,regular_near_singular_regular,88,1.76,always_hard,Fixed hard-entry cascade,hard,90.952451,251,False,True
panda,2dd05a450d9447c19712bc3e8a88fdb266a7c0dfd1f532100a67ca6da3441321,first frozen-order trajectory gained by CG-HIK versus hard entry,regular_near_singular_regular,89,1.78,always_hard,Fixed hard-entry cascade,hard,83.335442,172,False,True
panda,2dd05a450d9447c19712bc3e8a88fdb266a7c0dfd1f532100a67ca6da3441321,first frozen-order trajectory gained by CG-HIK versus hard entry,regular_near_singular_regular,90,1.8,always_hard,Fixed hard-entry cascade,hard,82.704877,170,False,True
panda,2dd05a450d9447c19712bc3e8a88fdb266a7c0dfd1f532100a67ca6da3441321,first frozen-order trajectory gained by CG-HIK versus hard entry,regular_near_singular_regular,91,1.82,always_hard,Fixed hard-entry cascade,hard,82.540623,163,False,True
panda,2dd05a450d9447c19712bc3e8a88fdb266a7c0dfd1f532100a67ca6da3441321,first frozen-order trajectory gained by CG-HIK versus hard entry,regular_near_singular_regular,92,1.84,always_hard,Fixed hard-entry cascade,hard,87.528203,169,False,True
panda,2dd05a450d9447c19712bc3e8a88fdb266a7c0dfd1f532100a67ca6da3441321,first frozen-order trajectory gained by CG-HIK versus hard entry,regular_near_singular_regular,93,1.86,always_hard,Fixed hard-entry cascade,hard,90.537591,169,False,True
panda,2dd05a450d9447c19712bc3e8a88fdb266a7c0dfd1f532100a67ca6da3441321,first frozen-order trajectory gained by CG-HIK versus hard entry,regular_near_singular_regular,94,1.8800000000000001,always_hard,Fixed hard-entry cascade,hard,86.75232,158,False,True
panda,2dd05a450d9447c19712bc3e8a88fdb266a7c0dfd1f532100a67ca6da3441321,first frozen-order trajectory gained by CG-HIK versus hard entry,regular_near_singular_regular,95,1.9000000000000001,always_hard,Fixed hard-entry cascade,hard,1.326608,1,True,False
panda,2dd05a450d9447c19712bc3e8a88fdb266a7c0dfd1f532100a67ca6da3441321,first frozen-order trajectory gained by CG-HIK versus hard entry,regular_near_singular_regular,96,1.92,always_hard,Fixed hard-entry cascade,hard,1.64009,3,True,False
panda,2dd05a450d9447c19712bc3e8a88fdb266a7c0dfd1f532100a67ca6da3441321,first frozen-order trajectory gained by CG-HIK versus hard entry,regular_near_singular_regular,97,1.94,always_hard,Fixed hard-entry cascade,hard,1.630844,3,True,False
panda,2dd05a450d9447c19712bc3e8a88fdb266a7c0dfd1f532100a67ca6da3441321,first frozen-order trajectory gained by CG-HIK versus hard entry,regular_near_singular_regular,98,1.96,always_hard,Fixed hard-entry cascade,hard,1.627305,3,True,False
panda,2dd05a450d9447c19712bc3e8a88fdb266a7c0dfd1f532100a67ca6da3441321,first frozen-order trajectory gained by CG-HIK versus hard entry,regular_near_singular_regular,99,1.98,always_hard,Fixed hard-entry cascade,hard,1.658645,3,True,False
panda,2dd05a450d9447c19712bc3e8a88fdb266a7c0dfd1f532100a67ca6da3441321,first frozen-order trajectory gained by CG-HIK versus hard entry,regular_near_singular_regular,100,2.0,always_hard,Fixed hard-entry cascade,hard,1.654831,3,True,False
panda,2dd05a450d9447c19712bc3e8a88fdb266a7c0dfd1f532100a67ca6da3441321,first frozen-order trajectory gained by CG-HIK versus hard entry,regular_near_singular_regular,101,2.02,always_hard,Fixed hard-entry cascade,hard,1.62576,3,True,False
panda,2dd05a450d9447c19712bc3e8a88fdb266a7c0dfd1f532100a67ca6da3441321,first frozen-order trajectory gained by CG-HIK versus hard entry,regular_near_singular_regular,102,2.04,always_hard,Fixed hard-entry cascade,hard,1.639488,3,True,False
panda,2dd05a450d9447c19712bc3e8a88fdb266a7c0dfd1f532100a67ca6da3441321,first frozen-order trajectory gained by CG-HIK versus hard entry,regular_near_singular_regular,103,2.06,always_hard,Fixed hard-entry cascade,hard,1.618508,3,True,False
panda,2dd05a450d9447c19712bc3e8a88fdb266a7c0dfd1f532100a67ca6da3441321,first frozen-order trajectory gained by CG-HIK versus hard entry,regular_near_singular_regular,104,2.08,always_hard,Fixed hard-entry cascade,hard,1.638782,3,True,False
panda,2dd05a450d9447c19712bc3e8a88fdb266a7c0dfd1f532100a67ca6da3441321,first frozen-order trajectory gained by CG-HIK versus hard entry,regular_near_singular_regular,105,2.1,always_hard,Fixed hard-entry cascade,hard,1.641124,3,True,False
panda,2dd05a450d9447c19712bc3e8a88fdb266a7c0dfd1f532100a67ca6da3441321,first frozen-order trajectory gained by CG-HIK versus hard entry,regular_near_singular_regular,106,2.12,always_hard,Fixed hard-entry cascade,hard,1.9604,5,True,False
panda,2dd05a450d9447c19712bc3e8a88fdb266a7c0dfd1f532100a67ca6da3441321,first frozen-order trajectory gained by CG-HIK versus hard entry,regular_near_singular_regular,107,2.14,always_hard,Fixed hard-entry cascade,hard,1.968258,5,True,False
panda,2dd05a450d9447c19712bc3e8a88fdb266a7c0dfd1f532100a67ca6da3441321,first frozen-order trajectory gained by CG-HIK versus hard entry,regular_near_singular_regular,108,2.16,always_hard,Fixed hard-entry cascade,hard,1.96846,5,True,False
panda,2dd05a450d9447c19712bc3e8a88fdb266a7c0dfd1f532100a67ca6da3441321,first frozen-order trajectory gained by CG-HIK versus hard entry,regular_near_singular_regular,109,2.18,always_hard,Fixed hard-entry cascade,hard,1.980297,5,True,False
panda,2dd05a450d9447c19712bc3e8a88fdb266a7c0dfd1f532100a67ca6da3441321,first frozen-order trajectory gained by CG-HIK versus hard entry,regular_near_singular_regular,110,2.2,always_hard,Fixed hard-entry cascade,hard,1.982374,5,True,False
panda,2dd05a450d9447c19712bc3e8a88fdb266a7c0dfd1f532100a67ca6da3441321,first frozen-order trajectory gained by CG-HIK versus hard entry,regular_near_singular_regular,111,2.22,always_hard,Fixed hard-entry cascade,hard,1.957168,5,True,False
panda,2dd05a450d9447c19712bc3e8a88fdb266a7c0dfd1f532100a67ca6da3441321,first frozen-order trajectory gained by CG-HIK versus hard entry,regular_near_singular_regular,112,2.24,always_hard,Fixed hard-entry cascade,hard,1.957715,5,True,False
panda,2dd05a450d9447c19712bc3e8a88fdb266a7c0dfd1f532100a67ca6da3441321,first frozen-order trajectory gained by CG-HIK versus hard entry,regular_near_singular_regular,113,2.2600000000000002,always_hard,Fixed hard-entry cascade,hard,1.966658,5,True,False
panda,2dd05a450d9447c19712bc3e8a88fdb266a7c0dfd1f532100a67ca6da3441321,first frozen-order trajectory gained by CG-HIK versus hard entry,regular_near_singular_regular,114,2.2800000000000002,always_hard,Fixed hard-entry cascade,hard,1.983225,5,True,False
panda,2dd05a450d9447c19712bc3e8a88fdb266a7c0dfd1f532100a67ca6da3441321,first frozen-order trajectory gained by CG-HIK versus hard entry,regular_near_singular_regular,115,2.3000000000000003,always_hard,Fixed hard-entry cascade,hard,1.9643,5,True,False
panda,2dd05a450d9447c19712bc3e8a88fdb266a7c0dfd1f532100a67ca6da3441321,first frozen-order trajectory gained by CG-HIK versus hard entry,regular_near_singular_regular,116,2.32,always_hard,Fixed hard-entry cascade,hard,1.945447,5,True,False
panda,2dd05a450d9447c19712bc3e8a88fdb266a7c0dfd1f532100a67ca6da3441321,first frozen-order trajectory gained by CG-HIK versus hard entry,regular_near_singular_regular,117,2.34,always_hard,Fixed hard-entry cascade,hard,2.14793,5,True,False
panda,2dd05a450d9447c19712bc3e8a88fdb266a7c0dfd1f532100a67ca6da3441321,first frozen-order trajectory gained by CG-HIK versus hard entry,regular_near_singular_regular,118,2.36,always_hard,Fixed hard-entry cascade,hard,2.008501,5,True,False
panda,2dd05a450d9447c19712bc3e8a88fdb266a7c0dfd1f532100a67ca6da3441321,first frozen-order trajectory gained by CG-HIK versus hard entry,regular_near_singular_regular,119,2.38,always_hard,Fixed hard-entry cascade,hard,1.987504,5,True,False
panda,2dd05a450d9447c19712bc3e8a88fdb266a7c0dfd1f532100a67ca6da3441321,first frozen-order trajectory gained by CG-HIK versus hard entry,regular_near_singular_regular,120,2.4,always_hard,Fixed hard-entry cascade,hard,1.965173,5,True,False
panda,2dd05a450d9447c19712bc3e8a88fdb266a7c0dfd1f532100a67ca6da3441321,first frozen-order trajectory gained by CG-HIK versus hard entry,regular_near_singular_regular,121,2.42,always_hard,Fixed hard-entry cascade,hard,2.127191,5,True,False
panda,2dd05a450d9447c19712bc3e8a88fdb266a7c0dfd1f532100a67ca6da3441321,first frozen-order trajectory gained by CG-HIK versus hard entry,regular_near_singular_regular,122,2.44,always_hard,Fixed hard-entry cascade,hard,1.971226,5,True,False
panda,2dd05a450d9447c19712bc3e8a88fdb266a7c0dfd1f532100a67ca6da3441321,first frozen-order trajectory gained by CG-HIK versus hard entry,regular_near_singular_regular,123,2.46,always_hard,Fixed hard-entry cascade,hard,1.954135,5,True,False
panda,2dd05a450d9447c19712bc3e8a88fdb266a7c0dfd1f532100a67ca6da3441321,first frozen-order trajectory gained by CG-HIK versus hard entry,regular_near_singular_regular,124,2.48,always_hard,Fixed hard-entry cascade,hard,2.001062,5,True,False
panda,2dd05a450d9447c19712bc3e8a88fdb266a7c0dfd1f532100a67ca6da3441321,first frozen-order trajectory gained by CG-HIK versus hard entry,regular_near_singular_regular,125,2.5,always_hard,Fixed hard-entry cascade,hard,1.967416,5,True,False
panda,2dd05a450d9447c19712bc3e8a88fdb266a7c0dfd1f532100a67ca6da3441321,first frozen-order trajectory gained by CG-HIK versus hard entry,regular_near_singular_regular,126,2.52,always_hard,Fixed hard-entry cascade,hard,2.142926,5,True,False
panda,2dd05a450d9447c19712bc3e8a88fdb266a7c0dfd1f532100a67ca6da3441321,first frozen-order trajectory gained by CG-HIK versus hard entry,regular_near_singular_regular,127,2.54,always_hard,Fixed hard-entry cascade,hard,1.966458,5,True,False
panda,2dd05a450d9447c19712bc3e8a88fdb266a7c0dfd1f532100a67ca6da3441321,first frozen-order trajectory gained by CG-HIK versus hard entry,regular_near_singular_regular,128,2.56,always_hard,Fixed hard-entry cascade,hard,1.984044,5,True,False
panda,2dd05a450d9447c19712bc3e8a88fdb266a7c0dfd1f532100a67ca6da3441321,first frozen-order trajectory gained by CG-HIK versus hard entry,regular_near_singular_regular,129,2.58,always_hard,Fixed hard-entry cascade,hard,1.97322,5,True,False
panda,2dd05a450d9447c19712bc3e8a88fdb266a7c0dfd1f532100a67ca6da3441321,first frozen-order trajectory gained by CG-HIK versus hard entry,regular_near_singular_regular,130,2.6,always_hard,Fixed hard-entry cascade,hard,1.272024,1,True,False
panda,2dd05a450d9447c19712bc3e8a88fdb266a7c0dfd1f532100a67ca6da3441321,first frozen-order trajectory gained by CG-HIK versus hard entry,regular_near_singular_regular,131,2.62,always_hard,Fixed hard-entry cascade,hard,1.283571,1,True,False
panda,2dd05a450d9447c19712bc3e8a88fdb266a7c0dfd1f532100a67ca6da3441321,first frozen-order trajectory gained by CG-HIK versus hard entry,regular_near_singular_regular,132,2.64,always_hard,Fixed hard-entry cascade,hard,1.619186,3,True,False
panda,2dd05a450d9447c19712bc3e8a88fdb266a7c0dfd1f532100a67ca6da3441321,first frozen-order trajectory gained by CG-HIK versus hard entry,regular_near_singular_regular,133,2.66,always_hard,Fixed hard-entry cascade,hard,1.253081,1,True,False
panda,2dd05a450d9447c19712bc3e8a88fdb266a7c0dfd1f532100a67ca6da3441321,first frozen-order trajectory gained by CG-HIK versus hard entry,regular_near_singular_regular,134,2.68,always_hard,Fixed hard-entry cascade,hard,1.284261,1,True,False
panda,2dd05a450d9447c19712bc3e8a88fdb266a7c0dfd1f532100a67ca6da3441321,first frozen-order trajectory gained by CG-HIK versus hard entry,regular_near_singular_regular,135,2.7,always_hard,Fixed hard-entry cascade,hard,1.608936,3,True,False
panda,2dd05a450d9447c19712bc3e8a88fdb266a7c0dfd1f532100a67ca6da3441321,first frozen-order trajectory gained by CG-HIK versus hard entry,regular_near_singular_regular,136,2.72,always_hard,Fixed hard-entry cascade,hard,1.270501,1,True,False
panda,2dd05a450d9447c19712bc3e8a88fdb266a7c0dfd1f532100a67ca6da3441321,first frozen-order trajectory gained by CG-HIK versus hard entry,regular_near_singular_regular,137,2.74,always_hard,Fixed hard-entry cascade,hard,1.626719,3,True,False
panda,2dd05a450d9447c19712bc3e8a88fdb266a7c0dfd1f532100a67ca6da3441321,first frozen-order trajectory gained by CG-HIK versus hard entry,regular_near_singular_regular,138,2.7600000000000002,always_hard,Fixed hard-entry cascade,hard,1.262749,1,True,False
panda,2dd05a450d9447c19712bc3e8a88fdb266a7c0dfd1f532100a67ca6da3441321,first frozen-order trajectory gained by CG-HIK versus hard entry,regular_near_singular_regular,139,2.7800000000000002,always_hard,Fixed hard-entry cascade,hard,1.626225,3,True,False
panda,2dd05a450d9447c19712bc3e8a88fdb266a7c0dfd1f532100a67ca6da3441321,first frozen-order trajectory gained by CG-HIK versus hard entry,regular_near_singular_regular,140,2.8000000000000003,always_hard,Fixed hard-entry cascade,hard,1.271702,1,True,False
panda,2dd05a450d9447c19712bc3e8a88fdb266a7c0dfd1f532100a67ca6da3441321,first frozen-order trajectory gained by CG-HIK versus hard entry,regular_near_singular_regular,141,2.82,always_hard,Fixed hard-entry cascade,hard,1.645253,3,True,False
panda,2dd05a450d9447c19712bc3e8a88fdb266a7c0dfd1f532100a67ca6da3441321,first frozen-order trajectory gained by CG-HIK versus hard entry,regular_near_singular_regular,142,2.84,always_hard,Fixed hard-entry cascade,hard,1.292984,1,True,False
panda,2dd05a450d9447c19712bc3e8a88fdb266a7c0dfd1f532100a67ca6da3441321,first frozen-order trajectory gained by CG-HIK versus hard entry,regular_near_singular_regular,143,2.86,always_hard,Fixed hard-entry cascade,hard,1.624742,3,True,False
panda,2dd05a450d9447c19712bc3e8a88fdb266a7c0dfd1f532100a67ca6da3441321,first frozen-order trajectory gained by CG-HIK versus hard entry,regular_near_singular_regular,144,2.88,always_hard,Fixed hard-entry cascade,hard,1.283639,1,True,False
panda,2dd05a450d9447c19712bc3e8a88fdb266a7c0dfd1f532100a67ca6da3441321,first frozen-order trajectory gained by CG-HIK versus hard entry,regular_near_singular_regular,145,2.9,always_hard,Fixed hard-entry cascade,hard,1.274877,1,True,False
panda,2dd05a450d9447c19712bc3e8a88fdb266a7c0dfd1f532100a67ca6da3441321,first frozen-order trajectory gained by CG-HIK versus hard entry,regular_near_singular_regular,146,2.92,always_hard,Fixed hard-entry cascade,hard,1.624897,3,True,False
panda,2dd05a450d9447c19712bc3e8a88fdb266a7c0dfd1f532100a67ca6da3441321,first frozen-order trajectory gained by CG-HIK versus hard entry,regular_near_singular_regular,147,2.94,always_hard,Fixed hard-entry cascade,hard,1.283619,1,True,False
panda,2dd05a450d9447c19712bc3e8a88fdb266a7c0dfd1f532100a67ca6da3441321,first frozen-order trajectory gained by CG-HIK versus hard entry,regular_near_singular_regular,148,2.96,always_hard,Fixed hard-entry cascade,hard,1.284222,1,True,False
panda,2dd05a450d9447c19712bc3e8a88fdb266a7c0dfd1f532100a67ca6da3441321,first frozen-order trajectory gained by CG-HIK versus hard entry,regular_near_singular_regular,149,2.98,always_hard,Fixed hard-entry cascade,hard,1.621761,3,True,False
panda,2dd05a450d9447c19712bc3e8a88fdb266a7c0dfd1f532100a67ca6da3441321,first frozen-order trajectory gained by CG-HIK versus hard entry,regular_near_singular_regular,0,0.0,counterfactual_cghik_v4,CG-HIK,easy,2.065753,1,True,False
panda,2dd05a450d9447c19712bc3e8a88fdb266a7c0dfd1f532100a67ca6da3441321,first frozen-order trajectory gained by CG-HIK versus hard entry,regular_near_singular_regular,1,0.02,counterfactual_cghik_v4,CG-HIK,easy,1.472212,1,True,False
panda,2dd05a450d9447c19712bc3e8a88fdb266a7c0dfd1f532100a67ca6da3441321,first frozen-order trajectory gained by CG-HIK versus hard entry,regular_near_singular_regular,2,0.04,counterfactual_cghik_v4,CG-HIK,easy,1.823382,3,True,False
panda,2dd05a450d9447c19712bc3e8a88fdb266a7c0dfd1f532100a67ca6da3441321,first frozen-order trajectory gained by CG-HIK versus hard entry,regular_near_singular_regular,3,0.06,counterfactual_cghik_v4,CG-HIK,easy,1.460125,1,True,False
panda,2dd05a450d9447c19712bc3e8a88fdb266a7c0dfd1f532100a67ca6da3441321,first frozen-order trajectory gained by CG-HIK versus hard entry,regular_near_singular_regular,4,0.08,counterfactual_cghik_v4,CG-HIK,easy,2.062831,1,True,False
panda,2dd05a450d9447c19712bc3e8a88fdb266a7c0dfd1f532100a67ca6da3441321,first frozen-order trajectory gained by CG-HIK versus hard entry,regular_near_singular_regular,5,0.1,counterfactual_cghik_v4,CG-HIK,easy,1.458204,1,True,False
panda,2dd05a450d9447c19712bc3e8a88fdb266a7c0dfd1f532100a67ca6da3441321,first frozen-order trajectory gained by CG-HIK versus hard entry,regular_near_singular_regular,6,0.12,counterfactual_cghik_v4,CG-HIK,easy,1.451906,1,True,False
panda,2dd05a450d9447c19712bc3e8a88fdb266a7c0dfd1f532100a67ca6da3441321,first frozen-order trajectory gained by CG-HIK versus hard entry,regular_near_singular_regular,7,0.14,counterfactual_cghik_v4,CG-HIK,easy,1.462009,1,True,False
panda,2dd05a450d9447c19712bc3e8a88fdb266a7c0dfd1f532100a67ca6da3441321,first frozen-order trajectory gained by CG-HIK versus hard entry,regular_near_singular_regular,8,0.16,counterfactual_cghik_v4,CG-HIK,easy,1.458713,1,True,False
panda,2dd05a450d9447c19712bc3e8a88fdb266a7c0dfd1f532100a67ca6da3441321,first frozen-order trajectory gained by CG-HIK versus hard entry,regular_near_singular_regular,9,0.18,counterfactual_cghik_v4,CG-HIK,easy,1.4521,1,True,False
panda,2dd05a450d9447c19712bc3e8a88fdb266a7c0dfd1f532100a67ca6da3441321,first frozen-order trajectory gained by CG-HIK versus hard entry,regular_near_singular_regular,10,0.2,counterfactual_cghik_v4,CG-HIK,easy,1.819092,3,True,False
panda,2dd05a450d9447c19712bc3e8a88fdb266a7c0dfd1f532100a67ca6da3441321,first frozen-order trajectory gained by CG-HIK versus hard entry,regular_near_singular_regular,11,0.22,counterfactual_cghik_v4,CG-HIK,easy,1.473525,1,True,False
panda,2dd05a450d9447c19712bc3e8a88fdb266a7c0dfd1f532100a67ca6da3441321,first frozen-order trajectory gained by CG-HIK versus hard entry,regular_near_singular_regular,12,0.24,counterfactual_cghik_v4,CG-HIK,easy,1.957851,3,True,False
panda,2dd05a450d9447c19712bc3e8a88fdb266a7c0dfd1f532100a67ca6da3441321,first frozen-order trajectory gained by CG-HIK versus hard entry,regular_near_singular_regular,13,0.26,counterfactual_cghik_v4,CG-HIK,easy,1.459417,1,True,False
panda,2dd05a450d9447c19712bc3e8a88fdb266a7c0dfd1f532100a67ca6da3441321,first frozen-order trajectory gained by CG-HIK versus hard entry,regular_near_singular_regular,14,0.28,counterfactual_cghik_v4,CG-HIK,easy,1.448854,1,True,False
panda,2dd05a450d9447c19712bc3e8a88fdb266a7c0dfd1f532100a67ca6da3441321,first frozen-order trajectory gained by CG-HIK versus hard entry,regular_near_singular_regular,15,0.3,counterfactual_cghik_v4,CG-HIK,easy,1.469369,1,True,False
panda,2dd05a450d9447c19712bc3e8a88fdb266a7c0dfd1f532100a67ca6da3441321,first frozen-order trajectory gained by CG-HIK versus hard entry,regular_near_singular_regular,16,0.32,counterfactual_cghik_v4,CG-HIK,easy,1.467869,1,True,False
panda,2dd05a450d9447c19712bc3e8a88fdb266a7c0dfd1f532100a67ca6da3441321,first frozen-order trajectory gained by CG-HIK versus hard entry,regular_near_singular_regular,17,0.34,counterfactual_cghik_v4,CG-HIK,easy,1.469245,1,True,False
panda,2dd05a450d9447c19712bc3e8a88fdb266a7c0dfd1f532100a67ca6da3441321,first frozen-order trajectory gained by CG-HIK versus hard entry,regular_near_singular_regular,18,0.36,counterfactual_cghik_v4,CG-HIK,easy,1.46129,1,True,False
panda,2dd05a450d9447c19712bc3e8a88fdb266a7c0dfd1f532100a67ca6da3441321,first frozen-order trajectory gained by CG-HIK versus hard entry,regular_near_singular_regular,19,0.38,counterfactual_cghik_v4,CG-HIK,easy,1.826,3,True,False
panda,2dd05a450d9447c19712bc3e8a88fdb266a7c0dfd1f532100a67ca6da3441321,first frozen-order trajectory gained by CG-HIK versus hard entry,regular_near_singular_regular,20,0.4,counterfactual_cghik_v4,CG-HIK,hard,2.16956,5,True,False
panda,2dd05a450d9447c19712bc3e8a88fdb266a7c0dfd1f532100a67ca6da3441321,first frozen-order trajectory gained by CG-HIK versus hard entry,regular_near_singular_regular,21,0.42,counterfactual_cghik_v4,CG-HIK,hard,2.158799,5,True,False
panda,2dd05a450d9447c19712bc3e8a88fdb266a7c0dfd1f532100a67ca6da3441321,first frozen-order trajectory gained by CG-HIK versus hard entry,regular_near_singular_regular,22,0.44,counterfactual_cghik_v4,CG-HIK,hard,2.215905,5,True,False
panda,2dd05a450d9447c19712bc3e8a88fdb266a7c0dfd1f532100a67ca6da3441321,first frozen-order trajectory gained by CG-HIK versus hard entry,regular_near_singular_regular,23,0.46,counterfactual_cghik_v4,CG-HIK,hard,2.162222,5,True,False
panda,2dd05a450d9447c19712bc3e8a88fdb266a7c0dfd1f532100a67ca6da3441321,first frozen-order trajectory gained by CG-HIK versus hard entry,regular_near_singular_regular,24,0.48,counterfactual_cghik_v4,CG-HIK,hard,2.240147,5,True,False
panda,2dd05a450d9447c19712bc3e8a88fdb266a7c0dfd1f532100a67ca6da3441321,first frozen-order trajectory gained by CG-HIK versus hard entry,regular_near_singular_regular,25,0.5,counterfactual_cghik_v4,CG-HIK,hard,2.165044,5,True,False
panda,2dd05a450d9447c19712bc3e8a88fdb266a7c0dfd1f532100a67ca6da3441321,first frozen-order trajectory gained by CG-HIK versus hard entry,regular_near_singular_regular,26,0.52,counterfactual_cghik_v4,CG-HIK,hard,2.663273,5,True,False
panda,2dd05a450d9447c19712bc3e8a88fdb266a7c0dfd1f532100a67ca6da3441321,first frozen-order trajectory gained by CG-HIK versus hard entry,regular_near_singular_regular,27,0.54,counterfactual_cghik_v4,CG-HIK,hard,2.190911,5,True,False
panda,2dd05a450d9447c19712bc3e8a88fdb266a7c0dfd1f532100a67ca6da3441321,first frozen-order trajectory gained by CG-HIK versus hard entry,regular_near_singular_regular,28,0.56,counterfactual_cghik_v4,CG-HIK,hard,2.191961,5,True,False
panda,2dd05a450d9447c19712bc3e8a88fdb266a7c0dfd1f532100a67ca6da3441321,first frozen-order trajectory gained by CG-HIK versus hard entry,regular_near_singular_regular,29,0.58,counterfactual_cghik_v4,CG-HIK,hard,2.144411,5,True,False
panda,2dd05a450d9447c19712bc3e8a88fdb266a7c0dfd1f532100a67ca6da3441321,first frozen-order trajectory gained by CG-HIK versus hard entry,regular_near_singular_regular,30,0.6,counterfactual_cghik_v4,CG-HIK,hard,2.167851,5,True,False
panda,2dd05a450d9447c19712bc3e8a88fdb266a7c0dfd1f532100a67ca6da3441321,first frozen-order trajectory gained by CG-HIK versus hard entry,regular_near_singular_regular,31,0.62,counterfactual_cghik_v4,CG-HIK,hard,2.266,5,True,False
panda,2dd05a450d9447c19712bc3e8a88fdb266a7c0dfd1f532100a67ca6da3441321,first frozen-order trajectory gained by CG-HIK versus hard entry,regular_near_singular_regular,32,0.64,counterfactual_cghik_v4,CG-HIK,hard,2.154708,5,True,False
panda,2dd05a450d9447c19712bc3e8a88fdb266a7c0dfd1f532100a67ca6da3441321,first frozen-order trajectory gained by CG-HIK versus hard entry,regular_near_singular_regular,33,0.66,counterfactual_cghik_v4,CG-HIK,hard,2.416603,5,True,False
panda,2dd05a450d9447c19712bc3e8a88fdb266a7c0dfd1f532100a67ca6da3441321,first frozen-order trajectory gained by CG-HIK versus hard entry,regular_near_singular_regular,34,0.68,counterfactual_cghik_v4,CG-HIK,hard,2.165724,5,True,False
panda,2dd05a450d9447c19712bc3e8a88fdb266a7c0dfd1f532100a67ca6da3441321,first frozen-order trajectory gained by CG-HIK versus hard entry,regular_near_singular_regular,35,0.7000000000000001,counterfactual_cghik_v4,CG-HIK,hard,1.825571,3,True,False
panda,2dd05a450d9447c19712bc3e8a88fdb266a7c0dfd1f532100a67ca6da3441321,first frozen-order trajectory gained by CG-HIK versus hard entry,regular_near_singular_regular,36,0.72,counterfactual_cghik_v4,CG-HIK,hard,1.823819,3,True,False
panda,2dd05a450d9447c19712bc3e8a88fdb266a7c0dfd1f532100a67ca6da3441321,first frozen-order trajectory gained by CG-HIK versus hard entry,regular_near_singular_regular,37,0.74,counterfactual_cghik_v4,CG-HIK,hard,1.974558,3,True,False
panda,2dd05a450d9447c19712bc3e8a88fdb266a7c0dfd1f532100a67ca6da3441321,first frozen-order trajectory gained by CG-HIK versus hard entry,regular_near_singular_regular,38,0.76,counterfactual_cghik_v4,CG-HIK,hard,1.850098,3,True,False
panda,2dd05a450d9447c19712bc3e8a88fdb266a7c0dfd1f532100a67ca6da3441321,first frozen-order trajectory gained by CG-HIK versus hard entry,regular_near_singular_regular,39,0.78,counterfactual_cghik_v4,CG-HIK,hard,1.862119,3,True,False
panda,2dd05a450d9447c19712bc3e8a88fdb266a7c0dfd1f532100a67ca6da3441321,first frozen-order trajectory gained by CG-HIK versus hard entry,regular_near_singular_regular,40,0.8,counterfactual_cghik_v4,CG-HIK,hard,2.017603,3,True,False
panda,2dd05a450d9447c19712bc3e8a88fdb266a7c0dfd1f532100a67ca6da3441321,first frozen-order trajectory gained by CG-HIK versus hard entry,regular_near_singular_regular,41,0.8200000000000001,counterfactual_cghik_v4,CG-HIK,hard,2.017978,3,True,False
panda,2dd05a450d9447c19712bc3e8a88fdb266a7c0dfd1f532100a67ca6da3441321,first frozen-order trajectory gained by CG-HIK versus hard entry,regular_near_singular_regular,42,0.84,counterfactual_cghik_v4,CG-HIK,hard,2.533469,3,True,False
panda,2dd05a450d9447c19712bc3e8a88fdb266a7c0dfd1f532100a67ca6da3441321,first frozen-order trajectory gained by CG-HIK versus hard entry,regular_near_singular_regular,43,0.86,counterfactual_cghik_v4,CG-HIK,hard,1.961925,3,True,False
panda,2dd05a450d9447c19712bc3e8a88fdb266a7c0dfd1f532100a67ca6da3441321,first frozen-order trajectory gained by CG-HIK versus hard entry,regular_near_singular_regular,44,0.88,counterfactual_cghik_v4,CG-HIK,hard,2.022581,3,True,False
panda,2dd05a450d9447c19712bc3e8a88fdb266a7c0dfd1f532100a67ca6da3441321,first frozen-order trajectory gained by CG-HIK versus hard entry,regular_near_singular_regular,45,0.9,counterfactual_cghik_v4,CG-HIK,hard,1.981064,3,True,False
panda,2dd05a450d9447c19712bc3e8a88fdb266a7c0dfd1f532100a67ca6da3441321,first frozen-order trajectory gained by CG-HIK versus hard entry,regular_near_singular_regular,46,0.92,counterfactual_cghik_v4,CG-HIK,hard,1.812061,3,True,False
panda,2dd05a450d9447c19712bc3e8a88fdb266a7c0dfd1f532100a67ca6da3441321,first frozen-order trajectory gained by CG-HIK versus hard entry,regular_near_singular_regular,47,0.9400000000000001,counterfactual_cghik_v4,CG-HIK,hard,2.010662,3,True,False
panda,2dd05a450d9447c19712bc3e8a88fdb266a7c0dfd1f532100a67ca6da3441321,first frozen-order trajectory gained by CG-HIK versus hard entry,regular_near_singular_regular,48,0.96,counterfactual_cghik_v4,CG-HIK,hard,1.959308,3,True,False
panda,2dd05a450d9447c19712bc3e8a88fdb266a7c0dfd1f532100a67ca6da3441321,first frozen-order trajectory gained by CG-HIK versus hard entry,regular_near_singular_regular,49,0.98,counterfactual_cghik_v4,CG-HIK,hard,1.962005,3,True,False
panda,2dd05a450d9447c19712bc3e8a88fdb266a7c0dfd1f532100a67ca6da3441321,first frozen-order trajectory gained by CG-HIK versus hard entry,regular_near_singular_regular,50,1.0,counterfactual_cghik_v4,CG-HIK,hard,2.053576,3,True,False
panda,2dd05a450d9447c19712bc3e8a88fdb266a7c0dfd1f532100a67ca6da3441321,first frozen-order trajectory gained by CG-HIK versus hard entry,regular_near_singular_regular,51,1.02,counterfactual_cghik_v4,CG-HIK,hard,2.000216,3,True,False
panda,2dd05a450d9447c19712bc3e8a88fdb266a7c0dfd1f532100a67ca6da3441321,first frozen-order trajectory gained by CG-HIK versus hard entry,regular_near_singular_regular,52,1.04,counterfactual_cghik_v4,CG-HIK,hard,1.920214,3,True,False
panda,2dd05a450d9447c19712bc3e8a88fdb266a7c0dfd1f532100a67ca6da3441321,first frozen-order trajectory gained by CG-HIK versus hard entry,regular_near_singular_regular,53,1.06,counterfactual_cghik_v4,CG-HIK,hard,1.861833,3,True,False
panda,2dd05a450d9447c19712bc3e8a88fdb266a7c0dfd1f532100a67ca6da3441321,first frozen-order trajectory gained by CG-HIK versus hard entry,regular_near_singular_regular,54,1.08,counterfactual_cghik_v4,CG-HIK,hard,2.702745,8,True,False
panda,2dd05a450d9447c19712bc3e8a88fdb266a7c0dfd1f532100a67ca6da3441321,first frozen-order trajectory gained by CG-HIK versus hard entry,regular_near_singular_regular,55,1.1,counterfactual_cghik_v4,CG-HIK,hard,2.537366,5,True,False
panda,2dd05a450d9447c19712bc3e8a88fdb266a7c0dfd1f532100a67ca6da3441321,first frozen-order trajectory gained by CG-HIK versus hard entry,regular_near_singular_regular,56,1.12,counterfactual_cghik_v4,CG-HIK,hard,2.562808,5,True,False
panda,2dd05a450d9447c19712bc3e8a88fdb266a7c0dfd1f532100a67ca6da3441321,first frozen-order trajectory gained by CG-HIK versus hard entry,regular_near_singular_regular,57,1.1400000000000001,counterfactual_cghik_v4,CG-HIK,hard,2.181284,5,True,False
panda,2dd05a450d9447c19712bc3e8a88fdb266a7c0dfd1f532100a67ca6da3441321,first frozen-order trajectory gained by CG-HIK versus hard entry,regular_near_singular_regular,58,1.16,counterfactual_cghik_v4,CG-HIK,hard,2.437937,5,True,False
panda,2dd05a450d9447c19712bc3e8a88fdb266a7c0dfd1f532100a67ca6da3441321,first frozen-order trajectory gained by CG-HIK versus hard entry,regular_near_singular_regular,59,1.18,counterfactual_cghik_v4,CG-HIK,hard,2.755542,5,True,False
panda,2dd05a450d9447c19712bc3e8a88fdb266a7c0dfd1f532100a67ca6da3441321,first frozen-order trajectory gained by CG-HIK versus hard entry,regular_near_singular_regular,60,1.2,counterfactual_cghik_v4,CG-HIK,hard,2.290505,5,True,False
panda,2dd05a450d9447c19712bc3e8a88fdb266a7c0dfd1f532100a67ca6da3441321,first frozen-order trajectory gained by CG-HIK versus hard entry,regular_near_singular_regular,61,1.22,counterfactual_cghik_v4,CG-HIK,hard,3.112133,8,True,False
panda,2dd05a450d9447c19712bc3e8a88fdb266a7c0dfd1f532100a67ca6da3441321,first frozen-order trajectory gained by CG-HIK versus hard entry,regular_near_singular_regular,62,1.24,counterfactual_cghik_v4,CG-HIK,hard,2.131018,3,True,False
panda,2dd05a450d9447c19712bc3e8a88fdb266a7c0dfd1f532100a67ca6da3441321,first frozen-order trajectory gained by CG-HIK versus hard entry,regular_near_singular_regular,63,1.26,counterfactual_cghik_v4,CG-HIK,hard,1.838559,3,True,False
panda,2dd05a450d9447c19712bc3e8a88fdb266a7c0dfd1f532100a67ca6da3441321,first frozen-order trajectory gained by CG-HIK versus hard entry,regular_near_singular_regular,64,1.28,counterfactual_cghik_v4,CG-HIK,hard,2.053647,3,True,False
panda,2dd05a450d9447c19712bc3e8a88fdb266a7c0dfd1f532100a67ca6da3441321,first frozen-order trajectory gained by CG-HIK versus hard entry,regular_near_singular_regular,65,1.3,counterfactual_cghik_v4,CG-HIK,easy,1.794957,1,True,False
panda,2dd05a450d9447c19712bc3e8a88fdb266a7c0dfd1f532100a67ca6da3441321,first frozen-order trajectory gained by CG-HIK versus hard entry,regular_near_singular_regular,66,1.32,counterfactual_cghik_v4,CG-HIK,easy,1.457968,1,True,False
panda,2dd05a450d9447c19712bc3e8a88fdb266a7c0dfd1f532100a67ca6da3441321,first frozen-order trajectory gained by CG-HIK versus hard entry,regular_near_singular_regular,67,1.34,counterfactual_cghik_v4,CG-HIK,easy,1.857938,1,True,False
panda,2dd05a450d9447c19712bc3e8a88fdb266a7c0dfd1f532100a67ca6da3441321,first frozen-order trajectory gained by CG-HIK versus hard entry,regular_near_singular_regular,68,1.36,counterfactual_cghik_v4,CG-HIK,easy,2.344549,1,True,False
panda,2dd05a450d9447c19712bc3e8a88fdb266a7c0dfd1f532100a67ca6da3441321,first frozen-order trajectory gained by CG-HIK versus hard entry,regular_near_singular_regular,69,1.3800000000000001,counterfactual_cghik_v4,CG-HIK,easy,1.719174,1,True,False
panda,2dd05a450d9447c19712bc3e8a88fdb266a7c0dfd1f532100a67ca6da3441321,first frozen-order trajectory gained by CG-HIK versus hard entry,regular_near_singular_regular,70,1.4000000000000001,counterfactual_cghik_v4,CG-HIK,easy,1.87471,1,True,False
panda,2dd05a450d9447c19712bc3e8a88fdb266a7c0dfd1f532100a67ca6da3441321,first frozen-order trajectory gained by CG-HIK versus hard entry,regular_near_singular_regular,71,1.42,counterfactual_cghik_v4,CG-HIK,easy,2.099362,1,True,False
panda,2dd05a450d9447c19712bc3e8a88fdb266a7c0dfd1f532100a67ca6da3441321,first frozen-order trajectory gained by CG-HIK versus hard entry,regular_near_singular_regular,72,1.44,counterfactual_cghik_v4,CG-HIK,easy,1.468086,1,True,False
panda,2dd05a450d9447c19712bc3e8a88fdb266a7c0dfd1f532100a67ca6da3441321,first frozen-order trajectory gained by CG-HIK versus hard entry,regular_near_singular_regular,73,1.46,counterfactual_cghik_v4,CG-HIK,easy,2.027496,1,True,False
panda,2dd05a450d9447c19712bc3e8a88fdb266a7c0dfd1f532100a67ca6da3441321,first frozen-order trajectory gained by CG-HIK versus hard entry,regular_near_singular_regular,74,1.48,counterfactual_cghik_v4,CG-HIK,easy,1.883309,1,True,False
panda,2dd05a450d9447c19712bc3e8a88fdb266a7c0dfd1f532100a67ca6da3441321,first frozen-order trajectory gained by CG-HIK versus hard entry,regular_near_singular_regular,75,1.5,counterfactual_cghik_v4,CG-HIK,easy,1.470824,1,True,False
panda,2dd05a450d9447c19712bc3e8a88fdb266a7c0dfd1f532100a67ca6da3441321,first frozen-order trajectory gained by CG-HIK versus hard entry,regular_near_singular_regular,76,1.52,counterfactual_cghik_v4,CG-HIK,easy,1.804271,1,True,False
panda,2dd05a450d9447c19712bc3e8a88fdb266a7c0dfd1f532100a67ca6da3441321,first frozen-order trajectory gained by CG-HIK versus hard entry,regular_near_singular_regular,77,1.54,counterfactual_cghik_v4,CG-HIK,easy,1.722241,1,True,False
panda,2dd05a450d9447c19712bc3e8a88fdb266a7c0dfd1f532100a67ca6da3441321,first frozen-order trajectory gained by CG-HIK versus hard entry,regular_near_singular_regular,78,1.56,counterfactual_cghik_v4,CG-HIK,easy,1.534722,1,True,False
panda,2dd05a450d9447c19712bc3e8a88fdb266a7c0dfd1f532100a67ca6da3441321,first frozen-order trajectory gained by CG-HIK versus hard entry,regular_near_singular_regular,79,1.58,counterfactual_cghik_v4,CG-HIK,easy,2.115974,1,True,False
panda,2dd05a450d9447c19712bc3e8a88fdb266a7c0dfd1f532100a67ca6da3441321,first frozen-order trajectory gained by CG-HIK versus hard entry,regular_near_singular_regular,80,1.6,counterfactual_cghik_v4,CG-HIK,easy,1.820306,1,True,False
panda,2dd05a450d9447c19712bc3e8a88fdb266a7c0dfd1f532100a67ca6da3441321,first frozen-order trajectory gained by CG-HIK versus hard entry,regular_near_singular_regular,81,1.62,counterfactual_cghik_v4,CG-HIK,easy,1.551695,1,True,False
panda,2dd05a450d9447c19712bc3e8a88fdb266a7c0dfd1f532100a67ca6da3441321,first frozen-order trajectory gained by CG-HIK versus hard entry,regular_near_singular_regular,82,1.6400000000000001,counterfactual_cghik_v4,CG-HIK,easy,1.865977,1,True,False
panda,2dd05a450d9447c19712bc3e8a88fdb266a7c0dfd1f532100a67ca6da3441321,first frozen-order trajectory gained by CG-HIK versus hard entry,regular_near_singular_regular,83,1.6600000000000001,counterfactual_cghik_v4,CG-HIK,easy,2.010712,1,True,False
panda,2dd05a450d9447c19712bc3e8a88fdb266a7c0dfd1f532100a67ca6da3441321,first frozen-order trajectory gained by CG-HIK versus hard entry,regular_near_singular_regular,84,1.68,counterfactual_cghik_v4,CG-HIK,easy,1.475441,1,True,False
panda,2dd05a450d9447c19712bc3e8a88fdb266a7c0dfd1f532100a67ca6da3441321,first frozen-order trajectory gained by CG-HIK versus hard entry,regular_near_singular_regular,85,1.7,counterfactual_cghik_v4,CG-HIK,hard,2.48021,3,True,False
panda,2dd05a450d9447c19712bc3e8a88fdb266a7c0dfd1f532100a67ca6da3441321,first frozen-order trajectory gained by CG-HIK versus hard entry,regular_near_singular_regular,86,1.72,counterfactual_cghik_v4,CG-HIK,hard,2.1826,3,True,False
panda,2dd05a450d9447c19712bc3e8a88fdb266a7c0dfd1f532100a67ca6da3441321,first frozen-order trajectory gained by CG-HIK versus hard entry,regular_near_singular_regular,87,1.74,counterfactual_cghik_v4,CG-HIK,hard,2.143463,3,True,False
panda,2dd05a450d9447c19712bc3e8a88fdb266a7c0dfd1f532100a67ca6da3441321,first frozen-order trajectory gained by CG-HIK versus hard entry,regular_near_singular_regular,88,1.76,counterfactual_cghik_v4,CG-HIK,hard,2.322538,3,True,False
panda,2dd05a450d9447c19712bc3e8a88fdb266a7c0dfd1f532100a67ca6da3441321,first frozen-order trajectory gained by CG-HIK versus hard entry,regular_near_singular_regular,89,1.78,counterfactual_cghik_v4,CG-HIK,hard,2.166321,3,True,False
panda,2dd05a450d9447c19712bc3e8a88fdb266a7c0dfd1f532100a67ca6da3441321,first frozen-order trajectory gained by CG-HIK versus hard entry,regular_near_singular_regular,90,1.8,counterfactual_cghik_v4,CG-HIK,hard,1.97838,3,True,False
panda,2dd05a450d9447c19712bc3e8a88fdb266a7c0dfd1f532100a67ca6da3441321,first frozen-order trajectory gained by CG-HIK versus hard entry,regular_near_singular_regular,91,1.82,counterfactual_cghik_v4,CG-HIK,hard,2.168605,3,True,False
panda,2dd05a450d9447c19712bc3e8a88fdb266a7c0dfd1f532100a67ca6da3441321,first frozen-order trajectory gained by CG-HIK versus hard entry,regular_near_singular_regular,92,1.84,counterfactual_cghik_v4,CG-HIK,hard,2.512138,3,True,False
panda,2dd05a450d9447c19712bc3e8a88fdb266a7c0dfd1f532100a67ca6da3441321,first frozen-order trajectory gained by CG-HIK versus hard entry,regular_near_singular_regular,93,1.86,counterfactual_cghik_v4,CG-HIK,hard,1.973129,3,True,False
panda,2dd05a450d9447c19712bc3e8a88fdb266a7c0dfd1f532100a67ca6da3441321,first frozen-order trajectory gained by CG-HIK versus hard entry,regular_near_singular_regular,94,1.8800000000000001,counterfactual_cghik_v4,CG-HIK,hard,2.219236,3,True,False
panda,2dd05a450d9447c19712bc3e8a88fdb266a7c0dfd1f532100a67ca6da3441321,first frozen-order trajectory gained by CG-HIK versus hard entry,regular_near_singular_regular,95,1.9000000000000001,counterfactual_cghik_v4,CG-HIK,hard,1.818188,3,True,False
panda,2dd05a450d9447c19712bc3e8a88fdb266a7c0dfd1f532100a67ca6da3441321,first frozen-order trajectory gained by CG-HIK versus hard entry,regular_near_singular_regular,96,1.92,counterfactual_cghik_v4,CG-HIK,hard,1.828923,3,True,False
panda,2dd05a450d9447c19712bc3e8a88fdb266a7c0dfd1f532100a67ca6da3441321,first frozen-order trajectory gained by CG-HIK versus hard entry,regular_near_singular_regular,97,1.94,counterfactual_cghik_v4,CG-HIK,hard,1.870819,3,True,False
panda,2dd05a450d9447c19712bc3e8a88fdb266a7c0dfd1f532100a67ca6da3441321,first frozen-order trajectory gained by CG-HIK versus hard entry,regular_near_singular_regular,98,1.96,counterfactual_cghik_v4,CG-HIK,hard,1.829434,3,True,False
panda,2dd05a450d9447c19712bc3e8a88fdb266a7c0dfd1f532100a67ca6da3441321,first frozen-order trajectory gained by CG-HIK versus hard entry,regular_near_singular_regular,99,1.98,counterfactual_cghik_v4,CG-HIK,hard,1.866617,3,True,False
panda,2dd05a450d9447c19712bc3e8a88fdb266a7c0dfd1f532100a67ca6da3441321,first frozen-order trajectory gained by CG-HIK versus hard entry,regular_near_singular_regular,100,2.0,counterfactual_cghik_v4,CG-HIK,hard,1.83391,3,True,False
panda,2dd05a450d9447c19712bc3e8a88fdb266a7c0dfd1f532100a67ca6da3441321,first frozen-order trajectory gained by CG-HIK versus hard entry,regular_near_singular_regular,101,2.02,counterfactual_cghik_v4,CG-HIK,hard,1.815576,3,True,False
panda,2dd05a450d9447c19712bc3e8a88fdb266a7c0dfd1f532100a67ca6da3441321,first frozen-order trajectory gained by CG-HIK versus hard entry,regular_near_singular_regular,102,2.04,counterfactual_cghik_v4,CG-HIK,hard,1.839984,3,True,False
panda,2dd05a450d9447c19712bc3e8a88fdb266a7c0dfd1f532100a67ca6da3441321,first frozen-order trajectory gained by CG-HIK versus hard entry,regular_near_singular_regular,103,2.06,counterfactual_cghik_v4,CG-HIK,hard,1.808547,3,True,False
panda,2dd05a450d9447c19712bc3e8a88fdb266a7c0dfd1f532100a67ca6da3441321,first frozen-order trajectory gained by CG-HIK versus hard entry,regular_near_singular_regular,104,2.08,counterfactual_cghik_v4,CG-HIK,hard,1.852768,3,True,False
panda,2dd05a450d9447c19712bc3e8a88fdb266a7c0dfd1f532100a67ca6da3441321,first frozen-order trajectory gained by CG-HIK versus hard entry,regular_near_singular_regular,105,2.1,counterfactual_cghik_v4,CG-HIK,hard,1.883021,3,True,False
panda,2dd05a450d9447c19712bc3e8a88fdb266a7c0dfd1f532100a67ca6da3441321,first frozen-order trajectory gained by CG-HIK versus hard entry,regular_near_singular_regular,106,2.12,counterfactual_cghik_v4,CG-HIK,hard,2.160175,5,True,False
panda,2dd05a450d9447c19712bc3e8a88fdb266a7c0dfd1f532100a67ca6da3441321,first frozen-order trajectory gained by CG-HIK versus hard entry,regular_near_singular_regular,107,2.14,counterfactual_cghik_v4,CG-HIK,hard,2.158263,5,True,False
panda,2dd05a450d9447c19712bc3e8a88fdb266a7c0dfd1f532100a67ca6da3441321,first frozen-order trajectory gained by CG-HIK versus hard entry,regular_near_singular_regular,108,2.16,counterfactual_cghik_v4,CG-HIK,hard,2.180093,5,True,False
panda,2dd05a450d9447c19712bc3e8a88fdb266a7c0dfd1f532100a67ca6da3441321,first frozen-order trajectory gained by CG-HIK versus hard entry,regular_near_singular_regular,109,2.18,counterfactual_cghik_v4,CG-HIK,hard,2.154838,5,True,False
panda,2dd05a450d9447c19712bc3e8a88fdb266a7c0dfd1f532100a67ca6da3441321,first frozen-order trajectory gained by CG-HIK versus hard entry,regular_near_singular_regular,110,2.2,counterfactual_cghik_v4,CG-HIK,hard,2.15527,5,True,False
panda,2dd05a450d9447c19712bc3e8a88fdb266a7c0dfd1f532100a67ca6da3441321,first frozen-order trajectory gained by CG-HIK versus hard entry,regular_near_singular_regular,111,2.22,counterfactual_cghik_v4,CG-HIK,hard,2.184594,5,True,False
panda,2dd05a450d9447c19712bc3e8a88fdb266a7c0dfd1f532100a67ca6da3441321,first frozen-order trajectory gained by CG-HIK versus hard entry,regular_near_singular_regular,112,2.24,counterfactual_cghik_v4,CG-HIK,hard,2.20118,5,True,False
panda,2dd05a450d9447c19712bc3e8a88fdb266a7c0dfd1f532100a67ca6da3441321,first frozen-order trajectory gained by CG-HIK versus hard entry,regular_near_singular_regular,113,2.2600000000000002,counterfactual_cghik_v4,CG-HIK,hard,2.185308,5,True,False
panda,2dd05a450d9447c19712bc3e8a88fdb266a7c0dfd1f532100a67ca6da3441321,first frozen-order trajectory gained by CG-HIK versus hard entry,regular_near_singular_regular,114,2.2800000000000002,counterfactual_cghik_v4,CG-HIK,hard,2.21324,5,True,False
panda,2dd05a450d9447c19712bc3e8a88fdb266a7c0dfd1f532100a67ca6da3441321,first frozen-order trajectory gained by CG-HIK versus hard entry,regular_near_singular_regular,115,2.3000000000000003,counterfactual_cghik_v4,CG-HIK,hard,2.169548,5,True,False
panda,2dd05a450d9447c19712bc3e8a88fdb266a7c0dfd1f532100a67ca6da3441321,first frozen-order trajectory gained by CG-HIK versus hard entry,regular_near_singular_regular,116,2.32,counterfactual_cghik_v4,CG-HIK,hard,2.165152,5,True,False
panda,2dd05a450d9447c19712bc3e8a88fdb266a7c0dfd1f532100a67ca6da3441321,first frozen-order trajectory gained by CG-HIK versus hard entry,regular_near_singular_regular,117,2.34,counterfactual_cghik_v4,CG-HIK,hard,2.180207,5,True,False
panda,2dd05a450d9447c19712bc3e8a88fdb266a7c0dfd1f532100a67ca6da3441321,first frozen-order trajectory gained by CG-HIK versus hard entry,regular_near_singular_regular,118,2.36,counterfactual_cghik_v4,CG-HIK,hard,2.299292,5,True,False
panda,2dd05a450d9447c19712bc3e8a88fdb266a7c0dfd1f532100a67ca6da3441321,first frozen-order trajectory gained by CG-HIK versus hard entry,regular_near_singular_regular,119,2.38,counterfactual_cghik_v4,CG-HIK,hard,2.16524,5,True,False
panda,2dd05a450d9447c19712bc3e8a88fdb266a7c0dfd1f532100a67ca6da3441321,first frozen-order trajectory gained by CG-HIK versus hard entry,regular_near_singular_regular,120,2.4,counterfactual_cghik_v4,CG-HIK,hard,2.227455,5,True,False
panda,2dd05a450d9447c19712bc3e8a88fdb266a7c0dfd1f532100a67ca6da3441321,first frozen-order trajectory gained by CG-HIK versus hard entry,regular_near_singular_regular,121,2.42,counterfactual_cghik_v4,CG-HIK,hard,2.18048,5,True,False
panda,2dd05a450d9447c19712bc3e8a88fdb266a7c0dfd1f532100a67ca6da3441321,first frozen-order trajectory gained by CG-HIK versus hard entry,regular_near_singular_regular,122,2.44,counterfactual_cghik_v4,CG-HIK,hard,2.194143,5,True,False
panda,2dd05a450d9447c19712bc3e8a88fdb266a7c0dfd1f532100a67ca6da3441321,first frozen-order trajectory gained by CG-HIK versus hard entry,regular_near_singular_regular,123,2.46,counterfactual_cghik_v4,CG-HIK,hard,2.195024,5,True,False
panda,2dd05a450d9447c19712bc3e8a88fdb266a7c0dfd1f532100a67ca6da3441321,first frozen-order trajectory gained by CG-HIK versus hard entry,regular_near_singular_regular,124,2.48,counterfactual_cghik_v4,CG-HIK,hard,2.173797,5,True,False
panda,2dd05a450d9447c19712bc3e8a88fdb266a7c0dfd1f532100a67ca6da3441321,first frozen-order trajectory gained by CG-HIK versus hard entry,regular_near_singular_regular,125,2.5,counterfactual_cghik_v4,CG-HIK,hard,2.177447,5,True,False
panda,2dd05a450d9447c19712bc3e8a88fdb266a7c0dfd1f532100a67ca6da3441321,first frozen-order trajectory gained by CG-HIK versus hard entry,regular_near_singular_regular,126,2.52,counterfactual_cghik_v4,CG-HIK,hard,2.177718,5,True,False
panda,2dd05a450d9447c19712bc3e8a88fdb266a7c0dfd1f532100a67ca6da3441321,first frozen-order trajectory gained by CG-HIK versus hard entry,regular_near_singular_regular,127,2.54,counterfactual_cghik_v4,CG-HIK,hard,2.175132,5,True,False
panda,2dd05a450d9447c19712bc3e8a88fdb266a7c0dfd1f532100a67ca6da3441321,first frozen-order trajectory gained by CG-HIK versus hard entry,regular_near_singular_regular,128,2.56,counterfactual_cghik_v4,CG-HIK,hard,2.164987,5,True,False
panda,2dd05a450d9447c19712bc3e8a88fdb266a7c0dfd1f532100a67ca6da3441321,first frozen-order trajectory gained by CG-HIK versus hard entry,regular_near_singular_regular,129,2.58,counterfactual_cghik_v4,CG-HIK,hard,2.215168,5,True,False
panda,2dd05a450d9447c19712bc3e8a88fdb266a7c0dfd1f532100a67ca6da3441321,first frozen-order trajectory gained by CG-HIK versus hard entry,regular_near_singular_regular,130,2.6,counterfactual_cghik_v4,CG-HIK,easy,1.456689,1,True,False
panda,2dd05a450d9447c19712bc3e8a88fdb266a7c0dfd1f532100a67ca6da3441321,first frozen-order trajectory gained by CG-HIK versus hard entry,regular_near_singular_regular,131,2.62,counterfactual_cghik_v4,CG-HIK,easy,1.448763,1,True,False
panda,2dd05a450d9447c19712bc3e8a88fdb266a7c0dfd1f532100a67ca6da3441321,first frozen-order trajectory gained by CG-HIK versus hard entry,regular_near_singular_regular,132,2.64,counterfactual_cghik_v4,CG-HIK,easy,1.480139,1,True,False
panda,2dd05a450d9447c19712bc3e8a88fdb266a7c0dfd1f532100a67ca6da3441321,first frozen-order trajectory gained by CG-HIK versus hard entry,regular_near_singular_regular,133,2.66,counterfactual_cghik_v4,CG-HIK,easy,1.462939,1,True,False
panda,2dd05a450d9447c19712bc3e8a88fdb266a7c0dfd1f532100a67ca6da3441321,first frozen-order trajectory gained by CG-HIK versus hard entry,regular_near_singular_regular,134,2.68,counterfactual_cghik_v4,CG-HIK,easy,1.469917,1,True,False
panda,2dd05a450d9447c19712bc3e8a88fdb266a7c0dfd1f532100a67ca6da3441321,first frozen-order trajectory gained by CG-HIK versus hard entry,regular_near_singular_regular,135,2.7,counterfactual_cghik_v4,CG-HIK,easy,1.512348,1,True,False
panda,2dd05a450d9447c19712bc3e8a88fdb266a7c0dfd1f532100a67ca6da3441321,first frozen-order trajectory gained by CG-HIK versus hard entry,regular_near_singular_regular,136,2.72,counterfactual_cghik_v4,CG-HIK,easy,1.488163,1,True,False
panda,2dd05a450d9447c19712bc3e8a88fdb266a7c0dfd1f532100a67ca6da3441321,first frozen-order trajectory gained by CG-HIK versus hard entry,regular_near_singular_regular,137,2.74,counterfactual_cghik_v4,CG-HIK,easy,1.443807,1,True,False
panda,2dd05a450d9447c19712bc3e8a88fdb266a7c0dfd1f532100a67ca6da3441321,first frozen-order trajectory gained by CG-HIK versus hard entry,regular_near_singular_regular,138,2.7600000000000002,counterfactual_cghik_v4,CG-HIK,easy,1.47508,1,True,False
panda,2dd05a450d9447c19712bc3e8a88fdb266a7c0dfd1f532100a67ca6da3441321,first frozen-order trajectory gained by CG-HIK versus hard entry,regular_near_singular_regular,139,2.7800000000000002,counterfactual_cghik_v4,CG-HIK,easy,1.52883,1,True,False
panda,2dd05a450d9447c19712bc3e8a88fdb266a7c0dfd1f532100a67ca6da3441321,first frozen-order trajectory gained by CG-HIK versus hard entry,regular_near_singular_regular,140,2.8000000000000003,counterfactual_cghik_v4,CG-HIK,easy,1.469318,1,True,False
panda,2dd05a450d9447c19712bc3e8a88fdb266a7c0dfd1f532100a67ca6da3441321,first frozen-order trajectory gained by CG-HIK versus hard entry,regular_near_singular_regular,141,2.82,counterfactual_cghik_v4,CG-HIK,easy,1.484532,1,True,False
panda,2dd05a450d9447c19712bc3e8a88fdb266a7c0dfd1f532100a67ca6da3441321,first frozen-order trajectory gained by CG-HIK versus hard entry,regular_near_singular_regular,142,2.84,counterfactual_cghik_v4,CG-HIK,easy,1.46052,1,True,False
panda,2dd05a450d9447c19712bc3e8a88fdb266a7c0dfd1f532100a67ca6da3441321,first frozen-order trajectory gained by CG-HIK versus hard entry,regular_near_singular_regular,143,2.86,counterfactual_cghik_v4,CG-HIK,easy,1.467477,1,True,False
panda,2dd05a450d9447c19712bc3e8a88fdb266a7c0dfd1f532100a67ca6da3441321,first frozen-order trajectory gained by CG-HIK versus hard entry,regular_near_singular_regular,144,2.88,counterfactual_cghik_v4,CG-HIK,easy,1.487535,1,True,False
panda,2dd05a450d9447c19712bc3e8a88fdb266a7c0dfd1f532100a67ca6da3441321,first frozen-order trajectory gained by CG-HIK versus hard entry,regular_near_singular_regular,145,2.9,counterfactual_cghik_v4,CG-HIK,easy,1.450443,1,True,False
panda,2dd05a450d9447c19712bc3e8a88fdb266a7c0dfd1f532100a67ca6da3441321,first frozen-order trajectory gained by CG-HIK versus hard entry,regular_near_singular_regular,146,2.92,counterfactual_cghik_v4,CG-HIK,easy,1.461237,1,True,False
panda,2dd05a450d9447c19712bc3e8a88fdb266a7c0dfd1f532100a67ca6da3441321,first frozen-order trajectory gained by CG-HIK versus hard entry,regular_near_singular_regular,147,2.94,counterfactual_cghik_v4,CG-HIK,easy,1.471177,1,True,False
panda,2dd05a450d9447c19712bc3e8a88fdb266a7c0dfd1f532100a67ca6da3441321,first frozen-order trajectory gained by CG-HIK versus hard entry,regular_near_singular_regular,148,2.96,counterfactual_cghik_v4,CG-HIK,easy,1.479468,1,True,False
panda,2dd05a450d9447c19712bc3e8a88fdb266a7c0dfd1f532100a67ca6da3441321,first frozen-order trajectory gained by CG-HIK versus hard entry,regular_near_singular_regular,149,2.98,counterfactual_cghik_v4,CG-HIK,easy,1.475177,1,True,False
