robot,uid,baseline,repeat,change,previous_q,target_position,target_rotation,dt,relative_q,baseline_q,relative_accepted,baseline_accepted,relative_reasons,baseline_reasons,raw_file,relative_line,baseline_line
panda,116413e5077b1991259016bcb70aed719e9313295c22976aaf3e7971067192d7,gn,0,gained,"[0.5143745696429471,-1.030325417676153,-1.9514386354805384,-1.4304820222062136,2.0787613050010836,3.275685669657409,2.246414670384391]","[-0.16731972022527472,-0.6868103650689392,0.31157094391093837]","[[0.8286643241709494,-0.5178404578568451,0.2125010542395415],[0.024607805541048536,-0.3455686306584792,-0.938070774201647],[0.5592046975417475,0.7825749687483216,-0.27361747849106033]]",0.02,"[0.5578212620571459,-1.0739254176761093,-1.9078697918346137,-1.3868820222062572,2.1310613050010314,3.223385669657461,2.1943557936141143]","[0.5579745696429036,-1.0739254176761093,-1.9080799077133834,-1.3882042805817325,2.1310613050010314,3.223385669657461,2.1945170814718153]",True,False,[],"[""orientation_tolerance""]",outputs/task_balance_comparison/points/points_panda/records.jsonl.gz,1973,1975
panda,116413e5077b1991259016bcb70aed719e9313295c22976aaf3e7971067192d7,gn,1,gained,"[0.5143745696429471,-1.030325417676153,-1.9514386354805384,-1.4304820222062136,2.0787613050010836,3.275685669657409,2.246414670384391]","[-0.16731972022527472,-0.6868103650689392,0.31157094391093837]","[[0.8286643241709494,-0.5178404578568451,0.2125010542395415],[0.024607805541048536,-0.3455686306584792,-0.938070774201647],[0.5592046975417475,0.7825749687483216,-0.27361747849106033]]",0.02,"[0.5578212620571459,-1.0739254176761093,-1.9078697918346137,-1.3868820222062572,2.1310613050010314,3.223385669657461,2.1943557936141143]","[0.5579745696429036,-1.0739254176761093,-1.9080799077133834,-1.3882042805817325,2.1310613050010314,3.223385669657461,2.1945170814718153]",True,False,[],"[""orientation_tolerance""]",outputs/task_balance_comparison/points/points_panda/records.jsonl.gz,1970,1980
panda,116413e5077b1991259016bcb70aed719e9313295c22976aaf3e7971067192d7,gn,2,gained,"[0.5143745696429471,-1.030325417676153,-1.9514386354805384,-1.4304820222062136,2.0787613050010836,3.275685669657409,2.246414670384391]","[-0.16731972022527472,-0.6868103650689392,0.31157094391093837]","[[0.8286643241709494,-0.5178404578568451,0.2125010542395415],[0.024607805541048536,-0.3455686306584792,-0.938070774201647],[0.5592046975417475,0.7825749687483216,-0.27361747849106033]]",0.02,"[0.5578212620571459,-1.0739254176761093,-1.9078697918346137,-1.3868820222062572,2.1310613050010314,3.223385669657461,2.1943557936141143]","[0.5579745696429036,-1.0739254176761093,-1.9080799077133834,-1.3882042805817325,2.1310613050010314,3.223385669657461,2.1945170814718153]",True,False,[],"[""orientation_tolerance""]",outputs/task_balance_comparison/points/points_panda/records.jsonl.gz,1989,1976
panda,232d4bfd818ccf44fdc110f8ae3168f95d187a2fa1dccefbccb9bac2e2ec8460,gn,0,gained,"[0.7359166028296502,0.6324808858348354,-0.9344217061123874,-1.3153944919815608,1.5890752828876589,2.7903245222794713,2.879881797394117]","[0.7073594076617572,-0.06137649408059488,0.5985105939392247]","[[-0.14710100584891703,0.19520137002780408,0.9696688709129034],[0.820807871435718,0.5711245873729703,0.009546930774852217],[-0.5519381598217343,0.7973162050512472,-0.24423582230146956]]",0.02,"[0.6923166028296938,0.5889797228442565,-0.9780217061123438,-1.3589944919815171,1.6397816877830746,2.842624522279419,2.897299999999]","[0.692328417321032,0.588880885834879,-0.9780217061123438,-1.357783777987394,1.6394159132653763,2.842624522279419,2.897299999999]",True,False,[],"[""orientation_tolerance""]",outputs/task_balance_comparison/points/points_panda/records.jsonl.gz,37393,37416
panda,232d4bfd818ccf44fdc110f8ae3168f95d187a2fa1dccefbccb9bac2e2ec8460,gn,1,gained,"[0.7359166028296502,0.6324808858348354,-0.9344217061123874,-1.3153944919815608,1.5890752828876589,2.7903245222794713,2.879881797394117]","[0.7073594076617572,-0.06137649408059488,0.5985105939392247]","[[-0.14710100584891703,0.19520137002780408,0.9696688709129034],[0.820807871435718,0.5711245873729703,0.009546930774852217],[-0.5519381598217343,0.7973162050512472,-0.24423582230146956]]",0.02,"[0.6923166028296938,0.5889797228442565,-0.9780217061123438,-1.3589944919815171,1.6397816877830746,2.842624522279419,2.897299999999]","[0.692328417321032,0.588880885834879,-0.9780217061123438,-1.357783777987394,1.6394159132653763,2.842624522279419,2.897299999999]",True,False,[],"[""orientation_tolerance""]",outputs/task_balance_comparison/points/points_panda/records.jsonl.gz,37411,37400
panda,232d4bfd818ccf44fdc110f8ae3168f95d187a2fa1dccefbccb9bac2e2ec8460,gn,2,gained,"[0.7359166028296502,0.6324808858348354,-0.9344217061123874,-1.3153944919815608,1.5890752828876589,2.7903245222794713,2.879881797394117]","[0.7073594076617572,-0.06137649408059488,0.5985105939392247]","[[-0.14710100584891703,0.19520137002780408,0.9696688709129034],[0.820807871435718,0.5711245873729703,0.009546930774852217],[-0.5519381598217343,0.7973162050512472,-0.24423582230146956]]",0.02,"[0.6923166028296938,0.5889797228442565,-0.9780217061123438,-1.3589944919815171,1.6397816877830746,2.842624522279419,2.897299999999]","[0.692328417321032,0.588880885834879,-0.9780217061123438,-1.357783777987394,1.6394159132653763,2.842624522279419,2.897299999999]",True,False,[],"[""orientation_tolerance""]",outputs/task_balance_comparison/points/points_panda/records.jsonl.gz,37399,37396
panda,6053eba826b47af95688b606a803fa8d4dd7338acebc1e0734c8b42e80801b1c,gn,0,gained,"[2.3102800643098247,-0.7341259301281504,-1.781809115146927,-0.43750619759157416,-1.2428933065185683,0.4311552107387757,0.9906492069093114]","[0.43791919594682016,-0.2924832352012088,0.725189587340893]","[[0.007246886761279012,-0.8963750339493207,-0.44323727409213104],[-0.994246142288423,-0.05383200076136441,0.09261060543273021],[-0.10687418386522338,0.4400158113140732,-0.8916075339614173]]",0.02,"[2.266680064309868,-0.6906161275059971,-1.7397266334358177,-0.39390619759161777,-1.1905933065186207,0.3793125246658816,1.042949206909259]","[2.266680064309868,-0.690525930128194,-1.7396437223654557,-0.39390619759161777,-1.1905933065186207,0.38051160834325287,1.042949206909259]",True,False,[],"[""orientation_tolerance""]",outputs/task_balance_comparison/points/points_panda/records.jsonl.gz,49772,49774
panda,6053eba826b47af95688b606a803fa8d4dd7338acebc1e0734c8b42e80801b1c,gn,1,gained,"[2.3102800643098247,-0.7341259301281504,-1.781809115146927,-0.43750619759157416,-1.2428933065185683,0.4311552107387757,0.9906492069093114]","[0.43791919594682016,-0.2924832352012088,0.725189587340893]","[[0.007246886761279012,-0.8963750339493207,-0.44323727409213104],[-0.994246142288423,-0.05383200076136441,0.09261060543273021],[-0.10687418386522338,0.4400158113140732,-0.8916075339614173]]",0.02,"[2.266680064309868,-0.6906161275059971,-1.7397266334358177,-0.39390619759161777,-1.1905933065186207,0.3793125246658816,1.042949206909259]","[2.266680064309868,-0.690525930128194,-1.7396437223654557,-0.39390619759161777,-1.1905933065186207,0.38051160834325287,1.042949206909259]",True,False,[],"[""orientation_tolerance""]",outputs/task_balance_comparison/points/points_panda/records.jsonl.gz,49768,49775
panda,6053eba826b47af95688b606a803fa8d4dd7338acebc1e0734c8b42e80801b1c,gn,2,gained,"[2.3102800643098247,-0.7341259301281504,-1.781809115146927,-0.43750619759157416,-1.2428933065185683,0.4311552107387757,0.9906492069093114]","[0.43791919594682016,-0.2924832352012088,0.725189587340893]","[[0.007246886761279012,-0.8963750339493207,-0.44323727409213104],[-0.994246142288423,-0.05383200076136441,0.09261060543273021],[-0.10687418386522338,0.4400158113140732,-0.8916075339614173]]",0.02,"[2.266680064309868,-0.6906161275059971,-1.7397266334358177,-0.39390619759161777,-1.1905933065186207,0.3793125246658816,1.042949206909259]","[2.266680064309868,-0.690525930128194,-1.7396437223654557,-0.39390619759161777,-1.1905933065186207,0.38051160834325287,1.042949206909259]",True,False,[],"[""orientation_tolerance""]",outputs/task_balance_comparison/points/points_panda/records.jsonl.gz,49759,49755
panda,608b3447d4ba4e880b4b2446b81ea76b7ae7445f953d93d4d4c921cc8e79c135,gn,0,gained,"[-1.9624637846365993,-1.4337878371419972,-0.1633974945067913,-0.3443757980030111,0.47335113898779957,3.2432706943987273,-1.9611046400054044]","[0.2890223468428068,0.7640777649390623,0.5181439354569255]","[[0.9430598769081303,0.10631098818965479,0.31517620842341676],[-0.3303953663684481,0.4088765343898987,0.8506814218657685],[-0.03843137322918458,-0.9063762758454379,0.4207197120842736]]",0.02,"[-2.005427038106169,-1.4773878371419535,-0.11979749450683491,-0.38765596570096683,0.5256511389877473,3.192118591539358,-1.9088046400054568]","[-2.0059935716135104,-1.4773878371419535,-0.11990752821768348,-0.38651613585616396,0.5256511389877473,3.1909706943987795,-1.9088046400054568]",True,False,[],"[""orientation_tolerance""]",outputs/task_balance_comparison/points/points_panda/records.jsonl.gz,4016,4014
panda,608b3447d4ba4e880b4b2446b81ea76b7ae7445f953d93d4d4c921cc8e79c135,gn,1,gained,"[-1.9624637846365993,-1.4337878371419972,-0.1633974945067913,-0.3443757980030111,0.47335113898779957,3.2432706943987273,-1.9611046400054044]","[0.2890223468428068,0.7640777649390623,0.5181439354569255]","[[0.9430598769081303,0.10631098818965479,0.31517620842341676],[-0.3303953663684481,0.4088765343898987,0.8506814218657685],[-0.03843137322918458,-0.9063762758454379,0.4207197120842736]]",0.02,"[-2.005427038106169,-1.4773878371419535,-0.11979749450683491,-0.38765596570096683,0.5256511389877473,3.192118591539358,-1.9088046400054568]","[-2.0059935716135104,-1.4773878371419535,-0.11990752821768348,-0.38651613585616396,0.5256511389877473,3.1909706943987795,-1.9088046400054568]",True,False,[],"[""orientation_tolerance""]",outputs/task_balance_comparison/points/points_panda/records.jsonl.gz,4028,4027
panda,608b3447d4ba4e880b4b2446b81ea76b7ae7445f953d93d4d4c921cc8e79c135,gn,2,gained,"[-1.9624637846365993,-1.4337878371419972,-0.1633974945067913,-0.3443757980030111,0.47335113898779957,3.2432706943987273,-1.9611046400054044]","[0.2890223468428068,0.7640777649390623,0.5181439354569255]","[[0.9430598769081303,0.10631098818965479,0.31517620842341676],[-0.3303953663684481,0.4088765343898987,0.8506814218657685],[-0.03843137322918458,-0.9063762758454379,0.4207197120842736]]",0.02,"[-2.005427038106169,-1.4773878371419535,-0.11979749450683491,-0.38765596570096683,0.5256511389877473,3.192118591539358,-1.9088046400054568]","[-2.0059935716135104,-1.4773878371419535,-0.11990752821768348,-0.38651613585616396,0.5256511389877473,3.1909706943987795,-1.9088046400054568]",True,False,[],"[""orientation_tolerance""]",outputs/task_balance_comparison/points/points_panda/records.jsonl.gz,4022,4018
panda,637d683b1102d33f4ba5165b32fcceff21d00db2b4c65f1f222b68393371bdb3,gn,0,gained,"[0.8566836058590153,0.9837207643051507,2.176856035343968,-2.4947832833023753,-0.6231545978832851,1.7098651051019995,-0.22896552121852576]","[-0.3583429990979655,0.08953169309067961,0.4224023714137639]","[[-0.8125364687449818,-0.5782742005534003,0.07337190152750198],[-0.576835871192524,0.7795495630900687,-0.24405502738449067],[0.08393369207295266,-0.24062715486912242,-0.9669817514692789]]",0.02,"[0.9002836058589717,1.027320764305107,2.1332560353440115,-2.538383283302332,-0.5708545978833374,1.7583884463329285,-0.28075833381550297]","[0.9002836058589717,1.0242149286240678,2.1332560353440115,-2.538383283302332,-0.5708545978833374,1.7616564267654635,-0.2812655212184735]",True,False,[],"[""orientation_tolerance""]",outputs/task_balance_comparison/points/points_panda/records.jsonl.gz,30947,30949
panda,637d683b1102d33f4ba5165b32fcceff21d00db2b4c65f1f222b68393371bdb3,gn,1,gained,"[0.8566836058590153,0.9837207643051507,2.176856035343968,-2.4947832833023753,-0.6231545978832851,1.7098651051019995,-0.22896552121852576]","[-0.3583429990979655,0.08953169309067961,0.4224023714137639]","[[-0.8125364687449818,-0.5782742005534003,0.07337190152750198],[-0.576835871192524,0.7795495630900687,-0.24405502738449067],[0.08393369207295266,-0.24062715486912242,-0.9669817514692789]]",0.02,"[0.9002836058589717,1.027320764305107,2.1332560353440115,-2.538383283302332,-0.5708545978833374,1.7583884463329285,-0.28075833381550297]","[0.9002836058589717,1.0242149286240678,2.1332560353440115,-2.538383283302332,-0.5708545978833374,1.7616564267654635,-0.2812655212184735]",True,False,[],"[""orientation_tolerance""]",outputs/task_balance_comparison/points/points_panda/records.jsonl.gz,30953,30959
panda,637d683b1102d33f4ba5165b32fcceff21d00db2b4c65f1f222b68393371bdb3,gn,2,gained,"[0.8566836058590153,0.9837207643051507,2.176856035343968,-2.4947832833023753,-0.6231545978832851,1.7098651051019995,-0.22896552121852576]","[-0.3583429990979655,0.08953169309067961,0.4224023714137639]","[[-0.8125364687449818,-0.5782742005534003,0.07337190152750198],[-0.576835871192524,0.7795495630900687,-0.24405502738449067],[0.08393369207295266,-0.24062715486912242,-0.9669817514692789]]",0.02,"[0.9002836058589717,1.027320764305107,2.1332560353440115,-2.538383283302332,-0.5708545978833374,1.7583884463329285,-0.28075833381550297]","[0.9002836058589717,1.0242149286240678,2.1332560353440115,-2.538383283302332,-0.5708545978833374,1.7616564267654635,-0.2812655212184735]",True,False,[],"[""orientation_tolerance""]",outputs/task_balance_comparison/points/points_panda/records.jsonl.gz,30940,30942
panda,73f79a4c1a01e9d7158753a40c3faeb64614a86a72058c894ba7a9eaba1da0ba,gn,0,gained,"[1.3974073552049884,-0.29300115723025155,-0.4871158882737747,-2.8080645060169656,0.06937522729490553,3.3054439093192567,1.8374584579232036]","[0.2486599661694994,0.32221333714887573,0.3715215034293826]","[[0.5805570860895989,-0.7438536361947952,0.3311121225671682],[-0.7120104649233719,-0.26654182876637705,0.6496126163780065],[-0.39496147613502497,-0.6128925039822698,-0.6843743207715973]]",0.02,"[1.4410073552049447,-0.3358648559497149,-0.5302729147985569,-2.850198372573246,0.019283170090246837,3.3577439093192045,1.8897584579231512]","[1.4410073552049447,-0.3339912310442343,-0.5304526498515116,-2.849441788522692,0.019492352090145444,3.3577439093192045,1.8897584579231512]",True,False,[],"[""orientation_tolerance""]",outputs/task_balance_comparison/points/points_panda/records.jsonl.gz,51478,51467
panda,73f79a4c1a01e9d7158753a40c3faeb64614a86a72058c894ba7a9eaba1da0ba,gn,1,gained,"[1.3974073552049884,-0.29300115723025155,-0.4871158882737747,-2.8080645060169656,0.06937522729490553,3.3054439093192567,1.8374584579232036]","[0.2486599661694994,0.32221333714887573,0.3715215034293826]","[[0.5805570860895989,-0.7438536361947952,0.3311121225671682],[-0.7120104649233719,-0.26654182876637705,0.6496126163780065],[-0.39496147613502497,-0.6128925039822698,-0.6843743207715973]]",0.02,"[1.4410073552049447,-0.3358648559497149,-0.5302729147985569,-2.850198372573246,0.019283170090246837,3.3577439093192045,1.8897584579231512]","[1.4410073552049447,-0.3339912310442343,-0.5304526498515116,-2.849441788522692,0.019492352090145444,3.3577439093192045,1.8897584579231512]",True,False,[],"[""orientation_tolerance""]",outputs/task_balance_comparison/points/points_panda/records.jsonl.gz,51461,51464
panda,73f79a4c1a01e9d7158753a40c3faeb64614a86a72058c894ba7a9eaba1da0ba,gn,2,gained,"[1.3974073552049884,-0.29300115723025155,-0.4871158882737747,-2.8080645060169656,0.06937522729490553,3.3054439093192567,1.8374584579232036]","[0.2486599661694994,0.32221333714887573,0.3715215034293826]","[[0.5805570860895989,-0.7438536361947952,0.3311121225671682],[-0.7120104649233719,-0.26654182876637705,0.6496126163780065],[-0.39496147613502497,-0.6128925039822698,-0.6843743207715973]]",0.02,"[1.4410073552049447,-0.3358648559497149,-0.5302729147985569,-2.850198372573246,0.019283170090246837,3.3577439093192045,1.8897584579231512]","[1.4410073552049447,-0.3339912310442343,-0.5304526498515116,-2.849441788522692,0.019492352090145444,3.3577439093192045,1.8897584579231512]",True,False,[],"[""orientation_tolerance""]",outputs/task_balance_comparison/points/points_panda/records.jsonl.gz,51476,51479
panda,772edfc546a97728e7f39f19a01993a5927b81b54f6f66f4cde8beba82ce9ce4,gn,0,gained,"[-0.03751553526178375,1.0872811976292227,2.8649247007141794,-2.2438269797397146,1.6799333325288317,1.760529178285014,1.8137420804372257]","[-0.12896983171954352,0.07923129852557301,0.8632897742643734]","[[-0.23097685681781507,0.9585801636738394,-0.1666546171745551],[-0.4351804067666206,-0.2549812822420453,-0.8634828077458411],[-0.8702112991572802,-0.12691972075779767,0.4760500806656392]]",0.02,"[0.006084464738172653,1.130881197629179,2.821324700714223,-2.200505464700848,1.7322333325287793,1.7095717166076119,1.8660420804371733]","[0.004126390453594402,1.130881197629179,2.821324700714223,-2.200226979739758,1.7322333325287793,1.7082291782850665,1.8660420804371733]",True,False,[],"[""orientation_tolerance""]",outputs/task_balance_comparison/points/points_panda/records.jsonl.gz,26723,26732
panda,772edfc546a97728e7f39f19a01993a5927b81b54f6f66f4cde8beba82ce9ce4,gn,1,gained,"[-0.03751553526178375,1.0872811976292227,2.8649247007141794,-2.2438269797397146,1.6799333325288317,1.760529178285014,1.8137420804372257]","[-0.12896983171954352,0.07923129852557301,0.8632897742643734]","[[-0.23097685681781507,0.9585801636738394,-0.1666546171745551],[-0.4351804067666206,-0.2549812822420453,-0.8634828077458411],[-0.8702112991572802,-0.12691972075779767,0.4760500806656392]]",0.02,"[0.006084464738172653,1.130881197629179,2.821324700714223,-2.200505464700848,1.7322333325287793,1.7095717166076119,1.8660420804371733]","[0.004126390453594402,1.130881197629179,2.821324700714223,-2.200226979739758,1.7322333325287793,1.7082291782850665,1.8660420804371733]",True,False,[],"[""orientation_tolerance""]",outputs/task_balance_comparison/points/points_panda/records.jsonl.gz,26713,26726
panda,772edfc546a97728e7f39f19a01993a5927b81b54f6f66f4cde8beba82ce9ce4,gn,2,gained,"[-0.03751553526178375,1.0872811976292227,2.8649247007141794,-2.2438269797397146,1.6799333325288317,1.760529178285014,1.8137420804372257]","[-0.12896983171954352,0.07923129852557301,0.8632897742643734]","[[-0.23097685681781507,0.9585801636738394,-0.1666546171745551],[-0.4351804067666206,-0.2549812822420453,-0.8634828077458411],[-0.8702112991572802,-0.12691972075779767,0.4760500806656392]]",0.02,"[0.006084464738172653,1.130881197629179,2.821324700714223,-2.200505464700848,1.7322333325287793,1.7095717166076119,1.8660420804371733]","[0.004126390453594402,1.130881197629179,2.821324700714223,-2.200226979739758,1.7322333325287793,1.7082291782850665,1.8660420804371733]",True,False,[],"[""orientation_tolerance""]",outputs/task_balance_comparison/points/points_panda/records.jsonl.gz,26722,26719
panda,7879f51022a2e4b43facace876b1f4dc84492479c766b7cbe2452009535855d0,gn,0,gained,"[-1.1564540749340664,0.3069283628119941,-0.4513028599868454,-0.48115515944398624,-1.2539824571976514,2.4211031437309325,-1.9203864550004073]","[0.027900317410742687,-0.4592896431554444,1.0514708901021093]","[[-0.1920261647120466,0.7004479215291866,-0.6873853804754828],[-0.48653259090945417,-0.6762334322232523,-0.5531675904520197],[-0.8522980640884477,0.22821273927851207,0.4706452544986323]]",0.02,"[-1.2000540749340227,0.2633652989982241,-0.4949028599868018,-0.5247551594439427,-1.306282457197599,2.3688031437309847,-1.9726864550003549]","[-1.2000540749340227,0.2633283628120377,-0.4949028599868018,-0.5235154561211259,-1.306282457197599,2.3688031437309847,-1.9726864550003549]",True,False,[],"[""orientation_tolerance""]",outputs/task_balance_comparison/points/points_panda/records.jsonl.gz,26860,26857
panda,7879f51022a2e4b43facace876b1f4dc84492479c766b7cbe2452009535855d0,gn,1,gained,"[-1.1564540749340664,0.3069283628119941,-0.4513028599868454,-0.48115515944398624,-1.2539824571976514,2.4211031437309325,-1.9203864550004073]","[0.027900317410742687,-0.4592896431554444,1.0514708901021093]","[[-0.1920261647120466,0.7004479215291866,-0.6873853804754828],[-0.48653259090945417,-0.6762334322232523,-0.5531675904520197],[-0.8522980640884477,0.22821273927851207,0.4706452544986323]]",0.02,"[-1.2000540749340227,0.2633652989982241,-0.4949028599868018,-0.5247551594439427,-1.306282457197599,2.3688031437309847,-1.9726864550003549]","[-1.2000540749340227,0.2633283628120377,-0.4949028599868018,-0.5235154561211259,-1.306282457197599,2.3688031437309847,-1.9726864550003549]",True,False,[],"[""orientation_tolerance""]",outputs/task_balance_comparison/points/points_panda/records.jsonl.gz,26871,26867
panda,7879f51022a2e4b43facace876b1f4dc84492479c766b7cbe2452009535855d0,gn,2,gained,"[-1.1564540749340664,0.3069283628119941,-0.4513028599868454,-0.48115515944398624,-1.2539824571976514,2.4211031437309325,-1.9203864550004073]","[0.027900317410742687,-0.4592896431554444,1.0514708901021093]","[[-0.1920261647120466,0.7004479215291866,-0.6873853804754828],[-0.48653259090945417,-0.6762334322232523,-0.5531675904520197],[-0.8522980640884477,0.22821273927851207,0.4706452544986323]]",0.02,"[-1.2000540749340227,0.2633652989982241,-0.4949028599868018,-0.5247551594439427,-1.306282457197599,2.3688031437309847,-1.9726864550003549]","[-1.2000540749340227,0.2633283628120377,-0.4949028599868018,-0.5235154561211259,-1.306282457197599,2.3688031437309847,-1.9726864550003549]",True,False,[],"[""orientation_tolerance""]",outputs/task_balance_comparison/points/points_panda/records.jsonl.gz,26879,26858
panda,be9efe6f5d0c2f73beef69d62c4161e8fd60ec78077e0d5a44b11cbca028ec0e,gn,0,gained,"[1.9699470517888882,-1.2529237587883288,-1.8308594990560083,-0.40721849374243524,1.7216603037726967,0.5524702869920588,1.4535337369940606]","[0.375508094380962,-0.5188855304773592,0.60846579313138]","[[0.7250642985809784,-0.3937765998174404,-0.5649971259745387],[0.6713774697688342,0.22141285179378303,0.7072684371208308],[-0.15340813541032206,-0.892141434132929,0.4249112913222813]]",0.02,"[1.926692859067428,-1.2965237587882852,-1.787259499056052,-0.45081849374239163,1.6708520093134664,0.6044478636223963,1.5058337369940082]","[1.9263470517889318,-1.2951976852607718,-1.791774703475206,-0.45081849374239163,1.6759332816558596,0.6014240063514913,1.5058337369940082]",True,False,[],"[""orientation_tolerance""]",outputs/task_balance_comparison/points/points_panda/records.jsonl.gz,9694,9679
panda,be9efe6f5d0c2f73beef69d62c4161e8fd60ec78077e0d5a44b11cbca028ec0e,gn,1,gained,"[1.9699470517888882,-1.2529237587883288,-1.8308594990560083,-0.40721849374243524,1.7216603037726967,0.5524702869920588,1.4535337369940606]","[0.375508094380962,-0.5188855304773592,0.60846579313138]","[[0.7250642985809784,-0.3937765998174404,-0.5649971259745387],[0.6713774697688342,0.22141285179378303,0.7072684371208308],[-0.15340813541032206,-0.892141434132929,0.4249112913222813]]",0.02,"[1.926692859067428,-1.2965237587882852,-1.787259499056052,-0.45081849374239163,1.6708520093134664,0.6044478636223963,1.5058337369940082]","[1.9263470517889318,-1.2951976852607718,-1.791774703475206,-0.45081849374239163,1.6759332816558596,0.6014240063514913,1.5058337369940082]",True,False,[],"[""orientation_tolerance""]",outputs/task_balance_comparison/points/points_panda/records.jsonl.gz,9690,9682
panda,be9efe6f5d0c2f73beef69d62c4161e8fd60ec78077e0d5a44b11cbca028ec0e,gn,2,gained,"[1.9699470517888882,-1.2529237587883288,-1.8308594990560083,-0.40721849374243524,1.7216603037726967,0.5524702869920588,1.4535337369940606]","[0.375508094380962,-0.5188855304773592,0.60846579313138]","[[0.7250642985809784,-0.3937765998174404,-0.5649971259745387],[0.6713774697688342,0.22141285179378303,0.7072684371208308],[-0.15340813541032206,-0.892141434132929,0.4249112913222813]]",0.02,"[1.926692859067428,-1.2965237587882852,-1.787259499056052,-0.45081849374239163,1.6708520093134664,0.6044478636223963,1.5058337369940082]","[1.9263470517889318,-1.2951976852607718,-1.791774703475206,-0.45081849374239163,1.6759332816558596,0.6014240063514913,1.5058337369940082]",True,False,[],"[""orientation_tolerance""]",outputs/task_balance_comparison/points/points_panda/records.jsonl.gz,9693,9687
panda,dfe6e713d05a39be8b5a02b380237f01f6a459b63be3d831191551bfbed52fbd,gn,0,gained,"[1.3281900469959749,1.7449794532811744,-1.7614873016889279,-2.3430989377115417,-2.276399109755871,2.9887788061952913,2.3104297137546532]","[0.4844391009697206,-0.08327201820700665,0.35251417616743114]","[[0.6734532353283235,-0.3082677868325259,0.6718866804954462],[0.7379445173397353,0.226775474931731,-0.6356184179975534],[0.0435732619164382,0.9238743721799323,0.3802072004514082]]",0.02,"[1.3717900469959312,1.7620015283892692,-1.7191460131472716,-2.299498937711585,-2.2240991097559233,2.9364788061953435,2.362729713754601]","[1.3711460279601781,1.7612638894398265,-1.7193969347898328,-2.2999908894523453,-2.2246616995270703,2.9364788061953435,2.362729713754601]",True,False,[],"[""orientation_tolerance""]",outputs/task_balance_comparison/points/points_panda/records.jsonl.gz,31269,31249
panda,dfe6e713d05a39be8b5a02b380237f01f6a459b63be3d831191551bfbed52fbd,gn,1,gained,"[1.3281900469959749,1.7449794532811744,-1.7614873016889279,-2.3430989377115417,-2.276399109755871,2.9887788061952913,2.3104297137546532]","[0.4844391009697206,-0.08327201820700665,0.35251417616743114]","[[0.6734532353283235,-0.3082677868325259,0.6718866804954462],[0.7379445173397353,0.226775474931731,-0.6356184179975534],[0.0435732619164382,0.9238743721799323,0.3802072004514082]]",0.02,"[1.3717900469959312,1.7620015283892692,-1.7191460131472716,-2.299498937711585,-2.2240991097559233,2.9364788061953435,2.362729713754601]","[1.3711460279601781,1.7612638894398265,-1.7193969347898328,-2.2999908894523453,-2.2246616995270703,2.9364788061953435,2.362729713754601]",True,False,[],"[""orientation_tolerance""]",outputs/task_balance_comparison/points/points_panda/records.jsonl.gz,31267,31260
panda,dfe6e713d05a39be8b5a02b380237f01f6a459b63be3d831191551bfbed52fbd,gn,2,gained,"[1.3281900469959749,1.7449794532811744,-1.7614873016889279,-2.3430989377115417,-2.276399109755871,2.9887788061952913,2.3104297137546532]","[0.4844391009697206,-0.08327201820700665,0.35251417616743114]","[[0.6734532353283235,-0.3082677868325259,0.6718866804954462],[0.7379445173397353,0.226775474931731,-0.6356184179975534],[0.0435732619164382,0.9238743721799323,0.3802072004514082]]",0.02,"[1.3717900469959312,1.7620015283892692,-1.7191460131472716,-2.299498937711585,-2.2240991097559233,2.9364788061953435,2.362729713754601]","[1.3711460279601781,1.7612638894398265,-1.7193969347898328,-2.2999908894523453,-2.2246616995270703,2.9364788061953435,2.362729713754601]",True,False,[],"[""orientation_tolerance""]",outputs/task_balance_comparison/points/points_panda/records.jsonl.gz,31266,31251
panda,0d32c6916decb925d713a8b84dc54d863d0c9c284dd3c084e1b925ac1edc08ea,range_loss_matched,0,gained,"[0.11164274270848384,-0.0588021847866107,1.4130578700617678,-2.113586838598634,-2.363869273527027,1.9243055065790202,-2.3408478951123355]","[0.060874552443233254,0.5703891033227938,0.5054308236240215]","[[0.5979574654422817,0.5122932322557119,0.6164434391790031],[-0.7755015498069792,0.1753786747034152,0.606497870322928],[0.2025937209511095,-0.8407127717861012,0.5021531833882119]]",0.02,"[0.15372099863943095,-0.1024021847865671,1.3694578700618114,-2.155269978312314,-2.416169273526975,1.874966851891445,-2.3931478951122833]","[0.15018090407664486,-0.1024021847865671,1.3718409811033192,-2.1571868385985904,-2.416169273526975,1.8752861232526756,-2.3931478951122833]",True,False,[],"[""position_tolerance""]",outputs/task_balance_comparison/points/points_panda/records.jsonl.gz,19770,19765
panda,0d32c6916decb925d713a8b84dc54d863d0c9c284dd3c084e1b925ac1edc08ea,range_loss_matched,1,gained,"[0.11164274270848384,-0.0588021847866107,1.4130578700617678,-2.113586838598634,-2.363869273527027,1.9243055065790202,-2.3408478951123355]","[0.060874552443233254,0.5703891033227938,0.5054308236240215]","[[0.5979574654422817,0.5122932322557119,0.6164434391790031],[-0.7755015498069792,0.1753786747034152,0.606497870322928],[0.2025937209511095,-0.8407127717861012,0.5021531833882119]]",0.02,"[0.15372099863943095,-0.1024021847865671,1.3694578700618114,-2.155269978312314,-2.416169273526975,1.874966851891445,-2.3931478951122833]","[0.15018090407664486,-0.1024021847865671,1.3718409811033192,-2.1571868385985904,-2.416169273526975,1.8752861232526756,-2.3931478951122833]",True,False,[],"[""position_tolerance""]",outputs/task_balance_comparison/points/points_panda/records.jsonl.gz,19767,19763
panda,0d32c6916decb925d713a8b84dc54d863d0c9c284dd3c084e1b925ac1edc08ea,range_loss_matched,2,gained,"[0.11164274270848384,-0.0588021847866107,1.4130578700617678,-2.113586838598634,-2.363869273527027,1.9243055065790202,-2.3408478951123355]","[0.060874552443233254,0.5703891033227938,0.5054308236240215]","[[0.5979574654422817,0.5122932322557119,0.6164434391790031],[-0.7755015498069792,0.1753786747034152,0.606497870322928],[0.2025937209511095,-0.8407127717861012,0.5021531833882119]]",0.02,"[0.15372099863943095,-0.1024021847865671,1.3694578700618114,-2.155269978312314,-2.416169273526975,1.874966851891445,-2.3931478951122833]","[0.15018090407664486,-0.1024021847865671,1.3718409811033192,-2.1571868385985904,-2.416169273526975,1.8752861232526756,-2.3931478951122833]",True,False,[],"[""position_tolerance""]",outputs/task_balance_comparison/points/points_panda/records.jsonl.gz,19766,19753
panda,0f0066e3c38fd59e1fd8b6f52951b280efe30d04c4529f86b8d067ddb3eaed4d,range_loss_matched,0,gained,"[1.477032656189147,-0.06944041354537167,2.2567239357785427,-0.4733362650443165,-2.1687291015141117,1.8101116301214797,-1.2098930281548252]","[-0.1899956397330003,-0.1365511221653292,1.1355701837141394]","[[-0.9759024441250462,0.0071742361521325276,-0.21808931630502776],[-0.19225456425660045,-0.5010111590975832,0.8438163313080642],[-0.10321144351895113,0.8654110865914126,0.4903172943425561]]",0.02,"[1.5206326561891033,-0.10902527341797964,2.2799516457794535,-0.44191358135155534,-2.116429101514164,1.7646929995771377,-1.2447507806012197]","[1.5206326561891033,-0.10948702824053438,2.2809864459881326,-0.4421969596832897,-2.116429101514164,1.7589226541953473,-1.2448654924183808]",True,False,[],"[""orientation_tolerance""]",outputs/task_balance_comparison/points/points_panda/records.jsonl.gz,31366,31352
panda,0f0066e3c38fd59e1fd8b6f52951b280efe30d04c4529f86b8d067ddb3eaed4d,range_loss_matched,1,gained,"[1.477032656189147,-0.06944041354537167,2.2567239357785427,-0.4733362650443165,-2.1687291015141117,1.8101116301214797,-1.2098930281548252]","[-0.1899956397330003,-0.1365511221653292,1.1355701837141394]","[[-0.9759024441250462,0.0071742361521325276,-0.21808931630502776],[-0.19225456425660045,-0.5010111590975832,0.8438163313080642],[-0.10321144351895113,0.8654110865914126,0.4903172943425561]]",0.02,"[1.5206326561891033,-0.10902527341797964,2.2799516457794535,-0.44191358135155534,-2.116429101514164,1.7646929995771377,-1.2447507806012197]","[1.5206326561891033,-0.10948702824053438,2.2809864459881326,-0.4421969596832897,-2.116429101514164,1.7589226541953473,-1.2448654924183808]",True,False,[],"[""orientation_tolerance""]",outputs/task_balance_comparison/points/points_panda/records.jsonl.gz,31367,31364
panda,0f0066e3c38fd59e1fd8b6f52951b280efe30d04c4529f86b8d067ddb3eaed4d,range_loss_matched,2,gained,"[1.477032656189147,-0.06944041354537167,2.2567239357785427,-0.4733362650443165,-2.1687291015141117,1.8101116301214797,-1.2098930281548252]","[-0.1899956397330003,-0.1365511221653292,1.1355701837141394]","[[-0.9759024441250462,0.0071742361521325276,-0.21808931630502776],[-0.19225456425660045,-0.5010111590975832,0.8438163313080642],[-0.10321144351895113,0.8654110865914126,0.4903172943425561]]",0.02,"[1.5206326561891033,-0.10902527341797964,2.2799516457794535,-0.44191358135155534,-2.116429101514164,1.7646929995771377,-1.2447507806012197]","[1.5206326561891033,-0.10948702824053438,2.2809864459881326,-0.4421969596832897,-2.116429101514164,1.7589226541953473,-1.2448654924183808]",True,False,[],"[""orientation_tolerance""]",outputs/task_balance_comparison/points/points_panda/records.jsonl.gz,31348,31351
panda,11ba86af3079de82cf27223c75ee5d2cb98873ea6e6a70841e0c7a33cbe7400d,range_loss_matched,0,gained,"[-0.36513557197217406,0.7273541207786851,2.4797824835191964,-0.43875297653652856,-0.23441011540519163,1.362058613290933,2.602164248111584]","[0.3444012688469286,0.10040839675047569,1.0229140715312754]","[[0.1626163171396307,-0.8616330186877054,-0.48077486883889364],[-0.00020815155685704762,-0.48729055608878635,0.8732398700354963],[-0.9866893584471621,-0.1419029776072156,-0.07942074586236043]]",0.02,"[-0.32153557197221766,0.6970234460674267,2.4765143492804644,-0.41294070478555456,-0.22186982674051545,1.4127978401632684,2.5640919750155007]","[-0.3257127774677355,0.7041560160020475,2.484952672905166,-0.42576069361075186,-0.23070146301671504,1.4143586132908805,2.5556031088879356]",True,False,[],"[""orientation_tolerance""]",outputs/task_balance_comparison/points/points_panda/records.jsonl.gz,12971,12964
panda,11ba86af3079de82cf27223c75ee5d2cb98873ea6e6a70841e0c7a33cbe7400d,range_loss_matched,1,gained,"[-0.36513557197217406,0.7273541207786851,2.4797824835191964,-0.43875297653652856,-0.23441011540519163,1.362058613290933,2.602164248111584]","[0.3444012688469286,0.10040839675047569,1.0229140715312754]","[[0.1626163171396307,-0.8616330186877054,-0.48077486883889364],[-0.00020815155685704762,-0.48729055608878635,0.8732398700354963],[-0.9866893584471621,-0.1419029776072156,-0.07942074586236043]]",0.02,"[-0.32153557197221766,0.6970234460674267,2.4765143492804644,-0.41294070478555456,-0.22186982674051545,1.4127978401632684,2.5640919750155007]","[-0.3257127774677355,0.7041560160020475,2.484952672905166,-0.42576069361075186,-0.23070146301671504,1.4143586132908805,2.5556031088879356]",True,False,[],"[""orientation_tolerance""]",outputs/task_balance_comparison/points/points_panda/records.jsonl.gz,12969,12967
panda,11ba86af3079de82cf27223c75ee5d2cb98873ea6e6a70841e0c7a33cbe7400d,range_loss_matched,2,gained,"[-0.36513557197217406,0.7273541207786851,2.4797824835191964,-0.43875297653652856,-0.23441011540519163,1.362058613290933,2.602164248111584]","[0.3444012688469286,0.10040839675047569,1.0229140715312754]","[[0.1626163171396307,-0.8616330186877054,-0.48077486883889364],[-0.00020815155685704762,-0.48729055608878635,0.8732398700354963],[-0.9866893584471621,-0.1419029776072156,-0.07942074586236043]]",0.02,"[-0.32153557197221766,0.6970234460674267,2.4765143492804644,-0.41294070478555456,-0.22186982674051545,1.4127978401632684,2.5640919750155007]","[-0.3257127774677355,0.7041560160020475,2.484952672905166,-0.42576069361075186,-0.23070146301671504,1.4143586132908805,2.5556031088879356]",True,False,[],"[""orientation_tolerance""]",outputs/task_balance_comparison/points/points_panda/records.jsonl.gz,12963,12965
panda,15ea91ec48a2ef79a4d226e20c3c8e7fe9811bacaac45ba5e415c03066fb8a4d,range_loss_matched,0,gained,"[2.1733374315536564,-0.5583045227814538,1.9427425763814434,-0.9210911676407267,-1.282149240608846,2.9511950538416962,-0.8254994059645671]","[0.0724084491423219,-0.6792811569864352,0.8040766098003437]","[[0.31307822564500515,0.8573431394001962,-0.4085887491725517],[-0.5331966649857925,-0.19734677179541776,-0.8226515471996363],[-0.785928330749696,0.47541244513090164,0.3953475255261551]]",0.02,"[2.216937431553613,-0.6016131801083958,1.986259279632415,-0.8779250580637948,-1.2300240233010675,2.8990505264146647,-0.8777994059645148]","[2.2167212701324197,-0.5995833525053046,1.986133407711659,-0.8777168748815342,-1.255712402833048,2.903440727129923,-0.850160487417058]",True,False,[],"[""orientation_tolerance""]",outputs/task_balance_comparison/points/points_panda/records.jsonl.gz,35436,35425
panda,15ea91ec48a2ef79a4d226e20c3c8e7fe9811bacaac45ba5e415c03066fb8a4d,range_loss_matched,1,gained,"[2.1733374315536564,-0.5583045227814538,1.9427425763814434,-0.9210911676407267,-1.282149240608846,2.9511950538416962,-0.8254994059645671]","[0.0724084491423219,-0.6792811569864352,0.8040766098003437]","[[0.31307822564500515,0.8573431394001962,-0.4085887491725517],[-0.5331966649857925,-0.19734677179541776,-0.8226515471996363],[-0.785928330749696,0.47541244513090164,0.3953475255261551]]",0.02,"[2.216937431553613,-0.6016131801083958,1.986259279632415,-0.8779250580637948,-1.2300240233010675,2.8990505264146647,-0.8777994059645148]","[2.2167212701324197,-0.5995833525053046,1.986133407711659,-0.8777168748815342,-1.255712402833048,2.903440727129923,-0.850160487417058]",True,False,[],"[""orientation_tolerance""]",outputs/task_balance_comparison/points/points_panda/records.jsonl.gz,35432,35430
panda,15ea91ec48a2ef79a4d226e20c3c8e7fe9811bacaac45ba5e415c03066fb8a4d,range_loss_matched,2,gained,"[2.1733374315536564,-0.5583045227814538,1.9427425763814434,-0.9210911676407267,-1.282149240608846,2.9511950538416962,-0.8254994059645671]","[0.0724084491423219,-0.6792811569864352,0.8040766098003437]","[[0.31307822564500515,0.8573431394001962,-0.4085887491725517],[-0.5331966649857925,-0.19734677179541776,-0.8226515471996363],[-0.785928330749696,0.47541244513090164,0.3953475255261551]]",0.02,"[2.216937431553613,-0.6016131801083958,1.986259279632415,-0.8779250580637948,-1.2300240233010675,2.8990505264146647,-0.8777994059645148]","[2.2167212701324197,-0.5995833525053046,1.986133407711659,-0.8777168748815342,-1.255712402833048,2.903440727129923,-0.850160487417058]",True,False,[],"[""orientation_tolerance""]",outputs/task_balance_comparison/points/points_panda/records.jsonl.gz,35438,35446
panda,16d931b8b208381482c3a9ef96bcafa33b09e2a1fcfcc8202b326316fae6beac,range_loss_matched,0,gained,"[1.1594695528879053,-1.3095154126364443,-1.0673588441591773,-0.44700533303388656,-1.582693557901437,2.8212759926007553,-2.083132739346456]","[-0.12292585158588751,-0.7736148849516492,0.6499777379726784]","[[0.9536868624888428,0.2859090524662077,0.09347396447173162],[0.05454080376161992,0.14123912565997848,-0.9884719571681544],[-0.29581526167732414,0.9477908646429759,0.11910418908710209]]",0.02,"[1.2026534726291864,-1.3530487000108706,-1.1109588441591336,-0.4039536337077357,-1.6349935579013846,2.8734448975590143,-2.1348957917464526]","[1.1952433153530162,-1.3531154126364007,-1.1099951169303426,-0.41432139466921525,-1.6328446053019037,2.8596241431941567,-2.1352823997171244]",True,False,[],"[""orientation_tolerance""]",outputs/task_balance_comparison/points/points_panda/records.jsonl.gz,23234,23246
panda,16d931b8b208381482c3a9ef96bcafa33b09e2a1fcfcc8202b326316fae6beac,range_loss_matched,1,gained,"[1.1594695528879053,-1.3095154126364443,-1.0673588441591773,-0.44700533303388656,-1.582693557901437,2.8212759926007553,-2.083132739346456]","[-0.12292585158588751,-0.7736148849516492,0.6499777379726784]","[[0.9536868624888428,0.2859090524662077,0.09347396447173162],[0.05454080376161992,0.14123912565997848,-0.9884719571681544],[-0.29581526167732414,0.9477908646429759,0.11910418908710209]]",0.02,"[1.2026534726291864,-1.3530487000108706,-1.1109588441591336,-0.4039536337077357,-1.6349935579013846,2.8734448975590143,-2.1348957917464526]","[1.1952433153530162,-1.3531154126364007,-1.1099951169303426,-0.41432139466921525,-1.6328446053019037,2.8596241431941567,-2.1352823997171244]",True,False,[],"[""orientation_tolerance""]",outputs/task_balance_comparison/points/points_panda/records.jsonl.gz,23251,23249
panda,16d931b8b208381482c3a9ef96bcafa33b09e2a1fcfcc8202b326316fae6beac,range_loss_matched,2,gained,"[1.1594695528879053,-1.3095154126364443,-1.0673588441591773,-0.44700533303388656,-1.582693557901437,2.8212759926007553,-2.083132739346456]","[-0.12292585158588751,-0.7736148849516492,0.6499777379726784]","[[0.9536868624888428,0.2859090524662077,0.09347396447173162],[0.05454080376161992,0.14123912565997848,-0.9884719571681544],[-0.29581526167732414,0.9477908646429759,0.11910418908710209]]",0.02,"[1.2026534726291864,-1.3530487000108706,-1.1109588441591336,-0.4039536337077357,-1.6349935579013846,2.8734448975590143,-2.1348957917464526]","[1.1952433153530162,-1.3531154126364007,-1.1099951169303426,-0.41432139466921525,-1.6328446053019037,2.8596241431941567,-2.1352823997171244]",True,False,[],"[""orientation_tolerance""]",outputs/task_balance_comparison/points/points_panda/records.jsonl.gz,23243,23241
panda,2018fa9c25c8ff9a09911928728f0f712d1653a01f57ce8114d32ffae55e4f58,range_loss_matched,0,gained,"[-1.7223372486023845,-0.30992636767391435,-0.6524800987588102,-0.4647590379258464,0.7946588780185948,1.7879746619512293,0.509108555338027]","[-0.13055144005799432,0.0020973048934073667,1.1482064132923206]","[[-0.7023824960397996,-0.6915587088511402,-0.16853896127912013],[0.2706558527629771,-0.04048686492226346,-0.9618244242760277],[0.6583344428343746,-0.7211846961638261,0.21561167732069442]]",0.02,"[-1.7659372486023408,-0.2681321305310189,-0.6960800987587666,-0.4239753698590024,0.7488979455014841,1.840274661951177,0.5524397370598765]","[-1.7659372486023408,-0.26935417268017553,-0.6960800987587666,-0.4266017015452386,0.759536933138701,1.840274661951177,0.5481942423237318]",True,False,[],"[""orientation_tolerance""]",outputs/task_balance_comparison/points/points_panda/records.jsonl.gz,8660,8649
panda,2018fa9c25c8ff9a09911928728f0f712d1653a01f57ce8114d32ffae55e4f58,range_loss_matched,1,gained,"[-1.7223372486023845,-0.30992636767391435,-0.6524800987588102,-0.4647590379258464,0.7946588780185948,1.7879746619512293,0.509108555338027]","[-0.13055144005799432,0.0020973048934073667,1.1482064132923206]","[[-0.7023824960397996,-0.6915587088511402,-0.16853896127912013],[0.2706558527629771,-0.04048686492226346,-0.9618244242760277],[0.6583344428343746,-0.7211846961638261,0.21561167732069442]]",0.02,"[-1.7659372486023408,-0.2681321305310189,-0.6960800987587666,-0.4239753698590024,0.7488979455014841,1.840274661951177,0.5524397370598765]","[-1.7659372486023408,-0.26935417268017553,-0.6960800987587666,-0.4266017015452386,0.759536933138701,1.840274661951177,0.5481942423237318]",True,False,[],"[""orientation_tolerance""]",outputs/task_balance_comparison/points/points_panda/records.jsonl.gz,8647,8642
panda,2018fa9c25c8ff9a09911928728f0f712d1653a01f57ce8114d32ffae55e4f58,range_loss_matched,2,gained,"[-1.7223372486023845,-0.30992636767391435,-0.6524800987588102,-0.4647590379258464,0.7946588780185948,1.7879746619512293,0.509108555338027]","[-0.13055144005799432,0.0020973048934073667,1.1482064132923206]","[[-0.7023824960397996,-0.6915587088511402,-0.16853896127912013],[0.2706558527629771,-0.04048686492226346,-0.9618244242760277],[0.6583344428343746,-0.7211846961638261,0.21561167732069442]]",0.02,"[-1.7659372486023408,-0.2681321305310189,-0.6960800987587666,-0.4239753698590024,0.7488979455014841,1.840274661951177,0.5524397370598765]","[-1.7659372486023408,-0.26935417268017553,-0.6960800987587666,-0.4266017015452386,0.759536933138701,1.840274661951177,0.5481942423237318]",True,False,[],"[""orientation_tolerance""]",outputs/task_balance_comparison/points/points_panda/records.jsonl.gz,8652,8644
panda,2098d5d49dd804d1925f335bed0d1b42c29e59ab49bc645ff1d4956429b0dd71,range_loss_matched,0,gained,"[1.477032656189147,-0.06944041354537167,2.2567239357785427,-0.4733362650443165,-2.1687291015141117,1.8101116301214797,-1.2098930281548252]","[-0.215293277708513,-0.14704226776939308,1.129469649640455]","[[-0.9963519707240822,-0.003924612385556043,-0.08524874105733905],[-0.06860974325823327,-0.5572067579229387,0.8275344899489369],[-0.0507489267303004,0.8303645141398028,0.5549047847091354]]",0.02,"[1.5188398259645723,-0.11304041354532807,2.213949739754694,-0.5166332013766717,-2.2210291015140595,1.7584275551567552,-1.1575930281548776]","[1.482800478561944,-0.11304041354532807,2.256408974199474,-0.5103670098218289,-2.2210291015140595,1.757811630121532,-1.1650982430652215]",True,False,[],"[""orientation_tolerance""]",outputs/task_balance_comparison/points/points_panda/records.jsonl.gz,49009,49013
panda,2098d5d49dd804d1925f335bed0d1b42c29e59ab49bc645ff1d4956429b0dd71,range_loss_matched,1,gained,"[1.477032656189147,-0.06944041354537167,2.2567239357785427,-0.4733362650443165,-2.1687291015141117,1.8101116301214797,-1.2098930281548252]","[-0.215293277708513,-0.14704226776939308,1.129469649640455]","[[-0.9963519707240822,-0.003924612385556043,-0.08524874105733905],[-0.06860974325823327,-0.5572067579229387,0.8275344899489369],[-0.0507489267303004,0.8303645141398028,0.5549047847091354]]",0.02,"[1.5188398259645723,-0.11304041354532807,2.213949739754694,-0.5166332013766717,-2.2210291015140595,1.7584275551567552,-1.1575930281548776]","[1.482800478561944,-0.11304041354532807,2.256408974199474,-0.5103670098218289,-2.2210291015140595,1.757811630121532,-1.1650982430652215]",True,False,[],"[""orientation_tolerance""]",outputs/task_balance_comparison/points/points_panda/records.jsonl.gz,49023,49027
panda,2098d5d49dd804d1925f335bed0d1b42c29e59ab49bc645ff1d4956429b0dd71,range_loss_matched,2,gained,"[1.477032656189147,-0.06944041354537167,2.2567239357785427,-0.4733362650443165,-2.1687291015141117,1.8101116301214797,-1.2098930281548252]","[-0.215293277708513,-0.14704226776939308,1.129469649640455]","[[-0.9963519707240822,-0.003924612385556043,-0.08524874105733905],[-0.06860974325823327,-0.5572067579229387,0.8275344899489369],[-0.0507489267303004,0.8303645141398028,0.5549047847091354]]",0.02,"[1.5188398259645723,-0.11304041354532807,2.213949739754694,-0.5166332013766717,-2.2210291015140595,1.7584275551567552,-1.1575930281548776]","[1.482800478561944,-0.11304041354532807,2.256408974199474,-0.5103670098218289,-2.2210291015140595,1.757811630121532,-1.1650982430652215]",True,False,[],"[""orientation_tolerance""]",outputs/task_balance_comparison/points/points_panda/records.jsonl.gz,49025,49024
panda,20e6c01286797f64400d4e2c1fb8f8f26a1625acdd1c70f9e9da898e00184ad6,range_loss_matched,0,gained,"[2.8539711694547156,0.7603531371095547,-2.055020765755238,-0.44506617607895205,-1.7032971473312275,2.3869398316975237,-0.5794896466765531]","[-0.39856454202430713,0.33346160149699017,1.013683698027862]","[[0.018169579889932144,-0.9995619815361962,-0.023360467333861747],[0.9957876950013238,0.02019120505536924,-0.08943814467196219],[0.08987064509935488,-0.021637012405715358,0.9957183873182118]]",0.02,"[2.854359299958567,0.7396029188515942,-2.0318365011935917,-0.4450661760789957,-1.7555971473311751,2.427276685737667,-0.5297246935774741]","[2.844237095545823,0.7590390838672072,-2.0609018245131177,-0.4547987787795875,-1.6955694701373571,2.394318320699337,-0.5706918920107116]",True,False,[],"[""position_tolerance"",""orientation_tolerance""]",outputs/task_balance_comparison/points/points_panda/records.jsonl.gz,34125,34119
panda,20e6c01286797f64400d4e2c1fb8f8f26a1625acdd1c70f9e9da898e00184ad6,range_loss_matched,1,gained,"[2.8539711694547156,0.7603531371095547,-2.055020765755238,-0.44506617607895205,-1.7032971473312275,2.3869398316975237,-0.5794896466765531]","[-0.39856454202430713,0.33346160149699017,1.013683698027862]","[[0.018169579889932144,-0.9995619815361962,-0.023360467333861747],[0.9957876950013238,0.02019120505536924,-0.08943814467196219],[0.08987064509935488,-0.021637012405715358,0.9957183873182118]]",0.02,"[2.854359299958567,0.7396029188515942,-2.0318365011935917,-0.4450661760789957,-1.7555971473311751,2.427276685737667,-0.5297246935774741]","[2.844237095545823,0.7590390838672072,-2.0609018245131177,-0.4547987787795875,-1.6955694701373571,2.394318320699337,-0.5706918920107116]",True,False,[],"[""position_tolerance"",""orientation_tolerance""]",outputs/task_balance_comparison/points/points_panda/records.jsonl.gz,34113,34124
panda,20e6c01286797f64400d4e2c1fb8f8f26a1625acdd1c70f9e9da898e00184ad6,range_loss_matched,2,gained,"[2.8539711694547156,0.7603531371095547,-2.055020765755238,-0.44506617607895205,-1.7032971473312275,2.3869398316975237,-0.5794896466765531]","[-0.39856454202430713,0.33346160149699017,1.013683698027862]","[[0.018169579889932144,-0.9995619815361962,-0.023360467333861747],[0.9957876950013238,0.02019120505536924,-0.08943814467196219],[0.08987064509935488,-0.021637012405715358,0.9957183873182118]]",0.02,"[2.854359299958567,0.7396029188515942,-2.0318365011935917,-0.4450661760789957,-1.7555971473311751,2.427276685737667,-0.5297246935774741]","[2.844237095545823,0.7590390838672072,-2.0609018245131177,-0.4547987787795875,-1.6955694701373571,2.394318320699337,-0.5706918920107116]",True,False,[],"[""position_tolerance"",""orientation_tolerance""]",outputs/task_balance_comparison/points/points_panda/records.jsonl.gz,34126,34128
panda,22dcd3911b2ee2a78ede4d07acad535fa9bfcd719e7c3334d4424016d233cede,range_loss_matched,0,gained,"[0.686218201162387,-0.4390953180688897,2.482443566686718,-0.4195395162756115,1.5620226890202025,1.746116851845638,1.3887715670926308]","[-0.4681762944853783,-0.2854583437633049,0.9558711160875906]","[[-0.8178689633648107,0.5509607910107972,-0.16592939924355263],[0.23016059919826626,0.04895267114394285,-0.9719206421125994],[-0.5273674784637982,-0.8330941379919976,-0.16684633619623077]]",0.02,"[0.6596750715775087,-0.465244097093999,2.445123921422944,-0.39082537385986194,1.5192325083637037,1.7836609812588278,1.4233834430231098]","[0.666230934546632,-0.44340560638714,2.4641910817820762,-0.43106570588214255,1.5434588727950433,1.7670483924330946,1.392365478334564]",True,False,[],"[""position_tolerance"",""orientation_tolerance""]",outputs/task_balance_comparison/points/points_panda/records.jsonl.gz,29949,29939
panda,22dcd3911b2ee2a78ede4d07acad535fa9bfcd719e7c3334d4424016d233cede,range_loss_matched,1,gained,"[0.686218201162387,-0.4390953180688897,2.482443566686718,-0.4195395162756115,1.5620226890202025,1.746116851845638,1.3887715670926308]","[-0.4681762944853783,-0.2854583437633049,0.9558711160875906]","[[-0.8178689633648107,0.5509607910107972,-0.16592939924355263],[0.23016059919826626,0.04895267114394285,-0.9719206421125994],[-0.5273674784637982,-0.8330941379919976,-0.16684633619623077]]",0.02,"[0.6596750715775087,-0.465244097093999,2.445123921422944,-0.39082537385986194,1.5192325083637037,1.7836609812588278,1.4233834430231098]","[0.666230934546632,-0.44340560638714,2.4641910817820762,-0.43106570588214255,1.5434588727950433,1.7670483924330946,1.392365478334564]",True,False,[],"[""position_tolerance"",""orientation_tolerance""]",outputs/task_balance_comparison/points/points_panda/records.jsonl.gz,29952,29930
panda,22dcd3911b2ee2a78ede4d07acad535fa9bfcd719e7c3334d4424016d233cede,range_loss_matched,2,gained,"[0.686218201162387,-0.4390953180688897,2.482443566686718,-0.4195395162756115,1.5620226890202025,1.746116851845638,1.3887715670926308]","[-0.4681762944853783,-0.2854583437633049,0.9558711160875906]","[[-0.8178689633648107,0.5509607910107972,-0.16592939924355263],[0.23016059919826626,0.04895267114394285,-0.9719206421125994],[-0.5273674784637982,-0.8330941379919976,-0.16684633619623077]]",0.02,"[0.6596750715775087,-0.465244097093999,2.445123921422944,-0.39082537385986194,1.5192325083637037,1.7836609812588278,1.4233834430231098]","[0.666230934546632,-0.44340560638714,2.4641910817820762,-0.43106570588214255,1.5434588727950433,1.7670483924330946,1.392365478334564]",True,False,[],"[""position_tolerance"",""orientation_tolerance""]",outputs/task_balance_comparison/points/points_panda/records.jsonl.gz,29937,29948
panda,3e20bcead7246ef3be1336b30f42795913b475491b6def1275af082c8b7ad807,range_loss_matched,0,gained,"[2.0729399546900056,1.4819092992508578,1.2002591243789813,-2.0362763268920827,-1.9734695256525825,2.5677638198239805,2.8746768400590237]","[-0.5534351670280495,-0.13543826538127451,0.16233849505921155]","[[-0.04331999560553103,0.8788516054094467,-0.4751244401732826],[0.8805541114153265,-0.1910747858921697,-0.433722126557807],[-0.47196168790517495,-0.43716161984499496,-0.7655990355820717]]",0.02,"[2.085000504356817,1.4755247700893992,1.2166577835444106,-2.0602875086255947,-1.9753698932060273,2.5861950835938363,2.8720647854549757]","[2.0859199795111354,1.492456105140211,1.2207272185202405,-2.0500258720611253,-1.9836901851546997,2.585177050405402,2.865036971042545]",True,False,[],"[""position_tolerance""]",outputs/task_balance_comparison/points/points_panda/records.jsonl.gz,11841,11836
panda,3e20bcead7246ef3be1336b30f42795913b475491b6def1275af082c8b7ad807,range_loss_matched,1,gained,"[2.0729399546900056,1.4819092992508578,1.2002591243789813,-2.0362763268920827,-1.9734695256525825,2.5677638198239805,2.8746768400590237]","[-0.5534351670280495,-0.13543826538127451,0.16233849505921155]","[[-0.04331999560553103,0.8788516054094467,-0.4751244401732826],[0.8805541114153265,-0.1910747858921697,-0.433722126557807],[-0.47196168790517495,-0.43716161984499496,-0.7655990355820717]]",0.02,"[2.085000504356817,1.4755247700893992,1.2166577835444106,-2.0602875086255947,-1.9753698932060273,2.5861950835938363,2.8720647854549757]","[2.0859199795111354,1.492456105140211,1.2207272185202405,-2.0500258720611253,-1.9836901851546997,2.585177050405402,2.865036971042545]",True,False,[],"[""position_tolerance""]",outputs/task_balance_comparison/points/points_panda/records.jsonl.gz,11835,11833
panda,3e20bcead7246ef3be1336b30f42795913b475491b6def1275af082c8b7ad807,range_loss_matched,2,gained,"[2.0729399546900056,1.4819092992508578,1.2002591243789813,-2.0362763268920827,-1.9734695256525825,2.5677638198239805,2.8746768400590237]","[-0.5534351670280495,-0.13543826538127451,0.16233849505921155]","[[-0.04331999560553103,0.8788516054094467,-0.4751244401732826],[0.8805541114153265,-0.1910747858921697,-0.433722126557807],[-0.47196168790517495,-0.43716161984499496,-0.7655990355820717]]",0.02,"[2.085000504356817,1.4755247700893992,1.2166577835444106,-2.0602875086255947,-1.9753698932060273,2.5861950835938363,2.8720647854549757]","[2.0859199795111354,1.492456105140211,1.2207272185202405,-2.0500258720611253,-1.9836901851546997,2.585177050405402,2.865036971042545]",True,False,[],"[""position_tolerance""]",outputs/task_balance_comparison/points/points_panda/records.jsonl.gz,11853,11845
panda,42e4f625869a39fb06b4dac645e954389abea5132e0f8f327d78bc7ec638ed27,range_loss_matched,0,gained,"[-1.3005833988058575,-0.4324384939742161,0.48241574752729566,-0.45344217688287847,2.3838861626398877,1.8098384057942483,1.5049183946432425]","[0.07754237765261203,0.20899096370126574,1.142309426637355]","[[0.9758929467660706,-0.17404414722785178,0.1316874757445249],[-0.0978964331147523,0.19019783092898204,0.9768526365288264],[-0.19506215633905977,-0.9661953321795963,0.16857442047569363]]",0.02,"[-1.2569833988059012,-0.3888384939742597,0.43881574752733926,-0.4970102192608724,2.3351553095414848,1.7619449142096166,1.5529884279507378]","[-1.288288181460719,-0.3888384939742597,0.43881574752733926,-0.4938347471525635,2.378216708025723,1.7575384057943007,1.5572183946431901]",True,False,[],"[""position_tolerance"",""orientation_tolerance""]",outputs/task_balance_comparison/points/points_panda/records.jsonl.gz,19580,19574
panda,42e4f625869a39fb06b4dac645e954389abea5132e0f8f327d78bc7ec638ed27,range_loss_matched,1,gained,"[-1.3005833988058575,-0.4324384939742161,0.48241574752729566,-0.45344217688287847,2.3838861626398877,1.8098384057942483,1.5049183946432425]","[0.07754237765261203,0.20899096370126574,1.142309426637355]","[[0.9758929467660706,-0.17404414722785178,0.1316874757445249],[-0.0978964331147523,0.19019783092898204,0.9768526365288264],[-0.19506215633905977,-0.9661953321795963,0.16857442047569363]]",0.02,"[-1.2569833988059012,-0.3888384939742597,0.43881574752733926,-0.4970102192608724,2.3351553095414848,1.7619449142096166,1.5529884279507378]","[-1.288288181460719,-0.3888384939742597,0.43881574752733926,-0.4938347471525635,2.378216708025723,1.7575384057943007,1.5572183946431901]",True,False,[],"[""position_tolerance"",""orientation_tolerance""]",outputs/task_balance_comparison/points/points_panda/records.jsonl.gz,19572,19579
panda,42e4f625869a39fb06b4dac645e954389abea5132e0f8f327d78bc7ec638ed27,range_loss_matched,2,gained,"[-1.3005833988058575,-0.4324384939742161,0.48241574752729566,-0.45344217688287847,2.3838861626398877,1.8098384057942483,1.5049183946432425]","[0.07754237765261203,0.20899096370126574,1.142309426637355]","[[0.9758929467660706,-0.17404414722785178,0.1316874757445249],[-0.0978964331147523,0.19019783092898204,0.9768526365288264],[-0.19506215633905977,-0.9661953321795963,0.16857442047569363]]",0.02,"[-1.2569833988059012,-0.3888384939742597,0.43881574752733926,-0.4970102192608724,2.3351553095414848,1.7619449142096166,1.5529884279507378]","[-1.288288181460719,-0.3888384939742597,0.43881574752733926,-0.4938347471525635,2.378216708025723,1.7575384057943007,1.5572183946431901]",True,False,[],"[""position_tolerance"",""orientation_tolerance""]",outputs/task_balance_comparison/points/points_panda/records.jsonl.gz,19584,19583
panda,4bdebb84c92ab8f21a49a6581b1384ef0daf5eb46935fbd012c763837782aa12,range_loss_matched,0,gained,"[-1.8163083455559073,1.066444684492017,1.278617004457351,-0.7887677004596414,-0.857297356132235,2.61501706856653,1.2689258951084281]","[0.19402469020102936,-0.7724909331792517,0.6153667811528808]","[[-0.7935183065815804,-0.2883683892075816,0.5358846603754633],[-0.6006051405628755,0.22931562680215414,-0.7659554872404686],[0.0979906232725834,-0.9296547829222197,-0.35516168478664845]]",0.02,"[-1.803153000492385,1.0630596092826596,1.2719025702149158,-0.7768266362515553,-0.8345071849135406,2.603062582799941,1.280370666341903]","[-1.8134856667084789,1.065143636843181,1.2849425495708107,-0.7906652100385028,-0.8447107099606862,2.611630869949058,1.2818466086307787]",True,False,[],"[""position_tolerance""]",outputs/task_balance_comparison/points/points_panda/records.jsonl.gz,16167,16172
panda,4bdebb84c92ab8f21a49a6581b1384ef0daf5eb46935fbd012c763837782aa12,range_loss_matched,1,gained,"[-1.8163083455559073,1.066444684492017,1.278617004457351,-0.7887677004596414,-0.857297356132235,2.61501706856653,1.2689258951084281]","[0.19402469020102936,-0.7724909331792517,0.6153667811528808]","[[-0.7935183065815804,-0.2883683892075816,0.5358846603754633],[-0.6006051405628755,0.22931562680215414,-0.7659554872404686],[0.0979906232725834,-0.9296547829222197,-0.35516168478664845]]",0.02,"[-1.803153000492385,1.0630596092826596,1.2719025702149158,-0.7768266362515553,-0.8345071849135406,2.603062582799941,1.280370666341903]","[-1.8134856667084789,1.065143636843181,1.2849425495708107,-0.7906652100385028,-0.8447107099606862,2.611630869949058,1.2818466086307787]",True,False,[],"[""position_tolerance""]",outputs/task_balance_comparison/points/points_panda/records.jsonl.gz,16155,16176
panda,4bdebb84c92ab8f21a49a6581b1384ef0daf5eb46935fbd012c763837782aa12,range_loss_matched,2,gained,"[-1.8163083455559073,1.066444684492017,1.278617004457351,-0.7887677004596414,-0.857297356132235,2.61501706856653,1.2689258951084281]","[0.19402469020102936,-0.7724909331792517,0.6153667811528808]","[[-0.7935183065815804,-0.2883683892075816,0.5358846603754633],[-0.6006051405628755,0.22931562680215414,-0.7659554872404686],[0.0979906232725834,-0.9296547829222197,-0.35516168478664845]]",0.02,"[-1.803153000492385,1.0630596092826596,1.2719025702149158,-0.7768266362515553,-0.8345071849135406,2.603062582799941,1.280370666341903]","[-1.8134856667084789,1.065143636843181,1.2849425495708107,-0.7906652100385028,-0.8447107099606862,2.611630869949058,1.2818466086307787]",True,False,[],"[""position_tolerance""]",outputs/task_balance_comparison/points/points_panda/records.jsonl.gz,16173,16163
panda,4d5fe5d806ee997ed8930205c863a2be6672784e9b760de5de950e2b0bc0d461,range_loss_matched,0,gained,"[-0.8340418159010989,-0.1958264679159889,-1.8937004529644277,-0.44259193539524144,1.2679585451035003,2.138936899891327,2.0015614212465707]","[-0.2742112858249343,-0.03225391451883019,1.133385138001461]","[[-0.5505446303741712,0.8300859445836071,-0.08864499179822859],[-0.36176465427350923,-0.33292848478443066,-0.8707955896405952],[-0.7523476223691649,-0.4473432112191757,0.4835877443562651]]",0.02,"[-0.8776418159010554,-0.15925760259804486,-1.86075044369656,-0.421153294918001,1.3202585451034479,2.107243380782842,2.0400672485675546]","[-0.8314403639642123,-0.16889525548968232,-1.8786621003850938,-0.4063149358195893,1.295146826011298,2.1223558856711984,2.0266305596945426]",True,False,[],"[""position_tolerance"",""orientation_tolerance""]",outputs/task_balance_comparison/points/points_panda/records.jsonl.gz,2984,2983
panda,4d5fe5d806ee997ed8930205c863a2be6672784e9b760de5de950e2b0bc0d461,range_loss_matched,1,gained,"[-0.8340418159010989,-0.1958264679159889,-1.8937004529644277,-0.44259193539524144,1.2679585451035003,2.138936899891327,2.0015614212465707]","[-0.2742112858249343,-0.03225391451883019,1.133385138001461]","[[-0.5505446303741712,0.8300859445836071,-0.08864499179822859],[-0.36176465427350923,-0.33292848478443066,-0.8707955896405952],[-0.7523476223691649,-0.4473432112191757,0.4835877443562651]]",0.02,"[-0.8776418159010554,-0.15925760259804486,-1.86075044369656,-0.421153294918001,1.3202585451034479,2.107243380782842,2.0400672485675546]","[-0.8314403639642123,-0.16889525548968232,-1.8786621003850938,-0.4063149358195893,1.295146826011298,2.1223558856711984,2.0266305596945426]",True,False,[],"[""position_tolerance"",""orientation_tolerance""]",outputs/task_balance_comparison/points/points_panda/records.jsonl.gz,3000,2998
panda,4d5fe5d806ee997ed8930205c863a2be6672784e9b760de5de950e2b0bc0d461,range_loss_matched,2,gained,"[-0.8340418159010989,-0.1958264679159889,-1.8937004529644277,-0.44259193539524144,1.2679585451035003,2.138936899891327,2.0015614212465707]","[-0.2742112858249343,-0.03225391451883019,1.133385138001461]","[[-0.5505446303741712,0.8300859445836071,-0.08864499179822859],[-0.36176465427350923,-0.33292848478443066,-0.8707955896405952],[-0.7523476223691649,-0.4473432112191757,0.4835877443562651]]",0.02,"[-0.8776418159010554,-0.15925760259804486,-1.86075044369656,-0.421153294918001,1.3202585451034479,2.107243380782842,2.0400672485675546]","[-0.8314403639642123,-0.16889525548968232,-1.8786621003850938,-0.4063149358195893,1.295146826011298,2.1223558856711984,2.0266305596945426]",True,False,[],"[""position_tolerance"",""orientation_tolerance""]",outputs/task_balance_comparison/points/points_panda/records.jsonl.gz,2980,2985
panda,4df9445ef79b670b9eb35058d551b913833ed68b5c69fb8b322cb1ddb5958d89,range_loss_matched,0,gained,"[-1.8575419276358442,0.3144700226809196,-1.7077325578108449,-0.4747891218645224,0.12787078993878875,0.522410869761518,0.30417787805794827]","[-0.29474431254408345,-0.11897941485714583,0.9007511077629599]","[[-0.8763497964499378,0.4806961499973365,0.030696019935671292],[0.4688579783451516,0.8366929921483682,0.2830495239916648],[0.11037767167434923,0.2624424665856285,-0.9586139584463604]]",0.02,"[-1.813941927635888,0.3580156154091256,-1.7513325578108012,-0.431189121864566,0.17689468626220253,0.47011086976157024,0.25187787805800055]","[-1.813941927635888,0.3498866694416444,-1.7211146916039577,-0.431189121864566,0.1532514201359726,0.47011086976157024,0.2574959975797716]",True,False,[],"[""position_tolerance""]",outputs/task_balance_comparison/points/points_panda/records.jsonl.gz,24267,24284
panda,4df9445ef79b670b9eb35058d551b913833ed68b5c69fb8b322cb1ddb5958d89,range_loss_matched,1,gained,"[-1.8575419276358442,0.3144700226809196,-1.7077325578108449,-0.4747891218645224,0.12787078993878875,0.522410869761518,0.30417787805794827]","[-0.29474431254408345,-0.11897941485714583,0.9007511077629599]","[[-0.8763497964499378,0.4806961499973365,0.030696019935671292],[0.4688579783451516,0.8366929921483682,0.2830495239916648],[0.11037767167434923,0.2624424665856285,-0.9586139584463604]]",0.02,"[-1.813941927635888,0.3580156154091256,-1.7513325578108012,-0.431189121864566,0.17689468626220253,0.47011086976157024,0.25187787805800055]","[-1.813941927635888,0.3498866694416444,-1.7211146916039577,-0.431189121864566,0.1532514201359726,0.47011086976157024,0.2574959975797716]",True,False,[],"[""position_tolerance""]",outputs/task_balance_comparison/points/points_panda/records.jsonl.gz,24279,24272
panda,4df9445ef79b670b9eb35058d551b913833ed68b5c69fb8b322cb1ddb5958d89,range_loss_matched,2,gained,"[-1.8575419276358442,0.3144700226809196,-1.7077325578108449,-0.4747891218645224,0.12787078993878875,0.522410869761518,0.30417787805794827]","[-0.29474431254408345,-0.11897941485714583,0.9007511077629599]","[[-0.8763497964499378,0.4806961499973365,0.030696019935671292],[0.4688579783451516,0.8366929921483682,0.2830495239916648],[0.11037767167434923,0.2624424665856285,-0.9586139584463604]]",0.02,"[-1.813941927635888,0.3580156154091256,-1.7513325578108012,-0.431189121864566,0.17689468626220253,0.47011086976157024,0.25187787805800055]","[-1.813941927635888,0.3498866694416444,-1.7211146916039577,-0.431189121864566,0.1532514201359726,0.47011086976157024,0.2574959975797716]",True,False,[],"[""position_tolerance""]",outputs/task_balance_comparison/points/points_panda/records.jsonl.gz,24288,24282
panda,4ee828537fe4beaf445e29e605e2128c23c256ee3a76d9dbbbfda5b08fa7c26d,range_loss_matched,0,gained,"[2.879384574954447,-0.4727687987026301,1.2563332832501235,-0.5895430866014171,-0.5357735637878263,1.7291220662489108,-0.6531981653650383]","[0.06889471424821937,-0.3277285069723885,1.0747457308327548]","[[0.3039641424964214,-0.03020820812858977,-0.9522044235551915],[-0.8576989065857998,0.42637814233835203,-0.28732258069566874],[0.4146786535595223,0.9040404547904676,0.1036941193332866]]",0.02,"[2.8357845749544905,-0.4303569286874166,1.2127332832501672,-0.5459430866014606,-0.586237023328769,1.7802249096131915,-0.6008981653650906]","[2.8357845749544905,-0.4291687987026737,1.2127332832501672,-0.5459430866014606,-0.588073563787774,1.7814220662488585,-0.6008981653650906]",True,False,[],"[""position_tolerance""]",outputs/task_balance_comparison/points/points_panda/records.jsonl.gz,36331,36313
panda,4ee828537fe4beaf445e29e605e2128c23c256ee3a76d9dbbbfda5b08fa7c26d,range_loss_matched,1,gained,"[2.879384574954447,-0.4727687987026301,1.2563332832501235,-0.5895430866014171,-0.5357735637878263,1.7291220662489108,-0.6531981653650383]","[0.06889471424821937,-0.3277285069723885,1.0747457308327548]","[[0.3039641424964214,-0.03020820812858977,-0.9522044235551915],[-0.8576989065857998,0.42637814233835203,-0.28732258069566874],[0.4146786535595223,0.9040404547904676,0.1036941193332866]]",0.02,"[2.8357845749544905,-0.4303569286874166,1.2127332832501672,-0.5459430866014606,-0.586237023328769,1.7802249096131915,-0.6008981653650906]","[2.8357845749544905,-0.4291687987026737,1.2127332832501672,-0.5459430866014606,-0.588073563787774,1.7814220662488585,-0.6008981653650906]",True,False,[],"[""position_tolerance""]",outputs/task_balance_comparison/points/points_panda/records.jsonl.gz,36326,36330
panda,4ee828537fe4beaf445e29e605e2128c23c256ee3a76d9dbbbfda5b08fa7c26d,range_loss_matched,2,gained,"[2.879384574954447,-0.4727687987026301,1.2563332832501235,-0.5895430866014171,-0.5357735637878263,1.7291220662489108,-0.6531981653650383]","[0.06889471424821937,-0.3277285069723885,1.0747457308327548]","[[0.3039641424964214,-0.03020820812858977,-0.9522044235551915],[-0.8576989065857998,0.42637814233835203,-0.28732258069566874],[0.4146786535595223,0.9040404547904676,0.1036941193332866]]",0.02,"[2.8357845749544905,-0.4303569286874166,1.2127332832501672,-0.5459430866014606,-0.586237023328769,1.7802249096131915,-0.6008981653650906]","[2.8357845749544905,-0.4291687987026737,1.2127332832501672,-0.5459430866014606,-0.588073563787774,1.7814220662488585,-0.6008981653650906]",True,False,[],"[""position_tolerance""]",outputs/task_balance_comparison/points/points_panda/records.jsonl.gz,36332,36327
panda,4eed2b58f403258dfcc5e734efce3edbe11021bd07a6bd34385ee0e17fb2f364,range_loss_matched,0,gained,"[-1.8909829126145885,0.1637594218501619,0.36109885182463364,-0.4465808031357543,2.045188604226161,2.1616531163388166,1.507658240251998]","[-0.023112575865635487,-0.3509030329361998,1.113043373712315]","[[0.5573847341175622,0.5453399331246008,0.6260404264201715],[-0.7097523388223335,0.7042087368036477,0.018484386536687988],[-0.4307828637595994,-0.454636571724126,0.7795714925149662]]",0.02,"[-1.9339847069587044,0.2073594218501183,0.40469885182459003,-0.403823538646129,2.097488604226109,2.2139531163387645,1.5532367492676518]","[-1.9244991540082552,0.2066431395684388,0.3851757965400511,-0.4029808031357979,2.097488604226109,2.2139531163387645,1.5599582402519456]",True,False,[],"[""orientation_tolerance""]",outputs/task_balance_comparison/points/points_panda/records.jsonl.gz,25091,25084
panda,4eed2b58f403258dfcc5e734efce3edbe11021bd07a6bd34385ee0e17fb2f364,range_loss_matched,1,gained,"[-1.8909829126145885,0.1637594218501619,0.36109885182463364,-0.4465808031357543,2.045188604226161,2.1616531163388166,1.507658240251998]","[-0.023112575865635487,-0.3509030329361998,1.113043373712315]","[[0.5573847341175622,0.5453399331246008,0.6260404264201715],[-0.7097523388223335,0.7042087368036477,0.018484386536687988],[-0.4307828637595994,-0.454636571724126,0.7795714925149662]]",0.02,"[-1.9339847069587044,0.2073594218501183,0.40469885182459003,-0.403823538646129,2.097488604226109,2.2139531163387645,1.5532367492676518]","[-1.9244991540082552,0.2066431395684388,0.3851757965400511,-0.4029808031357979,2.097488604226109,2.2139531163387645,1.5599582402519456]",True,False,[],"[""orientation_tolerance""]",outputs/task_balance_comparison/points/points_panda/records.jsonl.gz,25094,25087
panda,4eed2b58f403258dfcc5e734efce3edbe11021bd07a6bd34385ee0e17fb2f364,range_loss_matched,2,gained,"[-1.8909829126145885,0.1637594218501619,0.36109885182463364,-0.4465808031357543,2.045188604226161,2.1616531163388166,1.507658240251998]","[-0.023112575865635487,-0.3509030329361998,1.113043373712315]","[[0.5573847341175622,0.5453399331246008,0.6260404264201715],[-0.7097523388223335,0.7042087368036477,0.018484386536687988],[-0.4307828637595994,-0.454636571724126,0.7795714925149662]]",0.02,"[-1.9339847069587044,0.2073594218501183,0.40469885182459003,-0.403823538646129,2.097488604226109,2.2139531163387645,1.5532367492676518]","[-1.9244991540082552,0.2066431395684388,0.3851757965400511,-0.4029808031357979,2.097488604226109,2.2139531163387645,1.5599582402519456]",True,False,[],"[""orientation_tolerance""]",outputs/task_balance_comparison/points/points_panda/records.jsonl.gz,25095,25096
panda,525e2c725023b66f22652ab1905255ee55774e0e11d6ab4e05faaa293b158e34,range_loss_matched,0,gained,"[-0.011403595075675454,-1.11492779619497,1.3354846244634224,-0.5021770472214002,-1.468932372674926,1.7776881146190797,0.8792214435013586]","[-0.649534606769322,0.2126205351883217,0.7912005523372613]","[[-0.9225830499178466,0.23252666826012333,0.30785039313297996],[-0.28798939188440653,-0.9460515831303247,-0.14848741434429935],[0.2567150680547082,-0.2256496191099211,0.9397763687331226]]",0.02,"[0.03168756729564645,-1.158437839512031,1.291884624463466,-0.5457770472213567,-1.5193704152969616,1.725388114619132,0.8287940833740027]","[0.03041092277371263,-1.1585032595796758,1.291884624463466,-0.543095997206834,-1.515461377427103,1.725388114619132,0.8269214435014108]",True,False,[],"[""orientation_tolerance""]",outputs/task_balance_comparison/points/points_panda/records.jsonl.gz,45646,45648
panda,525e2c725023b66f22652ab1905255ee55774e0e11d6ab4e05faaa293b158e34,range_loss_matched,1,gained,"[-0.011403595075675454,-1.11492779619497,1.3354846244634224,-0.5021770472214002,-1.468932372674926,1.7776881146190797,0.8792214435013586]","[-0.649534606769322,0.2126205351883217,0.7912005523372613]","[[-0.9225830499178466,0.23252666826012333,0.30785039313297996],[-0.28798939188440653,-0.9460515831303247,-0.14848741434429935],[0.2567150680547082,-0.2256496191099211,0.9397763687331226]]",0.02,"[0.03168756729564645,-1.158437839512031,1.291884624463466,-0.5457770472213567,-1.5193704152969616,1.725388114619132,0.8287940833740027]","[0.03041092277371263,-1.1585032595796758,1.291884624463466,-0.543095997206834,-1.515461377427103,1.725388114619132,0.8269214435014108]",True,False,[],"[""orientation_tolerance""]",outputs/task_balance_comparison/points/points_panda/records.jsonl.gz,45645,45625
panda,525e2c725023b66f22652ab1905255ee55774e0e11d6ab4e05faaa293b158e34,range_loss_matched,2,gained,"[-0.011403595075675454,-1.11492779619497,1.3354846244634224,-0.5021770472214002,-1.468932372674926,1.7776881146190797,0.8792214435013586]","[-0.649534606769322,0.2126205351883217,0.7912005523372613]","[[-0.9225830499178466,0.23252666826012333,0.30785039313297996],[-0.28798939188440653,-0.9460515831303247,-0.14848741434429935],[0.2567150680547082,-0.2256496191099211,0.9397763687331226]]",0.02,"[0.03168756729564645,-1.158437839512031,1.291884624463466,-0.5457770472213567,-1.5193704152969616,1.725388114619132,0.8287940833740027]","[0.03041092277371263,-1.1585032595796758,1.291884624463466,-0.543095997206834,-1.515461377427103,1.725388114619132,0.8269214435014108]",True,False,[],"[""orientation_tolerance""]",outputs/task_balance_comparison/points/points_panda/records.jsonl.gz,45629,45636
panda,533de6547fa065ce09c1abbe948ab52f2b32de0a95fc8474ae8e65ba7ef34bb7,range_loss_matched,0,gained,"[-0.6634793589280776,-0.08075338286575828,-0.433455012322129,-2.6650543014261405,-0.6214492117768482,0.8868874050527935,1.4642535608525145]","[0.034154218642797,-0.2277343814668281,0.2841854434288753]","[[-0.5805362619201758,0.21928371214363884,-0.7841506884421224],[-0.8109438741760445,-0.06922050386724797,0.5810151071880246],[0.07312784375391118,0.9732025356691535,0.2180117956327903]]",0.02,"[-0.6203603268115998,-0.03715338286580188,-0.4770550123220854,-2.7083764612337373,-0.5691492117769005,0.9391874050527412,1.4119535608525668]","[-0.6570817664493123,-0.03715338286580188,-0.4393199331016279,-2.708654301426097,-0.5691492117769005,0.9391874050527412,1.4126284878967268]",True,False,[],"[""position_tolerance"",""orientation_tolerance""]",outputs/task_balance_comparison/points/points_panda/records.jsonl.gz,646,631
panda,533de6547fa065ce09c1abbe948ab52f2b32de0a95fc8474ae8e65ba7ef34bb7,range_loss_matched,1,gained,"[-0.6634793589280776,-0.08075338286575828,-0.433455012322129,-2.6650543014261405,-0.6214492117768482,0.8868874050527935,1.4642535608525145]","[0.034154218642797,-0.2277343814668281,0.2841854434288753]","[[-0.5805362619201758,0.21928371214363884,-0.7841506884421224],[-0.8109438741760445,-0.06922050386724797,0.5810151071880246],[0.07312784375391118,0.9732025356691535,0.2180117956327903]]",0.02,"[-0.6203603268115998,-0.03715338286580188,-0.4770550123220854,-2.7083764612337373,-0.5691492117769005,0.9391874050527412,1.4119535608525668]","[-0.6570817664493123,-0.03715338286580188,-0.4393199331016279,-2.708654301426097,-0.5691492117769005,0.9391874050527412,1.4126284878967268]",True,False,[],"[""position_tolerance"",""orientation_tolerance""]",outputs/task_balance_comparison/points/points_panda/records.jsonl.gz,634,648
panda,533de6547fa065ce09c1abbe948ab52f2b32de0a95fc8474ae8e65ba7ef34bb7,range_loss_matched,2,gained,"[-0.6634793589280776,-0.08075338286575828,-0.433455012322129,-2.6650543014261405,-0.6214492117768482,0.8868874050527935,1.4642535608525145]","[0.034154218642797,-0.2277343814668281,0.2841854434288753]","[[-0.5805362619201758,0.21928371214363884,-0.7841506884421224],[-0.8109438741760445,-0.06922050386724797,0.5810151071880246],[0.07312784375391118,0.9732025356691535,0.2180117956327903]]",0.02,"[-0.6203603268115998,-0.03715338286580188,-0.4770550123220854,-2.7083764612337373,-0.5691492117769005,0.9391874050527412,1.4119535608525668]","[-0.6570817664493123,-0.03715338286580188,-0.4393199331016279,-2.708654301426097,-0.5691492117769005,0.9391874050527412,1.4126284878967268]",True,False,[],"[""position_tolerance"",""orientation_tolerance""]",outputs/task_balance_comparison/points/points_panda/records.jsonl.gz,630,629
panda,5854bb50df8eb5749f3b60b09805a81abf13011dbff470a0c2482e2d615770f3,range_loss_matched,0,gained,"[2.883318496891064,-0.7825292837584418,-0.8473363077145197,-2.598160593220621,-0.9417643434245346,0.25070866318752877,1.4423230293268126]","[0.03754274283164509,0.23429299360608943,0.43611714886831543]","[[0.5371400387743231,-0.3184332074014288,0.7810767383359698],[0.826461532054187,0.013540996696845225,-0.5628303274016975],[0.16864730884352874,0.9478485817009459,0.2704462079367]]",0.02,"[2.8966865738212646,-0.7389292837584853,-0.8897396724759188,-2.6417605932205777,-0.8894643434245869,0.19840866318758107,1.4946230293267602]","[2.890567318093095,-0.7389292837584853,-0.881667099671305,-2.6417605932205777,-0.8894643434245869,0.20647278194358126,1.4694865708632499]",True,False,[],"[""position_tolerance"",""orientation_tolerance""]",outputs/task_balance_comparison/points/points_panda/records.jsonl.gz,12464,12479
panda,5854bb50df8eb5749f3b60b09805a81abf13011dbff470a0c2482e2d615770f3,range_loss_matched,1,gained,"[2.883318496891064,-0.7825292837584418,-0.8473363077145197,-2.598160593220621,-0.9417643434245346,0.25070866318752877,1.4423230293268126]","[0.03754274283164509,0.23429299360608943,0.43611714886831543]","[[0.5371400387743231,-0.3184332074014288,0.7810767383359698],[0.826461532054187,0.013540996696845225,-0.5628303274016975],[0.16864730884352874,0.9478485817009459,0.2704462079367]]",0.02,"[2.8966865738212646,-0.7389292837584853,-0.8897396724759188,-2.6417605932205777,-0.8894643434245869,0.19840866318758107,1.4946230293267602]","[2.890567318093095,-0.7389292837584853,-0.881667099671305,-2.6417605932205777,-0.8894643434245869,0.20647278194358126,1.4694865708632499]",True,False,[],"[""position_tolerance"",""orientation_tolerance""]",outputs/task_balance_comparison/points/points_panda/records.jsonl.gz,12471,12477
panda,5854bb50df8eb5749f3b60b09805a81abf13011dbff470a0c2482e2d615770f3,range_loss_matched,2,gained,"[2.883318496891064,-0.7825292837584418,-0.8473363077145197,-2.598160593220621,-0.9417643434245346,0.25070866318752877,1.4423230293268126]","[0.03754274283164509,0.23429299360608943,0.43611714886831543]","[[0.5371400387743231,-0.3184332074014288,0.7810767383359698],[0.826461532054187,0.013540996696845225,-0.5628303274016975],[0.16864730884352874,0.9478485817009459,0.2704462079367]]",0.02,"[2.8966865738212646,-0.7389292837584853,-0.8897396724759188,-2.6417605932205777,-0.8894643434245869,0.19840866318758107,1.4946230293267602]","[2.890567318093095,-0.7389292837584853,-0.881667099671305,-2.6417605932205777,-0.8894643434245869,0.20647278194358126,1.4694865708632499]",True,False,[],"[""position_tolerance"",""orientation_tolerance""]",outputs/task_balance_comparison/points/points_panda/records.jsonl.gz,12466,12463
panda,5a666571ff2677e6acc4fcd2a36cd24d08069e073514acd047835009c1ffed3b,range_loss_matched,0,gained,"[2.8756247928648118,1.045002859357504,-1.8083651847635043,-0.3682926872679886,-2.1526864482451993,2.5156066664256955,-1.0850752476474814]","[-0.6505102985807317,0.351722717533356,0.7596059564895881]","[[0.4583451444049769,-0.6558838404623858,-0.5997800567046995],[0.819975811385471,0.572397774016429,0.0006760501278977066],[0.34286935900298693,-0.4921150029427561,0.8001646246464111]]",0.02,"[2.8843314891621175,1.0813524788071887,-1.8519651847634606,-0.3246926872680322,-2.1619030050158856,2.5586328176777022,-1.056937508821981]","[2.896884249213058,1.0712196021881721,-1.7915543536695029,-0.3492583870331729,-2.170870712232515,2.536808108881181,-1.087729728797971]",True,False,[],"[""position_tolerance"",""orientation_tolerance""]",outputs/task_balance_comparison/points/points_panda/records.jsonl.gz,18512,18510
panda,5a666571ff2677e6acc4fcd2a36cd24d08069e073514acd047835009c1ffed3b,range_loss_matched,1,gained,"[2.8756247928648118,1.045002859357504,-1.8083651847635043,-0.3682926872679886,-2.1526864482451993,2.5156066664256955,-1.0850752476474814]","[-0.6505102985807317,0.351722717533356,0.7596059564895881]","[[0.4583451444049769,-0.6558838404623858,-0.5997800567046995],[0.819975811385471,0.572397774016429,0.0006760501278977066],[0.34286935900298693,-0.4921150029427561,0.8001646246464111]]",0.02,"[2.8843314891621175,1.0813524788071887,-1.8519651847634606,-0.3246926872680322,-2.1619030050158856,2.5586328176777022,-1.056937508821981]","[2.896884249213058,1.0712196021881721,-1.7915543536695029,-0.3492583870331729,-2.170870712232515,2.536808108881181,-1.087729728797971]",True,False,[],"[""position_tolerance"",""orientation_tolerance""]",outputs/task_balance_comparison/points/points_panda/records.jsonl.gz,18508,18519
panda,5a666571ff2677e6acc4fcd2a36cd24d08069e073514acd047835009c1ffed3b,range_loss_matched,2,gained,"[2.8756247928648118,1.045002859357504,-1.8083651847635043,-0.3682926872679886,-2.1526864482451993,2.5156066664256955,-1.0850752476474814]","[-0.6505102985807317,0.351722717533356,0.7596059564895881]","[[0.4583451444049769,-0.6558838404623858,-0.5997800567046995],[0.819975811385471,0.572397774016429,0.0006760501278977066],[0.34286935900298693,-0.4921150029427561,0.8001646246464111]]",0.02,"[2.8843314891621175,1.0813524788071887,-1.8519651847634606,-0.3246926872680322,-2.1619030050158856,2.5586328176777022,-1.056937508821981]","[2.896884249213058,1.0712196021881721,-1.7915543536695029,-0.3492583870331729,-2.170870712232515,2.536808108881181,-1.087729728797971]",True,False,[],"[""position_tolerance"",""orientation_tolerance""]",outputs/task_balance_comparison/points/points_panda/records.jsonl.gz,18511,18523
panda,5cf5039fc3c7d028119c6991026934fb21f1dd3cde553d00f59ccf22fa345d77,range_loss_matched,0,gained,"[1.477032656189147,-0.06944041354537167,2.2567239357785427,-0.4733362650443165,-2.1687291015141117,1.8101116301214797,-1.2098930281548252]","[-0.21535483162127048,-0.14687527330587333,1.1290563410814123]","[[-0.9964707175897232,-0.0016992820935132064,-0.08392390259389274],[-0.06860235324939985,-0.559653937457157,0.825882066288732],[-0.0483717491400411,0.8287246724510303,0.5575621859093977]]",0.02,"[1.5188513517583606,-0.11304041354532807,2.213123935778586,-0.5168043182323262,-2.2210291015140595,1.7588476750887747,-1.1575930281548776]","[1.484813287838058,-0.11304041354532807,2.2551559071338425,-0.5113778881985412,-2.2210291015140595,1.757811630121532,-1.1575930281548776]",True,False,[],"[""orientation_tolerance""]",outputs/task_balance_comparison/points/points_panda/records.jsonl.gz,12741,12727
panda,5cf5039fc3c7d028119c6991026934fb21f1dd3cde553d00f59ccf22fa345d77,range_loss_matched,1,gained,"[1.477032656189147,-0.06944041354537167,2.2567239357785427,-0.4733362650443165,-2.1687291015141117,1.8101116301214797,-1.2098930281548252]","[-0.21535483162127048,-0.14687527330587333,1.1290563410814123]","[[-0.9964707175897232,-0.0016992820935132064,-0.08392390259389274],[-0.06860235324939985,-0.559653937457157,0.825882066288732],[-0.0483717491400411,0.8287246724510303,0.5575621859093977]]",0.02,"[1.5188513517583606,-0.11304041354532807,2.213123935778586,-0.5168043182323262,-2.2210291015140595,1.7588476750887747,-1.1575930281548776]","[1.484813287838058,-0.11304041354532807,2.2551559071338425,-0.5113778881985412,-2.2210291015140595,1.757811630121532,-1.1575930281548776]",True,False,[],"[""orientation_tolerance""]",outputs/task_balance_comparison/points/points_panda/records.jsonl.gz,12740,12721
panda,5cf5039fc3c7d028119c6991026934fb21f1dd3cde553d00f59ccf22fa345d77,range_loss_matched,2,gained,"[1.477032656189147,-0.06944041354537167,2.2567239357785427,-0.4733362650443165,-2.1687291015141117,1.8101116301214797,-1.2098930281548252]","[-0.21535483162127048,-0.14687527330587333,1.1290563410814123]","[[-0.9964707175897232,-0.0016992820935132064,-0.08392390259389274],[-0.06860235324939985,-0.559653937457157,0.825882066288732],[-0.0483717491400411,0.8287246724510303,0.5575621859093977]]",0.02,"[1.5188513517583606,-0.11304041354532807,2.213123935778586,-0.5168043182323262,-2.2210291015140595,1.7588476750887747,-1.1575930281548776]","[1.484813287838058,-0.11304041354532807,2.2551559071338425,-0.5113778881985412,-2.2210291015140595,1.757811630121532,-1.1575930281548776]",True,False,[],"[""orientation_tolerance""]",outputs/task_balance_comparison/points/points_panda/records.jsonl.gz,12737,12739
panda,64f400f221b5b8dea4460e95d1d0ffae5af3217d27d05fe42b5dd4e18295ea7a,range_loss_matched,0,gained,"[-2.3274695363276527,1.2463723252107874,-0.9407469961414503,-0.43275568668346187,-1.1867538191942644,1.0841241349141761,-0.05531601757177418]","[-0.6531024659509891,-0.34071870077932775,0.49477588547252244]","[[-0.9781227607909668,0.20667861549062386,0.023660404086476704],[-0.07018803641514348,-0.4349406056213972,0.8977195047039352],[0.19583029481375724,0.8764192030532941,0.43993167214078355]]",0.02,"[-2.3133570833815735,1.2899723252107438,-0.9001403640641906,-0.4255131848696121,-1.236406914187514,1.108650049706873,-0.0355059782603987]","[-2.3003916764014627,1.2764682236356883,-0.92572347506053,-0.4475354965976728,-1.1738611912526862,1.128353814544311,-0.0428835352808116]",True,False,[],"[""position_tolerance"",""orientation_tolerance""]",outputs/task_balance_comparison/points/points_panda/records.jsonl.gz,5520,5515
panda,64f400f221b5b8dea4460e95d1d0ffae5af3217d27d05fe42b5dd4e18295ea7a,range_loss_matched,1,gained,"[-2.3274695363276527,1.2463723252107874,-0.9407469961414503,-0.43275568668346187,-1.1867538191942644,1.0841241349141761,-0.05531601757177418]","[-0.6531024659509891,-0.34071870077932775,0.49477588547252244]","[[-0.9781227607909668,0.20667861549062386,0.023660404086476704],[-0.07018803641514348,-0.4349406056213972,0.8977195047039352],[0.19583029481375724,0.8764192030532941,0.43993167214078355]]",0.02,"[-2.3133570833815735,1.2899723252107438,-0.9001403640641906,-0.4255131848696121,-1.236406914187514,1.108650049706873,-0.0355059782603987]","[-2.3003916764014627,1.2764682236356883,-0.92572347506053,-0.4475354965976728,-1.1738611912526862,1.128353814544311,-0.0428835352808116]",True,False,[],"[""position_tolerance"",""orientation_tolerance""]",outputs/task_balance_comparison/points/points_panda/records.jsonl.gz,5508,5506
panda,64f400f221b5b8dea4460e95d1d0ffae5af3217d27d05fe42b5dd4e18295ea7a,range_loss_matched,2,gained,"[-2.3274695363276527,1.2463723252107874,-0.9407469961414503,-0.43275568668346187,-1.1867538191942644,1.0841241349141761,-0.05531601757177418]","[-0.6531024659509891,-0.34071870077932775,0.49477588547252244]","[[-0.9781227607909668,0.20667861549062386,0.023660404086476704],[-0.07018803641514348,-0.4349406056213972,0.8977195047039352],[0.19583029481375724,0.8764192030532941,0.43993167214078355]]",0.02,"[-2.3133570833815735,1.2899723252107438,-0.9001403640641906,-0.4255131848696121,-1.236406914187514,1.108650049706873,-0.0355059782603987]","[-2.3003916764014627,1.2764682236356883,-0.92572347506053,-0.4475354965976728,-1.1738611912526862,1.128353814544311,-0.0428835352808116]",True,False,[],"[""position_tolerance"",""orientation_tolerance""]",outputs/task_balance_comparison/points/points_panda/records.jsonl.gz,5498,5519
panda,6cefca0366794e798f4ba0840d2d145609462693baa8cf3e9ecd8f2a84fcb215,range_loss_matched,0,gained,"[2.8792862837689666,0.6073330525155858,-0.19936006482000623,-2.120854494840968,2.243920410656885,2.591028940877271,-1.260360200545237]","[-0.4215625755396519,0.2933911095421458,0.11847416004741204]","[[-0.1330113901836589,0.7213690544922912,-0.6796577501230368],[0.9732436117566019,0.22470105669720614,0.048024028299629686],[0.18736286253250684,-0.6550848207217571,-0.7319556239305549]]",0.02,"[2.8358533377110042,0.5639044995864156,-0.24296006481996263,-2.164454494840925,2.198526547014182,2.6433289408772187,-1.2101841084697817]","[2.83568628376901,0.5637330525156293,-0.24296006481996263,-2.164454494840925,2.2107667467332073,2.6433289408772187,-1.2227600558304688]",True,False,[],"[""orientation_tolerance""]",outputs/task_balance_comparison/points/points_panda/records.jsonl.gz,44513,44506
panda,6cefca0366794e798f4ba0840d2d145609462693baa8cf3e9ecd8f2a84fcb215,range_loss_matched,1,gained,"[2.8792862837689666,0.6073330525155858,-0.19936006482000623,-2.120854494840968,2.243920410656885,2.591028940877271,-1.260360200545237]","[-0.4215625755396519,0.2933911095421458,0.11847416004741204]","[[-0.1330113901836589,0.7213690544922912,-0.6796577501230368],[0.9732436117566019,0.22470105669720614,0.048024028299629686],[0.18736286253250684,-0.6550848207217571,-0.7319556239305549]]",0.02,"[2.8358533377110042,0.5639044995864156,-0.24296006481996263,-2.164454494840925,2.198526547014182,2.6433289408772187,-1.2101841084697817]","[2.83568628376901,0.5637330525156293,-0.24296006481996263,-2.164454494840925,2.2107667467332073,2.6433289408772187,-1.2227600558304688]",True,False,[],"[""orientation_tolerance""]",outputs/task_balance_comparison/points/points_panda/records.jsonl.gz,44519,44515
panda,6cefca0366794e798f4ba0840d2d145609462693baa8cf3e9ecd8f2a84fcb215,range_loss_matched,2,gained,"[2.8792862837689666,0.6073330525155858,-0.19936006482000623,-2.120854494840968,2.243920410656885,2.591028940877271,-1.260360200545237]","[-0.4215625755396519,0.2933911095421458,0.11847416004741204]","[[-0.1330113901836589,0.7213690544922912,-0.6796577501230368],[0.9732436117566019,0.22470105669720614,0.048024028299629686],[0.18736286253250684,-0.6550848207217571,-0.7319556239305549]]",0.02,"[2.8358533377110042,0.5639044995864156,-0.24296006481996263,-2.164454494840925,2.198526547014182,2.6433289408772187,-1.2101841084697817]","[2.83568628376901,0.5637330525156293,-0.24296006481996263,-2.164454494840925,2.2107667467332073,2.6433289408772187,-1.2227600558304688]",True,False,[],"[""orientation_tolerance""]",outputs/task_balance_comparison/points/points_panda/records.jsonl.gz,44520,44502
panda,73a3caee16d67227f38faa98ef37a5b9420a8c371915a66cffffb2196a433033,range_loss_matched,0,gained,"[1.3166145494526997,-1.1797029174921485,-0.5160246905700867,-0.4218913028410851,1.614223421094155,1.3443098427154316,-0.2154670000122496]","[-0.14510811286435163,-0.6311233505645244,0.7923438244112926]","[[-0.19988447978372748,0.5928686617564861,-0.7800980352806062],[-0.7847631261352248,0.37984537731461987,0.4897594564591717],[0.5866796660870887,0.710087487032258,0.38933626874484084]]",0.02,"[1.360214549452656,-1.2233029174921048,-0.5596246905700432,-0.37975575142398277,1.5632821344457615,1.3922800059269043,-0.16316700001230192]","[1.360214549452656,-1.2216199044671023,-0.5596246905700432,-0.40308022593167714,1.6305078496386198,1.388591091703665,-0.1983454632158331]",True,False,[],"[""position_tolerance"",""orientation_tolerance""]",outputs/task_balance_comparison/points/points_panda/records.jsonl.gz,12266,12269
panda,73a3caee16d67227f38faa98ef37a5b9420a8c371915a66cffffb2196a433033,range_loss_matched,1,gained,"[1.3166145494526997,-1.1797029174921485,-0.5160246905700867,-0.4218913028410851,1.614223421094155,1.3443098427154316,-0.2154670000122496]","[-0.14510811286435163,-0.6311233505645244,0.7923438244112926]","[[-0.19988447978372748,0.5928686617564861,-0.7800980352806062],[-0.7847631261352248,0.37984537731461987,0.4897594564591717],[0.5866796660870887,0.710087487032258,0.38933626874484084]]",0.02,"[1.360214549452656,-1.2233029174921048,-0.5596246905700432,-0.37975575142398277,1.5632821344457615,1.3922800059269043,-0.16316700001230192]","[1.360214549452656,-1.2216199044671023,-0.5596246905700432,-0.40308022593167714,1.6305078496386198,1.388591091703665,-0.1983454632158331]",True,False,[],"[""position_tolerance"",""orientation_tolerance""]",outputs/task_balance_comparison/points/points_panda/records.jsonl.gz,12270,12275
panda,73a3caee16d67227f38faa98ef37a5b9420a8c371915a66cffffb2196a433033,range_loss_matched,2,gained,"[1.3166145494526997,-1.1797029174921485,-0.5160246905700867,-0.4218913028410851,1.614223421094155,1.3443098427154316,-0.2154670000122496]","[-0.14510811286435163,-0.6311233505645244,0.7923438244112926]","[[-0.19988447978372748,0.5928686617564861,-0.7800980352806062],[-0.7847631261352248,0.37984537731461987,0.4897594564591717],[0.5866796660870887,0.710087487032258,0.38933626874484084]]",0.02,"[1.360214549452656,-1.2233029174921048,-0.5596246905700432,-0.37975575142398277,1.5632821344457615,1.3922800059269043,-0.16316700001230192]","[1.360214549452656,-1.2216199044671023,-0.5596246905700432,-0.40308022593167714,1.6305078496386198,1.388591091703665,-0.1983454632158331]",True,False,[],"[""position_tolerance"",""orientation_tolerance""]",outputs/task_balance_comparison/points/points_panda/records.jsonl.gz,12271,12268
panda,7441315237603f91e2322f63d4c3377bd0e87088c26f7c510a314f90dfbfd392,range_loss_matched,0,gained,"[0.6511311843433054,-1.0995323786490037,-0.7202122655682694,-2.827331906648398,-1.1807875881966907,1.4227820958753286,2.3761329261595834]","[0.28596477113497015,-0.09703234297957257,0.4090612017460481]","[[-0.2641705454574959,-0.9636107181261256,-0.04084491186355346],[-0.7732319372318027,0.23691132651022187,-0.58820523171417],[0.576477487988423,-0.12380390657656722,-0.807679576663257]]",0.02,"[0.6722862228512837,-1.0564854888191313,-0.6826389041264777,-2.7893156335935223,-1.1407549366110692,1.4719941899554758,2.3354555646025505]","[0.6947311843432619,-1.0724485441317608,-0.6964125414481463,-2.7892121949324036,-1.1579545634223212,1.4570233765262774,2.3404544223664905]",True,False,[],"[""orientation_tolerance""]",outputs/task_balance_comparison/points/points_panda/records.jsonl.gz,25017,25021
panda,7441315237603f91e2322f63d4c3377bd0e87088c26f7c510a314f90dfbfd392,range_loss_matched,1,gained,"[0.6511311843433054,-1.0995323786490037,-0.7202122655682694,-2.827331906648398,-1.1807875881966907,1.4227820958753286,2.3761329261595834]","[0.28596477113497015,-0.09703234297957257,0.4090612017460481]","[[-0.2641705454574959,-0.9636107181261256,-0.04084491186355346],[-0.7732319372318027,0.23691132651022187,-0.58820523171417],[0.576477487988423,-0.12380390657656722,-0.807679576663257]]",0.02,"[0.6722862228512837,-1.0564854888191313,-0.6826389041264777,-2.7893156335935223,-1.1407549366110692,1.4719941899554758,2.3354555646025505]","[0.6947311843432619,-1.0724485441317608,-0.6964125414481463,-2.7892121949324036,-1.1579545634223212,1.4570233765262774,2.3404544223664905]",True,False,[],"[""orientation_tolerance""]",outputs/task_balance_comparison/points/points_panda/records.jsonl.gz,25011,25013
panda,7441315237603f91e2322f63d4c3377bd0e87088c26f7c510a314f90dfbfd392,range_loss_matched,2,gained,"[0.6511311843433054,-1.0995323786490037,-0.7202122655682694,-2.827331906648398,-1.1807875881966907,1.4227820958753286,2.3761329261595834]","[0.28596477113497015,-0.09703234297957257,0.4090612017460481]","[[-0.2641705454574959,-0.9636107181261256,-0.04084491186355346],[-0.7732319372318027,0.23691132651022187,-0.58820523171417],[0.576477487988423,-0.12380390657656722,-0.807679576663257]]",0.02,"[0.6722862228512837,-1.0564854888191313,-0.6826389041264777,-2.7893156335935223,-1.1407549366110692,1.4719941899554758,2.3354555646025505]","[0.6947311843432619,-1.0724485441317608,-0.6964125414481463,-2.7892121949324036,-1.1579545634223212,1.4570233765262774,2.3404544223664905]",True,False,[],"[""orientation_tolerance""]",outputs/task_balance_comparison/points/points_panda/records.jsonl.gz,25015,25027
panda,78a17b143dc854377c6ee3fbca53ebe1d3e29644f0d321a4fd6adb42873bb6c4,range_loss_matched,0,gained,"[-1.264407817586528,0.1401972436292236,0.0832791277478786,-0.38555691122057123,-2.066799749106382,2.829367215735702,-0.3198654744838261]","[0.1156985832076539,-0.2547527299158519,1.1324587052138553]","[[0.778198456123681,0.5870402566753526,-0.22313874591665048],[-0.6277507362081027,0.7167377319197982,-0.30367093511340276],[-0.01833510504208824,0.37639176490061466,0.926279149737322]]",0.02,"[-1.307979804891464,0.0965972436292672,0.0396791277479222,-0.34195691122061483,-2.1190997491063297,2.7770672157357543,-0.36798029412092054]","[-1.3080078175864844,0.0965972436292672,0.0396791277479222,-0.3427965644643355,-2.1109407187569764,2.7770672157357543,-0.3721654744837738]",True,False,[],"[""orientation_tolerance""]",outputs/task_balance_comparison/points/points_panda/records.jsonl.gz,9786,9773
panda,78a17b143dc854377c6ee3fbca53ebe1d3e29644f0d321a4fd6adb42873bb6c4,range_loss_matched,1,gained,"[-1.264407817586528,0.1401972436292236,0.0832791277478786,-0.38555691122057123,-2.066799749106382,2.829367215735702,-0.3198654744838261]","[0.1156985832076539,-0.2547527299158519,1.1324587052138553]","[[0.778198456123681,0.5870402566753526,-0.22313874591665048],[-0.6277507362081027,0.7167377319197982,-0.30367093511340276],[-0.01833510504208824,0.37639176490061466,0.926279149737322]]",0.02,"[-1.307979804891464,0.0965972436292672,0.0396791277479222,-0.34195691122061483,-2.1190997491063297,2.7770672157357543,-0.36798029412092054]","[-1.3080078175864844,0.0965972436292672,0.0396791277479222,-0.3427965644643355,-2.1109407187569764,2.7770672157357543,-0.3721654744837738]",True,False,[],"[""orientation_tolerance""]",outputs/task_balance_comparison/points/points_panda/records.jsonl.gz,9779,9790
panda,78a17b143dc854377c6ee3fbca53ebe1d3e29644f0d321a4fd6adb42873bb6c4,range_loss_matched,2,gained,"[-1.264407817586528,0.1401972436292236,0.0832791277478786,-0.38555691122057123,-2.066799749106382,2.829367215735702,-0.3198654744838261]","[0.1156985832076539,-0.2547527299158519,1.1324587052138553]","[[0.778198456123681,0.5870402566753526,-0.22313874591665048],[-0.6277507362081027,0.7167377319197982,-0.30367093511340276],[-0.01833510504208824,0.37639176490061466,0.926279149737322]]",0.02,"[-1.307979804891464,0.0965972436292672,0.0396791277479222,-0.34195691122061483,-2.1190997491063297,2.7770672157357543,-0.36798029412092054]","[-1.3080078175864844,0.0965972436292672,0.0396791277479222,-0.3427965644643355,-2.1109407187569764,2.7770672157357543,-0.3721654744837738]",True,False,[],"[""orientation_tolerance""]",outputs/task_balance_comparison/points/points_panda/records.jsonl.gz,9784,9785
panda,7f0271f2dbc0d39090653c5af527e71646e1d32f0ecad96c97140ece570d919e,range_loss_matched,0,gained,"[0.14956169289597643,0.3896427573050836,-0.7478965102507711,-2.1728887406142756,-0.45864923552348325,3.0686863450817574,2.86147697378338]","[0.5135040158179276,-0.28586246485483735,0.2709630630207653]","[[-0.9045361537984029,-0.2569497541054292,0.3402810167152318],[-0.40321186574692924,0.775008973165696,-0.48660177027373636],[-0.1386886361331477,-0.5773542373429099,-0.8046288255026127]]",0.02,"[0.10596169289602003,0.43227919841894785,-0.7056912332354506,-2.216488740614232,-0.510949235523431,3.1209863450817052,2.809176973783432]","[0.10596169289602003,0.43324275730503997,-0.7042965102508146,-2.216488740614232,-0.510949235523431,3.1209863450817052,2.809176973783432]",True,False,[],"[""position_tolerance""]",outputs/task_balance_comparison/points/points_panda/records.jsonl.gz,27622,27623
panda,7f0271f2dbc0d39090653c5af527e71646e1d32f0ecad96c97140ece570d919e,range_loss_matched,1,gained,"[0.14956169289597643,0.3896427573050836,-0.7478965102507711,-2.1728887406142756,-0.45864923552348325,3.0686863450817574,2.86147697378338]","[0.5135040158179276,-0.28586246485483735,0.2709630630207653]","[[-0.9045361537984029,-0.2569497541054292,0.3402810167152318],[-0.40321186574692924,0.775008973165696,-0.48660177027373636],[-0.1386886361331477,-0.5773542373429099,-0.8046288255026127]]",0.02,"[0.10596169289602003,0.43227919841894785,-0.7056912332354506,-2.216488740614232,-0.510949235523431,3.1209863450817052,2.809176973783432]","[0.10596169289602003,0.43324275730503997,-0.7042965102508146,-2.216488740614232,-0.510949235523431,3.1209863450817052,2.809176973783432]",True,False,[],"[""position_tolerance""]",outputs/task_balance_comparison/points/points_panda/records.jsonl.gz,27607,27616
panda,7f0271f2dbc0d39090653c5af527e71646e1d32f0ecad96c97140ece570d919e,range_loss_matched,2,gained,"[0.14956169289597643,0.3896427573050836,-0.7478965102507711,-2.1728887406142756,-0.45864923552348325,3.0686863450817574,2.86147697378338]","[0.5135040158179276,-0.28586246485483735,0.2709630630207653]","[[-0.9045361537984029,-0.2569497541054292,0.3402810167152318],[-0.40321186574692924,0.775008973165696,-0.48660177027373636],[-0.1386886361331477,-0.5773542373429099,-0.8046288255026127]]",0.02,"[0.10596169289602003,0.43227919841894785,-0.7056912332354506,-2.216488740614232,-0.510949235523431,3.1209863450817052,2.809176973783432]","[0.10596169289602003,0.43324275730503997,-0.7042965102508146,-2.216488740614232,-0.510949235523431,3.1209863450817052,2.809176973783432]",True,False,[],"[""position_tolerance""]",outputs/task_balance_comparison/points/points_panda/records.jsonl.gz,27609,27613
panda,801843ee16f6816a85f016bbe6413ba8e8e1ee32cbd66574703078277c4e26f8,range_loss_matched,0,gained,"[-1.3054188139943028,1.1532013410794248,-0.49529791677996493,-2.5328314840262176,-1.7150650361344866,1.3126768140194398,1.7340677042259895]","[-0.2403300963176108,-0.24011485876697805,0.03491275682321933]","[[0.2430301214008452,0.6408259485132798,-0.728202213539581],[-0.9013108144991037,-0.1283233301216239,-0.4137293059640067],[-0.3585738079654625,0.7568852136609301,0.5463969231086461]]",0.02,"[-1.2618188139943465,1.1957159737340703,-0.45169791678000853,-2.489231484026261,-1.7673650361344342,1.2603768140194922,1.7863677042259372]","[-1.2627351494483108,1.1968013410793812,-0.45169791678000853,-2.489231484026261,-1.7673650361344342,1.2603768140194922,1.7848924988131574]",True,False,[],"[""position_tolerance"",""orientation_tolerance""]",outputs/task_balance_comparison/points/points_panda/records.jsonl.gz,10710,10723
panda,801843ee16f6816a85f016bbe6413ba8e8e1ee32cbd66574703078277c4e26f8,range_loss_matched,1,gained,"[-1.3054188139943028,1.1532013410794248,-0.49529791677996493,-2.5328314840262176,-1.7150650361344866,1.3126768140194398,1.7340677042259895]","[-0.2403300963176108,-0.24011485876697805,0.03491275682321933]","[[0.2430301214008452,0.6408259485132798,-0.728202213539581],[-0.9013108144991037,-0.1283233301216239,-0.4137293059640067],[-0.3585738079654625,0.7568852136609301,0.5463969231086461]]",0.02,"[-1.2618188139943465,1.1957159737340703,-0.45169791678000853,-2.489231484026261,-1.7673650361344342,1.2603768140194922,1.7863677042259372]","[-1.2627351494483108,1.1968013410793812,-0.45169791678000853,-2.489231484026261,-1.7673650361344342,1.2603768140194922,1.7848924988131574]",True,False,[],"[""position_tolerance"",""orientation_tolerance""]",outputs/task_balance_comparison/points/points_panda/records.jsonl.gz,10711,10728
panda,801843ee16f6816a85f016bbe6413ba8e8e1ee32cbd66574703078277c4e26f8,range_loss_matched,2,gained,"[-1.3054188139943028,1.1532013410794248,-0.49529791677996493,-2.5328314840262176,-1.7150650361344866,1.3126768140194398,1.7340677042259895]","[-0.2403300963176108,-0.24011485876697805,0.03491275682321933]","[[0.2430301214008452,0.6408259485132798,-0.728202213539581],[-0.9013108144991037,-0.1283233301216239,-0.4137293059640067],[-0.3585738079654625,0.7568852136609301,0.5463969231086461]]",0.02,"[-1.2618188139943465,1.1957159737340703,-0.45169791678000853,-2.489231484026261,-1.7673650361344342,1.2603768140194922,1.7863677042259372]","[-1.2627351494483108,1.1968013410793812,-0.45169791678000853,-2.489231484026261,-1.7673650361344342,1.2603768140194922,1.7848924988131574]",True,False,[],"[""position_tolerance"",""orientation_tolerance""]",outputs/task_balance_comparison/points/points_panda/records.jsonl.gz,10721,10724
panda,845390a40176719080a088e52f3aeecb77f0c66ac48436adfd534d821682f328,range_loss_matched,0,gained,"[0.04010851870051724,1.7461445146888128,0.09477455586373784,-0.8513647398549722,-1.8924421338193373,2.42535896612653,-0.09147799602296969]","[0.6192672011483197,0.0270024895626356,-0.22671867986744024]","[[0.060654935117052985,0.8302358386451607,0.5541023651592843],[0.7132960096395131,0.3522686529761607,-0.6059006509013743],[-0.6982333288223167,0.4319898706677369,-0.570837078475267]]",0.02,"[0.019752974532674744,1.7627999999989998,0.05117455586378144,-0.8797555598148074,-1.9069060371601176,2.3975643622896596,-0.051735125828432316]","[0.01297984580143663,1.7627999999989998,0.06250941939330548,-0.8804405864603313,-1.8980982187432314,2.3940233624428444,-0.07383755855291599]",True,False,[],"[""orientation_tolerance""]",outputs/task_balance_comparison/points/points_panda/records.jsonl.gz,39876,39871
panda,845390a40176719080a088e52f3aeecb77f0c66ac48436adfd534d821682f328,range_loss_matched,1,gained,"[0.04010851870051724,1.7461445146888128,0.09477455586373784,-0.8513647398549722,-1.8924421338193373,2.42535896612653,-0.09147799602296969]","[0.6192672011483197,0.0270024895626356,-0.22671867986744024]","[[0.060654935117052985,0.8302358386451607,0.5541023651592843],[0.7132960096395131,0.3522686529761607,-0.6059006509013743],[-0.6982333288223167,0.4319898706677369,-0.570837078475267]]",0.02,"[0.019752974532674744,1.7627999999989998,0.05117455586378144,-0.8797555598148074,-1.9069060371601176,2.3975643622896596,-0.051735125828432316]","[0.01297984580143663,1.7627999999989998,0.06250941939330548,-0.8804405864603313,-1.8980982187432314,2.3940233624428444,-0.07383755855291599]",True,False,[],"[""orientation_tolerance""]",outputs/task_balance_comparison/points/points_panda/records.jsonl.gz,39866,39877
panda,845390a40176719080a088e52f3aeecb77f0c66ac48436adfd534d821682f328,range_loss_matched,2,gained,"[0.04010851870051724,1.7461445146888128,0.09477455586373784,-0.8513647398549722,-1.8924421338193373,2.42535896612653,-0.09147799602296969]","[0.6192672011483197,0.0270024895626356,-0.22671867986744024]","[[0.060654935117052985,0.8302358386451607,0.5541023651592843],[0.7132960096395131,0.3522686529761607,-0.6059006509013743],[-0.6982333288223167,0.4319898706677369,-0.570837078475267]]",0.02,"[0.019752974532674744,1.7627999999989998,0.05117455586378144,-0.8797555598148074,-1.9069060371601176,2.3975643622896596,-0.051735125828432316]","[0.01297984580143663,1.7627999999989998,0.06250941939330548,-0.8804405864603313,-1.8980982187432314,2.3940233624428444,-0.07383755855291599]",True,False,[],"[""orientation_tolerance""]",outputs/task_balance_comparison/points/points_panda/records.jsonl.gz,39879,39878
panda,86f8a7b7f7c3d6dff1344ca04515630dfb511caf47522c3b41464bf4df121bdd,range_loss_matched,0,gained,"[-2.1769806185682112,0.06610500079432446,-1.0232441583090008,-0.4485758271126832,-2.1770117659193877,3.123221468844403,-2.435362632250756]","[-0.29875716559069754,-0.05693449936615522,1.099014225899627]","[[0.048382635269497105,-0.8939002755715078,-0.44564718998055114],[0.9973714803807183,0.019143299472888342,0.0698832183608181],[-0.053937470533510216,-0.4478569318638195,0.8924768444357383]]",0.02,"[-2.1602670726452686,0.02250500079436806,-1.066188724831154,-0.49096607410919024,-2.1760931243967923,3.0810537556291746,-2.469897681719706]","[-2.2007621377879,0.03409022945130693,-1.0450035695062698,-0.4717760398314332,-2.1936428480006493,3.0861881299029505,-2.4365478518322927]",True,False,[],"[""position_tolerance"",""orientation_tolerance""]",outputs/task_balance_comparison/points/points_panda/records.jsonl.gz,40992,40971
panda,86f8a7b7f7c3d6dff1344ca04515630dfb511caf47522c3b41464bf4df121bdd,range_loss_matched,1,gained,"[-2.1769806185682112,0.06610500079432446,-1.0232441583090008,-0.4485758271126832,-2.1770117659193877,3.123221468844403,-2.435362632250756]","[-0.29875716559069754,-0.05693449936615522,1.099014225899627]","[[0.048382635269497105,-0.8939002755715078,-0.44564718998055114],[0.9973714803807183,0.019143299472888342,0.0698832183608181],[-0.053937470533510216,-0.4478569318638195,0.8924768444357383]]",0.02,"[-2.1602670726452686,0.02250500079436806,-1.066188724831154,-0.49096607410919024,-2.1760931243967923,3.0810537556291746,-2.469897681719706]","[-2.2007621377879,0.03409022945130693,-1.0450035695062698,-0.4717760398314332,-2.1936428480006493,3.0861881299029505,-2.4365478518322927]",True,False,[],"[""position_tolerance"",""orientation_tolerance""]",outputs/task_balance_comparison/points/points_panda/records.jsonl.gz,40991,40972
panda,86f8a7b7f7c3d6dff1344ca04515630dfb511caf47522c3b41464bf4df121bdd,range_loss_matched,2,gained,"[-2.1769806185682112,0.06610500079432446,-1.0232441583090008,-0.4485758271126832,-2.1770117659193877,3.123221468844403,-2.435362632250756]","[-0.29875716559069754,-0.05693449936615522,1.099014225899627]","[[0.048382635269497105,-0.8939002755715078,-0.44564718998055114],[0.9973714803807183,0.019143299472888342,0.0698832183608181],[-0.053937470533510216,-0.4478569318638195,0.8924768444357383]]",0.02,"[-2.1602670726452686,0.02250500079436806,-1.066188724831154,-0.49096607410919024,-2.1760931243967923,3.0810537556291746,-2.469897681719706]","[-2.2007621377879,0.03409022945130693,-1.0450035695062698,-0.4717760398314332,-2.1936428480006493,3.0861881299029505,-2.4365478518322927]",True,False,[],"[""position_tolerance"",""orientation_tolerance""]",outputs/task_balance_comparison/points/points_panda/records.jsonl.gz,40986,40980
panda,8814bd8f2461dd1b4816de800cf13f2a87d35b5a8d5eac376ece0a5e802c125e,range_loss_matched,0,gained,"[2.8756247928648118,1.045002859357504,-1.8083651847635043,-0.3682926872679886,-2.1526864482451993,2.5156066664256955,-1.0850752476474814]","[-0.6140581368977155,0.4302428865505995,0.7417371429482101]","[[0.542716099149052,-0.613379007276858,-0.5737816912001394],[0.8010250173649697,0.5834553247965625,0.13393582613321836],[0.25262255892909885,-0.5323026182526194,0.8079825278565865]]",0.02,"[2.832024792864855,1.0886028593574604,-1.764765184763548,-0.411892687267945,-2.1947784578801466,2.5679066664256434,-1.0439567400689367]","[2.832024792864855,1.0886028593574604,-1.764765184763548,-0.411892687267945,-2.1841262292619246,2.5679066664256434,-1.0549818497056986]",True,False,[],"[""orientation_tolerance""]",outputs/task_balance_comparison/points/points_panda/records.jsonl.gz,43623,43625
panda,8814bd8f2461dd1b4816de800cf13f2a87d35b5a8d5eac376ece0a5e802c125e,range_loss_matched,1,gained,"[2.8756247928648118,1.045002859357504,-1.8083651847635043,-0.3682926872679886,-2.1526864482451993,2.5156066664256955,-1.0850752476474814]","[-0.6140581368977155,0.4302428865505995,0.7417371429482101]","[[0.542716099149052,-0.613379007276858,-0.5737816912001394],[0.8010250173649697,0.5834553247965625,0.13393582613321836],[0.25262255892909885,-0.5323026182526194,0.8079825278565865]]",0.02,"[2.832024792864855,1.0886028593574604,-1.764765184763548,-0.411892687267945,-2.1947784578801466,2.5679066664256434,-1.0439567400689367]","[2.832024792864855,1.0886028593574604,-1.764765184763548,-0.411892687267945,-2.1841262292619246,2.5679066664256434,-1.0549818497056986]",True,False,[],"[""orientation_tolerance""]",outputs/task_balance_comparison/points/points_panda/records.jsonl.gz,43613,43611
panda,8814bd8f2461dd1b4816de800cf13f2a87d35b5a8d5eac376ece0a5e802c125e,range_loss_matched,2,gained,"[2.8756247928648118,1.045002859357504,-1.8083651847635043,-0.3682926872679886,-2.1526864482451993,2.5156066664256955,-1.0850752476474814]","[-0.6140581368977155,0.4302428865505995,0.7417371429482101]","[[0.542716099149052,-0.613379007276858,-0.5737816912001394],[0.8010250173649697,0.5834553247965625,0.13393582613321836],[0.25262255892909885,-0.5323026182526194,0.8079825278565865]]",0.02,"[2.832024792864855,1.0886028593574604,-1.764765184763548,-0.411892687267945,-2.1947784578801466,2.5679066664256434,-1.0439567400689367]","[2.832024792864855,1.0886028593574604,-1.764765184763548,-0.411892687267945,-2.1841262292619246,2.5679066664256434,-1.0549818497056986]",True,False,[],"[""orientation_tolerance""]",outputs/task_balance_comparison/points/points_panda/records.jsonl.gz,43626,43630
panda,8cfe5a7ab503e5a42ff68fa1d78ef588839b18ba9e16cad75885074333b3cbaf,range_loss_matched,0,gained,"[-2.0570840490917197,-0.9259105992992809,-0.8675680078794754,-0.09171817490057113,-1.0671223038472908,2.930137035088626,-1.6400116706163108]","[0.30250022022550777,0.5448044313042043,0.8869445941314331]","[[-0.6294927074785334,0.7714834702841611,0.09247803149750494],[-0.39616462232345323,-0.42105836616607745,0.81594328497811],[0.6684254058985649,0.47699382318837336,0.5706876285582837]]",0.02,"[-2.0323789910316914,-0.8960537198245311,-0.8583291272873825,-0.07119794175631622,-1.0531926420228894,2.896161037641193,-1.632140771555809]","[-2.0466290870718233,-0.9152409901389612,-0.8668082097113069,-0.10407722027537385,-1.0695278521203846,2.9227879637436054,-1.6352628651769292]",True,False,[],"[""position_tolerance"",""orientation_tolerance""]",outputs/task_balance_comparison/points/points_panda/records.jsonl.gz,47038,47019
panda,8cfe5a7ab503e5a42ff68fa1d78ef588839b18ba9e16cad75885074333b3cbaf,range_loss_matched,1,gained,"[-2.0570840490917197,-0.9259105992992809,-0.8675680078794754,-0.09171817490057113,-1.0671223038472908,2.930137035088626,-1.6400116706163108]","[0.30250022022550777,0.5448044313042043,0.8869445941314331]","[[-0.6294927074785334,0.7714834702841611,0.09247803149750494],[-0.39616462232345323,-0.42105836616607745,0.81594328497811],[0.6684254058985649,0.47699382318837336,0.5706876285582837]]",0.02,"[-2.0323789910316914,-0.8960537198245311,-0.8583291272873825,-0.07119794175631622,-1.0531926420228894,2.896161037641193,-1.632140771555809]","[-2.0466290870718233,-0.9152409901389612,-0.8668082097113069,-0.10407722027537385,-1.0695278521203846,2.9227879637436054,-1.6352628651769292]",True,False,[],"[""position_tolerance"",""orientation_tolerance""]",outputs/task_balance_comparison/points/points_panda/records.jsonl.gz,47028,47018
panda,8cfe5a7ab503e5a42ff68fa1d78ef588839b18ba9e16cad75885074333b3cbaf,range_loss_matched,2,gained,"[-2.0570840490917197,-0.9259105992992809,-0.8675680078794754,-0.09171817490057113,-1.0671223038472908,2.930137035088626,-1.6400116706163108]","[0.30250022022550777,0.5448044313042043,0.8869445941314331]","[[-0.6294927074785334,0.7714834702841611,0.09247803149750494],[-0.39616462232345323,-0.42105836616607745,0.81594328497811],[0.6684254058985649,0.47699382318837336,0.5706876285582837]]",0.02,"[-2.0323789910316914,-0.8960537198245311,-0.8583291272873825,-0.07119794175631622,-1.0531926420228894,2.896161037641193,-1.632140771555809]","[-2.0466290870718233,-0.9152409901389612,-0.8668082097113069,-0.10407722027537385,-1.0695278521203846,2.9227879637436054,-1.6352628651769292]",True,False,[],"[""position_tolerance"",""orientation_tolerance""]",outputs/task_balance_comparison/points/points_panda/records.jsonl.gz,47032,47031
panda,904567c2138cff30df98cc1033ee0e144f15945a947e33410a67facd0dfc7b2d,range_loss_matched,0,gained,"[-0.7177724328971737,-0.7814334176011392,1.339684282158152,-1.0964501665274062,1.2292391769222153,1.5189755022725477,-0.9191564149906881]","[-0.029803058865930057,0.6412068475220968,0.7204953216092497]","[[-0.5507985544804399,0.8299338823698603,-0.08849126101908929],[0.7251264320782721,0.5283323759143029,0.4416520780684529],[0.41329482198993595,0.17909397381050707,-0.8928117039225395]]",0.02,"[-0.6838113483712412,-0.8171644249590845,1.3682556671685584,-1.0613797731465164,1.199399901563029,1.4854278139453834,-0.9465984007347739]","[-0.6858355305236665,-0.8154222723800194,1.3654249756364685,-1.0733495896010765,1.2528492278257546,1.4749897674970238,-0.9515800561057663]",True,False,[],"[""position_tolerance"",""orientation_tolerance""]",outputs/task_balance_comparison/points/points_panda/records.jsonl.gz,32830,32831
panda,904567c2138cff30df98cc1033ee0e144f15945a947e33410a67facd0dfc7b2d,range_loss_matched,1,gained,"[-0.7177724328971737,-0.7814334176011392,1.339684282158152,-1.0964501665274062,1.2292391769222153,1.5189755022725477,-0.9191564149906881]","[-0.029803058865930057,0.6412068475220968,0.7204953216092497]","[[-0.5507985544804399,0.8299338823698603,-0.08849126101908929],[0.7251264320782721,0.5283323759143029,0.4416520780684529],[0.41329482198993595,0.17909397381050707,-0.8928117039225395]]",0.02,"[-0.6838113483712412,-0.8171644249590845,1.3682556671685584,-1.0613797731465164,1.199399901563029,1.4854278139453834,-0.9465984007347739]","[-0.6858355305236665,-0.8154222723800194,1.3654249756364685,-1.0733495896010765,1.2528492278257546,1.4749897674970238,-0.9515800561057663]",True,False,[],"[""position_tolerance"",""orientation_tolerance""]",outputs/task_balance_comparison/points/points_panda/records.jsonl.gz,32829,32827
panda,904567c2138cff30df98cc1033ee0e144f15945a947e33410a67facd0dfc7b2d,range_loss_matched,2,gained,"[-0.7177724328971737,-0.7814334176011392,1.339684282158152,-1.0964501665274062,1.2292391769222153,1.5189755022725477,-0.9191564149906881]","[-0.029803058865930057,0.6412068475220968,0.7204953216092497]","[[-0.5507985544804399,0.8299338823698603,-0.08849126101908929],[0.7251264320782721,0.5283323759143029,0.4416520780684529],[0.41329482198993595,0.17909397381050707,-0.8928117039225395]]",0.02,"[-0.6838113483712412,-0.8171644249590845,1.3682556671685584,-1.0613797731465164,1.199399901563029,1.4854278139453834,-0.9465984007347739]","[-0.6858355305236665,-0.8154222723800194,1.3654249756364685,-1.0733495896010765,1.2528492278257546,1.4749897674970238,-0.9515800561057663]",True,False,[],"[""position_tolerance"",""orientation_tolerance""]",outputs/task_balance_comparison/points/points_panda/records.jsonl.gz,32825,32821
panda,90bb9a5a3e41b25ecdfe123021c595271fd2ed7c0aed69ae24b0e034d430daba,range_loss_matched,0,gained,"[-0.3636447507660856,0.03699733302776487,-0.5927160763388915,-0.40996470208675584,-2.007222805820355,0.3441287453876745,1.7583873948170137]","[-0.018781283570810717,-0.1467099128933287,0.9799138435536667]","[[-0.055155077253683835,0.8434027502331853,-0.5344433724467352],[0.9553354499502235,0.20021479499943,0.21736654280670914],[0.29033101026508495,-0.49858383122844613,-0.8167754083687997]]",0.02,"[-0.3202953428599157,-0.006438112877050527,-0.549116076338935,-0.45198805203994535,-1.9549228058204073,0.2932395043468563,1.8106873948169613]","[-0.3518170651529947,0.008252692503113931,-0.57355055095129,-0.4451954452296302,-1.9577539621264042,0.2976160218756944,1.726343874363856]",True,False,[],"[""position_tolerance"",""orientation_tolerance""]",outputs/task_balance_comparison/points/points_panda/records.jsonl.gz,9418,9415
panda,90bb9a5a3e41b25ecdfe123021c595271fd2ed7c0aed69ae24b0e034d430daba,range_loss_matched,1,gained,"[-0.3636447507660856,0.03699733302776487,-0.5927160763388915,-0.40996470208675584,-2.007222805820355,0.3441287453876745,1.7583873948170137]","[-0.018781283570810717,-0.1467099128933287,0.9799138435536667]","[[-0.055155077253683835,0.8434027502331853,-0.5344433724467352],[0.9553354499502235,0.20021479499943,0.21736654280670914],[0.29033101026508495,-0.49858383122844613,-0.8167754083687997]]",0.02,"[-0.3202953428599157,-0.006438112877050527,-0.549116076338935,-0.45198805203994535,-1.9549228058204073,0.2932395043468563,1.8106873948169613]","[-0.3518170651529947,0.008252692503113931,-0.57355055095129,-0.4451954452296302,-1.9577539621264042,0.2976160218756944,1.726343874363856]",True,False,[],"[""position_tolerance"",""orientation_tolerance""]",outputs/task_balance_comparison/points/points_panda/records.jsonl.gz,9431,9424
panda,90bb9a5a3e41b25ecdfe123021c595271fd2ed7c0aed69ae24b0e034d430daba,range_loss_matched,2,gained,"[-0.3636447507660856,0.03699733302776487,-0.5927160763388915,-0.40996470208675584,-2.007222805820355,0.3441287453876745,1.7583873948170137]","[-0.018781283570810717,-0.1467099128933287,0.9799138435536667]","[[-0.055155077253683835,0.8434027502331853,-0.5344433724467352],[0.9553354499502235,0.20021479499943,0.21736654280670914],[0.29033101026508495,-0.49858383122844613,-0.8167754083687997]]",0.02,"[-0.3202953428599157,-0.006438112877050527,-0.549116076338935,-0.45198805203994535,-1.9549228058204073,0.2932395043468563,1.8106873948169613]","[-0.3518170651529947,0.008252692503113931,-0.57355055095129,-0.4451954452296302,-1.9577539621264042,0.2976160218756944,1.726343874363856]",True,False,[],"[""position_tolerance"",""orientation_tolerance""]",outputs/task_balance_comparison/points/points_panda/records.jsonl.gz,9426,9429
panda,a84f93278123665cbff89bc80a5e7ac67ace38e86af07ba58e075234869955a3,range_loss_matched,0,gained,"[1.0263772534141742,0.6847089633997736,2.50418459854664,-0.4779838578700031,0.37885548507719147,3.1081539785420222,0.17547181274397872]","[0.10476403014876433,0.45317646262650907,1.036709245384765]","[[0.43839374369405826,-0.8918642770243368,-0.11130605040951388],[0.8472091793079899,0.3687097360825522,0.38247841378856495],[-0.3000792095200708,-0.26197565132239214,0.9172356437295804]]",0.02,"[1.0425542276010724,0.7167182762819185,2.5176311567592546,-0.5215838578699595,0.4311554850771392,3.1550018838288505,0.18007607183546126]","[1.050517022085764,0.7066852512293732,2.4841873551609837,-0.4990261158754107,0.40806730866001467,3.1366351903436613,0.20473478446183463]",True,False,[],"[""position_tolerance"",""orientation_tolerance""]",outputs/task_balance_comparison/points/points_panda/records.jsonl.gz,20046,20064
panda,a84f93278123665cbff89bc80a5e7ac67ace38e86af07ba58e075234869955a3,range_loss_matched,1,gained,"[1.0263772534141742,0.6847089633997736,2.50418459854664,-0.4779838578700031,0.37885548507719147,3.1081539785420222,0.17547181274397872]","[0.10476403014876433,0.45317646262650907,1.036709245384765]","[[0.43839374369405826,-0.8918642770243368,-0.11130605040951388],[0.8472091793079899,0.3687097360825522,0.38247841378856495],[-0.3000792095200708,-0.26197565132239214,0.9172356437295804]]",0.02,"[1.0425542276010724,0.7167182762819185,2.5176311567592546,-0.5215838578699595,0.4311554850771392,3.1550018838288505,0.18007607183546126]","[1.050517022085764,0.7066852512293732,2.4841873551609837,-0.4990261158754107,0.40806730866001467,3.1366351903436613,0.20473478446183463]",True,False,[],"[""position_tolerance"",""orientation_tolerance""]",outputs/task_balance_comparison/points/points_panda/records.jsonl.gz,20062,20044
panda,a84f93278123665cbff89bc80a5e7ac67ace38e86af07ba58e075234869955a3,range_loss_matched,2,gained,"[1.0263772534141742,0.6847089633997736,2.50418459854664,-0.4779838578700031,0.37885548507719147,3.1081539785420222,0.17547181274397872]","[0.10476403014876433,0.45317646262650907,1.036709245384765]","[[0.43839374369405826,-0.8918642770243368,-0.11130605040951388],[0.8472091793079899,0.3687097360825522,0.38247841378856495],[-0.3000792095200708,-0.26197565132239214,0.9172356437295804]]",0.02,"[1.0425542276010724,0.7167182762819185,2.5176311567592546,-0.5215838578699595,0.4311554850771392,3.1550018838288505,0.18007607183546126]","[1.050517022085764,0.7066852512293732,2.4841873551609837,-0.4990261158754107,0.40806730866001467,3.1366351903436613,0.20473478446183463]",True,False,[],"[""position_tolerance"",""orientation_tolerance""]",outputs/task_balance_comparison/points/points_panda/records.jsonl.gz,20057,20042
panda,a9f678c4d75031869850ca8a997a2ca45ab7b734847527912d2677404e6f2c94,range_loss_matched,0,gained,"[0.14888603726577232,0.5511252545538372,0.9297530065333599,-0.41083662545634203,1.4217203197305146,1.8782730518477593,-1.4086514581939018]","[0.4061278373903863,0.25338370332299465,1.012218431948927]","[[-0.2674597873872446,0.7926660116904813,-0.5478556890655382],[-0.6594486321564343,0.2639787521517309,0.7038769210305327],[0.7025615728729955,0.5495414564190046,0.45211881624093214]]",0.02,"[0.10528603726581592,0.5075252545538808,0.9729527403830347,-0.36760656057694163,1.3699765302948606,1.8260603177392332,-1.4608989954083604]","[0.10910557569733305,0.5081074463130492,0.9517069036081159,-0.3766863252067225,1.4374895200318547,1.8276301740391974,-1.4609514581938494]",True,False,[],"[""position_tolerance"",""orientation_tolerance""]",outputs/task_balance_comparison/points/points_panda/records.jsonl.gz,37658,37662
panda,a9f678c4d75031869850ca8a997a2ca45ab7b734847527912d2677404e6f2c94,range_loss_matched,1,gained,"[0.14888603726577232,0.5511252545538372,0.9297530065333599,-0.41083662545634203,1.4217203197305146,1.8782730518477593,-1.4086514581939018]","[0.4061278373903863,0.25338370332299465,1.012218431948927]","[[-0.2674597873872446,0.7926660116904813,-0.5478556890655382],[-0.6594486321564343,0.2639787521517309,0.7038769210305327],[0.7025615728729955,0.5495414564190046,0.45211881624093214]]",0.02,"[0.10528603726581592,0.5075252545538808,0.9729527403830347,-0.36760656057694163,1.3699765302948606,1.8260603177392332,-1.4608989954083604]","[0.10910557569733305,0.5081074463130492,0.9517069036081159,-0.3766863252067225,1.4374895200318547,1.8276301740391974,-1.4609514581938494]",True,False,[],"[""position_tolerance"",""orientation_tolerance""]",outputs/task_balance_comparison/points/points_panda/records.jsonl.gz,37663,37671
panda,a9f678c4d75031869850ca8a997a2ca45ab7b734847527912d2677404e6f2c94,range_loss_matched,2,gained,"[0.14888603726577232,0.5511252545538372,0.9297530065333599,-0.41083662545634203,1.4217203197305146,1.8782730518477593,-1.4086514581939018]","[0.4061278373903863,0.25338370332299465,1.012218431948927]","[[-0.2674597873872446,0.7926660116904813,-0.5478556890655382],[-0.6594486321564343,0.2639787521517309,0.7038769210305327],[0.7025615728729955,0.5495414564190046,0.45211881624093214]]",0.02,"[0.10528603726581592,0.5075252545538808,0.9729527403830347,-0.36760656057694163,1.3699765302948606,1.8260603177392332,-1.4608989954083604]","[0.10910557569733305,0.5081074463130492,0.9517069036081159,-0.3766863252067225,1.4374895200318547,1.8276301740391974,-1.4609514581938494]",True,False,[],"[""position_tolerance"",""orientation_tolerance""]",outputs/task_balance_comparison/points/points_panda/records.jsonl.gz,37672,37680
panda,ab576e769af2cbb9469a3fc0ccebe2891a13ef45e0075ee7c232b54c627a1e49,range_loss_matched,0,gained,"[2.8539711694547156,0.7603531371095547,-2.055020765755238,-0.44506617607895205,-1.7032971473312275,2.3869398316975237,-0.5794896466765531]","[-0.4631548926218454,0.30186511865936905,0.986052648237447]","[[0.08696150161312362,-0.9880366074814902,-0.1273631010680017],[0.9861741727097304,0.10348173939702911,-0.12942963606394],[0.14106097375769566,-0.1143468053241222,0.983375111437491]]",0.02,"[2.8971928246769485,0.8039531371095111,-2.098212082652215,-0.40146617607899565,-1.7555971473311751,2.432563822428492,-0.6317896466765008]","[2.8961293129323633,0.8039531371095111,-2.07317199942295,-0.4026251236323864,-1.754726015762791,2.399820017702728,-0.6317896466765008]",True,False,[],"[""orientation_tolerance""]",outputs/task_balance_comparison/points/points_panda/records.jsonl.gz,28871,28863
panda,ab576e769af2cbb9469a3fc0ccebe2891a13ef45e0075ee7c232b54c627a1e49,range_loss_matched,1,gained,"[2.8539711694547156,0.7603531371095547,-2.055020765755238,-0.44506617607895205,-1.7032971473312275,2.3869398316975237,-0.5794896466765531]","[-0.4631548926218454,0.30186511865936905,0.986052648237447]","[[0.08696150161312362,-0.9880366074814902,-0.1273631010680017],[0.9861741727097304,0.10348173939702911,-0.12942963606394],[0.14106097375769566,-0.1143468053241222,0.983375111437491]]",0.02,"[2.8971928246769485,0.8039531371095111,-2.098212082652215,-0.40146617607899565,-1.7555971473311751,2.432563822428492,-0.6317896466765008]","[2.8961293129323633,0.8039531371095111,-2.07317199942295,-0.4026251236323864,-1.754726015762791,2.399820017702728,-0.6317896466765008]",True,False,[],"[""orientation_tolerance""]",outputs/task_balance_comparison/points/points_panda/records.jsonl.gz,28849,28854
panda,ab576e769af2cbb9469a3fc0ccebe2891a13ef45e0075ee7c232b54c627a1e49,range_loss_matched,2,gained,"[2.8539711694547156,0.7603531371095547,-2.055020765755238,-0.44506617607895205,-1.7032971473312275,2.3869398316975237,-0.5794896466765531]","[-0.4631548926218454,0.30186511865936905,0.986052648237447]","[[0.08696150161312362,-0.9880366074814902,-0.1273631010680017],[0.9861741727097304,0.10348173939702911,-0.12942963606394],[0.14106097375769566,-0.1143468053241222,0.983375111437491]]",0.02,"[2.8971928246769485,0.8039531371095111,-2.098212082652215,-0.40146617607899565,-1.7555971473311751,2.432563822428492,-0.6317896466765008]","[2.8961293129323633,0.8039531371095111,-2.07317199942295,-0.4026251236323864,-1.754726015762791,2.399820017702728,-0.6317896466765008]",True,False,[],"[""orientation_tolerance""]",outputs/task_balance_comparison/points/points_panda/records.jsonl.gz,28852,28869
panda,b5afc6bf50033125335259b7eee5b8e18c209ae59cdebcd1d71961f97fa298d9,range_loss_matched,0,gained,"[1.7258335419807205,0.8528543570732736,2.5425686010517383,-0.4395073041827193,2.1692720661449396,2.16657386972459,0.238123532176453]","[-0.14243813370008,0.4950773885599236,1.012856643772738]","[[-0.6688371402929084,0.3462247611217388,0.6578641915707213],[-0.03705067035445137,-0.8993538827376615,0.43564875924416213],[0.7424851026054932,0.2670037610051348,0.6143491385344518]]",0.02,"[1.6822335419807641,0.8963341520871926,2.5857970183505308,-0.4831073041826757,2.117449773578664,2.1143195702247617,0.29025566669167924]","[1.6980180007804593,0.8589602177765518,2.566042833085359,-0.4224522824216665,2.1761201942038615,2.1391587464937456,0.24850872035505192]",True,False,[],"[""position_tolerance"",""orientation_tolerance""]",outputs/task_balance_comparison/points/points_panda/records.jsonl.gz,35074,35088
panda,b5afc6bf50033125335259b7eee5b8e18c209ae59cdebcd1d71961f97fa298d9,range_loss_matched,1,gained,"[1.7258335419807205,0.8528543570732736,2.5425686010517383,-0.4395073041827193,2.1692720661449396,2.16657386972459,0.238123532176453]","[-0.14243813370008,0.4950773885599236,1.012856643772738]","[[-0.6688371402929084,0.3462247611217388,0.6578641915707213],[-0.03705067035445137,-0.8993538827376615,0.43564875924416213],[0.7424851026054932,0.2670037610051348,0.6143491385344518]]",0.02,"[1.6822335419807641,0.8963341520871926,2.5857970183505308,-0.4831073041826757,2.117449773578664,2.1143195702247617,0.29025566669167924]","[1.6980180007804593,0.8589602177765518,2.566042833085359,-0.4224522824216665,2.1761201942038615,2.1391587464937456,0.24850872035505192]",True,False,[],"[""position_tolerance"",""orientation_tolerance""]",outputs/task_balance_comparison/points/points_panda/records.jsonl.gz,35079,35067
panda,b5afc6bf50033125335259b7eee5b8e18c209ae59cdebcd1d71961f97fa298d9,range_loss_matched,2,gained,"[1.7258335419807205,0.8528543570732736,2.5425686010517383,-0.4395073041827193,2.1692720661449396,2.16657386972459,0.238123532176453]","[-0.14243813370008,0.4950773885599236,1.012856643772738]","[[-0.6688371402929084,0.3462247611217388,0.6578641915707213],[-0.03705067035445137,-0.8993538827376615,0.43564875924416213],[0.7424851026054932,0.2670037610051348,0.6143491385344518]]",0.02,"[1.6822335419807641,0.8963341520871926,2.5857970183505308,-0.4831073041826757,2.117449773578664,2.1143195702247617,0.29025566669167924]","[1.6980180007804593,0.8589602177765518,2.566042833085359,-0.4224522824216665,2.1761201942038615,2.1391587464937456,0.24850872035505192]",True,False,[],"[""position_tolerance"",""orientation_tolerance""]",outputs/task_balance_comparison/points/points_panda/records.jsonl.gz,35071,35080
panda,c03292fd9559bed82c4c1ae8550979c4b721eb6a8cec8ea4d4a0280e2fa98da7,range_loss_matched,0,gained,"[-1.9755351499659386,0.4357148306554608,-0.013114069760043812,-0.08528375177143155,2.376390188796855,1.728533020914052,2.0816459386530766]","[-0.05703095177888666,-0.3124364316170322,1.095375272977344]","[[0.6383412090562385,0.004668299337183672,0.7697393765437222],[-0.3749236798525669,0.8752326049832329,0.30561433451341],[-0.6722743004952887,-0.48367974337940084,0.560447295236588]]",0.02,"[-1.9319351499659823,0.3921148306555044,0.03048593023991259,-0.12888375177138794,2.4286901887968027,1.7808330209139995,2.1306836407263168]","[-1.9327690464544443,0.4028560575312364,0.03048593023991259,-0.11516724760600756,2.4286901887968027,1.7808330209139995,2.1339459386530244]",True,False,[],"[""position_tolerance""]",outputs/task_balance_comparison/points/points_panda/records.jsonl.gz,36615,36624
panda,c03292fd9559bed82c4c1ae8550979c4b721eb6a8cec8ea4d4a0280e2fa98da7,range_loss_matched,1,gained,"[-1.9755351499659386,0.4357148306554608,-0.013114069760043812,-0.08528375177143155,2.376390188796855,1.728533020914052,2.0816459386530766]","[-0.05703095177888666,-0.3124364316170322,1.095375272977344]","[[0.6383412090562385,0.004668299337183672,0.7697393765437222],[-0.3749236798525669,0.8752326049832329,0.30561433451341],[-0.6722743004952887,-0.48367974337940084,0.560447295236588]]",0.02,"[-1.9319351499659823,0.3921148306555044,0.03048593023991259,-0.12888375177138794,2.4286901887968027,1.7808330209139995,2.1306836407263168]","[-1.9327690464544443,0.4028560575312364,0.03048593023991259,-0.11516724760600756,2.4286901887968027,1.7808330209139995,2.1339459386530244]",True,False,[],"[""position_tolerance""]",outputs/task_balance_comparison/points/points_panda/records.jsonl.gz,36607,36614
panda,c03292fd9559bed82c4c1ae8550979c4b721eb6a8cec8ea4d4a0280e2fa98da7,range_loss_matched,2,gained,"[-1.9755351499659386,0.4357148306554608,-0.013114069760043812,-0.08528375177143155,2.376390188796855,1.728533020914052,2.0816459386530766]","[-0.05703095177888666,-0.3124364316170322,1.095375272977344]","[[0.6383412090562385,0.004668299337183672,0.7697393765437222],[-0.3749236798525669,0.8752326049832329,0.30561433451341],[-0.6722743004952887,-0.48367974337940084,0.560447295236588]]",0.02,"[-1.9319351499659823,0.3921148306555044,0.03048593023991259,-0.12888375177138794,2.4286901887968027,1.7808330209139995,2.1306836407263168]","[-1.9327690464544443,0.4028560575312364,0.03048593023991259,-0.11516724760600756,2.4286901887968027,1.7808330209139995,2.1339459386530244]",True,False,[],"[""position_tolerance""]",outputs/task_balance_comparison/points/points_panda/records.jsonl.gz,36610,36622
panda,c623705b57a360999d738931a086de9df352accf03159a59f03e44a01f0d6437,range_loss_matched,0,gained,"[1.614258330252254,-0.5201350826250152,-0.6344690176737393,-0.7396845385877988,-0.13854559172240322,2.7903698314447696,-0.321245226144919]","[0.17455654069242615,-0.11804913541442519,1.1596508022301812]","[[-0.6479186751352265,0.5898164288738645,0.48199374543814866],[-0.45225139214263677,-0.8070517220771424,0.3796527310547973],[0.6129193003292197,0.028001752138048255,0.7896491836006285]]",0.02,"[1.6553697568918164,-0.4765350826250588,-0.5921484384949126,-0.6963726757559021,-0.1908455917223509,2.840974826893705,-0.37354522614486674]","[1.6130127510528705,-0.4765350826250588,-0.5961412160126955,-0.7119378291161041,-0.17750618382822167,2.834832781437715,-0.35274431651037]",True,False,[],"[""position_tolerance"",""orientation_tolerance""]",outputs/task_balance_comparison/points/points_panda/records.jsonl.gz,37929,37922
panda,c623705b57a360999d738931a086de9df352accf03159a59f03e44a01f0d6437,range_loss_matched,1,gained,"[1.614258330252254,-0.5201350826250152,-0.6344690176737393,-0.7396845385877988,-0.13854559172240322,2.7903698314447696,-0.321245226144919]","[0.17455654069242615,-0.11804913541442519,1.1596508022301812]","[[-0.6479186751352265,0.5898164288738645,0.48199374543814866],[-0.45225139214263677,-0.8070517220771424,0.3796527310547973],[0.6129193003292197,0.028001752138048255,0.7896491836006285]]",0.02,"[1.6553697568918164,-0.4765350826250588,-0.5921484384949126,-0.6963726757559021,-0.1908455917223509,2.840974826893705,-0.37354522614486674]","[1.6130127510528705,-0.4765350826250588,-0.5961412160126955,-0.7119378291161041,-0.17750618382822167,2.834832781437715,-0.35274431651037]",True,False,[],"[""position_tolerance"",""orientation_tolerance""]",outputs/task_balance_comparison/points/points_panda/records.jsonl.gz,37923,37943
panda,c623705b57a360999d738931a086de9df352accf03159a59f03e44a01f0d6437,range_loss_matched,2,gained,"[1.614258330252254,-0.5201350826250152,-0.6344690176737393,-0.7396845385877988,-0.13854559172240322,2.7903698314447696,-0.321245226144919]","[0.17455654069242615,-0.11804913541442519,1.1596508022301812]","[[-0.6479186751352265,0.5898164288738645,0.48199374543814866],[-0.45225139214263677,-0.8070517220771424,0.3796527310547973],[0.6129193003292197,0.028001752138048255,0.7896491836006285]]",0.02,"[1.6553697568918164,-0.4765350826250588,-0.5921484384949126,-0.6963726757559021,-0.1908455917223509,2.840974826893705,-0.37354522614486674]","[1.6130127510528705,-0.4765350826250588,-0.5961412160126955,-0.7119378291161041,-0.17750618382822167,2.834832781437715,-0.35274431651037]",True,False,[],"[""position_tolerance"",""orientation_tolerance""]",outputs/task_balance_comparison/points/points_panda/records.jsonl.gz,37939,37932
panda,c825c36c1ecc227c7afe1c51b98958084dc6871bd1b564b224a9d716c66f38e8,range_loss_matched,0,gained,"[-0.26062159688034425,1.1155403013824254,0.027792484316917054,-1.4106129991958505,1.2459056899893386,3.7354044549330574,1.4672854735216938]","[0.6021046033538052,-0.3241071617569251,0.13756667631465103]","[[-0.8503548801774551,0.23820721714333334,0.46920560467583416],[-0.1635228535839472,0.7279002526620935,-0.6658990152644944],[-0.5001568295186513,-0.6429763167296981,-0.580021208242045]]",0.02,"[-0.3035108080673063,1.0746880448601523,-0.01580751568303935,-1.450060165858092,1.193605689989391,3.686930409682044,1.5190726107090355]","[-0.30422159688030065,1.08612505694396,-0.008580614619863834,-1.4171944911837546,1.25662689794605,3.6941601453947186,1.4519724275472157]",True,False,[],"[""orientation_tolerance""]",outputs/task_balance_comparison/points/points_panda/records.jsonl.gz,47834,47852
panda,c825c36c1ecc227c7afe1c51b98958084dc6871bd1b564b224a9d716c66f38e8,range_loss_matched,1,gained,"[-0.26062159688034425,1.1155403013824254,0.027792484316917054,-1.4106129991958505,1.2459056899893386,3.7354044549330574,1.4672854735216938]","[0.6021046033538052,-0.3241071617569251,0.13756667631465103]","[[-0.8503548801774551,0.23820721714333334,0.46920560467583416],[-0.1635228535839472,0.7279002526620935,-0.6658990152644944],[-0.5001568295186513,-0.6429763167296981,-0.580021208242045]]",0.02,"[-0.3035108080673063,1.0746880448601523,-0.01580751568303935,-1.450060165858092,1.193605689989391,3.686930409682044,1.5190726107090355]","[-0.30422159688030065,1.08612505694396,-0.008580614619863834,-1.4171944911837546,1.25662689794605,3.6941601453947186,1.4519724275472157]",True,False,[],"[""orientation_tolerance""]",outputs/task_balance_comparison/points/points_panda/records.jsonl.gz,47835,47847
panda,c825c36c1ecc227c7afe1c51b98958084dc6871bd1b564b224a9d716c66f38e8,range_loss_matched,2,gained,"[-0.26062159688034425,1.1155403013824254,0.027792484316917054,-1.4106129991958505,1.2459056899893386,3.7354044549330574,1.4672854735216938]","[0.6021046033538052,-0.3241071617569251,0.13756667631465103]","[[-0.8503548801774551,0.23820721714333334,0.46920560467583416],[-0.1635228535839472,0.7279002526620935,-0.6658990152644944],[-0.5001568295186513,-0.6429763167296981,-0.580021208242045]]",0.02,"[-0.3035108080673063,1.0746880448601523,-0.01580751568303935,-1.450060165858092,1.193605689989391,3.686930409682044,1.5190726107090355]","[-0.30422159688030065,1.08612505694396,-0.008580614619863834,-1.4171944911837546,1.25662689794605,3.6941601453947186,1.4519724275472157]",True,False,[],"[""orientation_tolerance""]",outputs/task_balance_comparison/points/points_panda/records.jsonl.gz,47849,47838
panda,c8896e6046dd75756b86f5422d995b0c223098ec59c2d3536aba05f81048f6c4,range_loss_matched,0,gained,"[-1.3416403580637426,0.5296197557520803,1.620399946234269,-1.0894263121493906,-1.972680386133967,1.370118637207017,-0.6863601235803649]","[0.4726258156215807,-0.2902230566141558,0.867437629592691]","[[0.9826197456837819,0.13345378951083828,-0.12902914964277004],[-0.08105608603435735,-0.31685652305823087,-0.9450036268249131],[-0.16699804283023906,0.939037821315332,-0.30053223426152476]]",0.02,"[-1.385240358063699,0.4860197557521239,1.6639999462342254,-1.0458263121494342,-1.9230016002541277,1.3178186372070695,-0.6340601235804172]","[-1.38228798729373,0.4945304020449721,1.6639999462342254,-1.047940659808119,-1.9506996207217184,1.3178186372070695,-0.636453495354781]",True,False,[],"[""position_tolerance"",""orientation_tolerance""]",outputs/task_balance_comparison/points/points_panda/records.jsonl.gz,18488,18492
panda,c8896e6046dd75756b86f5422d995b0c223098ec59c2d3536aba05f81048f6c4,range_loss_matched,1,gained,"[-1.3416403580637426,0.5296197557520803,1.620399946234269,-1.0894263121493906,-1.972680386133967,1.370118637207017,-0.6863601235803649]","[0.4726258156215807,-0.2902230566141558,0.867437629592691]","[[0.9826197456837819,0.13345378951083828,-0.12902914964277004],[-0.08105608603435735,-0.31685652305823087,-0.9450036268249131],[-0.16699804283023906,0.939037821315332,-0.30053223426152476]]",0.02,"[-1.385240358063699,0.4860197557521239,1.6639999462342254,-1.0458263121494342,-1.9230016002541277,1.3178186372070695,-0.6340601235804172]","[-1.38228798729373,0.4945304020449721,1.6639999462342254,-1.047940659808119,-1.9506996207217184,1.3178186372070695,-0.636453495354781]",True,False,[],"[""position_tolerance"",""orientation_tolerance""]",outputs/task_balance_comparison/points/points_panda/records.jsonl.gz,18487,18503
panda,c8896e6046dd75756b86f5422d995b0c223098ec59c2d3536aba05f81048f6c4,range_loss_matched,2,gained,"[-1.3416403580637426,0.5296197557520803,1.620399946234269,-1.0894263121493906,-1.972680386133967,1.370118637207017,-0.6863601235803649]","[0.4726258156215807,-0.2902230566141558,0.867437629592691]","[[0.9826197456837819,0.13345378951083828,-0.12902914964277004],[-0.08105608603435735,-0.31685652305823087,-0.9450036268249131],[-0.16699804283023906,0.939037821315332,-0.30053223426152476]]",0.02,"[-1.385240358063699,0.4860197557521239,1.6639999462342254,-1.0458263121494342,-1.9230016002541277,1.3178186372070695,-0.6340601235804172]","[-1.38228798729373,0.4945304020449721,1.6639999462342254,-1.047940659808119,-1.9506996207217184,1.3178186372070695,-0.636453495354781]",True,False,[],"[""position_tolerance"",""orientation_tolerance""]",outputs/task_balance_comparison/points/points_panda/records.jsonl.gz,18493,18494
panda,cd1fbb312de666bb101f94a8321c57762043ccce465d50226673658d03f95460,range_loss_matched,0,gained,"[-1.3790199391050373,0.9066906193616466,0.3680258307543185,-1.732857654797812,-0.3034451297484151,2.5635587048088713,-0.21084971315813128]","[0.337697754108647,-0.580959625899889,0.1310397397879959]","[[0.7580591734056341,-0.6424513514933196,0.11226108221451415],[-0.6480057433395915,-0.7614156023875251,0.018298552941287523],[0.07372140947153746,-0.08661721194571499,-0.9935102477479942]]",0.02,"[-1.4207440365532205,0.8630906193616902,0.4112406927759306,-1.6896894447760686,-0.3414277187551958,2.511876790136348,-0.16837627870461114]","[-1.421782772366365,0.8630906193616902,0.40740681489862524,-1.7092608044927464,-0.30752697161023046,2.564004616371578,-0.20217787257591188]",True,False,[],"[""position_tolerance"",""orientation_tolerance""]",outputs/task_balance_comparison/points/points_panda/records.jsonl.gz,36585,36587
panda,cd1fbb312de666bb101f94a8321c57762043ccce465d50226673658d03f95460,range_loss_matched,1,gained,"[-1.3790199391050373,0.9066906193616466,0.3680258307543185,-1.732857654797812,-0.3034451297484151,2.5635587048088713,-0.21084971315813128]","[0.337697754108647,-0.580959625899889,0.1310397397879959]","[[0.7580591734056341,-0.6424513514933196,0.11226108221451415],[-0.6480057433395915,-0.7614156023875251,0.018298552941287523],[0.07372140947153746,-0.08661721194571499,-0.9935102477479942]]",0.02,"[-1.4207440365532205,0.8630906193616902,0.4112406927759306,-1.6896894447760686,-0.3414277187551958,2.511876790136348,-0.16837627870461114]","[-1.421782772366365,0.8630906193616902,0.40740681489862524,-1.7092608044927464,-0.30752697161023046,2.564004616371578,-0.20217787257591188]",True,False,[],"[""position_tolerance"",""orientation_tolerance""]",outputs/task_balance_comparison/points/points_panda/records.jsonl.gz,36597,36582
panda,cd1fbb312de666bb101f94a8321c57762043ccce465d50226673658d03f95460,range_loss_matched,2,gained,"[-1.3790199391050373,0.9066906193616466,0.3680258307543185,-1.732857654797812,-0.3034451297484151,2.5635587048088713,-0.21084971315813128]","[0.337697754108647,-0.580959625899889,0.1310397397879959]","[[0.7580591734056341,-0.6424513514933196,0.11226108221451415],[-0.6480057433395915,-0.7614156023875251,0.018298552941287523],[0.07372140947153746,-0.08661721194571499,-0.9935102477479942]]",0.02,"[-1.4207440365532205,0.8630906193616902,0.4112406927759306,-1.6896894447760686,-0.3414277187551958,2.511876790136348,-0.16837627870461114]","[-1.421782772366365,0.8630906193616902,0.40740681489862524,-1.7092608044927464,-0.30752697161023046,2.564004616371578,-0.20217787257591188]",True,False,[],"[""position_tolerance"",""orientation_tolerance""]",outputs/task_balance_comparison/points/points_panda/records.jsonl.gz,36591,36595
panda,ce6a17d5809d9036d8d06a095034c5be4e281419e1b0ea1dd5314f6f816bec04,range_loss_matched,0,gained,"[-1.9914500996278508,0.2284831393590312,0.15637817498649031,-2.121740670546224,0.5526277753757776,1.960795533786262,0.5737454065342025]","[-0.10560342185746116,-0.5168934129851417,0.29752306576240944]","[[-0.7294555540941444,-0.36220210319099605,0.5802622088721818],[-0.39726692534940494,0.9148998502730387,0.07167463982331493],[-0.5568425133057237,-0.1782355195082916,-0.8112696931113442]]",0.02,"[-2.006867881053149,0.18795296916518056,0.17043138922951462,-2.159625526240045,0.600044899326444,2.0047882026086343,0.5214454065342548]","[-1.9928402075446459,0.20778545917254626,0.15925734074216427,-2.123995833226311,0.5606894613884881,1.9596165761707318,0.5633510594847535]",True,False,[],"[""position_tolerance"",""orientation_tolerance""]",outputs/task_balance_comparison/points/points_panda/records.jsonl.gz,37153,37157
panda,ce6a17d5809d9036d8d06a095034c5be4e281419e1b0ea1dd5314f6f816bec04,range_loss_matched,1,gained,"[-1.9914500996278508,0.2284831393590312,0.15637817498649031,-2.121740670546224,0.5526277753757776,1.960795533786262,0.5737454065342025]","[-0.10560342185746116,-0.5168934129851417,0.29752306576240944]","[[-0.7294555540941444,-0.36220210319099605,0.5802622088721818],[-0.39726692534940494,0.9148998502730387,0.07167463982331493],[-0.5568425133057237,-0.1782355195082916,-0.8112696931113442]]",0.02,"[-2.006867881053149,0.18795296916518056,0.17043138922951462,-2.159625526240045,0.600044899326444,2.0047882026086343,0.5214454065342548]","[-1.9928402075446459,0.20778545917254626,0.15925734074216427,-2.123995833226311,0.5606894613884881,1.9596165761707318,0.5633510594847535]",True,False,[],"[""position_tolerance"",""orientation_tolerance""]",outputs/task_balance_comparison/points/points_panda/records.jsonl.gz,37164,37168
panda,ce6a17d5809d9036d8d06a095034c5be4e281419e1b0ea1dd5314f6f816bec04,range_loss_matched,2,gained,"[-1.9914500996278508,0.2284831393590312,0.15637817498649031,-2.121740670546224,0.5526277753757776,1.960795533786262,0.5737454065342025]","[-0.10560342185746116,-0.5168934129851417,0.29752306576240944]","[[-0.7294555540941444,-0.36220210319099605,0.5802622088721818],[-0.39726692534940494,0.9148998502730387,0.07167463982331493],[-0.5568425133057237,-0.1782355195082916,-0.8112696931113442]]",0.02,"[-2.006867881053149,0.18795296916518056,0.17043138922951462,-2.159625526240045,0.600044899326444,2.0047882026086343,0.5214454065342548]","[-1.9928402075446459,0.20778545917254626,0.15925734074216427,-2.123995833226311,0.5606894613884881,1.9596165761707318,0.5633510594847535]",True,False,[],"[""position_tolerance"",""orientation_tolerance""]",outputs/task_balance_comparison/points/points_panda/records.jsonl.gz,37176,37172
panda,d1e4b1389f6ce06d8fe4672453b75074d0749449ac0b3de22a7b47f818944e98,range_loss_matched,0,gained,"[1.953104669287741,-0.3794150504012057,2.8632360132752384,-2.5161400080467042,-0.35649031979770207,2.0216309335260862,1.5741583496958156]","[0.020445733255198235,-0.3116312592541643,0.0965032678582048]","[[-0.8586475092193636,-0.17221444445330408,-0.4827697588219693],[-0.5016680848945608,0.4755511481135566,0.7226203969762417],[0.10513604286640284,0.8626663843279841,-0.494725299374184]]",0.02,"[1.9967046692876973,-0.4230150504011621,2.897299999999,-2.558632111878442,-0.30419031979775435,1.9693309335261386,1.523958821456122]","[1.9967046692876973,-0.4230150504011621,2.897299999999,-2.559740008046661,-0.30419031979775435,1.9693309335261386,1.521858349695868]",True,False,[],"[""position_tolerance""]",outputs/task_balance_comparison/points/points_panda/records.jsonl.gz,11642,11662
panda,d1e4b1389f6ce06d8fe4672453b75074d0749449ac0b3de22a7b47f818944e98,range_loss_matched,1,gained,"[1.953104669287741,-0.3794150504012057,2.8632360132752384,-2.5161400080467042,-0.35649031979770207,2.0216309335260862,1.5741583496958156]","[0.020445733255198235,-0.3116312592541643,0.0965032678582048]","[[-0.8586475092193636,-0.17221444445330408,-0.4827697588219693],[-0.5016680848945608,0.4755511481135566,0.7226203969762417],[0.10513604286640284,0.8626663843279841,-0.494725299374184]]",0.02,"[1.9967046692876973,-0.4230150504011621,2.897299999999,-2.558632111878442,-0.30419031979775435,1.9693309335261386,1.523958821456122]","[1.9967046692876973,-0.4230150504011621,2.897299999999,-2.559740008046661,-0.30419031979775435,1.9693309335261386,1.521858349695868]",True,False,[],"[""position_tolerance""]",outputs/task_balance_comparison/points/points_panda/records.jsonl.gz,11655,11664
panda,d1e4b1389f6ce06d8fe4672453b75074d0749449ac0b3de22a7b47f818944e98,range_loss_matched,2,gained,"[1.953104669287741,-0.3794150504012057,2.8632360132752384,-2.5161400080467042,-0.35649031979770207,2.0216309335260862,1.5741583496958156]","[0.020445733255198235,-0.3116312592541643,0.0965032678582048]","[[-0.8586475092193636,-0.17221444445330408,-0.4827697588219693],[-0.5016680848945608,0.4755511481135566,0.7226203969762417],[0.10513604286640284,0.8626663843279841,-0.494725299374184]]",0.02,"[1.9967046692876973,-0.4230150504011621,2.897299999999,-2.558632111878442,-0.30419031979775435,1.9693309335261386,1.523958821456122]","[1.9967046692876973,-0.4230150504011621,2.897299999999,-2.559740008046661,-0.30419031979775435,1.9693309335261386,1.521858349695868]",True,False,[],"[""position_tolerance""]",outputs/task_balance_comparison/points/points_panda/records.jsonl.gz,11651,11658
panda,d6985d41e35c51337acffced505c0ae5d8fe12843ca8caf1664b4428de915bc1,range_loss_matched,0,gained,"[2.8539711694547156,0.7603531371095547,-2.055020765755238,-0.44506617607895205,-1.7032971473312275,2.3869398316975237,-0.5794896466765531]","[-0.46404075934061123,0.3020375898720736,0.9863492857896404]","[[0.08603639779445067,-0.9884933602960252,-0.12441308172868036],[0.9873424038953843,0.10129646190243416,-0.12204099424427974],[0.1332393174878896,-0.11233834366199721,0.984696593280712]]",0.02,"[2.897299999999,0.8039531371095111,-2.0970754364159605,-0.40146617607899565,-1.7510204931695545,2.4392398316974715,-0.6317896466765008]","[2.897299999999,0.8039531371095111,-2.0893372727554396,-0.4014706993216249,-1.7555971473311751,2.426693426129188,-0.6317896466765008]",True,False,[],"[""orientation_tolerance""]",outputs/task_balance_comparison/points/points_panda/records.jsonl.gz,5285,5303
panda,d6985d41e35c51337acffced505c0ae5d8fe12843ca8caf1664b4428de915bc1,range_loss_matched,1,gained,"[2.8539711694547156,0.7603531371095547,-2.055020765755238,-0.44506617607895205,-1.7032971473312275,2.3869398316975237,-0.5794896466765531]","[-0.46404075934061123,0.3020375898720736,0.9863492857896404]","[[0.08603639779445067,-0.9884933602960252,-0.12441308172868036],[0.9873424038953843,0.10129646190243416,-0.12204099424427974],[0.1332393174878896,-0.11233834366199721,0.984696593280712]]",0.02,"[2.897299999999,0.8039531371095111,-2.0970754364159605,-0.40146617607899565,-1.7510204931695545,2.4392398316974715,-0.6317896466765008]","[2.897299999999,0.8039531371095111,-2.0893372727554396,-0.4014706993216249,-1.7555971473311751,2.426693426129188,-0.6317896466765008]",True,False,[],"[""orientation_tolerance""]",outputs/task_balance_comparison/points/points_panda/records.jsonl.gz,5301,5284
panda,d6985d41e35c51337acffced505c0ae5d8fe12843ca8caf1664b4428de915bc1,range_loss_matched,2,gained,"[2.8539711694547156,0.7603531371095547,-2.055020765755238,-0.44506617607895205,-1.7032971473312275,2.3869398316975237,-0.5794896466765531]","[-0.46404075934061123,0.3020375898720736,0.9863492857896404]","[[0.08603639779445067,-0.9884933602960252,-0.12441308172868036],[0.9873424038953843,0.10129646190243416,-0.12204099424427974],[0.1332393174878896,-0.11233834366199721,0.984696593280712]]",0.02,"[2.897299999999,0.8039531371095111,-2.0970754364159605,-0.40146617607899565,-1.7510204931695545,2.4392398316974715,-0.6317896466765008]","[2.897299999999,0.8039531371095111,-2.0893372727554396,-0.4014706993216249,-1.7555971473311751,2.426693426129188,-0.6317896466765008]",True,False,[],"[""orientation_tolerance""]",outputs/task_balance_comparison/points/points_panda/records.jsonl.gz,5298,5304
panda,d94e278cfa19dfa045173adaf1e7d366ea36f3e9e9393cb670caed0fa9db87d3,range_loss_matched,0,gained,"[-1.217119416275383,0.5476863136696202,1.8386546128469106,-2.495618025555462,1.7475960055126598,3.7294929719416454,-0.6239815899699304]","[0.41618582742786414,0.07991196796185566,0.3435427899323924]","[[0.4888049077272034,-0.6614825511327008,0.5687799194141561],[-0.8440510369776271,-0.5234254333789946,0.11663474040355055],[0.22056203018378345,-0.5370909143143133,-0.8141779538910534]]",0.02,"[-1.2607194162753392,0.5079118475057418,1.796027638167606,-2.4520180255555055,1.6952960055127122,3.752499999999,-0.5716815899699826]","[-1.2607194162753392,0.5096329869869696,1.7957199670995727,-2.4520180255555055,1.6953831901338539,3.752499999999,-0.5716815899699826]",True,False,[],"[""position_tolerance""]",outputs/task_balance_comparison/points/points_panda/records.jsonl.gz,23755,23744
panda,d94e278cfa19dfa045173adaf1e7d366ea36f3e9e9393cb670caed0fa9db87d3,range_loss_matched,1,gained,"[-1.217119416275383,0.5476863136696202,1.8386546128469106,-2.495618025555462,1.7475960055126598,3.7294929719416454,-0.6239815899699304]","[0.41618582742786414,0.07991196796185566,0.3435427899323924]","[[0.4888049077272034,-0.6614825511327008,0.5687799194141561],[-0.8440510369776271,-0.5234254333789946,0.11663474040355055],[0.22056203018378345,-0.5370909143143133,-0.8141779538910534]]",0.02,"[-1.2607194162753392,0.5079118475057418,1.796027638167606,-2.4520180255555055,1.6952960055127122,3.752499999999,-0.5716815899699826]","[-1.2607194162753392,0.5096329869869696,1.7957199670995727,-2.4520180255555055,1.6953831901338539,3.752499999999,-0.5716815899699826]",True,False,[],"[""position_tolerance""]",outputs/task_balance_comparison/points/points_panda/records.jsonl.gz,23749,23745
panda,d94e278cfa19dfa045173adaf1e7d366ea36f3e9e9393cb670caed0fa9db87d3,range_loss_matched,2,gained,"[-1.217119416275383,0.5476863136696202,1.8386546128469106,-2.495618025555462,1.7475960055126598,3.7294929719416454,-0.6239815899699304]","[0.41618582742786414,0.07991196796185566,0.3435427899323924]","[[0.4888049077272034,-0.6614825511327008,0.5687799194141561],[-0.8440510369776271,-0.5234254333789946,0.11663474040355055],[0.22056203018378345,-0.5370909143143133,-0.8141779538910534]]",0.02,"[-1.2607194162753392,0.5079118475057418,1.796027638167606,-2.4520180255555055,1.6952960055127122,3.752499999999,-0.5716815899699826]","[-1.2607194162753392,0.5096329869869696,1.7957199670995727,-2.4520180255555055,1.6953831901338539,3.752499999999,-0.5716815899699826]",True,False,[],"[""position_tolerance""]",outputs/task_balance_comparison/points/points_panda/records.jsonl.gz,23738,23737
panda,e664badf8c97da74fa84054a8e7570bd19f279a4a59e7bae4a4a882eafe639c5,range_loss_matched,0,gained,"[1.0505880031298371,0.06397087298447524,-1.359209357244618,-0.4155748887173578,2.1308831970877655,2.5467607042517924,0.8074888236923607]","[0.23936887770339343,-0.07808459116246683,1.1465957354010954]","[[0.9036734676459061,0.30977273406089784,0.2956604760620867],[-0.41212273590854137,0.8166717714062617,0.403982757472911],[-0.11631472142459881,-0.48691690360942974,0.8656689982662675]]",0.02,"[1.0483042978584454,0.020370872984518833,-1.3568182417712493,-0.4591748887173142,2.0822852668894516,2.59906070425174,0.8597888236923085]","[1.0508428964562346,0.032714549957211216,-1.4028093572445743,-0.45581034268529047,2.1302264106019315,2.59906070425174,0.8597888236923085]",True,False,[],"[""orientation_tolerance""]",outputs/task_balance_comparison/points/points_panda/records.jsonl.gz,51230,51218
panda,e664badf8c97da74fa84054a8e7570bd19f279a4a59e7bae4a4a882eafe639c5,range_loss_matched,1,gained,"[1.0505880031298371,0.06397087298447524,-1.359209357244618,-0.4155748887173578,2.1308831970877655,2.5467607042517924,0.8074888236923607]","[0.23936887770339343,-0.07808459116246683,1.1465957354010954]","[[0.9036734676459061,0.30977273406089784,0.2956604760620867],[-0.41212273590854137,0.8166717714062617,0.403982757472911],[-0.11631472142459881,-0.48691690360942974,0.8656689982662675]]",0.02,"[1.0483042978584454,0.020370872984518833,-1.3568182417712493,-0.4591748887173142,2.0822852668894516,2.59906070425174,0.8597888236923085]","[1.0508428964562346,0.032714549957211216,-1.4028093572445743,-0.45581034268529047,2.1302264106019315,2.59906070425174,0.8597888236923085]",True,False,[],"[""orientation_tolerance""]",outputs/task_balance_comparison/points/points_panda/records.jsonl.gz,51222,51226
panda,e664badf8c97da74fa84054a8e7570bd19f279a4a59e7bae4a4a882eafe639c5,range_loss_matched,2,gained,"[1.0505880031298371,0.06397087298447524,-1.359209357244618,-0.4155748887173578,2.1308831970877655,2.5467607042517924,0.8074888236923607]","[0.23936887770339343,-0.07808459116246683,1.1465957354010954]","[[0.9036734676459061,0.30977273406089784,0.2956604760620867],[-0.41212273590854137,0.8166717714062617,0.403982757472911],[-0.11631472142459881,-0.48691690360942974,0.8656689982662675]]",0.02,"[1.0483042978584454,0.020370872984518833,-1.3568182417712493,-0.4591748887173142,2.0822852668894516,2.59906070425174,0.8597888236923085]","[1.0508428964562346,0.032714549957211216,-1.4028093572445743,-0.45581034268529047,2.1302264106019315,2.59906070425174,0.8597888236923085]",True,False,[],"[""orientation_tolerance""]",outputs/task_balance_comparison/points/points_panda/records.jsonl.gz,51239,51217
panda,ece5fecbab1609f0bedeb10085c9209098ddfd4e6247f56ddedc2511db81141a,range_loss_matched,0,gained,"[-2.0570840490917197,-0.9259105992992809,-0.8675680078794754,-0.09171817490057113,-1.0671223038472908,2.930137035088626,-1.6400116706163108]","[0.3579042677099456,0.5566987410939193,0.841779484234603]","[[-0.6183167089007772,0.7707152308382105,0.1538911318046483],[-0.3156849688879803,-0.4228700219566914,0.8494256559278994],[0.7197412367735413,0.47663295887333607,0.5047708139377137]]",0.02,"[-2.1006840490916763,-0.9675672188245018,-0.823968007879519,-0.07007001515284902,-1.092787531479151,2.877837035088678,-1.6116853444341739]","[-2.1006840490916763,-0.9693581260337951,-0.8494249660722379,-0.07707579464390604,-1.043217569441365,2.893476947580871,-1.6318259289026318]",True,False,[],"[""position_tolerance"",""orientation_tolerance""]",outputs/task_balance_comparison/points/points_panda/records.jsonl.gz,19350,19349
panda,ece5fecbab1609f0bedeb10085c9209098ddfd4e6247f56ddedc2511db81141a,range_loss_matched,1,gained,"[-2.0570840490917197,-0.9259105992992809,-0.8675680078794754,-0.09171817490057113,-1.0671223038472908,2.930137035088626,-1.6400116706163108]","[0.3579042677099456,0.5566987410939193,0.841779484234603]","[[-0.6183167089007772,0.7707152308382105,0.1538911318046483],[-0.3156849688879803,-0.4228700219566914,0.8494256559278994],[0.7197412367735413,0.47663295887333607,0.5047708139377137]]",0.02,"[-2.1006840490916763,-0.9675672188245018,-0.823968007879519,-0.07007001515284902,-1.092787531479151,2.877837035088678,-1.6116853444341739]","[-2.1006840490916763,-0.9693581260337951,-0.8494249660722379,-0.07707579464390604,-1.043217569441365,2.893476947580871,-1.6318259289026318]",True,False,[],"[""position_tolerance"",""orientation_tolerance""]",outputs/task_balance_comparison/points/points_panda/records.jsonl.gz,19368,19362
panda,ece5fecbab1609f0bedeb10085c9209098ddfd4e6247f56ddedc2511db81141a,range_loss_matched,2,gained,"[-2.0570840490917197,-0.9259105992992809,-0.8675680078794754,-0.09171817490057113,-1.0671223038472908,2.930137035088626,-1.6400116706163108]","[0.3579042677099456,0.5566987410939193,0.841779484234603]","[[-0.6183167089007772,0.7707152308382105,0.1538911318046483],[-0.3156849688879803,-0.4228700219566914,0.8494256559278994],[0.7197412367735413,0.47663295887333607,0.5047708139377137]]",0.02,"[-2.1006840490916763,-0.9675672188245018,-0.823968007879519,-0.07007001515284902,-1.092787531479151,2.877837035088678,-1.6116853444341739]","[-2.1006840490916763,-0.9693581260337951,-0.8494249660722379,-0.07707579464390604,-1.043217569441365,2.893476947580871,-1.6318259289026318]",True,False,[],"[""position_tolerance"",""orientation_tolerance""]",outputs/task_balance_comparison/points/points_panda/records.jsonl.gz,19353,19363
panda,f0006ca49e3d49d899bc97a6aae77f936190257c744dc3291515fda71d4d0844,range_loss_matched,0,gained,"[-0.4016690318112328,0.542226232739494,-1.7435841949402104,-0.4492717619816502,-2.0676273745660216,1.9182273506485024,2.2986373176734807]","[0.27771197691950594,-0.3152958190773926,1.0688793550791136]","[[0.45133507999819433,-0.8835786955278561,-0.12484123666607835],[0.7990104366908182,0.33785527348007943,0.4974295289192721],[-0.39733986412411715,-0.3242568472538289,0.8584745362483589]]",0.02,"[-0.4215944406760229,0.5807730630977154,-1.7259198655461436,-0.4255325499109111,-2.119843326156691,1.9582201024850263,2.3509373176734285]","[-0.4114378764748311,0.5824967175213918,-1.7379293162218965,-0.4384471162504846,-2.1103653565121223,1.9617553055665835,2.331897031244803]",True,False,[],"[""position_tolerance"",""orientation_tolerance""]",outputs/task_balance_comparison/points/points_panda/records.jsonl.gz,30074,30096
panda,f0006ca49e3d49d899bc97a6aae77f936190257c744dc3291515fda71d4d0844,range_loss_matched,1,gained,"[-0.4016690318112328,0.542226232739494,-1.7435841949402104,-0.4492717619816502,-2.0676273745660216,1.9182273506485024,2.2986373176734807]","[0.27771197691950594,-0.3152958190773926,1.0688793550791136]","[[0.45133507999819433,-0.8835786955278561,-0.12484123666607835],[0.7990104366908182,0.33785527348007943,0.4974295289192721],[-0.39733986412411715,-0.3242568472538289,0.8584745362483589]]",0.02,"[-0.4215944406760229,0.5807730630977154,-1.7259198655461436,-0.4255325499109111,-2.119843326156691,1.9582201024850263,2.3509373176734285]","[-0.4114378764748311,0.5824967175213918,-1.7379293162218965,-0.4384471162504846,-2.1103653565121223,1.9617553055665835,2.331897031244803]",True,False,[],"[""position_tolerance"",""orientation_tolerance""]",outputs/task_balance_comparison/points/points_panda/records.jsonl.gz,30086,30087
panda,f0006ca49e3d49d899bc97a6aae77f936190257c744dc3291515fda71d4d0844,range_loss_matched,2,gained,"[-0.4016690318112328,0.542226232739494,-1.7435841949402104,-0.4492717619816502,-2.0676273745660216,1.9182273506485024,2.2986373176734807]","[0.27771197691950594,-0.3152958190773926,1.0688793550791136]","[[0.45133507999819433,-0.8835786955278561,-0.12484123666607835],[0.7990104366908182,0.33785527348007943,0.4974295289192721],[-0.39733986412411715,-0.3242568472538289,0.8584745362483589]]",0.02,"[-0.4215944406760229,0.5807730630977154,-1.7259198655461436,-0.4255325499109111,-2.119843326156691,1.9582201024850263,2.3509373176734285]","[-0.4114378764748311,0.5824967175213918,-1.7379293162218965,-0.4384471162504846,-2.1103653565121223,1.9617553055665835,2.331897031244803]",True,False,[],"[""position_tolerance"",""orientation_tolerance""]",outputs/task_balance_comparison/points/points_panda/records.jsonl.gz,30089,30085
panda,f0accf3691ed596ebf0882b564fbe9439277ddc416d134a93a5df2ae56fa7aed,range_loss_matched,0,gained,"[1.0263998949666933,-0.12780055298538673,0.48402726134131324,-1.4642550217365051,1.1859020737208699,0.47011699660946515,-1.9961201923162726]","[-0.11604009270646948,0.38053792108113443,0.7518336356955535]","[[-0.08124858674051072,-0.8770616892730037,-0.47345692556161356],[-0.4270253931287602,0.45985227312940896,-0.7785789622902375],[0.9005820233470672,0.1389196894155069,-0.4118899599611547]]",0.02,"[1.0258891451592078,-0.10007191335190113,0.48967479491731825,-1.4342443929891644,1.143839094848794,0.5126704020349059,-2.0359664138120173]","[1.0244971956813231,-0.1106112717961994,0.4849842904531062,-1.4620972579289129,1.1874869252516984,0.5117879425377704,-2.0087005229601638]",True,False,[],"[""position_tolerance"",""orientation_tolerance""]",outputs/task_balance_comparison/points/points_panda/records.jsonl.gz,6816,6800
panda,f0accf3691ed596ebf0882b564fbe9439277ddc416d134a93a5df2ae56fa7aed,range_loss_matched,1,gained,"[1.0263998949666933,-0.12780055298538673,0.48402726134131324,-1.4642550217365051,1.1859020737208699,0.47011699660946515,-1.9961201923162726]","[-0.11604009270646948,0.38053792108113443,0.7518336356955535]","[[-0.08124858674051072,-0.8770616892730037,-0.47345692556161356],[-0.4270253931287602,0.45985227312940896,-0.7785789622902375],[0.9005820233470672,0.1389196894155069,-0.4118899599611547]]",0.02,"[1.0258891451592078,-0.10007191335190113,0.48967479491731825,-1.4342443929891644,1.143839094848794,0.5126704020349059,-2.0359664138120173]","[1.0244971956813231,-0.1106112717961994,0.4849842904531062,-1.4620972579289129,1.1874869252516984,0.5117879425377704,-2.0087005229601638]",True,False,[],"[""position_tolerance"",""orientation_tolerance""]",outputs/task_balance_comparison/points/points_panda/records.jsonl.gz,6813,6802
panda,f0accf3691ed596ebf0882b564fbe9439277ddc416d134a93a5df2ae56fa7aed,range_loss_matched,2,gained,"[1.0263998949666933,-0.12780055298538673,0.48402726134131324,-1.4642550217365051,1.1859020737208699,0.47011699660946515,-1.9961201923162726]","[-0.11604009270646948,0.38053792108113443,0.7518336356955535]","[[-0.08124858674051072,-0.8770616892730037,-0.47345692556161356],[-0.4270253931287602,0.45985227312940896,-0.7785789622902375],[0.9005820233470672,0.1389196894155069,-0.4118899599611547]]",0.02,"[1.0258891451592078,-0.10007191335190113,0.48967479491731825,-1.4342443929891644,1.143839094848794,0.5126704020349059,-2.0359664138120173]","[1.0244971956813231,-0.1106112717961994,0.4849842904531062,-1.4620972579289129,1.1874869252516984,0.5117879425377704,-2.0087005229601638]",True,False,[],"[""position_tolerance"",""orientation_tolerance""]",outputs/task_balance_comparison/points/points_panda/records.jsonl.gz,6803,6812
panda,fe6093d5d71e27d3b83bc8342838165ba4de5c55592dae535069af896a5f41f9,range_loss_matched,0,gained,"[-1.8057711738063267,-0.030182253556873206,2.304748848303794,-1.1299988427463756,-0.5603842810169615,1.3439925004688074,0.6655117895480123]","[0.49179361375876546,0.16383095997234284,0.7787902634509615]","[[0.8079293994488489,-0.5343779099475451,0.24837539102397937],[-0.3410800821430968,-0.7677780801307262,-0.5423847317504742],[0.4805356002123877,0.3534926718206032,-0.8025761446103735]]",0.02,"[-1.8482088659814089,-0.07200177472308665,2.2611488483038373,-1.173598842746332,-0.6107574096627465,1.2916925004688598,0.71781178954796]","[-1.849371173806283,-0.0737822535568296,2.2611488483038373,-1.173598842746332,-0.6126842810169092,1.2916925004688598,0.71781178954796]",True,False,[],"[""position_tolerance""]",outputs/task_balance_comparison/points/points_panda/records.jsonl.gz,5008,5003
panda,fe6093d5d71e27d3b83bc8342838165ba4de5c55592dae535069af896a5f41f9,range_loss_matched,1,gained,"[-1.8057711738063267,-0.030182253556873206,2.304748848303794,-1.1299988427463756,-0.5603842810169615,1.3439925004688074,0.6655117895480123]","[0.49179361375876546,0.16383095997234284,0.7787902634509615]","[[0.8079293994488489,-0.5343779099475451,0.24837539102397937],[-0.3410800821430968,-0.7677780801307262,-0.5423847317504742],[0.4805356002123877,0.3534926718206032,-0.8025761446103735]]",0.02,"[-1.8482088659814089,-0.07200177472308665,2.2611488483038373,-1.173598842746332,-0.6107574096627465,1.2916925004688598,0.71781178954796]","[-1.849371173806283,-0.0737822535568296,2.2611488483038373,-1.173598842746332,-0.6126842810169092,1.2916925004688598,0.71781178954796]",True,False,[],"[""position_tolerance""]",outputs/task_balance_comparison/points/points_panda/records.jsonl.gz,4997,4995
panda,fe6093d5d71e27d3b83bc8342838165ba4de5c55592dae535069af896a5f41f9,range_loss_matched,2,gained,"[-1.8057711738063267,-0.030182253556873206,2.304748848303794,-1.1299988427463756,-0.5603842810169615,1.3439925004688074,0.6655117895480123]","[0.49179361375876546,0.16383095997234284,0.7787902634509615]","[[0.8079293994488489,-0.5343779099475451,0.24837539102397937],[-0.3410800821430968,-0.7677780801307262,-0.5423847317504742],[0.4805356002123877,0.3534926718206032,-0.8025761446103735]]",0.02,"[-1.8482088659814089,-0.07200177472308665,2.2611488483038373,-1.173598842746332,-0.6107574096627465,1.2916925004688598,0.71781178954796]","[-1.849371173806283,-0.0737822535568296,2.2611488483038373,-1.173598842746332,-0.6126842810169092,1.2916925004688598,0.71781178954796]",True,False,[],"[""position_tolerance""]",outputs/task_balance_comparison/points/points_panda/records.jsonl.gz,5013,5010
panda,116413e5077b1991259016bcb70aed719e9313295c22976aaf3e7971067192d7,fixed_qp1,0,gained,"[0.5143745696429471,-1.030325417676153,-1.9514386354805384,-1.4304820222062136,2.0787613050010836,3.275685669657409,2.246414670384391]","[-0.16731972022527472,-0.6868103650689392,0.31157094391093837]","[[0.8286643241709494,-0.5178404578568451,0.2125010542395415],[0.024607805541048536,-0.3455686306584792,-0.938070774201647],[0.5592046975417475,0.7825749687483216,-0.27361747849106033]]",0.02,"[0.5578212620571459,-1.0739254176761093,-1.9078697918346137,-1.3868820222062572,2.1310613050010314,3.223385669657461,2.1943557936141143]","[0.5579745696429036,-1.0739254176761093,-1.908079903158029,-1.388204277940794,2.1310613050010314,3.223385669657461,2.194517010988994]",True,False,[],"[""orientation_tolerance""]",outputs/task_balance_comparison/points/points_panda/records.jsonl.gz,1973,1990
panda,116413e5077b1991259016bcb70aed719e9313295c22976aaf3e7971067192d7,fixed_qp1,1,gained,"[0.5143745696429471,-1.030325417676153,-1.9514386354805384,-1.4304820222062136,2.0787613050010836,3.275685669657409,2.246414670384391]","[-0.16731972022527472,-0.6868103650689392,0.31157094391093837]","[[0.8286643241709494,-0.5178404578568451,0.2125010542395415],[0.024607805541048536,-0.3455686306584792,-0.938070774201647],[0.5592046975417475,0.7825749687483216,-0.27361747849106033]]",0.02,"[0.5578212620571459,-1.0739254176761093,-1.9078697918346137,-1.3868820222062572,2.1310613050010314,3.223385669657461,2.1943557936141143]","[0.5579745696429036,-1.0739254176761093,-1.908079903158029,-1.388204277940794,2.1310613050010314,3.223385669657461,2.194517010988994]",True,False,[],"[""orientation_tolerance""]",outputs/task_balance_comparison/points/points_panda/records.jsonl.gz,1970,1979
panda,116413e5077b1991259016bcb70aed719e9313295c22976aaf3e7971067192d7,fixed_qp1,2,gained,"[0.5143745696429471,-1.030325417676153,-1.9514386354805384,-1.4304820222062136,2.0787613050010836,3.275685669657409,2.246414670384391]","[-0.16731972022527472,-0.6868103650689392,0.31157094391093837]","[[0.8286643241709494,-0.5178404578568451,0.2125010542395415],[0.024607805541048536,-0.3455686306584792,-0.938070774201647],[0.5592046975417475,0.7825749687483216,-0.27361747849106033]]",0.02,"[0.5578212620571459,-1.0739254176761093,-1.9078697918346137,-1.3868820222062572,2.1310613050010314,3.223385669657461,2.1943557936141143]","[0.5579745696429036,-1.0739254176761093,-1.908079903158029,-1.388204277940794,2.1310613050010314,3.223385669657461,2.194517010988994]",True,False,[],"[""orientation_tolerance""]",outputs/task_balance_comparison/points/points_panda/records.jsonl.gz,1989,1971
panda,232d4bfd818ccf44fdc110f8ae3168f95d187a2fa1dccefbccb9bac2e2ec8460,fixed_qp1,0,gained,"[0.7359166028296502,0.6324808858348354,-0.9344217061123874,-1.3153944919815608,1.5890752828876589,2.7903245222794713,2.879881797394117]","[0.7073594076617572,-0.06137649408059488,0.5985105939392247]","[[-0.14710100584891703,0.19520137002780408,0.9696688709129034],[0.820807871435718,0.5711245873729703,0.009546930774852217],[-0.5519381598217343,0.7973162050512472,-0.24423582230146956]]",0.02,"[0.6923166028296938,0.5889797228442565,-0.9780217061123438,-1.3589944919815171,1.6397816877830746,2.842624522279419,2.897299999999]","[0.6923291556728551,0.588880885834879,-0.9780217061123438,-1.357784304776504,1.639421745477115,2.842624522279419,2.897299999999]",True,False,[],"[""orientation_tolerance""]",outputs/task_balance_comparison/points/points_panda/records.jsonl.gz,37393,37413
panda,232d4bfd818ccf44fdc110f8ae3168f95d187a2fa1dccefbccb9bac2e2ec8460,fixed_qp1,1,gained,"[0.7359166028296502,0.6324808858348354,-0.9344217061123874,-1.3153944919815608,1.5890752828876589,2.7903245222794713,2.879881797394117]","[0.7073594076617572,-0.06137649408059488,0.5985105939392247]","[[-0.14710100584891703,0.19520137002780408,0.9696688709129034],[0.820807871435718,0.5711245873729703,0.009546930774852217],[-0.5519381598217343,0.7973162050512472,-0.24423582230146956]]",0.02,"[0.6923166028296938,0.5889797228442565,-0.9780217061123438,-1.3589944919815171,1.6397816877830746,2.842624522279419,2.897299999999]","[0.6923291556728551,0.588880885834879,-0.9780217061123438,-1.357784304776504,1.639421745477115,2.842624522279419,2.897299999999]",True,False,[],"[""orientation_tolerance""]",outputs/task_balance_comparison/points/points_panda/records.jsonl.gz,37411,37394
panda,232d4bfd818ccf44fdc110f8ae3168f95d187a2fa1dccefbccb9bac2e2ec8460,fixed_qp1,2,gained,"[0.7359166028296502,0.6324808858348354,-0.9344217061123874,-1.3153944919815608,1.5890752828876589,2.7903245222794713,2.879881797394117]","[0.7073594076617572,-0.06137649408059488,0.5985105939392247]","[[-0.14710100584891703,0.19520137002780408,0.9696688709129034],[0.820807871435718,0.5711245873729703,0.009546930774852217],[-0.5519381598217343,0.7973162050512472,-0.24423582230146956]]",0.02,"[0.6923166028296938,0.5889797228442565,-0.9780217061123438,-1.3589944919815171,1.6397816877830746,2.842624522279419,2.897299999999]","[0.6923291556728551,0.588880885834879,-0.9780217061123438,-1.357784304776504,1.639421745477115,2.842624522279419,2.897299999999]",True,False,[],"[""orientation_tolerance""]",outputs/task_balance_comparison/points/points_panda/records.jsonl.gz,37399,37398
panda,6053eba826b47af95688b606a803fa8d4dd7338acebc1e0734c8b42e80801b1c,fixed_qp1,0,gained,"[2.3102800643098247,-0.7341259301281504,-1.781809115146927,-0.43750619759157416,-1.2428933065185683,0.4311552107387757,0.9906492069093114]","[0.43791919594682016,-0.2924832352012088,0.725189587340893]","[[0.007246886761279012,-0.8963750339493207,-0.44323727409213104],[-0.994246142288423,-0.05383200076136441,0.09261060543273021],[-0.10687418386522338,0.4400158113140732,-0.8916075339614173]]",0.02,"[2.266680064309868,-0.6906161275059971,-1.7397266334358177,-0.39390619759161777,-1.1905933065186207,0.3793125246658816,1.042949206909259]","[2.266680064309868,-0.690525930128194,-1.7396459626617242,-0.39390619759161777,-1.1905933065186207,0.38050555479031967,1.042949206909259]",True,False,[],"[""orientation_tolerance""]",outputs/task_balance_comparison/points/points_panda/records.jsonl.gz,49772,49763
panda,6053eba826b47af95688b606a803fa8d4dd7338acebc1e0734c8b42e80801b1c,fixed_qp1,1,gained,"[2.3102800643098247,-0.7341259301281504,-1.781809115146927,-0.43750619759157416,-1.2428933065185683,0.4311552107387757,0.9906492069093114]","[0.43791919594682016,-0.2924832352012088,0.725189587340893]","[[0.007246886761279012,-0.8963750339493207,-0.44323727409213104],[-0.994246142288423,-0.05383200076136441,0.09261060543273021],[-0.10687418386522338,0.4400158113140732,-0.8916075339614173]]",0.02,"[2.266680064309868,-0.6906161275059971,-1.7397266334358177,-0.39390619759161777,-1.1905933065186207,0.3793125246658816,1.042949206909259]","[2.266680064309868,-0.690525930128194,-1.7396459626617242,-0.39390619759161777,-1.1905933065186207,0.38050555479031967,1.042949206909259]",True,False,[],"[""orientation_tolerance""]",outputs/task_balance_comparison/points/points_panda/records.jsonl.gz,49768,49753
panda,6053eba826b47af95688b606a803fa8d4dd7338acebc1e0734c8b42e80801b1c,fixed_qp1,2,gained,"[2.3102800643098247,-0.7341259301281504,-1.781809115146927,-0.43750619759157416,-1.2428933065185683,0.4311552107387757,0.9906492069093114]","[0.43791919594682016,-0.2924832352012088,0.725189587340893]","[[0.007246886761279012,-0.8963750339493207,-0.44323727409213104],[-0.994246142288423,-0.05383200076136441,0.09261060543273021],[-0.10687418386522338,0.4400158113140732,-0.8916075339614173]]",0.02,"[2.266680064309868,-0.6906161275059971,-1.7397266334358177,-0.39390619759161777,-1.1905933065186207,0.3793125246658816,1.042949206909259]","[2.266680064309868,-0.690525930128194,-1.7396459626617242,-0.39390619759161777,-1.1905933065186207,0.38050555479031967,1.042949206909259]",True,False,[],"[""orientation_tolerance""]",outputs/task_balance_comparison/points/points_panda/records.jsonl.gz,49759,49762
panda,608b3447d4ba4e880b4b2446b81ea76b7ae7445f953d93d4d4c921cc8e79c135,fixed_qp1,0,gained,"[-1.9624637846365993,-1.4337878371419972,-0.1633974945067913,-0.3443757980030111,0.47335113898779957,3.2432706943987273,-1.9611046400054044]","[0.2890223468428068,0.7640777649390623,0.5181439354569255]","[[0.9430598769081303,0.10631098818965479,0.31517620842341676],[-0.3303953663684481,0.4088765343898987,0.8506814218657685],[-0.03843137322918458,-0.9063762758454379,0.4207197120842736]]",0.02,"[-2.005427038106169,-1.4773878371419535,-0.11979749450683491,-0.38765596570096683,0.5256511389877473,3.192118591539358,-1.9088046400054568]","[-2.0059872600090847,-1.4773878371419535,-0.11987844241300666,-0.3865110698235377,0.5256511389877473,3.1909706943987795,-1.9088046400054568]",True,False,[],"[""orientation_tolerance""]",outputs/task_balance_comparison/points/points_panda/records.jsonl.gz,4016,4030
panda,608b3447d4ba4e880b4b2446b81ea76b7ae7445f953d93d4d4c921cc8e79c135,fixed_qp1,1,gained,"[-1.9624637846365993,-1.4337878371419972,-0.1633974945067913,-0.3443757980030111,0.47335113898779957,3.2432706943987273,-1.9611046400054044]","[0.2890223468428068,0.7640777649390623,0.5181439354569255]","[[0.9430598769081303,0.10631098818965479,0.31517620842341676],[-0.3303953663684481,0.4088765343898987,0.8506814218657685],[-0.03843137322918458,-0.9063762758454379,0.4207197120842736]]",0.02,"[-2.005427038106169,-1.4773878371419535,-0.11979749450683491,-0.38765596570096683,0.5256511389877473,3.192118591539358,-1.9088046400054568]","[-2.0059872600090847,-1.4773878371419535,-0.11987844241300666,-0.3865110698235377,0.5256511389877473,3.1909706943987795,-1.9088046400054568]",True,False,[],"[""orientation_tolerance""]",outputs/task_balance_comparison/points/points_panda/records.jsonl.gz,4028,4009
panda,608b3447d4ba4e880b4b2446b81ea76b7ae7445f953d93d4d4c921cc8e79c135,fixed_qp1,2,gained,"[-1.9624637846365993,-1.4337878371419972,-0.1633974945067913,-0.3443757980030111,0.47335113898779957,3.2432706943987273,-1.9611046400054044]","[0.2890223468428068,0.7640777649390623,0.5181439354569255]","[[0.9430598769081303,0.10631098818965479,0.31517620842341676],[-0.3303953663684481,0.4088765343898987,0.8506814218657685],[-0.03843137322918458,-0.9063762758454379,0.4207197120842736]]",0.02,"[-2.005427038106169,-1.4773878371419535,-0.11979749450683491,-0.38765596570096683,0.5256511389877473,3.192118591539358,-1.9088046400054568]","[-2.0059872600090847,-1.4773878371419535,-0.11987844241300666,-0.3865110698235377,0.5256511389877473,3.1909706943987795,-1.9088046400054568]",True,False,[],"[""orientation_tolerance""]",outputs/task_balance_comparison/points/points_panda/records.jsonl.gz,4022,4026
panda,637d683b1102d33f4ba5165b32fcceff21d00db2b4c65f1f222b68393371bdb3,fixed_qp1,0,gained,"[0.8566836058590153,0.9837207643051507,2.176856035343968,-2.4947832833023753,-0.6231545978832851,1.7098651051019995,-0.22896552121852576]","[-0.3583429990979655,0.08953169309067961,0.4224023714137639]","[[-0.8125364687449818,-0.5782742005534003,0.07337190152750198],[-0.576835871192524,0.7795495630900687,-0.24405502738449067],[0.08393369207295266,-0.24062715486912242,-0.9669817514692789]]",0.02,"[0.9002836058589717,1.027320764305107,2.1332560353440115,-2.538383283302332,-0.5708545978833374,1.7583884463329285,-0.28075833381550297]","[0.9002836058589717,1.0242149286122497,2.1332560353440115,-2.538383283302332,-0.5708545978833374,1.7616564266532575,-0.2812655212184735]",True,False,[],"[""orientation_tolerance""]",outputs/task_balance_comparison/points/points_panda/records.jsonl.gz,30947,30952
panda,637d683b1102d33f4ba5165b32fcceff21d00db2b4c65f1f222b68393371bdb3,fixed_qp1,1,gained,"[0.8566836058590153,0.9837207643051507,2.176856035343968,-2.4947832833023753,-0.6231545978832851,1.7098651051019995,-0.22896552121852576]","[-0.3583429990979655,0.08953169309067961,0.4224023714137639]","[[-0.8125364687449818,-0.5782742005534003,0.07337190152750198],[-0.576835871192524,0.7795495630900687,-0.24405502738449067],[0.08393369207295266,-0.24062715486912242,-0.9669817514692789]]",0.02,"[0.9002836058589717,1.027320764305107,2.1332560353440115,-2.538383283302332,-0.5708545978833374,1.7583884463329285,-0.28075833381550297]","[0.9002836058589717,1.0242149286122497,2.1332560353440115,-2.538383283302332,-0.5708545978833374,1.7616564266532575,-0.2812655212184735]",True,False,[],"[""orientation_tolerance""]",outputs/task_balance_comparison/points/points_panda/records.jsonl.gz,30953,30956
panda,637d683b1102d33f4ba5165b32fcceff21d00db2b4c65f1f222b68393371bdb3,fixed_qp1,2,gained,"[0.8566836058590153,0.9837207643051507,2.176856035343968,-2.4947832833023753,-0.6231545978832851,1.7098651051019995,-0.22896552121852576]","[-0.3583429990979655,0.08953169309067961,0.4224023714137639]","[[-0.8125364687449818,-0.5782742005534003,0.07337190152750198],[-0.576835871192524,0.7795495630900687,-0.24405502738449067],[0.08393369207295266,-0.24062715486912242,-0.9669817514692789]]",0.02,"[0.9002836058589717,1.027320764305107,2.1332560353440115,-2.538383283302332,-0.5708545978833374,1.7583884463329285,-0.28075833381550297]","[0.9002836058589717,1.0242149286122497,2.1332560353440115,-2.538383283302332,-0.5708545978833374,1.7616564266532575,-0.2812655212184735]",True,False,[],"[""orientation_tolerance""]",outputs/task_balance_comparison/points/points_panda/records.jsonl.gz,30940,30951
panda,73f79a4c1a01e9d7158753a40c3faeb64614a86a72058c894ba7a9eaba1da0ba,fixed_qp1,0,gained,"[1.3974073552049884,-0.29300115723025155,-0.4871158882737747,-2.8080645060169656,0.06937522729490553,3.3054439093192567,1.8374584579232036]","[0.2486599661694994,0.32221333714887573,0.3715215034293826]","[[0.5805570860895989,-0.7438536361947952,0.3311121225671682],[-0.7120104649233719,-0.26654182876637705,0.6496126163780065],[-0.39496147613502497,-0.6128925039822698,-0.6843743207715973]]",0.02,"[1.4410073552049447,-0.3358648559497149,-0.5302729147985569,-2.850198372573246,0.019283170090246837,3.3577439093192045,1.8897584579231512]","[1.4410073552049447,-0.33399123056481467,-0.5304526501044959,-2.84944178631944,0.019492351835566947,3.3577439093192045,1.8897584579231512]",True,False,[],"[""orientation_tolerance""]",outputs/task_balance_comparison/points/points_panda/records.jsonl.gz,51478,51470
panda,73f79a4c1a01e9d7158753a40c3faeb64614a86a72058c894ba7a9eaba1da0ba,fixed_qp1,1,gained,"[1.3974073552049884,-0.29300115723025155,-0.4871158882737747,-2.8080645060169656,0.06937522729490553,3.3054439093192567,1.8374584579232036]","[0.2486599661694994,0.32221333714887573,0.3715215034293826]","[[0.5805570860895989,-0.7438536361947952,0.3311121225671682],[-0.7120104649233719,-0.26654182876637705,0.6496126163780065],[-0.39496147613502497,-0.6128925039822698,-0.6843743207715973]]",0.02,"[1.4410073552049447,-0.3358648559497149,-0.5302729147985569,-2.850198372573246,0.019283170090246837,3.3577439093192045,1.8897584579231512]","[1.4410073552049447,-0.33399123056481467,-0.5304526501044959,-2.84944178631944,0.019492351835566947,3.3577439093192045,1.8897584579231512]",True,False,[],"[""orientation_tolerance""]",outputs/task_balance_comparison/points/points_panda/records.jsonl.gz,51461,51472
panda,73f79a4c1a01e9d7158753a40c3faeb64614a86a72058c894ba7a9eaba1da0ba,fixed_qp1,2,gained,"[1.3974073552049884,-0.29300115723025155,-0.4871158882737747,-2.8080645060169656,0.06937522729490553,3.3054439093192567,1.8374584579232036]","[0.2486599661694994,0.32221333714887573,0.3715215034293826]","[[0.5805570860895989,-0.7438536361947952,0.3311121225671682],[-0.7120104649233719,-0.26654182876637705,0.6496126163780065],[-0.39496147613502497,-0.6128925039822698,-0.6843743207715973]]",0.02,"[1.4410073552049447,-0.3358648559497149,-0.5302729147985569,-2.850198372573246,0.019283170090246837,3.3577439093192045,1.8897584579231512]","[1.4410073552049447,-0.33399123056481467,-0.5304526501044959,-2.84944178631944,0.019492351835566947,3.3577439093192045,1.8897584579231512]",True,False,[],"[""orientation_tolerance""]",outputs/task_balance_comparison/points/points_panda/records.jsonl.gz,51476,51462
panda,772edfc546a97728e7f39f19a01993a5927b81b54f6f66f4cde8beba82ce9ce4,fixed_qp1,0,gained,"[-0.03751553526178375,1.0872811976292227,2.8649247007141794,-2.2438269797397146,1.6799333325288317,1.760529178285014,1.8137420804372257]","[-0.12896983171954352,0.07923129852557301,0.8632897742643734]","[[-0.23097685681781507,0.9585801636738394,-0.1666546171745551],[-0.4351804067666206,-0.2549812822420453,-0.8634828077458411],[-0.8702112991572802,-0.12691972075779767,0.4760500806656392]]",0.02,"[0.006084464738172653,1.130881197629179,2.821324700714223,-2.200505464700848,1.7322333325287793,1.7095717166076119,1.8660420804371733]","[0.004126390639599139,1.130881197629179,2.821324700714223,-2.200226979739758,1.7322333325287793,1.7082291782850665,1.8660420804371733]",True,False,[],"[""orientation_tolerance""]",outputs/task_balance_comparison/points/points_panda/records.jsonl.gz,26723,26735
panda,772edfc546a97728e7f39f19a01993a5927b81b54f6f66f4cde8beba82ce9ce4,fixed_qp1,1,gained,"[-0.03751553526178375,1.0872811976292227,2.8649247007141794,-2.2438269797397146,1.6799333325288317,1.760529178285014,1.8137420804372257]","[-0.12896983171954352,0.07923129852557301,0.8632897742643734]","[[-0.23097685681781507,0.9585801636738394,-0.1666546171745551],[-0.4351804067666206,-0.2549812822420453,-0.8634828077458411],[-0.8702112991572802,-0.12691972075779767,0.4760500806656392]]",0.02,"[0.006084464738172653,1.130881197629179,2.821324700714223,-2.200505464700848,1.7322333325287793,1.7095717166076119,1.8660420804371733]","[0.004126390639599139,1.130881197629179,2.821324700714223,-2.200226979739758,1.7322333325287793,1.7082291782850665,1.8660420804371733]",True,False,[],"[""orientation_tolerance""]",outputs/task_balance_comparison/points/points_panda/records.jsonl.gz,26713,26725
panda,772edfc546a97728e7f39f19a01993a5927b81b54f6f66f4cde8beba82ce9ce4,fixed_qp1,2,gained,"[-0.03751553526178375,1.0872811976292227,2.8649247007141794,-2.2438269797397146,1.6799333325288317,1.760529178285014,1.8137420804372257]","[-0.12896983171954352,0.07923129852557301,0.8632897742643734]","[[-0.23097685681781507,0.9585801636738394,-0.1666546171745551],[-0.4351804067666206,-0.2549812822420453,-0.8634828077458411],[-0.8702112991572802,-0.12691972075779767,0.4760500806656392]]",0.02,"[0.006084464738172653,1.130881197629179,2.821324700714223,-2.200505464700848,1.7322333325287793,1.7095717166076119,1.8660420804371733]","[0.004126390639599139,1.130881197629179,2.821324700714223,-2.200226979739758,1.7322333325287793,1.7082291782850665,1.8660420804371733]",True,False,[],"[""orientation_tolerance""]",outputs/task_balance_comparison/points/points_panda/records.jsonl.gz,26722,26715
panda,7879f51022a2e4b43facace876b1f4dc84492479c766b7cbe2452009535855d0,fixed_qp1,0,gained,"[-1.1564540749340664,0.3069283628119941,-0.4513028599868454,-0.48115515944398624,-1.2539824571976514,2.4211031437309325,-1.9203864550004073]","[0.027900317410742687,-0.4592896431554444,1.0514708901021093]","[[-0.1920261647120466,0.7004479215291866,-0.6873853804754828],[-0.48653259090945417,-0.6762334322232523,-0.5531675904520197],[-0.8522980640884477,0.22821273927851207,0.4706452544986323]]",0.02,"[-1.2000540749340227,0.2633652989982241,-0.4949028599868018,-0.5247551594439427,-1.306282457197599,2.3688031437309847,-1.9726864550003549]","[-1.2000540749340227,0.2633283628120377,-0.4949028599868018,-0.5235154564671308,-1.306282457197599,2.3688031437309847,-1.9726864550003549]",True,False,[],"[""orientation_tolerance""]",outputs/task_balance_comparison/points/points_panda/records.jsonl.gz,26860,26868
panda,7879f51022a2e4b43facace876b1f4dc84492479c766b7cbe2452009535855d0,fixed_qp1,1,gained,"[-1.1564540749340664,0.3069283628119941,-0.4513028599868454,-0.48115515944398624,-1.2539824571976514,2.4211031437309325,-1.9203864550004073]","[0.027900317410742687,-0.4592896431554444,1.0514708901021093]","[[-0.1920261647120466,0.7004479215291866,-0.6873853804754828],[-0.48653259090945417,-0.6762334322232523,-0.5531675904520197],[-0.8522980640884477,0.22821273927851207,0.4706452544986323]]",0.02,"[-1.2000540749340227,0.2633652989982241,-0.4949028599868018,-0.5247551594439427,-1.306282457197599,2.3688031437309847,-1.9726864550003549]","[-1.2000540749340227,0.2633283628120377,-0.4949028599868018,-0.5235154564671308,-1.306282457197599,2.3688031437309847,-1.9726864550003549]",True,False,[],"[""orientation_tolerance""]",outputs/task_balance_comparison/points/points_panda/records.jsonl.gz,26871,26876
panda,7879f51022a2e4b43facace876b1f4dc84492479c766b7cbe2452009535855d0,fixed_qp1,2,gained,"[-1.1564540749340664,0.3069283628119941,-0.4513028599868454,-0.48115515944398624,-1.2539824571976514,2.4211031437309325,-1.9203864550004073]","[0.027900317410742687,-0.4592896431554444,1.0514708901021093]","[[-0.1920261647120466,0.7004479215291866,-0.6873853804754828],[-0.48653259090945417,-0.6762334322232523,-0.5531675904520197],[-0.8522980640884477,0.22821273927851207,0.4706452544986323]]",0.02,"[-1.2000540749340227,0.2633652989982241,-0.4949028599868018,-0.5247551594439427,-1.306282457197599,2.3688031437309847,-1.9726864550003549]","[-1.2000540749340227,0.2633283628120377,-0.4949028599868018,-0.5235154564671308,-1.306282457197599,2.3688031437309847,-1.9726864550003549]",True,False,[],"[""orientation_tolerance""]",outputs/task_balance_comparison/points/points_panda/records.jsonl.gz,26879,26877
panda,be9efe6f5d0c2f73beef69d62c4161e8fd60ec78077e0d5a44b11cbca028ec0e,fixed_qp1,0,gained,"[1.9699470517888882,-1.2529237587883288,-1.8308594990560083,-0.40721849374243524,1.7216603037726967,0.5524702869920588,1.4535337369940606]","[0.375508094380962,-0.5188855304773592,0.60846579313138]","[[0.7250642985809784,-0.3937765998174404,-0.5649971259745387],[0.6713774697688342,0.22141285179378303,0.7072684371208308],[-0.15340813541032206,-0.892141434132929,0.4249112913222813]]",0.02,"[1.926692859067428,-1.2965237587882852,-1.787259499056052,-0.45081849374239163,1.6708520093134664,0.6044478636223963,1.5058337369940082]","[1.9263470517889318,-1.295192817319856,-1.7918050112611565,-0.45081849374239163,1.6759590896575878,0.6014215883307277,1.5058337369940082]",True,False,[],"[""orientation_tolerance""]",outputs/task_balance_comparison/points/points_panda/records.jsonl.gz,9694,9684
panda,be9efe6f5d0c2f73beef69d62c4161e8fd60ec78077e0d5a44b11cbca028ec0e,fixed_qp1,1,gained,"[1.9699470517888882,-1.2529237587883288,-1.8308594990560083,-0.40721849374243524,1.7216603037726967,0.5524702869920588,1.4535337369940606]","[0.375508094380962,-0.5188855304773592,0.60846579313138]","[[0.7250642985809784,-0.3937765998174404,-0.5649971259745387],[0.6713774697688342,0.22141285179378303,0.7072684371208308],[-0.15340813541032206,-0.892141434132929,0.4249112913222813]]",0.02,"[1.926692859067428,-1.2965237587882852,-1.787259499056052,-0.45081849374239163,1.6708520093134664,0.6044478636223963,1.5058337369940082]","[1.9263470517889318,-1.295192817319856,-1.7918050112611565,-0.45081849374239163,1.6759590896575878,0.6014215883307277,1.5058337369940082]",True,False,[],"[""orientation_tolerance""]",outputs/task_balance_comparison/points/points_panda/records.jsonl.gz,9690,9674
panda,be9efe6f5d0c2f73beef69d62c4161e8fd60ec78077e0d5a44b11cbca028ec0e,fixed_qp1,2,gained,"[1.9699470517888882,-1.2529237587883288,-1.8308594990560083,-0.40721849374243524,1.7216603037726967,0.5524702869920588,1.4535337369940606]","[0.375508094380962,-0.5188855304773592,0.60846579313138]","[[0.7250642985809784,-0.3937765998174404,-0.5649971259745387],[0.6713774697688342,0.22141285179378303,0.7072684371208308],[-0.15340813541032206,-0.892141434132929,0.4249112913222813]]",0.02,"[1.926692859067428,-1.2965237587882852,-1.787259499056052,-0.45081849374239163,1.6708520093134664,0.6044478636223963,1.5058337369940082]","[1.9263470517889318,-1.295192817319856,-1.7918050112611565,-0.45081849374239163,1.6759590896575878,0.6014215883307277,1.5058337369940082]",True,False,[],"[""orientation_tolerance""]",outputs/task_balance_comparison/points/points_panda/records.jsonl.gz,9693,9681
panda,dfe6e713d05a39be8b5a02b380237f01f6a459b63be3d831191551bfbed52fbd,fixed_qp1,0,gained,"[1.3281900469959749,1.7449794532811744,-1.7614873016889279,-2.3430989377115417,-2.276399109755871,2.9887788061952913,2.3104297137546532]","[0.4844391009697206,-0.08327201820700665,0.35251417616743114]","[[0.6734532353283235,-0.3082677868325259,0.6718866804954462],[0.7379445173397353,0.226775474931731,-0.6356184179975534],[0.0435732619164382,0.9238743721799323,0.3802072004514082]]",0.02,"[1.3717900469959312,1.7620015283892692,-1.7191460131472716,-2.299498937711585,-2.2240991097559233,2.9364788061953435,2.362729713754601]","[1.371163955570372,1.7612837885020245,-1.7193995758700122,-2.30000430454711,-2.22462366418283,2.9364788061953435,2.362729713754601]",True,False,[],"[""orientation_tolerance""]",outputs/task_balance_comparison/points/points_panda/records.jsonl.gz,31269,31272
panda,dfe6e713d05a39be8b5a02b380237f01f6a459b63be3d831191551bfbed52fbd,fixed_qp1,1,gained,"[1.3281900469959749,1.7449794532811744,-1.7614873016889279,-2.3430989377115417,-2.276399109755871,2.9887788061952913,2.3104297137546532]","[0.4844391009697206,-0.08327201820700665,0.35251417616743114]","[[0.6734532353283235,-0.3082677868325259,0.6718866804954462],[0.7379445173397353,0.226775474931731,-0.6356184179975534],[0.0435732619164382,0.9238743721799323,0.3802072004514082]]",0.02,"[1.3717900469959312,1.7620015283892692,-1.7191460131472716,-2.299498937711585,-2.2240991097559233,2.9364788061953435,2.362729713754601]","[1.371163955570372,1.7612837885020245,-1.7193995758700122,-2.30000430454711,-2.22462366418283,2.9364788061953435,2.362729713754601]",True,False,[],"[""orientation_tolerance""]",outputs/task_balance_comparison/points/points_panda/records.jsonl.gz,31267,31270
panda,dfe6e713d05a39be8b5a02b380237f01f6a459b63be3d831191551bfbed52fbd,fixed_qp1,2,gained,"[1.3281900469959749,1.7449794532811744,-1.7614873016889279,-2.3430989377115417,-2.276399109755871,2.9887788061952913,2.3104297137546532]","[0.4844391009697206,-0.08327201820700665,0.35251417616743114]","[[0.6734532353283235,-0.3082677868325259,0.6718866804954462],[0.7379445173397353,0.226775474931731,-0.6356184179975534],[0.0435732619164382,0.9238743721799323,0.3802072004514082]]",0.02,"[1.3717900469959312,1.7620015283892692,-1.7191460131472716,-2.299498937711585,-2.2240991097559233,2.9364788061953435,2.362729713754601]","[1.371163955570372,1.7612837885020245,-1.7193995758700122,-2.30000430454711,-2.22462366418283,2.9364788061953435,2.362729713754601]",True,False,[],"[""orientation_tolerance""]",outputs/task_balance_comparison/points/points_panda/records.jsonl.gz,31266,31253
panda,116413e5077b1991259016bcb70aed719e9313295c22976aaf3e7971067192d7,fixed_qp2,0,gained,"[0.5143745696429471,-1.030325417676153,-1.9514386354805384,-1.4304820222062136,2.0787613050010836,3.275685669657409,2.246414670384391]","[-0.16731972022527472,-0.6868103650689392,0.31157094391093837]","[[0.8286643241709494,-0.5178404578568451,0.2125010542395415],[0.024607805541048536,-0.3455686306584792,-0.938070774201647],[0.5592046975417475,0.7825749687483216,-0.27361747849106033]]",0.02,"[0.5578212620571459,-1.0739254176761093,-1.9078697918346137,-1.3868820222062572,2.1310613050010314,3.223385669657461,2.1943557936141143]","[0.5579745696429036,-1.0739254176761093,-1.908079903158029,-1.388204277940794,2.1310613050010314,3.223385669657461,2.194517010988994]",True,False,[],"[""orientation_tolerance""]",outputs/task_balance_comparison/points/points_panda/records.jsonl.gz,1973,1974
panda,116413e5077b1991259016bcb70aed719e9313295c22976aaf3e7971067192d7,fixed_qp2,1,gained,"[0.5143745696429471,-1.030325417676153,-1.9514386354805384,-1.4304820222062136,2.0787613050010836,3.275685669657409,2.246414670384391]","[-0.16731972022527472,-0.6868103650689392,0.31157094391093837]","[[0.8286643241709494,-0.5178404578568451,0.2125010542395415],[0.024607805541048536,-0.3455686306584792,-0.938070774201647],[0.5592046975417475,0.7825749687483216,-0.27361747849106033]]",0.02,"[0.5578212620571459,-1.0739254176761093,-1.9078697918346137,-1.3868820222062572,2.1310613050010314,3.223385669657461,2.1943557936141143]","[0.5579745696429036,-1.0739254176761093,-1.908079903158029,-1.388204277940794,2.1310613050010314,3.223385669657461,2.194517010988994]",True,False,[],"[""orientation_tolerance""]",outputs/task_balance_comparison/points/points_panda/records.jsonl.gz,1970,1992
panda,116413e5077b1991259016bcb70aed719e9313295c22976aaf3e7971067192d7,fixed_qp2,2,gained,"[0.5143745696429471,-1.030325417676153,-1.9514386354805384,-1.4304820222062136,2.0787613050010836,3.275685669657409,2.246414670384391]","[-0.16731972022527472,-0.6868103650689392,0.31157094391093837]","[[0.8286643241709494,-0.5178404578568451,0.2125010542395415],[0.024607805541048536,-0.3455686306584792,-0.938070774201647],[0.5592046975417475,0.7825749687483216,-0.27361747849106033]]",0.02,"[0.5578212620571459,-1.0739254176761093,-1.9078697918346137,-1.3868820222062572,2.1310613050010314,3.223385669657461,2.1943557936141143]","[0.5579745696429036,-1.0739254176761093,-1.908079903158029,-1.388204277940794,2.1310613050010314,3.223385669657461,2.194517010988994]",True,False,[],"[""orientation_tolerance""]",outputs/task_balance_comparison/points/points_panda/records.jsonl.gz,1989,1991
panda,772edfc546a97728e7f39f19a01993a5927b81b54f6f66f4cde8beba82ce9ce4,fixed_qp2,0,gained,"[-0.03751553526178375,1.0872811976292227,2.8649247007141794,-2.2438269797397146,1.6799333325288317,1.760529178285014,1.8137420804372257]","[-0.12896983171954352,0.07923129852557301,0.8632897742643734]","[[-0.23097685681781507,0.9585801636738394,-0.1666546171745551],[-0.4351804067666206,-0.2549812822420453,-0.8634828077458411],[-0.8702112991572802,-0.12691972075779767,0.4760500806656392]]",0.02,"[0.006084464738172653,1.130881197629179,2.821324700714223,-2.200505464700848,1.7322333325287793,1.7095717166076119,1.8660420804371733]","[0.004126390639599271,1.130881197629179,2.821324700714223,-2.200226979739758,1.7322333325287793,1.7082291782850665,1.8660420804371733]",True,False,[],"[""orientation_tolerance""]",outputs/task_balance_comparison/points/points_panda/records.jsonl.gz,26723,26721
panda,772edfc546a97728e7f39f19a01993a5927b81b54f6f66f4cde8beba82ce9ce4,fixed_qp2,1,gained,"[-0.03751553526178375,1.0872811976292227,2.8649247007141794,-2.2438269797397146,1.6799333325288317,1.760529178285014,1.8137420804372257]","[-0.12896983171954352,0.07923129852557301,0.8632897742643734]","[[-0.23097685681781507,0.9585801636738394,-0.1666546171745551],[-0.4351804067666206,-0.2549812822420453,-0.8634828077458411],[-0.8702112991572802,-0.12691972075779767,0.4760500806656392]]",0.02,"[0.006084464738172653,1.130881197629179,2.821324700714223,-2.200505464700848,1.7322333325287793,1.7095717166076119,1.8660420804371733]","[0.004126390639599271,1.130881197629179,2.821324700714223,-2.200226979739758,1.7322333325287793,1.7082291782850665,1.8660420804371733]",True,False,[],"[""orientation_tolerance""]",outputs/task_balance_comparison/points/points_panda/records.jsonl.gz,26713,26729
panda,772edfc546a97728e7f39f19a01993a5927b81b54f6f66f4cde8beba82ce9ce4,fixed_qp2,2,gained,"[-0.03751553526178375,1.0872811976292227,2.8649247007141794,-2.2438269797397146,1.6799333325288317,1.760529178285014,1.8137420804372257]","[-0.12896983171954352,0.07923129852557301,0.8632897742643734]","[[-0.23097685681781507,0.9585801636738394,-0.1666546171745551],[-0.4351804067666206,-0.2549812822420453,-0.8634828077458411],[-0.8702112991572802,-0.12691972075779767,0.4760500806656392]]",0.02,"[0.006084464738172653,1.130881197629179,2.821324700714223,-2.200505464700848,1.7322333325287793,1.7095717166076119,1.8660420804371733]","[0.004126390639599271,1.130881197629179,2.821324700714223,-2.200226979739758,1.7322333325287793,1.7082291782850665,1.8660420804371733]",True,False,[],"[""orientation_tolerance""]",outputs/task_balance_comparison/points/points_panda/records.jsonl.gz,26722,26733
panda,7879f51022a2e4b43facace876b1f4dc84492479c766b7cbe2452009535855d0,fixed_qp2,0,gained,"[-1.1564540749340664,0.3069283628119941,-0.4513028599868454,-0.48115515944398624,-1.2539824571976514,2.4211031437309325,-1.9203864550004073]","[0.027900317410742687,-0.4592896431554444,1.0514708901021093]","[[-0.1920261647120466,0.7004479215291866,-0.6873853804754828],[-0.48653259090945417,-0.6762334322232523,-0.5531675904520197],[-0.8522980640884477,0.22821273927851207,0.4706452544986323]]",0.02,"[-1.2000540749340227,0.2633652989982241,-0.4949028599868018,-0.5247551594439427,-1.306282457197599,2.3688031437309847,-1.9726864550003549]","[-1.2000540749340227,0.2633283628120377,-0.4949028599868018,-0.5235154564671308,-1.306282457197599,2.3688031437309847,-1.9726864550003549]",True,False,[],"[""orientation_tolerance""]",outputs/task_balance_comparison/points/points_panda/records.jsonl.gz,26860,26859
panda,7879f51022a2e4b43facace876b1f4dc84492479c766b7cbe2452009535855d0,fixed_qp2,1,gained,"[-1.1564540749340664,0.3069283628119941,-0.4513028599868454,-0.48115515944398624,-1.2539824571976514,2.4211031437309325,-1.9203864550004073]","[0.027900317410742687,-0.4592896431554444,1.0514708901021093]","[[-0.1920261647120466,0.7004479215291866,-0.6873853804754828],[-0.48653259090945417,-0.6762334322232523,-0.5531675904520197],[-0.8522980640884477,0.22821273927851207,0.4706452544986323]]",0.02,"[-1.2000540749340227,0.2633652989982241,-0.4949028599868018,-0.5247551594439427,-1.306282457197599,2.3688031437309847,-1.9726864550003549]","[-1.2000540749340227,0.2633283628120377,-0.4949028599868018,-0.5235154564671308,-1.306282457197599,2.3688031437309847,-1.9726864550003549]",True,False,[],"[""orientation_tolerance""]",outputs/task_balance_comparison/points/points_panda/records.jsonl.gz,26871,26874
panda,7879f51022a2e4b43facace876b1f4dc84492479c766b7cbe2452009535855d0,fixed_qp2,2,gained,"[-1.1564540749340664,0.3069283628119941,-0.4513028599868454,-0.48115515944398624,-1.2539824571976514,2.4211031437309325,-1.9203864550004073]","[0.027900317410742687,-0.4592896431554444,1.0514708901021093]","[[-0.1920261647120466,0.7004479215291866,-0.6873853804754828],[-0.48653259090945417,-0.6762334322232523,-0.5531675904520197],[-0.8522980640884477,0.22821273927851207,0.4706452544986323]]",0.02,"[-1.2000540749340227,0.2633652989982241,-0.4949028599868018,-0.5247551594439427,-1.306282457197599,2.3688031437309847,-1.9726864550003549]","[-1.2000540749340227,0.2633283628120377,-0.4949028599868018,-0.5235154564671308,-1.306282457197599,2.3688031437309847,-1.9726864550003549]",True,False,[],"[""orientation_tolerance""]",outputs/task_balance_comparison/points/points_panda/records.jsonl.gz,26879,26872
ur5e,09f3ef02343625948466723596b19763f97f8231a008078ed4361f42cf5d6f96,gn,0,gained,"[-0.20101065997650025,3.271486423545774,-2.670995293858358,3.769706056607836,0.3807463048345747,3.853496834848121]","[0.002325090747773653,0.2304127027679891,0.02924363433001474]","[[0.5533596551228288,0.8288348228279064,0.08261917785948367],[-0.29530427646226326,0.1024693312459417,0.9498923204538019],[0.778837901225565,-0.5500298833898413,0.3014608614608443]]",0.02,"[-0.13807880690476732,3.334418276617507,-2.608063440786625,3.832637909679569,0.3178144517628418,3.916428687919854]","[-0.14018196680300624,3.333555946220647,-2.608063440786625,3.832637909679569,0.3178144517628418,3.916428687919854]",True,False,[],"[""orientation_tolerance""]",outputs/task_balance_comparison/points/points_ur5e/records.jsonl.gz,48078,48082
ur5e,09f3ef02343625948466723596b19763f97f8231a008078ed4361f42cf5d6f96,gn,1,gained,"[-0.20101065997650025,3.271486423545774,-2.670995293858358,3.769706056607836,0.3807463048345747,3.853496834848121]","[0.002325090747773653,0.2304127027679891,0.02924363433001474]","[[0.5533596551228288,0.8288348228279064,0.08261917785948367],[-0.29530427646226326,0.1024693312459417,0.9498923204538019],[0.778837901225565,-0.5500298833898413,0.3014608614608443]]",0.02,"[-0.13807880690476732,3.334418276617507,-2.608063440786625,3.832637909679569,0.3178144517628418,3.916428687919854]","[-0.14018196680300624,3.333555946220647,-2.608063440786625,3.832637909679569,0.3178144517628418,3.916428687919854]",True,False,[],"[""orientation_tolerance""]",outputs/task_balance_comparison/points/points_ur5e/records.jsonl.gz,48092,48090
ur5e,09f3ef02343625948466723596b19763f97f8231a008078ed4361f42cf5d6f96,gn,2,gained,"[-0.20101065997650025,3.271486423545774,-2.670995293858358,3.769706056607836,0.3807463048345747,3.853496834848121]","[0.002325090747773653,0.2304127027679891,0.02924363433001474]","[[0.5533596551228288,0.8288348228279064,0.08261917785948367],[-0.29530427646226326,0.1024693312459417,0.9498923204538019],[0.778837901225565,-0.5500298833898413,0.3014608614608443]]",0.02,"[-0.13807880690476732,3.334418276617507,-2.608063440786625,3.832637909679569,0.3178144517628418,3.916428687919854]","[-0.14018196680300624,3.333555946220647,-2.608063440786625,3.832637909679569,0.3178144517628418,3.916428687919854]",True,False,[],"[""orientation_tolerance""]",outputs/task_balance_comparison/points/points_ur5e/records.jsonl.gz,48074,48085
ur5e,2b99894c8bdec8743bd3bdacebbf14d74f34de212e4199a739015292be777ebc,gn,0,gained,"[5.146879347625662,-4.335770792125576,0.02681118052450948,-1.3764985072469766,1.9116278690449908,0.10059716547596853]","[-0.023578577775025058,0.31979305474537545,-0.7144006163645136]","[[0.9972782203388558,0.021524167565423025,-0.07051851847833819],[-0.05209883230446735,-0.47105447356836017,-0.8805642478568761],[-0.05217147602162642,0.881841478465291,-0.46865098308642666]]",0.02,"[5.083947494553929,-4.272838939053843,-0.036120672547223454,-1.4394303603187095,1.9745597221167237,0.1627128625186881]","[5.0854831169034265,-4.272838939053843,-0.036120672547223454,-1.4394303603187095,1.9690528797834717,0.16352901854770147]",True,False,[],"[""position_tolerance""]",outputs/task_balance_comparison/points/points_ur5e/records.jsonl.gz,27521,27509
ur5e,2b99894c8bdec8743bd3bdacebbf14d74f34de212e4199a739015292be777ebc,gn,1,gained,"[5.146879347625662,-4.335770792125576,0.02681118052450948,-1.3764985072469766,1.9116278690449908,0.10059716547596853]","[-0.023578577775025058,0.31979305474537545,-0.7144006163645136]","[[0.9972782203388558,0.021524167565423025,-0.07051851847833819],[-0.05209883230446735,-0.47105447356836017,-0.8805642478568761],[-0.05217147602162642,0.881841478465291,-0.46865098308642666]]",0.02,"[5.083947494553929,-4.272838939053843,-0.036120672547223454,-1.4394303603187095,1.9745597221167237,0.1627128625186881]","[5.0854831169034265,-4.272838939053843,-0.036120672547223454,-1.4394303603187095,1.9690528797834717,0.16352901854770147]",True,False,[],"[""position_tolerance""]",outputs/task_balance_comparison/points/points_ur5e/records.jsonl.gz,27505,27525
ur5e,2b99894c8bdec8743bd3bdacebbf14d74f34de212e4199a739015292be777ebc,gn,2,gained,"[5.146879347625662,-4.335770792125576,0.02681118052450948,-1.3764985072469766,1.9116278690449908,0.10059716547596853]","[-0.023578577775025058,0.31979305474537545,-0.7144006163645136]","[[0.9972782203388558,0.021524167565423025,-0.07051851847833819],[-0.05209883230446735,-0.47105447356836017,-0.8805642478568761],[-0.05217147602162642,0.881841478465291,-0.46865098308642666]]",0.02,"[5.083947494553929,-4.272838939053843,-0.036120672547223454,-1.4394303603187095,1.9745597221167237,0.1627128625186881]","[5.0854831169034265,-4.272838939053843,-0.036120672547223454,-1.4394303603187095,1.9690528797834717,0.16352901854770147]",True,False,[],"[""position_tolerance""]",outputs/task_balance_comparison/points/points_ur5e/records.jsonl.gz,27515,27511
ur5e,311685522ed8ae2eca792457799bf1a66104c50ea26926966e464e74823074f5,gn,0,gained,"[2.84396224686423,3.884884828428955,1.4626236492364688,-4.460393406018476,-5.021058020967187,-4.162840791417953]","[0.010828517749637181,-0.16454561979363164,0.6157458033049749]","[[-0.5961590319418116,0.5328820089302198,-0.6005257473187102],[0.7176760418932514,0.6890046348371632,-0.10106291142325009],[0.35991041597408396,-0.4912325088299844,-0.7931929870731087]]",0.02,"[2.9035376541622075,3.946202571415066,1.5255555023082017,-4.523325259090209,-4.958126167895454,-4.0999089383462195]","[2.900874544282746,3.946846955405596,1.5255555023082017,-4.518103225043106,-4.958126167895454,-4.1031381026167875]",True,False,[],"[""position_tolerance""]",outputs/task_balance_comparison/points/points_ur5e/records.jsonl.gz,46250,46265
ur5e,311685522ed8ae2eca792457799bf1a66104c50ea26926966e464e74823074f5,gn,1,gained,"[2.84396224686423,3.884884828428955,1.4626236492364688,-4.460393406018476,-5.021058020967187,-4.162840791417953]","[0.010828517749637181,-0.16454561979363164,0.6157458033049749]","[[-0.5961590319418116,0.5328820089302198,-0.6005257473187102],[0.7176760418932514,0.6890046348371632,-0.10106291142325009],[0.35991041597408396,-0.4912325088299844,-0.7931929870731087]]",0.02,"[2.9035376541622075,3.946202571415066,1.5255555023082017,-4.523325259090209,-4.958126167895454,-4.0999089383462195]","[2.900874544282746,3.946846955405596,1.5255555023082017,-4.518103225043106,-4.958126167895454,-4.1031381026167875]",True,False,[],"[""position_tolerance""]",outputs/task_balance_comparison/points/points_ur5e/records.jsonl.gz,46253,46254
ur5e,311685522ed8ae2eca792457799bf1a66104c50ea26926966e464e74823074f5,gn,2,gained,"[2.84396224686423,3.884884828428955,1.4626236492364688,-4.460393406018476,-5.021058020967187,-4.162840791417953]","[0.010828517749637181,-0.16454561979363164,0.6157458033049749]","[[-0.5961590319418116,0.5328820089302198,-0.6005257473187102],[0.7176760418932514,0.6890046348371632,-0.10106291142325009],[0.35991041597408396,-0.4912325088299844,-0.7931929870731087]]",0.02,"[2.9035376541622075,3.946202571415066,1.5255555023082017,-4.523325259090209,-4.958126167895454,-4.0999089383462195]","[2.900874544282746,3.946846955405596,1.5255555023082017,-4.518103225043106,-4.958126167895454,-4.1031381026167875]",True,False,[],"[""position_tolerance""]",outputs/task_balance_comparison/points/points_ur5e/records.jsonl.gz,46267,46272
ur5e,9de030307f12ac85fc9a4028d5944d13ff2de297acc3fa496c01f0fef3c95a3c,gn,0,gained,"[6.208432828351731,4.556968004192395,-1.077563654954845,-5.07081275900675,-1.3122254594321427,1.3647385760642239]","[-0.29957239500831784,0.16902676543161813,0.6301790288302189]","[[-0.9543344497880895,-0.28686534840986966,0.0833908258104485],[-0.2475523884855535,0.9156309024370887,0.3167615277418332],[-0.1672231231102986,0.2816528401843777,-0.9448323156588746]]",0.02,"[6.2713646814234645,4.619888059343502,-1.140495508026578,-5.133744612078483,-1.2492936063604099,1.301806722992491]","[6.269894816492894,4.619899857264128,-1.139695413746596,-5.133744612078483,-1.2492936063604099,1.301806722992491]",True,False,[],"[""orientation_tolerance""]",outputs/task_balance_comparison/points/points_ur5e/records.jsonl.gz,45895,45911
ur5e,9de030307f12ac85fc9a4028d5944d13ff2de297acc3fa496c01f0fef3c95a3c,gn,1,gained,"[6.208432828351731,4.556968004192395,-1.077563654954845,-5.07081275900675,-1.3122254594321427,1.3647385760642239]","[-0.29957239500831784,0.16902676543161813,0.6301790288302189]","[[-0.9543344497880895,-0.28686534840986966,0.0833908258104485],[-0.2475523884855535,0.9156309024370887,0.3167615277418332],[-0.1672231231102986,0.2816528401843777,-0.9448323156588746]]",0.02,"[6.2713646814234645,4.619888059343502,-1.140495508026578,-5.133744612078483,-1.2492936063604099,1.301806722992491]","[6.269894816492894,4.619899857264128,-1.139695413746596,-5.133744612078483,-1.2492936063604099,1.301806722992491]",True,False,[],"[""orientation_tolerance""]",outputs/task_balance_comparison/points/points_ur5e/records.jsonl.gz,45907,45901
ur5e,9de030307f12ac85fc9a4028d5944d13ff2de297acc3fa496c01f0fef3c95a3c,gn,2,gained,"[6.208432828351731,4.556968004192395,-1.077563654954845,-5.07081275900675,-1.3122254594321427,1.3647385760642239]","[-0.29957239500831784,0.16902676543161813,0.6301790288302189]","[[-0.9543344497880895,-0.28686534840986966,0.0833908258104485],[-0.2475523884855535,0.9156309024370887,0.3167615277418332],[-0.1672231231102986,0.2816528401843777,-0.9448323156588746]]",0.02,"[6.2713646814234645,4.619888059343502,-1.140495508026578,-5.133744612078483,-1.2492936063604099,1.301806722992491]","[6.269894816492894,4.619899857264128,-1.139695413746596,-5.133744612078483,-1.2492936063604099,1.301806722992491]",True,False,[],"[""orientation_tolerance""]",outputs/task_balance_comparison/points/points_ur5e/records.jsonl.gz,45904,45889
ur5e,d0dce9ba3a0457e8a0eff3d503d9012e6fe49e92fdffa612be99cf47bc7cc131,gn,0,gained,"[-1.274364247258009,4.335234671826665,1.0723643052736795,-4.192135134712753,1.9991492787183116,5.48233687920696]","[0.11037683175745418,-0.01338258816771799,0.7499886307425063]","[[0.4525042471481364,0.8577154674848375,-0.24405754065417587],[0.7699148597799675,-0.5138541236387644,-0.3783980025177595],[-0.4499677932951326,-0.016676823939346,-0.8928890572408225]]",0.02,"[-1.2114323941862761,4.398056223390761,1.0094324522019467,-4.130791592741364,1.9362174256465787,5.545268732278693]","[-1.2149834160699877,4.397491249421822,1.0094324522019467,-4.130727301246844,1.9362174256465787,5.545268732278693]",True,False,[],"[""position_tolerance""]",outputs/task_balance_comparison/points/points_ur5e/records.jsonl.gz,19240,19248
ur5e,d0dce9ba3a0457e8a0eff3d503d9012e6fe49e92fdffa612be99cf47bc7cc131,gn,1,gained,"[-1.274364247258009,4.335234671826665,1.0723643052736795,-4.192135134712753,1.9991492787183116,5.48233687920696]","[0.11037683175745418,-0.01338258816771799,0.7499886307425063]","[[0.4525042471481364,0.8577154674848375,-0.24405754065417587],[0.7699148597799675,-0.5138541236387644,-0.3783980025177595],[-0.4499677932951326,-0.016676823939346,-0.8928890572408225]]",0.02,"[-1.2114323941862761,4.398056223390761,1.0094324522019467,-4.130791592741364,1.9362174256465787,5.545268732278693]","[-1.2149834160699877,4.397491249421822,1.0094324522019467,-4.130727301246844,1.9362174256465787,5.545268732278693]",True,False,[],"[""position_tolerance""]",outputs/task_balance_comparison/points/points_ur5e/records.jsonl.gz,19231,19232
ur5e,d0dce9ba3a0457e8a0eff3d503d9012e6fe49e92fdffa612be99cf47bc7cc131,gn,2,gained,"[-1.274364247258009,4.335234671826665,1.0723643052736795,-4.192135134712753,1.9991492787183116,5.48233687920696]","[0.11037683175745418,-0.01338258816771799,0.7499886307425063]","[[0.4525042471481364,0.8577154674848375,-0.24405754065417587],[0.7699148597799675,-0.5138541236387644,-0.3783980025177595],[-0.4499677932951326,-0.016676823939346,-0.8928890572408225]]",0.02,"[-1.2114323941862761,4.398056223390761,1.0094324522019467,-4.130791592741364,1.9362174256465787,5.545268732278693]","[-1.2149834160699877,4.397491249421822,1.0094324522019467,-4.130727301246844,1.9362174256465787,5.545268732278693]",True,False,[],"[""position_tolerance""]",outputs/task_balance_comparison/points/points_ur5e/records.jsonl.gz,19243,19234
ur5e,df97a24c1749fc9e99c17af4959b74750d38c3f62ab100839e0f832534ee15da,gn,0,gained,"[5.372332019797849,-0.3644550933024444,1.8008469797397835,4.247025181413491,-3.260770534154153,6.225224626833007]","[0.3969982829005642,-0.39845388683951194,-0.10707365055217409]","[[0.5011916301887734,-0.4720709417309335,-0.7252282232525078],[-0.4942405434077498,0.5317751500455774,-0.6877074051120984],[0.7103050296039947,0.7031103866159802,0.03320465557711781]]",0.02,"[5.434763494257645,-0.4273303010344064,1.7385857105249218,4.184093328341758,-3.1978386810824198,6.283185307178586]","[5.435263872869582,-0.42724352340374716,1.7396792816822124,4.184093328341758,-3.1978386810824198,6.283185307178586]",True,False,[],"[""orientation_tolerance""]",outputs/task_balance_comparison/points/points_ur5e/records.jsonl.gz,21676,21694
ur5e,df97a24c1749fc9e99c17af4959b74750d38c3f62ab100839e0f832534ee15da,gn,1,gained,"[5.372332019797849,-0.3644550933024444,1.8008469797397835,4.247025181413491,-3.260770534154153,6.225224626833007]","[0.3969982829005642,-0.39845388683951194,-0.10707365055217409]","[[0.5011916301887734,-0.4720709417309335,-0.7252282232525078],[-0.4942405434077498,0.5317751500455774,-0.6877074051120984],[0.7103050296039947,0.7031103866159802,0.03320465557711781]]",0.02,"[5.434763494257645,-0.4273303010344064,1.7385857105249218,4.184093328341758,-3.1978386810824198,6.283185307178586]","[5.435263872869582,-0.42724352340374716,1.7396792816822124,4.184093328341758,-3.1978386810824198,6.283185307178586]",True,False,[],"[""orientation_tolerance""]",outputs/task_balance_comparison/points/points_ur5e/records.jsonl.gz,21675,21683
ur5e,df97a24c1749fc9e99c17af4959b74750d38c3f62ab100839e0f832534ee15da,gn,2,gained,"[5.372332019797849,-0.3644550933024444,1.8008469797397835,4.247025181413491,-3.260770534154153,6.225224626833007]","[0.3969982829005642,-0.39845388683951194,-0.10707365055217409]","[[0.5011916301887734,-0.4720709417309335,-0.7252282232525078],[-0.4942405434077498,0.5317751500455774,-0.6877074051120984],[0.7103050296039947,0.7031103866159802,0.03320465557711781]]",0.02,"[5.434763494257645,-0.4273303010344064,1.7385857105249218,4.184093328341758,-3.1978386810824198,6.283185307178586]","[5.435263872869582,-0.42724352340374716,1.7396792816822124,4.184093328341758,-3.1978386810824198,6.283185307178586]",True,False,[],"[""orientation_tolerance""]",outputs/task_balance_comparison/points/points_ur5e/records.jsonl.gz,21682,21678
ur5e,e396d91220f89c7fd418f9297fe341df4e1fffa07bb5b42d679d97488c62f561,gn,0,gained,"[-0.6970121352559326,6.2001555649973525,-1.1331538767670564,-3.19815229551197,-0.6685536626123856,2.379017563610491]","[0.5056058546845005,-0.11465679156415959,0.6809024749448517]","[[0.7048247697458427,-0.4329689454675921,0.5619252051771668],[0.12302859524883189,0.8547379136354364,0.504268840743943],[-0.6986315257013662,-0.28628830093949426,0.6557080143183844]]",0.02,"[-0.6345266425512344,6.137223711925619,-1.0712752997952586,-3.261084148583703,-0.7314855156841185,2.441949416682224]","[-0.6346202296651535,6.137223711925619,-1.0715766207844188,-3.2566036274861836,-0.7314855156841185,2.4398052166773305]",True,False,[],"[""orientation_tolerance""]",outputs/task_balance_comparison/points/points_ur5e/records.jsonl.gz,29192,29188
ur5e,e396d91220f89c7fd418f9297fe341df4e1fffa07bb5b42d679d97488c62f561,gn,1,gained,"[-0.6970121352559326,6.2001555649973525,-1.1331538767670564,-3.19815229551197,-0.6685536626123856,2.379017563610491]","[0.5056058546845005,-0.11465679156415959,0.6809024749448517]","[[0.7048247697458427,-0.4329689454675921,0.5619252051771668],[0.12302859524883189,0.8547379136354364,0.504268840743943],[-0.6986315257013662,-0.28628830093949426,0.6557080143183844]]",0.02,"[-0.6345266425512344,6.137223711925619,-1.0712752997952586,-3.261084148583703,-0.7314855156841185,2.441949416682224]","[-0.6346202296651535,6.137223711925619,-1.0715766207844188,-3.2566036274861836,-0.7314855156841185,2.4398052166773305]",True,False,[],"[""orientation_tolerance""]",outputs/task_balance_comparison/points/points_ur5e/records.jsonl.gz,29203,29202
ur5e,e396d91220f89c7fd418f9297fe341df4e1fffa07bb5b42d679d97488c62f561,gn,2,gained,"[-0.6970121352559326,6.2001555649973525,-1.1331538767670564,-3.19815229551197,-0.6685536626123856,2.379017563610491]","[0.5056058546845005,-0.11465679156415959,0.6809024749448517]","[[0.7048247697458427,-0.4329689454675921,0.5619252051771668],[0.12302859524883189,0.8547379136354364,0.504268840743943],[-0.6986315257013662,-0.28628830093949426,0.6557080143183844]]",0.02,"[-0.6345266425512344,6.137223711925619,-1.0712752997952586,-3.261084148583703,-0.7314855156841185,2.441949416682224]","[-0.6346202296651535,6.137223711925619,-1.0715766207844188,-3.2566036274861836,-0.7314855156841185,2.4398052166773305]",True,False,[],"[""orientation_tolerance""]",outputs/task_balance_comparison/points/points_ur5e/records.jsonl.gz,29196,29199
ur5e,ed8a3d8165254710130f1afc35b9aa63b7c48fa8035a4e66f6e3cead9e47e0ae,gn,0,gained,"[2.0201294416134745,-2.3726911376991375,-0.47684494816045797,4.732764524267305,-4.18433810886723,1.4472409310176308]","[0.23807590172883686,-0.7900762386864534,0.510121164848824]","[[-0.38741549246216056,0.6669586190158915,0.6364553689935503],[0.8295547743304338,0.5533742153056822,-0.07493900333206556],[-0.402179204566676,0.498942059116322,-0.7676644508239783]]",0.02,"[1.9575522139093766,-2.435474697917613,-0.41391309508872504,4.795696377339038,-4.121406255795497,1.5101727840893637]","[1.9578270807628824,-2.4338825470545986,-0.41761509418000603,4.795696377339038,-4.121406255795497,1.5100412928172902]",True,False,[],"[""orientation_tolerance""]",outputs/task_balance_comparison/points/points_ur5e/records.jsonl.gz,12900,12895
ur5e,ed8a3d8165254710130f1afc35b9aa63b7c48fa8035a4e66f6e3cead9e47e0ae,gn,1,gained,"[2.0201294416134745,-2.3726911376991375,-0.47684494816045797,4.732764524267305,-4.18433810886723,1.4472409310176308]","[0.23807590172883686,-0.7900762386864534,0.510121164848824]","[[-0.38741549246216056,0.6669586190158915,0.6364553689935503],[0.8295547743304338,0.5533742153056822,-0.07493900333206556],[-0.402179204566676,0.498942059116322,-0.7676644508239783]]",0.02,"[1.9575522139093766,-2.435474697917613,-0.41391309508872504,4.795696377339038,-4.121406255795497,1.5101727840893637]","[1.9578270807628824,-2.4338825470545986,-0.41761509418000603,4.795696377339038,-4.121406255795497,1.5100412928172902]",True,False,[],"[""orientation_tolerance""]",outputs/task_balance_comparison/points/points_ur5e/records.jsonl.gz,12897,12898
ur5e,ed8a3d8165254710130f1afc35b9aa63b7c48fa8035a4e66f6e3cead9e47e0ae,gn,2,gained,"[2.0201294416134745,-2.3726911376991375,-0.47684494816045797,4.732764524267305,-4.18433810886723,1.4472409310176308]","[0.23807590172883686,-0.7900762386864534,0.510121164848824]","[[-0.38741549246216056,0.6669586190158915,0.6364553689935503],[0.8295547743304338,0.5533742153056822,-0.07493900333206556],[-0.402179204566676,0.498942059116322,-0.7676644508239783]]",0.02,"[1.9575522139093766,-2.435474697917613,-0.41391309508872504,4.795696377339038,-4.121406255795497,1.5101727840893637]","[1.9578270807628824,-2.4338825470545986,-0.41761509418000603,4.795696377339038,-4.121406255795497,1.5100412928172902]",True,False,[],"[""orientation_tolerance""]",outputs/task_balance_comparison/points/points_ur5e/records.jsonl.gz,12894,12891
ur5e,f09b46bea02d75c926355fc8a06dc54e0bb72f3bdcb12bb134f781193bb4d5a2,gn,0,gained,"[-5.339293755650339,-3.9210452523985504,0.8249898572735739,3.859066948881189,1.9208410097274244,5.220453405914293]","[-0.5388988670859461,-0.5075136397940202,-0.18172442166233674]","[[-0.704849433759893,-0.27824283403725797,0.6525091578171703],[-0.24037001517054632,0.9591247008489626,0.14933875594867868],[-0.6673900894793611,-0.051582298594600645,-0.7429197365371496]]",0.02,"[-5.40167296140542,-3.8581133993268173,0.8879217103453068,3.9202083082204657,1.9837728627991573,5.15752155284256]","[-5.401504009069962,-3.8581133993268173,0.8879217103453068,3.9185840535033023,1.9837728627991573,5.15752155284256]",True,False,[],"[""orientation_tolerance""]",outputs/task_balance_comparison/points/points_ur5e/records.jsonl.gz,7766,7765
ur5e,f09b46bea02d75c926355fc8a06dc54e0bb72f3bdcb12bb134f781193bb4d5a2,gn,1,gained,"[-5.339293755650339,-3.9210452523985504,0.8249898572735739,3.859066948881189,1.9208410097274244,5.220453405914293]","[-0.5388988670859461,-0.5075136397940202,-0.18172442166233674]","[[-0.704849433759893,-0.27824283403725797,0.6525091578171703],[-0.24037001517054632,0.9591247008489626,0.14933875594867868],[-0.6673900894793611,-0.051582298594600645,-0.7429197365371496]]",0.02,"[-5.40167296140542,-3.8581133993268173,0.8879217103453068,3.9202083082204657,1.9837728627991573,5.15752155284256]","[-5.401504009069962,-3.8581133993268173,0.8879217103453068,3.9185840535033023,1.9837728627991573,5.15752155284256]",True,False,[],"[""orientation_tolerance""]",outputs/task_balance_comparison/points/points_ur5e/records.jsonl.gz,7762,7761
ur5e,f09b46bea02d75c926355fc8a06dc54e0bb72f3bdcb12bb134f781193bb4d5a2,gn,2,gained,"[-5.339293755650339,-3.9210452523985504,0.8249898572735739,3.859066948881189,1.9208410097274244,5.220453405914293]","[-0.5388988670859461,-0.5075136397940202,-0.18172442166233674]","[[-0.704849433759893,-0.27824283403725797,0.6525091578171703],[-0.24037001517054632,0.9591247008489626,0.14933875594867868],[-0.6673900894793611,-0.051582298594600645,-0.7429197365371496]]",0.02,"[-5.40167296140542,-3.8581133993268173,0.8879217103453068,3.9202083082204657,1.9837728627991573,5.15752155284256]","[-5.401504009069962,-3.8581133993268173,0.8879217103453068,3.9185840535033023,1.9837728627991573,5.15752155284256]",True,False,[],"[""orientation_tolerance""]",outputs/task_balance_comparison/points/points_ur5e/records.jsonl.gz,7754,7768
ur5e,f9c733d9e1d912248e3113783d93e5b43e4b99355d330fce8e0ece6325cd85dd,gn,0,gained,"[0.892036001497698,1.6606773982439886,0.1392452870709251,-2.481491289449014,-0.01313369290503541,-0.9000659582231805]","[-0.16723028287034705,0.16369972789808646,-0.7151814402938091]","[[0.12677587117016692,-0.679848242110129,-0.7223117375405254],[0.173619725931974,-0.7017375572547323,0.6909562876951532],[-0.9766186918426002,-0.21300415122229144,0.02907167531670142]]",0.02,"[0.8448547809135625,1.5977455451722558,0.10979546609135858,-2.534829133702746,0.04350095564122825,-0.9589451394436764]","[0.8352815283385627,1.5977455451722558,0.11487381158988917,-2.539699249559497,0.039870551075820014,-0.9588733784868269]",True,False,[],"[""position_tolerance""]",outputs/task_balance_comparison/points/points_ur5e/records.jsonl.gz,22058,22064
ur5e,f9c733d9e1d912248e3113783d93e5b43e4b99355d330fce8e0ece6325cd85dd,gn,1,gained,"[0.892036001497698,1.6606773982439886,0.1392452870709251,-2.481491289449014,-0.01313369290503541,-0.9000659582231805]","[-0.16723028287034705,0.16369972789808646,-0.7151814402938091]","[[0.12677587117016692,-0.679848242110129,-0.7223117375405254],[0.173619725931974,-0.7017375572547323,0.6909562876951532],[-0.9766186918426002,-0.21300415122229144,0.02907167531670142]]",0.02,"[0.8448547809135625,1.5977455451722558,0.10979546609135858,-2.534829133702746,0.04350095564122825,-0.9589451394436764]","[0.8352815283385627,1.5977455451722558,0.11487381158988917,-2.539699249559497,0.039870551075820014,-0.9588733784868269]",True,False,[],"[""position_tolerance""]",outputs/task_balance_comparison/points/points_ur5e/records.jsonl.gz,22079,22067
ur5e,f9c733d9e1d912248e3113783d93e5b43e4b99355d330fce8e0ece6325cd85dd,gn,2,gained,"[0.892036001497698,1.6606773982439886,0.1392452870709251,-2.481491289449014,-0.01313369290503541,-0.9000659582231805]","[-0.16723028287034705,0.16369972789808646,-0.7151814402938091]","[[0.12677587117016692,-0.679848242110129,-0.7223117375405254],[0.173619725931974,-0.7017375572547323,0.6909562876951532],[-0.9766186918426002,-0.21300415122229144,0.02907167531670142]]",0.02,"[0.8448547809135625,1.5977455451722558,0.10979546609135858,-2.534829133702746,0.04350095564122825,-0.9589451394436764]","[0.8352815283385627,1.5977455451722558,0.11487381158988917,-2.539699249559497,0.039870551075820014,-0.9588733784868269]",True,False,[],"[""position_tolerance""]",outputs/task_balance_comparison/points/points_ur5e/records.jsonl.gz,22061,22066
ur5e,fe74077db23fc36cf44d3910450070571e5775f47b811253d335e2d0ef4c83d8,gn,0,gained,"[4.850102460820121,0.5696847020169944,0.013749984029062912,-0.060594269403523526,-3.3691663169064268,-4.106292810168772]","[0.1578022764599621,-0.5886878837700443,-0.44303024633870325]","[[-0.13061307508711184,-0.4402322517388851,-0.8883331521142275],[-0.08782800375414226,0.8976239506268759,-0.43192300820581675],[0.9875355519538781,0.021605735116179775,-0.15590614432163544]]",0.02,"[4.913034313891854,0.6326165550887273,0.07630745884125102,-0.12352612247525646,-3.43209816997816,-4.169224663240505]","[4.912450901647765,0.6326165550887273,0.07668183710079583,-0.1195343840897347,-3.43209816997816,-4.1655305534499]",True,False,[],"[""orientation_tolerance""]",outputs/task_balance_comparison/points/points_ur5e/records.jsonl.gz,32498,32500
ur5e,fe74077db23fc36cf44d3910450070571e5775f47b811253d335e2d0ef4c83d8,gn,1,gained,"[4.850102460820121,0.5696847020169944,0.013749984029062912,-0.060594269403523526,-3.3691663169064268,-4.106292810168772]","[0.1578022764599621,-0.5886878837700443,-0.44303024633870325]","[[-0.13061307508711184,-0.4402322517388851,-0.8883331521142275],[-0.08782800375414226,0.8976239506268759,-0.43192300820581675],[0.9875355519538781,0.021605735116179775,-0.15590614432163544]]",0.02,"[4.913034313891854,0.6326165550887273,0.07630745884125102,-0.12352612247525646,-3.43209816997816,-4.169224663240505]","[4.912450901647765,0.6326165550887273,0.07668183710079583,-0.1195343840897347,-3.43209816997816,-4.1655305534499]",True,False,[],"[""orientation_tolerance""]",outputs/task_balance_comparison/points/points_ur5e/records.jsonl.gz,32512,32507
ur5e,fe74077db23fc36cf44d3910450070571e5775f47b811253d335e2d0ef4c83d8,gn,2,gained,"[4.850102460820121,0.5696847020169944,0.013749984029062912,-0.060594269403523526,-3.3691663169064268,-4.106292810168772]","[0.1578022764599621,-0.5886878837700443,-0.44303024633870325]","[[-0.13061307508711184,-0.4402322517388851,-0.8883331521142275],[-0.08782800375414226,0.8976239506268759,-0.43192300820581675],[0.9875355519538781,0.021605735116179775,-0.15590614432163544]]",0.02,"[4.913034313891854,0.6326165550887273,0.07630745884125102,-0.12352612247525646,-3.43209816997816,-4.169224663240505]","[4.912450901647765,0.6326165550887273,0.07668183710079583,-0.1195343840897347,-3.43209816997816,-4.1655305534499]",True,False,[],"[""orientation_tolerance""]",outputs/task_balance_comparison/points/points_ur5e/records.jsonl.gz,32509,32499
ur5e,ff24e71dd3f5e3f9abf9fe397ec7f7c014141cd390d10cb1ce5b08e56990adbd,gn,0,gained,"[3.2080915109748833,-2.4248474529048827,-2.016877899473336,0.09324380935845245,0.0008654647471164623,2.1502386740726553]","[0.5722761282525393,-0.16038317347022077,0.13584608915138013]","[[-0.5932052839591977,0.7901306925594518,0.15427566158797937],[-0.043331955873305274,0.1600192291677589,-0.9861623537211053],[-0.8038842159683705,-0.5916817852292543,-0.06068634397326202]]",0.02,"[3.2706725186652577,-2.3619155998331496,-1.954536253516419,0.03031195628671951,0.0633292094740896,2.0873068210009222]","[3.270627089666321,-2.3619155998331496,-1.953946046401603,0.03031195628671951,0.06150149508151992,2.0873068210009222]",True,False,[],"[""orientation_tolerance""]",outputs/task_balance_comparison/points/points_ur5e/records.jsonl.gz,24518,24528
ur5e,ff24e71dd3f5e3f9abf9fe397ec7f7c014141cd390d10cb1ce5b08e56990adbd,gn,1,gained,"[3.2080915109748833,-2.4248474529048827,-2.016877899473336,0.09324380935845245,0.0008654647471164623,2.1502386740726553]","[0.5722761282525393,-0.16038317347022077,0.13584608915138013]","[[-0.5932052839591977,0.7901306925594518,0.15427566158797937],[-0.043331955873305274,0.1600192291677589,-0.9861623537211053],[-0.8038842159683705,-0.5916817852292543,-0.06068634397326202]]",0.02,"[3.2706725186652577,-2.3619155998331496,-1.954536253516419,0.03031195628671951,0.0633292094740896,2.0873068210009222]","[3.270627089666321,-2.3619155998331496,-1.953946046401603,0.03031195628671951,0.06150149508151992,2.0873068210009222]",True,False,[],"[""orientation_tolerance""]",outputs/task_balance_comparison/points/points_ur5e/records.jsonl.gz,24512,24507
ur5e,ff24e71dd3f5e3f9abf9fe397ec7f7c014141cd390d10cb1ce5b08e56990adbd,gn,2,gained,"[3.2080915109748833,-2.4248474529048827,-2.016877899473336,0.09324380935845245,0.0008654647471164623,2.1502386740726553]","[0.5722761282525393,-0.16038317347022077,0.13584608915138013]","[[-0.5932052839591977,0.7901306925594518,0.15427566158797937],[-0.043331955873305274,0.1600192291677589,-0.9861623537211053],[-0.8038842159683705,-0.5916817852292543,-0.06068634397326202]]",0.02,"[3.2706725186652577,-2.3619155998331496,-1.954536253516419,0.03031195628671951,0.0633292094740896,2.0873068210009222]","[3.270627089666321,-2.3619155998331496,-1.953946046401603,0.03031195628671951,0.06150149508151992,2.0873068210009222]",True,False,[],"[""orientation_tolerance""]",outputs/task_balance_comparison/points/points_ur5e/records.jsonl.gz,24515,24514
ur5e,00f0dd9e421e966bfa6d8103ccf41fed13d1bc28764719e3b11dc301c5e5e460,range_loss_matched,0,gained,"[2.8800065899476337,-1.6220006827384381,-1.2644963749188862,-1.5316128658977353,5.078336516376583,-0.2978603855467217]","[0.43092183789852745,-0.32943571424556356,0.7469034761428699]","[[0.5136071491032362,-0.7909900019793397,-0.33247934245419003],[0.725476886087451,0.6072369266122533,-0.3239546306373176],[0.4581386080029732,-0.07482066377164444,0.8857261902698083]]",0.02,"[2.8170747368759006,-1.684932535810171,-1.3262347947529558,-1.4686810128260024,5.13994888515555,-0.3607922386184546]","[2.8170747368759006,-1.6649032019384737,-1.3258759052758096,-1.5760741743989481,5.136261533739196,-0.3490504337195016]",True,False,[],"[""position_tolerance"",""orientation_tolerance""]",outputs/task_balance_comparison/points/points_ur5e/records.jsonl.gz,5923,5919
ur5e,00f0dd9e421e966bfa6d8103ccf41fed13d1bc28764719e3b11dc301c5e5e460,range_loss_matched,1,gained,"[2.8800065899476337,-1.6220006827384381,-1.2644963749188862,-1.5316128658977353,5.078336516376583,-0.2978603855467217]","[0.43092183789852745,-0.32943571424556356,0.7469034761428699]","[[0.5136071491032362,-0.7909900019793397,-0.33247934245419003],[0.725476886087451,0.6072369266122533,-0.3239546306373176],[0.4581386080029732,-0.07482066377164444,0.8857261902698083]]",0.02,"[2.8170747368759006,-1.684932535810171,-1.3262347947529558,-1.4686810128260024,5.13994888515555,-0.3607922386184546]","[2.8170747368759006,-1.6649032019384737,-1.3258759052758096,-1.5760741743989481,5.136261533739196,-0.3490504337195016]",True,False,[],"[""position_tolerance"",""orientation_tolerance""]",outputs/task_balance_comparison/points/points_ur5e/records.jsonl.gz,5905,5922
ur5e,00f0dd9e421e966bfa6d8103ccf41fed13d1bc28764719e3b11dc301c5e5e460,range_loss_matched,2,gained,"[2.8800065899476337,-1.6220006827384381,-1.2644963749188862,-1.5316128658977353,5.078336516376583,-0.2978603855467217]","[0.43092183789852745,-0.32943571424556356,0.7469034761428699]","[[0.5136071491032362,-0.7909900019793397,-0.33247934245419003],[0.725476886087451,0.6072369266122533,-0.3239546306373176],[0.4581386080029732,-0.07482066377164444,0.8857261902698083]]",0.02,"[2.8170747368759006,-1.684932535810171,-1.3262347947529558,-1.4686810128260024,5.13994888515555,-0.3607922386184546]","[2.8170747368759006,-1.6649032019384737,-1.3258759052758096,-1.5760741743989481,5.136261533739196,-0.3490504337195016]",True,False,[],"[""position_tolerance"",""orientation_tolerance""]",outputs/task_balance_comparison/points/points_ur5e/records.jsonl.gz,5914,5915
ur5e,055f849fa29c5724ae544c464fbcb30b2d387e52f8e5308f92fd4977074d0979,range_loss_matched,0,gained,"[-3.0863636707505733,-2.604824734306539,1.9031023655904358,5.1707417272441685,-3.1012083481793415,4.078341219632886]","[-0.04699533784660061,-0.03309369098115785,0.6752228707664882]","[[-0.9237186503573086,-0.38276026589603573,-0.015441302835834945],[-0.051356855144478616,0.0837932732813378,0.9951588620830684],[-0.3796133933513689,0.9200398177274693,-0.09705877283514334]]",0.02,"[-3.1492955238223064,-2.5422818692861697,1.840170512518703,5.119392700075352,-3.0429984435022392,4.0251284513137495]","[-3.1492955238223064,-2.5421017329533475,1.840170512518703,5.125534879070664,-3.0500034890686836,4.031137655927833]",True,False,[],"[""orientation_tolerance""]",outputs/task_balance_comparison/points/points_ur5e/records.jsonl.gz,24572,24568
ur5e,055f849fa29c5724ae544c464fbcb30b2d387e52f8e5308f92fd4977074d0979,range_loss_matched,1,gained,"[-3.0863636707505733,-2.604824734306539,1.9031023655904358,5.1707417272441685,-3.1012083481793415,4.078341219632886]","[-0.04699533784660061,-0.03309369098115785,0.6752228707664882]","[[-0.9237186503573086,-0.38276026589603573,-0.015441302835834945],[-0.051356855144478616,0.0837932732813378,0.9951588620830684],[-0.3796133933513689,0.9200398177274693,-0.09705877283514334]]",0.02,"[-3.1492955238223064,-2.5422818692861697,1.840170512518703,5.119392700075352,-3.0429984435022392,4.0251284513137495]","[-3.1492955238223064,-2.5421017329533475,1.840170512518703,5.125534879070664,-3.0500034890686836,4.031137655927833]",True,False,[],"[""orientation_tolerance""]",outputs/task_balance_comparison/points/points_ur5e/records.jsonl.gz,24573,24571
ur5e,055f849fa29c5724ae544c464fbcb30b2d387e52f8e5308f92fd4977074d0979,range_loss_matched,2,gained,"[-3.0863636707505733,-2.604824734306539,1.9031023655904358,5.1707417272441685,-3.1012083481793415,4.078341219632886]","[-0.04699533784660061,-0.03309369098115785,0.6752228707664882]","[[-0.9237186503573086,-0.38276026589603573,-0.015441302835834945],[-0.051356855144478616,0.0837932732813378,0.9951588620830684],[-0.3796133933513689,0.9200398177274693,-0.09705877283514334]]",0.02,"[-3.1492955238223064,-2.5422818692861697,1.840170512518703,5.119392700075352,-3.0429984435022392,4.0251284513137495]","[-3.1492955238223064,-2.5421017329533475,1.840170512518703,5.125534879070664,-3.0500034890686836,4.031137655927833]",True,False,[],"[""orientation_tolerance""]",outputs/task_balance_comparison/points/points_ur5e/records.jsonl.gz,24555,24574
ur5e,1b5731dfd42b40972b5847e6679b59953c1990405d7a4f1c9124945b65406f4a,range_loss_matched,0,gained,"[3.2412149379283015,-2.1749315694410014,1.3440974221198232,6.189695876755403,-0.15657216583704958,-3.9455385774409466]","[-0.06557456680613001,-0.23835845637523118,0.7279180542550221]","[[0.19998278889236054,-0.9687148672755757,0.1469639073585663],[-0.0648829457150607,-0.1627578058539797,-0.9845303956653316],[0.9776487546671196,0.1873536830512331,-0.09540183407549366]]",0.02,"[3.223478258596308,-2.2097586829257976,1.3745904193506893,6.15734275087949,-0.11648106140461742,-3.9442073860617675]","[3.2200884108171333,-2.202159284470493,1.3695710012779514,6.171018663438643,-0.13701716757394464,-3.926747239278835]",True,False,[],"[""position_tolerance"",""orientation_tolerance""]",outputs/task_balance_comparison/points/points_ur5e/records.jsonl.gz,2091,2108
ur5e,1b5731dfd42b40972b5847e6679b59953c1990405d7a4f1c9124945b65406f4a,range_loss_matched,1,gained,"[3.2412149379283015,-2.1749315694410014,1.3440974221198232,6.189695876755403,-0.15657216583704958,-3.9455385774409466]","[-0.06557456680613001,-0.23835845637523118,0.7279180542550221]","[[0.19998278889236054,-0.9687148672755757,0.1469639073585663],[-0.0648829457150607,-0.1627578058539797,-0.9845303956653316],[0.9776487546671196,0.1873536830512331,-0.09540183407549366]]",0.02,"[3.223478258596308,-2.2097586829257976,1.3745904193506893,6.15734275087949,-0.11648106140461742,-3.9442073860617675]","[3.2200884108171333,-2.202159284470493,1.3695710012779514,6.171018663438643,-0.13701716757394464,-3.926747239278835]",True,False,[],"[""position_tolerance"",""orientation_tolerance""]",outputs/task_balance_comparison/points/points_ur5e/records.jsonl.gz,2099,2093
ur5e,1b5731dfd42b40972b5847e6679b59953c1990405d7a4f1c9124945b65406f4a,range_loss_matched,2,gained,"[3.2412149379283015,-2.1749315694410014,1.3440974221198232,6.189695876755403,-0.15657216583704958,-3.9455385774409466]","[-0.06557456680613001,-0.23835845637523118,0.7279180542550221]","[[0.19998278889236054,-0.9687148672755757,0.1469639073585663],[-0.0648829457150607,-0.1627578058539797,-0.9845303956653316],[0.9776487546671196,0.1873536830512331,-0.09540183407549366]]",0.02,"[3.223478258596308,-2.2097586829257976,1.3745904193506893,6.15734275087949,-0.11648106140461742,-3.9442073860617675]","[3.2200884108171333,-2.202159284470493,1.3695710012779514,6.171018663438643,-0.13701716757394464,-3.926747239278835]",True,False,[],"[""position_tolerance"",""orientation_tolerance""]",outputs/task_balance_comparison/points/points_ur5e/records.jsonl.gz,2102,2090
ur5e,1fb7e8a6d3addb8f907945a2cdb034a81f3f6a4213802fe6278db21e7560a93c,range_loss_matched,0,gained,"[3.493701471742222,3.8893107701095158,-0.4828350106417978,4.414351952159732,2.5191236356117397,4.703721047297236]","[0.7547461116520656,0.27124525309745684,0.4026447866880884]","[[0.8837693136929154,0.17041680195047212,-0.43578654612978357],[0.4403943202126336,-0.6176597347762026,0.6515744736871166],[-0.15812856446323903,-0.7677594451709235,-0.6209193115467023]]",0.02,"[3.556633324813955,3.8273146516716396,-0.5457668637135307,4.351481581442357,2.4561917825400066,4.640789194225503]","[3.556633324813955,3.827131182192523,-0.5457668637135307,4.354763845568019,2.4561917825400066,4.640789194225503]",True,False,[],"[""position_tolerance""]",outputs/task_balance_comparison/points/points_ur5e/records.jsonl.gz,32434,32444
ur5e,1fb7e8a6d3addb8f907945a2cdb034a81f3f6a4213802fe6278db21e7560a93c,range_loss_matched,1,gained,"[3.493701471742222,3.8893107701095158,-0.4828350106417978,4.414351952159732,2.5191236356117397,4.703721047297236]","[0.7547461116520656,0.27124525309745684,0.4026447866880884]","[[0.8837693136929154,0.17041680195047212,-0.43578654612978357],[0.4403943202126336,-0.6176597347762026,0.6515744736871166],[-0.15812856446323903,-0.7677594451709235,-0.6209193115467023]]",0.02,"[3.556633324813955,3.8273146516716396,-0.5457668637135307,4.351481581442357,2.4561917825400066,4.640789194225503]","[3.556633324813955,3.827131182192523,-0.5457668637135307,4.354763845568019,2.4561917825400066,4.640789194225503]",True,False,[],"[""position_tolerance""]",outputs/task_balance_comparison/points/points_ur5e/records.jsonl.gz,32432,32442
ur5e,1fb7e8a6d3addb8f907945a2cdb034a81f3f6a4213802fe6278db21e7560a93c,range_loss_matched,2,gained,"[3.493701471742222,3.8893107701095158,-0.4828350106417978,4.414351952159732,2.5191236356117397,4.703721047297236]","[0.7547461116520656,0.27124525309745684,0.4026447866880884]","[[0.8837693136929154,0.17041680195047212,-0.43578654612978357],[0.4403943202126336,-0.6176597347762026,0.6515744736871166],[-0.15812856446323903,-0.7677594451709235,-0.6209193115467023]]",0.02,"[3.556633324813955,3.8273146516716396,-0.5457668637135307,4.351481581442357,2.4561917825400066,4.640789194225503]","[3.556633324813955,3.827131182192523,-0.5457668637135307,4.354763845568019,2.4561917825400066,4.640789194225503]",True,False,[],"[""position_tolerance""]",outputs/task_balance_comparison/points/points_ur5e/records.jsonl.gz,32425,32435
ur5e,37babaeb030e630c1106cccc461e05be9395518d8af99beee97f4af2f3085327,range_loss_matched,0,gained,"[-2.3252675682697506,-4.110865070354002,-0.7696449967869929,3.4179458429918785,3.066708806707176,0.2865004891691907]","[0.0664352448221255,0.016073866950441013,-0.5917030994696751]","[[0.12912637469959756,0.7044808012150402,-0.6978776254303857],[-0.039334221938540144,0.7068543921160679,0.7062646014991218],[0.9908477170289228,-0.06374691416561731,0.11898374928086865]]",0.02,"[-2.376759027051265,-4.162454976076114,-0.7119507414462396,3.462923081005734,3.0247396172143977,0.22356863609745775]","[-2.3785411280054345,-4.153379889839858,-0.7367463893189828,3.4400601725694937,3.0644409355607554,0.22525829851980697]",True,False,[],"[""position_tolerance"",""orientation_tolerance""]",outputs/task_balance_comparison/points/points_ur5e/records.jsonl.gz,2253,2240
ur5e,37babaeb030e630c1106cccc461e05be9395518d8af99beee97f4af2f3085327,range_loss_matched,1,gained,"[-2.3252675682697506,-4.110865070354002,-0.7696449967869929,3.4179458429918785,3.066708806707176,0.2865004891691907]","[0.0664352448221255,0.016073866950441013,-0.5917030994696751]","[[0.12912637469959756,0.7044808012150402,-0.6978776254303857],[-0.039334221938540144,0.7068543921160679,0.7062646014991218],[0.9908477170289228,-0.06374691416561731,0.11898374928086865]]",0.02,"[-2.376759027051265,-4.162454976076114,-0.7119507414462396,3.462923081005734,3.0247396172143977,0.22356863609745775]","[-2.3785411280054345,-4.153379889839858,-0.7367463893189828,3.4400601725694937,3.0644409355607554,0.22525829851980697]",True,False,[],"[""position_tolerance"",""orientation_tolerance""]",outputs/task_balance_comparison/points/points_ur5e/records.jsonl.gz,2247,2239
ur5e,37babaeb030e630c1106cccc461e05be9395518d8af99beee97f4af2f3085327,range_loss_matched,2,gained,"[-2.3252675682697506,-4.110865070354002,-0.7696449967869929,3.4179458429918785,3.066708806707176,0.2865004891691907]","[0.0664352448221255,0.016073866950441013,-0.5917030994696751]","[[0.12912637469959756,0.7044808012150402,-0.6978776254303857],[-0.039334221938540144,0.7068543921160679,0.7062646014991218],[0.9908477170289228,-0.06374691416561731,0.11898374928086865]]",0.02,"[-2.376759027051265,-4.162454976076114,-0.7119507414462396,3.462923081005734,3.0247396172143977,0.22356863609745775]","[-2.3785411280054345,-4.153379889839858,-0.7367463893189828,3.4400601725694937,3.0644409355607554,0.22525829851980697]",True,False,[],"[""position_tolerance"",""orientation_tolerance""]",outputs/task_balance_comparison/points/points_ur5e/records.jsonl.gz,2235,2255
ur5e,4210a5fdeef4a81897fb6415534a6197baf7397724acf1d4d17693fe3181654e,range_loss_matched,0,gained,"[-2.6671382252245484,1.719125664111579,-1.1186194908298197,1.8630471537031816,3.027104293695892,2.5890545304164494]","[-0.18192079944103076,-0.1489299924449709,-0.378563344681806]","[[-0.9013125657659048,0.17590260357197202,-0.39584584480461954],[-0.3603380932397649,0.20269144004232692,0.9105342600330302],[0.2403999112995088,0.9633143070619109,-0.11930393311630119]]",0.02,"[-2.6055019755419377,1.6561938110398462,-1.1815513439015526,1.9212639140512227,2.9688182361744957,2.6477607068609648]","[-2.6042063721528153,1.6561938110398462,-1.1815513439015526,1.9017138168091874,2.9818582893876657,2.6516863188962043]",True,False,[],"[""orientation_tolerance""]",outputs/task_balance_comparison/points/points_ur5e/records.jsonl.gz,30245,30252
ur5e,4210a5fdeef4a81897fb6415534a6197baf7397724acf1d4d17693fe3181654e,range_loss_matched,1,gained,"[-2.6671382252245484,1.719125664111579,-1.1186194908298197,1.8630471537031816,3.027104293695892,2.5890545304164494]","[-0.18192079944103076,-0.1489299924449709,-0.378563344681806]","[[-0.9013125657659048,0.17590260357197202,-0.39584584480461954],[-0.3603380932397649,0.20269144004232692,0.9105342600330302],[0.2403999112995088,0.9633143070619109,-0.11930393311630119]]",0.02,"[-2.6055019755419377,1.6561938110398462,-1.1815513439015526,1.9212639140512227,2.9688182361744957,2.6477607068609648]","[-2.6042063721528153,1.6561938110398462,-1.1815513439015526,1.9017138168091874,2.9818582893876657,2.6516863188962043]",True,False,[],"[""orientation_tolerance""]",outputs/task_balance_comparison/points/points_ur5e/records.jsonl.gz,30258,30251
ur5e,4210a5fdeef4a81897fb6415534a6197baf7397724acf1d4d17693fe3181654e,range_loss_matched,2,gained,"[-2.6671382252245484,1.719125664111579,-1.1186194908298197,1.8630471537031816,3.027104293695892,2.5890545304164494]","[-0.18192079944103076,-0.1489299924449709,-0.378563344681806]","[[-0.9013125657659048,0.17590260357197202,-0.39584584480461954],[-0.3603380932397649,0.20269144004232692,0.9105342600330302],[0.2403999112995088,0.9633143070619109,-0.11930393311630119]]",0.02,"[-2.6055019755419377,1.6561938110398462,-1.1815513439015526,1.9212639140512227,2.9688182361744957,2.6477607068609648]","[-2.6042063721528153,1.6561938110398462,-1.1815513439015526,1.9017138168091874,2.9818582893876657,2.6516863188962043]",True,False,[],"[""orientation_tolerance""]",outputs/task_balance_comparison/points/points_ur5e/records.jsonl.gz,30244,30259
ur5e,47b684917ce7e8b0ae23239ee6231a9164072d86605bcb045d2759732aca1017,range_loss_matched,0,gained,"[-4.0719758305345595,-3.7314046595907255,0.27221914405503034,-0.4592112870155374,0.7183719605044407,2.205417872427205]","[0.2983439999377238,-0.831064284336742,-0.14426321105503925]","[[0.30044099759646103,0.9042575770528065,-0.30340310035632645],[0.37564928561347194,-0.4045703163129962,-0.8337928240135499],[-0.8767113670880123,0.1365323899336348,-0.46123322226144803]]",0.02,"[-4.134420114195687,-3.6684728065189924,0.20984883023119405,-0.39627943394380444,0.7813038135761736,2.268349725498938]","[-4.13364484539567,-3.693769449352718,0.2675980651920672,-0.4557876897857438,0.7678726867894595,2.2463124851902116]",True,False,[],"[""position_tolerance"",""orientation_tolerance""]",outputs/task_balance_comparison/points/points_ur5e/records.jsonl.gz,17823,17812
ur5e,47b684917ce7e8b0ae23239ee6231a9164072d86605bcb045d2759732aca1017,range_loss_matched,1,gained,"[-4.0719758305345595,-3.7314046595907255,0.27221914405503034,-0.4592112870155374,0.7183719605044407,2.205417872427205]","[0.2983439999377238,-0.831064284336742,-0.14426321105503925]","[[0.30044099759646103,0.9042575770528065,-0.30340310035632645],[0.37564928561347194,-0.4045703163129962,-0.8337928240135499],[-0.8767113670880123,0.1365323899336348,-0.46123322226144803]]",0.02,"[-4.134420114195687,-3.6684728065189924,0.20984883023119405,-0.39627943394380444,0.7813038135761736,2.268349725498938]","[-4.13364484539567,-3.693769449352718,0.2675980651920672,-0.4557876897857438,0.7678726867894595,2.2463124851902116]",True,False,[],"[""position_tolerance"",""orientation_tolerance""]",outputs/task_balance_comparison/points/points_ur5e/records.jsonl.gz,17811,17831
ur5e,47b684917ce7e8b0ae23239ee6231a9164072d86605bcb045d2759732aca1017,range_loss_matched,2,gained,"[-4.0719758305345595,-3.7314046595907255,0.27221914405503034,-0.4592112870155374,0.7183719605044407,2.205417872427205]","[0.2983439999377238,-0.831064284336742,-0.14426321105503925]","[[0.30044099759646103,0.9042575770528065,-0.30340310035632645],[0.37564928561347194,-0.4045703163129962,-0.8337928240135499],[-0.8767113670880123,0.1365323899336348,-0.46123322226144803]]",0.02,"[-4.134420114195687,-3.6684728065189924,0.20984883023119405,-0.39627943394380444,0.7813038135761736,2.268349725498938]","[-4.13364484539567,-3.693769449352718,0.2675980651920672,-0.4557876897857438,0.7678726867894595,2.2463124851902116]",True,False,[],"[""position_tolerance"",""orientation_tolerance""]",outputs/task_balance_comparison/points/points_ur5e/records.jsonl.gz,17830,17822
ur5e,4a928e31ce374f49ec6b39635f1af4f80122e4d8fe5885af6a0134f27c02a22c,range_loss_matched,0,gained,"[4.669725490666707,0.5610911579738609,1.937660026588322,4.261338441984389,-1.562898608512751,-3.5041482379630025]","[0.13097703783475642,0.01853259039618784,-0.3796622529954998]","[[0.8968208472019001,0.4405857602265253,0.03995692567854157],[-0.15765954164522122,0.2339115437033668,0.959389836641251],[0.41334711436307925,-0.8667003966815308,0.279239297807083]]",0.02,"[4.607303744383131,0.49815930490212795,1.8756809926459952,4.198406588912656,-1.6258304615844839,-3.5670800910347356]","[4.6117450591356715,0.49815930490212795,1.874728173516589,4.198406588912656,-1.6258304615844839,-3.5670800910347356]",True,False,[],"[""position_tolerance""]",outputs/task_balance_comparison/points/points_ur5e/records.jsonl.gz,1031,1017
ur5e,4a928e31ce374f49ec6b39635f1af4f80122e4d8fe5885af6a0134f27c02a22c,range_loss_matched,1,gained,"[4.669725490666707,0.5610911579738609,1.937660026588322,4.261338441984389,-1.562898608512751,-3.5041482379630025]","[0.13097703783475642,0.01853259039618784,-0.3796622529954998]","[[0.8968208472019001,0.4405857602265253,0.03995692567854157],[-0.15765954164522122,0.2339115437033668,0.959389836641251],[0.41334711436307925,-0.8667003966815308,0.279239297807083]]",0.02,"[4.607303744383131,0.49815930490212795,1.8756809926459952,4.198406588912656,-1.6258304615844839,-3.5670800910347356]","[4.6117450591356715,0.49815930490212795,1.874728173516589,4.198406588912656,-1.6258304615844839,-3.5670800910347356]",True,False,[],"[""position_tolerance""]",outputs/task_balance_comparison/points/points_ur5e/records.jsonl.gz,1012,1019
ur5e,4a928e31ce374f49ec6b39635f1af4f80122e4d8fe5885af6a0134f27c02a22c,range_loss_matched,2,gained,"[4.669725490666707,0.5610911579738609,1.937660026588322,4.261338441984389,-1.562898608512751,-3.5041482379630025]","[0.13097703783475642,0.01853259039618784,-0.3796622529954998]","[[0.8968208472019001,0.4405857602265253,0.03995692567854157],[-0.15765954164522122,0.2339115437033668,0.959389836641251],[0.41334711436307925,-0.8667003966815308,0.279239297807083]]",0.02,"[4.607303744383131,0.49815930490212795,1.8756809926459952,4.198406588912656,-1.6258304615844839,-3.5670800910347356]","[4.6117450591356715,0.49815930490212795,1.874728173516589,4.198406588912656,-1.6258304615844839,-3.5670800910347356]",True,False,[],"[""position_tolerance""]",outputs/task_balance_comparison/points/points_ur5e/records.jsonl.gz,1032,1024
ur5e,5301b40f2dbdf408621a9da2a8978c6f2ac4dab5ff1abc321bdf7e4ff859de01,range_loss_matched,0,gained,"[-2.4957851719356863,0.723145088900023,2.7892250733515187,-4.695614813262962,-0.10082578101562145,1.2493319063878179]","[0.07792855003049899,-0.22652355790983758,-0.004085955504460191]","[[0.8060551988338581,0.03683818478220591,0.5906927835811623],[0.5874240199388842,-0.171496981090873,-0.7908993654540118],[0.07216673216760944,0.9844956747587411,-0.15987566778462478]]",0.02,"[-2.5587170250074194,0.6617375038836826,2.8520982561138815,-4.755568002061583,-0.1637576340873544,1.3122637594595508]","[-2.5587170250074194,0.6602132358282902,2.852156926423252,-4.713391267646796,-0.13809798485978575,1.2792537035429896]",True,False,[],"[""position_tolerance"",""orientation_tolerance""]",outputs/task_balance_comparison/points/points_ur5e/records.jsonl.gz,2174,2162
ur5e,5301b40f2dbdf408621a9da2a8978c6f2ac4dab5ff1abc321bdf7e4ff859de01,range_loss_matched,1,gained,"[-2.4957851719356863,0.723145088900023,2.7892250733515187,-4.695614813262962,-0.10082578101562145,1.2493319063878179]","[0.07792855003049899,-0.22652355790983758,-0.004085955504460191]","[[0.8060551988338581,0.03683818478220591,0.5906927835811623],[0.5874240199388842,-0.171496981090873,-0.7908993654540118],[0.07216673216760944,0.9844956747587411,-0.15987566778462478]]",0.02,"[-2.5587170250074194,0.6617375038836826,2.8520982561138815,-4.755568002061583,-0.1637576340873544,1.3122637594595508]","[-2.5587170250074194,0.6602132358282902,2.852156926423252,-4.713391267646796,-0.13809798485978575,1.2792537035429896]",True,False,[],"[""position_tolerance"",""orientation_tolerance""]",outputs/task_balance_comparison/points/points_ur5e/records.jsonl.gz,2180,2179
ur5e,5301b40f2dbdf408621a9da2a8978c6f2ac4dab5ff1abc321bdf7e4ff859de01,range_loss_matched,2,gained,"[-2.4957851719356863,0.723145088900023,2.7892250733515187,-4.695614813262962,-0.10082578101562145,1.2493319063878179]","[0.07792855003049899,-0.22652355790983758,-0.004085955504460191]","[[0.8060551988338581,0.03683818478220591,0.5906927835811623],[0.5874240199388842,-0.171496981090873,-0.7908993654540118],[0.07216673216760944,0.9844956747587411,-0.15987566778462478]]",0.02,"[-2.5587170250074194,0.6617375038836826,2.8520982561138815,-4.755568002061583,-0.1637576340873544,1.3122637594595508]","[-2.5587170250074194,0.6602132358282902,2.852156926423252,-4.713391267646796,-0.13809798485978575,1.2792537035429896]",True,False,[],"[""position_tolerance"",""orientation_tolerance""]",outputs/task_balance_comparison/points/points_ur5e/records.jsonl.gz,2181,2178
ur5e,57113589fe859db69a4ffc6b4de8e3e01525dd05975ba989acd1764be701344e,range_loss_matched,0,gained,"[1.6988826593653679,-2.814318655584331,-2.810664476908895,4.120070239738197,-0.11407418048772922,-1.1104365848448179]","[-0.23239620553892582,-0.02697311707973195,0.0720678528823331]","[[-0.13175904107041594,0.13410250418326727,-0.9821690656236232],[0.9063159150445438,-0.385046754255466,-0.17415642157067404],[-0.4015358231007241,-0.9131021385415258,-0.07080584268064634]]",0.02,"[1.7465616034665712,-2.7585196322697567,-2.860272986201099,4.057138386666464,-0.06761272955849981,-1.164658868785906]","[1.7597229011675686,-2.793237025784623,-2.859511667901338,4.057566963219896,-0.06772908225086985,-1.1312429540496978]",True,False,[],"[""orientation_tolerance""]",outputs/task_balance_comparison/points/points_ur5e/records.jsonl.gz,37640,37644
ur5e,57113589fe859db69a4ffc6b4de8e3e01525dd05975ba989acd1764be701344e,range_loss_matched,1,gained,"[1.6988826593653679,-2.814318655584331,-2.810664476908895,4.120070239738197,-0.11407418048772922,-1.1104365848448179]","[-0.23239620553892582,-0.02697311707973195,0.0720678528823331]","[[-0.13175904107041594,0.13410250418326727,-0.9821690656236232],[0.9063159150445438,-0.385046754255466,-0.17415642157067404],[-0.4015358231007241,-0.9131021385415258,-0.07080584268064634]]",0.02,"[1.7465616034665712,-2.7585196322697567,-2.860272986201099,4.057138386666464,-0.06761272955849981,-1.164658868785906]","[1.7597229011675686,-2.793237025784623,-2.859511667901338,4.057566963219896,-0.06772908225086985,-1.1312429540496978]",True,False,[],"[""orientation_tolerance""]",outputs/task_balance_comparison/points/points_ur5e/records.jsonl.gz,37649,37634
ur5e,57113589fe859db69a4ffc6b4de8e3e01525dd05975ba989acd1764be701344e,range_loss_matched,2,gained,"[1.6988826593653679,-2.814318655584331,-2.810664476908895,4.120070239738197,-0.11407418048772922,-1.1104365848448179]","[-0.23239620553892582,-0.02697311707973195,0.0720678528823331]","[[-0.13175904107041594,0.13410250418326727,-0.9821690656236232],[0.9063159150445438,-0.385046754255466,-0.17415642157067404],[-0.4015358231007241,-0.9131021385415258,-0.07080584268064634]]",0.02,"[1.7465616034665712,-2.7585196322697567,-2.860272986201099,4.057138386666464,-0.06761272955849981,-1.164658868785906]","[1.7597229011675686,-2.793237025784623,-2.859511667901338,4.057566963219896,-0.06772908225086985,-1.1312429540496978]",True,False,[],"[""orientation_tolerance""]",outputs/task_balance_comparison/points/points_ur5e/records.jsonl.gz,37633,37637
ur5e,58543380897fe4e92768541ba17c2b0b7ec0beceb51690475d4150720cff1713,range_loss_matched,0,gained,"[-0.9070096450419287,3.964800278208596,1.7554430802827463,5.540286694902207,-3.140250787902583,5.248373927176308]","[0.08795361071113228,-0.04869855145133602,0.7038886098018835]","[[0.6378247890055274,-0.21281907836650601,-0.7401942842344067],[-0.6707204209346563,0.31890740164951237,-0.6696507941564726],[0.37856790074079444,0.9235832983853636,0.06066494434449265]]",0.02,"[-0.844178713129015,3.9021080327985525,1.6925112272110134,5.478500939243513,-3.2031826409743163,5.185442074104575]","[-0.8491180034996902,3.901868425136863,1.6925112272110134,5.477354841830474,-3.2031826409743163,5.185442074104575]",True,False,[],"[""orientation_tolerance""]",outputs/task_balance_comparison/points/points_ur5e/records.jsonl.gz,48056,48066
ur5e,58543380897fe4e92768541ba17c2b0b7ec0beceb51690475d4150720cff1713,range_loss_matched,1,gained,"[-0.9070096450419287,3.964800278208596,1.7554430802827463,5.540286694902207,-3.140250787902583,5.248373927176308]","[0.08795361071113228,-0.04869855145133602,0.7038886098018835]","[[0.6378247890055274,-0.21281907836650601,-0.7401942842344067],[-0.6707204209346563,0.31890740164951237,-0.6696507941564726],[0.37856790074079444,0.9235832983853636,0.06066494434449265]]",0.02,"[-0.844178713129015,3.9021080327985525,1.6925112272110134,5.478500939243513,-3.2031826409743163,5.185442074104575]","[-0.8491180034996902,3.901868425136863,1.6925112272110134,5.477354841830474,-3.2031826409743163,5.185442074104575]",True,False,[],"[""orientation_tolerance""]",outputs/task_balance_comparison/points/points_ur5e/records.jsonl.gz,48051,48055
ur5e,58543380897fe4e92768541ba17c2b0b7ec0beceb51690475d4150720cff1713,range_loss_matched,2,gained,"[-0.9070096450419287,3.964800278208596,1.7554430802827463,5.540286694902207,-3.140250787902583,5.248373927176308]","[0.08795361071113228,-0.04869855145133602,0.7038886098018835]","[[0.6378247890055274,-0.21281907836650601,-0.7401942842344067],[-0.6707204209346563,0.31890740164951237,-0.6696507941564726],[0.37856790074079444,0.9235832983853636,0.06066494434449265]]",0.02,"[-0.844178713129015,3.9021080327985525,1.6925112272110134,5.478500939243513,-3.2031826409743163,5.185442074104575]","[-0.8491180034996902,3.901868425136863,1.6925112272110134,5.477354841830474,-3.2031826409743163,5.185442074104575]",True,False,[],"[""orientation_tolerance""]",outputs/task_balance_comparison/points/points_ur5e/records.jsonl.gz,48070,48058
ur5e,5e16671a6183a4c81ebc87f6fd5735c29f956f6edcf22b85ccf108fac08f4728,range_loss_matched,0,gained,"[-1.7109539676018999,-1.478111635164232,0.9170885109478952,0.8248219166517314,-1.5385601010754866,6.196005509517874]","[0.12093754664215235,-0.29139787352893975,0.7139581795263703]","[[-0.97210386970093,-0.167398721344187,0.1642916145298001],[0.19246201188188994,-0.16893838549991813,0.9666530897312936],[-0.13406133109458693,0.9713071038538802,0.19644355298185606]]",0.02,"[-1.648022114530167,-1.4158150982098647,0.8541566578761624,0.7618900635799986,-1.4756282480037537,6.1330736564461406]","[-1.648022114530167,-1.4158308055289759,0.8541566578761624,0.7618900635799986,-1.4792510558760428,6.1330736564461406]",True,False,[],"[""position_tolerance""]",outputs/task_balance_comparison/points/points_ur5e/records.jsonl.gz,40111,40110
ur5e,5e16671a6183a4c81ebc87f6fd5735c29f956f6edcf22b85ccf108fac08f4728,range_loss_matched,1,gained,"[-1.7109539676018999,-1.478111635164232,0.9170885109478952,0.8248219166517314,-1.5385601010754866,6.196005509517874]","[0.12093754664215235,-0.29139787352893975,0.7139581795263703]","[[-0.97210386970093,-0.167398721344187,0.1642916145298001],[0.19246201188188994,-0.16893838549991813,0.9666530897312936],[-0.13406133109458693,0.9713071038538802,0.19644355298185606]]",0.02,"[-1.648022114530167,-1.4158150982098647,0.8541566578761624,0.7618900635799986,-1.4756282480037537,6.1330736564461406]","[-1.648022114530167,-1.4158308055289759,0.8541566578761624,0.7618900635799986,-1.4792510558760428,6.1330736564461406]",True,False,[],"[""position_tolerance""]",outputs/task_balance_comparison/points/points_ur5e/records.jsonl.gz,40117,40113
ur5e,5e16671a6183a4c81ebc87f6fd5735c29f956f6edcf22b85ccf108fac08f4728,range_loss_matched,2,gained,"[-1.7109539676018999,-1.478111635164232,0.9170885109478952,0.8248219166517314,-1.5385601010754866,6.196005509517874]","[0.12093754664215235,-0.29139787352893975,0.7139581795263703]","[[-0.97210386970093,-0.167398721344187,0.1642916145298001],[0.19246201188188994,-0.16893838549991813,0.9666530897312936],[-0.13406133109458693,0.9713071038538802,0.19644355298185606]]",0.02,"[-1.648022114530167,-1.4158150982098647,0.8541566578761624,0.7618900635799986,-1.4756282480037537,6.1330736564461406]","[-1.648022114530167,-1.4158308055289759,0.8541566578761624,0.7618900635799986,-1.4792510558760428,6.1330736564461406]",True,False,[],"[""position_tolerance""]",outputs/task_balance_comparison/points/points_ur5e/records.jsonl.gz,40105,40119
ur5e,5f2ce3b88a9723cf1dee70ede7c1e5cd73ab89fbb20e144ddb335236eda41d47,range_loss_matched,0,gained,"[-0.7164951199504426,2.412959534823222,3.1270675505704095,1.1186392899149293,4.954794223626768,-4.291530021725134]","[-0.01858057610523307,0.21990181629696348,0.0837191044730434]","[[0.5674185317156818,0.6368794338278133,-0.521939456865242],[-0.01589043915930814,0.6422116833598805,0.7663626084950864],[0.8232762014105255,-0.42655449888992236,0.37452310431777525]]",0.02,"[-0.6644439457604389,2.3565614392970993,3.141592653588793,1.1815711429866622,4.999680426087068,-4.351025739249694]","[-0.6710989146866584,2.406082906502504,3.141592653588793,1.1189528609033084,4.986618926611955,-4.3544618747968675]",True,False,[],"[""orientation_tolerance""]",outputs/task_balance_comparison/points/points_ur5e/records.jsonl.gz,50486,50479
ur5e,5f2ce3b88a9723cf1dee70ede7c1e5cd73ab89fbb20e144ddb335236eda41d47,range_loss_matched,1,gained,"[-0.7164951199504426,2.412959534823222,3.1270675505704095,1.1186392899149293,4.954794223626768,-4.291530021725134]","[-0.01858057610523307,0.21990181629696348,0.0837191044730434]","[[0.5674185317156818,0.6368794338278133,-0.521939456865242],[-0.01589043915930814,0.6422116833598805,0.7663626084950864],[0.8232762014105255,-0.42655449888992236,0.37452310431777525]]",0.02,"[-0.6644439457604389,2.3565614392970993,3.141592653588793,1.1815711429866622,4.999680426087068,-4.351025739249694]","[-0.6710989146866584,2.406082906502504,3.141592653588793,1.1189528609033084,4.986618926611955,-4.3544618747968675]",True,False,[],"[""orientation_tolerance""]",outputs/task_balance_comparison/points/points_ur5e/records.jsonl.gz,50492,50476
ur5e,5f2ce3b88a9723cf1dee70ede7c1e5cd73ab89fbb20e144ddb335236eda41d47,range_loss_matched,2,gained,"[-0.7164951199504426,2.412959534823222,3.1270675505704095,1.1186392899149293,4.954794223626768,-4.291530021725134]","[-0.01858057610523307,0.21990181629696348,0.0837191044730434]","[[0.5674185317156818,0.6368794338278133,-0.521939456865242],[-0.01589043915930814,0.6422116833598805,0.7663626084950864],[0.8232762014105255,-0.42655449888992236,0.37452310431777525]]",0.02,"[-0.6644439457604389,2.3565614392970993,3.141592653588793,1.1815711429866622,4.999680426087068,-4.351025739249694]","[-0.6710989146866584,2.406082906502504,3.141592653588793,1.1189528609033084,4.986618926611955,-4.3544618747968675]",True,False,[],"[""orientation_tolerance""]",outputs/task_balance_comparison/points/points_ur5e/records.jsonl.gz,50477,50494
ur5e,5f595c1cee756983762a0a0a497ac539f85b6263ca44df1f14511a08bfcded3b,range_loss_matched,0,gained,"[-1.2502969532675063,-3.477345624701023,-2.2275937975692353,4.329008234856387,3.2292259864304746,-4.9012026710098]","[0.03575450653171898,-0.001730205756642937,-0.2311351178549218]","[[-0.28307342535512536,-0.04062082030341907,-0.9582376452715651],[0.8602927974848512,0.4309186971496705,-0.2724066428017489],[0.42398789894689837,-0.9014760259733523,-0.08703583251676732]]",0.02,"[-1.2759931320435538,-3.4670069023476486,-2.1932140083312635,4.291169799629366,3.2311703301526613,-4.949465777105722]","[-1.2556939548891675,-3.4626656849872566,-2.205025740307677,4.340473939692207,3.2406317674240643,-4.90990187102205]",True,False,[],"[""position_tolerance"",""orientation_tolerance""]",outputs/task_balance_comparison/points/points_ur5e/records.jsonl.gz,36277,36282
ur5e,5f595c1cee756983762a0a0a497ac539f85b6263ca44df1f14511a08bfcded3b,range_loss_matched,1,gained,"[-1.2502969532675063,-3.477345624701023,-2.2275937975692353,4.329008234856387,3.2292259864304746,-4.9012026710098]","[0.03575450653171898,-0.001730205756642937,-0.2311351178549218]","[[-0.28307342535512536,-0.04062082030341907,-0.9582376452715651],[0.8602927974848512,0.4309186971496705,-0.2724066428017489],[0.42398789894689837,-0.9014760259733523,-0.08703583251676732]]",0.02,"[-1.2759931320435538,-3.4670069023476486,-2.1932140083312635,4.291169799629366,3.2311703301526613,-4.949465777105722]","[-1.2556939548891675,-3.4626656849872566,-2.205025740307677,4.340473939692207,3.2406317674240643,-4.90990187102205]",True,False,[],"[""position_tolerance"",""orientation_tolerance""]",outputs/task_balance_comparison/points/points_ur5e/records.jsonl.gz,36283,36275
ur5e,5f595c1cee756983762a0a0a497ac539f85b6263ca44df1f14511a08bfcded3b,range_loss_matched,2,gained,"[-1.2502969532675063,-3.477345624701023,-2.2275937975692353,4.329008234856387,3.2292259864304746,-4.9012026710098]","[0.03575450653171898,-0.001730205756642937,-0.2311351178549218]","[[-0.28307342535512536,-0.04062082030341907,-0.9582376452715651],[0.8602927974848512,0.4309186971496705,-0.2724066428017489],[0.42398789894689837,-0.9014760259733523,-0.08703583251676732]]",0.02,"[-1.2759931320435538,-3.4670069023476486,-2.1932140083312635,4.291169799629366,3.2311703301526613,-4.949465777105722]","[-1.2556939548891675,-3.4626656849872566,-2.205025740307677,4.340473939692207,3.2406317674240643,-4.90990187102205]",True,False,[],"[""position_tolerance"",""orientation_tolerance""]",outputs/task_balance_comparison/points/points_ur5e/records.jsonl.gz,36280,36278
ur5e,6a4eb2de6be54e6aa6105591449b6c246b317b0318f106a37e01dd4c327859db,range_loss_matched,0,gained,"[-0.848620766051928,3.1608524548140373,-2.3200495864242106,-2.6823275603133814,-1.2136269542277924,-2.616990766441604]","[0.08715945181747703,0.16660216633092786,-0.1924377672723466]","[[0.8889825364028745,0.15104191870089223,0.43231514982228514],[0.12455761611095181,-0.9882014217167002,0.08912547551541808],[0.4406761285110285,-0.025382846811295885,-0.897307227680846]]",0.02,"[-0.8928979075439498,3.2101590438353815,-2.2709548678556946,-2.7311848109591277,-1.1672778091251579,-2.5640350890969192]","[-0.8949824996854968,3.2156634371548733,-2.2777965725582017,-2.6949981744835085,-1.1556348324714918,-2.5583108407921813]",True,False,[],"[""position_tolerance"",""orientation_tolerance""]",outputs/task_balance_comparison/points/points_ur5e/records.jsonl.gz,6439,6452
ur5e,6a4eb2de6be54e6aa6105591449b6c246b317b0318f106a37e01dd4c327859db,range_loss_matched,1,gained,"[-0.848620766051928,3.1608524548140373,-2.3200495864242106,-2.6823275603133814,-1.2136269542277924,-2.616990766441604]","[0.08715945181747703,0.16660216633092786,-0.1924377672723466]","[[0.8889825364028745,0.15104191870089223,0.43231514982228514],[0.12455761611095181,-0.9882014217167002,0.08912547551541808],[0.4406761285110285,-0.025382846811295885,-0.897307227680846]]",0.02,"[-0.8928979075439498,3.2101590438353815,-2.2709548678556946,-2.7311848109591277,-1.1672778091251579,-2.5640350890969192]","[-0.8949824996854968,3.2156634371548733,-2.2777965725582017,-2.6949981744835085,-1.1556348324714918,-2.5583108407921813]",True,False,[],"[""position_tolerance"",""orientation_tolerance""]",outputs/task_balance_comparison/points/points_ur5e/records.jsonl.gz,6441,6447
ur5e,6a4eb2de6be54e6aa6105591449b6c246b317b0318f106a37e01dd4c327859db,range_loss_matched,2,gained,"[-0.848620766051928,3.1608524548140373,-2.3200495864242106,-2.6823275603133814,-1.2136269542277924,-2.616990766441604]","[0.08715945181747703,0.16660216633092786,-0.1924377672723466]","[[0.8889825364028745,0.15104191870089223,0.43231514982228514],[0.12455761611095181,-0.9882014217167002,0.08912547551541808],[0.4406761285110285,-0.025382846811295885,-0.897307227680846]]",0.02,"[-0.8928979075439498,3.2101590438353815,-2.2709548678556946,-2.7311848109591277,-1.1672778091251579,-2.5640350890969192]","[-0.8949824996854968,3.2156634371548733,-2.2777965725582017,-2.6949981744835085,-1.1556348324714918,-2.5583108407921813]",True,False,[],"[""position_tolerance"",""orientation_tolerance""]",outputs/task_balance_comparison/points/points_ur5e/records.jsonl.gz,6436,6445
ur5e,6b20be8357497dd20067ab4d2f3f9868ab0b0a580178182f8fee937d3643f814,range_loss_matched,0,gained,"[-0.848620766051928,3.1608524548140373,-2.3200495864242106,-2.6823275603133814,-1.2136269542277924,-2.616990766441604]","[0.09330201475722288,0.1457544801789381,-0.19190140480123274]","[[0.8824436181537695,0.21518172057282053,0.418318165886929],[0.22003390070148338,-0.9747802945731735,0.03726204307236653],[0.41578641550894063,0.05916252566581044,-0.907535923385443]]",0.02,"[-0.838838115623311,3.153255888041232,-2.29951204777392,-2.6954586652202446,-1.228091201879559,-2.5926394716018835]","[-0.8515879797908981,3.157360812277876,-2.3015278418701675,-2.678313620895921,-1.2299766296810628,-2.613450763824872]",True,False,[],"[""position_tolerance"",""orientation_tolerance""]",outputs/task_balance_comparison/points/points_ur5e/records.jsonl.gz,40467,40474
ur5e,6b20be8357497dd20067ab4d2f3f9868ab0b0a580178182f8fee937d3643f814,range_loss_matched,1,gained,"[-0.848620766051928,3.1608524548140373,-2.3200495864242106,-2.6823275603133814,-1.2136269542277924,-2.616990766441604]","[0.09330201475722288,0.1457544801789381,-0.19190140480123274]","[[0.8824436181537695,0.21518172057282053,0.418318165886929],[0.22003390070148338,-0.9747802945731735,0.03726204307236653],[0.41578641550894063,0.05916252566581044,-0.907535923385443]]",0.02,"[-0.838838115623311,3.153255888041232,-2.29951204777392,-2.6954586652202446,-1.228091201879559,-2.5926394716018835]","[-0.8515879797908981,3.157360812277876,-2.3015278418701675,-2.678313620895921,-1.2299766296810628,-2.613450763824872]",True,False,[],"[""position_tolerance"",""orientation_tolerance""]",outputs/task_balance_comparison/points/points_ur5e/records.jsonl.gz,40481,40479
ur5e,6b20be8357497dd20067ab4d2f3f9868ab0b0a580178182f8fee937d3643f814,range_loss_matched,2,gained,"[-0.848620766051928,3.1608524548140373,-2.3200495864242106,-2.6823275603133814,-1.2136269542277924,-2.616990766441604]","[0.09330201475722288,0.1457544801789381,-0.19190140480123274]","[[0.8824436181537695,0.21518172057282053,0.418318165886929],[0.22003390070148338,-0.9747802945731735,0.03726204307236653],[0.41578641550894063,0.05916252566581044,-0.907535923385443]]",0.02,"[-0.838838115623311,3.153255888041232,-2.29951204777392,-2.6954586652202446,-1.228091201879559,-2.5926394716018835]","[-0.8515879797908981,3.157360812277876,-2.3015278418701675,-2.678313620895921,-1.2299766296810628,-2.613450763824872]",True,False,[],"[""position_tolerance"",""orientation_tolerance""]",outputs/task_balance_comparison/points/points_ur5e/records.jsonl.gz,40480,40469
ur5e,767253a61d12ca040104b187c104485b0139243edbcfcd27db4d1bb1b5af606d,range_loss_matched,0,gained,"[0.9445379050715097,-1.8615943352790696,0.18387590308396096,6.239915872424556,-0.5408056558982492,1.3100259148074427]","[-0.20462314540591328,0.09121706744322791,0.9397618185268861]","[[-0.34720246069500105,-0.6280847623625978,-0.6963906824299527],[-0.8157839240058675,-0.1639788772609035,0.5546237617933824],[-0.4625440958664648,0.7606710584084113,-0.45544758236146354]]",0.02,"[0.9979672694513013,-1.8194231314960614,0.1546651009207442,6.179845964292253,-0.47875635659849186,1.2470940617357098]","[0.996900031930845,-1.810890432669922,0.14172127746091484,6.180511493874521,-0.48218268840240636,1.2511590589928385]",True,False,[],"[""position_tolerance""]",outputs/task_balance_comparison/points/points_ur5e/records.jsonl.gz,33374,33377
ur5e,767253a61d12ca040104b187c104485b0139243edbcfcd27db4d1bb1b5af606d,range_loss_matched,1,gained,"[0.9445379050715097,-1.8615943352790696,0.18387590308396096,6.239915872424556,-0.5408056558982492,1.3100259148074427]","[-0.20462314540591328,0.09121706744322791,0.9397618185268861]","[[-0.34720246069500105,-0.6280847623625978,-0.6963906824299527],[-0.8157839240058675,-0.1639788772609035,0.5546237617933824],[-0.4625440958664648,0.7606710584084113,-0.45544758236146354]]",0.02,"[0.9979672694513013,-1.8194231314960614,0.1546651009207442,6.179845964292253,-0.47875635659849186,1.2470940617357098]","[0.996900031930845,-1.810890432669922,0.14172127746091484,6.180511493874521,-0.48218268840240636,1.2511590589928385]",True,False,[],"[""position_tolerance""]",outputs/task_balance_comparison/points/points_ur5e/records.jsonl.gz,33382,33371
ur5e,767253a61d12ca040104b187c104485b0139243edbcfcd27db4d1bb1b5af606d,range_loss_matched,2,gained,"[0.9445379050715097,-1.8615943352790696,0.18387590308396096,6.239915872424556,-0.5408056558982492,1.3100259148074427]","[-0.20462314540591328,0.09121706744322791,0.9397618185268861]","[[-0.34720246069500105,-0.6280847623625978,-0.6963906824299527],[-0.8157839240058675,-0.1639788772609035,0.5546237617933824],[-0.4625440958664648,0.7606710584084113,-0.45544758236146354]]",0.02,"[0.9979672694513013,-1.8194231314960614,0.1546651009207442,6.179845964292253,-0.47875635659849186,1.2470940617357098]","[0.996900031930845,-1.810890432669922,0.14172127746091484,6.180511493874521,-0.48218268840240636,1.2511590589928385]",True,False,[],"[""position_tolerance""]",outputs/task_balance_comparison/points/points_ur5e/records.jsonl.gz,33380,33372
ur5e,7897e8b8bb9a83975fb607d79aed6900d843ef9498beff54e43d65e4aa4c8d5c,range_loss_matched,0,gained,"[-1.6861413780307237,4.34819443949883,1.446405496101848,-1.6061311859518117,2.2699201076256683,-3.4163588409288845]","[0.03706223032819115,-0.2229866571834639,0.8577179958588264]","[[-0.7479321570528099,-0.39044161966756474,-0.5367986867324648],[0.06357573340112316,-0.8471250421220828,0.5275768087512644],[-0.6607235538172068,0.36046429038259503,0.6584146723685101]]",0.02,"[-1.7309142300052403,4.298060632665598,1.4921187693814209,-1.6618982007059209,2.2319820097881355,-3.46441430868999]","[-1.7329436354310388,4.296861577090439,1.4891064768974276,-1.6414315884066641,2.234005735221333,-3.450898580433676]",True,False,[],"[""position_tolerance"",""orientation_tolerance""]",outputs/task_balance_comparison/points/points_ur5e/records.jsonl.gz,16765,16773
ur5e,7897e8b8bb9a83975fb607d79aed6900d843ef9498beff54e43d65e4aa4c8d5c,range_loss_matched,1,gained,"[-1.6861413780307237,4.34819443949883,1.446405496101848,-1.6061311859518117,2.2699201076256683,-3.4163588409288845]","[0.03706223032819115,-0.2229866571834639,0.8577179958588264]","[[-0.7479321570528099,-0.39044161966756474,-0.5367986867324648],[0.06357573340112316,-0.8471250421220828,0.5275768087512644],[-0.6607235538172068,0.36046429038259503,0.6584146723685101]]",0.02,"[-1.7309142300052403,4.298060632665598,1.4921187693814209,-1.6618982007059209,2.2319820097881355,-3.46441430868999]","[-1.7329436354310388,4.296861577090439,1.4891064768974276,-1.6414315884066641,2.234005735221333,-3.450898580433676]",True,False,[],"[""position_tolerance"",""orientation_tolerance""]",outputs/task_balance_comparison/points/points_ur5e/records.jsonl.gz,16764,16771
ur5e,7897e8b8bb9a83975fb607d79aed6900d843ef9498beff54e43d65e4aa4c8d5c,range_loss_matched,2,gained,"[-1.6861413780307237,4.34819443949883,1.446405496101848,-1.6061311859518117,2.2699201076256683,-3.4163588409288845]","[0.03706223032819115,-0.2229866571834639,0.8577179958588264]","[[-0.7479321570528099,-0.39044161966756474,-0.5367986867324648],[0.06357573340112316,-0.8471250421220828,0.5275768087512644],[-0.6607235538172068,0.36046429038259503,0.6584146723685101]]",0.02,"[-1.7309142300052403,4.298060632665598,1.4921187693814209,-1.6618982007059209,2.2319820097881355,-3.46441430868999]","[-1.7329436354310388,4.296861577090439,1.4891064768974276,-1.6414315884066641,2.234005735221333,-3.450898580433676]",True,False,[],"[""position_tolerance"",""orientation_tolerance""]",outputs/task_balance_comparison/points/points_ur5e/records.jsonl.gz,16756,16772
ur5e,7e44e4c79ef7a53512d7250b768a59979dd73ad04df43300b38db21aac757a55,range_loss_matched,0,gained,"[4.935578980385674,-2.9623569406860257,-0.9081023830583446,2.192354644079482,-4.825938709335393,6.224787812478501]","[-0.004284049417068305,0.6398758751357557,0.07743741880091522]","[[0.9864273516442926,-0.1549385555649406,0.05436105156706126],[0.14528219422090222,0.9778390196669362,0.15074460407976395],[-0.07651250858772646,-0.14080090772525083,0.9870769678263993]]",0.02,"[4.942844985218835,-2.9820337824333816,-0.8993750809649069,2.1755961564875066,-4.799555481220098,6.210659787817319]","[4.942694471445674,-2.978305772399342,-0.9105327477142185,2.1744731450139057,-4.802692058250919,6.209462256761176]",True,False,[],"[""position_tolerance"",""orientation_tolerance""]",outputs/task_balance_comparison/points/points_ur5e/records.jsonl.gz,31813,31815
ur5e,7e44e4c79ef7a53512d7250b768a59979dd73ad04df43300b38db21aac757a55,range_loss_matched,1,gained,"[4.935578980385674,-2.9623569406860257,-0.9081023830583446,2.192354644079482,-4.825938709335393,6.224787812478501]","[-0.004284049417068305,0.6398758751357557,0.07743741880091522]","[[0.9864273516442926,-0.1549385555649406,0.05436105156706126],[0.14528219422090222,0.9778390196669362,0.15074460407976395],[-0.07651250858772646,-0.14080090772525083,0.9870769678263993]]",0.02,"[4.942844985218835,-2.9820337824333816,-0.8993750809649069,2.1755961564875066,-4.799555481220098,6.210659787817319]","[4.942694471445674,-2.978305772399342,-0.9105327477142185,2.1744731450139057,-4.802692058250919,6.209462256761176]",True,False,[],"[""position_tolerance"",""orientation_tolerance""]",outputs/task_balance_comparison/points/points_ur5e/records.jsonl.gz,31810,31811
ur5e,7e44e4c79ef7a53512d7250b768a59979dd73ad04df43300b38db21aac757a55,range_loss_matched,2,gained,"[4.935578980385674,-2.9623569406860257,-0.9081023830583446,2.192354644079482,-4.825938709335393,6.224787812478501]","[-0.004284049417068305,0.6398758751357557,0.07743741880091522]","[[0.9864273516442926,-0.1549385555649406,0.05436105156706126],[0.14528219422090222,0.9778390196669362,0.15074460407976395],[-0.07651250858772646,-0.14080090772525083,0.9870769678263993]]",0.02,"[4.942844985218835,-2.9820337824333816,-0.8993750809649069,2.1755961564875066,-4.799555481220098,6.210659787817319]","[4.942694471445674,-2.978305772399342,-0.9105327477142185,2.1744731450139057,-4.802692058250919,6.209462256761176]",True,False,[],"[""position_tolerance"",""orientation_tolerance""]",outputs/task_balance_comparison/points/points_ur5e/records.jsonl.gz,31816,31803
ur5e,92e5f4fa80317abc2d2a6d537e18a2c3385b754fdad16c75fc3c0aa41f4fa60e,range_loss_matched,0,gained,"[-4.0719758305345595,-3.7314046595907255,0.27221914405503034,-0.4592112870155374,0.7183719605044407,2.205417872427205]","[0.2980384448958327,-0.8307351305424917,-0.14429138721704884]","[[0.2968709609585844,0.9052866498037356,-0.30384817627666555],[0.3771086404062139,-0.40347462212650703,-0.8336649822505738],[-0.8773008069473682,0.13290715175264806,-0.46117131647848064]]",0.02,"[-4.134596228859398,-3.6684728065189924,0.20953137789594226,-0.39627943394380444,0.7813038135761736,2.268349725498938]","[-4.133509678226252,-3.6944655278118805,0.2685485877006966,-0.4557255909700849,0.7661068835641244,2.2441725579648315]",True,False,[],"[""position_tolerance"",""orientation_tolerance""]",outputs/task_balance_comparison/points/points_ur5e/records.jsonl.gz,28455,28460
ur5e,92e5f4fa80317abc2d2a6d537e18a2c3385b754fdad16c75fc3c0aa41f4fa60e,range_loss_matched,1,gained,"[-4.0719758305345595,-3.7314046595907255,0.27221914405503034,-0.4592112870155374,0.7183719605044407,2.205417872427205]","[0.2980384448958327,-0.8307351305424917,-0.14429138721704884]","[[0.2968709609585844,0.9052866498037356,-0.30384817627666555],[0.3771086404062139,-0.40347462212650703,-0.8336649822505738],[-0.8773008069473682,0.13290715175264806,-0.46117131647848064]]",0.02,"[-4.134596228859398,-3.6684728065189924,0.20953137789594226,-0.39627943394380444,0.7813038135761736,2.268349725498938]","[-4.133509678226252,-3.6944655278118805,0.2685485877006966,-0.4557255909700849,0.7661068835641244,2.2441725579648315]",True,False,[],"[""position_tolerance"",""orientation_tolerance""]",outputs/task_balance_comparison/points/points_ur5e/records.jsonl.gz,28446,28457
ur5e,92e5f4fa80317abc2d2a6d537e18a2c3385b754fdad16c75fc3c0aa41f4fa60e,range_loss_matched,2,gained,"[-4.0719758305345595,-3.7314046595907255,0.27221914405503034,-0.4592112870155374,0.7183719605044407,2.205417872427205]","[0.2980384448958327,-0.8307351305424917,-0.14429138721704884]","[[0.2968709609585844,0.9052866498037356,-0.30384817627666555],[0.3771086404062139,-0.40347462212650703,-0.8336649822505738],[-0.8773008069473682,0.13290715175264806,-0.46117131647848064]]",0.02,"[-4.134596228859398,-3.6684728065189924,0.20953137789594226,-0.39627943394380444,0.7813038135761736,2.268349725498938]","[-4.133509678226252,-3.6944655278118805,0.2685485877006966,-0.4557255909700849,0.7661068835641244,2.2441725579648315]",True,False,[],"[""position_tolerance"",""orientation_tolerance""]",outputs/task_balance_comparison/points/points_ur5e/records.jsonl.gz,28450,28441
ur5e,9f8d137ee56d475e23d3bd1812ae1894ca61a339107555892218af0f544f057f,range_loss_matched,0,gained,"[3.2465148374950434,3.5173809990550513,-0.07157265560493142,5.049727345389822,4.122573469163308,2.0833048952664335]","[0.8246514442136237,-0.032120653761758454,0.5059671090577585]","[[-0.8466734431767328,0.15909508586452817,-0.5077724237027988],[-0.43232714699695657,-0.7620043637993454,0.48212300040573347],[-0.3102214025316886,0.6277245440513805,0.7139499829867347]]",0.02,"[3.202524909361285,3.4754116175592094,-0.13450450867666436,5.103252191864144,4.174657416088069,2.029432733691542]","[3.2015578280951527,3.4579723637177344,-0.09654170423056257,5.097154858965647,4.157358927887843,2.025329224471157]",True,False,[],"[""position_tolerance"",""orientation_tolerance""]",outputs/task_balance_comparison/points/points_ur5e/records.jsonl.gz,9051,9059
ur5e,9f8d137ee56d475e23d3bd1812ae1894ca61a339107555892218af0f544f057f,range_loss_matched,1,gained,"[3.2465148374950434,3.5173809990550513,-0.07157265560493142,5.049727345389822,4.122573469163308,2.0833048952664335]","[0.8246514442136237,-0.032120653761758454,0.5059671090577585]","[[-0.8466734431767328,0.15909508586452817,-0.5077724237027988],[-0.43232714699695657,-0.7620043637993454,0.48212300040573347],[-0.3102214025316886,0.6277245440513805,0.7139499829867347]]",0.02,"[3.202524909361285,3.4754116175592094,-0.13450450867666436,5.103252191864144,4.174657416088069,2.029432733691542]","[3.2015578280951527,3.4579723637177344,-0.09654170423056257,5.097154858965647,4.157358927887843,2.025329224471157]",True,False,[],"[""position_tolerance"",""orientation_tolerance""]",outputs/task_balance_comparison/points/points_ur5e/records.jsonl.gz,9067,9068
ur5e,9f8d137ee56d475e23d3bd1812ae1894ca61a339107555892218af0f544f057f,range_loss_matched,2,gained,"[3.2465148374950434,3.5173809990550513,-0.07157265560493142,5.049727345389822,4.122573469163308,2.0833048952664335]","[0.8246514442136237,-0.032120653761758454,0.5059671090577585]","[[-0.8466734431767328,0.15909508586452817,-0.5077724237027988],[-0.43232714699695657,-0.7620043637993454,0.48212300040573347],[-0.3102214025316886,0.6277245440513805,0.7139499829867347]]",0.02,"[3.202524909361285,3.4754116175592094,-0.13450450867666436,5.103252191864144,4.174657416088069,2.029432733691542]","[3.2015578280951527,3.4579723637177344,-0.09654170423056257,5.097154858965647,4.157358927887843,2.025329224471157]",True,False,[],"[""position_tolerance"",""orientation_tolerance""]",outputs/task_balance_comparison/points/points_ur5e/records.jsonl.gz,9063,9060
ur5e,9fb9359fe1043f2081f7c4ab876dfc5e72da351061f79d73c739516818a8af68,range_loss_matched,0,gained,"[2.8800065899476337,-1.6220006827384381,-1.2644963749188862,-1.5316128658977353,5.078336516376583,-0.2978603855467217]","[0.4308077135752574,-0.32960616270697435,0.747304004494976]","[[0.514912848226932,-0.7893101826791609,-0.3344461006646932],[0.725351118215511,0.6090917018290322,-0.32073829529153747],[0.4568703470727078,-0.0774385839359363,0.8861561666453946]]",0.02,"[2.8170747368759006,-1.684932535810171,-1.3254275534203963,-1.4686810128260024,5.139205208971588,-0.3607922386184546]","[2.8170747368759006,-1.6720979637273858,-1.3144246731790035,-1.5408057658024088,5.125553984654641,-0.31180740299234944]",True,False,[],"[""position_tolerance"",""orientation_tolerance""]",outputs/task_balance_comparison/points/points_ur5e/records.jsonl.gz,17025,17021
ur5e,9fb9359fe1043f2081f7c4ab876dfc5e72da351061f79d73c739516818a8af68,range_loss_matched,1,gained,"[2.8800065899476337,-1.6220006827384381,-1.2644963749188862,-1.5316128658977353,5.078336516376583,-0.2978603855467217]","[0.4308077135752574,-0.32960616270697435,0.747304004494976]","[[0.514912848226932,-0.7893101826791609,-0.3344461006646932],[0.725351118215511,0.6090917018290322,-0.32073829529153747],[0.4568703470727078,-0.0774385839359363,0.8861561666453946]]",0.02,"[2.8170747368759006,-1.684932535810171,-1.3254275534203963,-1.4686810128260024,5.139205208971588,-0.3607922386184546]","[2.8170747368759006,-1.6720979637273858,-1.3144246731790035,-1.5408057658024088,5.125553984654641,-0.31180740299234944]",True,False,[],"[""position_tolerance"",""orientation_tolerance""]",outputs/task_balance_comparison/points/points_ur5e/records.jsonl.gz,17017,17032
ur5e,9fb9359fe1043f2081f7c4ab876dfc5e72da351061f79d73c739516818a8af68,range_loss_matched,2,gained,"[2.8800065899476337,-1.6220006827384381,-1.2644963749188862,-1.5316128658977353,5.078336516376583,-0.2978603855467217]","[0.4308077135752574,-0.32960616270697435,0.747304004494976]","[[0.514912848226932,-0.7893101826791609,-0.3344461006646932],[0.725351118215511,0.6090917018290322,-0.32073829529153747],[0.4568703470727078,-0.0774385839359363,0.8861561666453946]]",0.02,"[2.8170747368759006,-1.684932535810171,-1.3254275534203963,-1.4686810128260024,5.139205208971588,-0.3607922386184546]","[2.8170747368759006,-1.6720979637273858,-1.3144246731790035,-1.5408057658024088,5.125553984654641,-0.31180740299234944]",True,False,[],"[""position_tolerance"",""orientation_tolerance""]",outputs/task_balance_comparison/points/points_ur5e/records.jsonl.gz,17035,17027
ur5e,a2bec6c0b3e99807532bc266c9b800c962dbaf828916ba230aaf10231bab1ed9,range_loss_matched,0,gained,"[-4.4210584013516865,-5.260978589553046,3.1249298874127796,3.679274655624207,-1.1534267406228507,2.591883318277037]","[-0.15446080588418212,-0.123452295984102,0.22105772321663475]","[[-0.8381534597821505,-0.3057055816847975,-0.4517110527560398],[0.39369313368470454,-0.912256357527912,-0.11311080690819719],[-0.37749767462161615,-0.2726397540283985,0.8849650107086757]]",0.02,"[-4.4751744935329185,-5.31531315660837,3.135553244989559,3.74220650869594,-1.0904948875511178,2.528951465205304]","[-4.48399025442342,-5.248673682130569,3.131242473022784,3.6941273644083528,-1.0994034557159427,2.528951465205304]",True,False,[],"[""orientation_tolerance""]",outputs/task_balance_comparison/points/points_ur5e/records.jsonl.gz,45057,45055
ur5e,a2bec6c0b3e99807532bc266c9b800c962dbaf828916ba230aaf10231bab1ed9,range_loss_matched,1,gained,"[-4.4210584013516865,-5.260978589553046,3.1249298874127796,3.679274655624207,-1.1534267406228507,2.591883318277037]","[-0.15446080588418212,-0.123452295984102,0.22105772321663475]","[[-0.8381534597821505,-0.3057055816847975,-0.4517110527560398],[0.39369313368470454,-0.912256357527912,-0.11311080690819719],[-0.37749767462161615,-0.2726397540283985,0.8849650107086757]]",0.02,"[-4.4751744935329185,-5.31531315660837,3.135553244989559,3.74220650869594,-1.0904948875511178,2.528951465205304]","[-4.48399025442342,-5.248673682130569,3.131242473022784,3.6941273644083528,-1.0994034557159427,2.528951465205304]",True,False,[],"[""orientation_tolerance""]",outputs/task_balance_comparison/points/points_ur5e/records.jsonl.gz,45072,45067
ur5e,a2bec6c0b3e99807532bc266c9b800c962dbaf828916ba230aaf10231bab1ed9,range_loss_matched,2,gained,"[-4.4210584013516865,-5.260978589553046,3.1249298874127796,3.679274655624207,-1.1534267406228507,2.591883318277037]","[-0.15446080588418212,-0.123452295984102,0.22105772321663475]","[[-0.8381534597821505,-0.3057055816847975,-0.4517110527560398],[0.39369313368470454,-0.912256357527912,-0.11311080690819719],[-0.37749767462161615,-0.2726397540283985,0.8849650107086757]]",0.02,"[-4.4751744935329185,-5.31531315660837,3.135553244989559,3.74220650869594,-1.0904948875511178,2.528951465205304]","[-4.48399025442342,-5.248673682130569,3.131242473022784,3.6941273644083528,-1.0994034557159427,2.528951465205304]",True,False,[],"[""orientation_tolerance""]",outputs/task_balance_comparison/points/points_ur5e/records.jsonl.gz,45060,45063
ur5e,af8c4ffa70c09bd34de3a58b5059fa33bd7be6efad47d92ddb5d4e2784225d07,range_loss_matched,0,gained,"[4.958194362439789,-1.2174235225442231,-0.008960302692679,2.917122705875858,-2.843760345521034,-3.3311184059015733]","[0.11907460170948443,-0.2395584119831589,0.9642992033257718]","[[0.4880340018496049,-0.17125363599653837,-0.8558592204309218],[-0.3837886508712125,0.8385784816194445,-0.3866424726116899],[0.7839190548144078,0.5171637287385804,0.3435296103338017]]",0.02,"[5.021126215511522,-1.1552005458995838,0.053971550379053934,2.9785339935818755,-2.780828492449301,-3.3940502589733064]","[5.021126215511522,-1.1544916694724903,0.053971550379053934,2.9800545589475913,-2.780828492449301,-3.3940502589733064]",True,False,[],"[""position_tolerance""]",outputs/task_balance_comparison/points/points_ur5e/records.jsonl.gz,9796,9815
ur5e,af8c4ffa70c09bd34de3a58b5059fa33bd7be6efad47d92ddb5d4e2784225d07,range_loss_matched,1,gained,"[4.958194362439789,-1.2174235225442231,-0.008960302692679,2.917122705875858,-2.843760345521034,-3.3311184059015733]","[0.11907460170948443,-0.2395584119831589,0.9642992033257718]","[[0.4880340018496049,-0.17125363599653837,-0.8558592204309218],[-0.3837886508712125,0.8385784816194445,-0.3866424726116899],[0.7839190548144078,0.5171637287385804,0.3435296103338017]]",0.02,"[5.021126215511522,-1.1552005458995838,0.053971550379053934,2.9785339935818755,-2.780828492449301,-3.3940502589733064]","[5.021126215511522,-1.1544916694724903,0.053971550379053934,2.9800545589475913,-2.780828492449301,-3.3940502589733064]",True,False,[],"[""position_tolerance""]",outputs/task_balance_comparison/points/points_ur5e/records.jsonl.gz,9816,9801
ur5e,af8c4ffa70c09bd34de3a58b5059fa33bd7be6efad47d92ddb5d4e2784225d07,range_loss_matched,2,gained,"[4.958194362439789,-1.2174235225442231,-0.008960302692679,2.917122705875858,-2.843760345521034,-3.3311184059015733]","[0.11907460170948443,-0.2395584119831589,0.9642992033257718]","[[0.4880340018496049,-0.17125363599653837,-0.8558592204309218],[-0.3837886508712125,0.8385784816194445,-0.3866424726116899],[0.7839190548144078,0.5171637287385804,0.3435296103338017]]",0.02,"[5.021126215511522,-1.1552005458995838,0.053971550379053934,2.9785339935818755,-2.780828492449301,-3.3940502589733064]","[5.021126215511522,-1.1544916694724903,0.053971550379053934,2.9800545589475913,-2.780828492449301,-3.3940502589733064]",True,False,[],"[""position_tolerance""]",outputs/task_balance_comparison/points/points_ur5e/records.jsonl.gz,9814,9795
ur5e,b98c9cb1e1025d8ad6f5af485a35cb8850b7938e8f7a6006897dce0aa00f40a8,range_loss_matched,0,gained,"[1.814090556663503,-2.1989777639992525,0.6020448148604105,6.214886530128774,-5.239785190248102,-3.8699656912018625]","[-0.16727293002339358,-0.12277666049509735,0.9868653596148278]","[[0.7539069980031832,0.37419631016927435,-0.5400012590888362],[-0.47095514684640666,0.8808995796563381,-0.04708694320261413],[0.45806712174168085,0.28981554826645656,0.84034603584613]]",0.02,"[1.7579361971766037,-2.1441185472599247,0.6649766679321434,6.258397531809593,-5.283560773384467,-3.82607540323316]","[1.7586585685424165,-2.1412883518644303,0.6564975120583009,6.267669396872335,-5.2920160191594805,-3.8170770374679366]",True,False,[],"[""position_tolerance"",""orientation_tolerance""]",outputs/task_balance_comparison/points/points_ur5e/records.jsonl.gz,27853,27862
ur5e,b98c9cb1e1025d8ad6f5af485a35cb8850b7938e8f7a6006897dce0aa00f40a8,range_loss_matched,1,gained,"[1.814090556663503,-2.1989777639992525,0.6020448148604105,6.214886530128774,-5.239785190248102,-3.8699656912018625]","[-0.16727293002339358,-0.12277666049509735,0.9868653596148278]","[[0.7539069980031832,0.37419631016927435,-0.5400012590888362],[-0.47095514684640666,0.8808995796563381,-0.04708694320261413],[0.45806712174168085,0.28981554826645656,0.84034603584613]]",0.02,"[1.7579361971766037,-2.1441185472599247,0.6649766679321434,6.258397531809593,-5.283560773384467,-3.82607540323316]","[1.7586585685424165,-2.1412883518644303,0.6564975120583009,6.267669396872335,-5.2920160191594805,-3.8170770374679366]",True,False,[],"[""position_tolerance"",""orientation_tolerance""]",outputs/task_balance_comparison/points/points_ur5e/records.jsonl.gz,27850,27848
ur5e,b98c9cb1e1025d8ad6f5af485a35cb8850b7938e8f7a6006897dce0aa00f40a8,range_loss_matched,2,gained,"[1.814090556663503,-2.1989777639992525,0.6020448148604105,6.214886530128774,-5.239785190248102,-3.8699656912018625]","[-0.16727293002339358,-0.12277666049509735,0.9868653596148278]","[[0.7539069980031832,0.37419631016927435,-0.5400012590888362],[-0.47095514684640666,0.8808995796563381,-0.04708694320261413],[0.45806712174168085,0.28981554826645656,0.84034603584613]]",0.02,"[1.7579361971766037,-2.1441185472599247,0.6649766679321434,6.258397531809593,-5.283560773384467,-3.82607540323316]","[1.7586585685424165,-2.1412883518644303,0.6564975120583009,6.267669396872335,-5.2920160191594805,-3.8170770374679366]",True,False,[],"[""position_tolerance"",""orientation_tolerance""]",outputs/task_balance_comparison/points/points_ur5e/records.jsonl.gz,27849,27851
ur5e,ca039cd1e4b7681f8a3f423a8790517cbd56a85da42066383160bc69cdbaba5c,range_loss_matched,0,gained,"[6.252885461632687,-3.7198201534575355,1.8157352196434235,-4.4585395715979566,3.820233478381642,-0.25291083065387276]","[-0.5116427552394919,0.10267898926197416,0.23159744933218723]","[[0.6585133022586384,0.1817173738016163,-0.7303006413848114],[-0.6968363872256531,-0.21925635676086902,-0.6828950867140942],[-0.28421695970987193,0.9585955591794665,-0.01775594927574609]]",0.02,"[6.199246331456,-3.6641498438236346,1.872220783675162,-4.517730923826589,3.876753735224642,-0.3078758444463063]","[6.197906380661263,-3.660815818608648,1.869680211885038,-4.511474564353547,3.867954049899473,-0.2970472304103289]",True,False,[],"[""position_tolerance"",""orientation_tolerance""]",outputs/task_balance_comparison/points/points_ur5e/records.jsonl.gz,5253,5233
ur5e,ca039cd1e4b7681f8a3f423a8790517cbd56a85da42066383160bc69cdbaba5c,range_loss_matched,1,gained,"[6.252885461632687,-3.7198201534575355,1.8157352196434235,-4.4585395715979566,3.820233478381642,-0.25291083065387276]","[-0.5116427552394919,0.10267898926197416,0.23159744933218723]","[[0.6585133022586384,0.1817173738016163,-0.7303006413848114],[-0.6968363872256531,-0.21925635676086902,-0.6828950867140942],[-0.28421695970987193,0.9585955591794665,-0.01775594927574609]]",0.02,"[6.199246331456,-3.6641498438236346,1.872220783675162,-4.517730923826589,3.876753735224642,-0.3078758444463063]","[6.197906380661263,-3.660815818608648,1.869680211885038,-4.511474564353547,3.867954049899473,-0.2970472304103289]",True,False,[],"[""position_tolerance"",""orientation_tolerance""]",outputs/task_balance_comparison/points/points_ur5e/records.jsonl.gz,5236,5243
ur5e,ca039cd1e4b7681f8a3f423a8790517cbd56a85da42066383160bc69cdbaba5c,range_loss_matched,2,gained,"[6.252885461632687,-3.7198201534575355,1.8157352196434235,-4.4585395715979566,3.820233478381642,-0.25291083065387276]","[-0.5116427552394919,0.10267898926197416,0.23159744933218723]","[[0.6585133022586384,0.1817173738016163,-0.7303006413848114],[-0.6968363872256531,-0.21925635676086902,-0.6828950867140942],[-0.28421695970987193,0.9585955591794665,-0.01775594927574609]]",0.02,"[6.199246331456,-3.6641498438236346,1.872220783675162,-4.517730923826589,3.876753735224642,-0.3078758444463063]","[6.197906380661263,-3.660815818608648,1.869680211885038,-4.511474564353547,3.867954049899473,-0.2970472304103289]",True,False,[],"[""position_tolerance"",""orientation_tolerance""]",outputs/task_balance_comparison/points/points_ur5e/records.jsonl.gz,5248,5250
ur5e,d4660fb86b5c934b5125509dd2edb3be8baa8ab50502b2070544b3e28166ed89,range_loss_matched,0,gained,"[-5.06820211079997,-4.017606388439138,-1.9566817930904936,1.1710469186465717,-3.717421395813698,-4.128635535726142]","[-0.05642893884784433,-0.012753211252116224,-0.36254014245397853]","[[0.5712736786758796,0.17461349974200333,0.8019703920719128],[0.6813971837258619,-0.6455992002965402,-0.34481814132515143],[0.45754154135181213,0.7434458946583251,-0.4877949770683281]]",0.02,"[-5.130958934704138,-3.955429961706538,-1.8937499400187607,1.1141177903921429,-3.654489542741965,-4.186588060229987]","[-5.088595580446393,-3.9619450754357457,-1.8937499400187607,1.1570697281033706,-3.6955620724246065,-4.107526562320254]",True,False,[],"[""position_tolerance"",""orientation_tolerance""]",outputs/task_balance_comparison/points/points_ur5e/records.jsonl.gz,51798,51797
ur5e,d4660fb86b5c934b5125509dd2edb3be8baa8ab50502b2070544b3e28166ed89,range_loss_matched,1,gained,"[-5.06820211079997,-4.017606388439138,-1.9566817930904936,1.1710469186465717,-3.717421395813698,-4.128635535726142]","[-0.05642893884784433,-0.012753211252116224,-0.36254014245397853]","[[0.5712736786758796,0.17461349974200333,0.8019703920719128],[0.6813971837258619,-0.6455992002965402,-0.34481814132515143],[0.45754154135181213,0.7434458946583251,-0.4877949770683281]]",0.02,"[-5.130958934704138,-3.955429961706538,-1.8937499400187607,1.1141177903921429,-3.654489542741965,-4.186588060229987]","[-5.088595580446393,-3.9619450754357457,-1.8937499400187607,1.1570697281033706,-3.6955620724246065,-4.107526562320254]",True,False,[],"[""position_tolerance"",""orientation_tolerance""]",outputs/task_balance_comparison/points/points_ur5e/records.jsonl.gz,51803,51800
ur5e,d4660fb86b5c934b5125509dd2edb3be8baa8ab50502b2070544b3e28166ed89,range_loss_matched,2,gained,"[-5.06820211079997,-4.017606388439138,-1.9566817930904936,1.1710469186465717,-3.717421395813698,-4.128635535726142]","[-0.05642893884784433,-0.012753211252116224,-0.36254014245397853]","[[0.5712736786758796,0.17461349974200333,0.8019703920719128],[0.6813971837258619,-0.6455992002965402,-0.34481814132515143],[0.45754154135181213,0.7434458946583251,-0.4877949770683281]]",0.02,"[-5.130958934704138,-3.955429961706538,-1.8937499400187607,1.1141177903921429,-3.654489542741965,-4.186588060229987]","[-5.088595580446393,-3.9619450754357457,-1.8937499400187607,1.1570697281033706,-3.6955620724246065,-4.107526562320254]",True,False,[],"[""position_tolerance"",""orientation_tolerance""]",outputs/task_balance_comparison/points/points_ur5e/records.jsonl.gz,51801,51799
ur5e,d8d4c785fcc63baf510d4925fb585dfdfabb609fc479beae1f527c5f410b194c,range_loss_matched,0,gained,"[-0.848620766051928,3.1608524548140373,-2.3200495864242106,-2.6823275603133814,-1.2136269542277924,-2.616990766441604]","[0.11347836710454515,0.13653990969358895,-0.20188068930361658]","[[0.8263934698626996,0.2351431164616969,0.511645920289577],[0.2661439164705929,-0.96384430630772,0.01309843211548532],[0.49622701326507956,0.1253469903063918,-0.8590965506432602]]",0.02,"[-0.9115526191236609,3.097920601742304,-2.257812129713067,-2.7452594133851145,-1.1513046820751522,-2.679922619513337]","[-0.9115526191236609,3.097920601742304,-2.2578218555239817,-2.7452594133851145,-1.154273561591695,-2.679922619513337]",True,False,[],"[""orientation_tolerance""]",outputs/task_balance_comparison/points/points_ur5e/records.jsonl.gz,15436,15449
ur5e,d8d4c785fcc63baf510d4925fb585dfdfabb609fc479beae1f527c5f410b194c,range_loss_matched,1,gained,"[-0.848620766051928,3.1608524548140373,-2.3200495864242106,-2.6823275603133814,-1.2136269542277924,-2.616990766441604]","[0.11347836710454515,0.13653990969358895,-0.20188068930361658]","[[0.8263934698626996,0.2351431164616969,0.511645920289577],[0.2661439164705929,-0.96384430630772,0.01309843211548532],[0.49622701326507956,0.1253469903063918,-0.8590965506432602]]",0.02,"[-0.9115526191236609,3.097920601742304,-2.257812129713067,-2.7452594133851145,-1.1513046820751522,-2.679922619513337]","[-0.9115526191236609,3.097920601742304,-2.2578218555239817,-2.7452594133851145,-1.154273561591695,-2.679922619513337]",True,False,[],"[""orientation_tolerance""]",outputs/task_balance_comparison/points/points_ur5e/records.jsonl.gz,15446,15434
ur5e,d8d4c785fcc63baf510d4925fb585dfdfabb609fc479beae1f527c5f410b194c,range_loss_matched,2,gained,"[-0.848620766051928,3.1608524548140373,-2.3200495864242106,-2.6823275603133814,-1.2136269542277924,-2.616990766441604]","[0.11347836710454515,0.13653990969358895,-0.20188068930361658]","[[0.8263934698626996,0.2351431164616969,0.511645920289577],[0.2661439164705929,-0.96384430630772,0.01309843211548532],[0.49622701326507956,0.1253469903063918,-0.8590965506432602]]",0.02,"[-0.9115526191236609,3.097920601742304,-2.257812129713067,-2.7452594133851145,-1.1513046820751522,-2.679922619513337]","[-0.9115526191236609,3.097920601742304,-2.2578218555239817,-2.7452594133851145,-1.154273561591695,-2.679922619513337]",True,False,[],"[""orientation_tolerance""]",outputs/task_balance_comparison/points/points_ur5e/records.jsonl.gz,15437,15452
ur5e,dbb38656b41532b43404ef3a604ae4215196867197d7dd1e8e33fb30a2583be7,range_loss_matched,0,gained,"[3.3776004886203275,1.0010330872666673,0.3925936270634405,1.855206943483342,0.516714783763252,6.247772031717528]","[-0.2370821668022669,-0.3070174715554638,-0.45851297341107367]","[[-0.7223534106746622,-0.08077676650782749,0.6867901164687961],[-0.6876930259516393,-0.020485735939453863,-0.7257125027726181],[0.07269011036008134,-0.996521674935151,-0.04075167776031187]]",0.02,"[3.4405323416920606,0.9381012341949344,0.32966177399170754,1.7942253605167446,0.4556292706418148,6.281737463162049]","[3.4405323416920606,0.9381012341949344,0.33036804637281414,1.7972965164827697,0.45378293069151904,6.278190842846301]",True,False,[],"[""orientation_tolerance""]",outputs/task_balance_comparison/points/points_ur5e/records.jsonl.gz,19212,19202
ur5e,dbb38656b41532b43404ef3a604ae4215196867197d7dd1e8e33fb30a2583be7,range_loss_matched,1,gained,"[3.3776004886203275,1.0010330872666673,0.3925936270634405,1.855206943483342,0.516714783763252,6.247772031717528]","[-0.2370821668022669,-0.3070174715554638,-0.45851297341107367]","[[-0.7223534106746622,-0.08077676650782749,0.6867901164687961],[-0.6876930259516393,-0.020485735939453863,-0.7257125027726181],[0.07269011036008134,-0.996521674935151,-0.04075167776031187]]",0.02,"[3.4405323416920606,0.9381012341949344,0.32966177399170754,1.7942253605167446,0.4556292706418148,6.281737463162049]","[3.4405323416920606,0.9381012341949344,0.33036804637281414,1.7972965164827697,0.45378293069151904,6.278190842846301]",True,False,[],"[""orientation_tolerance""]",outputs/task_balance_comparison/points/points_ur5e/records.jsonl.gz,19201,19222
ur5e,dbb38656b41532b43404ef3a604ae4215196867197d7dd1e8e33fb30a2583be7,range_loss_matched,2,gained,"[3.3776004886203275,1.0010330872666673,0.3925936270634405,1.855206943483342,0.516714783763252,6.247772031717528]","[-0.2370821668022669,-0.3070174715554638,-0.45851297341107367]","[[-0.7223534106746622,-0.08077676650782749,0.6867901164687961],[-0.6876930259516393,-0.020485735939453863,-0.7257125027726181],[0.07269011036008134,-0.996521674935151,-0.04075167776031187]]",0.02,"[3.4405323416920606,0.9381012341949344,0.32966177399170754,1.7942253605167446,0.4556292706418148,6.281737463162049]","[3.4405323416920606,0.9381012341949344,0.33036804637281414,1.7972965164827697,0.45378293069151904,6.278190842846301]",True,False,[],"[""orientation_tolerance""]",outputs/task_balance_comparison/points/points_ur5e/records.jsonl.gz,19210,19207
ur5e,e37e2bf06cee3ec5bd6bdb849ee591c30c43965525e5d36c30b026f203252e47,range_loss_matched,0,gained,"[3.9062849873394168,-3.7580492639671923,-0.729368009861231,5.082675738130602,6.18585530269417,5.200790992550688]","[0.5502102740783792,0.25415907709150887,-0.5069380217744728]","[[0.6134777723024907,0.2169412160762673,0.7593296594089578],[0.7063230771095523,0.2793165189079121,-0.650453682446075],[-0.35320353004077837,0.9353709376672531,0.018123888496035197]]",0.02,"[3.968911523409139,-3.6976560809217065,-0.6664361567894981,5.028001780831411,6.244746769118846,5.258681957047058]","[3.967562808935871,-3.704077632936435,-0.6664361567894981,5.087486923918375,6.243053609798321,5.205291604717787]",True,False,[],"[""orientation_tolerance""]",outputs/task_balance_comparison/points/points_ur5e/records.jsonl.gz,40366,40361
ur5e,e37e2bf06cee3ec5bd6bdb849ee591c30c43965525e5d36c30b026f203252e47,range_loss_matched,1,gained,"[3.9062849873394168,-3.7580492639671923,-0.729368009861231,5.082675738130602,6.18585530269417,5.200790992550688]","[0.5502102740783792,0.25415907709150887,-0.5069380217744728]","[[0.6134777723024907,0.2169412160762673,0.7593296594089578],[0.7063230771095523,0.2793165189079121,-0.650453682446075],[-0.35320353004077837,0.9353709376672531,0.018123888496035197]]",0.02,"[3.968911523409139,-3.6976560809217065,-0.6664361567894981,5.028001780831411,6.244746769118846,5.258681957047058]","[3.967562808935871,-3.704077632936435,-0.6664361567894981,5.087486923918375,6.243053609798321,5.205291604717787]",True,False,[],"[""orientation_tolerance""]",outputs/task_balance_comparison/points/points_ur5e/records.jsonl.gz,40355,40353
ur5e,e37e2bf06cee3ec5bd6bdb849ee591c30c43965525e5d36c30b026f203252e47,range_loss_matched,2,gained,"[3.9062849873394168,-3.7580492639671923,-0.729368009861231,5.082675738130602,6.18585530269417,5.200790992550688]","[0.5502102740783792,0.25415907709150887,-0.5069380217744728]","[[0.6134777723024907,0.2169412160762673,0.7593296594089578],[0.7063230771095523,0.2793165189079121,-0.650453682446075],[-0.35320353004077837,0.9353709376672531,0.018123888496035197]]",0.02,"[3.968911523409139,-3.6976560809217065,-0.6664361567894981,5.028001780831411,6.244746769118846,5.258681957047058]","[3.967562808935871,-3.704077632936435,-0.6664361567894981,5.087486923918375,6.243053609798321,5.205291604717787]",True,False,[],"[""orientation_tolerance""]",outputs/task_balance_comparison/points/points_ur5e/records.jsonl.gz,40350,40346
ur5e,ed8a3d8165254710130f1afc35b9aa63b7c48fa8035a4e66f6e3cead9e47e0ae,range_loss_matched,0,gained,"[2.0201294416134745,-2.3726911376991375,-0.47684494816045797,4.732764524267305,-4.18433810886723,1.4472409310176308]","[0.23807590172883686,-0.7900762386864534,0.510121164848824]","[[-0.38741549246216056,0.6669586190158915,0.6364553689935503],[0.8295547743304338,0.5533742153056822,-0.07493900333206556],[-0.402179204566676,0.498942059116322,-0.7676644508239783]]",0.02,"[1.9575522139093766,-2.435474697917613,-0.41391309508872504,4.795696377339038,-4.121406255795497,1.5101727840893637]","[1.9571975885417416,-2.4356229907708706,-0.41391309508872504,4.795696377339038,-4.121406255795497,1.5101727840893637]",True,False,[],"[""position_tolerance""]",outputs/task_balance_comparison/points/points_ur5e/records.jsonl.gz,12900,12909
ur5e,ed8a3d8165254710130f1afc35b9aa63b7c48fa8035a4e66f6e3cead9e47e0ae,range_loss_matched,1,gained,"[2.0201294416134745,-2.3726911376991375,-0.47684494816045797,4.732764524267305,-4.18433810886723,1.4472409310176308]","[0.23807590172883686,-0.7900762386864534,0.510121164848824]","[[-0.38741549246216056,0.6669586190158915,0.6364553689935503],[0.8295547743304338,0.5533742153056822,-0.07493900333206556],[-0.402179204566676,0.498942059116322,-0.7676644508239783]]",0.02,"[1.9575522139093766,-2.435474697917613,-0.41391309508872504,4.795696377339038,-4.121406255795497,1.5101727840893637]","[1.9571975885417416,-2.4356229907708706,-0.41391309508872504,4.795696377339038,-4.121406255795497,1.5101727840893637]",True,False,[],"[""position_tolerance""]",outputs/task_balance_comparison/points/points_ur5e/records.jsonl.gz,12897,12907
ur5e,ed8a3d8165254710130f1afc35b9aa63b7c48fa8035a4e66f6e3cead9e47e0ae,range_loss_matched,2,gained,"[2.0201294416134745,-2.3726911376991375,-0.47684494816045797,4.732764524267305,-4.18433810886723,1.4472409310176308]","[0.23807590172883686,-0.7900762386864534,0.510121164848824]","[[-0.38741549246216056,0.6669586190158915,0.6364553689935503],[0.8295547743304338,0.5533742153056822,-0.07493900333206556],[-0.402179204566676,0.498942059116322,-0.7676644508239783]]",0.02,"[1.9575522139093766,-2.435474697917613,-0.41391309508872504,4.795696377339038,-4.121406255795497,1.5101727840893637]","[1.9571975885417416,-2.4356229907708706,-0.41391309508872504,4.795696377339038,-4.121406255795497,1.5101727840893637]",True,False,[],"[""position_tolerance""]",outputs/task_balance_comparison/points/points_ur5e/records.jsonl.gz,12894,12892
ur5e,f5bda9577dcbb46e8e2feeb6b112c9eaf5a78010bb8b50bd30daf7fe0e04c0d1,range_loss_matched,0,gained,"[3.1127391294754716,-4.1689517731618455,2.323616320984894,-1.0452249336695907,-0.302237317929106,1.5105859829828763]","[0.28612790700129775,-0.2539439095249657,0.24354841700880225]","[[-0.04221342451419681,0.8952923092830093,-0.44347458521259187],[0.05341308225389697,-0.44121322522165357,-0.8958113264151358],[-0.9976798431535653,-0.06150260830406092,-0.02919520057945512]]",0.02,"[3.0498072764037385,-4.231883626233579,2.260684467913161,-1.1077158228867552,-0.36451134750163855,1.4507690810954197]","[3.0512502435026843,-4.231883626233579,2.260684467913161,-1.1081567867413236,-0.36516917100083895,1.4476541299111434]",True,False,[],"[""orientation_tolerance""]",outputs/task_balance_comparison/points/points_ur5e/records.jsonl.gz,18353,18340
ur5e,f5bda9577dcbb46e8e2feeb6b112c9eaf5a78010bb8b50bd30daf7fe0e04c0d1,range_loss_matched,1,gained,"[3.1127391294754716,-4.1689517731618455,2.323616320984894,-1.0452249336695907,-0.302237317929106,1.5105859829828763]","[0.28612790700129775,-0.2539439095249657,0.24354841700880225]","[[-0.04221342451419681,0.8952923092830093,-0.44347458521259187],[0.05341308225389697,-0.44121322522165357,-0.8958113264151358],[-0.9976798431535653,-0.06150260830406092,-0.02919520057945512]]",0.02,"[3.0498072764037385,-4.231883626233579,2.260684467913161,-1.1077158228867552,-0.36451134750163855,1.4507690810954197]","[3.0512502435026843,-4.231883626233579,2.260684467913161,-1.1081567867413236,-0.36516917100083895,1.4476541299111434]",True,False,[],"[""orientation_tolerance""]",outputs/task_balance_comparison/points/points_ur5e/records.jsonl.gz,18338,18345
ur5e,f5bda9577dcbb46e8e2feeb6b112c9eaf5a78010bb8b50bd30daf7fe0e04c0d1,range_loss_matched,2,gained,"[3.1127391294754716,-4.1689517731618455,2.323616320984894,-1.0452249336695907,-0.302237317929106,1.5105859829828763]","[0.28612790700129775,-0.2539439095249657,0.24354841700880225]","[[-0.04221342451419681,0.8952923092830093,-0.44347458521259187],[0.05341308225389697,-0.44121322522165357,-0.8958113264151358],[-0.9976798431535653,-0.06150260830406092,-0.02919520057945512]]",0.02,"[3.0498072764037385,-4.231883626233579,2.260684467913161,-1.1077158228867552,-0.36451134750163855,1.4507690810954197]","[3.0512502435026843,-4.231883626233579,2.260684467913161,-1.1081567867413236,-0.36516917100083895,1.4476541299111434]",True,False,[],"[""orientation_tolerance""]",outputs/task_balance_comparison/points/points_ur5e/records.jsonl.gz,18343,18359
ur5e,f5c5b147eea327ed0a93625d60bf353e912a5f19f5207b8fb8041cdcee05781b,range_loss_matched,0,gained,"[-4.681916908525979,-3.175522570489742,-2.5193570577609505,3.00281118633176,-0.44685197660859277,-1.9135208986263352]","[-0.22550624454013068,-0.02059953594641661,0.02429920076941556]","[[-0.1402697786556953,0.25495395172538887,-0.9567250763388039],[-0.008926860010689954,0.9659134328359169,0.25871132839032057],[0.9900730782958559,0.04482993159422431,-0.13321252518823218]]",0.02,"[-4.621988551741951,-3.238454423561475,-2.5807468920542562,3.0608810388068184,-0.38392012353685984,-1.974336068213361]","[-4.650821269889358,-3.215932368161402,-2.574462043428297,3.030362790693234,-0.38392012353685984,-1.976452751698068]",True,False,[],"[""orientation_tolerance""]",outputs/task_balance_comparison/points/points_ur5e/records.jsonl.gz,47768,47783
ur5e,f5c5b147eea327ed0a93625d60bf353e912a5f19f5207b8fb8041cdcee05781b,range_loss_matched,1,gained,"[-4.681916908525979,-3.175522570489742,-2.5193570577609505,3.00281118633176,-0.44685197660859277,-1.9135208986263352]","[-0.22550624454013068,-0.02059953594641661,0.02429920076941556]","[[-0.1402697786556953,0.25495395172538887,-0.9567250763388039],[-0.008926860010689954,0.9659134328359169,0.25871132839032057],[0.9900730782958559,0.04482993159422431,-0.13321252518823218]]",0.02,"[-4.621988551741951,-3.238454423561475,-2.5807468920542562,3.0608810388068184,-0.38392012353685984,-1.974336068213361]","[-4.650821269889358,-3.215932368161402,-2.574462043428297,3.030362790693234,-0.38392012353685984,-1.976452751698068]",True,False,[],"[""orientation_tolerance""]",outputs/task_balance_comparison/points/points_ur5e/records.jsonl.gz,47775,47769
ur5e,f5c5b147eea327ed0a93625d60bf353e912a5f19f5207b8fb8041cdcee05781b,range_loss_matched,2,gained,"[-4.681916908525979,-3.175522570489742,-2.5193570577609505,3.00281118633176,-0.44685197660859277,-1.9135208986263352]","[-0.22550624454013068,-0.02059953594641661,0.02429920076941556]","[[-0.1402697786556953,0.25495395172538887,-0.9567250763388039],[-0.008926860010689954,0.9659134328359169,0.25871132839032057],[0.9900730782958559,0.04482993159422431,-0.13321252518823218]]",0.02,"[-4.621988551741951,-3.238454423561475,-2.5807468920542562,3.0608810388068184,-0.38392012353685984,-1.974336068213361]","[-4.650821269889358,-3.215932368161402,-2.574462043428297,3.030362790693234,-0.38392012353685984,-1.976452751698068]",True,False,[],"[""orientation_tolerance""]",outputs/task_balance_comparison/points/points_ur5e/records.jsonl.gz,47771,47778
ur5e,f6150ec91f4ec3094eaca11b43f8dab91ce9228cfeb9a393f9ab162da8c4c1ff,range_loss_matched,0,gained,"[3.493701471742222,3.8893107701095158,-0.4828350106417978,4.414351952159732,2.5191236356117397,4.703721047297236]","[0.7551775909584267,0.2713340925037168,0.4025529544057605]","[[0.8836207421421871,0.166866639891004,-0.4374584649399024],[0.4394793425613485,-0.6178239049453879,0.6520364483216234],[-0.16146916584269197,-0.7684068889393941,-0.6192564585957477]]",0.02,"[3.5565972378095996,3.826992802921914,-0.5457668637135307,4.3515630826808005,2.4561917825400066,4.640789194225503]","[3.556633324813955,3.8277840039705193,-0.5457668637135307,4.353061003097892,2.4561917825400066,4.746194351983509]",True,False,[],"[""orientation_tolerance""]",outputs/task_balance_comparison/points/points_ur5e/records.jsonl.gz,50088,50079
ur5e,f6150ec91f4ec3094eaca11b43f8dab91ce9228cfeb9a393f9ab162da8c4c1ff,range_loss_matched,1,gained,"[3.493701471742222,3.8893107701095158,-0.4828350106417978,4.414351952159732,2.5191236356117397,4.703721047297236]","[0.7551775909584267,0.2713340925037168,0.4025529544057605]","[[0.8836207421421871,0.166866639891004,-0.4374584649399024],[0.4394793425613485,-0.6178239049453879,0.6520364483216234],[-0.16146916584269197,-0.7684068889393941,-0.6192564585957477]]",0.02,"[3.5565972378095996,3.826992802921914,-0.5457668637135307,4.3515630826808005,2.4561917825400066,4.640789194225503]","[3.556633324813955,3.8277840039705193,-0.5457668637135307,4.353061003097892,2.4561917825400066,4.746194351983509]",True,False,[],"[""orientation_tolerance""]",outputs/task_balance_comparison/points/points_ur5e/records.jsonl.gz,50078,50086
ur5e,f6150ec91f4ec3094eaca11b43f8dab91ce9228cfeb9a393f9ab162da8c4c1ff,range_loss_matched,2,gained,"[3.493701471742222,3.8893107701095158,-0.4828350106417978,4.414351952159732,2.5191236356117397,4.703721047297236]","[0.7551775909584267,0.2713340925037168,0.4025529544057605]","[[0.8836207421421871,0.166866639891004,-0.4374584649399024],[0.4394793425613485,-0.6178239049453879,0.6520364483216234],[-0.16146916584269197,-0.7684068889393941,-0.6192564585957477]]",0.02,"[3.5565972378095996,3.826992802921914,-0.5457668637135307,4.3515630826808005,2.4561917825400066,4.640789194225503]","[3.556633324813955,3.8277840039705193,-0.5457668637135307,4.353061003097892,2.4561917825400066,4.746194351983509]",True,False,[],"[""orientation_tolerance""]",outputs/task_balance_comparison/points/points_ur5e/records.jsonl.gz,50077,50076
ur5e,09f3ef02343625948466723596b19763f97f8231a008078ed4361f42cf5d6f96,fixed_qp1,0,gained,"[-0.20101065997650025,3.271486423545774,-2.670995293858358,3.769706056607836,0.3807463048345747,3.853496834848121]","[0.002325090747773653,0.2304127027679891,0.02924363433001474]","[[0.5533596551228288,0.8288348228279064,0.08261917785948367],[-0.29530427646226326,0.1024693312459417,0.9498923204538019],[0.778837901225565,-0.5500298833898413,0.3014608614608443]]",0.02,"[-0.13807880690476732,3.334418276617507,-2.608063440786625,3.832637909679569,0.3178144517628418,3.916428687919854]","[-0.14019572568089275,3.3335848125269516,-2.608063440786625,3.832637909679569,0.3178144517628418,3.916428687919854]",True,False,[],"[""orientation_tolerance""]",outputs/task_balance_comparison/points/points_ur5e/records.jsonl.gz,48078,48086
ur5e,09f3ef02343625948466723596b19763f97f8231a008078ed4361f42cf5d6f96,fixed_qp1,1,gained,"[-0.20101065997650025,3.271486423545774,-2.670995293858358,3.769706056607836,0.3807463048345747,3.853496834848121]","[0.002325090747773653,0.2304127027679891,0.02924363433001474]","[[0.5533596551228288,0.8288348228279064,0.08261917785948367],[-0.29530427646226326,0.1024693312459417,0.9498923204538019],[0.778837901225565,-0.5500298833898413,0.3014608614608443]]",0.02,"[-0.13807880690476732,3.334418276617507,-2.608063440786625,3.832637909679569,0.3178144517628418,3.916428687919854]","[-0.14019572568089275,3.3335848125269516,-2.608063440786625,3.832637909679569,0.3178144517628418,3.916428687919854]",True,False,[],"[""orientation_tolerance""]",outputs/task_balance_comparison/points/points_ur5e/records.jsonl.gz,48092,48073
ur5e,09f3ef02343625948466723596b19763f97f8231a008078ed4361f42cf5d6f96,fixed_qp1,2,gained,"[-0.20101065997650025,3.271486423545774,-2.670995293858358,3.769706056607836,0.3807463048345747,3.853496834848121]","[0.002325090747773653,0.2304127027679891,0.02924363433001474]","[[0.5533596551228288,0.8288348228279064,0.08261917785948367],[-0.29530427646226326,0.1024693312459417,0.9498923204538019],[0.778837901225565,-0.5500298833898413,0.3014608614608443]]",0.02,"[-0.13807880690476732,3.334418276617507,-2.608063440786625,3.832637909679569,0.3178144517628418,3.916428687919854]","[-0.14019572568089275,3.3335848125269516,-2.608063440786625,3.832637909679569,0.3178144517628418,3.916428687919854]",True,False,[],"[""orientation_tolerance""]",outputs/task_balance_comparison/points/points_ur5e/records.jsonl.gz,48074,48087
ur5e,2b99894c8bdec8743bd3bdacebbf14d74f34de212e4199a739015292be777ebc,fixed_qp1,0,gained,"[5.146879347625662,-4.335770792125576,0.02681118052450948,-1.3764985072469766,1.9116278690449908,0.10059716547596853]","[-0.023578577775025058,0.31979305474537545,-0.7144006163645136]","[[0.9972782203388558,0.021524167565423025,-0.07051851847833819],[-0.05209883230446735,-0.47105447356836017,-0.8805642478568761],[-0.05217147602162642,0.881841478465291,-0.46865098308642666]]",0.02,"[5.083947494553929,-4.272838939053843,-0.036120672547223454,-1.4394303603187095,1.9745597221167237,0.1627128625186881]","[5.085483116904917,-4.272838939053843,-0.036120672547223454,-1.4394303603187095,1.9690528797892841,0.16352901854770147]",True,False,[],"[""position_tolerance""]",outputs/task_balance_comparison/points/points_ur5e/records.jsonl.gz,27521,27507
ur5e,2b99894c8bdec8743bd3bdacebbf14d74f34de212e4199a739015292be777ebc,fixed_qp1,1,gained,"[5.146879347625662,-4.335770792125576,0.02681118052450948,-1.3764985072469766,1.9116278690449908,0.10059716547596853]","[-0.023578577775025058,0.31979305474537545,-0.7144006163645136]","[[0.9972782203388558,0.021524167565423025,-0.07051851847833819],[-0.05209883230446735,-0.47105447356836017,-0.8805642478568761],[-0.05217147602162642,0.881841478465291,-0.46865098308642666]]",0.02,"[5.083947494553929,-4.272838939053843,-0.036120672547223454,-1.4394303603187095,1.9745597221167237,0.1627128625186881]","[5.085483116904917,-4.272838939053843,-0.036120672547223454,-1.4394303603187095,1.9690528797892841,0.16352901854770147]",True,False,[],"[""position_tolerance""]",outputs/task_balance_comparison/points/points_ur5e/records.jsonl.gz,27505,27517
ur5e,2b99894c8bdec8743bd3bdacebbf14d74f34de212e4199a739015292be777ebc,fixed_qp1,2,gained,"[5.146879347625662,-4.335770792125576,0.02681118052450948,-1.3764985072469766,1.9116278690449908,0.10059716547596853]","[-0.023578577775025058,0.31979305474537545,-0.7144006163645136]","[[0.9972782203388558,0.021524167565423025,-0.07051851847833819],[-0.05209883230446735,-0.47105447356836017,-0.8805642478568761],[-0.05217147602162642,0.881841478465291,-0.46865098308642666]]",0.02,"[5.083947494553929,-4.272838939053843,-0.036120672547223454,-1.4394303603187095,1.9745597221167237,0.1627128625186881]","[5.085483116904917,-4.272838939053843,-0.036120672547223454,-1.4394303603187095,1.9690528797892841,0.16352901854770147]",True,False,[],"[""position_tolerance""]",outputs/task_balance_comparison/points/points_ur5e/records.jsonl.gz,27515,27526
ur5e,311685522ed8ae2eca792457799bf1a66104c50ea26926966e464e74823074f5,fixed_qp1,0,gained,"[2.84396224686423,3.884884828428955,1.4626236492364688,-4.460393406018476,-5.021058020967187,-4.162840791417953]","[0.010828517749637181,-0.16454561979363164,0.6157458033049749]","[[-0.5961590319418116,0.5328820089302198,-0.6005257473187102],[0.7176760418932514,0.6890046348371632,-0.10106291142325009],[0.35991041597408396,-0.4912325088299844,-0.7931929870731087]]",0.02,"[2.9035376541622075,3.946202571415066,1.5255555023082017,-4.523325259090209,-4.958126167895454,-4.0999089383462195]","[2.90087457066791,3.9468464960168315,1.5255555023082017,-4.518105244879774,-4.958126167895454,-4.103137921457871]",True,False,[],"[""position_tolerance""]",outputs/task_balance_comparison/points/points_ur5e/records.jsonl.gz,46250,46257
ur5e,311685522ed8ae2eca792457799bf1a66104c50ea26926966e464e74823074f5,fixed_qp1,1,gained,"[2.84396224686423,3.884884828428955,1.4626236492364688,-4.460393406018476,-5.021058020967187,-4.162840791417953]","[0.010828517749637181,-0.16454561979363164,0.6157458033049749]","[[-0.5961590319418116,0.5328820089302198,-0.6005257473187102],[0.7176760418932514,0.6890046348371632,-0.10106291142325009],[0.35991041597408396,-0.4912325088299844,-0.7931929870731087]]",0.02,"[2.9035376541622075,3.946202571415066,1.5255555023082017,-4.523325259090209,-4.958126167895454,-4.0999089383462195]","[2.90087457066791,3.9468464960168315,1.5255555023082017,-4.518105244879774,-4.958126167895454,-4.103137921457871]",True,False,[],"[""position_tolerance""]",outputs/task_balance_comparison/points/points_ur5e/records.jsonl.gz,46253,46259
ur5e,311685522ed8ae2eca792457799bf1a66104c50ea26926966e464e74823074f5,fixed_qp1,2,gained,"[2.84396224686423,3.884884828428955,1.4626236492364688,-4.460393406018476,-5.021058020967187,-4.162840791417953]","[0.010828517749637181,-0.16454561979363164,0.6157458033049749]","[[-0.5961590319418116,0.5328820089302198,-0.6005257473187102],[0.7176760418932514,0.6890046348371632,-0.10106291142325009],[0.35991041597408396,-0.4912325088299844,-0.7931929870731087]]",0.02,"[2.9035376541622075,3.946202571415066,1.5255555023082017,-4.523325259090209,-4.958126167895454,-4.0999089383462195]","[2.90087457066791,3.9468464960168315,1.5255555023082017,-4.518105244879774,-4.958126167895454,-4.103137921457871]",True,False,[],"[""position_tolerance""]",outputs/task_balance_comparison/points/points_ur5e/records.jsonl.gz,46267,46255
ur5e,9de030307f12ac85fc9a4028d5944d13ff2de297acc3fa496c01f0fef3c95a3c,fixed_qp1,0,gained,"[6.208432828351731,4.556968004192395,-1.077563654954845,-5.07081275900675,-1.3122254594321427,1.3647385760642239]","[-0.29957239500831784,0.16902676543161813,0.6301790288302189]","[[-0.9543344497880895,-0.28686534840986966,0.0833908258104485],[-0.2475523884855535,0.9156309024370887,0.3167615277418332],[-0.1672231231102986,0.2816528401843777,-0.9448323156588746]]",0.02,"[6.2713646814234645,4.619888059343502,-1.140495508026578,-5.133744612078483,-1.2492936063604099,1.301806722992491]","[6.2698948164931565,4.619899857264128,-1.1396954137460469,-5.133744612078483,-1.2492936063604099,1.301806722992491]",True,False,[],"[""orientation_tolerance""]",outputs/task_balance_comparison/points/points_ur5e/records.jsonl.gz,45895,45900
ur5e,9de030307f12ac85fc9a4028d5944d13ff2de297acc3fa496c01f0fef3c95a3c,fixed_qp1,1,gained,"[6.208432828351731,4.556968004192395,-1.077563654954845,-5.07081275900675,-1.3122254594321427,1.3647385760642239]","[-0.29957239500831784,0.16902676543161813,0.6301790288302189]","[[-0.9543344497880895,-0.28686534840986966,0.0833908258104485],[-0.2475523884855535,0.9156309024370887,0.3167615277418332],[-0.1672231231102986,0.2816528401843777,-0.9448323156588746]]",0.02,"[6.2713646814234645,4.619888059343502,-1.140495508026578,-5.133744612078483,-1.2492936063604099,1.301806722992491]","[6.2698948164931565,4.619899857264128,-1.1396954137460469,-5.133744612078483,-1.2492936063604099,1.301806722992491]",True,False,[],"[""orientation_tolerance""]",outputs/task_balance_comparison/points/points_ur5e/records.jsonl.gz,45907,45908
ur5e,9de030307f12ac85fc9a4028d5944d13ff2de297acc3fa496c01f0fef3c95a3c,fixed_qp1,2,gained,"[6.208432828351731,4.556968004192395,-1.077563654954845,-5.07081275900675,-1.3122254594321427,1.3647385760642239]","[-0.29957239500831784,0.16902676543161813,0.6301790288302189]","[[-0.9543344497880895,-0.28686534840986966,0.0833908258104485],[-0.2475523884855535,0.9156309024370887,0.3167615277418332],[-0.1672231231102986,0.2816528401843777,-0.9448323156588746]]",0.02,"[6.2713646814234645,4.619888059343502,-1.140495508026578,-5.133744612078483,-1.2492936063604099,1.301806722992491]","[6.2698948164931565,4.619899857264128,-1.1396954137460469,-5.133744612078483,-1.2492936063604099,1.301806722992491]",True,False,[],"[""orientation_tolerance""]",outputs/task_balance_comparison/points/points_ur5e/records.jsonl.gz,45904,45890
ur5e,d0dce9ba3a0457e8a0eff3d503d9012e6fe49e92fdffa612be99cf47bc7cc131,fixed_qp1,0,gained,"[-1.274364247258009,4.335234671826665,1.0723643052736795,-4.192135134712753,1.9991492787183116,5.48233687920696]","[0.11037683175745418,-0.01338258816771799,0.7499886307425063]","[[0.4525042471481364,0.8577154674848375,-0.24405754065417587],[0.7699148597799675,-0.5138541236387644,-0.3783980025177595],[-0.4499677932951326,-0.016676823939346,-0.8928890572408225]]",0.02,"[-1.2114323941862761,4.398056223390761,1.0094324522019467,-4.130791592741364,1.9362174256465787,5.545268732278693]","[-1.2149834160190949,4.397491249436464,1.0094324522019467,-4.130727301252494,1.9362174256465787,5.545268732278693]",True,False,[],"[""position_tolerance""]",outputs/task_balance_comparison/points/points_ur5e/records.jsonl.gz,19240,19237
ur5e,d0dce9ba3a0457e8a0eff3d503d9012e6fe49e92fdffa612be99cf47bc7cc131,fixed_qp1,1,gained,"[-1.274364247258009,4.335234671826665,1.0723643052736795,-4.192135134712753,1.9991492787183116,5.48233687920696]","[0.11037683175745418,-0.01338258816771799,0.7499886307425063]","[[0.4525042471481364,0.8577154674848375,-0.24405754065417587],[0.7699148597799675,-0.5138541236387644,-0.3783980025177595],[-0.4499677932951326,-0.016676823939346,-0.8928890572408225]]",0.02,"[-1.2114323941862761,4.398056223390761,1.0094324522019467,-4.130791592741364,1.9362174256465787,5.545268732278693]","[-1.2149834160190949,4.397491249436464,1.0094324522019467,-4.130727301252494,1.9362174256465787,5.545268732278693]",True,False,[],"[""position_tolerance""]",outputs/task_balance_comparison/points/points_ur5e/records.jsonl.gz,19231,19230
ur5e,d0dce9ba3a0457e8a0eff3d503d9012e6fe49e92fdffa612be99cf47bc7cc131,fixed_qp1,2,gained,"[-1.274364247258009,4.335234671826665,1.0723643052736795,-4.192135134712753,1.9991492787183116,5.48233687920696]","[0.11037683175745418,-0.01338258816771799,0.7499886307425063]","[[0.4525042471481364,0.8577154674848375,-0.24405754065417587],[0.7699148597799675,-0.5138541236387644,-0.3783980025177595],[-0.4499677932951326,-0.016676823939346,-0.8928890572408225]]",0.02,"[-1.2114323941862761,4.398056223390761,1.0094324522019467,-4.130791592741364,1.9362174256465787,5.545268732278693]","[-1.2149834160190949,4.397491249436464,1.0094324522019467,-4.130727301252494,1.9362174256465787,5.545268732278693]",True,False,[],"[""position_tolerance""]",outputs/task_balance_comparison/points/points_ur5e/records.jsonl.gz,19243,19225
ur5e,df97a24c1749fc9e99c17af4959b74750d38c3f62ab100839e0f832534ee15da,fixed_qp1,0,gained,"[5.372332019797849,-0.3644550933024444,1.8008469797397835,4.247025181413491,-3.260770534154153,6.225224626833007]","[0.3969982829005642,-0.39845388683951194,-0.10707365055217409]","[[0.5011916301887734,-0.4720709417309335,-0.7252282232525078],[-0.4942405434077498,0.5317751500455774,-0.6877074051120984],[0.7103050296039947,0.7031103866159802,0.03320465557711781]]",0.02,"[5.434763494257645,-0.4273303010344064,1.7385857105249218,4.184093328341758,-3.1978386810824198,6.283185307178586]","[5.435263872869582,-0.42725334468633996,1.7396886167464738,4.184093328341758,-3.1978386810824198,6.283185307178586]",True,False,[],"[""orientation_tolerance""]",outputs/task_balance_comparison/points/points_ur5e/records.jsonl.gz,21676,21685
ur5e,df97a24c1749fc9e99c17af4959b74750d38c3f62ab100839e0f832534ee15da,fixed_qp1,1,gained,"[5.372332019797849,-0.3644550933024444,1.8008469797397835,4.247025181413491,-3.260770534154153,6.225224626833007]","[0.3969982829005642,-0.39845388683951194,-0.10707365055217409]","[[0.5011916301887734,-0.4720709417309335,-0.7252282232525078],[-0.4942405434077498,0.5317751500455774,-0.6877074051120984],[0.7103050296039947,0.7031103866159802,0.03320465557711781]]",0.02,"[5.434763494257645,-0.4273303010344064,1.7385857105249218,4.184093328341758,-3.1978386810824198,6.283185307178586]","[5.435263872869582,-0.42725334468633996,1.7396886167464738,4.184093328341758,-3.1978386810824198,6.283185307178586]",True,False,[],"[""orientation_tolerance""]",outputs/task_balance_comparison/points/points_ur5e/records.jsonl.gz,21675,21674
ur5e,df97a24c1749fc9e99c17af4959b74750d38c3f62ab100839e0f832534ee15da,fixed_qp1,2,gained,"[5.372332019797849,-0.3644550933024444,1.8008469797397835,4.247025181413491,-3.260770534154153,6.225224626833007]","[0.3969982829005642,-0.39845388683951194,-0.10707365055217409]","[[0.5011916301887734,-0.4720709417309335,-0.7252282232525078],[-0.4942405434077498,0.5317751500455774,-0.6877074051120984],[0.7103050296039947,0.7031103866159802,0.03320465557711781]]",0.02,"[5.434763494257645,-0.4273303010344064,1.7385857105249218,4.184093328341758,-3.1978386810824198,6.283185307178586]","[5.435263872869582,-0.42725334468633996,1.7396886167464738,4.184093328341758,-3.1978386810824198,6.283185307178586]",True,False,[],"[""orientation_tolerance""]",outputs/task_balance_comparison/points/points_ur5e/records.jsonl.gz,21682,21688
ur5e,e396d91220f89c7fd418f9297fe341df4e1fffa07bb5b42d679d97488c62f561,fixed_qp1,0,gained,"[-0.6970121352559326,6.2001555649973525,-1.1331538767670564,-3.19815229551197,-0.6685536626123856,2.379017563610491]","[0.5056058546845005,-0.11465679156415959,0.6809024749448517]","[[0.7048247697458427,-0.4329689454675921,0.5619252051771668],[0.12302859524883189,0.8547379136354364,0.504268840743943],[-0.6986315257013662,-0.28628830093949426,0.6557080143183844]]",0.02,"[-0.6345266425512344,6.137223711925619,-1.0712752997952586,-3.261084148583703,-0.7314855156841185,2.441949416682224]","[-0.6346105088230849,6.137223711925619,-1.0715657045832405,-3.256620920550254,-0.7314855156841185,2.439799164899033]",True,False,[],"[""orientation_tolerance""]",outputs/task_balance_comparison/points/points_ur5e/records.jsonl.gz,29192,29201
ur5e,e396d91220f89c7fd418f9297fe341df4e1fffa07bb5b42d679d97488c62f561,fixed_qp1,1,gained,"[-0.6970121352559326,6.2001555649973525,-1.1331538767670564,-3.19815229551197,-0.6685536626123856,2.379017563610491]","[0.5056058546845005,-0.11465679156415959,0.6809024749448517]","[[0.7048247697458427,-0.4329689454675921,0.5619252051771668],[0.12302859524883189,0.8547379136354364,0.504268840743943],[-0.6986315257013662,-0.28628830093949426,0.6557080143183844]]",0.02,"[-0.6345266425512344,6.137223711925619,-1.0712752997952586,-3.261084148583703,-0.7314855156841185,2.441949416682224]","[-0.6346105088230849,6.137223711925619,-1.0715657045832405,-3.256620920550254,-0.7314855156841185,2.439799164899033]",True,False,[],"[""orientation_tolerance""]",outputs/task_balance_comparison/points/points_ur5e/records.jsonl.gz,29203,29208
ur5e,e396d91220f89c7fd418f9297fe341df4e1fffa07bb5b42d679d97488c62f561,fixed_qp1,2,gained,"[-0.6970121352559326,6.2001555649973525,-1.1331538767670564,-3.19815229551197,-0.6685536626123856,2.379017563610491]","[0.5056058546845005,-0.11465679156415959,0.6809024749448517]","[[0.7048247697458427,-0.4329689454675921,0.5619252051771668],[0.12302859524883189,0.8547379136354364,0.504268840743943],[-0.6986315257013662,-0.28628830093949426,0.6557080143183844]]",0.02,"[-0.6345266425512344,6.137223711925619,-1.0712752997952586,-3.261084148583703,-0.7314855156841185,2.441949416682224]","[-0.6346105088230849,6.137223711925619,-1.0715657045832405,-3.256620920550254,-0.7314855156841185,2.439799164899033]",True,False,[],"[""orientation_tolerance""]",outputs/task_balance_comparison/points/points_ur5e/records.jsonl.gz,29196,29206
ur5e,ed8a3d8165254710130f1afc35b9aa63b7c48fa8035a4e66f6e3cead9e47e0ae,fixed_qp1,0,gained,"[2.0201294416134745,-2.3726911376991375,-0.47684494816045797,4.732764524267305,-4.18433810886723,1.4472409310176308]","[0.23807590172883686,-0.7900762386864534,0.510121164848824]","[[-0.38741549246216056,0.6669586190158915,0.6364553689935503],[0.8295547743304338,0.5533742153056822,-0.07493900333206556],[-0.402179204566676,0.498942059116322,-0.7676644508239783]]",0.02,"[1.9575522139093766,-2.435474697917613,-0.41391309508872504,4.795696377339038,-4.121406255795497,1.5101727840893637]","[1.9578270807628078,-2.433882547065064,-0.41761509416098214,4.795696377339038,-4.121406255795497,1.5100412928259546]",True,False,[],"[""orientation_tolerance""]",outputs/task_balance_comparison/points/points_ur5e/records.jsonl.gz,12900,12903
ur5e,ed8a3d8165254710130f1afc35b9aa63b7c48fa8035a4e66f6e3cead9e47e0ae,fixed_qp1,1,gained,"[2.0201294416134745,-2.3726911376991375,-0.47684494816045797,4.732764524267305,-4.18433810886723,1.4472409310176308]","[0.23807590172883686,-0.7900762386864534,0.510121164848824]","[[-0.38741549246216056,0.6669586190158915,0.6364553689935503],[0.8295547743304338,0.5533742153056822,-0.07493900333206556],[-0.402179204566676,0.498942059116322,-0.7676644508239783]]",0.02,"[1.9575522139093766,-2.435474697917613,-0.41391309508872504,4.795696377339038,-4.121406255795497,1.5101727840893637]","[1.9578270807628078,-2.433882547065064,-0.41761509416098214,4.795696377339038,-4.121406255795497,1.5100412928259546]",True,False,[],"[""orientation_tolerance""]",outputs/task_balance_comparison/points/points_ur5e/records.jsonl.gz,12897,12889
ur5e,ed8a3d8165254710130f1afc35b9aa63b7c48fa8035a4e66f6e3cead9e47e0ae,fixed_qp1,2,gained,"[2.0201294416134745,-2.3726911376991375,-0.47684494816045797,4.732764524267305,-4.18433810886723,1.4472409310176308]","[0.23807590172883686,-0.7900762386864534,0.510121164848824]","[[-0.38741549246216056,0.6669586190158915,0.6364553689935503],[0.8295547743304338,0.5533742153056822,-0.07493900333206556],[-0.402179204566676,0.498942059116322,-0.7676644508239783]]",0.02,"[1.9575522139093766,-2.435474697917613,-0.41391309508872504,4.795696377339038,-4.121406255795497,1.5101727840893637]","[1.9578270807628078,-2.433882547065064,-0.41761509416098214,4.795696377339038,-4.121406255795497,1.5100412928259546]",True,False,[],"[""orientation_tolerance""]",outputs/task_balance_comparison/points/points_ur5e/records.jsonl.gz,12894,12908
ur5e,f09b46bea02d75c926355fc8a06dc54e0bb72f3bdcb12bb134f781193bb4d5a2,fixed_qp1,0,gained,"[-5.339293755650339,-3.9210452523985504,0.8249898572735739,3.859066948881189,1.9208410097274244,5.220453405914293]","[-0.5388988670859461,-0.5075136397940202,-0.18172442166233674]","[[-0.704849433759893,-0.27824283403725797,0.6525091578171703],[-0.24037001517054632,0.9591247008489626,0.14933875594867868],[-0.6673900894793611,-0.051582298594600645,-0.7429197365371496]]",0.02,"[-5.40167296140542,-3.8581133993268173,0.8879217103453068,3.9202083082204657,1.9837728627991573,5.15752155284256]","[-5.401504009069949,-3.8581133993268173,0.8879217103453068,3.9185840535034666,1.9837728627991573,5.15752155284256]",True,False,[],"[""orientation_tolerance""]",outputs/task_balance_comparison/points/points_ur5e/records.jsonl.gz,7766,7772
ur5e,f09b46bea02d75c926355fc8a06dc54e0bb72f3bdcb12bb134f781193bb4d5a2,fixed_qp1,1,gained,"[-5.339293755650339,-3.9210452523985504,0.8249898572735739,3.859066948881189,1.9208410097274244,5.220453405914293]","[-0.5388988670859461,-0.5075136397940202,-0.18172442166233674]","[[-0.704849433759893,-0.27824283403725797,0.6525091578171703],[-0.24037001517054632,0.9591247008489626,0.14933875594867868],[-0.6673900894793611,-0.051582298594600645,-0.7429197365371496]]",0.02,"[-5.40167296140542,-3.8581133993268173,0.8879217103453068,3.9202083082204657,1.9837728627991573,5.15752155284256]","[-5.401504009069949,-3.8581133993268173,0.8879217103453068,3.9185840535034666,1.9837728627991573,5.15752155284256]",True,False,[],"[""orientation_tolerance""]",outputs/task_balance_comparison/points/points_ur5e/records.jsonl.gz,7762,7756
ur5e,f09b46bea02d75c926355fc8a06dc54e0bb72f3bdcb12bb134f781193bb4d5a2,fixed_qp1,2,gained,"[-5.339293755650339,-3.9210452523985504,0.8249898572735739,3.859066948881189,1.9208410097274244,5.220453405914293]","[-0.5388988670859461,-0.5075136397940202,-0.18172442166233674]","[[-0.704849433759893,-0.27824283403725797,0.6525091578171703],[-0.24037001517054632,0.9591247008489626,0.14933875594867868],[-0.6673900894793611,-0.051582298594600645,-0.7429197365371496]]",0.02,"[-5.40167296140542,-3.8581133993268173,0.8879217103453068,3.9202083082204657,1.9837728627991573,5.15752155284256]","[-5.401504009069949,-3.8581133993268173,0.8879217103453068,3.9185840535034666,1.9837728627991573,5.15752155284256]",True,False,[],"[""orientation_tolerance""]",outputs/task_balance_comparison/points/points_ur5e/records.jsonl.gz,7754,7758
ur5e,f9c733d9e1d912248e3113783d93e5b43e4b99355d330fce8e0ece6325cd85dd,fixed_qp1,0,gained,"[0.892036001497698,1.6606773982439886,0.1392452870709251,-2.481491289449014,-0.01313369290503541,-0.9000659582231805]","[-0.16723028287034705,0.16369972789808646,-0.7151814402938091]","[[0.12677587117016692,-0.679848242110129,-0.7223117375405254],[0.173619725931974,-0.7017375572547323,0.6909562876951532],[-0.9766186918426002,-0.21300415122229144,0.02907167531670142]]",0.02,"[0.8448547809135625,1.5977455451722558,0.10979546609135858,-2.534829133702746,0.04350095564122825,-0.9589451394436764]","[0.8352935168768257,1.5977455451722558,0.114867041373804,-2.5396943396442064,0.039875577769444344,-0.9588717329363429]",True,False,[],"[""position_tolerance""]",outputs/task_balance_comparison/points/points_ur5e/records.jsonl.gz,22058,22069
ur5e,f9c733d9e1d912248e3113783d93e5b43e4b99355d330fce8e0ece6325cd85dd,fixed_qp1,1,gained,"[0.892036001497698,1.6606773982439886,0.1392452870709251,-2.481491289449014,-0.01313369290503541,-0.9000659582231805]","[-0.16723028287034705,0.16369972789808646,-0.7151814402938091]","[[0.12677587117016692,-0.679848242110129,-0.7223117375405254],[0.173619725931974,-0.7017375572547323,0.6909562876951532],[-0.9766186918426002,-0.21300415122229144,0.02907167531670142]]",0.02,"[0.8448547809135625,1.5977455451722558,0.10979546609135858,-2.534829133702746,0.04350095564122825,-0.9589451394436764]","[0.8352935168768257,1.5977455451722558,0.114867041373804,-2.5396943396442064,0.039875577769444344,-0.9588717329363429]",True,False,[],"[""position_tolerance""]",outputs/task_balance_comparison/points/points_ur5e/records.jsonl.gz,22079,22062
ur5e,f9c733d9e1d912248e3113783d93e5b43e4b99355d330fce8e0ece6325cd85dd,fixed_qp1,2,gained,"[0.892036001497698,1.6606773982439886,0.1392452870709251,-2.481491289449014,-0.01313369290503541,-0.9000659582231805]","[-0.16723028287034705,0.16369972789808646,-0.7151814402938091]","[[0.12677587117016692,-0.679848242110129,-0.7223117375405254],[0.173619725931974,-0.7017375572547323,0.6909562876951532],[-0.9766186918426002,-0.21300415122229144,0.02907167531670142]]",0.02,"[0.8448547809135625,1.5977455451722558,0.10979546609135858,-2.534829133702746,0.04350095564122825,-0.9589451394436764]","[0.8352935168768257,1.5977455451722558,0.114867041373804,-2.5396943396442064,0.039875577769444344,-0.9588717329363429]",True,False,[],"[""position_tolerance""]",outputs/task_balance_comparison/points/points_ur5e/records.jsonl.gz,22061,22060
ur5e,fe74077db23fc36cf44d3910450070571e5775f47b811253d335e2d0ef4c83d8,fixed_qp1,0,gained,"[4.850102460820121,0.5696847020169944,0.013749984029062912,-0.060594269403523526,-3.3691663169064268,-4.106292810168772]","[0.1578022764599621,-0.5886878837700443,-0.44303024633870325]","[[-0.13061307508711184,-0.4402322517388851,-0.8883331521142275],[-0.08782800375414226,0.8976239506268759,-0.43192300820581675],[0.9875355519538781,0.021605735116179775,-0.15590614432163544]]",0.02,"[4.913034313891854,0.6326165550887273,0.07630745884125102,-0.12352612247525646,-3.43209816997816,-4.169224663240505]","[4.912467373049736,0.6326165550887273,0.07668183710079583,-0.119629809842944,-3.43209816997816,-4.165622061650235]",True,False,[],"[""orientation_tolerance""]",outputs/task_balance_comparison/points/points_ur5e/records.jsonl.gz,32498,32513
ur5e,fe74077db23fc36cf44d3910450070571e5775f47b811253d335e2d0ef4c83d8,fixed_qp1,1,gained,"[4.850102460820121,0.5696847020169944,0.013749984029062912,-0.060594269403523526,-3.3691663169064268,-4.106292810168772]","[0.1578022764599621,-0.5886878837700443,-0.44303024633870325]","[[-0.13061307508711184,-0.4402322517388851,-0.8883331521142275],[-0.08782800375414226,0.8976239506268759,-0.43192300820581675],[0.9875355519538781,0.021605735116179775,-0.15590614432163544]]",0.02,"[4.913034313891854,0.6326165550887273,0.07630745884125102,-0.12352612247525646,-3.43209816997816,-4.169224663240505]","[4.912467373049736,0.6326165550887273,0.07668183710079583,-0.119629809842944,-3.43209816997816,-4.165622061650235]",True,False,[],"[""orientation_tolerance""]",outputs/task_balance_comparison/points/points_ur5e/records.jsonl.gz,32512,32504
ur5e,fe74077db23fc36cf44d3910450070571e5775f47b811253d335e2d0ef4c83d8,fixed_qp1,2,gained,"[4.850102460820121,0.5696847020169944,0.013749984029062912,-0.060594269403523526,-3.3691663169064268,-4.106292810168772]","[0.1578022764599621,-0.5886878837700443,-0.44303024633870325]","[[-0.13061307508711184,-0.4402322517388851,-0.8883331521142275],[-0.08782800375414226,0.8976239506268759,-0.43192300820581675],[0.9875355519538781,0.021605735116179775,-0.15590614432163544]]",0.02,"[4.913034313891854,0.6326165550887273,0.07630745884125102,-0.12352612247525646,-3.43209816997816,-4.169224663240505]","[4.912467373049736,0.6326165550887273,0.07668183710079583,-0.119629809842944,-3.43209816997816,-4.165622061650235]",True,False,[],"[""orientation_tolerance""]",outputs/task_balance_comparison/points/points_ur5e/records.jsonl.gz,32509,32511
ur5e,ff24e71dd3f5e3f9abf9fe397ec7f7c014141cd390d10cb1ce5b08e56990adbd,fixed_qp1,0,gained,"[3.2080915109748833,-2.4248474529048827,-2.016877899473336,0.09324380935845245,0.0008654647471164623,2.1502386740726553]","[0.5722761282525393,-0.16038317347022077,0.13584608915138013]","[[-0.5932052839591977,0.7901306925594518,0.15427566158797937],[-0.043331955873305274,0.1600192291677589,-0.9861623537211053],[-0.8038842159683705,-0.5916817852292543,-0.06068634397326202]]",0.02,"[3.2706725186652577,-2.3619155998331496,-1.954536253516419,0.03031195628671951,0.0633292094740896,2.0873068210009222]","[3.2706270896665783,-2.3619155998331496,-1.953946046401603,0.03031195628671951,0.0615014950854929,2.0873068210009222]",True,False,[],"[""orientation_tolerance""]",outputs/task_balance_comparison/points/points_ur5e/records.jsonl.gz,24518,24520
ur5e,ff24e71dd3f5e3f9abf9fe397ec7f7c014141cd390d10cb1ce5b08e56990adbd,fixed_qp1,1,gained,"[3.2080915109748833,-2.4248474529048827,-2.016877899473336,0.09324380935845245,0.0008654647471164623,2.1502386740726553]","[0.5722761282525393,-0.16038317347022077,0.13584608915138013]","[[-0.5932052839591977,0.7901306925594518,0.15427566158797937],[-0.043331955873305274,0.1600192291677589,-0.9861623537211053],[-0.8038842159683705,-0.5916817852292543,-0.06068634397326202]]",0.02,"[3.2706725186652577,-2.3619155998331496,-1.954536253516419,0.03031195628671951,0.0633292094740896,2.0873068210009222]","[3.2706270896665783,-2.3619155998331496,-1.953946046401603,0.03031195628671951,0.0615014950854929,2.0873068210009222]",True,False,[],"[""orientation_tolerance""]",outputs/task_balance_comparison/points/points_ur5e/records.jsonl.gz,24512,24510
ur5e,ff24e71dd3f5e3f9abf9fe397ec7f7c014141cd390d10cb1ce5b08e56990adbd,fixed_qp1,2,gained,"[3.2080915109748833,-2.4248474529048827,-2.016877899473336,0.09324380935845245,0.0008654647471164623,2.1502386740726553]","[0.5722761282525393,-0.16038317347022077,0.13584608915138013]","[[-0.5932052839591977,0.7901306925594518,0.15427566158797937],[-0.043331955873305274,0.1600192291677589,-0.9861623537211053],[-0.8038842159683705,-0.5916817852292543,-0.06068634397326202]]",0.02,"[3.2706725186652577,-2.3619155998331496,-1.954536253516419,0.03031195628671951,0.0633292094740896,2.0873068210009222]","[3.2706270896665783,-2.3619155998331496,-1.953946046401603,0.03031195628671951,0.0615014950854929,2.0873068210009222]",True,False,[],"[""orientation_tolerance""]",outputs/task_balance_comparison/points/points_ur5e/records.jsonl.gz,24515,24524
ur5e,9de030307f12ac85fc9a4028d5944d13ff2de297acc3fa496c01f0fef3c95a3c,fixed_qp2,0,gained,"[6.208432828351731,4.556968004192395,-1.077563654954845,-5.07081275900675,-1.3122254594321427,1.3647385760642239]","[-0.29957239500831784,0.16902676543161813,0.6301790288302189]","[[-0.9543344497880895,-0.28686534840986966,0.0833908258104485],[-0.2475523884855535,0.9156309024370887,0.3167615277418332],[-0.1672231231102986,0.2816528401843777,-0.9448323156588746]]",0.02,"[6.2713646814234645,4.619888059343502,-1.140495508026578,-5.133744612078483,-1.2492936063604099,1.301806722992491]","[6.2698948164931565,4.619899857264128,-1.1396954137460469,-5.133744612078483,-1.2492936063604099,1.301806722992491]",True,False,[],"[""orientation_tolerance""]",outputs/task_balance_comparison/points/points_ur5e/records.jsonl.gz,45895,45903
ur5e,9de030307f12ac85fc9a4028d5944d13ff2de297acc3fa496c01f0fef3c95a3c,fixed_qp2,1,gained,"[6.208432828351731,4.556968004192395,-1.077563654954845,-5.07081275900675,-1.3122254594321427,1.3647385760642239]","[-0.29957239500831784,0.16902676543161813,0.6301790288302189]","[[-0.9543344497880895,-0.28686534840986966,0.0833908258104485],[-0.2475523884855535,0.9156309024370887,0.3167615277418332],[-0.1672231231102986,0.2816528401843777,-0.9448323156588746]]",0.02,"[6.2713646814234645,4.619888059343502,-1.140495508026578,-5.133744612078483,-1.2492936063604099,1.301806722992491]","[6.2698948164931565,4.619899857264128,-1.1396954137460469,-5.133744612078483,-1.2492936063604099,1.301806722992491]",True,False,[],"[""orientation_tolerance""]",outputs/task_balance_comparison/points/points_ur5e/records.jsonl.gz,45907,45912
ur5e,9de030307f12ac85fc9a4028d5944d13ff2de297acc3fa496c01f0fef3c95a3c,fixed_qp2,2,gained,"[6.208432828351731,4.556968004192395,-1.077563654954845,-5.07081275900675,-1.3122254594321427,1.3647385760642239]","[-0.29957239500831784,0.16902676543161813,0.6301790288302189]","[[-0.9543344497880895,-0.28686534840986966,0.0833908258104485],[-0.2475523884855535,0.9156309024370887,0.3167615277418332],[-0.1672231231102986,0.2816528401843777,-0.9448323156588746]]",0.02,"[6.2713646814234645,4.619888059343502,-1.140495508026578,-5.133744612078483,-1.2492936063604099,1.301806722992491]","[6.2698948164931565,4.619899857264128,-1.1396954137460469,-5.133744612078483,-1.2492936063604099,1.301806722992491]",True,False,[],"[""orientation_tolerance""]",outputs/task_balance_comparison/points/points_ur5e/records.jsonl.gz,45904,45891
ur5e,ed8a3d8165254710130f1afc35b9aa63b7c48fa8035a4e66f6e3cead9e47e0ae,fixed_qp2,0,gained,"[2.0201294416134745,-2.3726911376991375,-0.47684494816045797,4.732764524267305,-4.18433810886723,1.4472409310176308]","[0.23807590172883686,-0.7900762386864534,0.510121164848824]","[[-0.38741549246216056,0.6669586190158915,0.6364553689935503],[0.8295547743304338,0.5533742153056822,-0.07493900333206556],[-0.402179204566676,0.498942059116322,-0.7676644508239783]]",0.02,"[1.9575522139093766,-2.435474697917613,-0.41391309508872504,4.795696377339038,-4.121406255795497,1.5101727840893637]","[1.9578270807628078,-2.433882547065064,-0.41761509416098214,4.795696377339038,-4.121406255795497,1.5100412928259546]",True,False,[],"[""orientation_tolerance""]",outputs/task_balance_comparison/points/points_ur5e/records.jsonl.gz,12900,12901
ur5e,ed8a3d8165254710130f1afc35b9aa63b7c48fa8035a4e66f6e3cead9e47e0ae,fixed_qp2,1,gained,"[2.0201294416134745,-2.3726911376991375,-0.47684494816045797,4.732764524267305,-4.18433810886723,1.4472409310176308]","[0.23807590172883686,-0.7900762386864534,0.510121164848824]","[[-0.38741549246216056,0.6669586190158915,0.6364553689935503],[0.8295547743304338,0.5533742153056822,-0.07493900333206556],[-0.402179204566676,0.498942059116322,-0.7676644508239783]]",0.02,"[1.9575522139093766,-2.435474697917613,-0.41391309508872504,4.795696377339038,-4.121406255795497,1.5101727840893637]","[1.9578270807628078,-2.433882547065064,-0.41761509416098214,4.795696377339038,-4.121406255795497,1.5100412928259546]",True,False,[],"[""orientation_tolerance""]",outputs/task_balance_comparison/points/points_ur5e/records.jsonl.gz,12897,12912
ur5e,ed8a3d8165254710130f1afc35b9aa63b7c48fa8035a4e66f6e3cead9e47e0ae,fixed_qp2,2,gained,"[2.0201294416134745,-2.3726911376991375,-0.47684494816045797,4.732764524267305,-4.18433810886723,1.4472409310176308]","[0.23807590172883686,-0.7900762386864534,0.510121164848824]","[[-0.38741549246216056,0.6669586190158915,0.6364553689935503],[0.8295547743304338,0.5533742153056822,-0.07493900333206556],[-0.402179204566676,0.498942059116322,-0.7676644508239783]]",0.02,"[1.9575522139093766,-2.435474697917613,-0.41391309508872504,4.795696377339038,-4.121406255795497,1.5101727840893637]","[1.9578270807628078,-2.433882547065064,-0.41761509416098214,4.795696377339038,-4.121406255795497,1.5100412928259546]",True,False,[],"[""orientation_tolerance""]",outputs/task_balance_comparison/points/points_ur5e/records.jsonl.gz,12894,12899
ur5e,f09b46bea02d75c926355fc8a06dc54e0bb72f3bdcb12bb134f781193bb4d5a2,fixed_qp2,0,gained,"[-5.339293755650339,-3.9210452523985504,0.8249898572735739,3.859066948881189,1.9208410097274244,5.220453405914293]","[-0.5388988670859461,-0.5075136397940202,-0.18172442166233674]","[[-0.704849433759893,-0.27824283403725797,0.6525091578171703],[-0.24037001517054632,0.9591247008489626,0.14933875594867868],[-0.6673900894793611,-0.051582298594600645,-0.7429197365371496]]",0.02,"[-5.40167296140542,-3.8581133993268173,0.8879217103453068,3.9202083082204657,1.9837728627991573,5.15752155284256]","[-5.402225608722072,-3.8581133993268173,0.8879217103453068,3.921998801952922,1.9837728627991573,5.15752155284256]",True,False,[],"[""position_tolerance""]",outputs/task_balance_comparison/points/points_ur5e/records.jsonl.gz,7766,7755
ur5e,f09b46bea02d75c926355fc8a06dc54e0bb72f3bdcb12bb134f781193bb4d5a2,fixed_qp2,1,gained,"[-5.339293755650339,-3.9210452523985504,0.8249898572735739,3.859066948881189,1.9208410097274244,5.220453405914293]","[-0.5388988670859461,-0.5075136397940202,-0.18172442166233674]","[[-0.704849433759893,-0.27824283403725797,0.6525091578171703],[-0.24037001517054632,0.9591247008489626,0.14933875594867868],[-0.6673900894793611,-0.051582298594600645,-0.7429197365371496]]",0.02,"[-5.40167296140542,-3.8581133993268173,0.8879217103453068,3.9202083082204657,1.9837728627991573,5.15752155284256]","[-5.402225608722072,-3.8581133993268173,0.8879217103453068,3.921998801952922,1.9837728627991573,5.15752155284256]",True,False,[],"[""position_tolerance""]",outputs/task_balance_comparison/points/points_ur5e/records.jsonl.gz,7762,7770
ur5e,f09b46bea02d75c926355fc8a06dc54e0bb72f3bdcb12bb134f781193bb4d5a2,fixed_qp2,2,gained,"[-5.339293755650339,-3.9210452523985504,0.8249898572735739,3.859066948881189,1.9208410097274244,5.220453405914293]","[-0.5388988670859461,-0.5075136397940202,-0.18172442166233674]","[[-0.704849433759893,-0.27824283403725797,0.6525091578171703],[-0.24037001517054632,0.9591247008489626,0.14933875594867868],[-0.6673900894793611,-0.051582298594600645,-0.7429197365371496]]",0.02,"[-5.40167296140542,-3.8581133993268173,0.8879217103453068,3.9202083082204657,1.9837728627991573,5.15752155284256]","[-5.402225608722072,-3.8581133993268173,0.8879217103453068,3.921998801952922,1.9837728627991573,5.15752155284256]",True,False,[],"[""position_tolerance""]",outputs/task_balance_comparison/points/points_ur5e/records.jsonl.gz,7754,7773
ur5e,ff24e71dd3f5e3f9abf9fe397ec7f7c014141cd390d10cb1ce5b08e56990adbd,fixed_qp2,0,gained,"[3.2080915109748833,-2.4248474529048827,-2.016877899473336,0.09324380935845245,0.0008654647471164623,2.1502386740726553]","[0.5722761282525393,-0.16038317347022077,0.13584608915138013]","[[-0.5932052839591977,0.7901306925594518,0.15427566158797937],[-0.043331955873305274,0.1600192291677589,-0.9861623537211053],[-0.8038842159683705,-0.5916817852292543,-0.06068634397326202]]",0.02,"[3.2706725186652577,-2.3619155998331496,-1.954536253516419,0.03031195628671951,0.0633292094740896,2.0873068210009222]","[3.2706270896665783,-2.3619155998331496,-1.953946046401603,0.03031195628671951,0.06150149508549261,2.0873068210009222]",True,False,[],"[""orientation_tolerance""]",outputs/task_balance_comparison/points/points_ur5e/records.jsonl.gz,24518,24527
ur5e,ff24e71dd3f5e3f9abf9fe397ec7f7c014141cd390d10cb1ce5b08e56990adbd,fixed_qp2,1,gained,"[3.2080915109748833,-2.4248474529048827,-2.016877899473336,0.09324380935845245,0.0008654647471164623,2.1502386740726553]","[0.5722761282525393,-0.16038317347022077,0.13584608915138013]","[[-0.5932052839591977,0.7901306925594518,0.15427566158797937],[-0.043331955873305274,0.1600192291677589,-0.9861623537211053],[-0.8038842159683705,-0.5916817852292543,-0.06068634397326202]]",0.02,"[3.2706725186652577,-2.3619155998331496,-1.954536253516419,0.03031195628671951,0.0633292094740896,2.0873068210009222]","[3.2706270896665783,-2.3619155998331496,-1.953946046401603,0.03031195628671951,0.06150149508549261,2.0873068210009222]",True,False,[],"[""orientation_tolerance""]",outputs/task_balance_comparison/points/points_ur5e/records.jsonl.gz,24512,24508
ur5e,ff24e71dd3f5e3f9abf9fe397ec7f7c014141cd390d10cb1ce5b08e56990adbd,fixed_qp2,2,gained,"[3.2080915109748833,-2.4248474529048827,-2.016877899473336,0.09324380935845245,0.0008654647471164623,2.1502386740726553]","[0.5722761282525393,-0.16038317347022077,0.13584608915138013]","[[-0.5932052839591977,0.7901306925594518,0.15427566158797937],[-0.043331955873305274,0.1600192291677589,-0.9861623537211053],[-0.8038842159683705,-0.5916817852292543,-0.06068634397326202]]",0.02,"[3.2706725186652577,-2.3619155998331496,-1.954536253516419,0.03031195628671951,0.0633292094740896,2.0873068210009222]","[3.2706270896665783,-2.3619155998331496,-1.953946046401603,0.03031195628671951,0.06150149508549261,2.0873068210009222]",True,False,[],"[""orientation_tolerance""]",outputs/task_balance_comparison/points/points_ur5e/records.jsonl.gz,24515,24521
