robot,group,method,queries,anchors,repeats,success_by_repeat,within20_by_repeat,mean_success_count,verified_success,within20_success,all_repeat_success_queries,witness_missed_unique_queries,p50_ms,p95_ms,p99_ms,mean_ms,cumulative_ms_per_repeat,late_calls,accepted_position_p95_m,accepted_position_max_m,accepted_orientation_p95_rad,accepted_orientation_max_rad,accepted_pose_utilization_p95,accepted_edge_fraction,accepted_position_margin_p05_m,accepted_orientation_margin_p05_rad,max_accepted_step_utilization,mean_iterations,mean_evaluations,first_half_accepted_call_fraction,continued_after_first_call_fraction,multiple_local_qp_call_fraction,relative_stop_call_fraction,relative_stop_subproblem_fraction,mean_dual_updates,internal_status_counts,failure_counts
panda,regular/alpha=0.0,relative,240,240,3,"[240,240,240]","[240,240,240]",240.0,1.0,1.0,240,0,0.27615500000000004,0.3011791,0.31708739999999996,0.2794106875,67.058565,0,0.00035992490604241207,0.0006833236178517836,0.000771868150768953,0.0058085714122584845,0.35992490604241206,0.0,0.0006400750939575856,0.007954778109231049,0.9999999999990011,1.0041666666666667,2.0,0.9916666666666667,0.004166666666666667,0.0,0.004166666666666667,1.0,1.0,"{""native_task_candidate"":720}",{}
panda,regular/alpha=0.0,gn,240,240,3,"[240,240,240]","[240,240,240]",240.0,1.0,1.0,240,0,0.304489,0.3290399,0.34870821999999946,0.3075001291666667,73.800031,0,0.00035992490604241207,0.0006833236178517836,0.000771868150768953,0.0058085714122584845,0.35992490604241206,0.0,0.0006400750939575856,0.007954778109231049,0.9999999999990011,2.0,4.0,,,,,,,"{""task_candidate"":720}",{}
panda,regular/alpha=0.0,tight,240,240,3,"[240,240,240]","[240,240,240]",240.0,1.0,1.0,240,0,0.2750625,0.3032835,0.33430394999999996,0.2821521819444444,67.71652366666666,0,0.00035992490604241207,0.0006833236178517836,0.000771868150768953,0.0058085714122584845,0.35992490604241206,0.0,0.0006400750939575856,0.007954778109231049,0.9999999999990011,1.0041666666666667,2.0166666666666666,0.9916666666666667,0.004166666666666667,0.004166666666666667,0.0,0.0,1.0166666666666666,"{""native_task_candidate"":720}",{}
panda,regular/alpha=0.0,clarabel,240,240,3,"[240,240,240]","[240,240,240]",240.0,1.0,1.0,240,0,0.2766495,0.30428944999999996,0.32149352999999997,0.28101641944444444,67.44394066666668,0,0.00035992490604241207,0.0006833236178517836,0.000771868150768953,0.0058085714122584845,0.35992490604241206,0.0,0.0006400750939575856,0.007954778109231049,0.9999999999990011,1.0041666666666667,2.004166666666667,0.9916666666666667,0.004166666666666667,0.004166666666666667,0.0,0.0,1.0041666666666667,"{""native_task_candidate"":720}",{}
panda,regular/alpha=0.0,range_loss_matched,240,240,3,"[240,240,240]","[240,240,240]",240.0,1.0,1.0,240,0,1.3134245,2.642575499999998,3.3140513099999995,1.4490927416666668,347.782258,0,0.0009738031647806173,0.0009976590313617657,0.008455322809354633,0.00868759197533152,0.9854261948015318,0.32083333333333336,2.619683521938253e-05,0.00027132345064536506,0.6166671197001045,5.883333333333334,17.045833333333334,,0.0,0.0,0.0,,0.0,"{""task_accepted_early"":720}",{}
panda,regular/alpha=0.0,direct_sqp,240,240,3,"[240,240,240]","[240,240,240]",240.0,1.0,1.0,240,0,1.45404,1.93763955,2.1906925199999994,1.4561432569444444,349.47438166666666,0,0.000999999984077167,0.0009999999988169863,0.008726645984665478,0.008726646235316288,0.9999999868248527,0.9958333333333333,1.5922832908958633e-11,2.7533452184869143e-10,0.5529988082546352,9.933333333333334,15.45,,0.0,0.0,0.0,,0.0,"{""task_accepted_early"":720}",{}
panda,regular/alpha=0.0,fixed_qp1,240,240,3,"[240,240,240]","[240,240,240]",240.0,1.0,1.0,240,0,0.275493,0.30367144999999995,0.3286468299999997,0.27969171111111113,67.12601066666667,0,0.00035992490604241207,0.0006833236178517836,0.000771868150768953,0.0058085714122584845,0.35992490604241206,0.0,0.0006400750939575856,0.007954778109231049,0.9999999999990011,1.0041666666666667,2.0,0.9916666666666667,0.004166666666666667,0.0,0.0,0.0,1.0,"{""native_task_candidate"":720}",{}
panda,regular/alpha=0.0,fixed_qp2,240,240,3,"[240,240,240]","[240,240,240]",240.0,1.0,1.0,240,0,0.275712,0.30330965,0.32652202999999996,0.27985158055555553,67.16437933333333,0,0.00035992490604241207,0.0006833236178517836,0.000771868150768953,0.0058085714122584845,0.35992490604241206,0.0,0.0006400750939575856,0.007954778109231049,0.9999999999990011,1.0041666666666667,2.004166666666667,0.9916666666666667,0.004166666666666667,0.004166666666666667,0.0,0.0,1.0041666666666667,"{""native_task_candidate"":720}",{}
panda,regular/alpha=0.5,relative,240,240,3,"[240,240,240]","[240,240,240]",240.0,1.0,1.0,240,0,0.278258,0.31360875,0.4898204899999985,0.2849111513888889,68.37867633333333,0,0.000573929549372892,0.0009333847501222005,0.0021745165462160993,0.007905351516944444,0.5739295493728921,0.0125,0.0004260704506271061,0.0065521297137838925,0.9999999999990037,1.0125,2.0083333333333333,0.9833333333333333,0.0125,0.0,0.0125,1.0,1.0083333333333333,"{""native_task_candidate"":720}",{}
panda,regular/alpha=0.5,gn,240,240,3,"[240,240,240]","[240,240,240]",240.0,1.0,1.0,240,0,0.3066065,0.34151964999999995,0.48006228999999995,0.3126869388888889,75.04486533333333,0,0.000573929549372892,0.0009333847501222005,0.0021745165462160993,0.007905351516944444,0.5739295493728921,0.0125,0.0004260704506271061,0.0065521297137838925,0.9999999999990037,2.0083333333333333,4.016666666666667,,,,,,,"{""task_candidate"":720}",{}
panda,regular/alpha=0.5,tight,240,240,3,"[240,240,240]","[240,240,240]",240.0,1.0,1.0,240,0,0.2776465,0.31433924999999996,0.8500711299999996,0.29134472222222224,69.92273333333334,0,0.000573929549372892,0.0009333847501222005,0.0021745165462160993,0.007905351516944444,0.5739295493728921,0.0125,0.0004260704506271061,0.0065521297137838925,0.9999999999990037,1.0125,2.05,0.9833333333333333,0.0125,0.0125,0.0,0.0,1.05,"{""native_task_candidate"":720}",{}
panda,regular/alpha=0.5,clarabel,240,240,3,"[240,240,240]","[240,240,240]",240.0,1.0,1.0,240,0,0.27890550000000003,0.3179206,0.6780239699999997,0.2877340958333333,69.05618299999999,0,0.000573929549372892,0.0009333847501222005,0.0021745165462160993,0.007905351516944444,0.5739295493728921,0.0125,0.0004260704506271061,0.0065521297137838925,0.9999999999990037,1.0125,2.0208333333333335,0.9833333333333333,0.0125,0.0125,0.0,0.0,1.0208333333333333,"{""native_task_candidate"":720}",{}
panda,regular/alpha=0.5,range_loss_matched,240,240,3,"[240,240,240]","[240,240,240]",240.0,1.0,1.0,240,0,1.4285305,2.819018799999999,3.6771521299999996,1.5426867972222222,370.24483133333337,0,0.0009704449722613671,0.000998204071617828,0.008605998453323004,0.008724917164351568,0.9892351174228751,0.32916666666666666,2.9555027738632877e-05,0.00012064780667699588,0.9598412848944897,6.533333333333333,18.4875,,0.0,0.0,0.0,,0.0,"{""task_accepted_early"":720}",{}
panda,regular/alpha=0.5,direct_sqp,240,240,3,"[240,240,240]","[240,240,240]",240.0,1.0,1.0,240,0,1.496401,2.03774935,2.230137569999999,1.489831813888889,357.55963533333335,0,0.0009999999876708823,0.0009999999991539515,0.008726645993778155,0.008726646224418972,0.9999999888267656,1.0,1.2329117653024638e-11,2.6622184561009294e-10,0.5551564405654904,10.225,15.941666666666666,,0.0,0.0,0.0,,0.0,"{""task_accepted_early"":720}",{}
panda,regular/alpha=0.5,fixed_qp1,240,240,3,"[240,240,240]","[240,240,240]",240.0,1.0,1.0,240,0,0.28034349999999997,0.3144162,0.4518987299999997,0.28510765694444445,68.42583766666667,0,0.000573929549372892,0.0009333847501222005,0.0021745165462160993,0.007905351516944444,0.5739295493728921,0.0125,0.0004260704506271061,0.0065521297137838925,0.9999999999990037,1.0125,2.0083333333333333,0.9833333333333333,0.0125,0.0,0.0,0.0,1.0083333333333333,"{""native_task_candidate"":720}",{}
panda,regular/alpha=0.5,fixed_qp2,240,240,3,"[240,240,240]","[240,240,240]",240.0,1.0,1.0,240,0,0.2778255,0.3108671,0.6159673399999994,0.28593898333333334,68.625356,0,0.000573929549372892,0.0009333847501222005,0.0021745165462160993,0.007905351516944444,0.5739295493728921,0.0125,0.0004260704506271061,0.0065521297137838925,0.9999999999990037,1.0125,2.0208333333333335,0.9833333333333333,0.0125,0.0125,0.0,0.0,1.0208333333333333,"{""native_task_candidate"":720}",{}
panda,regular/alpha=0.95,relative,240,240,3,"[240,240,240]","[240,240,240]",240.0,1.0,1.0,240,0,0.282002,0.32705625,0.5010898099999997,0.2902926027777778,69.67022466666667,0,0.0007841753354204642,0.0009709155379276878,0.004324625658546786,0.008558121536993544,0.8218390544293462,0.03333333333333333,0.00021582466457953418,0.004402020601453213,0.9999999999990037,1.025,2.025,0.975,0.025,0.0,0.025,1.0,1.025,"{""native_task_candidate"":720}",{}
panda,regular/alpha=0.95,gn,240,240,3,"[240,240,240]","[240,240,240]",240.0,1.0,1.0,240,0,0.310829,0.35680654999999994,0.4820229999999998,0.3188407458333333,76.521779,0,0.0007841753354204642,0.0009709155379276878,0.004324625658546786,0.008558121536993544,0.8218390544293462,0.03333333333333333,0.00021582466457953418,0.004402020601453213,0.9999999999990037,2.025,4.05,,,,,,,"{""task_candidate"":720}",{}
panda,regular/alpha=0.95,tight,240,240,3,"[240,240,240]","[240,240,240]",240.0,1.0,1.0,240,0,0.2819435,0.32992005,1.2164431499999995,0.31630874305555556,75.91409833333334,0,0.0008228060499513611,0.0009709155379276878,0.0043567539974058815,0.008558121536993544,0.8487107326392741,0.0375,0.00017719395004863692,0.00436989226259411,0.9999999999990037,1.0208333333333333,2.2041666666666666,0.975,0.025,0.025,0.0,0.0,1.2041666666666666,"{""native_task_candidate"":720}",{}
panda,regular/alpha=0.95,clarabel,240,240,3,"[240,240,240]","[240,240,240]",240.0,1.0,1.0,240,0,0.284317,0.33219044999999997,0.7105960599999998,0.2972717263888889,71.34521433333333,0,0.0007841753354204642,0.0009709155379276878,0.004324625658546786,0.008558121536993544,0.8218390544293462,0.03333333333333333,0.00021582466457953418,0.004402020601453213,0.9999999999990037,1.025,2.05,0.975,0.025,0.025,0.0,0.0,1.05,"{""native_task_candidate"":720}",{}
panda,regular/alpha=0.95,range_loss_matched,240,240,3,"[238,238,238]","[238,238,238]",238.0,0.9916666666666667,0.9916666666666667,238,2,1.6106729999999998,3.342397199999998,4.3552908299999995,1.7771334305555557,426.5120233333334,0,0.000991358351577671,0.0009998302599940985,0.00861102708285742,0.008726518500641645,0.9978420554367665,0.46638655462184875,8.641648422329142e-06,0.0001156191771425799,0.9999999999990011,8.5625,22.120833333333334,,0.0,0.0,0.0,,0.0,"{""task_accepted_early"":714,""optimizer:CONVERGENCE: RELATIVE REDUCTION OF F <= FACTR*EPSMCH"":6}","{""position_tolerance"":6}"
panda,regular/alpha=0.95,direct_sqp,240,240,3,"[240,240,240]","[240,240,240]",240.0,1.0,1.0,240,0,1.560429,2.01252275,2.1232347599999994,1.5565499791666668,373.571995,0,0.000999999983659298,0.0009999999985219536,0.008726646068722034,0.008726646234896746,0.9999999868170535,1.0,1.6340701990309737e-11,1.9127796490811535e-10,0.5588976192846333,10.7625,16.920833333333334,,0.0,0.0,0.0,,0.0,"{""task_accepted_early"":720}",{}
panda,regular/alpha=0.95,fixed_qp1,240,240,3,"[240,240,240]","[240,240,240]",240.0,1.0,1.0,240,0,0.282841,0.32894355,0.4716290299999998,0.28954973055555555,69.49193533333333,0,0.0007841753354204642,0.0009709155379276878,0.004324625658546786,0.008558121536993544,0.8218390544293462,0.03333333333333333,0.00021582466457953418,0.004402020601453213,0.9999999999990037,1.025,2.025,0.975,0.025,0.0,0.0,0.0,1.025,"{""native_task_candidate"":720}",{}
panda,regular/alpha=0.95,fixed_qp2,240,240,3,"[240,240,240]","[240,240,240]",240.0,1.0,1.0,240,0,0.283364,0.32770029999999983,0.6489889399999996,0.29442918611111113,70.66300466666667,0,0.0007841753354204642,0.0009709155379276878,0.004324625658546786,0.008558121536993544,0.8218390544293462,0.03333333333333333,0.00021582466457953418,0.004402020601453213,0.9999999999990037,1.025,2.05,0.975,0.025,0.025,0.0,0.0,1.05,"{""native_task_candidate"":720}",{}
panda,high_utilization/alpha=0.0,relative,240,240,3,"[240,240,240]","[240,240,240]",240.0,1.0,1.0,240,0,0.4008985,0.56125045,0.6137786999999996,0.3924215277777778,94.18116666666667,0,0.0009186598840318006,0.0009862656258928487,0.003763897629656484,0.007748172141803487,0.9186598840318007,0.0625,8.134011596819927e-05,0.004962748630343514,0.9999999999990037,1.4875,2.4875,0.5125,0.4875,0.0,0.4875,1.0,1.4875,"{""native_task_candidate"":720}",{}
panda,high_utilization/alpha=0.0,gn,240,240,3,"[240,240,240]","[240,240,240]",240.0,1.0,1.0,240,0,0.4041425,0.5541888500000001,0.6112663399999998,0.4049001819444445,97.17604366666667,0,0.0009186598840318006,0.0009862656258928487,0.003763897629656484,0.007748172141803487,0.9186598840318007,0.0625,8.134011596819927e-05,0.004962748630343514,0.9999999999990037,2.4875,4.975,,,,,,,"{""task_candidate"":720}",{}
panda,high_utilization/alpha=0.0,tight,240,240,3,"[240,240,240]","[240,240,240]",240.0,1.0,1.0,240,0,0.4094935,1.983547149999986,2.9764829499999985,0.6983800666666667,167.611216,0,0.0009186598840318006,0.0009862656258928487,0.003763897629656484,0.007748172141803487,0.9186598840318007,0.0625,8.134011596819927e-05,0.004962748630343514,0.9999999999990037,1.4875,4.458333333333333,0.5125,0.4875,0.48333333333333334,0.0,0.0,3.4583333333333335,"{""native_task_candidate"":720}",{}
panda,high_utilization/alpha=0.0,clarabel,240,240,3,"[240,240,240]","[240,240,240]",240.0,1.0,1.0,240,0,0.427747,0.7542960999999999,0.8088241099999999,0.4899476694444445,117.58744066666668,0,0.0009186598840318006,0.0009862656258928487,0.003763897629656484,0.007748172141803487,0.9186598840318007,0.0625,8.134011596819927e-05,0.004962748630343514,0.9999999999990037,1.4875,2.975,0.5125,0.4875,0.4875,0.0,0.0,1.975,"{""native_task_candidate"":720}",{}
panda,high_utilization/alpha=0.0,range_loss_matched,240,240,3,"[238,238,238]","[238,238,238]",238.0,0.9916666666666667,0.9916666666666667,238,2,2.6054585,4.904430549999998,5.700848939999999,2.8008024194444445,672.1925806666667,0,0.0009563438582046761,0.0009994824637232782,0.008581880425856062,0.008726575875008127,0.9898383180276523,0.3697478991596639,4.3656141795323994e-05,0.00014476583414393897,0.9999999999990037,16.070833333333333,37.704166666666666,,0.0,0.0,0.0,,0.0,"{""task_accepted_early"":714,""optimizer:CONVERGENCE: RELATIVE REDUCTION OF F <= FACTR*EPSMCH"":6}","{""position_tolerance+orientation_tolerance"":6}"
panda,high_utilization/alpha=0.0,direct_sqp,240,240,3,"[240,240,240]","[240,240,240]",240.0,1.0,1.0,240,0,2.2912195,2.71346455,2.840532959999999,2.311384063888889,554.7321753333334,0,0.0009999999881143578,0.0009999999999511836,0.008726646059895,0.00872664619677449,0.999999990062072,1.0,1.1885642123288244e-11,2.001049995842275e-10,0.9999999999990037,16.879166666666666,28.5125,,0.0,0.0,0.0,,0.0,"{""task_accepted_early"":720}",{}
panda,high_utilization/alpha=0.0,fixed_qp1,240,240,3,"[240,240,240]","[240,240,240]",240.0,1.0,1.0,240,0,0.38108,0.5420592,0.5891232599999999,0.3792320777777778,91.01569866666667,0,0.0009186598840318006,0.0009862656258928487,0.003763897629656484,0.007748172141803487,0.9186598840318007,0.0625,8.134011596819927e-05,0.004962748630343514,0.9999999999990037,1.4875,2.4875,0.5125,0.4875,0.0,0.0,0.0,1.4875,"{""native_task_candidate"":720}",{}
panda,high_utilization/alpha=0.0,fixed_qp2,240,240,3,"[240,240,240]","[240,240,240]",240.0,1.0,1.0,240,0,0.426044,0.7331025,0.8329475599999999,0.45971802083333335,110.33232500000001,0,0.0009186598840318006,0.0009862656258928487,0.003763897629656484,0.007748172141803487,0.9186598840318007,0.0625,8.134011596819927e-05,0.004962748630343514,0.9999999999990037,1.4875,2.975,0.5125,0.4875,0.4875,0.0,0.0,1.975,"{""native_task_candidate"":720}",{}
panda,high_utilization/alpha=0.5,relative,240,240,3,"[240,240,240]","[240,240,240]",240.0,1.0,1.0,240,0,0.407726,0.55562175,0.6039539199999997,0.3923403375,94.161681,0,0.0009031752275679293,0.0009901094109897792,0.004311374510401705,0.008158202515628285,0.9055688338960435,0.06666666666666667,9.682477243207062e-05,0.0044152717495982916,0.9999999999990037,1.4958333333333333,2.495833333333333,0.5041666666666667,0.49583333333333335,0.0,0.49583333333333335,1.0,1.4958333333333333,"{""native_task_candidate"":720}",{}
panda,high_utilization/alpha=0.5,gn,240,240,3,"[240,240,240]","[240,240,240]",240.0,1.0,1.0,240,0,0.402717,0.54994475,0.5960221399999996,0.404383025,97.051926,0,0.0009031752275679293,0.0009901094109897792,0.004311374510401705,0.008158202515628285,0.9055688338960435,0.06666666666666667,9.682477243207062e-05,0.0044152717495982916,0.9999999999990037,2.495833333333333,4.991666666666666,,,,,,,"{""task_candidate"":720}",{}
panda,high_utilization/alpha=0.5,tight,240,240,3,"[240,240,240]","[240,240,240]",240.0,1.0,1.0,240,0,0.419609,2.35564975,2.661907349999999,0.7247323930555556,173.93577433333334,0,0.0009031752275679293,0.0009901094109897792,0.004311374510401705,0.008158202515628285,0.9055688338960435,0.06666666666666667,9.682477243207062e-05,0.0044152717495982916,0.9999999999990037,1.4916666666666667,4.675,0.5041666666666667,0.49583333333333335,0.4875,0.0,0.0,3.675,"{""native_task_candidate"":720}",{}
panda,high_utilization/alpha=0.5,clarabel,240,240,3,"[240,240,240]","[240,240,240]",240.0,1.0,1.0,240,0,0.419482,0.7637391499999999,0.8122028199999999,0.49684124999999996,119.24189999999999,0,0.0009031752275679293,0.0009901094109897792,0.004311374510401705,0.008158202515628285,0.9055688338960435,0.06666666666666667,9.682477243207062e-05,0.0044152717495982916,0.9999999999990037,1.4958333333333333,2.9916666666666667,0.5041666666666667,0.49583333333333335,0.49583333333333335,0.0,0.0,1.9916666666666667,"{""native_task_candidate"":720}",{}
panda,high_utilization/alpha=0.5,range_loss_matched,240,240,3,"[235,235,235]","[235,235,235]",235.0,0.9791666666666666,0.9791666666666666,235,5,2.7387905,5.354316649999999,7.147949039999999,2.8932384361111114,694.3772246666667,0,0.0009581139775304291,0.0009952306002199895,0.00858808519868682,0.0087172234045213,0.9897978068637601,0.4297872340425532,4.188602246957087e-05,0.0001385610613131805,0.9999999999990037,16.508333333333333,39.225,,0.0,0.0,0.0,,0.0,"{""task_accepted_early"":705,""optimizer:CONVERGENCE: RELATIVE REDUCTION OF F <= FACTR*EPSMCH"":15}","{""position_tolerance+orientation_tolerance"":12,""orientation_tolerance"":3}"
panda,high_utilization/alpha=0.5,direct_sqp,240,240,3,"[240,240,240]","[240,240,240]",240.0,1.0,1.0,240,0,2.3022215,2.74093595,2.8744191999999993,2.321904120833333,557.256989,0,0.000999999985184193,0.0009999999976644616,0.00872664608565751,0.008726646220276857,0.9999999881067427,1.0,1.4815806947173635e-11,1.7434249009740116e-10,0.9999999999990037,16.966666666666665,28.675,,0.0,0.0,0.0,,0.0,"{""task_accepted_early"":720}",{}
panda,high_utilization/alpha=0.5,fixed_qp1,240,240,3,"[240,240,240]","[240,240,240]",240.0,1.0,1.0,240,0,0.380795,0.5315321,0.5750748199999999,0.38057770972222216,91.33865033333332,0,0.0009031752275679293,0.0009901094109897792,0.004311374510401705,0.008158202515628285,0.9055688338960435,0.06666666666666667,9.682477243207062e-05,0.0044152717495982916,0.9999999999990037,1.4958333333333333,2.495833333333333,0.5041666666666667,0.49583333333333335,0.0,0.0,0.0,1.4958333333333333,"{""native_task_candidate"":720}",{}
panda,high_utilization/alpha=0.5,fixed_qp2,240,240,3,"[240,240,240]","[240,240,240]",240.0,1.0,1.0,240,0,0.4140195,0.7236267,0.8029795899999994,0.4594469722222222,110.26727333333332,0,0.0009031752275679293,0.0009901094109897792,0.004311374510401705,0.008158202515628285,0.9055688338960435,0.06666666666666667,9.682477243207062e-05,0.0044152717495982916,0.9999999999990037,1.4958333333333333,2.9916666666666667,0.5041666666666667,0.49583333333333335,0.49583333333333335,0.0,0.0,1.9916666666666667,"{""native_task_candidate"":720}",{}
panda,high_utilization/alpha=0.95,relative,240,240,3,"[240,240,240]","[240,240,240]",240.0,1.0,1.0,240,0,0.425905,0.5609816999999999,0.59452781,0.40364218611111113,96.87412466666667,0,0.0009152092563923923,0.000997978694153219,0.005828564343564272,0.007713553776728034,0.9152092563923923,0.058333333333333334,8.479074360760731e-05,0.0028980819164357184,0.9999999999990037,1.5333333333333334,2.533333333333333,0.4666666666666667,0.5333333333333333,0.0,0.5333333333333333,1.0,1.5333333333333334,"{""native_task_candidate"":720}",{}
panda,high_utilization/alpha=0.95,gn,240,240,3,"[240,240,240]","[240,240,240]",240.0,1.0,1.0,240,0,0.420299,0.5447262999999999,0.58641685,0.41106377083333334,98.655305,0,0.0009152092563923923,0.000997978694153219,0.005828564343564272,0.007713553776728034,0.9152092563923923,0.058333333333333334,8.479074360760731e-05,0.0028980819164357184,0.9999999999990037,2.533333333333333,5.066666666666666,,,,,,,"{""task_candidate"":720}",{}
panda,high_utilization/alpha=0.95,tight,240,240,3,"[240,240,240]","[240,240,240]",240.0,1.0,1.0,240,0,0.6067875,2.53039,2.896994059999999,0.8353026277777776,200.47263066666665,0,0.0009152108565599995,0.000997978694153219,0.006036208217490473,0.008039575977377662,0.9214881957463805,0.0625,8.478914344000006e-05,0.0026904380425095253,0.9999999999990037,1.5291666666666666,5.35,0.4666666666666667,0.5333333333333333,0.5291666666666667,0.0,0.0,4.35,"{""native_task_candidate"":720}",{}
panda,high_utilization/alpha=0.95,clarabel,240,240,3,"[240,240,240]","[240,240,240]",240.0,1.0,1.0,240,0,0.6267705,0.7579651,0.8198328399999998,0.5145057277777778,123.48137466666667,0,0.0009261323553109,0.000997978694153219,0.005828533938295609,0.007713553776728034,0.9261323553109,0.0625,7.386764468909962e-05,0.0028981123217043814,0.9999999999990037,1.5291666666666666,3.0625,0.4666666666666667,0.5333333333333333,0.5333333333333333,0.0,0.0,2.0625,"{""native_task_candidate"":720}",{}
panda,high_utilization/alpha=0.95,range_loss_matched,240,240,3,"[234,234,234]","[234,234,234]",234.0,0.975,0.975,234,6,2.71965,5.176258149999999,7.22020574,2.9487001333333334,707.688032,0,0.0009732624218753854,0.00099976930586869,0.008616667775626299,0.008715362683442826,0.9899796122582227,0.45726495726495725,2.6737578124614467e-05,0.00010997848437370043,0.9999999999990037,17.458333333333332,40.0125,,0.0,0.0,0.0,,0.0,"{""task_accepted_early"":702,""optimizer:CONVERGENCE: RELATIVE REDUCTION OF F <= FACTR*EPSMCH"":18}","{""position_tolerance+orientation_tolerance"":12,""orientation_tolerance"":6}"
panda,high_utilization/alpha=0.95,direct_sqp,240,240,3,"[240,240,240]","[240,240,240]",240.0,1.0,1.0,240,0,2.3487295,2.8358654,3.0167905699999995,2.363584652777778,567.2603166666667,0,0.00099999998773208,0.000999999999958217,0.008726646027054101,0.00872664625695619,0.9999999896748485,1.0,1.2267919926450825e-11,2.329458985081412e-10,0.9999999999990037,17.2625,29.333333333333332,,0.0,0.0,0.0,,0.0,"{""task_accepted_early"":720}",{}
panda,high_utilization/alpha=0.95,fixed_qp1,240,240,3,"[240,240,240]","[240,240,240]",240.0,1.0,1.0,240,0,0.40096600000000004,0.5280792,0.5636068299999999,0.388370075,93.208818,0,0.0009152092563923923,0.000997978694153219,0.005828564343564272,0.007713553776728034,0.9152092563923923,0.058333333333333334,8.479074360760731e-05,0.0028980819164357184,0.9999999999990037,1.5333333333333334,2.533333333333333,0.4666666666666667,0.5333333333333333,0.0,0.0,0.0,1.5333333333333334,"{""native_task_candidate"":720}",{}
panda,high_utilization/alpha=0.95,fixed_qp2,240,240,3,"[240,240,240]","[240,240,240]",240.0,1.0,1.0,240,0,0.531399,0.7074624999999999,0.793996859999999,0.474313,113.83512,0,0.0009152108937166353,0.000997978694153219,0.00582853366911745,0.007713553776728034,0.9152108937166353,0.058333333333333334,8.478910628336423e-05,0.0028981125908825412,0.9999999999990037,1.5333333333333334,3.066666666666667,0.4666666666666667,0.5333333333333333,0.5333333333333333,0.0,0.0,2.066666666666667,"{""native_task_candidate"":720}",{}
panda,multijoint_boundary/alpha=0.0,relative,240,240,3,"[240,240,240]","[240,240,240]",240.0,1.0,1.0,240,0,0.5439054999999999,0.64191095,0.7511354499999968,0.5079694625000001,121.912671,0,0.00089792485214673,0.0009989108738166455,0.004292576285668501,0.007328771808660304,0.8979248521467299,0.05,0.00010207514785326979,0.004434069974331494,0.9999999999990037,1.7125,2.7125,0.2875,0.7125,0.0,0.7125,1.0,1.7125,"{""native_task_candidate"":720}",{}
panda,multijoint_boundary/alpha=0.0,gn,240,240,3,"[240,240,240]","[240,240,240]",240.0,1.0,1.0,240,0,0.537204,0.6296554999999998,0.7717161299999988,0.5095139305555556,122.28334333333333,0,0.00089792485214673,0.0009989108738166455,0.004292576285668501,0.007328771808660304,0.8979248521467299,0.05,0.00010207514785326979,0.004434069974331494,0.9999999999990037,2.7125,5.425,,,,,,,"{""task_candidate"":720}",{}
panda,multijoint_boundary/alpha=0.0,tight,240,240,3,"[240,240,240]","[240,240,240]",240.0,1.0,1.0,240,0,1.1327425,2.814900149999999,3.3719419799999995,1.3187200222222222,316.49280533333337,0,0.0009352331585100453,0.0009989108738166455,0.005055223916915457,0.008459268899480102,0.9389129017100956,0.0875,6.476684148995456e-05,0.003671422343084528,0.9999999999990037,1.6541666666666666,7.291666666666667,0.2875,0.7125,0.7125,0.0,0.0,6.295833333333333,"{""native_task_candidate"":720}",{}
panda,multijoint_boundary/alpha=0.0,clarabel,240,240,3,"[240,240,240]","[240,240,240]",240.0,1.0,1.0,240,0,0.7509790000000001,0.8525590999999999,0.8990511799999997,0.6526955430555555,156.64693033333333,0,0.0009399225957118489,0.0009989108738166455,0.005055223916915457,0.008450987022362,0.9416709297475206,0.0875,6.007740428815102e-05,0.003671422343084528,0.9999999999990037,1.675,3.3875,0.2875,0.7125,0.7125,0.0,0.0,2.3875,"{""native_task_candidate"":720}",{}
panda,multijoint_boundary/alpha=0.0,range_loss_matched,240,240,3,"[235,235,235]","[235,235,235]",235.0,0.9791666666666666,0.9791666666666666,235,5,2.281429,5.208369599999999,6.3533266699999995,2.5036489250000002,600.8757420000001,0,0.0009500809427328666,0.0009969560045881305,0.008528348909329471,0.008725508648022226,0.9852753333921499,0.23829787234042554,4.9919057267133406e-05,0.00019829735067052845,0.9999999999990037,15.745833333333334,32.6625,,0.0,0.0,0.0,,0.0,"{""task_accepted_early"":705,""optimizer:CONVERGENCE: RELATIVE REDUCTION OF F <= FACTR*EPSMCH"":15}","{""orientation_tolerance"":9,""position_tolerance+orientation_tolerance"":6}"
panda,multijoint_boundary/alpha=0.0,direct_sqp,240,240,3,"[240,240,240]","[240,240,240]",240.0,1.0,1.0,240,0,2.355693,2.8553943999999998,3.629621009999984,2.374692490277778,569.9261976666667,0,0.000999999979759445,0.0009999999981191283,0.00872664607478876,0.008726646238222422,0.9999999857800776,1.0,2.0240555000279606e-11,1.8521124000789318e-10,0.9999999999990037,17.208333333333332,28.8375,,0.0,0.0,0.0,,0.0,"{""task_accepted_early"":720}",{}
panda,multijoint_boundary/alpha=0.0,fixed_qp1,240,240,3,"[240,240,240]","[240,240,240]",240.0,1.0,1.0,240,0,0.516626,0.6100476499999999,0.7846547499999961,0.48798165694444445,117.11559766666666,0,0.00089792485214673,0.0009989108738166455,0.004292576285668501,0.007328771808660304,0.8979248521467299,0.05,0.00010207514785326979,0.004434069974331494,0.9999999999990037,1.7125,2.7125,0.2875,0.7125,0.0,0.0,0.0,1.7125,"{""native_task_candidate"":720}",{}
panda,multijoint_boundary/alpha=0.0,fixed_qp2,240,240,3,"[240,240,240]","[240,240,240]",240.0,1.0,1.0,240,0,0.6992404999999999,0.82223385,0.8971872499999989,0.6188633125,148.527195,0,0.0009237300011768745,0.0009989108738166455,0.0044281256960673285,0.007555688372095546,0.9237300011768744,0.07083333333333333,7.626999882312524e-05,0.00429852056393267,0.9999999999990037,1.675,3.3875,0.2875,0.7125,0.7125,0.0,0.0,2.3875,"{""native_task_candidate"":720}",{}
panda,multijoint_boundary/alpha=0.5,relative,240,240,3,"[240,240,240]","[240,240,240]",240.0,1.0,1.0,240,0,0.511344,0.59468515,0.63900339,0.48153970833333337,115.56953,0,0.0009398931403292526,0.0009960021457846528,0.005923757573404482,0.008299379177279522,0.9432477443979922,0.075,6.0106859670747325e-05,0.0028028886865955074,0.9999999999990037,1.7333333333333334,2.7333333333333334,0.2708333333333333,0.7291666666666666,0.0,0.7291666666666666,1.0,1.7333333333333334,"{""native_task_candidate"":720}",{}
panda,multijoint_boundary/alpha=0.5,gn,240,240,3,"[240,240,240]","[240,240,240]",240.0,1.0,1.0,240,0,0.5061450000000001,0.586907,0.62092697,0.4853424708333333,116.482193,0,0.0009398931403292526,0.0009960021457846528,0.005923757573404482,0.008299379177279522,0.9432477443979922,0.075,6.0106859670747325e-05,0.0028028886865955074,0.9999999999990037,2.7333333333333334,5.466666666666667,,,,,,,"{""task_candidate"":720}",{}
panda,multijoint_boundary/alpha=0.5,tight,240,240,3,"[240,240,240]","[240,240,240]",240.0,1.0,1.0,240,0,1.2100125,2.8084616999999996,3.20408991,1.3394442833333333,321.466628,0,0.0009458401642132013,0.0009960021457846528,0.006171995614278951,0.008299379177279522,0.9473740325894507,0.0875,5.415983578679866e-05,0.0025546506457210494,0.9999999999990037,1.7,7.6125,0.2708333333333333,0.7291666666666666,0.7291666666666666,0.0,0.0,6.6125,"{""native_task_candidate"":720}",{}
panda,multijoint_boundary/alpha=0.5,clarabel,240,240,3,"[240,240,240]","[240,240,240]",240.0,1.0,1.0,240,0,0.7392215,0.8267471999999999,0.85464179,0.6473586236111111,155.36606966666668,0,0.0009458401642132013,0.0009960021457846528,0.006171995614278951,0.008299379177279522,0.9473740325894507,0.07916666666666666,5.415983578679866e-05,0.0025546506457210494,0.9999999999990037,1.7166666666666666,3.45,0.2708333333333333,0.7291666666666666,0.7291666666666666,0.0,0.0,2.45,"{""native_task_candidate"":720}",{}
panda,multijoint_boundary/alpha=0.5,range_loss_matched,240,240,3,"[236,236,236]","[236,236,236]",236.0,0.9833333333333333,0.9833333333333333,236,4,2.2754874999999997,4.98182175,6.5607289799999995,2.509303436111111,602.2328246666666,0,0.0009518843057718637,0.000998428207896642,0.008537246767525422,0.008723240127889612,0.9830061148222151,0.2330508474576271,4.811569422813629e-05,0.00018939949247457802,0.9999999999990037,15.995833333333334,32.87916666666667,,0.0,0.0,0.0,,0.0,"{""task_accepted_early"":708,""optimizer:CONVERGENCE: RELATIVE REDUCTION OF F <= FACTR*EPSMCH"":12}","{""position_tolerance+orientation_tolerance"":6,""orientation_tolerance"":6}"
panda,multijoint_boundary/alpha=0.5,direct_sqp,240,240,3,"[240,240,240]","[240,240,240]",240.0,1.0,1.0,240,0,2.3490215,2.8036116499999997,3.01639533,2.3646127638888887,567.5070633333333,0,0.0009999999863969358,0.0009999999974471064,0.008726646119017125,0.008726646251067234,0.9999999899316544,1.0,1.3603064096152917e-11,1.4098287494032636e-10,0.9999999999990037,17.279166666666665,28.825,,0.0,0.0,0.0,,0.0,"{""task_accepted_early"":720}",{}
panda,multijoint_boundary/alpha=0.5,fixed_qp1,240,240,3,"[240,240,240]","[240,240,240]",240.0,1.0,1.0,240,0,0.48539449999999995,0.57065865,0.61374935,0.4627020416666667,111.04849,0,0.0009398931403292526,0.0009960021457846528,0.005923757573404482,0.008299379177279522,0.9432477443979922,0.075,6.0106859670747325e-05,0.0028028886865955074,0.9999999999990037,1.7333333333333334,2.7333333333333334,0.2708333333333333,0.7291666666666666,0.0,0.0,0.0,1.7333333333333334,"{""native_task_candidate"":720}",{}
panda,multijoint_boundary/alpha=0.5,fixed_qp2,240,240,3,"[240,240,240]","[240,240,240]",240.0,1.0,1.0,240,0,0.6688915,0.7828879000000001,0.8206479399999999,0.598704776388889,143.68914633333335,0,0.0009420390262281596,0.0009960021457846528,0.006171995614278951,0.008299379177279522,0.9432477443979922,0.07916666666666666,5.796097377184042e-05,0.0025546506457210494,0.9999999999990037,1.7166666666666666,3.45,0.2708333333333333,0.7291666666666666,0.7291666666666666,0.0,0.0,2.45,"{""native_task_candidate"":720}",{}
panda,multijoint_boundary/alpha=0.95,relative,240,240,3,"[240,240,240]","[240,240,240]",240.0,1.0,1.0,240,0,0.5130885000000001,0.7019742499999999,1.7340827899999998,0.5342464708333333,128.219153,0,0.0009411188491686978,0.0009992583344808404,0.008493171049276707,0.008693909102669654,0.9768693978737382,0.24166666666666667,5.888115083130219e-05,0.00023347521072329336,0.9999999999990037,1.8541666666666667,3.120833333333333,0.175,0.825,0.041666666666666664,0.825,0.9537037037037037,2.1166666666666667,"{""native_task_candidate"":720}",{}
panda,multijoint_boundary/alpha=0.95,gn,240,240,3,"[230,230,230]","[230,230,230]",230.0,0.9583333333333334,0.9583333333333334,230,10,0.5040199999999999,0.6810097499999993,4.1017199699999995,0.6351430444444445,152.43433066666668,0,0.0009121417071632222,0.0009992583344808404,0.008505217973869819,0.008693909102669654,0.9767642837424819,0.21304347826086956,8.785829283677784e-05,0.00022142828613018126,0.9999999999990037,3.3125,9.75,,,,,,,"{""task_candidate"":690,""no_descent"":18,""stationary"":12}","{""orientation_tolerance"":30}"
panda,multijoint_boundary/alpha=0.95,tight,240,240,3,"[240,240,240]","[240,240,240]",240.0,1.0,1.0,240,0,1.45393,2.9542777499999997,3.8047273899999983,1.5011002430555556,360.26405833333337,0,0.0009411310441077385,0.0009967136317912877,0.008432461906985962,0.008694309163738999,0.9738496730804134,0.2625,5.8868955892261456e-05,0.0002941843530140367,0.9999999999990037,1.7875,8.625,0.175,0.825,0.825,0.0,0.0,7.629166666666666,"{""native_task_candidate"":720}",{}
panda,multijoint_boundary/alpha=0.95,clarabel,240,240,3,"[240,240,240]","[240,240,240]",240.0,1.0,1.0,240,0,0.7407425000000001,0.8908478999999998,1.0082629399999998,0.688431425,165.22354199999998,0,0.0009204540857371778,0.000999930269845503,0.008492794460771334,0.008694309174587727,0.9827456821085213,0.25833333333333336,7.954591426282179e-05,0.00023385179922866524,0.9999999999990037,1.8041666666666667,3.6791666666666667,0.175,0.825,0.825,0.0,0.0,2.675,"{""native_task_candidate"":720}",{}
panda,multijoint_boundary/alpha=0.95,range_loss_matched,240,240,3,"[212,212,212]","[212,212,212]",212.0,0.8833333333333333,0.8833333333333333,212,28,2.424807,6.0176568999999995,7.9549837299999995,2.837651872222222,681.0364493333333,0,0.000985611048473981,0.0009977658904652804,0.008635835133595126,0.008724294927186908,0.9952800792958544,0.6462264150943396,1.4388951526018946e-05,9.081112640487408e-05,0.9999999999990037,19.295833333333334,38.020833333333336,,0.0,0.0,0.0,,0.0,"{""task_accepted_early"":636,""optimizer:CONVERGENCE: NORM OF PROJECTED GRADIENT <= PGTOL"":3,""optimizer:CONVERGENCE: RELATIVE REDUCTION OF F <= FACTR*EPSMCH"":81}","{""position_tolerance+orientation_tolerance"":30,""position_tolerance"":24,""orientation_tolerance"":30}"
panda,multijoint_boundary/alpha=0.95,direct_sqp,240,240,3,"[240,240,240]","[240,240,240]",240.0,1.0,1.0,240,0,2.386141,2.88956355,3.148536059999996,2.402538598611111,576.6092636666667,0,0.0009999999851410394,0.0009999999997537476,0.008726646066084325,0.00872664624877333,0.9999999894505667,1.0,1.4858960568041313e-11,1.93915675791162e-10,0.9999999999990037,17.583333333333332,29.4,,0.0,0.0,0.0,,0.0,"{""task_accepted_early"":720}",{}
panda,multijoint_boundary/alpha=0.95,fixed_qp1,240,240,3,"[230,230,230]","[230,230,230]",230.0,0.9583333333333334,0.9583333333333334,230,10,0.484558,0.6669567999999991,6.393637759999999,0.6214864833333333,149.156756,0,0.0009121417071632222,0.0009992583344808404,0.008505217973869819,0.008693909102669654,0.9767642837424819,0.21304347826086956,8.785829283677784e-05,0.00022142828613018126,0.9999999999990037,2.3875,5.883333333333334,0.175,0.825,0.0,0.0,0.0,2.3875,"{""native_task_candidate"":690,""stationary"":15,""no_descent"":12,""iteration_limit"":3}","{""orientation_tolerance"":30}"
panda,multijoint_boundary/alpha=0.95,fixed_qp2,240,240,3,"[237,237,237]","[237,237,237]",237.0,0.9875,0.9875,237,3,0.6724730000000001,0.8439387499999998,4.44697736,0.7138333708333333,171.320009,0,0.0009140662290560276,0.0009967136317912877,0.008512069335452458,0.008694326815461312,0.9839468060959853,0.2320675105485232,8.593377094397246e-05,0.00021457692454754113,0.9999999999990037,2.025,4.829166666666667,0.175,0.825,0.825,0.0,0.0,3.095833333333333,"{""native_task_candidate"":711,""stationary"":9}","{""orientation_tolerance"":9}"
panda,ordinary/regular/alpha=0.0,relative,80,80,3,"[80,80,80]","[80,80,80]",80.0,1.0,1.0,80,0,0.275906,0.30096484999999995,0.30412771,0.2782099708333333,22.256797666666667,0,0.00044752526932158434,0.0006833236178517836,0.0006180417328954425,0.0058085714122584845,0.5769437484337296,0.0,0.0005524747306784135,0.008108604527104556,0.7109432550479028,1.0,1.9875,0.9875,0.0,0.0,0.0,,0.9875,"{""native_task_candidate"":240}",{}
panda,ordinary/regular/alpha=0.0,gn,80,80,3,"[80,80,80]","[80,80,80]",80.0,1.0,1.0,80,0,0.304024,0.32367635,0.3362738699999999,0.30528962916666663,24.42317033333333,0,0.00044752526932158434,0.0006833236178517836,0.0006180417328954425,0.0058085714122584845,0.5769437484337296,0.0,0.0005524747306784135,0.008108604527104556,0.7109432550479028,1.9875,3.975,,,,,,,"{""task_candidate"":240}",{}
panda,ordinary/regular/alpha=0.0,tight,80,80,3,"[80,80,80]","[80,80,80]",80.0,1.0,1.0,80,0,0.275181,0.3024494,0.3301495099999998,0.2790465291666667,22.323722333333336,0,0.00044752526932158434,0.0006833236178517836,0.0006180417328954425,0.0058085714122584845,0.5769437484337296,0.0,0.0005524747306784135,0.008108604527104556,0.7109432550479028,1.0,1.9875,0.9875,0.0,0.0,0.0,,0.9875,"{""native_task_candidate"":240}",{}
panda,ordinary/regular/alpha=0.0,clarabel,80,80,3,"[80,80,80]","[80,80,80]",80.0,1.0,1.0,80,0,0.2753445,0.30146255,0.30718308,0.2771463416666667,22.171707333333334,0,0.00044752526932158434,0.0006833236178517836,0.0006180417328954425,0.0058085714122584845,0.5769437484337296,0.0,0.0005524747306784135,0.008108604527104556,0.7109432550479028,1.0,1.9875,0.9875,0.0,0.0,0.0,,0.9875,"{""native_task_candidate"":240}",{}
panda,ordinary/regular/alpha=0.0,range_loss_matched,80,80,3,"[80,80,80]","[80,80,80]",80.0,1.0,1.0,80,0,1.329139,2.7273548999999964,3.476659349999998,1.4833020833333335,118.66416666666667,0,0.0009901047692900105,0.0009976590313617657,0.008584140766108302,0.008631960171107877,0.9901047692900103,0.3,9.895230709989571e-06,0.00014250549389169785,0.6166671197001045,6.3875,17.55,,0.0,0.0,0.0,,0.0,"{""task_accepted_early"":240}",{}
panda,ordinary/regular/alpha=0.0,direct_sqp,80,80,3,"[80,80,80]","[80,80,80]",80.0,1.0,1.0,80,0,1.5674934999999999,1.9868926499999995,2.2842724699999986,1.5045041208333336,120.36032966666669,0,0.0009999999842191252,0.0009999999988169863,0.008726645964017045,0.008726646039645989,0.9999999842191253,0.9875,1.5780874773174003e-11,2.9598295567950796e-10,0.5421231155846503,10.3,16.25,,0.0,0.0,0.0,,0.0,"{""task_accepted_early"":240}",{}
panda,ordinary/regular/alpha=0.0,fixed_qp1,80,80,3,"[80,80,80]","[80,80,80]",80.0,1.0,1.0,80,0,0.2747115,0.30026529999999996,0.31395945,0.27652953750000003,22.122363000000004,0,0.00044752526932158434,0.0006833236178517836,0.0006180417328954425,0.0058085714122584845,0.5769437484337296,0.0,0.0005524747306784135,0.008108604527104556,0.7109432550479028,1.0,1.9875,0.9875,0.0,0.0,0.0,,0.9875,"{""native_task_candidate"":240}",{}
panda,ordinary/regular/alpha=0.0,fixed_qp2,80,80,3,"[80,80,80]","[80,80,80]",80.0,1.0,1.0,80,0,0.27564900000000003,0.3006767,0.31136599,0.27681354999999996,22.145083999999997,0,0.00044752526932158434,0.0006833236178517836,0.0006180417328954425,0.0058085714122584845,0.5769437484337296,0.0,0.0005524747306784135,0.008108604527104556,0.7109432550479028,1.0,1.9875,0.9875,0.0,0.0,0.0,,0.9875,"{""native_task_candidate"":240}",{}
panda,ordinary/regular/alpha=0.5,relative,80,80,3,"[80,80,80]","[80,80,80]",80.0,1.0,1.0,80,0,0.2759805,0.30430025,0.32629361999999995,0.278868375,22.30947,0,0.0006184959949052585,0.0009333847501222005,0.0008501032885614661,0.007905351516944444,0.6184959949052584,0.025,0.00038150400509474034,0.007876542971438529,0.9999999999989999,1.0,1.9875,0.9875,0.0,0.0,0.0,,0.9875,"{""native_task_candidate"":240}",{}
panda,ordinary/regular/alpha=0.5,gn,80,80,3,"[80,80,80]","[80,80,80]",80.0,1.0,1.0,80,0,0.3031855,0.3300649,0.34243429999999997,0.30465374166666664,24.37229933333333,0,0.0006184959949052585,0.0009333847501222005,0.0008501032885614661,0.007905351516944444,0.6184959949052584,0.025,0.00038150400509474034,0.007876542971438529,0.9999999999989999,1.9875,3.975,,,,,,,"{""task_candidate"":240}",{}
panda,ordinary/regular/alpha=0.5,tight,80,80,3,"[80,80,80]","[80,80,80]",80.0,1.0,1.0,80,0,0.27576049999999996,0.30239985,0.31012576999999997,0.2783260666666667,22.266085333333336,0,0.0006184959949052585,0.0009333847501222005,0.0008501032885614661,0.007905351516944444,0.6184959949052584,0.025,0.00038150400509474034,0.007876542971438529,0.9999999999989999,1.0,1.9875,0.9875,0.0,0.0,0.0,,0.9875,"{""native_task_candidate"":240}",{}
panda,ordinary/regular/alpha=0.5,clarabel,80,80,3,"[80,80,80]","[80,80,80]",80.0,1.0,1.0,80,0,0.2768685,0.30624365,0.3207939799999998,0.279613625,22.36909,0,0.0006184959949052585,0.0009333847501222005,0.0008501032885614661,0.007905351516944444,0.6184959949052584,0.025,0.00038150400509474034,0.007876542971438529,0.9999999999989999,1.0,1.9875,0.9875,0.0,0.0,0.0,,0.9875,"{""native_task_candidate"":240}",{}
panda,ordinary/regular/alpha=0.5,range_loss_matched,80,80,3,"[80,80,80]","[80,80,80]",80.0,1.0,1.0,80,0,1.311332,3.1128772999999943,3.9890094399999927,1.5390022958333334,123.12018366666666,0,0.0009871527119565075,0.0009971780606494573,0.008636080004098401,0.008705126120970815,0.9960362069770161,0.3875,1.2847288043492564e-05,9.056625590159832e-05,0.643392486172803,6.5625,18.425,,0.0,0.0,0.0,,0.0,"{""task_accepted_early"":240}",{}
panda,ordinary/regular/alpha=0.5,direct_sqp,80,80,3,"[80,80,80]","[80,80,80]",80.0,1.0,1.0,80,0,1.5617355,2.0418076,2.2524588399999996,1.5271469041666668,122.17175233333334,0,0.0009999999878126994,0.0009999999991539515,0.008726645972793748,0.008726646111161735,0.9999999878126993,1.0,1.218730071288893e-11,2.872062512294938e-10,0.5465092546348274,10.4875,16.5875,,0.0,0.0,0.0,,0.0,"{""task_accepted_early"":240}",{}
panda,ordinary/regular/alpha=0.5,fixed_qp1,80,80,3,"[80,80,80]","[80,80,80]",80.0,1.0,1.0,80,0,0.27822,0.30626950000000003,0.3263910299999999,0.28074804583333335,22.459843666666668,0,0.0006184959949052585,0.0009333847501222005,0.0008501032885614661,0.007905351516944444,0.6184959949052584,0.025,0.00038150400509474034,0.007876542971438529,0.9999999999989999,1.0,1.9875,0.9875,0.0,0.0,0.0,,0.9875,"{""native_task_candidate"":240}",{}
panda,ordinary/regular/alpha=0.5,fixed_qp2,80,80,3,"[80,80,80]","[80,80,80]",80.0,1.0,1.0,80,0,0.2749795,0.30314685,0.31088568999999994,0.2768550166666666,22.14840133333333,0,0.0006184959949052585,0.0009333847501222005,0.0008501032885614661,0.007905351516944444,0.6184959949052584,0.025,0.00038150400509474034,0.007876542971438529,0.9999999999989999,1.0,1.9875,0.9875,0.0,0.0,0.0,,0.9875,"{""native_task_candidate"":240}",{}
panda,ordinary/regular/alpha=0.95,relative,80,80,3,"[80,80,80]","[80,80,80]",80.0,1.0,1.0,80,0,0.2748695,0.30586319999999995,0.32543780999999994,0.28011475,22.409180000000003,0,0.0006838778185711279,0.0009454751246940613,0.001320604937737262,0.002266212377454783,0.683877818571128,0.025,0.0003161221814288718,0.007406041322262738,0.9999999999990037,1.0,2.0,1.0,0.0,0.0,0.0,,1.0,"{""native_task_candidate"":240}",{}
panda,ordinary/regular/alpha=0.95,gn,80,80,3,"[80,80,80]","[80,80,80]",80.0,1.0,1.0,80,0,0.3055455,0.34254324999999997,0.36362149,0.31079197083333326,24.863357666666662,0,0.0006838778185711279,0.0009454751246940613,0.001320604937737262,0.002266212377454783,0.683877818571128,0.025,0.0003161221814288718,0.007406041322262738,0.9999999999990037,2.0,4.0,,,,,,,"{""task_candidate"":240}",{}
panda,ordinary/regular/alpha=0.95,tight,80,80,3,"[80,80,80]","[80,80,80]",80.0,1.0,1.0,80,0,0.2767305,0.30957435,0.3268831799999999,0.2811975875,22.495807,0,0.0006838778185711279,0.0009454751246940613,0.001320604937737262,0.002266212377454783,0.683877818571128,0.025,0.0003161221814288718,0.007406041322262738,0.9999999999990037,1.0,2.0,1.0,0.0,0.0,0.0,,1.0,"{""native_task_candidate"":240}",{}
panda,ordinary/regular/alpha=0.95,clarabel,80,80,3,"[80,80,80]","[80,80,80]",80.0,1.0,1.0,80,0,0.279715,0.32059515,0.3431255299999999,0.2840153583333333,22.721228666666665,0,0.0006838778185711279,0.0009454751246940613,0.001320604937737262,0.002266212377454783,0.683877818571128,0.025,0.0003161221814288718,0.007406041322262738,0.9999999999990037,1.0,2.0,1.0,0.0,0.0,0.0,,1.0,"{""native_task_candidate"":240}",{}
panda,ordinary/regular/alpha=0.95,range_loss_matched,80,80,3,"[79,79,79]","[79,79,79]",79.0,0.9875,0.9875,79,1,1.659774,3.1170751499999976,4.6670601199999835,1.7408930291666669,139.27144233333334,0,0.0009635479918901764,0.0009975551850629478,0.00857841649163032,0.008712028897368935,0.9904753362836726,0.35443037974683544,3.645200810982351e-05,0.00014822976836968013,0.7354363337824824,8.4125,21.5375,,0.0,0.0,0.0,,0.0,"{""task_accepted_early"":237,""optimizer:CONVERGENCE: RELATIVE REDUCTION OF F <= FACTR*EPSMCH"":3}","{""position_tolerance"":3}"
panda,ordinary/regular/alpha=0.95,direct_sqp,80,80,3,"[80,80,80]","[80,80,80]",80.0,1.0,1.0,80,0,1.615985,2.0278538999999998,2.2391825399999976,1.5857430583333332,126.85944466666666,0,0.0009999999856222562,0.0009999999964831526,0.008726646095204267,0.008726646234896746,0.9999999903506558,1.0,1.4377743776366331e-11,1.6479573209521323e-10,0.5529488331524289,10.9625,17.4625,,0.0,0.0,0.0,,0.0,"{""task_accepted_early"":240}",{}
panda,ordinary/regular/alpha=0.95,fixed_qp1,80,80,3,"[80,80,80]","[80,80,80]",80.0,1.0,1.0,80,0,0.278059,0.30933245,0.33867029,0.282300275,22.584022,0,0.0006838778185711279,0.0009454751246940613,0.001320604937737262,0.002266212377454783,0.683877818571128,0.025,0.0003161221814288718,0.007406041322262738,0.9999999999990037,1.0,2.0,1.0,0.0,0.0,0.0,,1.0,"{""native_task_candidate"":240}",{}
panda,ordinary/regular/alpha=0.95,fixed_qp2,80,80,3,"[80,80,80]","[80,80,80]",80.0,1.0,1.0,80,0,0.2782925,0.3104567,0.33243222999999994,0.2823909958333334,22.59127966666667,0,0.0006838778185711279,0.0009454751246940613,0.001320604937737262,0.002266212377454783,0.683877818571128,0.025,0.0003161221814288718,0.007406041322262738,0.9999999999990037,1.0,2.0,1.0,0.0,0.0,0.0,,1.0,"{""native_task_candidate"":240}",{}
panda,ordinary/high_utilization/alpha=0.0,relative,80,80,3,"[80,80,80]","[80,80,80]",80.0,1.0,1.0,80,0,0.434331,0.5542251499999999,0.5876955199999999,0.40514397083333337,32.41151766666667,0,0.0008686528945874821,0.0009689010425329694,0.003289034627971724,0.007748172141803487,0.889176037322724,0.05,0.0001313471054125171,0.005437611632028276,0.9999999999990037,1.575,2.575,0.425,0.575,0.0,0.575,1.0,1.575,"{""native_task_candidate"":240}",{}
panda,ordinary/high_utilization/alpha=0.0,gn,80,80,3,"[80,80,80]","[80,80,80]",80.0,1.0,1.0,80,0,0.430188,0.5540727,0.5957704499999997,0.41954687916666666,33.56375033333333,0,0.0008686528945874821,0.0009689010425329694,0.003289034627971724,0.007748172141803487,0.889176037322724,0.05,0.0001313471054125171,0.005437611632028276,0.9999999999990037,2.575,5.15,,,,,,,"{""task_candidate"":240}",{}
panda,ordinary/high_utilization/alpha=0.0,tight,80,80,3,"[80,80,80]","[80,80,80]",80.0,1.0,1.0,80,0,0.672327,2.299507599999998,2.915247239999995,0.7759167541666667,62.073340333333334,0,0.0008686528945874821,0.0009689010425329694,0.003289034627971724,0.007748172141803487,0.889176037322724,0.05,0.0001313471054125171,0.005437611632028276,0.9999999999990037,1.575,5.0625,0.425,0.575,0.5625,0.0,0.0,4.0625,"{""native_task_candidate"":240}",{}
panda,ordinary/high_utilization/alpha=0.0,clarabel,80,80,3,"[80,80,80]","[80,80,80]",80.0,1.0,1.0,80,0,0.6391465,0.7505503,0.8082462199999995,0.5195727791666667,41.56582233333333,0,0.0008686528945874821,0.0009689010425329694,0.003289034627971724,0.007748172141803487,0.889176037322724,0.05,0.0001313471054125171,0.005437611632028276,0.9999999999990037,1.575,3.15,0.425,0.575,0.575,0.0,0.0,2.15,"{""native_task_candidate"":240}",{}
panda,ordinary/high_utilization/alpha=0.0,range_loss_matched,80,80,3,"[80,80,80]","[80,80,80]",80.0,1.0,1.0,80,0,2.787054,4.73411355,5.83767564,2.87934825,230.34786,0,0.0009741690259865159,0.000999317408447158,0.008470730508480625,0.008600075520294037,0.9819295804331406,0.3875,2.5830974013484113e-05,0.0002559157515193746,0.9999999999990037,16.2875,38.8625,,0.0,0.0,0.0,,0.0,"{""task_accepted_early"":240}",{}
panda,ordinary/high_utilization/alpha=0.0,direct_sqp,80,80,3,"[80,80,80]","[80,80,80]",80.0,1.0,1.0,80,0,2.397889,2.72554695,2.8621064999999994,2.389112341666667,191.12898733333336,0,0.0009999999839039578,0.0009999999999511836,0.008726646033074296,0.008726646175208805,0.9999999886407946,1.0,1.609604220742522e-11,2.2692570305488107e-10,0.9999999999990037,17.4125,29.675,,0.0,0.0,0.0,,0.0,"{""task_accepted_early"":240}",{}
panda,ordinary/high_utilization/alpha=0.0,fixed_qp1,80,80,3,"[80,80,80]","[80,80,80]",80.0,1.0,1.0,80,0,0.40788100000000005,0.5395343,0.5759479499999999,0.3914999416666667,31.319995333333335,0,0.0008686528945874821,0.0009689010425329694,0.003289034627971724,0.007748172141803487,0.889176037322724,0.05,0.0001313471054125171,0.005437611632028276,0.9999999999990037,1.575,2.575,0.425,0.575,0.0,0.0,0.0,1.575,"{""native_task_candidate"":240}",{}
panda,ordinary/high_utilization/alpha=0.0,fixed_qp2,80,80,3,"[80,80,80]","[80,80,80]",80.0,1.0,1.0,80,0,0.543757,0.7115601999999999,0.7758298199999997,0.48183646666666663,38.54691733333333,0,0.0008686528945874821,0.0009689010425329694,0.003289034627971724,0.007748172141803487,0.889176037322724,0.05,0.0001313471054125171,0.005437611632028276,0.9999999999990037,1.575,3.15,0.425,0.575,0.575,0.0,0.0,2.15,"{""native_task_candidate"":240}",{}
panda,ordinary/high_utilization/alpha=0.5,relative,80,80,3,"[80,80,80]","[80,80,80]",80.0,1.0,1.0,80,0,0.4342815,0.5498542999999999,0.6021009499999994,0.40231723750000004,32.185379000000005,0,0.0008426982471104403,0.0009504842504676116,0.004186937102466629,0.008158202515628285,0.8493429836718325,0.025,0.0001573017528895596,0.004539709157533369,0.9999999999990037,1.575,2.575,0.425,0.575,0.0,0.575,1.0,1.575,"{""native_task_candidate"":240}",{}
panda,ordinary/high_utilization/alpha=0.5,gn,80,80,3,"[80,80,80]","[80,80,80]",80.0,1.0,1.0,80,0,0.423597,0.54083465,0.5895228899999997,0.4107041708333333,32.856333666666664,0,0.0008426982471104403,0.0009504842504676116,0.004186937102466629,0.008158202515628285,0.8493429836718325,0.025,0.0001573017528895596,0.004539709157533369,0.9999999999990037,2.575,5.15,,,,,,,"{""task_candidate"":240}",{}
panda,ordinary/high_utilization/alpha=0.5,tight,80,80,3,"[80,80,80]","[80,80,80]",80.0,1.0,1.0,80,0,0.659045,1.8612600499999994,2.48217937,0.7343497083333332,58.74797666666666,0,0.0008426982471104403,0.0009504842504676116,0.004186937102466629,0.008158202515628285,0.8493429836718325,0.025,0.0001573017528895596,0.004539709157533369,0.9999999999990037,1.5625,4.8,0.425,0.575,0.55,0.0,0.0,3.8,"{""native_task_candidate"":240}",{}
panda,ordinary/high_utilization/alpha=0.5,clarabel,80,80,3,"[80,80,80]","[80,80,80]",80.0,1.0,1.0,80,0,0.6335495,0.7574551999999999,0.8033310099999998,0.5199299291666667,41.594394333333334,0,0.0008426982471104403,0.0009504842504676116,0.004186937102466629,0.008158202515628285,0.8493429836718325,0.025,0.0001573017528895596,0.004539709157533369,0.9999999999990037,1.575,3.15,0.425,0.575,0.575,0.0,0.0,2.15,"{""native_task_candidate"":240}",{}
panda,ordinary/high_utilization/alpha=0.5,range_loss_matched,80,80,3,"[78,78,78]","[78,78,78]",78.0,0.975,0.975,78,2,2.7487885,6.221093299999997,7.434274689999997,3.0311670374999995,242.49336299999996,0,0.0009830091347623625,0.0009952306002199895,0.008580258055747754,0.0087172234045213,0.9915611738682248,0.44871794871794873,1.699086523763747e-05,0.00014638820425224645,0.9999999999990037,16.975,41.5375,,0.0,0.0,0.0,,0.0,"{""task_accepted_early"":234,""optimizer:CONVERGENCE: RELATIVE REDUCTION OF F <= FACTR*EPSMCH"":6}","{""position_tolerance+orientation_tolerance"":3,""orientation_tolerance"":3}"
panda,ordinary/high_utilization/alpha=0.5,direct_sqp,80,80,3,"[80,80,80]","[80,80,80]",80.0,1.0,1.0,80,0,2.3925865,2.76193045,2.84181762,2.3854572,190.836576,0,0.000999999980730671,0.0009999999959988493,0.00872664607480213,0.008726646220276857,0.999999986695798,1.0,1.9269328873413457e-11,1.8519786953996592e-10,0.9999999999990037,17.4625,29.7125,,0.0,0.0,0.0,,0.0,"{""task_accepted_early"":240}",{}
panda,ordinary/high_utilization/alpha=0.5,fixed_qp1,80,80,3,"[80,80,80]","[80,80,80]",80.0,1.0,1.0,80,0,0.4033515,0.5196045999999999,0.5704768699999996,0.3870305375,30.962442999999997,0,0.0008426982471104403,0.0009504842504676116,0.004186937102466629,0.008158202515628285,0.8493429836718325,0.025,0.0001573017528895596,0.004539709157533369,0.9999999999990037,1.575,2.575,0.425,0.575,0.0,0.0,0.0,1.575,"{""native_task_candidate"":240}",{}
panda,ordinary/high_utilization/alpha=0.5,fixed_qp2,80,80,3,"[80,80,80]","[80,80,80]",80.0,1.0,1.0,80,0,0.539498,0.7157749,0.7884993099999997,0.47797428750000004,38.237943,0,0.0008426982471104403,0.0009504842504676116,0.004186937102466629,0.008158202515628285,0.8493429836718325,0.025,0.0001573017528895596,0.004539709157533369,0.9999999999990037,1.575,3.15,0.425,0.575,0.575,0.0,0.0,2.15,"{""native_task_candidate"":240}",{}
panda,ordinary/high_utilization/alpha=0.95,relative,80,80,3,"[80,80,80]","[80,80,80]",80.0,1.0,1.0,80,0,0.420851,0.5415762999999999,0.57111483,0.40026565,32.021252,0,0.0008433996955259305,0.0009911729877424224,0.004865312345436731,0.007713553776728034,0.8631820773553759,0.025,0.00015660030447406923,0.0038613339145632665,0.9999999999990037,1.5375,2.5375,0.4625,0.5375,0.0,0.5375,1.0,1.5375,"{""native_task_candidate"":240}",{}
panda,ordinary/high_utilization/alpha=0.95,gn,80,80,3,"[80,80,80]","[80,80,80]",80.0,1.0,1.0,80,0,0.4174415,0.53462175,0.55426316,0.4080589083333333,32.64471266666666,0,0.0008433996955259305,0.0009911729877424224,0.004865312345436731,0.007713553776728034,0.8631820773553759,0.025,0.00015660030447406923,0.0038613339145632665,0.9999999999990037,2.5375,5.075,,,,,,,"{""task_candidate"":240}",{}
panda,ordinary/high_utilization/alpha=0.95,tight,80,80,3,"[80,80,80]","[80,80,80]",80.0,1.0,1.0,80,0,0.565888,2.257128449999999,2.7186338899999956,0.7517248708333334,60.13798966666667,0,0.0008433996955259305,0.0009911729877424224,0.004865312345436731,0.007713553776728034,0.8631820773553759,0.025,0.00015660030447406923,0.0038613339145632665,0.9999999999990037,1.5375,4.9125,0.4625,0.5375,0.525,0.0,0.0,3.9125,"{""native_task_candidate"":240}",{}
panda,ordinary/high_utilization/alpha=0.95,clarabel,80,80,3,"[80,80,80]","[80,80,80]",80.0,1.0,1.0,80,0,0.627165,0.76846195,0.8122863699999998,0.5135882458333333,41.08705966666667,0,0.0008433996955259305,0.0009911729877424224,0.004865312345436731,0.007713553776728034,0.8631820773553759,0.025,0.00015660030447406923,0.0038613339145632665,0.9999999999990037,1.5375,3.075,0.4625,0.5375,0.5375,0.0,0.0,2.075,"{""native_task_candidate"":240}",{}
panda,ordinary/high_utilization/alpha=0.95,range_loss_matched,80,80,3,"[79,79,79]","[79,79,79]",79.0,0.9875,0.9875,79,1,2.8073875,5.204458749999998,7.741532279999987,3.058505929166666,244.6804743333333,0,0.0009669112130316742,0.00099976930586869,0.008541180849295135,0.008658154483392157,0.9883787562640843,0.4430379746835443,3.308878696832573e-05,0.00018546541070486416,0.9999999999990037,18.3125,41.8,,0.0,0.0,0.0,,0.0,"{""task_accepted_early"":237,""optimizer:CONVERGENCE: RELATIVE REDUCTION OF F <= FACTR*EPSMCH"":3}","{""position_tolerance+orientation_tolerance"":3}"
panda,ordinary/high_utilization/alpha=0.95,direct_sqp,80,80,3,"[80,80,80]","[80,80,80]",80.0,1.0,1.0,80,0,2.421855,2.83566815,3.01060795,2.4325817666666665,194.60654133333333,0,0.0009999999818624896,0.0009999999947597083,0.008726646014169283,0.008726646102502712,0.9999999819754534,1.0,1.8137510276235862e-11,2.458307170674634e-10,0.9999999999990037,17.7625,30.375,,0.0,0.0,0.0,,0.0,"{""task_accepted_early"":240}",{}
panda,ordinary/high_utilization/alpha=0.95,fixed_qp1,80,80,3,"[80,80,80]","[80,80,80]",80.0,1.0,1.0,80,0,0.39747299999999997,0.52612675,0.54485771,0.3867185791666667,30.937486333333336,0,0.0008433996955259305,0.0009911729877424224,0.004865312345436731,0.007713553776728034,0.8631820773553759,0.025,0.00015660030447406923,0.0038613339145632665,0.9999999999990037,1.5375,2.5375,0.4625,0.5375,0.0,0.0,0.0,1.5375,"{""native_task_candidate"":240}",{}
panda,ordinary/high_utilization/alpha=0.95,fixed_qp2,80,80,3,"[80,80,80]","[80,80,80]",80.0,1.0,1.0,80,0,0.5335525000000001,0.6994091,0.7285157299999998,0.4726322208333333,37.81057766666667,0,0.0008433996955259305,0.0009911729877424224,0.004865312345436731,0.007713553776728034,0.8631820773553759,0.025,0.00015660030447406923,0.0038613339145632665,0.9999999999990037,1.5375,3.075,0.4625,0.5375,0.5375,0.0,0.0,2.075,"{""native_task_candidate"":240}",{}
panda,ordinary/multijoint_boundary/alpha=0.0,relative,80,80,3,"[80,80,80]","[80,80,80]",80.0,1.0,1.0,80,0,0.539777,0.63273435,0.8466384799999965,0.5097459916666666,40.77967933333333,0,0.0009048509345770265,0.0009891308848194165,0.00380995653585698,0.006539409472673095,0.9048509345770264,0.0625,9.51490654229731e-05,0.004916689724143018,0.9999999999990037,1.75,2.75,0.25,0.75,0.0,0.75,1.0,1.75,"{""native_task_candidate"":240}",{}
panda,ordinary/multijoint_boundary/alpha=0.0,gn,80,80,3,"[80,80,80]","[80,80,80]",80.0,1.0,1.0,80,0,0.531358,0.6261941,0.8310846499999958,0.5086564958333333,40.69251966666666,0,0.0009048509345770265,0.0009891308848194165,0.00380995653585698,0.006539409472673095,0.9048509345770264,0.0625,9.51490654229731e-05,0.004916689724143018,0.9999999999990037,2.75,5.5,,,,,,,"{""task_candidate"":240}",{}
panda,ordinary/multijoint_boundary/alpha=0.0,tight,80,80,3,"[80,80,80]","[80,80,80]",80.0,1.0,1.0,80,0,1.386503,3.2916757999999997,3.5913728299999956,1.4618138125,116.945105,0,0.0009255559692132325,0.0009891308848194165,0.004343425740577976,0.008459268899480102,0.9324040337802894,0.075,7.444403078676748e-05,0.004383220519421998,0.9999999999990037,1.725,8.175,0.25,0.75,0.75,0.0,0.0,7.1875,"{""native_task_candidate"":240}",{}
panda,ordinary/multijoint_boundary/alpha=0.0,clarabel,80,80,3,"[80,80,80]","[80,80,80]",80.0,1.0,1.0,80,0,0.7613755,0.8603275,1.0931578399999953,0.6722444291666666,53.77955433333333,0,0.0009324040337802894,0.0009891308848194165,0.004343425740577976,0.008450987022362,0.9520526630718579,0.0875,6.75959662197103e-05,0.004383220519421998,0.9999999999990037,1.725,3.475,0.25,0.75,0.75,0.0,0.0,2.475,"{""native_task_candidate"":240}",{}
panda,ordinary/multijoint_boundary/alpha=0.0,range_loss_matched,80,80,3,"[79,79,79]","[79,79,79]",79.0,0.9875,0.9875,79,1,2.093497,5.99812825,6.926088549999989,2.5843392041666666,206.74713633333332,0,0.0009556838702133681,0.0009969560045881305,0.008362840717226839,0.008715876916213458,0.982484407864072,0.27848101265822783,4.431612978663165e-05,0.0003638055427731608,0.9999999999990037,16.3375,33.975,,0.0,0.0,0.0,,0.0,"{""task_accepted_early"":237,""optimizer:CONVERGENCE: RELATIVE REDUCTION OF F <= FACTR*EPSMCH"":3}","{""orientation_tolerance"":3}"
panda,ordinary/multijoint_boundary/alpha=0.0,direct_sqp,80,80,3,"[80,80,80]","[80,80,80]",80.0,1.0,1.0,80,0,2.4320415,2.8395262,3.6012457599999874,2.4335262999999996,194.68210399999998,0,0.0009999999850924892,0.0009999999981191283,0.008726646056039511,0.008726646238222422,0.9999999898059936,1.0,1.4907510740170412e-11,2.039604883423418e-10,0.9999999999990037,17.5875,29.7,,0.0,0.0,0.0,,0.0,"{""task_accepted_early"":240}",{}
panda,ordinary/multijoint_boundary/alpha=0.0,fixed_qp1,80,80,3,"[80,80,80]","[80,80,80]",80.0,1.0,1.0,80,0,0.5092975,0.6087775,0.8168639099999958,0.4884341833333334,39.07473466666667,0,0.0009048509345770265,0.0009891308848194165,0.00380995653585698,0.006539409472673095,0.9048509345770264,0.0625,9.51490654229731e-05,0.004916689724143018,0.9999999999990037,1.75,2.75,0.25,0.75,0.0,0.0,0.0,1.75,"{""native_task_candidate"":240}",{}
panda,ordinary/multijoint_boundary/alpha=0.0,fixed_qp2,80,80,3,"[80,80,80]","[80,80,80]",80.0,1.0,1.0,80,0,0.7064405,0.8160105,1.1173087999999936,0.6343370125,50.746961,0,0.0009048509345770265,0.0009891308848194165,0.00380995653585698,0.006539409472673095,0.9048509345770264,0.0625,9.51490654229731e-05,0.004916689724143018,0.9999999999990037,1.7375,3.4875,0.25,0.75,0.75,0.0,0.0,2.4875,"{""native_task_candidate"":240}",{}
panda,ordinary/multijoint_boundary/alpha=0.5,relative,80,80,3,"[80,80,80]","[80,80,80]",80.0,1.0,1.0,80,0,0.510753,0.57266165,0.5967833699999999,0.4808212083333333,38.465696666666666,0,0.0009204103652978025,0.0009960021457846528,0.006177655063468985,0.007827512079581225,0.9204103652978024,0.0625,7.958963470219736e-05,0.0025489911965310137,0.9999999999990037,1.7625,2.7625,0.2375,0.7625,0.0,0.7625,1.0,1.7625,"{""native_task_candidate"":240}",{}
panda,ordinary/multijoint_boundary/alpha=0.5,gn,80,80,3,"[80,80,80]","[80,80,80]",80.0,1.0,1.0,80,0,0.5030349999999999,0.5698622,0.58826693,0.48154462499999995,38.52357,0,0.0009204103652978025,0.0009960021457846528,0.006177655063468985,0.007827512079581225,0.9204103652978024,0.0625,7.958963470219736e-05,0.0025489911965310137,0.9999999999990037,2.7625,5.525,,,,,,,"{""task_candidate"":240}",{}
panda,ordinary/multijoint_boundary/alpha=0.5,tight,80,80,3,"[80,80,80]","[80,80,80]",80.0,1.0,1.0,80,0,1.3593199999999999,2.8304419999999966,3.299402379999998,1.4235700083333331,113.88560066666666,0,0.0009356776296120873,0.0009960021457846528,0.006177655063468985,0.007827512079581225,0.9356776296120873,0.0875,6.432237038791261e-05,0.0025489911965310137,0.9999999999990037,1.725,8.2,0.2375,0.7625,0.7625,0.0,0.0,7.2,"{""native_task_candidate"":240}",{}
panda,ordinary/multijoint_boundary/alpha=0.5,clarabel,80,80,3,"[80,80,80]","[80,80,80]",80.0,1.0,1.0,80,0,0.7428675,0.8055195999999999,0.83667647,0.6578239791666666,52.625918333333324,0,0.0009204103652978025,0.0009960021457846528,0.006177655063468985,0.007827512079581225,0.9204103652978024,0.0625,7.958963470219736e-05,0.0025489911965310137,0.9999999999990037,1.7625,3.525,0.2375,0.7625,0.7625,0.0,0.0,2.525,"{""native_task_candidate"":240}",{}
panda,ordinary/multijoint_boundary/alpha=0.5,range_loss_matched,80,80,3,"[79,79,79]","[79,79,79]",79.0,0.9875,0.9875,79,1,2.305556,5.6735242999999995,6.713733149999996,2.5999181458333336,207.9934516666667,0,0.0009528288755889465,0.000998428207896642,0.008579025702898096,0.008723240127889612,0.9909448367160385,0.27848101265822783,4.717112441105355e-05,0.0001476205571019036,0.9999999999990037,16.525,34.25,,0.0,0.0,0.0,,0.0,"{""task_accepted_early"":237,""optimizer:CONVERGENCE: RELATIVE REDUCTION OF F <= FACTR*EPSMCH"":3}","{""position_tolerance+orientation_tolerance"":3}"
panda,ordinary/multijoint_boundary/alpha=0.5,direct_sqp,80,80,3,"[80,80,80]","[80,80,80]",80.0,1.0,1.0,80,0,2.368839,2.8851565999999997,3.00860769,2.4042591875,192.340735,0,0.0009999999873316666,0.0009999999956547844,0.008726646146876595,0.008726646251067234,0.9999999910417655,1.0,1.2668333396193002e-11,1.131234047407892e-10,0.9999999999990037,17.575,29.6,,0.0,0.0,0.0,,0.0,"{""task_accepted_early"":240}",{}
panda,ordinary/multijoint_boundary/alpha=0.5,fixed_qp1,80,80,3,"[80,80,80]","[80,80,80]",80.0,1.0,1.0,80,0,0.48448599999999997,0.54236625,0.5719409299999999,0.45901145000000004,36.720916,0,0.0009204103652978025,0.0009960021457846528,0.006177655063468985,0.007827512079581225,0.9204103652978024,0.0625,7.958963470219736e-05,0.0025489911965310137,0.9999999999990037,1.7625,2.7625,0.2375,0.7625,0.0,0.0,0.0,1.7625,"{""native_task_candidate"":240}",{}
panda,ordinary/multijoint_boundary/alpha=0.5,fixed_qp2,80,80,3,"[80,80,80]","[80,80,80]",80.0,1.0,1.0,80,0,0.6716425,0.7518714999999999,0.7932952799999999,0.6031685208333334,48.253481666666666,0,0.0009301148604478859,0.0009960021457846528,0.006177655063468985,0.007827512079581225,0.9301148604478858,0.075,6.988513955211407e-05,0.0025489911965310137,0.9999999999990037,1.75,3.5125,0.2375,0.7625,0.7625,0.0,0.0,2.5125,"{""native_task_candidate"":240}",{}
panda,ordinary/multijoint_boundary/alpha=0.95,relative,80,80,3,"[80,80,80]","[80,80,80]",80.0,1.0,1.0,80,0,0.5130885000000001,0.7563203999999912,2.8499874899999984,0.5848001583333333,46.78401266666666,0,0.0009185628065681391,0.0009788665663676098,0.008526410197824599,0.00867608159753003,0.9790518059560068,0.2875,8.143719343186044e-05,0.00020023606217540028,0.9999999999990037,1.95,3.475,0.0875,0.9125,0.0625,0.9125,0.9382716049382716,2.475,"{""native_task_candidate"":240}",{}
panda,ordinary/multijoint_boundary/alpha=0.95,gn,80,80,3,"[75,75,75]","[75,75,75]",75.0,0.9375,0.9375,75,5,0.505383,3.3314544499999927,4.164826429999996,0.7085559499999999,56.684476,0,0.0008885120701085051,0.000942112026991478,0.00856441741084996,0.00867608159753003,0.9814099432569368,0.24,0.0001114879298914946,0.0001622288491500403,0.9999999999990037,3.625,11.7375,,,,,,,"{""task_candidate"":225,""no_descent"":6,""stationary"":9}","{""orientation_tolerance"":15}"
panda,ordinary/multijoint_boundary/alpha=0.95,tight,80,80,3,"[80,80,80]","[80,80,80]",80.0,1.0,1.0,80,0,1.614847,3.1754120999999977,3.893142829999999,1.72219095,137.775276,0,0.0009182148835996698,0.0009724086226692259,0.00849909140121576,0.00866311153001067,0.97392413396802,0.3,8.178511640033027e-05,0.00022755485878423885,0.9999999999990037,1.85,10.025,0.0875,0.9125,0.9125,0.0,0.0,9.025,"{""native_task_candidate"":240}",{}
panda,ordinary/multijoint_boundary/alpha=0.95,clarabel,80,80,3,"[80,80,80]","[80,80,80]",80.0,1.0,1.0,80,0,0.7454149999999999,0.8459567499999985,0.9766252899999999,0.7184691208333333,57.47752966666666,0,0.0009080630527428958,0.000958567323088352,0.008528242610646247,0.008663113046644005,0.9772646165041468,0.2875,9.193694725710368e-05,0.00019840364935375262,0.9999999999990037,1.8875,3.85,0.0875,0.9125,0.9125,0.0,0.0,2.85,"{""native_task_candidate"":240}",{}
panda,ordinary/multijoint_boundary/alpha=0.95,range_loss_matched,80,80,3,"[72,72,72]","[72,72,72]",72.0,0.9,0.9,72,8,2.241111,5.542116549999991,7.4894355699999995,2.7197711166666663,217.58168933333332,0,0.0009876207456448035,0.0009977658904652804,0.008692194208922208,0.00871074288054852,0.9967617015199737,0.7083333333333334,1.237925435519649e-05,3.445205107779209e-05,0.9999999999990037,18.3125,36.3,,0.0,0.0,0.0,,0.0,"{""task_accepted_early"":216,""optimizer:CONVERGENCE: NORM OF PROJECTED GRADIENT <= PGTOL"":3,""optimizer:CONVERGENCE: RELATIVE REDUCTION OF F <= FACTR*EPSMCH"":21}","{""position_tolerance+orientation_tolerance"":15,""position_tolerance"":6,""orientation_tolerance"":3}"
panda,ordinary/multijoint_boundary/alpha=0.95,direct_sqp,80,80,3,"[80,80,80]","[80,80,80]",80.0,1.0,1.0,80,0,2.4411490000000002,2.8861828999999997,3.05313144,2.430926575,194.47412599999998,0,0.0009999999883241568,0.000999999999505088,0.008726646037131884,0.008726646196907318,0.9999999895990411,1.0,1.1675843126536523e-11,2.2286811545563223e-10,0.9999999999990037,17.7625,30.0,,0.0,0.0,0.0,,0.0,"{""task_accepted_early"":240}",{}
panda,ordinary/multijoint_boundary/alpha=0.95,fixed_qp1,80,80,3,"[75,75,75]","[75,75,75]",75.0,0.9375,0.9375,75,5,0.483569,0.930049949999999,6.545848209999997,0.6919648541666668,55.35718833333334,0,0.0008885120701085051,0.000942112026991478,0.00856441741084996,0.00867608159753003,0.9814099432569368,0.24,0.0001114879298914946,0.0001622288491500403,0.9999999999990037,2.7625,7.125,0.0875,0.9125,0.0,0.0,0.0,2.7625,"{""native_task_candidate"":225,""stationary"":12,""no_descent"":3}","{""orientation_tolerance"":15}"
panda,ordinary/multijoint_boundary/alpha=0.95,fixed_qp2,80,80,3,"[78,78,78]","[78,78,78]",78.0,0.975,0.975,78,2,0.6771445,0.9776803999999857,4.468339019999998,0.7765454833333334,62.12363866666667,0,0.000896053827224769,0.000942112026991478,0.00858295480111655,0.00867608159753003,0.9835341717078548,0.2692307692307692,0.00010394617277523101,0.00014369145888345057,0.9999999999990037,2.2125,5.5375,0.0875,0.9125,0.9125,0.0,0.0,3.4875,"{""native_task_candidate"":234,""stationary"":6}","{""orientation_tolerance"":6}"
panda,near_singular/regular/alpha=0.0,relative,80,80,3,"[80,80,80]","[80,80,80]",80.0,1.0,1.0,80,0,0.275808,0.30260175,0.38339399999999857,0.28072404166666665,22.45792333333333,0,0.0003563173587708366,0.000537019376533453,0.0009957313116207116,0.001274702750281146,0.3563173587708366,0.0,0.0006436826412291625,0.0077309149483792885,0.9999999999990011,1.0125,2.0125,0.9875,0.0125,0.0,0.0125,1.0,1.0125,"{""native_task_candidate"":240}",{}
panda,near_singular/regular/alpha=0.0,gn,80,80,3,"[80,80,80]","[80,80,80]",80.0,1.0,1.0,80,0,0.3058905,0.3290399,0.3985946099999992,0.30917170833333335,24.73373666666667,0,0.0003563173587708366,0.000537019376533453,0.0009957313116207116,0.001274702750281146,0.3563173587708366,0.0,0.0006436826412291625,0.0077309149483792885,0.9999999999990011,2.0125,4.025,,,,,,,"{""task_candidate"":240}",{}
panda,near_singular/regular/alpha=0.0,tight,80,80,3,"[80,80,80]","[80,80,80]",80.0,1.0,1.0,80,0,0.2770765,0.3049379499999999,0.7260234599999904,0.28833451666666665,23.066761333333332,0,0.0003563173587708366,0.000537019376533453,0.0009957313116207116,0.001274702750281146,0.3563173587708366,0.0,0.0006436826412291625,0.0077309149483792885,0.9999999999990011,1.0125,2.0625,0.9875,0.0125,0.0125,0.0,0.0,1.0625,"{""native_task_candidate"":240}",{}
panda,near_singular/regular/alpha=0.0,clarabel,80,80,3,"[80,80,80]","[80,80,80]",80.0,1.0,1.0,80,0,0.277296,0.3048288,0.5592065499999966,0.28535390416666667,22.828312333333333,0,0.0003563173587708366,0.000537019376533453,0.0009957313116207116,0.001274702750281146,0.3563173587708366,0.0,0.0006436826412291625,0.0077309149483792885,0.9999999999990011,1.0125,2.025,0.9875,0.0125,0.0125,0.0,0.0,1.025,"{""native_task_candidate"":240}",{}
panda,near_singular/regular/alpha=0.0,range_loss_matched,80,80,3,"[80,80,80]","[80,80,80]",80.0,1.0,1.0,80,0,1.2624995,2.61722045,3.1088341099999957,1.3911723291666669,111.29378633333334,0,0.0009590766918164966,0.0009900158768894219,0.008385335272307615,0.008549453459729638,0.9723207246954547,0.325,4.092330818350343e-05,0.00034131098769238317,0.5700384063825923,5.425,16.1375,,0.0,0.0,0.0,,0.0,"{""task_accepted_early"":240}",{}
panda,near_singular/regular/alpha=0.0,direct_sqp,80,80,3,"[80,80,80]","[80,80,80]",80.0,1.0,1.0,80,0,1.422339,1.8741625499999999,2.0022615299999984,1.4223088041666665,113.78470433333332,0,0.0009999999790114129,0.0009999999962371454,0.008726646011031448,0.008726646143491315,0.9999999856534861,1.0,2.098858725707587e-11,2.489685528052344e-10,0.5529988082546352,9.6875,14.8875,,0.0,0.0,0.0,,0.0,"{""task_accepted_early"":240}",{}
panda,near_singular/regular/alpha=0.0,fixed_qp1,80,80,3,"[80,80,80]","[80,80,80]",80.0,1.0,1.0,80,0,0.2760535,0.3050697,0.4221574699999996,0.28175540416666667,22.54043233333333,0,0.0003563173587708366,0.000537019376533453,0.0009957313116207116,0.001274702750281146,0.3563173587708366,0.0,0.0006436826412291625,0.0077309149483792885,0.9999999999990011,1.0125,2.0125,0.9875,0.0125,0.0,0.0,0.0,1.0125,"{""native_task_candidate"":240}",{}
panda,near_singular/regular/alpha=0.0,fixed_qp2,80,80,3,"[80,80,80]","[80,80,80]",80.0,1.0,1.0,80,0,0.274891,0.30498635,0.4921670799999981,0.28242852500000004,22.594282000000003,0,0.0003563173587708366,0.000537019376533453,0.0009957313116207116,0.001274702750281146,0.3563173587708366,0.0,0.0006436826412291625,0.0077309149483792885,0.9999999999990011,1.0125,2.025,0.9875,0.0125,0.0125,0.0,0.0,1.025,"{""native_task_candidate"":240}",{}
panda,near_singular/regular/alpha=0.5,relative,80,80,3,"[80,80,80]","[80,80,80]",80.0,1.0,1.0,80,0,0.2852275,0.33277545,0.5204810299999999,0.2943556208333334,23.54844966666667,0,0.0007209540149719245,0.0009313144436448347,0.0029224776623198246,0.0041013384001548706,0.7209540149719245,0.0125,0.00027904598502807545,0.0058041685976801755,0.9999999999990037,1.0375,2.0375,0.9625,0.0375,0.0,0.0375,1.0,1.0375,"{""native_task_candidate"":240}",{}
panda,near_singular/regular/alpha=0.5,gn,80,80,3,"[80,80,80]","[80,80,80]",80.0,1.0,1.0,80,0,0.316436,0.35653809999999986,0.49102211999999984,0.3228548875,25.828391,0,0.0007209540149719245,0.0009313144436448347,0.0029224776623198246,0.0041013384001548706,0.7209540149719245,0.0125,0.00027904598502807545,0.0058041685976801755,0.9999999999990037,2.0375,4.075,,,,,,,"{""task_candidate"":240}",{}
panda,near_singular/regular/alpha=0.5,tight,80,80,3,"[80,80,80]","[80,80,80]",80.0,1.0,1.0,80,0,0.284653,0.33228864999999996,1.1516331599999976,0.31505412916666664,25.20433033333333,0,0.0007209540149719245,0.0009313144436448347,0.0029224776623198246,0.0041013384001548706,0.7209540149719245,0.0125,0.00027904598502807545,0.0058041685976801755,0.9999999999990037,1.0375,2.1625,0.9625,0.0375,0.0375,0.0,0.0,1.1625,"{""native_task_candidate"":240}",{}
panda,near_singular/regular/alpha=0.5,clarabel,80,80,3,"[80,80,80]","[80,80,80]",80.0,1.0,1.0,80,0,0.2847925,0.33286829999999995,0.7366982599999996,0.3035160916666667,24.28128733333334,0,0.0007209540149719245,0.0009313144436448347,0.0029224776623198246,0.0041013384001548706,0.7209540149719245,0.0125,0.00027904598502807545,0.0058041685976801755,0.9999999999990037,1.0375,2.075,0.9625,0.0375,0.0375,0.0,0.0,1.075,"{""native_task_candidate"":240}",{}
panda,near_singular/regular/alpha=0.5,range_loss_matched,80,80,3,"[80,80,80]","[80,80,80]",80.0,1.0,1.0,80,0,1.4072845,2.8190187999999994,3.6656109499999956,1.5633024583333333,125.06419666666666,0,0.0009590117476818711,0.000998204071617828,0.008509706391483626,0.00865730569824673,0.9770113813226574,0.3,4.098825231812879e-05,0.0002169398685163736,0.554536449827012,6.6125,18.8125,,0.0,0.0,0.0,,0.0,"{""task_accepted_early"":240}",{}
panda,near_singular/regular/alpha=0.5,direct_sqp,80,80,3,"[80,80,80]","[80,80,80]",80.0,1.0,1.0,80,0,1.470422,1.9522420999999999,2.2208302999999994,1.4639278374999998,117.11422699999999,0,0.000999999970857057,0.0009999999959748407,0.0087266459921619,0.008726646196851739,0.9999999832202334,1.0,2.914294297421198e-11,2.678381009167674e-10,0.5551564405654904,10.0,15.5,,0.0,0.0,0.0,,0.0,"{""task_accepted_early"":240}",{}
panda,near_singular/regular/alpha=0.5,fixed_qp1,80,80,3,"[80,80,80]","[80,80,80]",80.0,1.0,1.0,80,0,0.2833735,0.3345925,0.49114894,0.2930675375,23.445403,0,0.0007209540149719245,0.0009313144436448347,0.0029224776623198246,0.0041013384001548706,0.7209540149719245,0.0125,0.00027904598502807545,0.0058041685976801755,0.9999999999990037,1.0375,2.0375,0.9625,0.0375,0.0,0.0,0.0,1.0375,"{""native_task_candidate"":240}",{}
panda,near_singular/regular/alpha=0.5,fixed_qp2,80,80,3,"[80,80,80]","[80,80,80]",80.0,1.0,1.0,80,0,0.28529150000000003,0.33556695,0.6816607999999996,0.3002054083333333,24.016432666666663,0,0.0007209540149719245,0.0009313144436448347,0.0029224776623198246,0.0041013384001548706,0.7209540149719245,0.0125,0.00027904598502807545,0.0058041685976801755,0.9999999999990037,1.0375,2.075,0.9625,0.0375,0.0375,0.0,0.0,1.075,"{""native_task_candidate"":240}",{}
panda,near_singular/regular/alpha=0.95,relative,80,80,3,"[80,80,80]","[80,80,80]",80.0,1.0,1.0,80,0,0.29452999999999996,0.46781064999999994,0.5179692499999999,0.30684812916666665,24.547850333333333,0,0.0009386328718905611,0.0009709155379276878,0.005350431908578716,0.008558121536993544,0.9673053284130283,0.075,6.136712810943843e-05,0.003376214351421284,0.9999999999990037,1.0625,2.0625,0.9375,0.0625,0.0,0.0625,1.0,1.0625,"{""native_task_candidate"":240}",{}
panda,near_singular/regular/alpha=0.95,gn,80,80,3,"[80,80,80]","[80,80,80]",80.0,1.0,1.0,80,0,0.32054,0.45881044999999976,0.5011534799999998,0.33257257916666666,26.605806333333334,0,0.0009386328718905611,0.0009709155379276878,0.005350431908578716,0.008558121536993544,0.9673053284130283,0.075,6.136712810943843e-05,0.003376214351421284,0.9999999999990037,2.0625,4.125,,,,,,,"{""task_candidate"":240}",{}
panda,near_singular/regular/alpha=0.95,tight,80,80,3,"[80,80,80]","[80,80,80]",80.0,1.0,1.0,80,0,0.292505,1.0587329,1.9599373999999832,0.36014969999999996,28.811975999999998,0,0.0009475550765152214,0.0009709155379276878,0.0054204130400240325,0.008558121536993544,0.9673053284130283,0.0875,5.244492348477827e-05,0.003306233219975946,0.9999999999990037,1.05,2.425,0.9375,0.0625,0.0625,0.0,0.0,1.425,"{""native_task_candidate"":240}",{}
panda,near_singular/regular/alpha=0.95,clarabel,80,80,3,"[80,80,80]","[80,80,80]",80.0,1.0,1.0,80,0,0.2920615,0.6959042499999999,0.7447407099999996,0.3200986333333333,25.607890666666666,0,0.0009386328718905611,0.0009709155379276878,0.005350431908578716,0.008558121536993544,0.9673053284130283,0.075,6.136712810943843e-05,0.003376214351421284,0.9999999999990037,1.0625,2.125,0.9375,0.0625,0.0625,0.0,0.0,1.125,"{""native_task_candidate"":240}",{}
panda,near_singular/regular/alpha=0.95,range_loss_matched,80,80,3,"[80,80,80]","[80,80,80]",80.0,1.0,1.0,80,0,1.6579104999999998,3.4413196499999965,7.30022366999992,1.8615759875,148.926079,0,0.0009951916103318954,0.0009996204682119292,0.008666432743805387,0.008726518500641645,0.9980714853510914,0.5625,4.808389668104561e-06,6.02135161946126e-05,0.9999999999990011,9.4375,23.425,,0.0,0.0,0.0,,0.0,"{""task_accepted_early"":240}",{}
panda,near_singular/regular/alpha=0.95,direct_sqp,80,80,3,"[80,80,80]","[80,80,80]",80.0,1.0,1.0,80,0,1.537547,2.0011698,2.09795286,1.5401965208333332,123.21572166666665,0,0.0009999999770760883,0.0009999999977370756,0.008726646047587562,0.008726646133595797,0.9999999825714877,1.0,2.2923911651307612e-11,2.1241243781250363e-10,0.5588976192846333,10.575,16.6125,,0.0,0.0,0.0,,0.0,"{""task_accepted_early"":240}",{}
panda,near_singular/regular/alpha=0.95,fixed_qp1,80,80,3,"[80,80,80]","[80,80,80]",80.0,1.0,1.0,80,0,0.2910355,0.4394124499999998,0.48402951999999994,0.30252636250000003,24.202109000000004,0,0.0009386328718905611,0.0009709155379276878,0.005350431908578716,0.008558121536993544,0.9673053284130283,0.075,6.136712810943843e-05,0.003376214351421284,0.9999999999990037,1.0625,2.0625,0.9375,0.0625,0.0,0.0,0.0,1.0625,"{""native_task_candidate"":240}",{}
panda,near_singular/regular/alpha=0.95,fixed_qp2,80,80,3,"[80,80,80]","[80,80,80]",80.0,1.0,1.0,80,0,0.2929575,0.6061082999999998,0.65994603,0.315136925,25.210954,0,0.0009386328718905611,0.0009709155379276878,0.005350431908578716,0.008558121536993544,0.9673053284130283,0.075,6.136712810943843e-05,0.003376214351421284,0.9999999999990037,1.0625,2.125,0.9375,0.0625,0.0625,0.0,0.0,1.125,"{""native_task_candidate"":240}",{}
panda,near_singular/high_utilization/alpha=0.0,relative,80,80,3,"[80,80,80]","[80,80,80]",80.0,1.0,1.0,80,0,0.3256265,0.60217165,0.6329638,0.38608372916666667,30.88669833333333,0,0.000939293948639259,0.0009862656258928487,0.0043775014510877164,0.00614558502169041,0.939293948639259,0.0875,6.0706051360740975e-05,0.004349144808912279,0.9999999999990037,1.35,2.35,0.65,0.35,0.0,0.35,1.0,1.35,"{""native_task_candidate"":240}",{}
panda,near_singular/high_utilization/alpha=0.0,gn,80,80,3,"[80,80,80]","[80,80,80]",80.0,1.0,1.0,80,0,0.3471525,0.5867196999999998,0.62869824,0.40019106249999997,32.015285,0,0.000939293948639259,0.0009862656258928487,0.0043775014510877164,0.00614558502169041,0.939293948639259,0.0875,6.0706051360740975e-05,0.004349144808912279,0.9999999999990037,2.35,4.7,,,,,,,"{""task_candidate"":240}",{}
panda,near_singular/high_utilization/alpha=0.0,tight,80,80,3,"[80,80,80]","[80,80,80]",80.0,1.0,1.0,80,0,0.322656,2.415481049999995,3.674295819999998,0.6850386041666667,54.803088333333335,0,0.000939293948639259,0.0009862656258928487,0.0043775014510877164,0.00614558502169041,0.939293948639259,0.0875,6.0706051360740975e-05,0.004349144808912279,0.9999999999990037,1.35,4.0,0.65,0.35,0.35,0.0,0.0,3.0,"{""native_task_candidate"":240}",{}
panda,near_singular/high_utilization/alpha=0.0,clarabel,80,80,3,"[80,80,80]","[80,80,80]",80.0,1.0,1.0,80,0,0.32228999999999997,0.7817907,0.8141922699999999,0.4487580583333333,35.900644666666665,0,0.000939293948639259,0.0009862656258928487,0.0043775014510877164,0.00614558502169041,0.939293948639259,0.0875,6.0706051360740975e-05,0.004349144808912279,0.9999999999990037,1.35,2.7,0.65,0.35,0.35,0.0,0.0,1.7,"{""native_task_candidate"":240}",{}
panda,near_singular/high_utilization/alpha=0.0,range_loss_matched,80,80,3,"[78,78,78]","[78,78,78]",78.0,0.975,0.975,78,2,2.3475140000000003,4.239477349999993,5.68379808,2.5532108916666667,204.25687133333335,0,0.0009537488804483189,0.0009994824637232782,0.008656329256901643,0.00870635013602513,0.9949541204986373,0.3076923076923077,4.62511195516811e-05,7.031700309835756e-05,0.9999999999990037,14.2,33.8625,,0.0,0.0,0.0,,0.0,"{""task_accepted_early"":234,""optimizer:CONVERGENCE: RELATIVE REDUCTION OF F <= FACTR*EPSMCH"":6}","{""position_tolerance+orientation_tolerance"":6}"
panda,near_singular/high_utilization/alpha=0.0,direct_sqp,80,80,3,"[80,80,80]","[80,80,80]",80.0,1.0,1.0,80,0,2.1710475000000002,2.3758322,2.42061999,2.1594715166666663,172.7577213333333,0,0.0009999999908621845,0.0009999999963072946,0.008726646014516296,0.00872664619677449,0.9999999927690714,1.0,9.137815471741558e-12,2.4548370437110784e-10,0.9999999999990037,15.825,26.0875,,0.0,0.0,0.0,,0.0,"{""task_accepted_early"":240}",{}
panda,near_singular/high_utilization/alpha=0.0,fixed_qp1,80,80,3,"[80,80,80]","[80,80,80]",80.0,1.0,1.0,80,0,0.32112450000000003,0.57126765,0.6163142899999998,0.37328730000000004,29.862984,0,0.000939293948639259,0.0009862656258928487,0.0043775014510877164,0.00614558502169041,0.939293948639259,0.0875,6.0706051360740975e-05,0.004349144808912279,0.9999999999990037,1.35,2.35,0.65,0.35,0.0,0.0,0.0,1.35,"{""native_task_candidate"":240}",{}
panda,near_singular/high_utilization/alpha=0.0,fixed_qp2,80,80,3,"[80,80,80]","[80,80,80]",80.0,1.0,1.0,80,0,0.3182275,0.8145268,0.8845464000000001,0.4396797958333334,35.17438366666667,0,0.000939293948639259,0.0009862656258928487,0.0043775014510877164,0.00614558502169041,0.939293948639259,0.0875,6.0706051360740975e-05,0.004349144808912279,0.9999999999990037,1.35,2.7,0.65,0.35,0.35,0.0,0.0,1.7,"{""native_task_candidate"":240}",{}
panda,near_singular/high_utilization/alpha=0.5,relative,80,80,3,"[80,80,80]","[80,80,80]",80.0,1.0,1.0,80,0,0.329766,0.57044765,0.6071004799999999,0.3814969625,30.519757,0,0.0009496715901143052,0.0009901094109897792,0.004837080626066232,0.007900942615303408,0.9496715901143051,0.125,5.032840988569476e-05,0.003889565633933765,0.9999999999990037,1.375,2.375,0.625,0.375,0.0,0.375,1.0,1.375,"{""native_task_candidate"":240}",{}
panda,near_singular/high_utilization/alpha=0.5,gn,80,80,3,"[80,80,80]","[80,80,80]",80.0,1.0,1.0,80,0,0.3551925,0.5535094500000001,0.6051107299999999,0.39896549166666667,31.91723933333333,0,0.0009496715901143052,0.0009901094109897792,0.004837080626066232,0.007900942615303408,0.9496715901143051,0.125,5.032840988569476e-05,0.003889565633933765,0.9999999999990037,2.375,4.75,,,,,,,"{""task_candidate"":240}",{}
panda,near_singular/high_utilization/alpha=0.5,tight,80,80,3,"[80,80,80]","[80,80,80]",80.0,1.0,1.0,80,0,0.329717,2.477169649999998,2.8419508699999962,0.6859016708333333,54.87213366666666,0,0.0009496715901143052,0.0009901094109897792,0.004837080626066232,0.007900942615303408,0.9496715901143051,0.125,5.032840988569476e-05,0.003889565633933765,0.9999999999990037,1.375,4.1375,0.625,0.375,0.375,0.0,0.0,3.1375,"{""native_task_candidate"":240}",{}
panda,near_singular/high_utilization/alpha=0.5,clarabel,80,80,3,"[80,80,80]","[80,80,80]",80.0,1.0,1.0,80,0,0.331991,0.770477,0.8526392699999996,0.46736907916666665,37.38952633333333,0,0.0009496715901143052,0.0009901094109897792,0.004837080626066232,0.007900942615303408,0.9496715901143051,0.125,5.032840988569476e-05,0.003889565633933765,0.9999999999990037,1.375,2.75,0.625,0.375,0.375,0.0,0.0,1.75,"{""native_task_candidate"":240}",{}
panda,near_singular/high_utilization/alpha=0.5,range_loss_matched,80,80,3,"[78,78,78]","[78,78,78]",78.0,0.975,0.975,78,2,2.4919405,5.22201765,5.86404855,2.7169230208333337,217.35384166666668,0,0.0009500114845829703,0.0009897572868200844,0.008519648575644287,0.008715676693316654,0.9817231945686832,0.41025641025641024,4.9988515417029663e-05,0.00020699768435571343,0.9999999999990037,14.9875,36.4,,0.0,0.0,0.0,,0.0,"{""task_accepted_early"":234,""optimizer:CONVERGENCE: RELATIVE REDUCTION OF F <= FACTR*EPSMCH"":6}","{""position_tolerance+orientation_tolerance"":6}"
panda,near_singular/high_utilization/alpha=0.5,direct_sqp,80,80,3,"[80,80,80]","[80,80,80]",80.0,1.0,1.0,80,0,2.1905270000000003,2.45120705,2.818236319999998,2.202143833333333,176.17150666666666,0,0.0009999999883407566,0.000999999994219996,0.008726646129459234,0.008726646171461324,0.9999999893164299,1.0,1.1659243470858727e-11,1.305407654368651e-10,0.9999999999990037,16.15,26.7625,,0.0,0.0,0.0,,0.0,"{""task_accepted_early"":240}",{}
panda,near_singular/high_utilization/alpha=0.5,fixed_qp1,80,80,3,"[80,80,80]","[80,80,80]",80.0,1.0,1.0,80,0,0.329893,0.5367137999999999,0.5895829499999998,0.3743730625,29.949845,0,0.0009496715901143052,0.0009901094109897792,0.004837080626066232,0.007900942615303408,0.9496715901143051,0.125,5.032840988569476e-05,0.003889565633933765,0.9999999999990037,1.375,2.375,0.625,0.375,0.0,0.0,0.0,1.375,"{""native_task_candidate"":240}",{}
panda,near_singular/high_utilization/alpha=0.5,fixed_qp2,80,80,3,"[80,80,80]","[80,80,80]",80.0,1.0,1.0,80,0,0.3243505,0.7369964499999999,0.8725536199999994,0.4399015458333333,35.19212366666667,0,0.0009496715901143052,0.0009901094109897792,0.004837080626066232,0.007900942615303408,0.9496715901143051,0.125,5.032840988569476e-05,0.003889565633933765,0.9999999999990037,1.375,2.75,0.625,0.375,0.375,0.0,0.0,1.75,"{""native_task_candidate"":240}",{}
panda,near_singular/high_utilization/alpha=0.95,relative,80,80,3,"[80,80,80]","[80,80,80]",80.0,1.0,1.0,80,0,0.3864645,0.5715852499999999,0.60090042,0.4038406958333333,32.30725566666667,0,0.000939549525040015,0.000997978694153219,0.006092703338935713,0.007597168827323451,0.9395495250400149,0.1,6.0450474959984895e-05,0.0026339429210642824,0.9999999999990037,1.4875,2.4875,0.5125,0.4875,0.0,0.4875,1.0,1.4875,"{""native_task_candidate"":240}",{}
panda,near_singular/high_utilization/alpha=0.95,gn,80,80,3,"[80,80,80]","[80,80,80]",80.0,1.0,1.0,80,0,0.4160425,0.5517577999999999,0.59303768,0.4146760333333333,33.17408266666666,0,0.000939549525040015,0.000997978694153219,0.006092703338935713,0.007597168827323451,0.9395495250400149,0.1,6.0450474959984895e-05,0.0026339429210642824,0.9999999999990037,2.4875,4.975,,,,,,,"{""task_candidate"":240}",{}
panda,near_singular/high_utilization/alpha=0.95,tight,80,80,3,"[80,80,80]","[80,80,80]",80.0,1.0,1.0,80,0,0.38162300000000005,2.594369849999999,2.924900709999997,0.8277232791666667,66.21786233333333,0,0.0009405930940892172,0.000997978694153219,0.006381747197861584,0.008039575977377662,0.9405930940892172,0.1125,5.9406905910782824e-05,0.0023448990621384065,0.9999999999990037,1.475,5.0,0.5125,0.4875,0.4875,0.0,0.0,4.0,"{""native_task_candidate"":240}",{}
panda,near_singular/high_utilization/alpha=0.95,clarabel,80,80,3,"[80,80,80]","[80,80,80]",80.0,1.0,1.0,80,0,0.3959235,0.7650322999999999,0.82653777,0.5057792333333334,40.462338666666675,0,0.0009407552489669371,0.000997978694153219,0.006092703338935713,0.007597168827323451,0.9407552489669371,0.1125,5.924475103306289e-05,0.0026339429210642824,0.9999999999990037,1.475,2.9625,0.5125,0.4875,0.4875,0.0,0.0,1.9625,"{""native_task_candidate"":240}",{}
panda,near_singular/high_utilization/alpha=0.95,range_loss_matched,80,80,3,"[78,78,78]","[78,78,78]",78.0,0.975,0.975,78,2,2.5436674999999997,5.1748247,6.45624601,2.7834531749999996,222.67625399999997,0,0.0009878278274708795,0.000999597057085634,0.008565703684271697,0.008687969096898217,0.9895677878174313,0.44871794871794873,1.217217252912048e-05,0.00016094257572830283,0.9999999999990037,16.175,37.275,,0.0,0.0,0.0,,0.0,"{""task_accepted_early"":234,""optimizer:CONVERGENCE: RELATIVE REDUCTION OF F <= FACTR*EPSMCH"":6}","{""position_tolerance+orientation_tolerance"":3,""orientation_tolerance"":3}"
panda,near_singular/high_utilization/alpha=0.95,direct_sqp,80,80,3,"[80,80,80]","[80,80,80]",80.0,1.0,1.0,80,0,2.20352,2.70494435,3.1349496499999985,2.267185470833333,181.37483766666665,0,0.0009999999876661265,0.000999999999958217,0.008726646057991531,0.00872664625695619,0.9999999904391416,1.0,1.233387340827605e-11,2.0200846854653842e-10,0.9999999999990037,16.6,27.8125,,0.0,0.0,0.0,,0.0,"{""task_accepted_early"":240}",{}
panda,near_singular/high_utilization/alpha=0.95,fixed_qp1,80,80,3,"[80,80,80]","[80,80,80]",80.0,1.0,1.0,80,0,0.3929165,0.5303053999999999,0.58000679,0.39217180416666664,31.37374433333333,0,0.000939549525040015,0.000997978694153219,0.006092703338935713,0.007597168827323451,0.9395495250400149,0.1,6.0450474959984895e-05,0.0026339429210642824,0.9999999999990037,1.4875,2.4875,0.5125,0.4875,0.0,0.0,0.0,1.4875,"{""native_task_candidate"":240}",{}
panda,near_singular/high_utilization/alpha=0.95,fixed_qp2,80,80,3,"[80,80,80]","[80,80,80]",80.0,1.0,1.0,80,0,0.381931,0.7267547999999999,0.8397072999999999,0.47471236250000004,37.976989,0,0.0009391761581364571,0.000997978694153219,0.006092703338935713,0.007597168827323451,0.939176158136457,0.1,6.082384186354286e-05,0.0026339429210642824,0.9999999999990037,1.4875,2.975,0.5125,0.4875,0.4875,0.0,0.0,1.975,"{""native_task_candidate"":240}",{}
panda,near_singular/multijoint_boundary/alpha=0.0,relative,80,80,3,"[80,80,80]","[80,80,80]",80.0,1.0,1.0,80,0,0.564944,0.6495164999999999,0.67317622,0.5155317375,41.242539,0,0.0008751660539266751,0.0009537362473210342,0.004005077195114153,0.006095235451762895,0.875166053926675,0.0375,0.00012483394607332477,0.00472156906488584,0.9999999999990037,1.7125,2.7125,0.2875,0.7125,0.0,0.7125,1.0,1.7125,"{""native_task_candidate"":240}",{}
panda,near_singular/multijoint_boundary/alpha=0.0,gn,80,80,3,"[80,80,80]","[80,80,80]",80.0,1.0,1.0,80,0,0.5546765,0.640395,0.66830539,0.5184055208333334,41.47244166666667,0,0.0008751660539266751,0.0009537362473210342,0.004005077195114153,0.006095235451762895,0.875166053926675,0.0375,0.00012483394607332477,0.00472156906488584,0.9999999999990037,2.7125,5.425,,,,,,,"{""task_candidate"":240}",{}
panda,near_singular/multijoint_boundary/alpha=0.0,tight,80,80,3,"[80,80,80]","[80,80,80]",80.0,1.0,1.0,80,0,1.2211634999999998,2.8516386499999986,3.1951868399999985,1.4017963500000001,112.143708,0,0.0009079067056852468,0.0009537362473210342,0.004408312190238175,0.007555688372095546,0.9079067056852467,0.0625,9.209329431475315e-05,0.004318334069761824,0.9999999999990037,1.6875,7.5375,0.2875,0.7125,0.7125,0.0,0.0,6.5375,"{""native_task_candidate"":240}",{}
panda,near_singular/multijoint_boundary/alpha=0.0,clarabel,80,80,3,"[80,80,80]","[80,80,80]",80.0,1.0,1.0,80,0,0.7612535,0.8526693,0.87794752,0.6550127208333333,52.40101766666666,0,0.0009089154909360208,0.0009537362473210342,0.004408312190238175,0.007565896049342266,0.9089154909360208,0.0625,9.108450906397878e-05,0.004318334069761824,0.9999999999990037,1.6875,3.4,0.2875,0.7125,0.7125,0.0,0.0,2.4,"{""native_task_candidate"":240}",{}
panda,near_singular/multijoint_boundary/alpha=0.0,range_loss_matched,80,80,3,"[77,77,77]","[77,77,77]",77.0,0.9625,0.9625,77,3,2.3553145000000004,4.704266549999997,5.494160479999993,2.495863058333333,199.66904466666665,0,0.0009333721836478725,0.0009785852219705037,0.008567974919944984,0.008711872550067992,0.9819503170653419,0.2077922077922078,6.662781635212748e-05,0.00015867134005501712,0.9999999999990037,15.8125,32.7,,0.0,0.0,0.0,,0.0,"{""task_accepted_early"":231,""optimizer:CONVERGENCE: RELATIVE REDUCTION OF F <= FACTR*EPSMCH"":9}","{""orientation_tolerance"":3,""position_tolerance+orientation_tolerance"":6}"
panda,near_singular/multijoint_boundary/alpha=0.0,direct_sqp,80,80,3,"[80,80,80]","[80,80,80]",80.0,1.0,1.0,80,0,2.2720409999999998,2.5815784,2.8586239599999996,2.2601851041666663,180.8148083333333,0,0.000999999972528164,0.000999999992691951,0.008726646088800393,0.008726646172813417,0.9999999856172374,1.0,2.747183603648771e-11,1.711996066612598e-10,0.9999999999990037,16.475,27.175,,0.0,0.0,0.0,,0.0,"{""task_accepted_early"":240}",{}
panda,near_singular/multijoint_boundary/alpha=0.0,fixed_qp1,80,80,3,"[80,80,80]","[80,80,80]",80.0,1.0,1.0,80,0,0.5402275000000001,0.6241167999999999,0.65163052,0.4964149958333334,39.71319966666667,0,0.0008751660539266751,0.0009537362473210342,0.004005077195114153,0.006095235451762895,0.875166053926675,0.0375,0.00012483394607332477,0.00472156906488584,0.9999999999990037,1.7125,2.7125,0.2875,0.7125,0.0,0.0,0.0,1.7125,"{""native_task_candidate"":240}",{}
panda,near_singular/multijoint_boundary/alpha=0.0,fixed_qp2,80,80,3,"[80,80,80]","[80,80,80]",80.0,1.0,1.0,80,0,0.7136525,0.828506,0.8734561999999997,0.6297763624999999,50.38210899999999,0,0.0009124584927407289,0.0009537362473210342,0.004408312190238175,0.007555688372095546,0.9124584927407289,0.0625,8.754150725927112e-05,0.004318334069761824,0.9999999999990037,1.6875,3.4,0.2875,0.7125,0.7125,0.0,0.0,2.4,"{""native_task_candidate"":240}",{}
panda,near_singular/multijoint_boundary/alpha=0.5,relative,80,80,3,"[80,80,80]","[80,80,80]",80.0,1.0,1.0,80,0,0.5244895,0.6131976499999999,0.6714104699999999,0.49601267916666664,39.68101433333333,0,0.0008187556644268692,0.000994720978096112,0.004834187494544419,0.006480642090321589,0.8187556644268691,0.05,0.00018124433557312883,0.0038924587654555805,0.9999999999990037,1.7625,2.7625,0.25,0.75,0.0,0.75,1.0,1.7625,"{""native_task_candidate"":240}",{}
panda,near_singular/multijoint_boundary/alpha=0.5,gn,80,80,3,"[80,80,80]","[80,80,80]",80.0,1.0,1.0,80,0,0.5217815,0.60026015,0.66595544,0.5018501541666667,40.148012333333334,0,0.0008187556644268692,0.000994720978096112,0.004834187494544419,0.006480642090321589,0.8187556644268691,0.05,0.00018124433557312883,0.0038924587654555805,0.9999999999990037,2.7625,5.525,,,,,,,"{""task_candidate"":240}",{}
panda,near_singular/multijoint_boundary/alpha=0.5,tight,80,80,3,"[80,80,80]","[80,80,80]",80.0,1.0,1.0,80,0,1.347425,2.9917872,4.2317303599999985,1.4559279124999998,116.47423299999998,0,0.0009277041922652317,0.000994720978096112,0.004920135749928717,0.007395469802477189,0.9277041922652316,0.0625,7.229580773476777e-05,0.003806510510071274,0.9999999999990037,1.725,8.05,0.25,0.75,0.75,0.0,0.0,7.05,"{""native_task_candidate"":240}",{}
panda,near_singular/multijoint_boundary/alpha=0.5,clarabel,80,80,3,"[80,80,80]","[80,80,80]",80.0,1.0,1.0,80,0,0.7571920000000001,0.84126165,0.9924590599999976,0.6667520833333334,53.34016666666667,0,0.0008341726520421426,0.000994720978096112,0.004920135749928717,0.007724113768067209,0.8889236781523819,0.05,0.0001658273479578553,0.003806510510071274,0.9999999999990037,1.7375,3.5,0.25,0.75,0.75,0.0,0.0,2.5,"{""native_task_candidate"":240}",{}
panda,near_singular/multijoint_boundary/alpha=0.5,range_loss_matched,80,80,3,"[78,78,78]","[78,78,78]",78.0,0.975,0.975,78,2,2.3211765,4.866488999999999,6.898223459999991,2.6199103625,209.59282900000002,0,0.0009355631313252701,0.0009952364350088126,0.008444741763086799,0.008700585325011266,0.9855941727313539,0.20512820512820512,6.443686867472981e-05,0.0002819044969132003,0.9999999999990037,17.3375,34.5125,,0.0,0.0,0.0,,0.0,"{""task_accepted_early"":234,""optimizer:CONVERGENCE: RELATIVE REDUCTION OF F <= FACTR*EPSMCH"":6}","{""position_tolerance+orientation_tolerance"":3,""orientation_tolerance"":3}"
panda,near_singular/multijoint_boundary/alpha=0.5,direct_sqp,80,80,3,"[80,80,80]","[80,80,80]",80.0,1.0,1.0,80,0,2.259601,2.6256375999999997,2.75663455,2.2533023375,180.264187,0,0.0009999999852847506,0.0009999999974471064,0.008726646134635375,0.008726646239989746,0.9999999927278411,1.0,1.4715249353237925e-11,1.2536462441065102e-10,0.9999999999990037,16.55,27.0875,,0.0,0.0,0.0,,0.0,"{""task_accepted_early"":240}",{}
panda,near_singular/multijoint_boundary/alpha=0.5,fixed_qp1,80,80,3,"[80,80,80]","[80,80,80]",80.0,1.0,1.0,80,0,0.498322,0.5938481999999999,0.6531786399999995,0.47856605,38.285284,0,0.0008187556644268692,0.000994720978096112,0.004834187494544419,0.006480642090321589,0.8187556644268691,0.05,0.00018124433557312883,0.0038924587654555805,0.9999999999990037,1.7625,2.7625,0.25,0.75,0.0,0.0,0.0,1.7625,"{""native_task_candidate"":240}",{}
panda,near_singular/multijoint_boundary/alpha=0.5,fixed_qp2,80,80,3,"[80,80,80]","[80,80,80]",80.0,1.0,1.0,80,0,0.687883,0.78938,0.8902668799999995,0.6168647416666666,49.349179333333325,0,0.0008187556644268692,0.000994720978096112,0.004920135749928717,0.007395469802477189,0.8520716715166555,0.05,0.00018124433557312883,0.003806510510071274,0.9999999999990037,1.7375,3.5,0.25,0.75,0.75,0.0,0.0,2.5,"{""native_task_candidate"":240}",{}
panda,near_singular/multijoint_boundary/alpha=0.95,relative,80,80,3,"[80,80,80]","[80,80,80]",80.0,1.0,1.0,80,0,0.5216989999999999,0.6272293999999999,1.4096695099999879,0.5184814750000001,41.478518,0,0.0009194558113026094,0.0009932764099633107,0.008345843050009703,0.008646047773063789,0.9732457116093425,0.1875,8.054418869739047e-05,0.00038080320999029553,0.9999999999990037,1.825,2.95,0.2,0.8,0.025,0.8,0.9710144927536232,1.9375,"{""native_task_candidate"":240}",{}
panda,near_singular/multijoint_boundary/alpha=0.95,gn,80,80,3,"[78,78,78]","[78,78,78]",78.0,0.975,0.975,78,2,0.515921,0.62463095,4.521753499999988,0.5949160958333334,47.59328766666667,0,0.0008988640016564284,0.0009932764099633107,0.00837282855382914,0.008646047773063789,0.9736816513579502,0.16666666666666666,0.00010113599834357156,0.0003538177061708603,0.9999999999990037,3.1375,8.425,,,,,,,"{""task_candidate"":234,""no_descent"":6}","{""orientation_tolerance"":6}"
panda,near_singular/multijoint_boundary/alpha=0.95,tight,80,80,3,"[80,80,80]","[80,80,80]",80.0,1.0,1.0,80,0,1.56411,3.0831169999999997,3.364954049999997,1.5256789791666667,122.05431833333334,0,0.0009399611820440661,0.00099290460281683,0.008322914586840452,0.008646047773063789,0.9665063630293999,0.2125,6.003881795593363e-05,0.0004037316731595484,0.9999999999990037,1.7875,8.4875,0.2,0.8,0.8,0.0,0.0,7.4875,"{""native_task_candidate"":240}",{}
panda,near_singular/multijoint_boundary/alpha=0.95,clarabel,80,80,3,"[80,80,80]","[80,80,80]",80.0,1.0,1.0,80,0,0.748911,0.9422814499999999,1.1937032799999996,0.6929684916666666,55.43747933333333,0,0.000919897081768106,0.000999930269845503,0.008348259917845132,0.008652113324404314,0.98412119575392,0.2125,8.010291823189403e-05,0.00037838634215486643,0.9999999999990037,1.7875,3.65,0.2,0.8,0.8,0.0,0.0,2.6375,"{""native_task_candidate"":240}",{}
panda,near_singular/multijoint_boundary/alpha=0.95,range_loss_matched,80,80,3,"[70,70,70]","[70,70,70]",70.0,0.875,0.875,70,10,2.9070855,7.8583051,8.851952999999986,3.1616772416666663,252.9341793333333,0,0.0009797259952230074,0.0009865478475169194,0.008552913309642803,0.008687686079064403,0.9865478475169194,0.6428571428571429,2.0274004776992633e-05,0.0001737329503571968,0.9999999999990037,21.575,43.025,,0.0,0.0,0.0,,0.0,"{""task_accepted_early"":210,""optimizer:CONVERGENCE: RELATIVE REDUCTION OF F <= FACTR*EPSMCH"":30}","{""orientation_tolerance"":18,""position_tolerance+orientation_tolerance"":9,""position_tolerance"":3}"
panda,near_singular/multijoint_boundary/alpha=0.95,direct_sqp,80,80,3,"[80,80,80]","[80,80,80]",80.0,1.0,1.0,80,0,2.3570640000000003,2.855117649999999,3.106498809999997,2.3492303916666666,187.93843133333334,0,0.0009999999796700618,0.0009999999994794375,0.008726646078029397,0.00872664624877333,0.999999986939682,1.0,2.0329938286208633e-11,1.8197060334262944e-10,0.9999999999990037,17.25,28.525,,0.0,0.0,0.0,,0.0,"{""task_accepted_early"":240}",{}
panda,near_singular/multijoint_boundary/alpha=0.95,fixed_qp1,80,80,3,"[78,78,78]","[78,78,78]",78.0,0.975,0.975,78,2,0.49961599999999995,0.5911876499999997,4.54194732,0.578087475,46.246998,0,0.0008988640016564284,0.0009932764099633107,0.00837282855382914,0.008646047773063789,0.9736816513579502,0.16666666666666666,0.00010113599834357156,0.0003538177061708603,0.9999999999990037,2.0875,5.025,0.2,0.8,0.0,0.0,0.0,2.0875,"{""native_task_candidate"":234,""no_descent"":6}","{""orientation_tolerance"":6}"
panda,near_singular/multijoint_boundary/alpha=0.95,fixed_qp2,80,80,3,"[80,80,80]","[80,80,80]",80.0,1.0,1.0,80,0,0.6843984999999999,0.8227253999999998,3.641935379999939,0.6975165625,55.801325,0,0.0009008736761796823,0.0009932764099633107,0.008434359138196715,0.008686596821046255,0.9752003259444489,0.1875,9.91263238203174e-05,0.0002922871218032844,0.9999999999990037,1.9375,4.5375,0.2,0.8,0.8,0.0,0.0,2.9125,"{""native_task_candidate"":240}",{}
panda,near_limit/regular/alpha=0.0,relative,80,80,3,"[80,80,80]","[80,80,80]",80.0,1.0,1.0,80,0,0.2770135,0.30098245,0.3153203399999999,0.27929805,22.343844,0,0.0003002943559043841,0.0005040352873541356,0.0006196573389120605,0.0010954387090518,0.3002943559043841,0.0,0.0006997056440956157,0.008106988921087938,0.6268531687635888,1.0,2.0,1.0,0.0,0.0,0.0,,1.0,"{""native_task_candidate"":240}",{}
panda,near_limit/regular/alpha=0.0,gn,80,80,3,"[80,80,80]","[80,80,80]",80.0,1.0,1.0,80,0,0.3038755,0.33286129999999997,0.34681581999999983,0.30803905,24.643124,0,0.0003002943559043841,0.0005040352873541356,0.0006196573389120605,0.0010954387090518,0.3002943559043841,0.0,0.0006997056440956157,0.008106988921087938,0.6268531687635888,2.0,4.0,,,,,,,"{""task_candidate"":240}",{}
panda,near_limit/regular/alpha=0.0,tight,80,80,3,"[80,80,80]","[80,80,80]",80.0,1.0,1.0,80,0,0.2734275,0.302714,0.3265447999999998,0.27907550000000003,22.326040000000003,0,0.0003002943559043841,0.0005040352873541356,0.0006196573389120605,0.0010954387090518,0.3002943559043841,0.0,0.0006997056440956157,0.008106988921087938,0.6268531687635888,1.0,2.0,1.0,0.0,0.0,0.0,,1.0,"{""native_task_candidate"":240}",{}
panda,near_limit/regular/alpha=0.0,clarabel,80,80,3,"[80,80,80]","[80,80,80]",80.0,1.0,1.0,80,0,0.27741550000000004,0.3041256,0.3191159099999999,0.28054901250000003,22.443921000000003,0,0.0003002943559043841,0.0005040352873541356,0.0006196573389120605,0.0010954387090518,0.3002943559043841,0.0,0.0006997056440956157,0.008106988921087938,0.6268531687635888,1.0,2.0,1.0,0.0,0.0,0.0,,1.0,"{""native_task_candidate"":240}",{}
panda,near_limit/regular/alpha=0.0,range_loss_matched,80,80,3,"[80,80,80]","[80,80,80]",80.0,1.0,1.0,80,0,1.331501,2.652437599999996,3.3059239499999995,1.4728038124999998,117.82430499999998,0,0.00097769795538928,0.0009926898370806255,0.008412997802202987,0.00868759197533152,0.9819235505765248,0.3375,2.2302044610719914e-05,0.00031364845779701306,0.5643219504730933,5.8375,17.45,,0.0,0.0,0.0,,0.0,"{""task_accepted_early"":240}",{}
panda,near_limit/regular/alpha=0.0,direct_sqp,80,80,3,"[80,80,80]","[80,80,80]",80.0,1.0,1.0,80,0,1.448761,1.9469214,2.0453944699999993,1.4416168458333332,115.32934766666665,0,0.0009999999804970806,0.0009999999978842534,0.008726645985320634,0.008726646235316288,0.9999999871434329,1.0,1.950291938579777e-11,2.7467936588448933e-10,0.5123476056042646,9.8125,15.2125,,0.0,0.0,0.0,,0.0,"{""task_accepted_early"":240}",{}
panda,near_limit/regular/alpha=0.0,fixed_qp1,80,80,3,"[80,80,80]","[80,80,80]",80.0,1.0,1.0,80,0,0.276391,0.3047255,0.31858857,0.2807901916666667,22.463215333333334,0,0.0003002943559043841,0.0005040352873541356,0.0006196573389120605,0.0010954387090518,0.3002943559043841,0.0,0.0006997056440956157,0.008106988921087938,0.6268531687635888,1.0,2.0,1.0,0.0,0.0,0.0,,1.0,"{""native_task_candidate"":240}",{}
panda,near_limit/regular/alpha=0.0,fixed_qp2,80,80,3,"[80,80,80]","[80,80,80]",80.0,1.0,1.0,80,0,0.27750149999999996,0.30401755,0.32421547999999994,0.2803126666666667,22.425013333333336,0,0.0003002943559043841,0.0005040352873541356,0.0006196573389120605,0.0010954387090518,0.3002943559043841,0.0,0.0006997056440956157,0.008106988921087938,0.6268531687635888,1.0,2.0,1.0,0.0,0.0,0.0,,1.0,"{""native_task_candidate"":240}",{}
panda,near_limit/regular/alpha=0.5,relative,80,80,3,"[80,80,80]","[80,80,80]",80.0,1.0,1.0,80,0,0.27690800000000004,0.30669715000000003,0.32152132999999994,0.28150945833333335,22.520756666666667,0,0.0003215131551287875,0.0006271131458643908,0.0006441331353443008,0.0024093228659403183,0.32151315512878753,0.0,0.000678486844871212,0.008082513124655697,0.9999999999989999,1.0,2.0,1.0,0.0,0.0,0.0,,1.0,"{""native_task_candidate"":240}",{}
panda,near_limit/regular/alpha=0.5,gn,80,80,3,"[80,80,80]","[80,80,80]",80.0,1.0,1.0,80,0,0.30469199999999996,0.33343009999999995,0.36222824999999975,0.3105521875,24.844175000000003,0,0.0003215131551287875,0.0006271131458643908,0.0006441331353443008,0.0024093228659403183,0.32151315512878753,0.0,0.000678486844871212,0.008082513124655697,0.9999999999989999,2.0,4.0,,,,,,,"{""task_candidate"":240}",{}
panda,near_limit/regular/alpha=0.5,tight,80,80,3,"[80,80,80]","[80,80,80]",80.0,1.0,1.0,80,0,0.27665700000000004,0.3076636,0.31990879999999994,0.2806539708333334,22.45231766666667,0,0.0003215131551287875,0.0006271131458643908,0.0006441331353443008,0.0024093228659403183,0.32151315512878753,0.0,0.000678486844871212,0.008082513124655697,0.9999999999989999,1.0,2.0,1.0,0.0,0.0,0.0,,1.0,"{""native_task_candidate"":240}",{}
panda,near_limit/regular/alpha=0.5,clarabel,80,80,3,"[80,80,80]","[80,80,80]",80.0,1.0,1.0,80,0,0.2767045,0.30436359999999996,0.31806172,0.28007257083333337,22.40580566666667,0,0.0003215131551287875,0.0006271131458643908,0.0006441331353443008,0.0024093228659403183,0.32151315512878753,0.0,0.000678486844871212,0.008082513124655697,0.9999999999989999,1.0,2.0,1.0,0.0,0.0,0.0,,1.0,"{""native_task_candidate"":240}",{}
panda,near_limit/regular/alpha=0.5,range_loss_matched,80,80,3,"[80,80,80]","[80,80,80]",80.0,1.0,1.0,80,0,1.478017,2.3726305500000002,3.117071929999994,1.5257556375,122.060451,0,0.0009473107230102627,0.0009843248004379917,0.008392153812050164,0.008724917164351568,0.9844171767297557,0.3,5.268927698973707e-05,0.0003344924479498327,0.9598412848944897,6.425,18.225,,0.0,0.0,0.0,,0.0,"{""task_accepted_early"":240}",{}
panda,near_limit/regular/alpha=0.5,direct_sqp,80,80,3,"[80,80,80]","[80,80,80]",80.0,1.0,1.0,80,0,1.479472,2.06212605,2.142299409999999,1.4784207,118.273656,0,0.0009999999941031903,0.0009999999978146268,0.00872664599416126,0.008726646224418972,0.9999999941031902,1.0,5.8968097765843575e-12,2.6583873991015144e-10,0.4990079523462715,10.1875,15.7375,,0.0,0.0,0.0,,0.0,"{""task_accepted_early"":240}",{}
panda,near_limit/regular/alpha=0.5,fixed_qp1,80,80,3,"[80,80,80]","[80,80,80]",80.0,1.0,1.0,80,0,0.2776765,0.30483385,0.3175894499999999,0.2815073875,22.520591,0,0.0003215131551287875,0.0006271131458643908,0.0006441331353443008,0.0024093228659403183,0.32151315512878753,0.0,0.000678486844871212,0.008082513124655697,0.9999999999989999,1.0,2.0,1.0,0.0,0.0,0.0,,1.0,"{""native_task_candidate"":240}",{}
panda,near_limit/regular/alpha=0.5,fixed_qp2,80,80,3,"[80,80,80]","[80,80,80]",80.0,1.0,1.0,80,0,0.27732100000000004,0.3043358,0.32071219999999995,0.280756525,22.460521999999997,0,0.0003215131551287875,0.0006271131458643908,0.0006441331353443008,0.0024093228659403183,0.32151315512878753,0.0,0.000678486844871212,0.008082513124655697,0.9999999999989999,1.0,2.0,1.0,0.0,0.0,0.0,,1.0,"{""native_task_candidate"":240}",{}
panda,near_limit/regular/alpha=0.95,relative,80,80,3,"[80,80,80]","[80,80,80]",80.0,1.0,1.0,80,0,0.276131,0.31221019999999994,0.44274140999999817,0.2839149291666666,22.71319433333333,0,0.0004198021685864508,0.0007816513211730733,0.0011404430644776948,0.004735774837609667,0.48797943283141715,0.0,0.0005801978314135481,0.007586203195522302,0.9999999999990037,1.0125,2.0125,0.9875,0.0125,0.0,0.0125,1.0,1.0125,"{""native_task_candidate"":240}",{}
panda,near_limit/regular/alpha=0.95,gn,80,80,3,"[80,80,80]","[80,80,80]",80.0,1.0,1.0,80,0,0.3065285,0.34041485,0.43263622999999823,0.31315768750000006,25.052615000000003,0,0.0004198021685864508,0.0007816513211730733,0.0011404430644776948,0.004735774837609667,0.48797943283141715,0.0,0.0005801978314135481,0.007586203195522302,0.9999999999990037,2.0125,4.025,,,,,,,"{""task_candidate"":240}",{}
panda,near_limit/regular/alpha=0.95,tight,80,80,3,"[80,80,80]","[80,80,80]",80.0,1.0,1.0,80,0,0.277853,0.31082635,1.6355507499999682,0.3075789416666667,24.606315333333338,0,0.0004198021685864508,0.0007819104150468796,0.0011390093786587245,0.004735774837609667,0.48797943283141715,0.0,0.0005801978314135481,0.0075876368813412726,0.9999999999990037,1.0125,2.1875,0.9875,0.0125,0.0125,0.0,0.0,1.1875,"{""native_task_candidate"":240}",{}
panda,near_limit/regular/alpha=0.95,clarabel,80,80,3,"[80,80,80]","[80,80,80]",80.0,1.0,1.0,80,0,0.28047049999999996,0.3112420999999999,0.5635433599999953,0.28770118749999996,23.016094999999996,0,0.0004198021685864508,0.0007819104296875024,0.001139009419592055,0.004735774837609667,0.48797943283141715,0.0,0.0005801978314135481,0.007587636840407942,0.9999999999990037,1.0125,2.025,0.9875,0.0125,0.0125,0.0,0.0,1.025,"{""native_task_candidate"":240}",{}
panda,near_limit/regular/alpha=0.95,range_loss_matched,80,80,3,"[79,79,79]","[79,79,79]",79.0,0.9875,0.9875,79,1,1.488086,3.197469949999997,4.149641009999993,1.7289312749999999,138.31450199999998,0,0.0009943531921423681,0.0009998302599940985,0.008609054721694735,0.008723035538459642,0.9983307236546674,0.4810126582278481,5.646807857631829e-06,0.00011759153830526483,0.8018245905953503,7.8375,21.4,,0.0,0.0,0.0,,0.0,"{""task_accepted_early"":237,""optimizer:CONVERGENCE: RELATIVE REDUCTION OF F <= FACTR*EPSMCH"":3}","{""position_tolerance"":3}"
panda,near_limit/regular/alpha=0.95,direct_sqp,80,80,3,"[80,80,80]","[80,80,80]",80.0,1.0,1.0,80,0,1.5211405,2.0082231999999998,2.1013007399999997,1.5437103583333334,123.49682866666667,0,0.0009999999813486247,0.0009999999985219536,0.008726646049443933,0.008726646150131832,0.9999999846908029,1.0,1.8651375387722382e-11,2.1055606719971868e-10,0.5068824001597708,10.75,16.6875,,0.0,0.0,0.0,,0.0,"{""task_accepted_early"":240}",{}
panda,near_limit/regular/alpha=0.95,fixed_qp1,80,80,3,"[80,80,80]","[80,80,80]",80.0,1.0,1.0,80,0,0.279199,0.30689795,0.40465012999999816,0.2838225541666667,22.705804333333333,0,0.0004198021685864508,0.0007816513211730733,0.0011404430644776948,0.004735774837609667,0.48797943283141715,0.0,0.0005801978314135481,0.007586203195522302,0.9999999999990037,1.0125,2.0125,0.9875,0.0125,0.0,0.0,0.0,1.0125,"{""native_task_candidate"":240}",{}
panda,near_limit/regular/alpha=0.95,fixed_qp2,80,80,3,"[80,80,80]","[80,80,80]",80.0,1.0,1.0,80,0,0.2789325,0.30938854999999993,0.5165112199999967,0.2857596375,22.860771,0,0.0004198021685864508,0.0007816513211730733,0.0011404430644776948,0.004735774837609667,0.48797943283141715,0.0,0.0005801978314135481,0.007586203195522302,0.9999999999990037,1.0125,2.025,0.9875,0.0125,0.0125,0.0,0.0,1.025,"{""native_task_candidate"":240}",{}
panda,near_limit/high_utilization/alpha=0.0,relative,80,80,3,"[80,80,80]","[80,80,80]",80.0,1.0,1.0,80,0,0.41690099999999997,0.5359022999999999,0.57122119,0.38603688333333336,30.88295066666667,0,0.0008764722328148238,0.0009570604815659072,0.0033390161192435154,0.004618026497374882,0.8764722328148238,0.05,0.00012352776718517543,0.005387630140756479,0.9999999999990037,1.5375,2.5375,0.4625,0.5375,0.0,0.5375,1.0,1.5375,"{""native_task_candidate"":240}",{}
panda,near_limit/high_utilization/alpha=0.0,gn,80,80,3,"[80,80,80]","[80,80,80]",80.0,1.0,1.0,80,0,0.40703100000000003,0.52351215,0.5562879799999998,0.3949626041666666,31.59700833333333,0,0.0008764722328148238,0.0009570604815659072,0.0033390161192435154,0.004618026497374882,0.8764722328148238,0.05,0.00012352776718517543,0.005387630140756479,0.9999999999990037,2.5375,5.075,,,,,,,"{""task_candidate"":240}",{}
panda,near_limit/high_utilization/alpha=0.0,tight,80,80,3,"[80,80,80]","[80,80,80]",80.0,1.0,1.0,80,0,0.5712905,1.2262072499999999,2.53027796,0.6341848416666667,50.73478733333334,0,0.0008764722328148238,0.0009570604815659072,0.0033390161192435154,0.004618026497374882,0.8764722328148238,0.05,0.00012352776718517543,0.005387630140756479,0.9999999999990037,1.5375,4.3125,0.4625,0.5375,0.5375,0.0,0.0,3.3125,"{""native_task_candidate"":240}",{}
panda,near_limit/high_utilization/alpha=0.0,clarabel,80,80,3,"[80,80,80]","[80,80,80]",80.0,1.0,1.0,80,0,0.617614,0.7406797,0.7706454999999999,0.5015121708333333,40.120973666666664,0,0.0008764722328148238,0.0009570604815659072,0.0033390161192435154,0.004618026497374882,0.8764722328148238,0.05,0.00012352776718517543,0.005387630140756479,0.9999999999990037,1.5375,3.075,0.4625,0.5375,0.5375,0.0,0.0,2.075,"{""native_task_candidate"":240}",{}
panda,near_limit/high_utilization/alpha=0.0,range_loss_matched,80,80,3,"[80,80,80]","[80,80,80]",80.0,1.0,1.0,80,0,2.737295,5.159816099999998,5.836093649999995,2.9698481166666673,237.58784933333337,0,0.0009428950076748239,0.000964722904185416,0.008599552834880259,0.008726575875008127,0.985436166273601,0.4125,5.7104992325176e-05,0.00012709342511974098,0.9999999999990037,17.725,40.3875,,0.0,0.0,0.0,,0.0,"{""task_accepted_early"":240}",{}
panda,near_limit/high_utilization/alpha=0.0,direct_sqp,80,80,3,"[80,80,80]","[80,80,80]",80.0,1.0,1.0,80,0,2.3664509999999996,2.76830525,2.8382585999999996,2.385568333333333,190.84546666666665,0,0.000999999988166612,0.0009999999964283536,0.008726646060001151,0.00872664615356941,0.999999988166612,1.0,1.1833388078013459e-11,1.9999884916591106e-10,0.9999999999990037,17.4,29.775,,0.0,0.0,0.0,,0.0,"{""task_accepted_early"":240}",{}
panda,near_limit/high_utilization/alpha=0.0,fixed_qp1,80,80,3,"[80,80,80]","[80,80,80]",80.0,1.0,1.0,80,0,0.391683,0.51449075,0.5474372999999998,0.3729089916666667,29.832719333333333,0,0.0008764722328148238,0.0009570604815659072,0.0033390161192435154,0.004618026497374882,0.8764722328148238,0.05,0.00012352776718517543,0.005387630140756479,0.9999999999990037,1.5375,2.5375,0.4625,0.5375,0.0,0.0,0.0,1.5375,"{""native_task_candidate"":240}",{}
panda,near_limit/high_utilization/alpha=0.0,fixed_qp2,80,80,3,"[80,80,80]","[80,80,80]",80.0,1.0,1.0,80,0,0.5209619999999999,0.6973969,0.73282231,0.45763780000000004,36.61102400000001,0,0.0008764722328148238,0.0009570604815659072,0.0033390161192435154,0.004618026497374882,0.8764722328148238,0.05,0.00012352776718517543,0.005387630140756479,0.9999999999990037,1.5375,3.075,0.4625,0.5375,0.5375,0.0,0.0,2.075,"{""native_task_candidate"":240}",{}
panda,near_limit/high_utilization/alpha=0.5,relative,80,80,3,"[80,80,80]","[80,80,80]",80.0,1.0,1.0,80,0,0.421315,0.5528193,0.57664994,0.39320681250000006,31.456545000000006,0,0.0008705549414617385,0.0009716674601517363,0.003874424366766156,0.0048627712052809885,0.8705549414617385,0.05,0.00012944505853826097,0.0048522218932338405,0.9999999999990037,1.5375,2.5375,0.4625,0.5375,0.0,0.5375,1.0,1.5375,"{""native_task_candidate"":240}",{}
panda,near_limit/high_utilization/alpha=0.5,gn,80,80,3,"[80,80,80]","[80,80,80]",80.0,1.0,1.0,80,0,0.4165375,0.5534797,0.57428813,0.4034794125,32.278353,0,0.0008705549414617385,0.0009716674601517363,0.003874424366766156,0.0048627712052809885,0.8705549414617385,0.05,0.00012944505853826097,0.0048522218932338405,0.9999999999990037,2.5375,5.075,,,,,,,"{""task_candidate"":240}",{}
panda,near_limit/high_utilization/alpha=0.5,tight,80,80,3,"[80,80,80]","[80,80,80]",80.0,1.0,1.0,80,0,0.5636905,2.383216699999999,2.878108689999993,0.7539458000000001,60.315664000000005,0,0.0008705549414617385,0.0009716674601517363,0.003874424366766156,0.0048627712052809885,0.8705549414617385,0.05,0.00012944505853826097,0.0048522218932338405,0.9999999999990037,1.5375,5.0875,0.4625,0.5375,0.5375,0.0,0.0,4.0875,"{""native_task_candidate"":240}",{}
panda,near_limit/high_utilization/alpha=0.5,clarabel,80,80,3,"[80,80,80]","[80,80,80]",80.0,1.0,1.0,80,0,0.6225560000000001,0.7542957,0.7910671899999999,0.5032247416666666,40.25797933333333,0,0.0008705549414617385,0.0009716674601517363,0.0038705773883892357,0.0048627712052809885,0.8705549414617385,0.05,0.00012944505853826097,0.00485606887161076,0.9999999999990037,1.5375,3.075,0.4625,0.5375,0.5375,0.0,0.0,2.075,"{""native_task_candidate"":240}",{}
panda,near_limit/high_utilization/alpha=0.5,range_loss_matched,80,80,3,"[79,79,79]","[79,79,79]",79.0,0.9875,0.9875,79,1,2.8414015,5.049719749999992,5.824277619999999,2.93162525,234.53002,0,0.0009623917975559208,0.0009884578241307952,0.008617565773746155,0.008702732040398732,0.9887278466795719,0.43037974683544306,3.760820244407919e-05,0.00010908048625384514,0.9999999999990037,17.5625,39.7375,,0.0,0.0,0.0,,0.0,"{""task_accepted_early"":237,""optimizer:CONVERGENCE: RELATIVE REDUCTION OF F <= FACTR*EPSMCH"":3}","{""position_tolerance+orientation_tolerance"":3}"
panda,near_limit/high_utilization/alpha=0.5,direct_sqp,80,80,3,"[80,80,80]","[80,80,80]",80.0,1.0,1.0,80,0,2.376337,2.77823305,2.88509703,2.3781113291666665,190.24890633333334,0,0.000999999985184193,0.0009999999976644616,0.008726646053073599,0.008726646113657236,0.9999999851841931,1.0,1.4815806947173632e-11,2.0692640075384295e-10,0.9999999999990037,17.2875,29.55,,0.0,0.0,0.0,,0.0,"{""task_accepted_early"":240}",{}
panda,near_limit/high_utilization/alpha=0.5,fixed_qp1,80,80,3,"[80,80,80]","[80,80,80]",80.0,1.0,1.0,80,0,0.40134650000000005,0.5308729999999999,0.5601301399999999,0.3803295291666667,30.426362333333334,0,0.0008705549414617385,0.0009716674601517363,0.003874424366766156,0.0048627712052809885,0.8705549414617385,0.05,0.00012944505853826097,0.0048522218932338405,0.9999999999990037,1.5375,2.5375,0.4625,0.5375,0.0,0.0,0.0,1.5375,"{""native_task_candidate"":240}",{}
panda,near_limit/high_utilization/alpha=0.5,fixed_qp2,80,80,3,"[80,80,80]","[80,80,80]",80.0,1.0,1.0,80,0,0.523389,0.70129115,0.7517121899999999,0.4604650833333333,36.83720666666667,0,0.0008705549414617385,0.0009716674601517363,0.003874424366766156,0.0048627712052809885,0.8705549414617385,0.05,0.00012944505853826097,0.0048522218932338405,0.9999999999990037,1.5375,3.075,0.4625,0.5375,0.5375,0.0,0.0,2.075,"{""native_task_candidate"":240}",{}
panda,near_limit/high_utilization/alpha=0.95,relative,80,80,3,"[80,80,80]","[80,80,80]",80.0,1.0,1.0,80,0,0.43733049999999996,0.5652466500000001,0.6026679899999998,0.40682021250000006,32.545617,0,0.0008921150959783692,0.000958810552713478,0.005440282612116979,0.007483578734802625,0.8921150959783692,0.05,0.0001078849040216305,0.003286363647883019,0.9999999999990037,1.575,2.575,0.425,0.575,0.0,0.575,1.0,1.575,"{""native_task_candidate"":240}",{}
panda,near_limit/high_utilization/alpha=0.95,gn,80,80,3,"[80,80,80]","[80,80,80]",80.0,1.0,1.0,80,0,0.4307815,0.5543114499999999,0.58510378,0.4104563708333334,32.83650966666667,0,0.0008921150959783692,0.000958810552713478,0.005440282612116979,0.007483578734802625,0.8921150959783692,0.05,0.0001078849040216305,0.003286363647883019,0.9999999999990037,2.575,5.15,,,,,,,"{""task_candidate"":240}",{}
panda,near_limit/high_utilization/alpha=0.95,tight,80,80,3,"[80,80,80]","[80,80,80]",80.0,1.0,1.0,80,0,0.688921,2.6430296,2.89440886,0.9264597333333334,74.11677866666668,0,0.0008921150959783692,0.000958810552713478,0.005440282612116979,0.007474082925413534,0.8921150959783692,0.05,0.0001078849040216305,0.003286363647883019,0.9999999999990037,1.575,6.1375,0.425,0.575,0.575,0.0,0.0,5.1375,"{""native_task_candidate"":240}",{}
panda,near_limit/high_utilization/alpha=0.95,clarabel,80,80,3,"[80,80,80]","[80,80,80]",80.0,1.0,1.0,80,0,0.6330245,0.7490361,0.8033310399999999,0.5241497041666666,41.93197633333333,0,0.0008921150959783692,0.000958810552713478,0.005440282612116979,0.007474270544797296,0.8921150959783692,0.05,0.0001078849040216305,0.003286363647883019,0.9999999999990037,1.575,3.15,0.425,0.575,0.575,0.0,0.0,2.15,"{""native_task_candidate"":240}",{}
panda,near_limit/high_utilization/alpha=0.95,range_loss_matched,80,80,3,"[77,77,77]","[77,77,77]",77.0,0.9625,0.9625,77,3,2.8260515,5.110228499999998,6.858967449999985,3.0041412958333336,240.33130366666668,0,0.000959013201317726,0.000985647409498329,0.008664595167474802,0.008715362683442826,0.9928894685682839,0.4805194805194805,4.098679868227398e-05,6.205109252519891e-05,0.9999999999990037,17.8875,40.9625,,0.0,0.0,0.0,,0.0,"{""task_accepted_early"":231,""optimizer:CONVERGENCE: RELATIVE REDUCTION OF F <= FACTR*EPSMCH"":9}","{""position_tolerance+orientation_tolerance"":6,""orientation_tolerance"":3}"
panda,near_limit/high_utilization/alpha=0.95,direct_sqp,80,80,3,"[80,80,80]","[80,80,80]",80.0,1.0,1.0,80,0,2.3782484999999998,2.88333555,2.9498029999999997,2.390986720833333,191.27893766666662,0,0.000999999996795829,0.000999999999360071,0.008726646022983892,0.008726646045614891,0.9999999967958288,1.0,3.2041710972853523e-12,2.3701610778192885e-10,0.9999999999990037,17.425,29.8125,,0.0,0.0,0.0,,0.0,"{""task_accepted_early"":240}",{}
panda,near_limit/high_utilization/alpha=0.95,fixed_qp1,80,80,3,"[80,80,80]","[80,80,80]",80.0,1.0,1.0,80,0,0.411235,0.5306156999999999,0.5605971099999999,0.3862198416666666,30.89758733333333,0,0.0008921150959783692,0.000958810552713478,0.005440282612116979,0.007483578734802625,0.8921150959783692,0.05,0.0001078849040216305,0.003286363647883019,0.9999999999990037,1.575,2.575,0.425,0.575,0.0,0.0,0.0,1.575,"{""native_task_candidate"":240}",{}
panda,near_limit/high_utilization/alpha=0.95,fixed_qp2,80,80,3,"[80,80,80]","[80,80,80]",80.0,1.0,1.0,80,0,0.5357575,0.7208973,0.7678960499999999,0.4755944166666667,38.04755333333333,0,0.0008921150959783692,0.000958810552713478,0.005440282612116979,0.007483578734802625,0.8921150959783692,0.05,0.0001078849040216305,0.003286363647883019,0.9999999999990037,1.575,3.15,0.425,0.575,0.575,0.0,0.0,2.15,"{""native_task_candidate"":240}",{}
panda,near_limit/multijoint_boundary/alpha=0.0,relative,80,80,3,"[80,80,80]","[80,80,80]",80.0,1.0,1.0,80,0,0.5368695000000001,0.6318210999999999,0.8786897799999996,0.4986306583333333,39.89045266666667,0,0.0008983492843551393,0.0009989108738166455,0.004746021412806577,0.007328771808660304,0.8983492843551392,0.05,0.00010165071564486057,0.003980624847193418,0.9999999999990037,1.675,2.675,0.325,0.675,0.0,0.675,1.0,1.675,"{""native_task_candidate"":240}",{}
panda,near_limit/multijoint_boundary/alpha=0.0,gn,80,80,3,"[80,80,80]","[80,80,80]",80.0,1.0,1.0,80,0,0.5293105,0.61826445,0.8497088999999999,0.501479775,40.118382,0,0.0008983492843551393,0.0009989108738166455,0.004746021412806577,0.007328771808660304,0.8983492843551392,0.05,0.00010165071564486057,0.003980624847193418,0.9999999999990037,2.675,5.35,,,,,,,"{""task_candidate"":240}",{}
panda,near_limit/multijoint_boundary/alpha=0.0,tight,80,80,3,"[80,80,80]","[80,80,80]",80.0,1.0,1.0,80,0,0.989611,2.28506275,3.375973769999999,1.0925499041666669,87.40399233333335,0,0.0009820739340903799,0.0009989108738166455,0.005544508677717114,0.007463031454288084,0.9820739340903799,0.125,1.792606590962004e-05,0.003182137582282872,0.9999999999990037,1.55,6.1625,0.325,0.675,0.675,0.0,0.0,5.1625,"{""native_task_candidate"":240}",{}
panda,near_limit/multijoint_boundary/alpha=0.0,clarabel,80,80,3,"[80,80,80]","[80,80,80]",80.0,1.0,1.0,80,0,0.7320125,0.8435616499999999,0.9290165999999994,0.6308294791666665,50.466358333333325,0,0.0009892045913474524,0.0009989108738166455,0.005544508677717114,0.007464970441982125,0.9892045913474523,0.1125,1.0795408652547664e-05,0.003182137582282872,0.9999999999990037,1.6125,3.2875,0.325,0.675,0.675,0.0,0.0,2.2875,"{""native_task_candidate"":240}",{}
panda,near_limit/multijoint_boundary/alpha=0.0,range_loss_matched,80,80,3,"[79,79,79]","[79,79,79]",79.0,0.9875,0.9875,79,1,2.239071,4.62051175,6.454776869999996,2.4307445125,194.459561,0,0.0009624614995880102,0.000989887248567157,0.008488455317667622,0.008725508648022226,0.9902342301657601,0.22784810126582278,3.753850041198972e-05,0.0002381909423323754,0.9999999999990037,15.0875,31.3125,,0.0,0.0,0.0,,0.0,"{""task_accepted_early"":237,""optimizer:CONVERGENCE: RELATIVE REDUCTION OF F <= FACTR*EPSMCH"":3}","{""orientation_tolerance"":3}"
panda,near_limit/multijoint_boundary/alpha=0.0,direct_sqp,80,80,3,"[80,80,80]","[80,80,80]",80.0,1.0,1.0,80,0,2.3830505,2.9569577999999996,3.70153059,2.4303660666666667,194.42928533333335,0,0.00099999997395198,0.0009999999967723859,0.00872664607578009,0.00872664623160274,0.9999999836473552,1.0,2.604802012105834e-11,1.8421990937919635e-10,0.9999999999990037,17.5625,29.6375,,0.0,0.0,0.0,,0.0,"{""task_accepted_early"":240}",{}
panda,near_limit/multijoint_boundary/alpha=0.0,fixed_qp1,80,80,3,"[80,80,80]","[80,80,80]",80.0,1.0,1.0,80,0,0.5131245,0.59500025,0.8252116599999995,0.47909579166666666,38.327663333333334,0,0.0008983492843551393,0.0009989108738166455,0.004746021412806577,0.007328771808660304,0.8983492843551392,0.05,0.00010165071564486057,0.003980624847193418,0.9999999999990037,1.675,2.675,0.325,0.675,0.0,0.0,0.0,1.675,"{""native_task_candidate"":240}",{}
panda,near_limit/multijoint_boundary/alpha=0.0,fixed_qp2,80,80,3,"[80,80,80]","[80,80,80]",80.0,1.0,1.0,80,0,0.6720254999999999,0.7853001499999996,0.9743163699999967,0.5924765624999999,47.39812499999999,0,0.0009374051387624623,0.0009989108738166455,0.005060412108970245,0.007463031454288084,0.9374051387624623,0.0875,6.259486123753691e-05,0.003666234151029747,0.9999999999990037,1.6,3.275,0.325,0.675,0.675,0.0,0.0,2.275,"{""native_task_candidate"":240}",{}
panda,near_limit/multijoint_boundary/alpha=0.5,relative,80,80,3,"[80,80,80]","[80,80,80]",80.0,1.0,1.0,80,0,0.4962305,0.59090395,0.6129118699999999,0.4677852375,37.422819,0,0.0009473740325894508,0.0009939937238348743,0.006653637092523148,0.008299379177279522,0.9496664683618071,0.1125,5.262596741054919e-05,0.002073009167476852,0.9999999999990037,1.675,2.675,0.325,0.675,0.0,0.675,1.0,1.675,"{""native_task_candidate"":240}",{}
panda,near_limit/multijoint_boundary/alpha=0.5,gn,80,80,3,"[80,80,80]","[80,80,80]",80.0,1.0,1.0,80,0,0.4990155,0.5825965999999999,0.61237796,0.4726326333333334,37.81061066666667,0,0.0009473740325894508,0.0009939937238348743,0.006653637092523148,0.008299379177279522,0.9496664683618071,0.1125,5.262596741054919e-05,0.002073009167476852,0.9999999999990037,2.675,5.35,,,,,,,"{""task_candidate"":240}",{}
panda,near_limit/multijoint_boundary/alpha=0.5,tight,80,80,3,"[80,80,80]","[80,80,80]",80.0,1.0,1.0,80,0,1.1133635000000002,2.36273445,2.9469585499999993,1.1388349291666666,91.10679433333333,0,0.0009473740325894508,0.0009939937238348743,0.006653637092523148,0.008299379177279522,0.9496664683618071,0.1125,5.262596741054919e-05,0.002073009167476852,0.9999999999990037,1.65,6.5875,0.325,0.675,0.675,0.0,0.0,5.5875,"{""native_task_candidate"":240}",{}
panda,near_limit/multijoint_boundary/alpha=0.5,clarabel,80,80,3,"[80,80,80]","[80,80,80]",80.0,1.0,1.0,80,0,0.7199264999999999,0.82390655,0.84355938,0.6174998083333333,49.39998466666666,0,0.0009501985765317684,0.0009939937238348743,0.006653637092523148,0.008299379177279522,0.9515709070406193,0.125,4.9801423468231496e-05,0.002073009167476852,0.9999999999990037,1.65,3.325,0.325,0.675,0.675,0.0,0.0,2.325,"{""native_task_candidate"":240}",{}
panda,near_limit/multijoint_boundary/alpha=0.5,range_loss_matched,80,80,3,"[79,79,79]","[79,79,79]",79.0,0.9875,0.9875,79,1,2.0614295,4.530353749999997,6.042766289999982,2.3080818000000005,184.64654400000003,0,0.0009503913611141732,0.0009761540944714989,0.008304542369662852,0.008695444970038674,0.9765667654322362,0.21518987341772153,4.9608638885826814e-05,0.0004221038903371449,0.9999999999990037,14.125,29.875,,0.0,0.0,0.0,,0.0,"{""task_accepted_early"":237,""optimizer:CONVERGENCE: RELATIVE REDUCTION OF F <= FACTR*EPSMCH"":3}","{""orientation_tolerance"":3}"
panda,near_limit/multijoint_boundary/alpha=0.5,direct_sqp,80,80,3,"[80,80,80]","[80,80,80]",80.0,1.0,1.0,80,0,2.409799,2.8682206999999993,3.17684338,2.4362767666666665,194.90214133333333,0,0.0009999999783888056,0.0009999999941997688,0.008726646030136904,0.008726646235377673,0.999999985949404,1.0,2.1611194474593928e-11,2.298630947042413e-10,0.9999999999990037,17.7125,29.7875,,0.0,0.0,0.0,,0.0,"{""task_accepted_early"":240}",{}
panda,near_limit/multijoint_boundary/alpha=0.5,fixed_qp1,80,80,3,"[80,80,80]","[80,80,80]",80.0,1.0,1.0,80,0,0.473676,0.5668043500000001,0.5924455699999998,0.45052862499999996,36.04229,0,0.0009473740325894508,0.0009939937238348743,0.006653637092523148,0.008299379177279522,0.9496664683618071,0.1125,5.262596741054919e-05,0.002073009167476852,0.9999999999990037,1.675,2.675,0.325,0.675,0.0,0.0,0.0,1.675,"{""native_task_candidate"":240}",{}
panda,near_limit/multijoint_boundary/alpha=0.5,fixed_qp2,80,80,3,"[80,80,80]","[80,80,80]",80.0,1.0,1.0,80,0,0.652682,0.7980997,0.81649732,0.5760810666666667,46.086485333333336,0,0.0009473740325894508,0.0009939937238348743,0.006653637092523148,0.008299379177279522,0.9496664683618071,0.1125,5.262596741054919e-05,0.002073009167476852,0.9999999999990037,1.6625,3.3375,0.325,0.675,0.675,0.0,0.0,2.3375,"{""native_task_candidate"":240}",{}
panda,near_limit/multijoint_boundary/alpha=0.95,relative,80,80,3,"[80,80,80]","[80,80,80]",80.0,1.0,1.0,80,0,0.5013965,0.62944505,1.3433454799999967,0.49945777916666667,39.956622333333335,0,0.0009464378291417993,0.0009992583344808404,0.00835618181158274,0.008693909102669654,0.9762007918151342,0.25,5.356217085820065e-05,0.0003704644484172575,0.9999999999990037,1.7875,2.9375,0.2375,0.7625,0.0375,0.7625,0.9545454545454546,1.9375,"{""native_task_candidate"":240}",{}
panda,near_limit/multijoint_boundary/alpha=0.95,gn,80,80,3,"[77,77,77]","[77,77,77]",77.0,0.9625,0.9625,77,3,0.49678750000000005,0.5930803,4.076216969999999,0.6019570875,48.156566999999995,0,0.0009350913087635873,0.0009992583344808404,0.008430159283271165,0.008693909102669654,0.9830101240635275,0.23376623376623376,6.49086912364128e-05,0.0002964869767288353,0.9999999999990037,3.175,9.0875,,,,,,,"{""task_candidate"":231,""stationary"":3,""no_descent"":6}","{""orientation_tolerance"":9}"
panda,near_limit/multijoint_boundary/alpha=0.95,tight,80,80,3,"[80,80,80]","[80,80,80]",80.0,1.0,1.0,80,0,1.2080545,2.74040275,2.9142246199999993,1.2554308,100.434464,0,0.0009463381223505931,0.0009967136317912877,0.008352847819135013,0.008694309163738999,0.9762311209665109,0.275,5.366187764940686e-05,0.00037379844086498384,0.9999999999990037,1.725,7.3625,0.2375,0.7625,0.7625,0.0,0.0,6.375,"{""native_task_candidate"":240}",{}
panda,near_limit/multijoint_boundary/alpha=0.95,clarabel,80,80,3,"[80,80,80]","[80,80,80]",80.0,1.0,1.0,80,0,0.7281605,0.84919925,1.01070557,0.6538566624999999,52.30853299999999,0,0.000929713567664277,0.0009967136353369204,0.00835697542513101,0.008694309174587727,0.976231131180872,0.275,7.028643233572279e-05,0.0003696708348689878,0.9999999999990037,1.7375,3.5375,0.2375,0.7625,0.7625,0.0,0.0,2.5375,"{""native_task_candidate"":240}",{}
panda,near_limit/multijoint_boundary/alpha=0.95,range_loss_matched,80,80,3,"[70,70,70]","[70,70,70]",70.0,0.875,0.875,70,10,2.491362,5.487231899999998,7.35608037,2.6315072583333334,210.52058066666666,0,0.00099161113422752,0.0009951928683645586,0.008671120621410539,0.008724294927186908,0.9951928683645587,0.5857142857142857,8.388865772479982e-06,5.552563858946154e-05,0.9999999999990037,18.0,34.7375,,0.0,0.0,0.0,,0.0,"{""task_accepted_early"":210,""optimizer:CONVERGENCE: RELATIVE REDUCTION OF F <= FACTR*EPSMCH"":30}","{""orientation_tolerance"":9,""position_tolerance"":15,""position_tolerance+orientation_tolerance"":6}"
panda,near_limit/multijoint_boundary/alpha=0.95,direct_sqp,80,80,3,"[80,80,80]","[80,80,80]",80.0,1.0,1.0,80,0,2.4028145,2.90788445,3.1783900099999993,2.4274588291666666,194.1967063333333,0,0.0009999999854779565,0.0009999999997537476,0.008726646068400777,0.008726646215314568,0.9999999896636593,1.0,1.4522043409372771e-11,1.9159922294564874e-10,0.9999999999990037,17.7375,29.675,,0.0,0.0,0.0,,0.0,"{""task_accepted_early"":240}",{}
panda,near_limit/multijoint_boundary/alpha=0.95,fixed_qp1,80,80,3,"[77,77,77]","[77,77,77]",77.0,0.9625,0.9625,77,3,0.477224,0.5802298499999996,6.072571009999965,0.5944071208333332,47.55256966666666,0,0.0009350913087635873,0.0009992583344808404,0.008430159283271165,0.008693909102669654,0.9830101240635275,0.23376623376623376,6.49086912364128e-05,0.0002964869767288353,0.9999999999990037,2.3125,5.5,0.2375,0.7625,0.0,0.0,0.0,2.3125,"{""native_task_candidate"":231,""stationary"":3,""no_descent"":3,""iteration_limit"":3}","{""orientation_tolerance"":9}"
panda,near_limit/multijoint_boundary/alpha=0.95,fixed_qp2,80,80,3,"[79,79,79]","[79,79,79]",79.0,0.9875,0.9875,79,1,0.6608895,0.8029347999999997,3.5047962499999645,0.6674380666666667,53.395045333333336,0,0.0009315061480307138,0.0009967136317912877,0.00847871128374302,0.008694326815461312,0.9784770030998989,0.24050632911392406,6.849385196928613e-05,0.0002479349762569798,0.9999999999990037,1.925,4.4125,0.2375,0.7625,0.7625,0.0,0.0,2.8875,"{""native_task_candidate"":237,""stationary"":3}","{""orientation_tolerance"":3}"
ur5e,regular/alpha=0.0,relative,240,240,3,"[240,240,240]","[240,240,240]",240.0,1.0,1.0,240,0,0.2639245,0.2930639,0.33442255999999976,0.2683433722222222,64.40240933333332,0,0.0004944296052348739,0.0009871421527741164,0.0008899696810888352,0.008719286251032748,0.49442960523487395,0.0125,0.000505570394765125,0.007836676578911156,0.9999999999990026,1.0041666666666667,2.0,0.9916666666666667,0.004166666666666667,0.0,0.004166666666666667,1.0,1.0,"{""native_task_candidate"":720}",{}
ur5e,regular/alpha=0.0,gn,240,240,3,"[240,240,240]","[240,240,240]",240.0,1.0,1.0,240,0,0.292651,0.31913084999999997,0.34227117999999995,0.29588618055555554,71.01268333333333,0,0.0004944296052348739,0.0009871421527741164,0.0008899696810888352,0.008719286251032748,0.49442960523487395,0.0125,0.000505570394765125,0.007836676578911156,0.9999999999990026,2.0,4.0,,,,,,,"{""task_candidate"":720}",{}
ur5e,regular/alpha=0.0,tight,240,240,3,"[240,240,240]","[240,240,240]",240.0,1.0,1.0,240,0,0.26372399999999996,0.29267865,0.3219615099999995,0.26996178472222226,64.79082833333334,0,0.0004944296052348739,0.0009871421527741164,0.0008899696810888352,0.008719286251032748,0.49442960523487395,0.0125,0.000505570394765125,0.007836676578911156,0.9999999999990026,1.0041666666666667,2.0125,0.9916666666666667,0.004166666666666667,0.004166666666666667,0.0,0.0,1.0125,"{""native_task_candidate"":720}",{}
ur5e,regular/alpha=0.0,clarabel,240,240,3,"[240,240,240]","[240,240,240]",240.0,1.0,1.0,240,0,0.266488,0.29353375,0.3357431699999998,0.2713017347222222,65.11241633333333,0,0.0004944296052348739,0.0009871421527741164,0.0008899696810888352,0.008719286251032748,0.49442960523487395,0.0125,0.000505570394765125,0.007836676578911156,0.9999999999990026,1.0041666666666667,2.004166666666667,0.9916666666666667,0.004166666666666667,0.004166666666666667,0.0,0.0,1.0041666666666667,"{""native_task_candidate"":720}",{}
ur5e,regular/alpha=0.0,range_loss_matched,240,240,3,"[240,240,240]","[240,240,240]",240.0,1.0,1.0,240,0,1.4138005,2.8299331999999997,3.9812546799999993,1.510054491666667,362.41307800000004,0,0.0009568949930673884,0.0009948379589090148,0.00846236987703597,0.008719286251032748,0.9774039320019312,0.2916666666666667,4.310500693261148e-05,0.0002642763829640293,0.6909663956003863,6.666666666666667,18.666666666666668,,0.0,0.0,0.0,,0.0,"{""task_accepted_early"":720}",{}
ur5e,regular/alpha=0.0,direct_sqp,240,240,3,"[240,240,240]","[240,240,240]",240.0,1.0,1.0,240,0,1.4512745,2.04958635,2.2007493099999986,1.4599647194444445,350.3915326666667,0,0.000999999986000412,0.0009999999974116065,0.008726646058207494,0.008726646223674674,0.9999999874314872,1.0,1.3999587914707153e-11,2.0179250640253723e-10,0.6271570246127227,10.333333333333334,16.195833333333333,,0.0,0.0,0.0,,0.0,"{""task_accepted_early"":720}",{}
ur5e,regular/alpha=0.0,fixed_qp1,240,240,3,"[240,240,240]","[240,240,240]",240.0,1.0,1.0,240,0,0.2647385,0.29285625,0.31080705999999997,0.26862488194444445,64.46997166666667,0,0.0004944296052348739,0.0009871421527741164,0.0008899696810888352,0.008719286251032748,0.49442960523487395,0.0125,0.000505570394765125,0.007836676578911156,0.9999999999990026,1.0041666666666667,2.0,0.9916666666666667,0.004166666666666667,0.0,0.0,0.0,1.0,"{""native_task_candidate"":720}",{}
ur5e,regular/alpha=0.0,fixed_qp2,240,240,3,"[240,240,240]","[240,240,240]",240.0,1.0,1.0,240,0,0.26382,0.29157065,0.3352386399999997,0.2686630208333333,64.479125,0,0.0004944296052348739,0.0009871421527741164,0.0008899696810888352,0.008719286251032748,0.49442960523487395,0.0125,0.000505570394765125,0.007836676578911156,0.9999999999990026,1.0041666666666667,2.004166666666667,0.9916666666666667,0.004166666666666667,0.004166666666666667,0.0,0.0,1.0041666666666667,"{""native_task_candidate"":720}",{}
ur5e,regular/alpha=0.5,relative,240,240,3,"[240,240,240]","[240,240,240]",240.0,1.0,1.0,240,0,0.2672405,0.29755505,0.3569829899999999,0.27106547222222227,65.05571333333334,0,0.0005730738121940743,0.0009655327566168958,0.002775745001371758,0.006702366746738568,0.5730738121940743,0.004166666666666667,0.0004269261878059256,0.005950901258628241,0.9999999999990026,1.0041666666666667,2.0,0.9916666666666667,0.004166666666666667,0.0,0.004166666666666667,1.0,1.0,"{""native_task_candidate"":720}",{}
ur5e,regular/alpha=0.5,gn,240,240,3,"[240,240,240]","[240,240,240]",240.0,1.0,1.0,240,0,0.2958305,0.3253286999999999,0.3915581399999998,0.2992102611111111,71.81046266666667,0,0.0005730738121940743,0.0009655327566168958,0.002775745001371758,0.006702366746738568,0.5730738121940743,0.004166666666666667,0.0004269261878059256,0.005950901258628241,0.9999999999990026,2.0,4.0,,,,,,,"{""task_candidate"":720}",{}
ur5e,regular/alpha=0.5,tight,240,240,3,"[240,240,240]","[240,240,240]",240.0,1.0,1.0,240,0,0.2643565,0.2992103,0.33158947999999966,0.27003411805555555,64.80818833333333,0,0.0005730738121940743,0.0009655327566168958,0.002775745001371758,0.006702366746738568,0.5730738121940743,0.004166666666666667,0.0004269261878059256,0.005950901258628241,0.9999999999990026,1.0041666666666667,2.0083333333333333,0.9916666666666667,0.004166666666666667,0.004166666666666667,0.0,0.0,1.0083333333333333,"{""native_task_candidate"":720}",{}
ur5e,regular/alpha=0.5,clarabel,240,240,3,"[240,240,240]","[240,240,240]",240.0,1.0,1.0,240,0,0.26811949999999996,0.30035855,0.3478604299999987,0.2740156125,65.76374700000001,0,0.0005730738121940743,0.0009655327566168958,0.002775745001371758,0.006702366746738568,0.5730738121940743,0.004166666666666667,0.0004269261878059256,0.005950901258628241,0.9999999999990026,1.0041666666666667,2.004166666666667,0.9916666666666667,0.004166666666666667,0.004166666666666667,0.0,0.0,1.0041666666666667,"{""native_task_candidate"":720}",{}
ur5e,regular/alpha=0.5,range_loss_matched,240,240,3,"[238,238,238]","[238,238,238]",238.0,0.9916666666666667,0.9916666666666667,238,2,1.4179545,2.9879971999999957,4.068320609999999,1.5695963124999999,376.70311499999997,0,0.0009798170044720042,0.0009984712709000683,0.008587218581433647,0.008722985313549562,0.9940452916567334,0.3487394957983193,2.0182995527995876e-05,0.00013942767856635262,0.7194129126290192,6.8125,19.633333333333333,,0.0,0.0,0.0,,0.0,"{""task_accepted_early"":714,""optimizer:CONVERGENCE: RELATIVE REDUCTION OF F <= FACTR*EPSMCH"":6}","{""position_tolerance+orientation_tolerance"":6}"
ur5e,regular/alpha=0.5,direct_sqp,240,240,3,"[240,240,240]","[240,240,240]",240.0,1.0,1.0,240,0,1.4806255,2.0801994500000003,2.23835234,1.4885962555555554,357.2631013333333,0,0.0009999999851599683,0.0009999999975807653,0.008726646046309048,0.00872664624692482,0.9999999876118169,1.0,1.4840031850940628e-11,2.1369095130549522e-10,0.6265181548538277,10.5125,16.616666666666667,,0.0,0.0,0.0,,0.0,"{""task_accepted_early"":720}",{}
ur5e,regular/alpha=0.5,fixed_qp1,240,240,3,"[240,240,240]","[240,240,240]",240.0,1.0,1.0,240,0,0.2672105,0.30368124999999996,0.34755363999999994,0.27221774305555557,65.33225833333334,0,0.0005730738121940743,0.0009655327566168958,0.002775745001371758,0.006702366746738568,0.5730738121940743,0.004166666666666667,0.0004269261878059256,0.005950901258628241,0.9999999999990026,1.0041666666666667,2.0,0.9916666666666667,0.004166666666666667,0.0,0.0,0.0,1.0,"{""native_task_candidate"":720}",{}
ur5e,regular/alpha=0.5,fixed_qp2,240,240,3,"[240,240,240]","[240,240,240]",240.0,1.0,1.0,240,0,0.26637200000000005,0.30231464999999996,0.3464655199999999,0.27194372222222224,65.26649333333334,0,0.0005730738121940743,0.0009655327566168958,0.002775745001371758,0.006702366746738568,0.5730738121940743,0.004166666666666667,0.0004269261878059256,0.005950901258628241,0.9999999999990026,1.0041666666666667,2.004166666666667,0.9916666666666667,0.004166666666666667,0.004166666666666667,0.0,0.0,1.0041666666666667,"{""native_task_candidate"":720}",{}
ur5e,regular/alpha=0.95,relative,240,240,3,"[240,240,240]","[240,240,240]",240.0,1.0,1.0,240,0,0.270719,0.3081396,0.3775436499999998,0.27580354444444444,66.19285066666667,0,0.0006938646782932291,0.0009977637159824958,0.004461388890269724,0.008503107270234903,0.7822471507715814,0.016666666666666666,0.00030613532170677057,0.004265257369730268,0.9999999999990026,1.0083333333333333,2.0083333333333333,0.9916666666666667,0.008333333333333333,0.0,0.008333333333333333,1.0,1.0083333333333333,"{""native_task_candidate"":720}",{}
ur5e,regular/alpha=0.95,gn,240,240,3,"[240,240,240]","[240,240,240]",240.0,1.0,1.0,240,0,0.297201,0.3336259499999999,0.4242074999999997,0.3025094166666667,72.60226,0,0.0006938646782932291,0.0009977637159824958,0.004461388890269724,0.008503107270234903,0.7822471507715814,0.016666666666666666,0.00030613532170677057,0.004265257369730268,0.9999999999990026,2.0083333333333333,4.016666666666667,,,,,,,"{""task_candidate"":720}",{}
ur5e,regular/alpha=0.95,tight,240,240,3,"[240,240,240]","[240,240,240]",240.0,1.0,1.0,240,0,0.2694795,0.30362465,0.4821043299999948,0.28212007916666665,67.70881899999999,0,0.0006938646782932291,0.0009977637159824958,0.004461388890269724,0.008503107270234903,0.7822471507715814,0.016666666666666666,0.00030613532170677057,0.004265257369730268,0.9999999999990026,1.0083333333333333,2.058333333333333,0.9916666666666667,0.008333333333333333,0.008333333333333333,0.0,0.0,1.0583333333333333,"{""native_task_candidate"":720}",{}
ur5e,regular/alpha=0.95,clarabel,240,240,3,"[240,240,240]","[240,240,240]",240.0,1.0,1.0,240,0,0.27132100000000003,0.30771829999999994,0.4056861299999999,0.27897860555555554,66.95486533333333,0,0.0006938646782932291,0.0009977637159824958,0.004461388890269724,0.008503107270234903,0.7822471507715814,0.016666666666666666,0.00030613532170677057,0.004265257369730268,0.9999999999990026,1.0083333333333333,2.0166666666666666,0.9916666666666667,0.008333333333333333,0.008333333333333333,0.0,0.0,1.0166666666666666,"{""native_task_candidate"":720}",{}
ur5e,regular/alpha=0.95,range_loss_matched,240,240,3,"[238,238,238]","[238,238,238]",238.0,0.9916666666666667,0.9916666666666667,238,2,1.5785675000000001,3.0878828999999994,3.7628961399999983,1.681294151388889,403.51059633333335,0,0.0009790863437547127,0.0009980778842587077,0.00863813245963472,0.008723564296448418,0.9948240754706893,0.4327731092436975,2.0913656245287232e-05,8.85138003652799e-05,0.9999999999989999,8.020833333333334,21.304166666666667,,0.0,0.0,0.0,,0.0,"{""task_accepted_early"":714,""optimizer:CONVERGENCE: RELATIVE REDUCTION OF F <= FACTR*EPSMCH"":6}","{""position_tolerance+orientation_tolerance"":6}"
ur5e,regular/alpha=0.95,direct_sqp,240,240,3,"[240,240,240]","[240,240,240]",240.0,1.0,1.0,240,0,1.5204715,2.1110660999999995,2.325253409999999,1.538501527777778,369.2403666666667,0,0.0009999999903407698,0.0009999999990195684,0.008726646138111723,0.00872664624780837,0.9999999935152257,1.0,9.659230219057763e-12,1.2188827698891848e-10,0.6271607697854018,10.975,17.429166666666667,,0.0,0.0,0.0,,0.0,"{""task_accepted_early"":720}",{}
ur5e,regular/alpha=0.95,fixed_qp1,240,240,3,"[240,240,240]","[240,240,240]",240.0,1.0,1.0,240,0,0.270525,0.30808054999999995,0.3617273799999995,0.2752344472222222,66.05626733333332,0,0.0006938646782932291,0.0009977637159824958,0.004461388890269724,0.008503107270234903,0.7822471507715814,0.016666666666666666,0.00030613532170677057,0.004265257369730268,0.9999999999990026,1.0083333333333333,2.0083333333333333,0.9916666666666667,0.008333333333333333,0.0,0.0,0.0,1.0083333333333333,"{""native_task_candidate"":720}",{}
ur5e,regular/alpha=0.95,fixed_qp2,240,240,3,"[240,240,240]","[240,240,240]",240.0,1.0,1.0,240,0,0.269318,0.3088628,0.35329408999999995,0.27564717083333334,66.155321,0,0.0006938646782932291,0.0009977637159824958,0.004461388890269724,0.008503107270234903,0.7822471507715814,0.016666666666666666,0.00030613532170677057,0.004265257369730268,0.9999999999990026,1.0083333333333333,2.0166666666666666,0.9916666666666667,0.008333333333333333,0.008333333333333333,0.0,0.0,1.0166666666666666,"{""native_task_candidate"":720}",{}
ur5e,high_utilization/alpha=0.0,relative,240,240,3,"[240,240,240]","[240,240,240]",240.0,1.0,1.0,240,0,0.4228305,0.5125932999999999,0.5459375599999998,0.40126934444444445,96.30464266666667,0,0.0008899309103858011,0.0009925146484238197,0.00392704766112461,0.008677912550553406,0.8934208664258855,0.041666666666666664,0.00011006908961419874,0.00479959859887539,0.9999999999990026,1.725,2.725,0.275,0.725,0.0,0.725,1.0,1.725,"{""native_task_candidate"":720}",{}
ur5e,high_utilization/alpha=0.0,gn,240,240,3,"[240,240,240]","[240,240,240]",240.0,1.0,1.0,240,0,0.4104175,0.5040426499999999,0.5360651899999999,0.40262434305555556,96.62984233333333,0,0.0008899309103858011,0.0009925146484238197,0.00392704766112461,0.008677912550553406,0.8934208664258855,0.041666666666666664,0.00011006908961419874,0.00479959859887539,0.9999999999990026,2.725,5.45,,,,,,,"{""task_candidate"":720}",{}
ur5e,high_utilization/alpha=0.0,tight,240,240,3,"[240,240,240]","[240,240,240]",240.0,1.0,1.0,240,0,0.772724,2.2876038999999992,2.4684473299999996,0.9234200430555556,221.62081033333334,0,0.0008899309103858011,0.0009925146484238197,0.00392704766112461,0.008677912550553406,0.8934208664258855,0.041666666666666664,0.00011006908961419874,0.00479959859887539,0.9999999999990026,1.7041666666666666,6.745833333333334,0.275,0.725,0.725,0.0,0.0,5.745833333333334,"{""native_task_candidate"":720}",{}
ur5e,high_utilization/alpha=0.0,clarabel,240,240,3,"[240,240,240]","[240,240,240]",240.0,1.0,1.0,240,0,0.611969,0.71306905,0.7534872999999997,0.5419889250000001,130.07734200000002,0,0.0008934208664258856,0.0009925146484238197,0.00392704766112461,0.008677912550553406,0.895573666183626,0.04583333333333333,0.00010657913357411435,0.00479959859887539,0.9999999999990026,1.7208333333333334,3.45,0.275,0.725,0.725,0.0,0.0,2.45,"{""native_task_candidate"":720}",{}
ur5e,high_utilization/alpha=0.0,range_loss_matched,240,240,3,"[239,239,239]","[239,239,239]",239.0,0.9958333333333333,0.9958333333333333,239,1,2.682359,4.772059649999999,6.362740709999991,2.7277210513888885,654.6530523333332,0,0.0009716728649972876,0.000999722098893879,0.008541824696969041,0.008724474716826414,0.986159042085653,0.39330543933054396,2.832713500271223e-05,0.0001848215630309586,0.9999999999990026,15.658333333333333,37.791666666666664,,0.0,0.0,0.0,,0.0,"{""task_accepted_early"":717,""optimizer:CONVERGENCE: RELATIVE REDUCTION OF F <= FACTR*EPSMCH"":3}","{""position_tolerance+orientation_tolerance"":3}"
ur5e,high_utilization/alpha=0.0,direct_sqp,240,240,3,"[240,240,240]","[240,240,240]",240.0,1.0,1.0,240,0,2.3086349999999998,2.8182986,2.93650977,2.3256361194444444,558.1526686666666,0,0.0009999999836840649,0.0009999999988519726,0.008726646082296386,0.008726646255998937,0.9999999877334441,1.0,1.6315935039666607e-11,1.7770361432356552e-10,0.9999999999990026,17.579166666666666,29.841666666666665,,0.0,0.0,0.0,,0.0,"{""task_accepted_early"":720}",{}
ur5e,high_utilization/alpha=0.0,fixed_qp1,240,240,3,"[240,240,240]","[240,240,240]",240.0,1.0,1.0,240,0,0.3936315,0.488174,0.5234117699999994,0.3816293180555556,91.59103633333335,0,0.0008899309103858011,0.0009925146484238197,0.00392704766112461,0.008677912550553406,0.8934208664258855,0.041666666666666664,0.00011006908961419874,0.00479959859887539,0.9999999999990026,1.725,2.725,0.275,0.725,0.0,0.0,0.0,1.725,"{""native_task_candidate"":720}",{}
ur5e,high_utilization/alpha=0.0,fixed_qp2,240,240,3,"[240,240,240]","[240,240,240]",240.0,1.0,1.0,240,0,0.528023,0.655546,0.7683893999999992,0.4898776541666666,117.57063699999999,0,0.0008899309103858011,0.0009925146484238197,0.00392704766112461,0.008677912550553406,0.8934208664258855,0.041666666666666664,0.00011006908961419874,0.00479959859887539,0.9999999999990026,1.7208333333333334,3.45,0.275,0.725,0.725,0.0,0.0,2.45,"{""native_task_candidate"":720}",{}
ur5e,high_utilization/alpha=0.5,relative,240,240,3,"[240,240,240]","[240,240,240]",240.0,1.0,1.0,240,0,0.423734,0.5204985,0.5600816099999999,0.4049657736111111,97.19178566666666,0,0.0009056827742259533,0.0009952125812292812,0.004216778560067789,0.007299763647400665,0.9056827742259533,0.05416666666666667,9.431722577404656e-05,0.004509867699932211,0.9999999999990026,1.7333333333333334,2.7333333333333334,0.26666666666666666,0.7333333333333333,0.0,0.7333333333333333,1.0,1.7333333333333334,"{""native_task_candidate"":720}",{}
ur5e,high_utilization/alpha=0.5,gn,240,240,3,"[240,240,240]","[240,240,240]",240.0,1.0,1.0,240,0,0.40952500000000003,0.50614245,0.54018895,0.4044529583333333,97.06871,0,0.0009056827742259533,0.0009952125812292812,0.004216778560067789,0.007299763647400665,0.9056827742259533,0.05416666666666667,9.431722577404656e-05,0.004509867699932211,0.9999999999990026,2.7333333333333334,5.466666666666667,,,,,,,"{""task_candidate"":720}",{}
ur5e,high_utilization/alpha=0.5,tight,240,240,3,"[240,240,240]","[240,240,240]",240.0,1.0,1.0,240,0,0.7732455,2.2768236,2.4441267399999997,0.9398345541666667,225.560293,0,0.0009413102185764872,0.0009952125812292812,0.00422406134417858,0.007299763647400665,0.9413102185764872,0.0625,5.868978142351249e-05,0.004502584915821419,0.9999999999990026,1.7083333333333333,6.833333333333333,0.26666666666666666,0.7333333333333333,0.7291666666666666,0.0,0.0,5.833333333333333,"{""native_task_candidate"":720}",{}
ur5e,high_utilization/alpha=0.5,clarabel,240,240,3,"[240,240,240]","[240,240,240]",240.0,1.0,1.0,240,0,0.6183675,0.7185870499999999,0.8885787499999998,0.5517167861111111,132.41202866666666,0,0.000909787413435146,0.0009952125812292812,0.00422406134417858,0.007299763647400665,0.909787413435146,0.058333333333333334,9.02125865648526e-05,0.004502584915821419,0.9999999999990026,1.7291666666666667,3.466666666666667,0.26666666666666666,0.7333333333333333,0.7333333333333333,0.0,0.0,2.466666666666667,"{""native_task_candidate"":720}",{}
ur5e,high_utilization/alpha=0.5,range_loss_matched,240,240,3,"[237,237,237]","[237,237,237]",237.0,0.9875,0.9875,237,3,2.6578980000000003,4.9190392999999935,6.056266289999989,2.7179075541666666,652.297813,0,0.0009781342577195203,0.0009992078697950858,0.008617420059409098,0.008705178536681195,0.9921648276821102,0.39662447257383965,2.186574228047974e-05,0.00010922620059090199,0.9999999999990026,15.520833333333334,37.479166666666664,,0.0,0.0,0.0,,0.0,"{""task_accepted_early"":711,""optimizer:CONVERGENCE: RELATIVE REDUCTION OF F <= FACTR*EPSMCH"":9}","{""position_tolerance+orientation_tolerance"":6,""position_tolerance"":3}"
ur5e,high_utilization/alpha=0.5,direct_sqp,240,240,3,"[240,240,240]","[240,240,240]",240.0,1.0,1.0,240,0,2.3136444999999997,2.8036371499999997,3.016316279999999,2.3372162208333336,560.9318930000001,0,0.0009999999850531086,0.0009999999980921594,0.008726646106980223,0.008726646256645196,0.9999999888572765,1.0,1.4946891413371995e-11,1.5301977653731091e-10,0.9999999999990026,17.683333333333334,29.958333333333332,,0.0,0.0,0.0,,0.0,"{""task_accepted_early"":720}",{}
ur5e,high_utilization/alpha=0.5,fixed_qp1,240,240,3,"[240,240,240]","[240,240,240]",240.0,1.0,1.0,240,0,0.3957465,0.4893908,0.5476161299999998,0.3856058236111111,92.54539766666666,0,0.0009056827742259533,0.0009952125812292812,0.004216778560067789,0.007299763647400665,0.9056827742259533,0.05416666666666667,9.431722577404656e-05,0.004509867699932211,0.9999999999990026,1.7333333333333334,2.7333333333333334,0.26666666666666666,0.7333333333333333,0.0,0.0,0.0,1.7333333333333334,"{""native_task_candidate"":720}",{}
ur5e,high_utilization/alpha=0.5,fixed_qp2,240,240,3,"[240,240,240]","[240,240,240]",240.0,1.0,1.0,240,0,0.5307379999999999,0.6665748,0.7583889599999999,0.4941186416666666,118.58847399999998,0,0.000909787413435146,0.0009952125812292812,0.00422406134417858,0.007299763647400665,0.909787413435146,0.058333333333333334,9.02125865648526e-05,0.004502584915821419,0.9999999999990026,1.7333333333333334,3.470833333333333,0.26666666666666666,0.7333333333333333,0.7333333333333333,0.0,0.0,2.470833333333333,"{""native_task_candidate"":720}",{}
ur5e,high_utilization/alpha=0.95,relative,240,240,3,"[240,240,240]","[240,240,240]",240.0,1.0,1.0,240,0,0.4242225,0.5178586499999999,0.5996713099999985,0.41354741666666667,99.25138,0,0.0009172410932562859,0.0009996388208158363,0.006579932242804205,0.008350284868249262,0.9172410932562859,0.07083333333333333,8.275890674371387e-05,0.0021467140171957926,0.9999999999990026,1.7583333333333333,2.7916666666666665,0.25,0.75,0.004166666666666667,0.75,0.994535519125683,1.7916666666666667,"{""native_task_candidate"":720}",{}
ur5e,high_utilization/alpha=0.95,gn,240,240,3,"[239,239,239]","[239,239,239]",239.0,0.9958333333333333,0.9958333333333333,239,1,0.41442100000000004,0.5063847,0.5782519099999998,0.42189208472222217,101.25410033333333,0,0.0009138901602210417,0.0009996388208158363,0.0064395943336201964,0.00793850310700434,0.9138901602210416,0.06694560669456066,8.610983977895805e-05,0.0022870519263797923,0.9999999999990026,2.8125,5.8875,,,,,,,"{""task_candidate"":717,""stationary"":3}","{""position_tolerance"":3}"
ur5e,high_utilization/alpha=0.95,tight,240,240,3,"[240,240,240]","[240,240,240]",240.0,1.0,1.0,240,0,0.796322,2.269724,2.4905988299999993,1.0057425833333333,241.37822000000003,0,0.000934358027998074,0.0009996388208158363,0.006588168519594812,0.008601792865934543,0.9354887368016471,0.1,6.564197200192605e-05,0.002138477740405186,0.9999999999990026,1.7041666666666666,7.3375,0.25,0.75,0.7458333333333333,0.0,0.0,6.341666666666667,"{""native_task_candidate"":720}",{}
ur5e,high_utilization/alpha=0.95,clarabel,240,240,3,"[240,240,240]","[240,240,240]",240.0,1.0,1.0,240,0,0.6198874999999999,0.7348546499999999,0.853412919999999,0.557934975,133.904394,0,0.0009292935725542588,0.0009996388208158363,0.006642352796791701,0.00857143185981126,0.9292935725542587,0.0875,7.070642744574106e-05,0.0020842934632082926,0.9999999999990026,1.7291666666666667,3.4875,0.25,0.75,0.75,0.0,0.0,2.4875,"{""native_task_candidate"":720}",{}
ur5e,high_utilization/alpha=0.95,range_loss_matched,240,240,3,"[235,235,235]","[235,235,235]",235.0,0.9791666666666666,0.9791666666666666,235,5,2.647547,5.7652537,6.988370269999998,2.8327486069444445,679.8596656666667,0,0.0009725950408665405,0.0009994813626533943,0.008626188646438373,0.008711372438943928,0.9932437335736862,0.39148936170212767,2.7404959133459352e-05,0.00010045761356162519,0.9999999999990026,16.316666666666666,39.49583333333333,,0.0,0.0,0.0,,0.0,"{""task_accepted_early"":705,""optimizer:CONVERGENCE: RELATIVE REDUCTION OF F <= FACTR*EPSMCH"":15}","{""position_tolerance+orientation_tolerance"":9,""orientation_tolerance"":6}"
ur5e,high_utilization/alpha=0.95,direct_sqp,240,240,3,"[240,240,240]","[240,240,240]",240.0,1.0,1.0,240,0,2.343731,2.86135255,3.0169813599999995,2.3687227222222225,568.4934533333334,0,0.0009999999844677399,0.0009999999978427929,0.008726646114577678,0.008726646239757422,0.9999999910774786,1.0,1.5532260146024907e-11,1.454223223611162e-10,0.9999999999990026,17.895833333333332,30.533333333333335,,0.0,0.0,0.0,,0.0,"{""task_accepted_early"":720}",{}
ur5e,high_utilization/alpha=0.95,fixed_qp1,240,240,3,"[239,239,239]","[239,239,239]",239.0,0.9958333333333333,0.9958333333333333,239,1,0.400485,0.49441005,0.5813166099999993,0.4072748638888889,97.74596733333334,0,0.0009138901602210417,0.0009996388208158363,0.0064395943336201964,0.00793850310700434,0.9138901602210416,0.06694560669456066,8.610983977895805e-05,0.0022870519263797923,0.9999999999990026,1.8041666666666667,3.125,0.25,0.75,0.0,0.0,0.0,1.8041666666666667,"{""native_task_candidate"":717,""no_descent"":3}","{""position_tolerance"":3}"
ur5e,high_utilization/alpha=0.95,fixed_qp2,240,240,3,"[240,240,240]","[240,240,240]",240.0,1.0,1.0,240,0,0.529739,0.6654643499999999,0.7622571799999999,0.5072167402777777,121.73201766666666,0,0.0009287151079302975,0.0009996388208158363,0.0066327920719035415,0.00793850310700434,0.9287151079302974,0.08333333333333333,7.128489206970253e-05,0.0020938541880964577,0.9999999999990026,1.7666666666666666,3.6666666666666665,0.25,0.75,0.75,0.0,0.0,2.55,"{""native_task_candidate"":720}",{}
ur5e,multijoint_boundary/alpha=0.0,relative,240,240,3,"[240,240,240]","[240,240,240]",240.0,1.0,1.0,240,0,0.5010209999999999,0.5766772499999999,0.60954369,0.47373016111111116,113.69523866666668,0,0.0008361137821647859,0.000982878421843687,0.006245569759761671,0.008473255651982247,0.8955802099359003,0.041666666666666664,0.0001638862178352138,0.002481076500238327,0.9999999999990026,1.7958333333333334,2.7958333333333334,0.20833333333333334,0.7916666666666666,0.0,0.7916666666666666,1.0,1.7958333333333334,"{""native_task_candidate"":720}",{}
ur5e,multijoint_boundary/alpha=0.0,gn,240,240,3,"[240,240,240]","[240,240,240]",240.0,1.0,1.0,240,0,0.49289700000000003,0.5643586999999999,0.59739664,0.47234047916666666,113.361715,0,0.0008361137821647859,0.000982878421843687,0.006245569759761671,0.008473255651982247,0.8955802099359003,0.041666666666666664,0.0001638862178352138,0.002481076500238327,0.9999999999990026,2.7958333333333334,5.591666666666667,,,,,,,"{""task_candidate"":720}",{}
ur5e,multijoint_boundary/alpha=0.0,tight,240,240,3,"[240,240,240]","[240,240,240]",240.0,1.0,1.0,240,0,1.1969485,2.3112174499999996,2.658695259999999,1.2161783277777778,291.8827986666667,0,0.0008992003313322975,0.0009973610075970129,0.006397051193196281,0.008473255651982247,0.9266562898834804,0.0625,0.00010079966866770205,0.002329595066803716,0.9999999999990026,1.7416666666666667,7.629166666666666,0.20833333333333334,0.7916666666666666,0.7916666666666666,0.0,0.0,6.629166666666666,"{""native_task_candidate"":720}",{}
ur5e,multijoint_boundary/alpha=0.0,clarabel,240,240,3,"[240,240,240]","[240,240,240]",240.0,1.0,1.0,240,0,0.7026654999999999,0.7979134999999999,0.83337927,0.6350728597222222,152.41748633333333,0,0.0008964449976225415,0.0009973596261167823,0.006312187619485735,0.008473255651982247,0.9185686709274354,0.058333333333333334,0.0001035550023774584,0.002414458640514262,0.9999999999990026,1.7791666666666666,3.575,0.20833333333333334,0.7916666666666666,0.7916666666666666,0.0,0.0,2.575,"{""native_task_candidate"":720}",{}
ur5e,multijoint_boundary/alpha=0.0,range_loss_matched,240,240,3,"[240,240,240]","[240,240,240]",240.0,1.0,1.0,240,0,1.844818,4.7702313499999995,6.61323103,2.096572084722222,503.1773003333333,0,0.0009434747107013552,0.0009999815383528814,0.008297825707170275,0.008687659663143108,0.9772690980655333,0.15833333333333333,5.65252892986446e-05,0.00042882055282972395,0.9999999999990026,12.9875,27.608333333333334,,0.0,0.0,0.0,,0.0,"{""task_accepted_early"":720}",{}
ur5e,multijoint_boundary/alpha=0.0,direct_sqp,240,240,3,"[240,240,240]","[240,240,240]",240.0,1.0,1.0,240,0,2.3322465,2.8355207999999994,3.1335984,2.333095236111111,559.9428566666667,0,0.0009999999891118967,0.000999999997380104,0.00872664609707897,0.008726646222146993,0.9999999904509105,1.0,1.0888103255373567e-11,1.6292103109313842e-10,0.9999999999990026,17.625,29.683333333333334,,0.0,0.0,0.0,,0.0,"{""task_accepted_early"":720}",{}
ur5e,multijoint_boundary/alpha=0.0,fixed_qp1,240,240,3,"[240,240,240]","[240,240,240]",240.0,1.0,1.0,240,0,0.47439699999999996,0.5528101,0.5789442099999998,0.45148424027777784,108.35621766666668,0,0.0008361137821647859,0.000982878421843687,0.006245569759761671,0.008473255651982247,0.8955802099359003,0.041666666666666664,0.0001638862178352138,0.002481076500238327,0.9999999999990026,1.7958333333333334,2.7958333333333334,0.20833333333333334,0.7916666666666666,0.0,0.0,0.0,1.7958333333333334,"{""native_task_candidate"":720}",{}
ur5e,multijoint_boundary/alpha=0.0,fixed_qp2,240,240,3,"[240,240,240]","[240,240,240]",240.0,1.0,1.0,240,0,0.642944,0.7327354,0.8084274299999994,0.5852031791666666,140.44876299999999,0,0.0008690763112606261,0.000982878421843687,0.006312187619485735,0.008473255651982247,0.9095073524098286,0.05416666666666667,0.00013092368873937274,0.002414458640514262,0.9999999999990026,1.775,3.5708333333333333,0.20833333333333334,0.7916666666666666,0.7916666666666666,0.0,0.0,2.5708333333333333,"{""native_task_candidate"":720}",{}
ur5e,multijoint_boundary/alpha=0.5,relative,240,240,3,"[240,240,240]","[240,240,240]",240.0,1.0,1.0,240,0,0.48441900000000004,0.54544035,0.60943024,0.4623136888888889,110.95528533333334,0,0.0008269027341586871,0.0009825409970851667,0.005338380385436573,0.008125583192443787,0.8690377989708301,0.0375,0.0001730972658413129,0.0033882658745633945,0.9999999999990026,1.825,2.825,0.17916666666666667,0.8208333333333333,0.0,0.8208333333333333,1.0,1.825,"{""native_task_candidate"":720}",{}
ur5e,multijoint_boundary/alpha=0.5,gn,240,240,3,"[240,240,240]","[240,240,240]",240.0,1.0,1.0,240,0,0.47301150000000003,0.5341767,0.5820733199999997,0.45937276388888887,110.24946333333332,0,0.0008269027341586871,0.0009825409970851667,0.005338380385436573,0.008125583192443787,0.8690377989708301,0.0375,0.0001730972658413129,0.0033882658745633945,0.9999999999990026,2.825,5.65,,,,,,,"{""task_candidate"":720}",{}
ur5e,multijoint_boundary/alpha=0.5,tight,240,240,3,"[240,240,240]","[240,240,240]",240.0,1.0,1.0,240,0,1.1569235,2.3189113,2.7056805299999995,1.2376832083333333,297.04397,0,0.0008766052513444005,0.0009918948961257835,0.006210447918445309,0.008337072071457514,0.9206687065109755,0.0625,0.00012339474865559797,0.0025161983415546885,0.9999999999990026,1.7875,7.833333333333333,0.17916666666666667,0.8208333333333333,0.8208333333333333,0.0,0.0,6.833333333333333,"{""native_task_candidate"":720}",{}
ur5e,multijoint_boundary/alpha=0.5,clarabel,240,240,3,"[240,240,240]","[240,240,240]",240.0,1.0,1.0,240,0,0.6964505,0.7741494499999999,0.8691462999999987,0.6405785624999999,153.73885499999997,0,0.0008294779233203966,0.0009825409970851667,0.00626018121890526,0.008337057692791373,0.8758522573717257,0.04583333333333333,0.00017052207667960257,0.0024664650410947363,0.9999999999990026,1.8125,3.6375,0.17916666666666667,0.8208333333333333,0.8208333333333333,0.0,0.0,2.6375,"{""native_task_candidate"":720}",{}
ur5e,multijoint_boundary/alpha=0.5,range_loss_matched,240,240,3,"[235,235,235]","[235,235,235]",235.0,0.9791666666666666,0.9791666666666666,235,5,1.7029614999999998,4.639257099999999,6.0795488699999956,2.0441037597222222,490.58490233333333,0,0.0009558442057154012,0.0009979563523728916,0.008371668697746072,0.008705982094644607,0.9788893077168926,0.2,4.415579428459871e-05,0.0003549775622539266,0.9999999999990026,12.779166666666667,26.770833333333332,,0.0,0.0,0.0,,0.0,"{""task_accepted_early"":705,""optimizer:CONVERGENCE: RELATIVE REDUCTION OF F <= FACTR*EPSMCH"":15}","{""position_tolerance+orientation_tolerance"":9,""orientation_tolerance"":6}"
ur5e,multijoint_boundary/alpha=0.5,direct_sqp,240,240,3,"[240,240,240]","[240,240,240]",240.0,1.0,1.0,240,0,2.34972,2.8029881499999996,3.0596772299999975,2.3322054722222223,559.7293133333334,0,0.0009999999902779051,0.000999999999893063,0.008726646078404414,0.008726646213849268,0.9999999929785272,1.0,9.722094841419646e-12,1.8159558518374148e-10,0.9999999999990026,17.65,29.758333333333333,,0.0,0.0,0.0,,0.0,"{""task_accepted_early"":720}",{}
ur5e,multijoint_boundary/alpha=0.5,fixed_qp1,240,240,3,"[240,240,240]","[240,240,240]",240.0,1.0,1.0,240,0,0.456428,0.5146925999999998,0.5563293799999998,0.4396180236111111,105.50832566666666,0,0.0008269027341586871,0.0009825409970851667,0.005338380385436573,0.008125583192443787,0.8690377989708301,0.0375,0.0001730972658413129,0.0033882658745633945,0.9999999999990026,1.825,2.825,0.17916666666666667,0.8208333333333333,0.0,0.0,0.0,1.825,"{""native_task_candidate"":720}",{}
ur5e,multijoint_boundary/alpha=0.5,fixed_qp2,240,240,3,"[240,240,240]","[240,240,240]",240.0,1.0,1.0,240,0,0.6246835,0.7029240999999999,0.77335059,0.5793238277777777,139.03771866666665,0,0.0008488881356941644,0.0009918948961257835,0.006168495803128853,0.008125583192443787,0.8758522573717257,0.04583333333333333,0.00015111186430583477,0.0025581504568711454,0.9999999999990026,1.8125,3.6375,0.17916666666666667,0.8208333333333333,0.8208333333333333,0.0,0.0,2.6375,"{""native_task_candidate"":720}",{}
ur5e,multijoint_boundary/alpha=0.95,relative,240,240,3,"[240,240,240]","[240,240,240]",240.0,1.0,1.0,240,0,0.48687400000000003,0.6450298499999998,1.8920368699999994,0.5153185930555555,123.67646233333333,0,0.0009574229738323232,0.0009990380064297897,0.00840176157029424,0.008698925242337207,0.9741130470020746,0.3125,4.257702616767671e-05,0.00032488468970576,0.9999999999990026,1.95,3.175,0.09583333333333334,0.9041666666666667,0.04583333333333333,0.9041666666666667,0.9539748953974896,2.175,"{""native_task_candidate"":720}",{}
ur5e,multijoint_boundary/alpha=0.95,gn,240,240,3,"[229,229,229]","[229,229,229]",229.0,0.9541666666666667,0.9541666666666667,229,11,0.4763615,0.6070528499999996,3.710753179999999,0.6030440972222222,144.73058333333333,0,0.0009492109984223538,0.00098510708773745,0.008360203679606173,0.008698925242337207,0.9725608458738964,0.2794759825327511,5.0789001577646194e-05,0.00036644258039382656,0.9999999999990026,3.408333333333333,9.591666666666667,,,,,,,"{""task_candidate"":687,""stationary"":30,""no_descent"":3}","{""orientation_tolerance"":24,""position_tolerance"":9}"
ur5e,multijoint_boundary/alpha=0.95,tight,240,240,3,"[240,240,240]","[240,240,240]",240.0,1.0,1.0,240,0,1.2788875000000002,2.58000405,4.1084973399999996,1.3912959638888889,333.9110313333333,0,0.0009657747624001783,0.000999635481112774,0.008411652948014938,0.00869738534923897,0.9811999627377256,0.32916666666666666,3.422523759982155e-05,0.00031499331198506177,0.9999999999990026,1.8708333333333333,8.825,0.09583333333333334,0.9041666666666667,0.9041666666666667,0.0,0.0,7.825,"{""native_task_candidate"":720}",{}
ur5e,multijoint_boundary/alpha=0.95,clarabel,240,240,3,"[240,240,240]","[240,240,240]",240.0,1.0,1.0,240,0,0.7026654999999999,0.89945035,1.0256257499999997,0.6837670069444445,164.10408166666667,0,0.0009439497016396196,0.00098510708773745,0.008350948127455373,0.00869738487721779,0.9691952172957795,0.3125,5.605029836038022e-05,0.000375698132544627,0.9999999999990026,1.8916666666666666,3.8541666666666665,0.09583333333333334,0.9041666666666667,0.9041666666666667,0.0,0.0,2.8541666666666665,"{""native_task_candidate"":720}",{}
ur5e,multijoint_boundary/alpha=0.95,range_loss_matched,240,240,3,"[224,224,224]","[224,224,224]",224.0,0.9333333333333333,0.9333333333333333,224,16,2.1158835,4.862338449999997,7.721358589999993,2.2694605652777775,544.6705356666666,0,0.0009858520553167479,0.0009988916939768315,0.008618256160651669,0.008722628752025046,0.992100762699961,0.7232142857142857,1.4147944683252141e-05,0.00010839009934833152,0.9999999999990026,15.241666666666667,30.154166666666665,,0.0,0.0,0.0,,0.0,"{""task_accepted_early"":672,""optimizer:CONVERGENCE: RELATIVE REDUCTION OF F <= FACTR*EPSMCH"":39,""optimizer:CONVERGENCE: NORM OF PROJECTED GRADIENT <= PGTOL"":9}","{""position_tolerance"":15,""position_tolerance+orientation_tolerance"":9,""orientation_tolerance"":24}"
ur5e,multijoint_boundary/alpha=0.95,direct_sqp,240,240,3,"[240,240,240]","[240,240,240]",240.0,1.0,1.0,240,0,2.3446355,2.8345971,2.9737571599999995,2.349173198611111,563.8015676666666,0,0.000999999980703966,0.0009999999979513287,0.00872664611893775,0.008726646245641194,0.9999999883782248,1.0,1.9296034008912256e-11,1.4106225102936133e-10,0.9999999999990026,17.691666666666666,29.9375,,0.0,0.0,0.0,,0.0,"{""task_accepted_early"":720}",{}
ur5e,multijoint_boundary/alpha=0.95,fixed_qp1,240,240,3,"[229,229,229]","[229,229,229]",229.0,0.9541666666666667,0.9541666666666667,229,11,0.4581275,0.5849643999999997,4.42864742,0.5470256708333333,131.286161,0,0.0009492109984223538,0.00098510708773745,0.008360203679606173,0.008698925242337207,0.9725608458738964,0.2794759825327511,5.0789001577646194e-05,0.00036644258039382656,0.9999999999990026,2.2666666666666666,4.866666666666666,0.09583333333333334,0.9041666666666667,0.0,0.0,0.0,2.2666666666666666,"{""native_task_candidate"":687,""stationary"":18,""no_descent"":15}","{""orientation_tolerance"":24,""position_tolerance"":9}"
ur5e,multijoint_boundary/alpha=0.95,fixed_qp2,240,240,3,"[236,236,236]","[236,236,236]",236.0,0.9833333333333333,0.9833333333333333,236,4,0.630603,0.7753010999999993,3.824408429999999,0.6790495791666668,162.971899,0,0.0009598960539757507,0.000990985517614578,0.008427905192190239,0.008722127094528657,0.9746590604541125,0.3135593220338983,4.0103946024249286e-05,0.00029874106780976127,0.9999999999990026,2.075,4.770833333333333,0.09583333333333334,0.9041666666666667,0.9041666666666667,0.0,0.0,3.216666666666667,"{""native_task_candidate"":708,""stationary"":12}","{""position_tolerance"":3,""orientation_tolerance"":9}"
ur5e,ordinary/regular/alpha=0.0,relative,80,80,3,"[80,80,80]","[80,80,80]",80.0,1.0,1.0,80,0,0.2643835,0.29296525,0.30587204999999995,0.26914388750000007,21.531511000000005,0,0.00046202240310030615,0.0007836142707460561,0.0006123069506695509,0.0011357939680174676,0.4620224031003062,0.0,0.0005379775968996929,0.008114339309330448,0.7142410314893409,1.0,2.0,1.0,0.0,0.0,0.0,,1.0,"{""native_task_candidate"":240}",{}
ur5e,ordinary/regular/alpha=0.0,gn,80,80,3,"[80,80,80]","[80,80,80]",80.0,1.0,1.0,80,0,0.291437,0.3194507,0.3369184499999998,0.29584540416666666,23.667632333333334,0,0.00046202240310030615,0.0007836142707460561,0.0006123069506695509,0.0011357939680174676,0.4620224031003062,0.0,0.0005379775968996929,0.008114339309330448,0.7142410314893409,2.0,4.0,,,,,,,"{""task_candidate"":240}",{}
ur5e,ordinary/regular/alpha=0.0,tight,80,80,3,"[80,80,80]","[80,80,80]",80.0,1.0,1.0,80,0,0.26272700000000004,0.29307714999999995,0.31335769999999996,0.2679170333333334,21.43336266666667,0,0.00046202240310030615,0.0007836142707460561,0.0006123069506695509,0.0011357939680174676,0.4620224031003062,0.0,0.0005379775968996929,0.008114339309330448,0.7142410314893409,1.0,2.0,1.0,0.0,0.0,0.0,,1.0,"{""native_task_candidate"":240}",{}
ur5e,ordinary/regular/alpha=0.0,clarabel,80,80,3,"[80,80,80]","[80,80,80]",80.0,1.0,1.0,80,0,0.26713549999999997,0.29296195,0.30825264999999985,0.2711595958333333,21.692767666666665,0,0.00046202240310030615,0.0007836142707460561,0.0006123069506695509,0.0011357939680174676,0.4620224031003062,0.0,0.0005379775968996929,0.008114339309330448,0.7142410314893409,1.0,2.0,1.0,0.0,0.0,0.0,,1.0,"{""native_task_candidate"":240}",{}
ur5e,ordinary/regular/alpha=0.0,range_loss_matched,80,80,3,"[80,80,80]","[80,80,80]",80.0,1.0,1.0,80,0,1.4960375,3.1247367499999967,4.454493689999988,1.65218725,132.17498,0,0.0009223604268742633,0.0009614395509123396,0.008447203407391914,0.0086814856709782,0.9679782078610248,0.3,7.763957312573641e-05,0.00027944285260808475,0.6068991247177605,7.5,20.875,,0.0,0.0,0.0,,0.0,"{""task_accepted_early"":240}",{}
ur5e,ordinary/regular/alpha=0.0,direct_sqp,80,80,3,"[80,80,80]","[80,80,80]",80.0,1.0,1.0,80,0,1.5499209999999999,2.0906591,2.16550756,1.5603620291666667,124.82896233333334,0,0.0009999999889211985,0.0009999999930238536,0.008726646044839345,0.008726646223674674,0.999999990895796,1.0,1.1078801439613762e-11,2.1516065526472342e-10,0.4913717901881446,11.2375,17.8,,0.0,0.0,0.0,,0.0,"{""task_accepted_early"":240}",{}
ur5e,ordinary/regular/alpha=0.0,fixed_qp1,80,80,3,"[80,80,80]","[80,80,80]",80.0,1.0,1.0,80,0,0.263621,0.28898205,0.3064790299999999,0.2673827416666666,21.39061933333333,0,0.00046202240310030615,0.0007836142707460561,0.0006123069506695509,0.0011357939680174676,0.4620224031003062,0.0,0.0005379775968996929,0.008114339309330448,0.7142410314893409,1.0,2.0,1.0,0.0,0.0,0.0,,1.0,"{""native_task_candidate"":240}",{}
ur5e,ordinary/regular/alpha=0.0,fixed_qp2,80,80,3,"[80,80,80]","[80,80,80]",80.0,1.0,1.0,80,0,0.2628515,0.29088635,0.3122371,0.2673650791666667,21.389206333333334,0,0.00046202240310030615,0.0007836142707460561,0.0006123069506695509,0.0011357939680174676,0.4620224031003062,0.0,0.0005379775968996929,0.008114339309330448,0.7142410314893409,1.0,2.0,1.0,0.0,0.0,0.0,,1.0,"{""native_task_candidate"":240}",{}
ur5e,ordinary/regular/alpha=0.5,relative,80,80,3,"[80,80,80]","[80,80,80]",80.0,1.0,1.0,80,0,0.2654575,0.29191815,0.31169249999999993,0.26962885416666665,21.570308333333333,0,0.00045032169096460145,0.0006913258119855938,0.0007575614717800916,0.0010961139537234187,0.45032169096460145,0.0,0.0005496783090353977,0.007969084788219907,0.9999999999989999,1.0,2.0,1.0,0.0,0.0,0.0,,1.0,"{""native_task_candidate"":240}",{}
ur5e,ordinary/regular/alpha=0.5,gn,80,80,3,"[80,80,80]","[80,80,80]",80.0,1.0,1.0,80,0,0.294993,0.32107179999999996,0.33618932999999984,0.2976111666666667,23.808893333333334,0,0.00045032169096460145,0.0006913258119855938,0.0007575614717800916,0.0010961139537234187,0.45032169096460145,0.0,0.0005496783090353977,0.007969084788219907,0.9999999999989999,2.0,4.0,,,,,,,"{""task_candidate"":240}",{}
ur5e,ordinary/regular/alpha=0.5,tight,80,80,3,"[80,80,80]","[80,80,80]",80.0,1.0,1.0,80,0,0.262951,0.29343620000000004,0.30889168999999994,0.2669291416666667,21.354331333333334,0,0.00045032169096460145,0.0006913258119855938,0.0007575614717800916,0.0010961139537234187,0.45032169096460145,0.0,0.0005496783090353977,0.007969084788219907,0.9999999999989999,1.0,2.0,1.0,0.0,0.0,0.0,,1.0,"{""native_task_candidate"":240}",{}
ur5e,ordinary/regular/alpha=0.5,clarabel,80,80,3,"[80,80,80]","[80,80,80]",80.0,1.0,1.0,80,0,0.26666599999999996,0.296411,0.3120831799999999,0.27020754583333334,21.616603666666666,0,0.00045032169096460145,0.0006913258119855938,0.0007575614717800916,0.0010961139537234187,0.45032169096460145,0.0,0.0005496783090353977,0.007969084788219907,0.9999999999989999,1.0,2.0,1.0,0.0,0.0,0.0,,1.0,"{""native_task_candidate"":240}",{}
ur5e,ordinary/regular/alpha=0.5,range_loss_matched,80,80,3,"[80,80,80]","[80,80,80]",80.0,1.0,1.0,80,0,1.5275215,2.7720811999999877,4.302785069999989,1.6350455583333334,130.80364466666666,0,0.0009776227365632733,0.0009984712709000683,0.008603240971243244,0.008710084708794743,0.9950167720678005,0.35,2.2377263436726795e-05,0.00012340528875675585,0.7097398933026269,7.2625,20.6125,,0.0,0.0,0.0,,0.0,"{""task_accepted_early"":240}",{}
ur5e,ordinary/regular/alpha=0.5,direct_sqp,80,80,3,"[80,80,80]","[80,80,80]",80.0,1.0,1.0,80,0,1.571386,2.1285985,2.19812838,1.5965786,127.726288,0,0.0009999999779308245,0.0009999999894684886,0.008726646047716847,0.008726646156501256,0.9999999846272957,1.0,2.2069175393407694e-11,2.122831529484393e-10,0.517609828540342,11.45,18.2375,,0.0,0.0,0.0,,0.0,"{""task_accepted_early"":240}",{}
ur5e,ordinary/regular/alpha=0.5,fixed_qp1,80,80,3,"[80,80,80]","[80,80,80]",80.0,1.0,1.0,80,0,0.2652685,0.29581665,0.30768528999999994,0.26944616250000003,21.555693,0,0.00045032169096460145,0.0006913258119855938,0.0007575614717800916,0.0010961139537234187,0.45032169096460145,0.0,0.0005496783090353977,0.007969084788219907,0.9999999999989999,1.0,2.0,1.0,0.0,0.0,0.0,,1.0,"{""native_task_candidate"":240}",{}
ur5e,ordinary/regular/alpha=0.5,fixed_qp2,80,80,3,"[80,80,80]","[80,80,80]",80.0,1.0,1.0,80,0,0.2657835,0.294441,0.30747315,0.2696262291666667,21.570098333333334,0,0.00045032169096460145,0.0006913258119855938,0.0007575614717800916,0.0010961139537234187,0.45032169096460145,0.0,0.0005496783090353977,0.007969084788219907,0.9999999999989999,1.0,2.0,1.0,0.0,0.0,0.0,,1.0,"{""native_task_candidate"":240}",{}
ur5e,ordinary/regular/alpha=0.95,relative,80,80,3,"[80,80,80]","[80,80,80]",80.0,1.0,1.0,80,0,0.265606,0.2923108,0.30417094,0.26962649166666675,21.570119333333338,0,0.0004509297541858237,0.0007316153986156753,0.0011155404383408072,0.0038248001899381682,0.4509297541858237,0.0,0.0005490702458141759,0.007611105821659189,0.9999999999990026,1.0,2.0,1.0,0.0,0.0,0.0,,1.0,"{""native_task_candidate"":240}",{}
ur5e,ordinary/regular/alpha=0.95,gn,80,80,3,"[80,80,80]","[80,80,80]",80.0,1.0,1.0,80,0,0.29218299999999997,0.32133535,0.3461653099999998,0.2965354083333333,23.722832666666665,0,0.0004509297541858237,0.0007316153986156753,0.0011155404383408072,0.0038248001899381682,0.4509297541858237,0.0,0.0005490702458141759,0.007611105821659189,0.9999999999990026,2.0,4.0,,,,,,,"{""task_candidate"":240}",{}
ur5e,ordinary/regular/alpha=0.95,tight,80,80,3,"[80,80,80]","[80,80,80]",80.0,1.0,1.0,80,0,0.26492150000000003,0.2920781,0.31034341,0.26879145000000004,21.503316,0,0.0004509297541858237,0.0007316153986156753,0.0011155404383408072,0.0038248001899381682,0.4509297541858237,0.0,0.0005490702458141759,0.007611105821659189,0.9999999999990026,1.0,2.0,1.0,0.0,0.0,0.0,,1.0,"{""native_task_candidate"":240}",{}
ur5e,ordinary/regular/alpha=0.95,clarabel,80,80,3,"[80,80,80]","[80,80,80]",80.0,1.0,1.0,80,0,0.26610500000000004,0.2952159,0.30294289,0.26984176666666665,21.58734133333333,0,0.0004509297541858237,0.0007316153986156753,0.0011155404383408072,0.0038248001899381682,0.4509297541858237,0.0,0.0005490702458141759,0.007611105821659189,0.9999999999990026,1.0,2.0,1.0,0.0,0.0,0.0,,1.0,"{""native_task_candidate"":240}",{}
ur5e,ordinary/regular/alpha=0.95,range_loss_matched,80,80,3,"[79,79,79]","[79,79,79]",79.0,0.9875,0.9875,79,1,1.6493989999999998,3.033096449999999,3.504783029999998,1.7088441500000002,136.70753200000001,0,0.0009607014067950718,0.0009980778842587077,0.008593414788876392,0.008723564296448418,0.9925471415781673,0.3924050632911392,3.929859320492793e-05,0.00013323147112360783,0.668370328366813,7.8,21.8625,,0.0,0.0,0.0,,0.0,"{""task_accepted_early"":237,""optimizer:CONVERGENCE: RELATIVE REDUCTION OF F <= FACTR*EPSMCH"":3}","{""position_tolerance+orientation_tolerance"":3}"
ur5e,ordinary/regular/alpha=0.95,direct_sqp,80,80,3,"[80,80,80]","[80,80,80]",80.0,1.0,1.0,80,0,1.671181,2.1429997999999997,2.520303649999995,1.6408825041666666,131.27060033333333,0,0.0009999999899792077,0.0009999999990195684,0.008726645952258593,0.008726646055248205,0.9999999899792077,1.0,1.0020792312256949e-11,3.0774140692343963e-10,0.5283936255038008,11.875,19.075,,0.0,0.0,0.0,,0.0,"{""task_accepted_early"":240}",{}
ur5e,ordinary/regular/alpha=0.95,fixed_qp1,80,80,3,"[80,80,80]","[80,80,80]",80.0,1.0,1.0,80,0,0.264713,0.2910762,0.30708287999999995,0.268181125,21.454490000000003,0,0.0004509297541858237,0.0007316153986156753,0.0011155404383408072,0.0038248001899381682,0.4509297541858237,0.0,0.0005490702458141759,0.007611105821659189,0.9999999999990026,1.0,2.0,1.0,0.0,0.0,0.0,,1.0,"{""native_task_candidate"":240}",{}
ur5e,ordinary/regular/alpha=0.95,fixed_qp2,80,80,3,"[80,80,80]","[80,80,80]",80.0,1.0,1.0,80,0,0.264729,0.3008337,0.30796713000000003,0.2692556666666667,21.540453333333335,0,0.0004509297541858237,0.0007316153986156753,0.0011155404383408072,0.0038248001899381682,0.4509297541858237,0.0,0.0005490702458141759,0.007611105821659189,0.9999999999990026,1.0,2.0,1.0,0.0,0.0,0.0,,1.0,"{""native_task_candidate"":240}",{}
ur5e,ordinary/high_utilization/alpha=0.0,relative,80,80,3,"[80,80,80]","[80,80,80]",80.0,1.0,1.0,80,0,0.4195855,0.49437805,0.5223124899999999,0.4075558208333333,32.60446566666666,0,0.0008934208664258857,0.0009763008220758343,0.0022919632957884915,0.00550811428410475,0.8934208664258856,0.0375,0.00010657913357411433,0.006434682964211509,0.9999999999990026,1.85,2.85,0.15,0.85,0.0,0.85,1.0,1.85,"{""native_task_candidate"":240}",{}
ur5e,ordinary/high_utilization/alpha=0.0,gn,80,80,3,"[80,80,80]","[80,80,80]",80.0,1.0,1.0,80,0,0.4066875,0.4847117,0.50489785,0.40350577916666663,32.28046233333333,0,0.0008934208664258857,0.0009763008220758343,0.0022919632957884915,0.00550811428410475,0.8934208664258856,0.0375,0.00010657913357411433,0.006434682964211509,0.9999999999990026,2.85,5.7,,,,,,,"{""task_candidate"":240}",{}
ur5e,ordinary/high_utilization/alpha=0.0,tight,80,80,3,"[80,80,80]","[80,80,80]",80.0,1.0,1.0,80,0,0.7646065,2.098471749999998,2.371684659999999,0.8587215916666667,68.69772733333333,0,0.0008934208664258857,0.0009763008220758343,0.0022919632957884915,0.00550811428410475,0.8934208664258856,0.0375,0.00010657913357411433,0.006434682964211509,0.9999999999990026,1.8375,6.425,0.15,0.85,0.85,0.0,0.0,5.425,"{""native_task_candidate"":240}",{}
ur5e,ordinary/high_utilization/alpha=0.0,clarabel,80,80,3,"[80,80,80]","[80,80,80]",80.0,1.0,1.0,80,0,0.609964,0.6882803999999999,0.72448799,0.5734134458333333,45.873075666666665,0,0.0008934208664258857,0.0009763008220758343,0.0022919632957884915,0.00550811428410475,0.8934208664258856,0.0375,0.00010657913357411433,0.006434682964211509,0.9999999999990026,1.85,3.7,0.15,0.85,0.85,0.0,0.0,2.7,"{""native_task_candidate"":240}",{}
ur5e,ordinary/high_utilization/alpha=0.0,range_loss_matched,80,80,3,"[79,79,79]","[79,79,79]",79.0,0.9875,0.9875,79,1,2.68106,5.0269815,6.672634459999994,2.8867236041666664,230.9378883333333,0,0.0009722925529867464,0.000999722098893879,0.008591490173610583,0.008724474716826414,0.9915574451656173,0.46835443037974683,2.7707447013253623e-05,0.000135156086389417,0.9999999999990026,17.0375,40.45,,0.0,0.0,0.0,,0.0,"{""task_accepted_early"":237,""optimizer:CONVERGENCE: RELATIVE REDUCTION OF F <= FACTR*EPSMCH"":3}","{""position_tolerance+orientation_tolerance"":3}"
ur5e,ordinary/high_utilization/alpha=0.0,direct_sqp,80,80,3,"[80,80,80]","[80,80,80]",80.0,1.0,1.0,80,0,2.404571,2.81868165,2.9244152,2.405239020833333,192.41912166666665,0,0.0009999999885111231,0.0009999999988519726,0.008726646076727223,0.008726646255998937,0.999999988511123,1.0,1.1488876983014457e-11,1.832727764689013e-10,0.9999999999990026,18.3,31.1875,,0.0,0.0,0.0,,0.0,"{""task_accepted_early"":240}",{}
ur5e,ordinary/high_utilization/alpha=0.0,fixed_qp1,80,80,3,"[80,80,80]","[80,80,80]",80.0,1.0,1.0,80,0,0.387507,0.4640701,0.49390881000000003,0.38310879166666667,30.648703333333334,0,0.0008934208664258857,0.0009763008220758343,0.0022919632957884915,0.00550811428410475,0.8934208664258856,0.0375,0.00010657913357411433,0.006434682964211509,0.9999999999990026,1.85,2.85,0.15,0.85,0.0,0.0,0.0,1.85,"{""native_task_candidate"":240}",{}
ur5e,ordinary/high_utilization/alpha=0.0,fixed_qp2,80,80,3,"[80,80,80]","[80,80,80]",80.0,1.0,1.0,80,0,0.5268135,0.63399335,0.6600430099999999,0.5046338958333333,40.370711666666665,0,0.0008934208664258857,0.0009763008220758343,0.0022919632957884915,0.00550811428410475,0.8934208664258856,0.0375,0.00010657913357411433,0.006434682964211509,0.9999999999990026,1.85,3.7,0.15,0.85,0.85,0.0,0.0,2.7,"{""native_task_candidate"":240}",{}
ur5e,ordinary/high_utilization/alpha=0.5,relative,80,80,3,"[80,80,80]","[80,80,80]",80.0,1.0,1.0,80,0,0.422898,0.5101540499999999,0.55995712,0.4152658333333334,33.22126666666667,0,0.0008214279516047795,0.0009485506680983947,0.0018533032051900895,0.0034041768442225223,0.8214279516047794,0.0375,0.00017857204839521944,0.006873343054809905,0.9999999999990026,1.8625,2.8625,0.1375,0.8625,0.0,0.8625,1.0,1.8625,"{""native_task_candidate"":240}",{}
ur5e,ordinary/high_utilization/alpha=0.5,gn,80,80,3,"[80,80,80]","[80,80,80]",80.0,1.0,1.0,80,0,0.4074445,0.5023951,0.5424451999999998,0.40960009166666667,32.76800733333334,0,0.0008214279516047795,0.0009485506680983947,0.0018533032051900895,0.0034041768442225223,0.8214279516047794,0.0375,0.00017857204839521944,0.006873343054809905,0.9999999999990026,2.8625,5.725,,,,,,,"{""task_candidate"":240}",{}
ur5e,ordinary/high_utilization/alpha=0.5,tight,80,80,3,"[80,80,80]","[80,80,80]",80.0,1.0,1.0,80,0,0.7812655,2.2021481,2.2671980499999997,0.8829351166666667,70.63480933333334,0,0.0008214279516047795,0.0009485506680983947,0.0018533032051900895,0.0034041768442225223,0.8214279516047794,0.0375,0.00017857204839521944,0.006873343054809905,0.9999999999990026,1.85,6.5875,0.1375,0.8625,0.8625,0.0,0.0,5.5875,"{""native_task_candidate"":240}",{}
ur5e,ordinary/high_utilization/alpha=0.5,clarabel,80,80,3,"[80,80,80]","[80,80,80]",80.0,1.0,1.0,80,0,0.6176735,0.73057305,0.9219499099999998,0.5903096958333333,47.22477566666666,0,0.0008214279516047795,0.0009485506680983947,0.0018533032051900895,0.0034041768442225223,0.8214279516047794,0.0375,0.00017857204839521944,0.006873343054809905,0.9999999999990026,1.8625,3.725,0.1375,0.8625,0.8625,0.0,0.0,2.725,"{""native_task_candidate"":240}",{}
ur5e,ordinary/high_utilization/alpha=0.5,range_loss_matched,80,80,3,"[79,79,79]","[79,79,79]",79.0,0.9875,0.9875,79,1,2.7961205,5.081364549999996,6.1408743999999995,2.8352307999999997,226.81846399999998,0,0.0009525391640495006,0.0009959953423321094,0.008662698948752604,0.008700924948525103,0.9959966878777473,0.379746835443038,4.746083595049938e-05,6.394731124739625e-05,0.9999999999990026,16.05,39.1625,,0.0,0.0,0.0,,0.0,"{""task_accepted_early"":237,""optimizer:CONVERGENCE: RELATIVE REDUCTION OF F <= FACTR*EPSMCH"":3}","{""position_tolerance+orientation_tolerance"":3}"
ur5e,ordinary/high_utilization/alpha=0.5,direct_sqp,80,80,3,"[80,80,80]","[80,80,80]",80.0,1.0,1.0,80,0,2.4221785000000002,2.8146844,3.1394662199999974,2.4283417375,194.267339,0,0.0009999999877387852,0.0009999999980921594,0.008726646107325112,0.008726646256645196,0.9999999906822945,1.0,1.2261214732325194e-11,1.5267488896394956e-10,0.9999999999990026,18.35,31.2375,,0.0,0.0,0.0,,0.0,"{""task_accepted_early"":240}",{}
ur5e,ordinary/high_utilization/alpha=0.5,fixed_qp1,80,80,3,"[80,80,80]","[80,80,80]",80.0,1.0,1.0,80,0,0.3928295,0.4866305499999999,0.63822689,0.3933806875,31.470455,0,0.0008214279516047795,0.0009485506680983947,0.0018533032051900895,0.0034041768442225223,0.8214279516047794,0.0375,0.00017857204839521944,0.006873343054809905,0.9999999999990026,1.8625,2.8625,0.1375,0.8625,0.0,0.0,0.0,1.8625,"{""native_task_candidate"":240}",{}
ur5e,ordinary/high_utilization/alpha=0.5,fixed_qp2,80,80,3,"[80,80,80]","[80,80,80]",80.0,1.0,1.0,80,0,0.5263450000000001,0.6465443499999999,0.8036973799999987,0.5145816833333333,41.16653466666667,0,0.0008214279516047795,0.0009485506680983947,0.0018533032051900895,0.0034041768442225223,0.8214279516047794,0.0375,0.00017857204839521944,0.006873343054809905,0.9999999999990026,1.8625,3.725,0.1375,0.8625,0.8625,0.0,0.0,2.725,"{""native_task_candidate"":240}",{}
ur5e,ordinary/high_utilization/alpha=0.95,relative,80,80,3,"[80,80,80]","[80,80,80]",80.0,1.0,1.0,80,0,0.4232235,0.5045194,0.54351275,0.4157116083333333,33.25692866666667,0,0.00084627226252689,0.0009343009518893461,0.0030498167934184402,0.004204017058760116,0.84627226252689,0.0375,0.00015372773747310953,0.005676829466581555,0.9999999999990026,1.8625,2.8625,0.1375,0.8625,0.0,0.8625,1.0,1.8625,"{""native_task_candidate"":240}",{}
ur5e,ordinary/high_utilization/alpha=0.95,gn,80,80,3,"[80,80,80]","[80,80,80]",80.0,1.0,1.0,80,0,0.411233,0.48866334999999994,0.5212603999999997,0.40947502083333326,32.758001666666665,0,0.00084627226252689,0.0009343009518893461,0.0030498167934184402,0.004204017058760116,0.84627226252689,0.0375,0.00015372773747310953,0.005676829466581555,0.9999999999990026,2.8625,5.725,,,,,,,"{""task_candidate"":240}",{}
ur5e,ordinary/high_utilization/alpha=0.95,tight,80,80,3,"[80,80,80]","[80,80,80]",80.0,1.0,1.0,80,0,0.77732,2.26889675,2.413321729999999,0.9779683625,78.23746899999999,0,0.000917241093256286,0.0009694385239711336,0.0032304868734419237,0.004227904338142421,0.9172410932562861,0.0625,8.275890674371385e-05,0.005496159386558075,0.9999999999990026,1.825,7.375,0.1375,0.8625,0.8625,0.0,0.0,6.375,"{""native_task_candidate"":240}",{}
ur5e,ordinary/high_utilization/alpha=0.95,clarabel,80,80,3,"[80,80,80]","[80,80,80]",80.0,1.0,1.0,80,0,0.6162625,0.71122595,0.8320686399999997,0.5864185666666667,46.913485333333334,0,0.0008779551237628829,0.0009879740564437203,0.0032304868407396457,0.004227903745252018,0.8779551237628829,0.05,0.00012204487623711642,0.005496159419260353,0.9999999999990026,1.85,3.7125,0.1375,0.8625,0.8625,0.0,0.0,2.7125,"{""native_task_candidate"":240}",{}
ur5e,ordinary/high_utilization/alpha=0.95,range_loss_matched,80,80,3,"[79,79,79]","[79,79,79]",79.0,0.9875,0.9875,79,1,2.7480580000000003,5.865317499999999,6.918615769999998,3.0081363374999994,240.65090699999996,0,0.0009462554345445664,0.0009890306709369606,0.008530524272390282,0.008703966191164068,0.9893793088212512,0.3291139240506329,5.374456545543348e-05,0.0001961219876097175,0.9999999999990026,16.4,42.375,,0.0,0.0,0.0,,0.0,"{""task_accepted_early"":237,""optimizer:CONVERGENCE: RELATIVE REDUCTION OF F <= FACTR*EPSMCH"":3}","{""position_tolerance+orientation_tolerance"":3}"
ur5e,ordinary/high_utilization/alpha=0.95,direct_sqp,80,80,3,"[80,80,80]","[80,80,80]",80.0,1.0,1.0,80,0,2.4485585,2.87286655,3.0175597399999985,2.4338187208333335,194.70549766666667,0,0.0009999999849458878,0.0009999999978427929,0.008726646122312137,0.00872664622512953,0.999999994551238,1.0,1.505411235122947e-11,1.3768786276055495e-10,0.9999999999990026,18.425,31.6875,,0.0,0.0,0.0,,0.0,"{""task_accepted_early"":240}",{}
ur5e,ordinary/high_utilization/alpha=0.95,fixed_qp1,80,80,3,"[80,80,80]","[80,80,80]",80.0,1.0,1.0,80,0,0.3980475,0.4714719499999999,0.5129371399999998,0.39523014166666665,31.61841133333333,0,0.00084627226252689,0.0009343009518893461,0.0030498167934184402,0.004204017058760116,0.84627226252689,0.0375,0.00015372773747310953,0.005676829466581555,0.9999999999990026,1.8625,2.8625,0.1375,0.8625,0.0,0.0,0.0,1.8625,"{""native_task_candidate"":240}",{}
ur5e,ordinary/high_utilization/alpha=0.95,fixed_qp2,80,80,3,"[80,80,80]","[80,80,80]",80.0,1.0,1.0,80,0,0.528609,0.62062105,0.6500996899999997,0.5074242541666667,40.593940333333336,0,0.000917241093256286,0.0009694385239712079,0.0031690496495782846,0.004229441512981548,0.9172410932562861,0.0625,8.275890674371385e-05,0.005557596610421713,0.9999999999990026,1.8375,3.7,0.1375,0.8625,0.8625,0.0,0.0,2.7,"{""native_task_candidate"":240}",{}
ur5e,ordinary/multijoint_boundary/alpha=0.0,relative,80,80,3,"[80,80,80]","[80,80,80]",80.0,1.0,1.0,80,0,0.5044075,0.57453085,0.61503879,0.4883706416666667,39.06965133333333,0,0.0006214185420655743,0.0009578908532268466,0.004863067118939584,0.008389945071378364,0.6289511833568843,0.025,0.00037858145793442564,0.003863579141060409,0.9999999999990026,1.9,2.9,0.1125,0.8875,0.0,0.8875,1.0,1.9,"{""native_task_candidate"":240}",{}
ur5e,ordinary/multijoint_boundary/alpha=0.0,gn,80,80,3,"[80,80,80]","[80,80,80]",80.0,1.0,1.0,80,0,0.4923625,0.5608138,0.5974841799999999,0.4823379791666667,38.58703833333333,0,0.0006214185420655743,0.0009578908532268466,0.004863067118939584,0.008389945071378364,0.6289511833568843,0.025,0.00037858145793442564,0.003863579141060409,0.9999999999990026,2.9,5.8,,,,,,,"{""task_candidate"":240}",{}
ur5e,ordinary/multijoint_boundary/alpha=0.0,tight,80,80,3,"[80,80,80]","[80,80,80]",80.0,1.0,1.0,80,0,1.267207,2.2950630999999997,2.69526229,1.279804445833333,102.38435566666665,0,0.0008563391873299224,0.0009822151909006092,0.006030027311734856,0.008389945071378364,0.9580671548590046,0.0625,0.00014366081267007592,0.002696618948265142,0.9999999999990026,1.8375,8.125,0.1125,0.8875,0.8875,0.0,0.0,7.125,"{""native_task_candidate"":240}",{}
ur5e,ordinary/multijoint_boundary/alpha=0.0,clarabel,80,80,3,"[80,80,80]","[80,80,80]",80.0,1.0,1.0,80,0,0.706257,0.7909788499999996,0.9425925499999981,0.6697093625000001,53.57674900000001,0,0.000783410063604046,0.0009860394950956522,0.006030133688661184,0.008389945071378364,0.8986583891417903,0.05,0.0002165899363959529,0.0026965125713388155,0.9999999999990026,1.875,3.775,0.1125,0.8875,0.8875,0.0,0.0,2.775,"{""native_task_candidate"":240}",{}
ur5e,ordinary/multijoint_boundary/alpha=0.0,range_loss_matched,80,80,3,"[80,80,80]","[80,80,80]",80.0,1.0,1.0,80,0,1.6223815,3.7167403499999967,4.877622739999999,1.8941875833333333,151.53500666666665,0,0.0009528101225698929,0.0009999815383528814,0.008297825707170275,0.00865604048960485,0.9821292052608549,0.1375,4.718987743010684e-05,0.00042882055282972395,0.9999999999990026,12.025,24.275,,0.0,0.0,0.0,,0.0,"{""task_accepted_early"":240}",{}
ur5e,ordinary/multijoint_boundary/alpha=0.0,direct_sqp,80,80,3,"[80,80,80]","[80,80,80]",80.0,1.0,1.0,80,0,2.413056,2.981205,3.378799729999994,2.4299142458333334,194.39313966666668,0,0.0009999999851740269,0.0009999999973026462,0.008726646034687613,0.008726646154674335,0.9999999861321098,1.0,1.4825973164000338e-11,2.2531238758408126e-10,0.9999999999990026,18.2625,31.075,,0.0,0.0,0.0,,0.0,"{""task_accepted_early"":240}",{}
ur5e,ordinary/multijoint_boundary/alpha=0.0,fixed_qp1,80,80,3,"[80,80,80]","[80,80,80]",80.0,1.0,1.0,80,0,0.4735055,0.5408992499999999,0.56498375,0.45904401249999993,36.723521,0,0.0006214185420655743,0.0009578908532268466,0.004863067118939584,0.008389945071378364,0.6289511833568843,0.025,0.00037858145793442564,0.003863579141060409,0.9999999999990026,1.9,2.9,0.1125,0.8875,0.0,0.0,0.0,1.9,"{""native_task_candidate"":240}",{}
ur5e,ordinary/multijoint_boundary/alpha=0.0,fixed_qp2,80,80,3,"[80,80,80]","[80,80,80]",80.0,1.0,1.0,80,0,0.6413905,0.7328027500000001,0.8339849199999987,0.6065960166666666,48.527681333333334,0,0.0008563391873299224,0.0009822151909006092,0.006030027311734856,0.008389945071378364,0.9580671548590046,0.0625,0.00014366081267007592,0.002696618948265142,0.9999999999990026,1.85,3.75,0.1125,0.8875,0.8875,0.0,0.0,2.75,"{""native_task_candidate"":240}",{}
ur5e,ordinary/multijoint_boundary/alpha=0.5,relative,80,80,3,"[80,80,80]","[80,80,80]",80.0,1.0,1.0,80,0,0.4858285,0.5495964,0.63252142,0.47493383333333333,37.994706666666666,0,0.0007743871421899634,0.0009477927405423303,0.005013960704216808,0.00782740437705878,0.8244790757444218,0.0125,0.00022561285781003574,0.0037126855557831915,0.9999999999990026,1.9125,2.9125,0.1,0.9,0.0,0.9,1.0,1.9125,"{""native_task_candidate"":240}",{}
ur5e,ordinary/multijoint_boundary/alpha=0.5,gn,80,80,3,"[80,80,80]","[80,80,80]",80.0,1.0,1.0,80,0,0.47499800000000003,0.53811625,0.59672671,0.4689176958333333,37.51341566666667,0,0.0007743871421899634,0.0009477927405423303,0.005013960704216808,0.00782740437705878,0.8244790757444218,0.0125,0.00022561285781003574,0.0037126855557831915,0.9999999999990026,2.9125,5.825,,,,,,,"{""task_candidate"":240}",{}
ur5e,ordinary/multijoint_boundary/alpha=0.5,tight,80,80,3,"[80,80,80]","[80,80,80]",80.0,1.0,1.0,80,0,1.12402,2.2286501,2.4728515399999997,1.2222105874999998,97.77684699999998,0,0.0008387260341221395,0.0009918948961257835,0.006210447918445311,0.00782740437705878,0.870283479010761,0.0375,0.00016127396587786,0.0025161983415546885,0.9999999999990026,1.8625,7.75,0.1,0.9,0.9,0.0,0.0,6.75,"{""native_task_candidate"":240}",{}
ur5e,ordinary/multijoint_boundary/alpha=0.5,clarabel,80,80,3,"[80,80,80]","[80,80,80]",80.0,1.0,1.0,80,0,0.6987734999999999,0.77954695,0.9836028399999994,0.6682585958333334,53.46068766666667,0,0.0008277166164569088,0.0009477927405423303,0.006210447902922292,0.00782740437705878,0.830530113157886,0.025,0.00017228338354309127,0.002516198357077708,0.9999999999990026,1.8875,3.8,0.1,0.9,0.9,0.0,0.0,2.8,"{""native_task_candidate"":240}",{}
ur5e,ordinary/multijoint_boundary/alpha=0.5,range_loss_matched,80,80,3,"[76,76,76]","[76,76,76]",76.0,0.95,0.95,76,4,1.74052,4.474759049999999,4.918800909999998,2.0294134583333334,162.35307666666668,0,0.0009468968873031356,0.0009783007263845232,0.008272634574487897,0.008705982094644607,0.9636775198946039,0.21052631578947367,5.310311269686412e-05,0.000454011685512099,0.9999999999990026,12.4125,26.5125,,0.0,0.0,0.0,,0.0,"{""task_accepted_early"":228,""optimizer:CONVERGENCE: RELATIVE REDUCTION OF F <= FACTR*EPSMCH"":12}","{""position_tolerance+orientation_tolerance"":6,""orientation_tolerance"":6}"
ur5e,ordinary/multijoint_boundary/alpha=0.5,direct_sqp,80,80,3,"[80,80,80]","[80,80,80]",80.0,1.0,1.0,80,0,2.4019364999999997,2.91585535,3.1246176599999997,2.4073560499999997,192.588484,0,0.000999999993085903,0.0009999999986656175,0.008726646046668327,0.008726646180038055,0.9999999930859029,1.0,6.914097050968184e-12,2.1333167428763683e-10,0.9999999999990026,18.2375,30.8875,,0.0,0.0,0.0,,0.0,"{""task_accepted_early"":240}",{}
ur5e,ordinary/multijoint_boundary/alpha=0.5,fixed_qp1,80,80,3,"[80,80,80]","[80,80,80]",80.0,1.0,1.0,80,0,0.458563,0.52615225,0.5640917099999996,0.4501497166666667,36.011977333333334,0,0.0007743871421899634,0.0009477927405423303,0.005013960704216808,0.00782740437705878,0.8244790757444218,0.0125,0.00022561285781003574,0.0037126855557831915,0.9999999999990026,1.9125,2.9125,0.1,0.9,0.0,0.0,0.0,1.9125,"{""native_task_candidate"":240}",{}
ur5e,ordinary/multijoint_boundary/alpha=0.5,fixed_qp2,80,80,3,"[80,80,80]","[80,80,80]",80.0,1.0,1.0,80,0,0.622263,0.70992955,0.8790975999999999,0.5984463000000001,47.875704000000006,0,0.0008355650682367841,0.0009918948961257835,0.006210447918445311,0.00782740437705878,0.870283479010761,0.0375,0.00016443493176321534,0.0025161983415546885,0.9999999999990026,1.875,3.7875,0.1,0.9,0.9,0.0,0.0,2.7875,"{""native_task_candidate"":240}",{}
ur5e,ordinary/multijoint_boundary/alpha=0.95,relative,80,80,3,"[80,80,80]","[80,80,80]",80.0,1.0,1.0,80,0,0.4839215,0.6210610499999998,1.8380068299999786,0.51295625,41.0365,0,0.0009497523993849451,0.00098510708773745,0.008361421730367921,0.008443397484462226,0.9629465736340196,0.275,5.024760061505475e-05,0.0003652245296320775,0.9999999999990026,2.0,3.2,0.05,0.95,0.0375,0.95,0.963855421686747,2.2,"{""native_task_candidate"":240}",{}
ur5e,ordinary/multijoint_boundary/alpha=0.95,gn,80,80,3,"[77,77,77]","[77,77,77]",77.0,0.9625,0.9625,77,3,0.474659,0.5710809499999999,3.592496639999992,0.5767562,46.140496000000006,0,0.0009402112923422438,0.00098510708773745,0.008233343835018536,0.008443397484462226,0.9635207941580883,0.24675324675324675,5.9788707657756196e-05,0.0004933024249814642,0.9999999999990026,3.375,8.85,,,,,,,"{""task_candidate"":231,""stationary"":9}","{""orientation_tolerance"":6,""position_tolerance"":3}"
ur5e,ordinary/multijoint_boundary/alpha=0.95,tight,80,80,3,"[80,80,80]","[80,80,80]",80.0,1.0,1.0,80,0,1.2686925,2.4627161999999982,3.6787038499999833,1.3806890833333332,110.45512666666666,0,0.0009692105084799001,0.0009985921813468917,0.008243018881860806,0.008645956878695842,0.9716105654028753,0.2875,3.078949152009996e-05,0.0004836273781391916,0.9999999999990026,1.9125,8.9,0.05,0.95,0.95,0.0,0.0,7.9,"{""native_task_candidate"":240}",{}
ur5e,ordinary/multijoint_boundary/alpha=0.95,clarabel,80,80,3,"[80,80,80]","[80,80,80]",80.0,1.0,1.0,80,0,0.69861,0.85637475,0.9857109799999991,0.6911244375,55.289955,0,0.0009321288511763608,0.00098510708773745,0.008201302304092875,0.008442840256885846,0.9584077813113785,0.2625,6.787114882363893e-05,0.0005253439559071243,0.9999999999990026,1.9375,3.9375,0.05,0.95,0.95,0.0,0.0,2.9375,"{""native_task_candidate"":240}",{}
ur5e,ordinary/multijoint_boundary/alpha=0.95,range_loss_matched,80,80,3,"[73,73,73]","[73,73,73]",73.0,0.9125,0.9125,73,7,2.144856,5.024639149999999,7.55448354999999,2.3717631375,189.741051,0,0.000982630506006842,0.0009988916939768315,0.008618256160651669,0.008641273824269038,0.988160595506508,0.684931506849315,1.7369493993157946e-05,0.00010839009934833152,0.9999999999990026,16.0625,31.75,,0.0,0.0,0.0,,0.0,"{""task_accepted_early"":219,""optimizer:CONVERGENCE: RELATIVE REDUCTION OF F <= FACTR*EPSMCH"":18,""optimizer:CONVERGENCE: NORM OF PROJECTED GRADIENT <= PGTOL"":3}","{""position_tolerance"":6,""orientation_tolerance"":9,""position_tolerance+orientation_tolerance"":6}"
ur5e,ordinary/multijoint_boundary/alpha=0.95,direct_sqp,80,80,3,"[80,80,80]","[80,80,80]",80.0,1.0,1.0,80,0,2.406528,2.8775554999999997,3.03999663,2.4098850375,192.790803,0,0.0009999999857644086,0.0009999999968254454,0.008726645969863946,0.008726646080689156,0.9999999857644086,1.0,1.4235591394920478e-11,2.901360545044807e-10,0.9999999999990026,18.25,30.9375,,0.0,0.0,0.0,,0.0,"{""task_accepted_early"":240}",{}
ur5e,ordinary/multijoint_boundary/alpha=0.95,fixed_qp1,80,80,3,"[77,77,77]","[77,77,77]",77.0,0.9625,0.9625,77,3,0.4555105,0.5580613999999999,3.17873310999995,0.5202594583333333,41.620756666666665,0,0.0009402112923422438,0.00098510708773745,0.008233343835018536,0.008443397484462226,0.9635207941580883,0.24675324675324675,5.9788707657756196e-05,0.0004933024249814642,0.9999999999990026,2.25,4.2,0.05,0.95,0.0,0.0,0.0,2.25,"{""native_task_candidate"":231,""stationary"":6,""no_descent"":3}","{""orientation_tolerance"":6,""position_tolerance"":3}"
ur5e,ordinary/multijoint_boundary/alpha=0.95,fixed_qp2,80,80,3,"[78,78,78]","[78,78,78]",78.0,0.975,0.975,78,2,0.628978,0.7651076499999978,3.2478365399999785,0.6819943041666666,54.55954433333333,0,0.000957988227631773,0.00098510708773745,0.008233166296582453,0.008442667997742046,0.9671621417867449,0.2692307692307692,4.2011772368227015e-05,0.0004934799634175469,0.9999999999990026,2.125,4.75,0.05,0.95,0.95,0.0,0.0,3.3125,"{""native_task_candidate"":234,""stationary"":6}","{""position_tolerance"":3,""orientation_tolerance"":3}"
ur5e,near_singular/regular/alpha=0.0,relative,80,80,3,"[80,80,80]","[80,80,80]",80.0,1.0,1.0,80,0,0.26344100000000004,0.2930678,0.36590652999999906,0.2676373083333334,21.410984666666668,0,0.0005920130206176761,0.0009871421527741164,0.0015589169465281072,0.008719286251032748,0.5920130206176762,0.025,0.00040798697938232225,0.007167729313471891,0.9999999999990026,1.0125,2.0,0.975,0.0125,0.0,0.0125,1.0,1.0,"{""native_task_candidate"":240}",{}
ur5e,near_singular/regular/alpha=0.0,gn,80,80,3,"[80,80,80]","[80,80,80]",80.0,1.0,1.0,80,0,0.2942795,0.32107744999999993,0.38851742999999944,0.29663458749999994,23.730766999999997,0,0.0005920130206176761,0.0009871421527741164,0.0015589169465281072,0.008719286251032748,0.5920130206176762,0.025,0.00040798697938232225,0.007167729313471891,0.9999999999990026,2.0,4.0,,,,,,,"{""task_candidate"":240}",{}
ur5e,near_singular/regular/alpha=0.0,tight,80,80,3,"[80,80,80]","[80,80,80]",80.0,1.0,1.0,80,0,0.263762,0.2976667,0.6398375599999958,0.2740871791666667,21.926974333333334,0,0.0005920130206176761,0.0009871421527741164,0.0015589169465281072,0.008719286251032748,0.5920130206176762,0.025,0.00040798697938232225,0.007167729313471891,0.9999999999990026,1.0125,2.0375,0.975,0.0125,0.0125,0.0,0.0,1.0375,"{""native_task_candidate"":240}",{}
ur5e,near_singular/regular/alpha=0.0,clarabel,80,80,3,"[80,80,80]","[80,80,80]",80.0,1.0,1.0,80,0,0.2662515,0.29656439999999995,0.5165204799999964,0.27345464999999997,21.876372,0,0.0005920130206176761,0.0009871421527741164,0.0015589169465281072,0.008719286251032748,0.5920130206176762,0.025,0.00040798697938232225,0.007167729313471891,0.9999999999990026,1.0125,2.0125,0.975,0.0125,0.0125,0.0,0.0,1.0125,"{""native_task_candidate"":240}",{}
ur5e,near_singular/regular/alpha=0.0,range_loss_matched,80,80,3,"[80,80,80]","[80,80,80]",80.0,1.0,1.0,80,0,1.2307615,2.74717115,3.7814160499999883,1.3893626875,111.149015,0,0.0009589021576251727,0.000990493840790194,0.0085016325665999,0.008719286251032748,0.9842125588023943,0.3,4.109784237482732e-05,0.00022501369340010083,0.6909663956003863,5.6,16.825,,0.0,0.0,0.0,,0.0,"{""task_accepted_early"":240}",{}
ur5e,near_singular/regular/alpha=0.0,direct_sqp,80,80,3,"[80,80,80]","[80,80,80]",80.0,1.0,1.0,80,0,1.3478795,1.8688323999999998,1.9726655599999998,1.3359560541666666,106.87648433333334,0,0.000999999986649732,0.0009999999974116065,0.008726646058346587,0.008726646168447774,0.9999999866497321,1.0,1.3350267907222963e-11,2.016534126313141e-10,0.6271570246127227,9.2,14.175,,0.0,0.0,0.0,,0.0,"{""task_accepted_early"":240}",{}
ur5e,near_singular/regular/alpha=0.0,fixed_qp1,80,80,3,"[80,80,80]","[80,80,80]",80.0,1.0,1.0,80,0,0.2651825,0.29573944999999996,0.3588295199999992,0.27021039166666666,21.616831333333334,0,0.0005920130206176761,0.0009871421527741164,0.0015589169465281072,0.008719286251032748,0.5920130206176762,0.025,0.00040798697938232225,0.007167729313471891,0.9999999999990026,1.0125,2.0,0.975,0.0125,0.0,0.0,0.0,1.0,"{""native_task_candidate"":240}",{}
ur5e,near_singular/regular/alpha=0.0,fixed_qp2,80,80,3,"[80,80,80]","[80,80,80]",80.0,1.0,1.0,80,0,0.26431550000000004,0.2928261,0.46225032999999827,0.27062892083333334,21.650313666666666,0,0.0005920130206176761,0.0009871421527741164,0.0015589169465281072,0.008719286251032748,0.5920130206176762,0.025,0.00040798697938232225,0.007167729313471891,0.9999999999990026,1.0125,2.0125,0.975,0.0125,0.0125,0.0,0.0,1.0125,"{""native_task_candidate"":240}",{}
ur5e,near_singular/regular/alpha=0.5,relative,80,80,3,"[80,80,80]","[80,80,80]",80.0,1.0,1.0,80,0,0.26957600000000004,0.31043309999999996,0.39888523999999986,0.2750331041666667,22.002648333333337,0,0.0006052715951107261,0.0008900806265813526,0.0033043452211880655,0.0044131979106412055,0.605271595110726,0.0,0.0003947284048892737,0.0054223010388119285,0.9999999999990026,1.0125,2.0125,0.9875,0.0125,0.0,0.0125,1.0,1.0125,"{""native_task_candidate"":240}",{}
ur5e,near_singular/regular/alpha=0.5,gn,80,80,3,"[80,80,80]","[80,80,80]",80.0,1.0,1.0,80,0,0.29961099999999996,0.35044339999999996,0.4016424,0.3042331041666666,24.338648333333328,0,0.0006052715951107261,0.0008900806265813526,0.0033043452211880655,0.0044131979106412055,0.605271595110726,0.0,0.0003947284048892737,0.0054223010388119285,0.9999999999990026,2.0125,4.025,,,,,,,"{""task_candidate"":240}",{}
ur5e,near_singular/regular/alpha=0.5,tight,80,80,3,"[80,80,80]","[80,80,80]",80.0,1.0,1.0,80,0,0.265628,0.3041627,0.5544259799999969,0.27597276666666665,22.077821333333333,0,0.0006052715951107261,0.0008900806265813526,0.0033043452211880655,0.0044131979106412055,0.605271595110726,0.0,0.0003947284048892737,0.0054223010388119285,0.9999999999990026,1.0125,2.0375,0.9875,0.0125,0.0125,0.0,0.0,1.0375,"{""native_task_candidate"":240}",{}
ur5e,near_singular/regular/alpha=0.5,clarabel,80,80,3,"[80,80,80]","[80,80,80]",80.0,1.0,1.0,80,0,0.272611,0.30673655,0.5467494599999966,0.28048209583333333,22.438567666666668,0,0.0006052715951107261,0.0008900806265813526,0.0033043452211880655,0.0044131979106412055,0.605271595110726,0.0,0.0003947284048892737,0.0054223010388119285,0.9999999999990026,1.0125,2.025,0.9875,0.0125,0.0125,0.0,0.0,1.025,"{""native_task_candidate"":240}",{}
ur5e,near_singular/regular/alpha=0.5,range_loss_matched,80,80,3,"[79,79,79]","[79,79,79]",79.0,0.9875,0.9875,79,1,1.252311,2.563862149999998,3.540822149999993,1.3799746666666666,110.39797333333333,0,0.0009512203903882985,0.0009971856018094916,0.008513126995739142,0.008691868519421693,0.9912507682946204,0.20253164556962025,4.877960961170125e-05,0.00021351926426085686,0.7194129126290192,5.475,16.575,,0.0,0.0,0.0,,0.0,"{""task_accepted_early"":237,""optimizer:CONVERGENCE: RELATIVE REDUCTION OF F <= FACTR*EPSMCH"":3}","{""position_tolerance+orientation_tolerance"":3}"
ur5e,near_singular/regular/alpha=0.5,direct_sqp,80,80,3,"[80,80,80]","[80,80,80]",80.0,1.0,1.0,80,0,1.4127715,1.9304758,2.177746699999998,1.3717566458333332,109.74053166666666,0,0.0009999999876679432,0.0009999999956679137,0.008726646008115013,0.00872664624692482,0.9999999895246652,1.0,1.233205689258818e-11,2.518849872602813e-10,0.6265181548538277,9.525,14.7375,,0.0,0.0,0.0,,0.0,"{""task_accepted_early"":240}",{}
ur5e,near_singular/regular/alpha=0.5,fixed_qp1,80,80,3,"[80,80,80]","[80,80,80]",80.0,1.0,1.0,80,0,0.26996549999999997,0.3147089999999999,0.40736091999999996,0.2767171083333333,22.137368666666664,0,0.0006052715951107261,0.0008900806265813526,0.0033043452211880655,0.0044131979106412055,0.605271595110726,0.0,0.0003947284048892737,0.0054223010388119285,0.9999999999990026,1.0125,2.0125,0.9875,0.0125,0.0,0.0,0.0,1.0125,"{""native_task_candidate"":240}",{}
ur5e,near_singular/regular/alpha=0.5,fixed_qp2,80,80,3,"[80,80,80]","[80,80,80]",80.0,1.0,1.0,80,0,0.2695145,0.31152625,0.468477539999999,0.2775993375,22.207947,0,0.0006052715951107261,0.0008900806265813526,0.0033043452211880655,0.0044131979106412055,0.605271595110726,0.0,0.0003947284048892737,0.0054223010388119285,0.9999999999990026,1.0125,2.025,0.9875,0.0125,0.0125,0.0,0.0,1.025,"{""native_task_candidate"":240}",{}
ur5e,near_singular/regular/alpha=0.95,relative,80,80,3,"[80,80,80]","[80,80,80]",80.0,1.0,1.0,80,0,0.27729800000000004,0.31868289999999994,0.4838802499999998,0.2838861583333333,22.710892666666666,0,0.000815518742629881,0.0009977637159824958,0.006394485057913794,0.008503107270234903,0.885485156412444,0.05,0.00018448125737011845,0.0023321612020861977,0.9999999999990026,1.025,2.025,0.975,0.025,0.0,0.025,1.0,1.025,"{""native_task_candidate"":240}",{}
ur5e,near_singular/regular/alpha=0.95,gn,80,80,3,"[80,80,80]","[80,80,80]",80.0,1.0,1.0,80,0,0.3027755,0.3393642,0.47791607999999985,0.3077040291666666,24.61632233333333,0,0.000815518742629881,0.0009977637159824958,0.006394485057913794,0.008503107270234903,0.885485156412444,0.05,0.00018448125737011845,0.0023321612020861977,0.9999999999990026,2.025,4.05,,,,,,,"{""task_candidate"":240}",{}
ur5e,near_singular/regular/alpha=0.95,tight,80,80,3,"[80,80,80]","[80,80,80]",80.0,1.0,1.0,80,0,0.27333050000000003,0.3176650999999998,1.338646729999986,0.29981762500000003,23.98541,0,0.000815277932024576,0.0009977637159824958,0.006394485057913794,0.008503107270234903,0.885485156412444,0.05,0.0001847220679754234,0.0023321612020861977,0.9999999999990026,1.025,2.175,0.975,0.025,0.025,0.0,0.0,1.175,"{""native_task_candidate"":240}",{}
ur5e,near_singular/regular/alpha=0.95,clarabel,80,80,3,"[80,80,80]","[80,80,80]",80.0,1.0,1.0,80,0,0.27796750000000003,0.32254944999999996,0.6889158599999999,0.2907447375,23.259579000000002,0,0.0008152779278853294,0.0009977637159824958,0.006394485057913794,0.008503107270234903,0.885485156412444,0.05,0.00018472207211467001,0.0023321612020861977,0.9999999999990026,1.025,2.05,0.975,0.025,0.025,0.0,0.0,1.05,"{""native_task_candidate"":240}",{}
ur5e,near_singular/regular/alpha=0.95,range_loss_matched,80,80,3,"[80,80,80]","[80,80,80]",80.0,1.0,1.0,80,0,1.3819515,3.0407198500000003,4.300509299999987,1.5377691333333332,123.02153066666665,0,0.0009916135245887701,0.0009969282239205813,0.008607544709734984,0.008718405782471725,0.9947689149793694,0.45,8.386475411229834e-06,0.00011910155026501615,0.9999999999989999,7.1375,19.0,,0.0,0.0,0.0,,0.0,"{""task_accepted_early"":240}",{}
ur5e,near_singular/regular/alpha=0.95,direct_sqp,80,80,3,"[80,80,80]","[80,80,80]",80.0,1.0,1.0,80,0,1.4419315,1.9874416499999996,2.3934050099999964,1.4366969500000002,114.93575600000001,0,0.0009999999807357054,0.0009999999935098936,0.008726646145382518,0.008726646204293776,0.9999999906792395,1.0,1.9264294662518085e-11,1.1461748191179956e-10,0.6271607697854018,10.1625,15.8125,,0.0,0.0,0.0,,0.0,"{""task_accepted_early"":240}",{}
ur5e,near_singular/regular/alpha=0.95,fixed_qp1,80,80,3,"[80,80,80]","[80,80,80]",80.0,1.0,1.0,80,0,0.276606,0.3176887499999998,0.46314822999999955,0.2832706625,22.661653,0,0.000815518742629881,0.0009977637159824958,0.006394485057913794,0.008503107270234903,0.885485156412444,0.05,0.00018448125737011845,0.0023321612020861977,0.9999999999990026,1.025,2.025,0.975,0.025,0.0,0.0,0.0,1.025,"{""native_task_candidate"":240}",{}
ur5e,near_singular/regular/alpha=0.95,fixed_qp2,80,80,3,"[80,80,80]","[80,80,80]",80.0,1.0,1.0,80,0,0.2765655,0.3159134,0.5939545399999995,0.28521091666666665,22.816873333333334,0,0.000815518742629881,0.0009977637159824958,0.006394485057913794,0.008503107270234903,0.885485156412444,0.05,0.00018448125737011845,0.0023321612020861977,0.9999999999990026,1.025,2.05,0.975,0.025,0.025,0.0,0.0,1.05,"{""native_task_candidate"":240}",{}
ur5e,near_singular/high_utilization/alpha=0.0,relative,80,80,3,"[80,80,80]","[80,80,80]",80.0,1.0,1.0,80,0,0.407993,0.5271658499999998,0.55550813,0.3876534,31.012272,0,0.000883750558799806,0.0009891037166501924,0.005196421920983647,0.008677912550553406,0.9422785584923367,0.0625,0.00011624944120019304,0.003530224339016351,0.9999999999990026,1.55,2.55,0.45,0.55,0.0,0.55,1.0,1.55,"{""native_task_candidate"":240}",{}
ur5e,near_singular/high_utilization/alpha=0.0,gn,80,80,3,"[80,80,80]","[80,80,80]",80.0,1.0,1.0,80,0,0.4026535,0.5113232999999999,0.5472670799999999,0.39622157916666667,31.697726333333335,0,0.000883750558799806,0.0009891037166501924,0.005196421920983647,0.008677912550553406,0.9422785584923367,0.0625,0.00011624944120019304,0.003530224339016351,0.9999999999990026,2.55,5.1,,,,,,,"{""task_candidate"":240}",{}
ur5e,near_singular/high_utilization/alpha=0.0,tight,80,80,3,"[80,80,80]","[80,80,80]",80.0,1.0,1.0,80,0,0.8040894999999999,2.2865740999999997,2.5925047699999997,0.9505431666666666,76.04345333333333,0,0.0008872802678364847,0.0009891037166501924,0.005196421920983647,0.008677912550553406,0.9422785584923367,0.0625,0.00011271973216351442,0.003530224339016351,0.9999999999990026,1.525,6.725,0.45,0.55,0.55,0.0,0.0,5.725,"{""native_task_candidate"":240}",{}
ur5e,near_singular/high_utilization/alpha=0.0,clarabel,80,80,3,"[80,80,80]","[80,80,80]",80.0,1.0,1.0,80,0,0.5866994999999999,0.724808,0.9276353699999969,0.49331738333333336,39.46539066666667,0,0.0009422785584923366,0.0009891037166501924,0.005196421920983647,0.008677912550553406,0.951442296937112,0.075,5.772144150766323e-05,0.003530224339016351,0.9999999999990026,1.5375,3.1,0.45,0.55,0.55,0.0,0.0,2.1,"{""native_task_candidate"":240}",{}
ur5e,near_singular/high_utilization/alpha=0.0,range_loss_matched,80,80,3,"[80,80,80]","[80,80,80]",80.0,1.0,1.0,80,0,2.5119214999999997,4.6339155,6.19186591,2.661541075,212.923286,0,0.0009695607424234247,0.000999468978546561,0.008495135508932833,0.008655485669822056,0.9829172562950793,0.3375,3.043925757657514e-05,0.0002315107510671676,0.9999999999990026,15.0875,36.55,,0.0,0.0,0.0,,0.0,"{""task_accepted_early"":240}",{}
ur5e,near_singular/high_utilization/alpha=0.0,direct_sqp,80,80,3,"[80,80,80]","[80,80,80]",80.0,1.0,1.0,80,0,2.18734,2.5410074999999996,2.6343916,2.1950334875,175.602679,0,0.0009999999807000595,0.000999999995951071,0.008726646079955897,0.008726646199526757,0.999999983684065,1.0,1.9299940508601956e-11,1.8004410358429813e-10,0.9999999999990026,16.55,27.6875,,0.0,0.0,0.0,,0.0,"{""task_accepted_early"":240}",{}
ur5e,near_singular/high_utilization/alpha=0.0,fixed_qp1,80,80,3,"[80,80,80]","[80,80,80]",80.0,1.0,1.0,80,0,0.3860285,0.49902594999999994,0.54904003,0.373759275,29.900741999999997,0,0.000883750558799806,0.0009891037166501924,0.005196421920983647,0.008677912550553406,0.9422785584923367,0.0625,0.00011624944120019304,0.003530224339016351,0.9999999999990026,1.55,2.55,0.45,0.55,0.0,0.0,0.0,1.55,"{""native_task_candidate"":240}",{}
ur5e,near_singular/high_utilization/alpha=0.0,fixed_qp2,80,80,3,"[80,80,80]","[80,80,80]",80.0,1.0,1.0,80,0,0.51729,0.70651955,0.8814591599999981,0.46527090833333334,37.22167266666667,0,0.0008872802678369376,0.0009891037166501924,0.005196421920983647,0.008677912550553406,0.9422785584923367,0.0625,0.00011271973216306153,0.003530224339016351,0.9999999999990026,1.5375,3.1,0.45,0.55,0.55,0.0,0.0,2.1,"{""native_task_candidate"":240}",{}
ur5e,near_singular/high_utilization/alpha=0.5,relative,80,80,3,"[80,80,80]","[80,80,80]",80.0,1.0,1.0,80,0,0.4174505,0.5317573,0.5710794999999997,0.3903860416666667,31.230883333333335,0,0.0009505920876840082,0.0009890628415374111,0.005433647690835843,0.006052707822320967,0.9505920876840082,0.0875,4.940791231599182e-05,0.0032929985691641556,0.9999999999990026,1.5625,2.5625,0.4375,0.5625,0.0,0.5625,1.0,1.5625,"{""native_task_candidate"":240}",{}
ur5e,near_singular/high_utilization/alpha=0.5,gn,80,80,3,"[80,80,80]","[80,80,80]",80.0,1.0,1.0,80,0,0.410787,0.52052555,0.5471020799999999,0.39902314166666664,31.921851333333333,0,0.0009505920876840082,0.0009890628415374111,0.005433647690835843,0.006052707822320967,0.9505920876840082,0.0875,4.940791231599182e-05,0.0032929985691641556,0.9999999999990026,2.5625,5.125,,,,,,,"{""task_candidate"":240}",{}
ur5e,near_singular/high_utilization/alpha=0.5,tight,80,80,3,"[80,80,80]","[80,80,80]",80.0,1.0,1.0,80,0,0.7707854999999999,2.3017782,2.4279723099999995,0.9882352,79.058816,0,0.0009511330057640531,0.0009890628415374111,0.005391788883799847,0.006052707822320967,0.9511330057640531,0.1,4.8866994235946864e-05,0.0033348573762001514,0.9999999999990026,1.5375,6.95,0.4375,0.5625,0.5625,0.0,0.0,5.95,"{""native_task_candidate"":240}",{}
ur5e,near_singular/high_utilization/alpha=0.5,clarabel,80,80,3,"[80,80,80]","[80,80,80]",80.0,1.0,1.0,80,0,0.6046295,0.7226943499999999,0.8991274199999973,0.500606625,40.04853,0,0.0009511330057640531,0.00099078868175011,0.005501648887455781,0.006890546079687872,0.9511330057640531,0.1,4.8866994235946864e-05,0.0032249973725442162,0.9999999999990026,1.55,3.125,0.4375,0.5625,0.5625,0.0,0.0,2.125,"{""native_task_candidate"":240}",{}
ur5e,near_singular/high_utilization/alpha=0.5,range_loss_matched,80,80,3,"[80,80,80]","[80,80,80]",80.0,1.0,1.0,80,0,2.488127,5.263693899999997,6.343052889999994,2.6432397,211.45917599999999,0,0.0009795029329193554,0.0009976569726353746,0.008568997409129312,0.008687812281848875,0.9890938849806287,0.45,2.0497067080644662e-05,0.00015764885087068758,0.9999999999990026,15.625,36.35,,0.0,0.0,0.0,,0.0,"{""task_accepted_early"":240}",{}
ur5e,near_singular/high_utilization/alpha=0.5,direct_sqp,80,80,3,"[80,80,80]","[80,80,80]",80.0,1.0,1.0,80,0,2.1917865,2.57385575,2.66702916,2.2000718625,176.005749,0,0.0009999999717834806,0.0009999999850295433,0.00872664611010038,0.008726646236930011,0.9999999837147763,1.0,2.82165194638237e-11,1.4989962023384541e-10,0.9999999999990026,16.625,27.85,,0.0,0.0,0.0,,0.0,"{""task_accepted_early"":240}",{}
ur5e,near_singular/high_utilization/alpha=0.5,fixed_qp1,80,80,3,"[80,80,80]","[80,80,80]",80.0,1.0,1.0,80,0,0.3937865,0.499734,0.52809668,0.3751220333333334,30.00976266666667,0,0.0009505920876840082,0.0009890628415374111,0.005433647690835843,0.006052707822320967,0.9505920876840082,0.0875,4.940791231599182e-05,0.0032929985691641556,0.9999999999990026,1.5625,2.5625,0.4375,0.5625,0.0,0.0,0.0,1.5625,"{""native_task_candidate"":240}",{}
ur5e,near_singular/high_utilization/alpha=0.5,fixed_qp2,80,80,3,"[80,80,80]","[80,80,80]",80.0,1.0,1.0,80,0,0.5350005,0.7322546,0.833906119999999,0.46907175000000007,37.525740000000006,0,0.0009511330057640531,0.0009890628415374111,0.0053898556416489855,0.006052707822320967,0.9511330057640531,0.1,4.8866994235946864e-05,0.003336790618351013,0.9999999999990026,1.5625,3.1375,0.4375,0.5625,0.5625,0.0,0.0,2.1375,"{""native_task_candidate"":240}",{}
ur5e,near_singular/high_utilization/alpha=0.95,relative,80,80,3,"[80,80,80]","[80,80,80]",80.0,1.0,1.0,80,0,0.4233875,0.5387129999999999,1.283847139999985,0.40943582083333335,32.75486566666667,0,0.0009291771011335094,0.0009996388208158363,0.007096525394735587,0.008350284868249262,0.9293506486629867,0.1125,7.082289886649052e-05,0.0016301208652644051,0.9999999999990026,1.6125,2.7125,0.4125,0.5875,0.0125,0.5875,0.98,1.7125,"{""native_task_candidate"":240}",{}
ur5e,near_singular/high_utilization/alpha=0.95,gn,80,80,3,"[79,79,79]","[79,79,79]",79.0,0.9875,0.9875,79,1,0.41346700000000003,0.531791,2.4885829499999543,0.44209972500000005,35.367978,0,0.0009277466025131051,0.0009996388208158363,0.007066702568455923,0.00793850310700434,0.927746602513105,0.10126582278481013,7.225339748689491e-05,0.0016599436915440769,0.9999999999990026,2.775,6.3375,,,,,,,"{""task_candidate"":237,""stationary"":3}","{""position_tolerance"":3}"
ur5e,near_singular/high_utilization/alpha=0.95,tight,80,80,3,"[80,80,80]","[80,80,80]",80.0,1.0,1.0,80,0,0.8614539999999999,2.27173215,2.872479739999989,1.0199139583333332,81.59311666666666,0,0.0009293506486629867,0.0009996388208158363,0.007116738624371495,0.008601792865934543,0.9354887368016472,0.1375,7.064935133701317e-05,0.0016099076356284978,0.9999999999990026,1.5625,7.15,0.4125,0.5875,0.5875,0.0,0.0,6.15,"{""native_task_candidate"":240}",{}
ur5e,near_singular/high_utilization/alpha=0.95,clarabel,80,80,3,"[80,80,80]","[80,80,80]",80.0,1.0,1.0,80,0,0.6199255,0.7412077999999999,0.967197739999999,0.5152292625,41.218341,0,0.0009357254207981637,0.0009996388208158363,0.0075794151019054025,0.00857143185981126,0.9369215630865458,0.125,6.427457920183632e-05,0.0011472311580945963,0.9999999999990026,1.575,3.1875,0.4125,0.5875,0.5875,0.0,0.0,2.1875,"{""native_task_candidate"":240}",{}
ur5e,near_singular/high_utilization/alpha=0.95,range_loss_matched,80,80,3,"[78,78,78]","[78,78,78]",78.0,0.975,0.975,78,2,2.351199,5.0574296499999924,6.8875130999999845,2.653601645833333,212.28813166666666,0,0.000993076805991018,0.0009994813626533943,0.008646755998416168,0.008709337327066333,0.9953466313784778,0.46153846153846156,6.92319400898211e-06,7.989026158383159e-05,0.9999999999990026,16.1,36.55,,0.0,0.0,0.0,,0.0,"{""task_accepted_early"":234,""optimizer:CONVERGENCE: RELATIVE REDUCTION OF F <= FACTR*EPSMCH"":6}","{""position_tolerance+orientation_tolerance"":3,""orientation_tolerance"":3}"
ur5e,near_singular/high_utilization/alpha=0.95,direct_sqp,80,80,3,"[80,80,80]","[80,80,80]",80.0,1.0,1.0,80,0,2.2602655,2.6689659,2.9935459299999994,2.280156954166667,182.41255633333336,0,0.000999999975274665,0.0009999999954702177,0.008726646054509813,0.008726646211970064,0.999999987162472,1.0,2.472533504977934e-11,2.0549018771298667e-10,0.9999999999990026,17.2875,29.125,,0.0,0.0,0.0,,0.0,"{""task_accepted_early"":240}",{}
ur5e,near_singular/high_utilization/alpha=0.95,fixed_qp1,80,80,3,"[79,79,79]","[79,79,79]",79.0,0.9875,0.9875,79,1,0.403637,0.5079613,3.0427594199999413,0.4321513666666667,34.57210933333334,0,0.0009277466025131051,0.0009996388208158363,0.007066702568455923,0.00793850310700434,0.927746602513105,0.10126582278481013,7.225339748689491e-05,0.0016599436915440769,0.9999999999990026,1.75,3.7125,0.4125,0.5875,0.0,0.0,0.0,1.75,"{""native_task_candidate"":237,""no_descent"":3}","{""position_tolerance"":3}"
ur5e,near_singular/high_utilization/alpha=0.95,fixed_qp2,80,80,3,"[80,80,80]","[80,80,80]",80.0,1.0,1.0,80,0,0.531895,0.7323977999999999,2.421156349999964,0.5066999625,40.535997,0,0.0009293506486629867,0.0009996388208158363,0.007073444247627027,0.00793850310700434,0.9293506486629867,0.125,7.064935133701317e-05,0.0016532020123729719,0.9999999999990026,1.6625,3.7,0.4125,0.5875,0.5875,0.0,0.0,2.35,"{""native_task_candidate"":240}",{}
ur5e,near_singular/multijoint_boundary/alpha=0.0,relative,80,80,3,"[80,80,80]","[80,80,80]",80.0,1.0,1.0,80,0,0.4896235,0.5776684499999999,0.5954383,0.4574951291666666,36.59961033333333,0,0.0008361137821647862,0.0009584506940642897,0.006315348712908718,0.008414609236053623,0.8464962872113966,0.05,0.0001638862178352138,0.0024112975470912796,0.9999999999990026,1.7,2.7,0.3,0.7,0.0,0.7,1.0,1.7,"{""native_task_candidate"":240}",{}
ur5e,near_singular/multijoint_boundary/alpha=0.0,gn,80,80,3,"[80,80,80]","[80,80,80]",80.0,1.0,1.0,80,0,0.48128950000000004,0.572951,0.5950312299999999,0.461709325,36.936746,0,0.0008361137821647862,0.0009584506940642897,0.006315348712908718,0.008414609236053623,0.8464962872113966,0.05,0.0001638862178352138,0.0024112975470912796,0.9999999999990026,2.7,5.4,,,,,,,"{""task_candidate"":240}",{}
ur5e,near_singular/multijoint_boundary/alpha=0.0,tight,80,80,3,"[80,80,80]","[80,80,80]",80.0,1.0,1.0,80,0,1.0582275,2.18363885,2.3637587499999992,1.0760648791666667,86.08519033333334,0,0.0008464962872113965,0.0009584506940642897,0.006486256147367617,0.008414609236053623,0.9189895418002106,0.0625,0.00015350371278860232,0.002240390112632373,0.9999999999990026,1.6625,6.6,0.3,0.7,0.7,0.0,0.0,5.6,"{""native_task_candidate"":240}",{}
ur5e,near_singular/multijoint_boundary/alpha=0.0,clarabel,80,80,3,"[80,80,80]","[80,80,80]",80.0,1.0,1.0,80,0,0.6988515,0.7932176000000001,0.82055773,0.6035396583333333,48.283172666666665,0,0.0008464962872113965,0.0009584506940642897,0.006429132103736444,0.008414609236053623,0.9187580596897643,0.0625,0.00015350371278860232,0.002297514156263556,0.9999999999990026,1.6875,3.3875,0.3,0.7,0.7,0.0,0.0,2.3875,"{""native_task_candidate"":240}",{}
ur5e,near_singular/multijoint_boundary/alpha=0.0,range_loss_matched,80,80,3,"[80,80,80]","[80,80,80]",80.0,1.0,1.0,80,0,2.1103294999999997,5.233741199999999,6.63150105,2.257056316666667,180.56450533333336,0,0.000948021497757794,0.0009969192516075722,0.00817577208662975,0.008532408449559105,0.9739492497223813,0.2125,5.197850224220586e-05,0.0005508741733702465,0.9999999999990026,13.9625,30.0625,,0.0,0.0,0.0,,0.0,"{""task_accepted_early"":240}",{}
ur5e,near_singular/multijoint_boundary/alpha=0.0,direct_sqp,80,80,3,"[80,80,80]","[80,80,80]",80.0,1.0,1.0,80,0,2.2377975,2.6840264499999997,3.152639369999993,2.2314983541666664,178.5198683333333,0,0.0009999999806093991,0.0009999999933470798,0.00872664612810343,0.008726646222146993,0.9999999895180965,1.0,1.9390600789533782e-11,1.3189656927412032e-10,0.9999999999990026,16.8625,27.975,,0.0,0.0,0.0,,0.0,"{""task_accepted_early"":240}",{}
ur5e,near_singular/multijoint_boundary/alpha=0.0,fixed_qp1,80,80,3,"[80,80,80]","[80,80,80]",80.0,1.0,1.0,80,0,0.46419699999999997,0.5548166499999999,0.5831180699999999,0.440984275,35.278742,0,0.0008361137821647862,0.0009584506940642897,0.006315348712908718,0.008414609236053623,0.8464962872113966,0.05,0.0001638862178352138,0.0024112975470912796,0.9999999999990026,1.7,2.7,0.3,0.7,0.0,0.0,0.0,1.7,"{""native_task_candidate"":240}",{}
ur5e,near_singular/multijoint_boundary/alpha=0.0,fixed_qp2,80,80,3,"[80,80,80]","[80,80,80]",80.0,1.0,1.0,80,0,0.640072,0.7345103,0.8339740699999996,0.5645565875,45.164527,0,0.0008361137821647862,0.0009584506940642897,0.006315348712908718,0.008414609236053623,0.8464962872113966,0.05,0.0001638862178352138,0.0024112975470912796,0.9999999999990026,1.7,3.4,0.3,0.7,0.7,0.0,0.0,2.4,"{""native_task_candidate"":240}",{}
ur5e,near_singular/multijoint_boundary/alpha=0.5,relative,80,80,3,"[80,80,80]","[80,80,80]",80.0,1.0,1.0,80,0,0.47520799999999996,0.5440039499999999,0.5759862799999999,0.44737710416666665,35.790168333333334,0,0.0008721759071274301,0.0009825409970851667,0.005355016528420134,0.008114861044236242,0.8766052513444015,0.05,0.0001278240928725698,0.003371629731579848,0.9999999999990026,1.7375,2.7375,0.2625,0.7375,0.0,0.7375,1.0,1.7375,"{""native_task_candidate"":240}",{}
ur5e,near_singular/multijoint_boundary/alpha=0.5,gn,80,80,3,"[80,80,80]","[80,80,80]",80.0,1.0,1.0,80,0,0.468037,0.5381347499999999,0.5631831299999999,0.44818747916666674,35.854998333333334,0,0.0008721759071274301,0.0009825409970851667,0.005355016528420134,0.008114861044236242,0.8766052513444015,0.05,0.0001278240928725698,0.003371629731579848,0.9999999999990026,2.7375,5.475,,,,,,,"{""task_candidate"":240}",{}
ur5e,near_singular/multijoint_boundary/alpha=0.5,tight,80,80,3,"[80,80,80]","[80,80,80]",80.0,1.0,1.0,80,0,1.0309825,2.28058285,2.4046564499999996,1.1243779124999997,89.95023299999998,0,0.0008766052513444015,0.0009825409970851667,0.005355016528420134,0.008114861044236242,0.9129083615555199,0.0625,0.0001233947486555979,0.003371629731579848,0.9999999999990026,1.7125,6.9875,0.2625,0.7375,0.7375,0.0,0.0,5.9875,"{""native_task_candidate"":240}",{}
ur5e,near_singular/multijoint_boundary/alpha=0.5,clarabel,80,80,3,"[80,80,80]","[80,80,80]",80.0,1.0,1.0,80,0,0.696024,0.7738809999999999,0.8210123299999997,0.6136992791666667,49.09594233333333,0,0.0008721759071274301,0.0009825409970851667,0.005355016528420134,0.008114861044236242,0.8766052513444015,0.05,0.0001278240928725698,0.003371629731579848,0.9999999999990026,1.7375,3.475,0.2625,0.7375,0.7375,0.0,0.0,2.475,"{""native_task_candidate"":240}",{}
ur5e,near_singular/multijoint_boundary/alpha=0.5,range_loss_matched,80,80,3,"[79,79,79]","[79,79,79]",79.0,0.9875,0.9875,79,1,1.8595220000000001,4.640369799999999,6.599316389999989,2.185615916666667,174.84927333333334,0,0.0009402815844688393,0.0009979563523728916,0.008216473889117304,0.00870315032599578,0.979485036516769,0.17721518987341772,5.971841553116071e-05,0.0005101723708826922,0.9999999999990026,14.4375,28.975,,0.0,0.0,0.0,,0.0,"{""task_accepted_early"":237,""optimizer:CONVERGENCE: RELATIVE REDUCTION OF F <= FACTR*EPSMCH"":3}","{""position_tolerance+orientation_tolerance"":3}"
ur5e,near_singular/multijoint_boundary/alpha=0.5,direct_sqp,80,80,3,"[80,80,80]","[80,80,80]",80.0,1.0,1.0,80,0,2.2885595,2.6589740999999996,2.92402443,2.256830125,180.54641,0,0.000999999985013498,0.0009999999996619276,0.008726646168445183,0.008726646204897041,0.9999999909514999,1.0,1.4986502143432558e-11,9.155481693959301e-11,0.9999999999990026,17.0875,28.525,,0.0,0.0,0.0,,0.0,"{""task_accepted_early"":240}",{}
ur5e,near_singular/multijoint_boundary/alpha=0.5,fixed_qp1,80,80,3,"[80,80,80]","[80,80,80]",80.0,1.0,1.0,80,0,0.452961,0.51934075,0.55216091,0.4287492541666667,34.29994033333333,0,0.0008721759071274301,0.0009825409970851667,0.005355016528420134,0.008114861044236242,0.8766052513444015,0.05,0.0001278240928725698,0.003371629731579848,0.9999999999990026,1.7375,2.7375,0.2625,0.7375,0.0,0.0,0.0,1.7375,"{""native_task_candidate"":240}",{}
ur5e,near_singular/multijoint_boundary/alpha=0.5,fixed_qp2,80,80,3,"[80,80,80]","[80,80,80]",80.0,1.0,1.0,80,0,0.62456,0.7090091999999999,0.77314279,0.5594181874999999,44.753454999999995,0,0.0008721759071274301,0.0009825409970851667,0.005355016528420134,0.008114861044236242,0.8766052513444015,0.05,0.0001278240928725698,0.003371629731579848,0.9999999999990026,1.7375,3.475,0.2625,0.7375,0.7375,0.0,0.0,2.475,"{""native_task_candidate"":240}",{}
ur5e,near_singular/multijoint_boundary/alpha=0.95,relative,80,80,3,"[80,80,80]","[80,80,80]",80.0,1.0,1.0,80,0,0.492506,0.68059705,1.4955204899999859,0.5057175458333333,40.457403666666664,0,0.0009739097337304775,0.0009990380064297897,0.008599843574944996,0.008698925242337207,0.9861531851562094,0.3625,2.6090266269522442e-05,0.0001268026850550037,0.9999999999990026,1.9125,3.075,0.125,0.875,0.0625,0.875,0.9358974358974359,2.075,"{""native_task_candidate"":240}",{}
ur5e,near_singular/multijoint_boundary/alpha=0.95,gn,80,80,3,"[75,75,75]","[75,75,75]",75.0,0.9375,0.9375,75,5,0.480135,3.1172094,3.6254352199999977,0.6501848583333334,52.014788666666675,0,0.0009644635661873294,0.000984895132289466,0.008579914807528231,0.008698925242337207,0.9853426022680917,0.32,3.5536433812670567e-05,0.0001467314524717681,0.9999999999990026,3.5625,10.975,,,,,,,"{""task_candidate"":225,""stationary"":15}","{""position_tolerance"":6,""orientation_tolerance"":9}"
ur5e,near_singular/multijoint_boundary/alpha=0.95,tight,80,80,3,"[80,80,80]","[80,80,80]",80.0,1.0,1.0,80,0,1.2661265,2.5127336000000002,3.6126766599999813,1.3388574583333333,107.10859666666666,0,0.000973851522646948,0.0009949049375993176,0.008563063509685834,0.00869738534923897,0.9861468944852751,0.3875,2.6148477353051968e-05,0.0001635827503141641,0.9999999999990026,1.8375,8.225,0.125,0.875,0.875,0.0,0.0,7.225,"{""native_task_candidate"":240}",{}
ur5e,near_singular/multijoint_boundary/alpha=0.95,clarabel,80,80,3,"[80,80,80]","[80,80,80]",80.0,1.0,1.0,80,0,0.7175860000000001,0.9138377499999999,0.94340165,0.6822680624999999,54.581444999999995,0,0.0009625941245877111,0.000984895132289466,0.00849866854372227,0.00869738487721779,0.9849499670750487,0.3625,3.74058754122888e-05,0.00022797771627772886,0.9999999999990026,1.8625,3.8,0.125,0.875,0.875,0.0,0.0,2.8,"{""native_task_candidate"":240}",{}
ur5e,near_singular/multijoint_boundary/alpha=0.95,range_loss_matched,80,80,3,"[75,75,75]","[75,75,75]",75.0,0.9375,0.9375,75,5,2.1254425,4.7115049499999895,7.85434639,2.2598236791666664,180.78589433333332,0,0.0009889863016013707,0.0009985461780118766,0.008628054333183942,0.008685078454360808,0.9926802201870853,0.7866666666666666,1.1013698398629333e-05,9.859192681605826e-05,0.9999999999990026,15.4,29.95,,0.0,0.0,0.0,,0.0,"{""task_accepted_early"":225,""optimizer:CONVERGENCE: RELATIVE REDUCTION OF F <= FACTR*EPSMCH"":9,""optimizer:CONVERGENCE: NORM OF PROJECTED GRADIENT <= PGTOL"":6}","{""position_tolerance"":6,""position_tolerance+orientation_tolerance"":3,""orientation_tolerance"":6}"
ur5e,near_singular/multijoint_boundary/alpha=0.95,direct_sqp,80,80,3,"[80,80,80]","[80,80,80]",80.0,1.0,1.0,80,0,2.2931714999999997,2.8029898,2.94763549,2.2980080375,183.840643,0,0.0009999999710197738,0.0009999999943742482,0.008726646162120402,0.008726646245641194,0.9999999921273937,1.0,2.898022624826802e-11,9.787959835000363e-11,0.9999999999990026,17.25,29.075,,0.0,0.0,0.0,,0.0,"{""task_accepted_early"":240}",{}
ur5e,near_singular/multijoint_boundary/alpha=0.95,fixed_qp1,80,80,3,"[75,75,75]","[75,75,75]",75.0,0.9375,0.9375,75,5,0.462172,0.8778567999999999,4.42772084,0.5669284958333333,45.35427966666666,0,0.0009644635661873294,0.000984895132289466,0.008579914807528231,0.008698925242337207,0.9853426022680917,0.32,3.5536433812670567e-05,0.0001467314524717681,0.9999999999990026,2.325,5.25,0.125,0.875,0.0,0.0,0.0,2.325,"{""native_task_candidate"":225,""stationary"":9,""no_descent"":6}","{""position_tolerance"":6,""orientation_tolerance"":9}"
ur5e,near_singular/multijoint_boundary/alpha=0.95,fixed_qp2,80,80,3,"[79,79,79]","[79,79,79]",79.0,0.9875,0.9875,79,1,0.6355865,0.80244025,4.589247459999931,0.6957257791666667,55.65806233333333,0,0.0009742056821900665,0.000990985517614578,0.008613014086836226,0.008722127094528657,0.9870565746745943,0.379746835443038,2.579431780993348e-05,0.00011363217316377291,0.9999999999990026,2.075,4.9375,0.125,0.875,0.875,0.0,0.0,3.2375,"{""native_task_candidate"":237,""stationary"":3}","{""orientation_tolerance"":3}"
ur5e,near_limit/regular/alpha=0.0,relative,80,80,3,"[80,80,80]","[80,80,80]",80.0,1.0,1.0,80,0,0.263193,0.29324835,0.33362735999999993,0.2682489208333333,21.459913666666665,0,0.00041690047497393166,0.0009140628485789171,0.0006883008795410217,0.0012663426109796798,0.4169004749739316,0.0125,0.0005830995250260682,0.008038345380458974,0.5954130114425655,1.0,2.0,1.0,0.0,0.0,0.0,,1.0,"{""native_task_candidate"":240}",{}
ur5e,near_limit/regular/alpha=0.0,gn,80,80,3,"[80,80,80]","[80,80,80]",80.0,1.0,1.0,80,0,0.29177949999999997,0.3158258,0.33181763999999997,0.29517855,23.614283999999998,0,0.00041690047497393166,0.0009140628485789171,0.0006883008795410217,0.0012663426109796798,0.4169004749739316,0.0125,0.0005830995250260682,0.008038345380458974,0.5954130114425655,2.0,4.0,,,,,,,"{""task_candidate"":240}",{}
ur5e,near_limit/regular/alpha=0.0,tight,80,80,3,"[80,80,80]","[80,80,80]",80.0,1.0,1.0,80,0,0.264505,0.29056815,0.29548321,0.26788114166666666,21.430491333333332,0,0.00041690047497393166,0.0009140628485789171,0.0006883008795410217,0.0012663426109796798,0.4169004749739316,0.0125,0.0005830995250260682,0.008038345380458974,0.5954130114425655,1.0,2.0,1.0,0.0,0.0,0.0,,1.0,"{""native_task_candidate"":240}",{}
ur5e,near_limit/regular/alpha=0.0,clarabel,80,80,3,"[80,80,80]","[80,80,80]",80.0,1.0,1.0,80,0,0.26582,0.29127644999999996,0.3054736299999999,0.26929095833333333,21.543276666666667,0,0.00041690047497393166,0.0009140628485789171,0.0006883008795410217,0.0012663426109796798,0.4169004749739316,0.0125,0.0005830995250260682,0.008038345380458974,0.5954130114425655,1.0,2.0,1.0,0.0,0.0,0.0,,1.0,"{""native_task_candidate"":240}",{}
ur5e,near_limit/regular/alpha=0.0,range_loss_matched,80,80,3,"[80,80,80]","[80,80,80]",80.0,1.0,1.0,80,0,1.429958,2.7594753499999993,3.2452516399999998,1.4886135375,119.089083,0,0.0009732669792558787,0.0009948379589090148,0.00841762253289678,0.00860958856641522,0.9809962157703841,0.275,2.6733020744121112e-05,0.0003090237271032194,0.5717878374547456,6.9,18.3,,0.0,0.0,0.0,,0.0,"{""task_accepted_early"":240}",{}
ur5e,near_limit/regular/alpha=0.0,direct_sqp,80,80,3,"[80,80,80]","[80,80,80]",80.0,1.0,1.0,80,0,1.4980425,2.122083,2.2356937400000003,1.483576075,118.686086,0,0.000999999978844883,0.000999999986476199,0.008726646020969585,0.00872664617247772,0.9999999851464052,1.0,2.115511693774608e-11,2.390304159466395e-10,0.51239391822445,10.5625,16.6125,,0.0,0.0,0.0,,0.0,"{""task_accepted_early"":240}",{}
ur5e,near_limit/regular/alpha=0.0,fixed_qp1,80,80,3,"[80,80,80]","[80,80,80]",80.0,1.0,1.0,80,0,0.2650195,0.29093355,0.29727871999999994,0.2682815125,21.462521,0,0.00041690047497393166,0.0009140628485789171,0.0006883008795410217,0.0012663426109796798,0.4169004749739316,0.0125,0.0005830995250260682,0.008038345380458974,0.5954130114425655,1.0,2.0,1.0,0.0,0.0,0.0,,1.0,"{""native_task_candidate"":240}",{}
ur5e,near_limit/regular/alpha=0.0,fixed_qp2,80,80,3,"[80,80,80]","[80,80,80]",80.0,1.0,1.0,80,0,0.264283,0.29000499999999996,0.3235233999999995,0.2679950625,21.439605,0,0.00041690047497393166,0.0009140628485789171,0.0006883008795410217,0.0012663426109796798,0.4169004749739316,0.0125,0.0005830995250260682,0.008038345380458974,0.5954130114425655,1.0,2.0,1.0,0.0,0.0,0.0,,1.0,"{""native_task_candidate"":240}",{}
ur5e,near_limit/regular/alpha=0.5,relative,80,80,3,"[80,80,80]","[80,80,80]",80.0,1.0,1.0,80,0,0.2656895,0.29433725,0.3257546799999996,0.2685344583333333,21.482756666666663,0,0.0005031719734086466,0.0009655327566168958,0.001223312630732068,0.006702366746738568,0.5031719734086466,0.0125,0.0004968280265913531,0.007503333629267927,0.9999999999990026,1.0,1.9875,0.9875,0.0,0.0,0.0,,0.9875,"{""native_task_candidate"":240}",{}
ur5e,near_limit/regular/alpha=0.5,gn,80,80,3,"[80,80,80]","[80,80,80]",80.0,1.0,1.0,80,0,0.293172,0.32221525,0.36984635999999926,0.29578651250000004,23.662921,0,0.0005031719734086466,0.0009655327566168958,0.001223312630732068,0.006702366746738568,0.5031719734086466,0.0125,0.0004968280265913531,0.007503333629267927,0.9999999999990026,1.9875,3.975,,,,,,,"{""task_candidate"":240}",{}
ur5e,near_limit/regular/alpha=0.5,tight,80,80,3,"[80,80,80]","[80,80,80]",80.0,1.0,1.0,80,0,0.264013,0.2980772,0.3198542599999998,0.26720044583333336,21.376035666666667,0,0.0005031719734086466,0.0009655327566168958,0.001223312630732068,0.006702366746738568,0.5031719734086466,0.0125,0.0004968280265913531,0.007503333629267927,0.9999999999990026,1.0,1.9875,0.9875,0.0,0.0,0.0,,0.9875,"{""native_task_candidate"":240}",{}
ur5e,near_limit/regular/alpha=0.5,clarabel,80,80,3,"[80,80,80]","[80,80,80]",80.0,1.0,1.0,80,0,0.26779,0.29617525,0.32144125999999984,0.27135719583333334,21.708575666666665,0,0.0005031719734086466,0.0009655327566168958,0.001223312630732068,0.006702366746738568,0.5031719734086466,0.0125,0.0004968280265913531,0.007503333629267927,0.9999999999990026,1.0,1.9875,0.9875,0.0,0.0,0.0,,0.9875,"{""native_task_candidate"":240}",{}
ur5e,near_limit/regular/alpha=0.5,range_loss_matched,80,80,3,"[79,79,79]","[79,79,79]",79.0,0.9875,0.9875,79,1,1.538455,3.116428449999999,4.660822749999986,1.6937687124999998,135.501497,0,0.000989599457719401,0.0009967077631059457,0.008576497103192108,0.008722985313549562,0.9947375666277017,0.4936708860759494,1.0400542280598977e-05,0.00015014915680789108,0.5436415213443323,7.7,21.7125,,0.0,0.0,0.0,,0.0,"{""task_accepted_early"":237,""optimizer:CONVERGENCE: RELATIVE REDUCTION OF F <= FACTR*EPSMCH"":3}","{""position_tolerance+orientation_tolerance"":3}"
ur5e,near_limit/regular/alpha=0.5,direct_sqp,80,80,3,"[80,80,80]","[80,80,80]",80.0,1.0,1.0,80,0,1.508814,2.0241462499999994,2.25319722,1.4974535208333333,119.79628166666667,0,0.0009999999829704018,0.0009999999975807653,0.008726646083773956,0.008726646237885872,0.9999999869814823,1.0,1.7029598152647208e-11,1.76226044000527e-10,0.5144920194165562,10.5625,16.875,,0.0,0.0,0.0,,0.0,"{""task_accepted_early"":240}",{}
ur5e,near_limit/regular/alpha=0.5,fixed_qp1,80,80,3,"[80,80,80]","[80,80,80]",80.0,1.0,1.0,80,0,0.2679,0.29853479999999993,0.33344652999999996,0.27048995833333334,21.639196666666667,0,0.0005031719734086466,0.0009655327566168958,0.001223312630732068,0.006702366746738568,0.5031719734086466,0.0125,0.0004968280265913531,0.007503333629267927,0.9999999999990026,1.0,1.9875,0.9875,0.0,0.0,0.0,,0.9875,"{""native_task_candidate"":240}",{}
ur5e,near_limit/regular/alpha=0.5,fixed_qp2,80,80,3,"[80,80,80]","[80,80,80]",80.0,1.0,1.0,80,0,0.26400049999999997,0.2968157,0.33930326999999993,0.2686056,21.488448,0,0.0005031719734086466,0.0009655327566168958,0.001223312630732068,0.006702366746738568,0.5031719734086466,0.0125,0.0004968280265913531,0.007503333629267927,0.9999999999990026,1.0,1.9875,0.9875,0.0,0.0,0.0,,0.9875,"{""native_task_candidate"":240}",{}
ur5e,near_limit/regular/alpha=0.95,relative,80,80,3,"[80,80,80]","[80,80,80]",80.0,1.0,1.0,80,0,0.2697435,0.3077292,0.33324391999999997,0.2738979833333333,21.911838666666664,0,0.0005920501101578898,0.0008835012102418424,0.002779593578321088,0.0054498174670932955,0.5920501101578898,0.0,0.0004079498898421094,0.0059470526816789064,0.9999999999990026,1.0,2.0,1.0,0.0,0.0,0.0,,1.0,"{""native_task_candidate"":240}",{}
ur5e,near_limit/regular/alpha=0.95,gn,80,80,3,"[80,80,80]","[80,80,80]",80.0,1.0,1.0,80,0,0.297091,0.33353784999999997,0.38679858999999994,0.3032888125,24.263105,0,0.0005920501101578898,0.0008835012102418424,0.002779593578321088,0.0054498174670932955,0.5920501101578898,0.0,0.0004079498898421094,0.0059470526816789064,0.9999999999990026,2.0,4.0,,,,,,,"{""task_candidate"":240}",{}
ur5e,near_limit/regular/alpha=0.95,tight,80,80,3,"[80,80,80]","[80,80,80]",80.0,1.0,1.0,80,0,0.2684915,0.3021522,0.34873237999999984,0.27775116250000004,22.220093000000002,0,0.0005920501101578898,0.0008835012102418424,0.002779593578321088,0.0054498174670932955,0.5920501101578898,0.0,0.0004079498898421094,0.0059470526816789064,0.9999999999990026,1.0,2.0,1.0,0.0,0.0,0.0,,1.0,"{""native_task_candidate"":240}",{}
ur5e,near_limit/regular/alpha=0.95,clarabel,80,80,3,"[80,80,80]","[80,80,80]",80.0,1.0,1.0,80,0,0.2713795,0.30993624999999997,0.33761229,0.2763493125,22.107945,0,0.0005920501101578898,0.0008835012102418424,0.002779593578321088,0.0054498174670932955,0.5920501101578898,0.0,0.0004079498898421094,0.0059470526816789064,0.9999999999990026,1.0,2.0,1.0,0.0,0.0,0.0,,1.0,"{""native_task_candidate"":240}",{}
ur5e,near_limit/regular/alpha=0.95,range_loss_matched,80,80,3,"[79,79,79]","[79,79,79]",79.0,0.9875,0.9875,79,1,1.7366455,3.4957374,3.8708993499999997,1.7972691708333335,143.78153366666666,0,0.0009612698234491553,0.0009860869658993919,0.008683792881161403,0.008716342811664796,0.9950893645093623,0.45569620253164556,3.8730176550844646e-05,4.2853378838596945e-05,0.6111396213034797,9.125,23.05,,0.0,0.0,0.0,,0.0,"{""task_accepted_early"":237,""optimizer:CONVERGENCE: RELATIVE REDUCTION OF F <= FACTR*EPSMCH"":3}","{""position_tolerance+orientation_tolerance"":3}"
ur5e,near_limit/regular/alpha=0.95,direct_sqp,80,80,3,"[80,80,80]","[80,80,80]",80.0,1.0,1.0,80,0,1.5566765,2.15567635,2.2946091499999994,1.5379251291666667,123.03401033333334,0,0.0009999999908257185,0.0009999999981502247,0.008726646174783304,0.00872664624780837,0.9999999960693299,1.0,9.174281592663065e-12,8.52166957658607e-11,0.5391380062178261,10.8875,17.4,,0.0,0.0,0.0,,0.0,"{""task_accepted_early"":240}",{}
ur5e,near_limit/regular/alpha=0.95,fixed_qp1,80,80,3,"[80,80,80]","[80,80,80]",80.0,1.0,1.0,80,0,0.269911,0.3082213999999999,0.34945072,0.2742515541666667,21.940124333333333,0,0.0005920501101578898,0.0008835012102418424,0.002779593578321088,0.0054498174670932955,0.5920501101578898,0.0,0.0004079498898421094,0.0059470526816789064,0.9999999999990026,1.0,2.0,1.0,0.0,0.0,0.0,,1.0,"{""native_task_candidate"":240}",{}
ur5e,near_limit/regular/alpha=0.95,fixed_qp2,80,80,3,"[80,80,80]","[80,80,80]",80.0,1.0,1.0,80,0,0.26793,0.31455294999999994,0.34695358999999976,0.27247492916666666,21.79799433333333,0,0.0005920501101578898,0.0008835012102418424,0.002779593578321088,0.0054498174670932955,0.5920501101578898,0.0,0.0004079498898421094,0.0059470526816789064,0.9999999999990026,1.0,2.0,1.0,0.0,0.0,0.0,,1.0,"{""native_task_candidate"":240}",{}
ur5e,near_limit/high_utilization/alpha=0.0,relative,80,80,3,"[80,80,80]","[80,80,80]",80.0,1.0,1.0,80,0,0.42839249999999995,0.50150175,0.51354944,0.4085988125,32.687905,0,0.0008383808764167995,0.0009925146484238197,0.0032913951235673737,0.006056012664536105,0.8383808764167994,0.025,0.0001616191235831997,0.005435251136432624,0.9999999999990026,1.775,2.775,0.225,0.775,0.0,0.775,1.0,1.775,"{""native_task_candidate"":240}",{}
ur5e,near_limit/high_utilization/alpha=0.0,gn,80,80,3,"[80,80,80]","[80,80,80]",80.0,1.0,1.0,80,0,0.4173495,0.49837729999999997,0.51646801,0.40814567083333336,32.65165366666667,0,0.0008383808764167995,0.0009925146484238197,0.0032913951235673737,0.006056012664536105,0.8383808764167994,0.025,0.0001616191235831997,0.005435251136432624,0.9999999999990026,2.775,5.55,,,,,,,"{""task_candidate"":240}",{}
ur5e,near_limit/high_utilization/alpha=0.0,tight,80,80,3,"[80,80,80]","[80,80,80]",80.0,1.0,1.0,80,0,0.7758445,2.34692475,2.4678687299999997,0.9609953708333333,76.87962966666667,0,0.000869710881955517,0.0009925146484238197,0.0032913951235673737,0.006056012664536105,0.8697108819555169,0.025,0.00013028911804448276,0.005435251136432624,0.9999999999990026,1.75,7.0875,0.225,0.775,0.775,0.0,0.0,6.0875,"{""native_task_candidate"":240}",{}
ur5e,near_limit/high_utilization/alpha=0.0,clarabel,80,80,3,"[80,80,80]","[80,80,80]",80.0,1.0,1.0,80,0,0.6214305,0.7130700999999999,0.7356668999999999,0.5592359458333334,44.73887566666667,0,0.0008383808764167995,0.0009925146484238197,0.0032913951235673737,0.006056012664536105,0.8383808764167994,0.025,0.0001616191235831997,0.005435251136432624,0.9999999999990026,1.775,3.55,0.225,0.775,0.775,0.0,0.0,2.55,"{""native_task_candidate"":240}",{}
ur5e,near_limit/high_utilization/alpha=0.0,range_loss_matched,80,80,3,"[80,80,80]","[80,80,80]",80.0,1.0,1.0,80,0,2.737094,4.726086049999999,5.860598489999989,2.634898475,210.791878,0,0.0009671497815866857,0.0009979482646623901,0.008540463481025877,0.008585774879263028,0.9809685829001401,0.375,3.285021841331423e-05,0.00018618277897412263,0.9999999999990026,14.85,36.375,,0.0,0.0,0.0,,0.0,"{""task_accepted_early"":240}",{}
ur5e,near_limit/high_utilization/alpha=0.0,direct_sqp,80,80,3,"[80,80,80]","[80,80,80]",80.0,1.0,1.0,80,0,2.3288155,2.9016424499999998,3.02616658,2.37663585,190.130868,0,0.0009999999821223228,0.0009999999975289864,0.008726646100525495,0.008726646182119902,0.9999999878639655,1.0,1.787767718152561e-11,1.594745039149026e-10,0.9999999999990026,17.8875,30.65,,0.0,0.0,0.0,,0.0,"{""task_accepted_early"":240}",{}
ur5e,near_limit/high_utilization/alpha=0.0,fixed_qp1,80,80,3,"[80,80,80]","[80,80,80]",80.0,1.0,1.0,80,0,0.402005,0.4816464,0.50148776,0.38801988749999994,31.041590999999997,0,0.0008383808764167995,0.0009925146484238197,0.0032913951235673737,0.006056012664536105,0.8383808764167994,0.025,0.0001616191235831997,0.005435251136432624,0.9999999999990026,1.775,2.775,0.225,0.775,0.0,0.0,0.0,1.775,"{""native_task_candidate"":240}",{}
ur5e,near_limit/high_utilization/alpha=0.0,fixed_qp2,80,80,3,"[80,80,80]","[80,80,80]",80.0,1.0,1.0,80,0,0.538779,0.63869405,0.6615265199999999,0.49972815833333334,39.97825266666667,0,0.0008383808764167995,0.0009925146484238197,0.0032913951235673737,0.006056012664536105,0.8383808764167994,0.025,0.0001616191235831997,0.005435251136432624,0.9999999999990026,1.775,3.55,0.225,0.775,0.775,0.0,0.0,2.55,"{""native_task_candidate"":240}",{}
ur5e,near_limit/high_utilization/alpha=0.5,relative,80,80,3,"[80,80,80]","[80,80,80]",80.0,1.0,1.0,80,0,0.4265475,0.50331785,0.53220894,0.40924544583333333,32.739635666666665,0,0.0008739675652788045,0.0009952125812292812,0.003511136997050929,0.007299763647400665,0.8739675652788045,0.0375,0.00012603243472119542,0.005215509262949062,0.9999999999990026,1.775,2.775,0.225,0.775,0.0,0.775,1.0,1.775,"{""native_task_candidate"":240}",{}
ur5e,near_limit/high_utilization/alpha=0.5,gn,80,80,3,"[80,80,80]","[80,80,80]",80.0,1.0,1.0,80,0,0.411984,0.49406954999999997,0.50903945,0.4047356416666667,32.37885133333334,0,0.0008739675652788045,0.0009952125812292812,0.003511136997050929,0.007299763647400665,0.8739675652788045,0.0375,0.00012603243472119542,0.005215509262949062,0.9999999999990026,2.775,5.55,,,,,,,"{""task_candidate"":240}",{}
ur5e,near_limit/high_utilization/alpha=0.5,tight,80,80,3,"[80,80,80]","[80,80,80]",80.0,1.0,1.0,80,0,0.766297,2.3171442,2.531255239999999,0.9483333458333332,75.86666766666666,0,0.0008844439687060869,0.0009952125812292812,0.003511136997050929,0.007299763647400665,0.8844439687060869,0.05,0.00011555603129391196,0.005215509262949062,0.9999999999990026,1.7375,6.9625,0.225,0.775,0.7625,0.0,0.0,5.9625,"{""native_task_candidate"":240}",{}
ur5e,near_limit/high_utilization/alpha=0.5,clarabel,80,80,3,"[80,80,80]","[80,80,80]",80.0,1.0,1.0,80,0,0.622749,0.700754,0.79704979,0.5642340375,45.138723,0,0.0008739675652788045,0.0009952125812292812,0.003511136997050929,0.007299763647400665,0.8739675652788045,0.0375,0.00012603243472119542,0.005215509262949062,0.9999999999990026,1.775,3.55,0.225,0.775,0.775,0.0,0.0,2.55,"{""native_task_candidate"":240}",{}
ur5e,near_limit/high_utilization/alpha=0.5,range_loss_matched,80,80,3,"[78,78,78]","[78,78,78]",78.0,0.975,0.975,78,2,2.6261925,4.506504849999999,5.234440329999998,2.6752521625,214.020173,0,0.000980996392107431,0.0009992078697950858,0.008567318541733229,0.008705178536681195,0.9860392604728285,0.358974358974359,1.9003607892569115e-05,0.0001593277182667709,0.9999999999990026,14.8875,36.925,,0.0,0.0,0.0,,0.0,"{""task_accepted_early"":234,""optimizer:CONVERGENCE: RELATIVE REDUCTION OF F <= FACTR*EPSMCH"":6}","{""position_tolerance+orientation_tolerance"":3,""position_tolerance"":3}"
ur5e,near_limit/high_utilization/alpha=0.5,direct_sqp,80,80,3,"[80,80,80]","[80,80,80]",80.0,1.0,1.0,80,0,2.3506235,2.87460545,3.025755829999998,2.3832350625,190.658805,0,0.0009999999861049675,0.0009999999903662436,0.008726646005486905,0.008726646219342027,0.9999999888572765,1.0,1.389503253125882e-11,2.545130948876373e-10,0.9999999999990026,18.075,30.7875,,0.0,0.0,0.0,,0.0,"{""task_accepted_early"":240}",{}
ur5e,near_limit/high_utilization/alpha=0.5,fixed_qp1,80,80,3,"[80,80,80]","[80,80,80]",80.0,1.0,1.0,80,0,0.4006885,0.4736471,0.49218055999999993,0.38831475,31.065179999999998,0,0.0008739675652788045,0.0009952125812292812,0.003511136997050929,0.007299763647400665,0.8739675652788045,0.0375,0.00012603243472119542,0.005215509262949062,0.9999999999990026,1.775,2.775,0.225,0.775,0.0,0.0,0.0,1.775,"{""native_task_candidate"":240}",{}
ur5e,near_limit/high_utilization/alpha=0.5,fixed_qp2,80,80,3,"[80,80,80]","[80,80,80]",80.0,1.0,1.0,80,0,0.5343315,0.6373578499999999,0.6818961099999997,0.49870249166666675,39.896199333333335,0,0.0008739675652788045,0.0009952125812292812,0.003511136997050929,0.007299763647400665,0.8739675652788045,0.0375,0.00012603243472119542,0.005215509262949062,0.9999999999990026,1.775,3.55,0.225,0.775,0.775,0.0,0.0,2.55,"{""native_task_candidate"":240}",{}
ur5e,near_limit/high_utilization/alpha=0.95,relative,80,80,3,"[80,80,80]","[80,80,80]",80.0,1.0,1.0,80,0,0.428259,0.51237955,0.5558991899999998,0.41549482083333333,33.23958566666666,0,0.0009110364998945429,0.0009851441231350313,0.00602352857179702,0.007154427640323495,0.9110364998945429,0.0625,8.896350010545645e-05,0.002703117688202974,0.9999999999990026,1.8,2.8,0.2,0.8,0.0,0.8,1.0,1.8,"{""native_task_candidate"":240}",{}
ur5e,near_limit/high_utilization/alpha=0.95,gn,80,80,3,"[80,80,80]","[80,80,80]",80.0,1.0,1.0,80,0,0.420068,0.4990845,0.5373849699999996,0.41410150833333337,33.12812066666667,0,0.0009110364998945429,0.0009851441231350313,0.00602352857179702,0.007154427640323495,0.9110364998945429,0.0625,8.896350010545645e-05,0.002703117688202974,0.9999999999990026,2.8,5.6,,,,,,,"{""task_candidate"":240}",{}
ur5e,near_limit/high_utilization/alpha=0.95,tight,80,80,3,"[80,80,80]","[80,80,80]",80.0,1.0,1.0,80,0,0.8003695,2.2714982999999993,2.640619859999996,1.0193454291666666,81.54763433333333,0,0.0009594773785952156,0.0009961230214416345,0.006010042469911556,0.007154427640323495,0.9594773785952156,0.1,4.052262140478418e-05,0.0027166037900884375,0.9999999999990026,1.725,7.4875,0.2,0.8,0.7875,0.0,0.0,6.5,"{""native_task_candidate"":240}",{}
ur5e,near_limit/high_utilization/alpha=0.95,clarabel,80,80,3,"[80,80,80]","[80,80,80]",80.0,1.0,1.0,80,0,0.6260015,0.7311424999999999,0.7929685399999999,0.5721570958333333,45.77256766666667,0,0.0009480688668540361,0.0009958654147269076,0.006102741557524481,0.007154427640323495,0.948068866854036,0.0875,5.1931133145963765e-05,0.002623904702475514,0.9999999999990026,1.7625,3.5625,0.2,0.8,0.8,0.0,0.0,2.5625,"{""native_task_candidate"":240}",{}
ur5e,near_limit/high_utilization/alpha=0.95,range_loss_matched,80,80,3,"[78,78,78]","[78,78,78]",78.0,0.975,0.975,78,2,2.769056,5.803820549999996,7.551614109999974,2.8365078375,226.920627,0,0.0009449932216824702,0.0009986455317887333,0.008567917978079726,0.008711372438943928,0.9832049683578284,0.38461538461538464,5.500677831752974e-05,0.00015872828192027452,0.9999999999990026,16.45,39.5625,,0.0,0.0,0.0,,0.0,"{""task_accepted_early"":234,""optimizer:CONVERGENCE: RELATIVE REDUCTION OF F <= FACTR*EPSMCH"":6}","{""position_tolerance+orientation_tolerance"":3,""orientation_tolerance"":3}"
ur5e,near_limit/high_utilization/alpha=0.95,direct_sqp,80,80,3,"[80,80,80]","[80,80,80]",80.0,1.0,1.0,80,0,2.3466065,2.93527475,3.0163701599999997,2.3921924916666666,191.37539933333332,0,0.000999999984689627,0.000999999993721845,0.008726646116874879,0.008726646239757422,0.9999999892782103,1.0,1.531037289136117e-11,1.4312512078284994e-10,0.9999999999990026,17.975,30.7875,,0.0,0.0,0.0,,0.0,"{""task_accepted_early"":240}",{}
ur5e,near_limit/high_utilization/alpha=0.95,fixed_qp1,80,80,3,"[80,80,80]","[80,80,80]",80.0,1.0,1.0,80,0,0.4041515,0.48723425,0.52418345,0.3944430833333333,31.555446666666665,0,0.0009110364998945429,0.0009851441231350313,0.00602352857179702,0.007154427640323495,0.9110364998945429,0.0625,8.896350010545645e-05,0.002703117688202974,0.9999999999990026,1.8,2.8,0.2,0.8,0.0,0.0,0.0,1.8,"{""native_task_candidate"":240}",{}
ur5e,near_limit/high_utilization/alpha=0.95,fixed_qp2,80,80,3,"[80,80,80]","[80,80,80]",80.0,1.0,1.0,80,0,0.5306835,0.64963845,0.6951198899999996,0.5075260041666667,40.60208033333333,0,0.0009110364998945429,0.0009851441231350313,0.006009832453832014,0.007154427640323495,0.9110364998945429,0.0625,8.896350010545645e-05,0.0027168138061679794,0.9999999999990026,1.8,3.6,0.2,0.8,0.8,0.0,0.0,2.6,"{""native_task_candidate"":240}",{}
ur5e,near_limit/multijoint_boundary/alpha=0.0,relative,80,80,3,"[80,80,80]","[80,80,80]",80.0,1.0,1.0,80,0,0.5035205,0.5751597999999999,0.60707955,0.47532471249999997,38.025977,0,0.0008964449976225416,0.000982878421843687,0.006286379588761746,0.008473255651982247,0.8992003313322978,0.05,0.0001035550023774584,0.002440266671238252,0.9999999999990026,1.7875,2.7875,0.2125,0.7875,0.0,0.7875,1.0,1.7875,"{""native_task_candidate"":240}",{}
ur5e,near_limit/multijoint_boundary/alpha=0.0,gn,80,80,3,"[80,80,80]","[80,80,80]",80.0,1.0,1.0,80,0,0.5003789999999999,0.5616382999999999,0.5985819599999999,0.4729741333333333,37.837930666666665,0,0.0008964449976225416,0.000982878421843687,0.006286379588761746,0.008473255651982247,0.8992003313322978,0.05,0.0001035550023774584,0.002440266671238252,0.9999999999990026,2.7875,5.575,,,,,,,"{""task_candidate"":240}",{}
ur5e,near_limit/multijoint_boundary/alpha=0.0,tight,80,80,3,"[80,80,80]","[80,80,80]",80.0,1.0,1.0,80,0,1.232224,2.4965600999999995,2.67367441,1.2926656583333336,103.41325266666668,0,0.0008992003313322978,0.0009973610075970129,0.006450024156900045,0.008473255651982247,0.909910865466843,0.0625,0.00010079966866770204,0.0022766221030999364,0.9999999999990026,1.725,8.1625,0.2125,0.7875,0.7875,0.0,0.0,7.1625,"{""native_task_candidate"":240}",{}
ur5e,near_limit/multijoint_boundary/alpha=0.0,clarabel,80,80,3,"[80,80,80]","[80,80,80]",80.0,1.0,1.0,80,0,0.701553,0.7988300499999998,0.83336587,0.6319695583333333,50.55756466666667,0,0.0008992003313322978,0.0009973596261167823,0.006286379588761746,0.008473255651982247,0.909910865466843,0.0625,0.00010079966866770204,0.002440266671238252,0.9999999999990026,1.775,3.5625,0.2125,0.7875,0.7875,0.0,0.0,2.5625,"{""native_task_candidate"":240}",{}
ur5e,near_limit/multijoint_boundary/alpha=0.0,range_loss_matched,80,80,3,"[80,80,80]","[80,80,80]",80.0,1.0,1.0,80,0,1.7158285,4.822025899999999,6.694312289999971,2.138472354166667,171.07778833333336,0,0.0008766179928718841,0.0009930152050601582,0.00810370757977489,0.008687659663143108,0.9588071626171074,0.125,0.0001233820071281153,0.0006229386802251056,0.9999999999990026,12.975,28.4875,,0.0,0.0,0.0,,0.0,"{""task_accepted_early"":240}",{}
ur5e,near_limit/multijoint_boundary/alpha=0.0,direct_sqp,80,80,3,"[80,80,80]","[80,80,80]",80.0,1.0,1.0,80,0,2.344963,2.7491972000000002,2.89508274,2.337873108333333,187.02984866666665,0,0.0009999999905461686,0.000999999997380104,0.00872664609707897,0.008726646207780261,0.9999999927735711,1.0,9.453831305034774e-12,1.629210310931384e-10,0.9999999999990026,17.75,30.0,,0.0,0.0,0.0,,0.0,"{""task_accepted_early"":240}",{}
ur5e,near_limit/multijoint_boundary/alpha=0.0,fixed_qp1,80,80,3,"[80,80,80]","[80,80,80]",80.0,1.0,1.0,80,0,0.484068,0.55501105,0.5820487599999999,0.4544244333333333,36.35395466666667,0,0.0008964449976225416,0.000982878421843687,0.006286379588761746,0.008473255651982247,0.8992003313322978,0.05,0.0001035550023774584,0.002440266671238252,0.9999999999990026,1.7875,2.7875,0.2125,0.7875,0.0,0.0,0.0,1.7875,"{""native_task_candidate"":240}",{}
ur5e,near_limit/multijoint_boundary/alpha=0.0,fixed_qp2,80,80,3,"[80,80,80]","[80,80,80]",80.0,1.0,1.0,80,0,0.64699,0.7294126,0.7625012099999999,0.5844569333333334,46.756554666666666,0,0.0008964449976225416,0.000982878421843687,0.006450024156900045,0.008473255651982247,0.8992003313322978,0.05,0.0001035550023774584,0.0022766221030999364,0.9999999999990026,1.775,3.5625,0.2125,0.7875,0.7875,0.0,0.0,2.5625,"{""native_task_candidate"":240}",{}
ur5e,near_limit/multijoint_boundary/alpha=0.5,relative,80,80,3,"[80,80,80]","[80,80,80]",80.0,1.0,1.0,80,0,0.4867665,0.539118,0.5927136399999994,0.4646301291666667,37.170410333333336,0,0.0008138163261578955,0.0009790624095307896,0.006078850430222938,0.008125583192443787,0.829353796875183,0.05,0.00018618367384210435,0.0026477958297770605,0.9999999999990026,1.825,2.825,0.175,0.825,0.0,0.825,1.0,1.825,"{""native_task_candidate"":240}",{}
ur5e,near_limit/multijoint_boundary/alpha=0.5,gn,80,80,3,"[80,80,80]","[80,80,80]",80.0,1.0,1.0,80,0,0.4735895,0.53064415,0.5661683299999997,0.46101311666666667,36.88104933333333,0,0.0008138163261578955,0.0009790624095307896,0.006078850430222938,0.008125583192443787,0.829353796875183,0.05,0.00018618367384210435,0.0026477958297770605,0.9999999999990026,2.825,5.65,,,,,,,"{""task_candidate"":240}",{}
ur5e,near_limit/multijoint_boundary/alpha=0.5,tight,80,80,3,"[80,80,80]","[80,80,80]",80.0,1.0,1.0,80,0,1.31208,2.6259796499999997,2.7480849000000003,1.3664611249999998,109.31688999999999,0,0.0009160449766497577,0.0009790624095307896,0.006203110029511979,0.008337072071457514,0.9313906487828479,0.0875,8.395502335024229e-05,0.0025235362304880183,0.9999999999990026,1.7875,8.7625,0.175,0.825,0.825,0.0,0.0,7.7625,"{""native_task_candidate"":240}",{}
ur5e,near_limit/multijoint_boundary/alpha=0.5,clarabel,80,80,3,"[80,80,80]","[80,80,80]",80.0,1.0,1.0,80,0,0.6940775,0.7682406,0.8284440099999999,0.6397778125,51.182224999999995,0,0.0008138163261578955,0.0009790624095307896,0.0063796454688895615,0.008337057692791373,0.91657053111792,0.0625,0.00018618367384210435,0.002347000791110429,0.9999999999990026,1.8125,3.6375,0.175,0.825,0.825,0.0,0.0,2.6375,"{""native_task_candidate"":240}",{}
ur5e,near_limit/multijoint_boundary/alpha=0.5,range_loss_matched,80,80,3,"[80,80,80]","[80,80,80]",80.0,1.0,1.0,80,0,1.4376655,4.7609601999999995,6.004478579999984,1.9172819041666667,153.38255233333334,0,0.000975441392199033,0.0009827206094120378,0.008379744127995562,0.008606282868174091,0.9796905220162753,0.2125,2.4558607800966984e-05,0.0003469021320044384,0.9999999999990026,11.4875,24.825,,0.0,0.0,0.0,,0.0,"{""task_accepted_early"":240}",{}
ur5e,near_limit/multijoint_boundary/alpha=0.5,direct_sqp,80,80,3,"[80,80,80]","[80,80,80]",80.0,1.0,1.0,80,0,2.363679,2.71805655,2.76180141,2.3324302416666662,186.59441933333332,0,0.000999999992818124,0.000999999999893063,0.008726646063203744,0.008726646213849268,0.9999999947871858,1.0,7.181876068244196e-12,1.967962571548798e-10,0.9999999999990026,17.625,29.8625,,0.0,0.0,0.0,,0.0,"{""task_accepted_early"":240}",{}
ur5e,near_limit/multijoint_boundary/alpha=0.5,fixed_qp1,80,80,3,"[80,80,80]","[80,80,80]",80.0,1.0,1.0,80,0,0.4563895,0.5110470500000001,0.5579477699999996,0.4399551,35.196408,0,0.0008138163261578955,0.0009790624095307896,0.006078850430222938,0.008125583192443787,0.829353796875183,0.05,0.00018618367384210435,0.0026477958297770605,0.9999999999990026,1.825,2.825,0.175,0.825,0.0,0.0,0.0,1.825,"{""native_task_candidate"":240}",{}
ur5e,near_limit/multijoint_boundary/alpha=0.5,fixed_qp2,80,80,3,"[80,80,80]","[80,80,80]",80.0,1.0,1.0,80,0,0.6263209999999999,0.6868876499999998,0.72355996,0.5801069958333332,46.40855966666666,0,0.0008138163261578955,0.0009790624095307896,0.006078850430222938,0.008125583192443787,0.829353796875183,0.05,0.00018618367384210435,0.0026477958297770605,0.9999999999990026,1.825,3.65,0.175,0.825,0.825,0.0,0.0,2.65,"{""native_task_candidate"":240}",{}
ur5e,near_limit/multijoint_boundary/alpha=0.95,relative,80,80,3,"[80,80,80]","[80,80,80]",80.0,1.0,1.0,80,0,0.4853635,0.6016335499999997,2.8249647799999886,0.5272819833333334,42.18255866666667,0,0.0009328038539814428,0.0009677306633852838,0.008329477640829499,0.008618277549446123,0.9572643766605984,0.3,6.719614601855711e-05,0.0003971686191705001,0.9999999999990026,1.9375,3.25,0.1125,0.8875,0.0375,0.8875,0.9615384615384616,2.25,"{""native_task_candidate"":240}",{}
ur5e,near_limit/multijoint_boundary/alpha=0.95,gn,80,80,3,"[77,77,77]","[77,77,77]",77.0,0.9625,0.9625,77,3,0.474865,0.5875637999999997,3.7911681299999973,0.5821912333333333,46.57529866666667,0,0.0009240980502951103,0.0009677306633852838,0.00833960047703611,0.008618277549446123,0.960213467936921,0.2727272727272727,7.590194970488967e-05,0.0003870457829638907,0.9999999999990026,3.2875,8.95,,,,,,,"{""task_candidate"":231,""no_descent"":3,""stationary"":6}","{""orientation_tolerance"":9}"
ur5e,near_limit/multijoint_boundary/alpha=0.95,tight,80,80,3,"[80,80,80]","[80,80,80]",80.0,1.0,1.0,80,0,1.2886555,2.6124652999999998,3.6980362499999795,1.45434135,116.347308,0,0.0009357305048504394,0.000999635481112774,0.008301290785455396,0.00855062069066985,0.9572247774491771,0.3125,6.426949514956064e-05,0.00042535547454460406,0.9999999999990026,1.8625,9.35,0.1125,0.8875,0.8875,0.0,0.0,8.35,"{""native_task_candidate"":240}",{}
ur5e,near_limit/multijoint_boundary/alpha=0.95,clarabel,80,80,3,"[80,80,80]","[80,80,80]",80.0,1.0,1.0,80,0,0.699793,0.8839222,1.0568963899999997,0.6779085208333332,54.23268166666666,0,0.0009216232643237103,0.0009677306633852838,0.008301290785455682,0.008550620676115237,0.9543146020830033,0.3125,7.837673567628958e-05,0.00042535547454431664,0.9999999999990026,1.875,3.825,0.1125,0.8875,0.8875,0.0,0.0,2.825,"{""native_task_candidate"":240}",{}
ur5e,near_limit/multijoint_boundary/alpha=0.95,range_loss_matched,80,80,3,"[76,76,76]","[76,76,76]",76.0,0.95,0.95,76,4,2.0905880000000003,4.5036005,5.6514178,2.1767948791666667,174.14359033333335,0,0.0009844643093154233,0.0009935380090735216,0.008641989214878196,0.008722628752025046,0.9932134276867759,0.6973684210526315,1.553569068457653e-05,8.465704512180191e-05,0.9999999999990026,14.2625,28.7625,,0.0,0.0,0.0,,0.0,"{""task_accepted_early"":228,""optimizer:CONVERGENCE: RELATIVE REDUCTION OF F <= FACTR*EPSMCH"":12}","{""orientation_tolerance"":9,""position_tolerance"":3}"
ur5e,near_limit/multijoint_boundary/alpha=0.95,direct_sqp,80,80,3,"[80,80,80]","[80,80,80]",80.0,1.0,1.0,80,0,2.356411,2.75933635,2.8794542299999994,2.3396265208333333,187.17012166666666,0,0.0009999999768682084,0.0009999999979513287,0.00872664609154841,0.008726646178263115,0.9999999866274226,1.0,2.3131791686108192e-11,1.684515890491845e-10,0.9999999999990026,17.575,29.8,,0.0,0.0,0.0,,0.0,"{""task_accepted_early"":240}",{}
ur5e,near_limit/multijoint_boundary/alpha=0.95,fixed_qp1,80,80,3,"[77,77,77]","[77,77,77]",77.0,0.9625,0.9625,77,3,0.45599999999999996,0.57726925,4.419469109999999,0.5538890583333334,44.31112466666667,0,0.0009240980502951103,0.0009677306633852838,0.00833960047703611,0.008618277549446123,0.960213467936921,0.2727272727272727,7.590194970488967e-05,0.0003870457829638907,0.9999999999990026,2.225,5.15,0.1125,0.8875,0.0,0.0,0.0,2.225,"{""native_task_candidate"":231,""no_descent"":6,""stationary"":3}","{""orientation_tolerance"":9}"
ur5e,near_limit/multijoint_boundary/alpha=0.95,fixed_qp2,80,80,3,"[79,79,79]","[79,79,79]",79.0,0.9875,0.9875,79,1,0.6246754999999999,0.74814815,3.1905774699999725,0.6594286541666665,52.754292333333325,0,0.0009254654122201792,0.0009677306633852838,0.008332851919565036,0.008620020189009397,0.9582437166687539,0.2911392405063291,7.45345877798207e-05,0.0003937943404349637,0.9999999999990026,2.025,4.625,0.1125,0.8875,0.8875,0.0,0.0,3.1,"{""native_task_candidate"":237,""stationary"":3}","{""orientation_tolerance"":3}"
