input_id,site_id,uid,method,repeats,accepted_count,internal_success_count,native_return_codes,position_error_m,orientation_error_rad,velocity_utilization,latency_ms,failure_reasons,known_legal_command_witness
state_14_candidate_00,state_14,652db5eb389e7355156299a8e5d39fecb8bc55621d923f9a05f415fc9d4a9f4d,trac_strict_5ms,5,5,5,"[1, 1, 1, 1, 1]","{'n': 5, 'mean': 1.4461412797011342e-06, 'p50': 1.4461412797011342e-06, 'p95': 1.4461412797011342e-06, 'p99': 1.4461412797011342e-06, 'max': 1.4461412797011342e-06}","{'n': 5, 'mean': 3.932322596068193e-06, 'p50': 3.932322596068193e-06, 'p95': 3.932322596068193e-06, 'p99': 3.932322596068193e-06, 'max': 3.932322596068193e-06}","{'n': 5, 'mean': 0.1403547571588084, 'p50': 0.1403547571588084, 'p95': 0.1403547571588084, 'p99': 0.1403547571588084, 'max': 0.1403547571588084}","{'n': 5, 'mean': 0.34839220000000004, 'p50': 0.245454, 'p95': 0.7275039999999999, 'p99': 0.8129864, 'max': 0.834357}","['accepted', 'accepted', 'accepted', 'accepted', 'accepted']",outputs/continuation_mechanism_study/nonlinear_continuation_reference/successful_witnesses/state_14_candidate_00_L1_dls_prediction.json
state_14_candidate_00,state_14,652db5eb389e7355156299a8e5d39fecb8bc55621d923f9a05f415fc9d4a9f4d,trac_task_5ms,5,5,5,"[1, 1, 1, 1, 1]","{'n': 5, 'mean': 1.1457280731963021e-05, 'p50': 1.1457280731963021e-05, 'p95': 1.1457280731963021e-05, 'p99': 1.1457280731963021e-05, 'max': 1.1457280731963021e-05}","{'n': 5, 'mean': 1.959212864126254e-05, 'p50': 1.959212864126254e-05, 'p95': 1.959212864126254e-05, 'p99': 1.959212864126254e-05, 'max': 1.959212864126254e-05}","{'n': 5, 'mean': 0.157911587959238, 'p50': 0.157911587959238, 'p95': 0.157911587959238, 'p99': 0.157911587959238, 'max': 0.157911587959238}","{'n': 5, 'mean': 0.2698674, 'p50': 0.211144, 'p95': 0.4828775999999999, 'p99': 0.53539312, 'max': 0.548522}","['accepted', 'accepted', 'accepted', 'accepted', 'accepted']",outputs/continuation_mechanism_study/nonlinear_continuation_reference/successful_witnesses/state_14_candidate_00_L1_dls_prediction.json
state_14_candidate_00,state_14,652db5eb389e7355156299a8e5d39fecb8bc55621d923f9a05f415fc9d4a9f4d,trac_strict_20ms,5,5,5,"[1, 1, 1, 1, 1]","{'n': 5, 'mean': 1.4461412797011342e-06, 'p50': 1.4461412797011342e-06, 'p95': 1.4461412797011342e-06, 'p99': 1.4461412797011342e-06, 'max': 1.4461412797011342e-06}","{'n': 5, 'mean': 3.932322596068193e-06, 'p50': 3.932322596068193e-06, 'p95': 3.932322596068193e-06, 'p99': 3.932322596068193e-06, 'max': 3.932322596068193e-06}","{'n': 5, 'mean': 0.1403547571588084, 'p50': 0.1403547571588084, 'p95': 0.1403547571588084, 'p99': 0.1403547571588084, 'max': 0.1403547571588084}","{'n': 5, 'mean': 0.22823439999999998, 'p50': 0.224346, 'p95': 0.2736382, 'p99': 0.28069244, 'max': 0.282456}","['accepted', 'accepted', 'accepted', 'accepted', 'accepted']",outputs/continuation_mechanism_study/nonlinear_continuation_reference/successful_witnesses/state_14_candidate_00_L1_dls_prediction.json
state_14_candidate_00,state_14,652db5eb389e7355156299a8e5d39fecb8bc55621d923f9a05f415fc9d4a9f4d,trac_task_20ms,5,5,5,"[1, 1, 1, 1, 1]","{'n': 5, 'mean': 1.1457280731963021e-05, 'p50': 1.1457280731963021e-05, 'p95': 1.1457280731963021e-05, 'p99': 1.1457280731963021e-05, 'max': 1.1457280731963021e-05}","{'n': 5, 'mean': 1.959212864126254e-05, 'p50': 1.959212864126254e-05, 'p95': 1.959212864126254e-05, 'p99': 1.959212864126254e-05, 'max': 1.959212864126254e-05}","{'n': 5, 'mean': 0.157911587959238, 'p50': 0.157911587959238, 'p95': 0.157911587959238, 'p99': 0.157911587959238, 'max': 0.157911587959238}","{'n': 5, 'mean': 0.24177799999999997, 'p50': 0.243417, 'p95': 0.2852304, 'p99': 0.29287008, 'max': 0.29478}","['accepted', 'accepted', 'accepted', 'accepted', 'accepted']",outputs/continuation_mechanism_study/nonlinear_continuation_reference/successful_witnesses/state_14_candidate_00_L1_dls_prediction.json
state_14_candidate_00,state_14,652db5eb389e7355156299a8e5d39fecb8bc55621d923f9a05f415fc9d4a9f4d,dls_strict,1,1,1,[None],"{'n': 1, 'mean': 3.3095948714064748e-06, 'p50': 3.3095948714064748e-06, 'p95': 3.3095948714064748e-06, 'p99': 3.3095948714064748e-06, 'max': 3.3095948714064748e-06}","{'n': 1, 'mean': 6.609663087119784e-06, 'p50': 6.609663087119784e-06, 'p95': 6.609663087119784e-06, 'p99': 6.609663087119784e-06, 'max': 6.609663087119784e-06}","{'n': 1, 'mean': 0.13536585915595511, 'p50': 0.13536585915595511, 'p95': 0.13536585915595511, 'p99': 0.13536585915595511, 'max': 0.13536585915595511}","{'n': 1, 'mean': 2.64948, 'p50': 2.64948, 'p95': 2.64948, 'p99': 2.64948, 'max': 2.64948}",['accepted'],outputs/continuation_mechanism_study/nonlinear_continuation_reference/successful_witnesses/state_14_candidate_00_L1_dls_prediction.json
state_14_candidate_00,state_14,652db5eb389e7355156299a8e5d39fecb8bc55621d923f9a05f415fc9d4a9f4d,dls_task,1,1,1,[None],"{'n': 1, 'mean': 0.0003094857567416839, 'p50': 0.0003094857567416839, 'p95': 0.0003094857567416839, 'p99': 0.0003094857567416839, 'max': 0.0003094857567416839}","{'n': 1, 'mean': 0.0008220008915413252, 'p50': 0.0008220008915413252, 'p95': 0.0008220008915413252, 'p99': 0.0008220008915413252, 'max': 0.0008220008915413252}","{'n': 1, 'mean': 0.1091124283595889, 'p50': 0.1091124283595889, 'p95': 0.1091124283595889, 'p99': 0.1091124283595889, 'max': 0.1091124283595889}","{'n': 1, 'mean': 0.698174, 'p50': 0.698174, 'p95': 0.698174, 'p99': 0.698174, 'max': 0.698174}",['accepted'],outputs/continuation_mechanism_study/nonlinear_continuation_reference/successful_witnesses/state_14_candidate_00_L1_dls_prediction.json
state_14_candidate_01,state_14,652db5eb389e7355156299a8e5d39fecb8bc55621d923f9a05f415fc9d4a9f4d,trac_strict_5ms,5,5,5,"[1, 1, 1, 1, 1]","{'n': 5, 'mean': 1.6377760834463387e-06, 'p50': 1.6377760834463385e-06, 'p95': 1.6377760834463385e-06, 'p99': 1.6377760834463385e-06, 'max': 1.6377760834463385e-06}","{'n': 5, 'mean': 4.585380275984262e-06, 'p50': 4.585380275984262e-06, 'p95': 4.585380275984262e-06, 'p99': 4.585380275984262e-06, 'max': 4.585380275984262e-06}","{'n': 5, 'mean': 0.14175389626070262, 'p50': 0.14175389626070262, 'p95': 0.14175389626070262, 'p99': 0.14175389626070262, 'max': 0.14175389626070262}","{'n': 5, 'mean': 0.22115419999999997, 'p50': 0.196531, 'p95': 0.2766848, 'p99': 0.28209776000000003, 'max': 0.283451}","['accepted', 'accepted', 'accepted', 'accepted', 'accepted']",outputs/continuation_mechanism_study/nonlinear_continuation_reference/successful_witnesses/state_14_candidate_01_L1_dls_prediction.json
state_14_candidate_01,state_14,652db5eb389e7355156299a8e5d39fecb8bc55621d923f9a05f415fc9d4a9f4d,trac_task_5ms,5,5,5,"[1, 1, 1, 1, 1]","{'n': 5, 'mean': 1.0398812293643789e-05, 'p50': 1.0398812293643789e-05, 'p95': 1.0398812293643789e-05, 'p99': 1.0398812293643789e-05, 'max': 1.0398812293643789e-05}","{'n': 5, 'mean': 2.1165531357930452e-05, 'p50': 2.1165531357930452e-05, 'p95': 2.1165531357930452e-05, 'p99': 2.1165531357930452e-05, 'max': 2.1165531357930452e-05}","{'n': 5, 'mean': 0.15950675838438294, 'p50': 0.15950675838438294, 'p95': 0.15950675838438294, 'p99': 0.15950675838438294, 'max': 0.15950675838438294}","{'n': 5, 'mean': 0.22806759999999998, 'p50': 0.210142, 'p95': 0.28691, 'p99': 0.2965348, 'max': 0.298941}","['accepted', 'accepted', 'accepted', 'accepted', 'accepted']",outputs/continuation_mechanism_study/nonlinear_continuation_reference/successful_witnesses/state_14_candidate_01_L1_dls_prediction.json
state_14_candidate_01,state_14,652db5eb389e7355156299a8e5d39fecb8bc55621d923f9a05f415fc9d4a9f4d,trac_strict_20ms,5,5,5,"[1, 1, 1, 1, 1]","{'n': 5, 'mean': 1.6377760834463387e-06, 'p50': 1.6377760834463385e-06, 'p95': 1.6377760834463385e-06, 'p99': 1.6377760834463385e-06, 'max': 1.6377760834463385e-06}","{'n': 5, 'mean': 4.585380275984262e-06, 'p50': 4.585380275984262e-06, 'p95': 4.585380275984262e-06, 'p99': 4.585380275984262e-06, 'max': 4.585380275984262e-06}","{'n': 5, 'mean': 0.14175389626070262, 'p50': 0.14175389626070262, 'p95': 0.14175389626070262, 'p99': 0.14175389626070262, 'max': 0.14175389626070262}","{'n': 5, 'mean': 0.2202864, 'p50': 0.205654, 'p95': 0.29022479999999995, 'p99': 0.30622815999999997, 'max': 0.310229}","['accepted', 'accepted', 'accepted', 'accepted', 'accepted']",outputs/continuation_mechanism_study/nonlinear_continuation_reference/successful_witnesses/state_14_candidate_01_L1_dls_prediction.json
state_14_candidate_01,state_14,652db5eb389e7355156299a8e5d39fecb8bc55621d923f9a05f415fc9d4a9f4d,trac_task_20ms,5,5,5,"[1, 1, 1, 1, 1]","{'n': 5, 'mean': 1.0398812293643789e-05, 'p50': 1.0398812293643789e-05, 'p95': 1.0398812293643789e-05, 'p99': 1.0398812293643789e-05, 'max': 1.0398812293643789e-05}","{'n': 5, 'mean': 2.1165531357930452e-05, 'p50': 2.1165531357930452e-05, 'p95': 2.1165531357930452e-05, 'p99': 2.1165531357930452e-05, 'max': 2.1165531357930452e-05}","{'n': 5, 'mean': 0.15950675838438294, 'p50': 0.15950675838438294, 'p95': 0.15950675838438294, 'p99': 0.15950675838438294, 'max': 0.15950675838438294}","{'n': 5, 'mean': 0.2989922, 'p50': 0.282112, 'p95': 0.46039759999999996, 'p99': 0.49441472, 'max': 0.502919}","['accepted', 'accepted', 'accepted', 'accepted', 'accepted']",outputs/continuation_mechanism_study/nonlinear_continuation_reference/successful_witnesses/state_14_candidate_01_L1_dls_prediction.json
state_14_candidate_01,state_14,652db5eb389e7355156299a8e5d39fecb8bc55621d923f9a05f415fc9d4a9f4d,dls_strict,1,1,1,[None],"{'n': 1, 'mean': 2.973207451405016e-06, 'p50': 2.973207451405016e-06, 'p95': 2.973207451405016e-06, 'p99': 2.973207451405016e-06, 'max': 2.973207451405016e-06}","{'n': 1, 'mean': 6.5730227444450785e-06, 'p50': 6.5730227444450785e-06, 'p95': 6.5730227444450785e-06, 'p99': 6.5730227444450785e-06, 'max': 6.5730227444450785e-06}","{'n': 1, 'mean': 0.13845275794676673, 'p50': 0.13845275794676673, 'p95': 0.13845275794676673, 'p99': 0.13845275794676673, 'max': 0.13845275794676673}","{'n': 1, 'mean': 2.762834, 'p50': 2.762834, 'p95': 2.762834, 'p99': 2.762834, 'max': 2.762834}",['accepted'],outputs/continuation_mechanism_study/nonlinear_continuation_reference/successful_witnesses/state_14_candidate_01_L1_dls_prediction.json
state_14_candidate_01,state_14,652db5eb389e7355156299a8e5d39fecb8bc55621d923f9a05f415fc9d4a9f4d,dls_task,1,1,1,[None],"{'n': 1, 'mean': 0.0003189405140141166, 'p50': 0.0003189405140141166, 'p95': 0.0003189405140141166, 'p99': 0.0003189405140141166, 'max': 0.0003189405140141166}","{'n': 1, 'mean': 0.0008395048860784663, 'p50': 0.0008395048860784663, 'p95': 0.0008395048860784663, 'p99': 0.0008395048860784663, 'max': 0.0008395048860784663}","{'n': 1, 'mean': 0.10917671621431004, 'p50': 0.10917671621431004, 'p95': 0.10917671621431004, 'p99': 0.10917671621431004, 'max': 0.10917671621431004}","{'n': 1, 'mean': 0.660818, 'p50': 0.660818, 'p95': 0.660818, 'p99': 0.660818, 'max': 0.660818}",['accepted'],outputs/continuation_mechanism_study/nonlinear_continuation_reference/successful_witnesses/state_14_candidate_01_L1_dls_prediction.json
state_14_candidate_02,state_14,652db5eb389e7355156299a8e5d39fecb8bc55621d923f9a05f415fc9d4a9f4d,trac_strict_5ms,5,5,5,"[1, 1, 1, 1, 1]","{'n': 5, 'mean': 1.2388198156215412e-06, 'p50': 1.2388198156215412e-06, 'p95': 1.2388198156215412e-06, 'p99': 1.2388198156215412e-06, 'max': 1.2388198156215412e-06}","{'n': 5, 'mean': 3.2883053250937586e-06, 'p50': 3.2883053250937586e-06, 'p95': 3.2883053250937586e-06, 'p99': 3.2883053250937586e-06, 'max': 3.2883053250937586e-06}","{'n': 5, 'mean': 0.13907263834472922, 'p50': 0.13907263834472922, 'p95': 0.13907263834472922, 'p99': 0.13907263834472922, 'max': 0.13907263834472922}","{'n': 5, 'mean': 0.20893859999999997, 'p50': 0.200057, 'p95': 0.2483696, 'p99': 0.25659712, 'max': 0.258654}","['accepted', 'accepted', 'accepted', 'accepted', 'accepted']",outputs/continuation_mechanism_study/nonlinear_continuation_reference/successful_witnesses/state_14_candidate_02_L1_dls_prediction.json
state_14_candidate_02,state_14,652db5eb389e7355156299a8e5d39fecb8bc55621d923f9a05f415fc9d4a9f4d,trac_task_5ms,5,5,5,"[1, 1, 1, 1, 1]","{'n': 5, 'mean': 1.2390815647488839e-05, 'p50': 1.2390815647488837e-05, 'p95': 1.2390815647488837e-05, 'p99': 1.2390815647488837e-05, 'max': 1.2390815647488837e-05}","{'n': 5, 'mean': 1.8385908939800976e-05, 'p50': 1.8385908939800976e-05, 'p95': 1.8385908939800976e-05, 'p99': 1.8385908939800976e-05, 'max': 1.8385908939800976e-05}","{'n': 5, 'mean': 0.15823184083883682, 'p50': 0.15823184083883682, 'p95': 0.15823184083883682, 'p99': 0.15823184083883682, 'max': 0.15823184083883682}","{'n': 5, 'mean': 0.190171, 'p50': 0.189853, 'p95': 0.1944636, 'p99': 0.19477271999999998, 'max': 0.19485}","['accepted', 'accepted', 'accepted', 'accepted', 'accepted']",outputs/continuation_mechanism_study/nonlinear_continuation_reference/successful_witnesses/state_14_candidate_02_L1_dls_prediction.json
state_14_candidate_02,state_14,652db5eb389e7355156299a8e5d39fecb8bc55621d923f9a05f415fc9d4a9f4d,trac_strict_20ms,5,5,5,"[1, 1, 1, 1, 1]","{'n': 5, 'mean': 1.2388198156215412e-06, 'p50': 1.2388198156215412e-06, 'p95': 1.2388198156215412e-06, 'p99': 1.2388198156215412e-06, 'max': 1.2388198156215412e-06}","{'n': 5, 'mean': 3.2883053250937586e-06, 'p50': 3.2883053250937586e-06, 'p95': 3.2883053250937586e-06, 'p99': 3.2883053250937586e-06, 'max': 3.2883053250937586e-06}","{'n': 5, 'mean': 0.13907263834472922, 'p50': 0.13907263834472922, 'p95': 0.13907263834472922, 'p99': 0.13907263834472922, 'max': 0.13907263834472922}","{'n': 5, 'mean': 0.277908, 'p50': 0.233841, 'p95': 0.43349839999999995, 'p99': 0.46434928, 'max': 0.472062}","['accepted', 'accepted', 'accepted', 'accepted', 'accepted']",outputs/continuation_mechanism_study/nonlinear_continuation_reference/successful_witnesses/state_14_candidate_02_L1_dls_prediction.json
state_14_candidate_02,state_14,652db5eb389e7355156299a8e5d39fecb8bc55621d923f9a05f415fc9d4a9f4d,trac_task_20ms,5,5,5,"[1, 1, 1, 1, 1]","{'n': 5, 'mean': 1.2390815647488839e-05, 'p50': 1.2390815647488837e-05, 'p95': 1.2390815647488837e-05, 'p99': 1.2390815647488837e-05, 'max': 1.2390815647488837e-05}","{'n': 5, 'mean': 1.8385908939800976e-05, 'p50': 1.8385908939800976e-05, 'p95': 1.8385908939800976e-05, 'p99': 1.8385908939800976e-05, 'max': 1.8385908939800976e-05}","{'n': 5, 'mean': 0.15823184083883682, 'p50': 0.15823184083883682, 'p95': 0.15823184083883682, 'p99': 0.15823184083883682, 'max': 0.15823184083883682}","{'n': 5, 'mean': 0.2571814, 'p50': 0.206898, 'p95': 0.4431379999999999, 'p99': 0.4870596, 'max': 0.49804}","['accepted', 'accepted', 'accepted', 'accepted', 'accepted']",outputs/continuation_mechanism_study/nonlinear_continuation_reference/successful_witnesses/state_14_candidate_02_L1_dls_prediction.json
state_14_candidate_02,state_14,652db5eb389e7355156299a8e5d39fecb8bc55621d923f9a05f415fc9d4a9f4d,dls_strict,1,1,1,[None],"{'n': 1, 'mean': 3.7601797556784378e-06, 'p50': 3.7601797556784378e-06, 'p95': 3.7601797556784378e-06, 'p99': 3.7601797556784378e-06, 'max': 3.7601797556784378e-06}","{'n': 1, 'mean': 6.721340761808547e-06, 'p50': 6.721340761808547e-06, 'p95': 6.721340761808547e-06, 'p99': 6.721340761808547e-06, 'max': 6.721340761808547e-06}","{'n': 1, 'mean': 0.13226315169314085, 'p50': 0.13226315169314085, 'p95': 0.13226315169314085, 'p99': 0.13226315169314085, 'max': 0.13226315169314085}","{'n': 1, 'mean': 3.106304, 'p50': 3.106304, 'p95': 3.106304, 'p99': 3.106304, 'max': 3.106304}",['accepted'],outputs/continuation_mechanism_study/nonlinear_continuation_reference/successful_witnesses/state_14_candidate_02_L1_dls_prediction.json
state_14_candidate_02,state_14,652db5eb389e7355156299a8e5d39fecb8bc55621d923f9a05f415fc9d4a9f4d,dls_task,1,1,1,[None],"{'n': 1, 'mean': 0.0002998206679106875, 'p50': 0.0002998206679106875, 'p95': 0.0002998206679106875, 'p99': 0.0002998206679106875, 'max': 0.0002998206679106875}","{'n': 1, 'mean': 0.0008039404725466661, 'p50': 0.0008039404725466661, 'p95': 0.0008039404725466661, 'p99': 0.0008039404725466661, 'max': 0.0008039404725466661}","{'n': 1, 'mean': 0.10901357613242113, 'p50': 0.10901357613242113, 'p95': 0.10901357613242113, 'p99': 0.10901357613242113, 'max': 0.10901357613242113}","{'n': 1, 'mean': 0.624157, 'p50': 0.624157, 'p95': 0.624157, 'p99': 0.624157, 'max': 0.624157}",['accepted'],outputs/continuation_mechanism_study/nonlinear_continuation_reference/successful_witnesses/state_14_candidate_02_L1_dls_prediction.json
state_14_candidate_03,state_14,652db5eb389e7355156299a8e5d39fecb8bc55621d923f9a05f415fc9d4a9f4d,trac_strict_5ms,5,5,5,"[1, 1, 1, 1, 1]","{'n': 5, 'mean': 1.7633934200069202e-06, 'p50': 1.7633934200069202e-06, 'p95': 1.7633934200069202e-06, 'p99': 1.7633934200069202e-06, 'max': 1.7633934200069202e-06}","{'n': 5, 'mean': 5.134612968614126e-06, 'p50': 5.134612968614126e-06, 'p95': 5.134612968614126e-06, 'p99': 5.134612968614126e-06, 'max': 5.134612968614126e-06}","{'n': 5, 'mean': 0.14340300794215732, 'p50': 0.14340300794215732, 'p95': 0.14340300794215732, 'p99': 0.14340300794215732, 'max': 0.14340300794215732}","{'n': 5, 'mean': 0.22719360000000002, 'p50': 0.208706, 'p95': 0.2822068, 'p99': 0.28923656, 'max': 0.290994}","['accepted', 'accepted', 'accepted', 'accepted', 'accepted']",outputs/continuation_mechanism_study/nonlinear_continuation_reference/successful_witnesses/state_14_candidate_03_L1_dls_prediction.json
state_14_candidate_03,state_14,652db5eb389e7355156299a8e5d39fecb8bc55621d923f9a05f415fc9d4a9f4d,trac_task_5ms,5,5,5,"[1, 1, 1, 1, 1]","{'n': 5, 'mean': 9.428900822249695e-06, 'p50': 9.428900822249695e-06, 'p95': 9.428900822249695e-06, 'p99': 9.428900822249695e-06, 'max': 9.428900822249695e-06}","{'n': 5, 'mean': 2.3289640185254597e-05, 'p50': 2.3289640185254597e-05, 'p95': 2.3289640185254597e-05, 'p99': 2.3289640185254597e-05, 'max': 2.3289640185254597e-05}","{'n': 5, 'mean': 0.16934301370379468, 'p50': 0.16934301370379468, 'p95': 0.16934301370379468, 'p99': 0.16934301370379468, 'max': 0.16934301370379468}","{'n': 5, 'mean': 0.34320779999999995, 'p50': 0.344812, 'p95': 0.5227687999999999, 'p99': 0.5550713599999999, 'max': 0.563147}","['accepted', 'accepted', 'accepted', 'accepted', 'accepted']",outputs/continuation_mechanism_study/nonlinear_continuation_reference/successful_witnesses/state_14_candidate_03_L1_dls_prediction.json
state_14_candidate_03,state_14,652db5eb389e7355156299a8e5d39fecb8bc55621d923f9a05f415fc9d4a9f4d,trac_strict_20ms,5,5,5,"[1, 1, 1, 1, 1]","{'n': 5, 'mean': 1.7633934200069202e-06, 'p50': 1.7633934200069202e-06, 'p95': 1.7633934200069202e-06, 'p99': 1.7633934200069202e-06, 'max': 1.7633934200069202e-06}","{'n': 5, 'mean': 5.134612968614126e-06, 'p50': 5.134612968614126e-06, 'p95': 5.134612968614126e-06, 'p99': 5.134612968614126e-06, 'max': 5.134612968614126e-06}","{'n': 5, 'mean': 0.14340300794215732, 'p50': 0.14340300794215732, 'p95': 0.14340300794215732, 'p99': 0.14340300794215732, 'max': 0.14340300794215732}","{'n': 5, 'mean': 0.3442972, 'p50': 0.217038, 'p95': 0.6072242, 'p99': 0.63255684, 'max': 0.63889}","['accepted', 'accepted', 'accepted', 'accepted', 'accepted']",outputs/continuation_mechanism_study/nonlinear_continuation_reference/successful_witnesses/state_14_candidate_03_L1_dls_prediction.json
state_14_candidate_03,state_14,652db5eb389e7355156299a8e5d39fecb8bc55621d923f9a05f415fc9d4a9f4d,trac_task_20ms,5,5,5,"[1, 1, 1, 1, 1]","{'n': 5, 'mean': 9.428900822249695e-06, 'p50': 9.428900822249695e-06, 'p95': 9.428900822249695e-06, 'p99': 9.428900822249695e-06, 'max': 9.428900822249695e-06}","{'n': 5, 'mean': 2.3289640185254597e-05, 'p50': 2.3289640185254597e-05, 'p95': 2.3289640185254597e-05, 'p99': 2.3289640185254597e-05, 'max': 2.3289640185254597e-05}","{'n': 5, 'mean': 0.16934301370379468, 'p50': 0.16934301370379468, 'p95': 0.16934301370379468, 'p99': 0.16934301370379468, 'max': 0.16934301370379468}","{'n': 5, 'mean': 0.3916384, 'p50': 0.438888, 'p95': 0.48750180000000004, 'p99': 0.49123076000000004, 'max': 0.492163}","['accepted', 'accepted', 'accepted', 'accepted', 'accepted']",outputs/continuation_mechanism_study/nonlinear_continuation_reference/successful_witnesses/state_14_candidate_03_L1_dls_prediction.json
state_14_candidate_03,state_14,652db5eb389e7355156299a8e5d39fecb8bc55621d923f9a05f415fc9d4a9f4d,dls_strict,1,1,1,[None],"{'n': 1, 'mean': 2.7454089657323983e-06, 'p50': 2.7454089657323983e-06, 'p95': 2.7454089657323983e-06, 'p99': 2.7454089657323983e-06, 'max': 2.7454089657323983e-06}","{'n': 1, 'mean': 6.587739556389308e-06, 'p50': 6.587739556389308e-06, 'p95': 6.587739556389308e-06, 'p99': 6.587739556389308e-06, 'max': 6.587739556389308e-06}","{'n': 1, 'mean': 0.14151563208238555, 'p50': 0.14151563208238555, 'p95': 0.14151563208238555, 'p99': 0.14151563208238555, 'max': 0.14151563208238555}","{'n': 1, 'mean': 2.68907, 'p50': 2.68907, 'p95': 2.68907, 'p99': 2.68907, 'max': 2.68907}",['accepted'],outputs/continuation_mechanism_study/nonlinear_continuation_reference/successful_witnesses/state_14_candidate_03_L1_dls_prediction.json
state_14_candidate_03,state_14,652db5eb389e7355156299a8e5d39fecb8bc55621d923f9a05f415fc9d4a9f4d,dls_task,1,1,1,[None],"{'n': 1, 'mean': 0.00032811196366772815, 'p50': 0.00032811196366772815, 'p95': 0.00032811196366772815, 'p99': 0.00032811196366772815, 'max': 0.00032811196366772815}","{'n': 1, 'mean': 0.0008562786082648996, 'p50': 0.0008562786082648996, 'p95': 0.0008562786082648996, 'p99': 0.0008562786082648996, 'max': 0.0008562786082648996}","{'n': 1, 'mean': 0.10920719003638882, 'p50': 0.10920719003638882, 'p95': 0.10920719003638882, 'p99': 0.10920719003638882, 'max': 0.10920719003638882}","{'n': 1, 'mean': 0.592238, 'p50': 0.592238, 'p95': 0.592238, 'p99': 0.592238, 'max': 0.592238}",['accepted'],outputs/continuation_mechanism_study/nonlinear_continuation_reference/successful_witnesses/state_14_candidate_03_L1_dls_prediction.json
state_14_candidate_04,state_14,652db5eb389e7355156299a8e5d39fecb8bc55621d923f9a05f415fc9d4a9f4d,trac_strict_5ms,5,5,5,"[1, 1, 1, 1, 1]","{'n': 5, 'mean': 1.0439117297838586e-06, 'p50': 1.0439117297838586e-06, 'p95': 1.0439117297838586e-06, 'p99': 1.0439117297838586e-06, 'max': 1.0439117297838586e-06}","{'n': 5, 'mean': 2.711806729851688e-06, 'p50': 2.711806729851688e-06, 'p95': 2.711806729851688e-06, 'p99': 2.711806729851688e-06, 'max': 2.711806729851688e-06}","{'n': 5, 'mean': 0.1378206532201973, 'p50': 0.1378206532201973, 'p95': 0.1378206532201973, 'p99': 0.1378206532201973, 'max': 0.1378206532201973}","{'n': 5, 'mean': 0.357325, 'p50': 0.412005, 'p95': 0.5008636, 'p99': 0.51685112, 'max': 0.520848}","['accepted', 'accepted', 'accepted', 'accepted', 'accepted']",outputs/continuation_mechanism_study/nonlinear_continuation_reference/successful_witnesses/state_14_candidate_04_L1_dls_prediction.json
state_14_candidate_04,state_14,652db5eb389e7355156299a8e5d39fecb8bc55621d923f9a05f415fc9d4a9f4d,trac_task_5ms,5,5,5,"[1, 1, 1, 1, 1]","{'n': 5, 'mean': 1.3149942943808726e-05, 'p50': 1.3149942943808726e-05, 'p95': 1.3149942943808726e-05, 'p99': 1.3149942943808726e-05, 'max': 1.3149942943808726e-05}","{'n': 5, 'mean': 1.7402899129409717e-05, 'p50': 1.7402899129409717e-05, 'p95': 1.7402899129409717e-05, 'p99': 1.7402899129409717e-05, 'max': 1.7402899129409717e-05}","{'n': 5, 'mean': 0.15781000206880433, 'p50': 0.15781000206880433, 'p95': 0.15781000206880433, 'p99': 0.15781000206880433, 'max': 0.15781000206880433}","{'n': 5, 'mean': 0.2863417999999999, 'p50': 0.282987, 'p95': 0.42689619999999995, 'p99': 0.45001283999999997, 'max': 0.455792}","['accepted', 'accepted', 'accepted', 'accepted', 'accepted']",outputs/continuation_mechanism_study/nonlinear_continuation_reference/successful_witnesses/state_14_candidate_04_L1_dls_prediction.json
state_14_candidate_04,state_14,652db5eb389e7355156299a8e5d39fecb8bc55621d923f9a05f415fc9d4a9f4d,trac_strict_20ms,5,5,5,"[1, 1, 1, 1, 1]","{'n': 5, 'mean': 1.0439117297838586e-06, 'p50': 1.0439117297838586e-06, 'p95': 1.0439117297838586e-06, 'p99': 1.0439117297838586e-06, 'max': 1.0439117297838586e-06}","{'n': 5, 'mean': 2.711806729851688e-06, 'p50': 2.711806729851688e-06, 'p95': 2.711806729851688e-06, 'p99': 2.711806729851688e-06, 'max': 2.711806729851688e-06}","{'n': 5, 'mean': 0.1378206532201973, 'p50': 0.1378206532201973, 'p95': 0.1378206532201973, 'p99': 0.1378206532201973, 'max': 0.1378206532201973}","{'n': 5, 'mean': 0.3376736, 'p50': 0.302015, 'p95': 0.5031844, 'p99': 0.50728248, 'max': 0.508307}","['accepted', 'accepted', 'accepted', 'accepted', 'accepted']",outputs/continuation_mechanism_study/nonlinear_continuation_reference/successful_witnesses/state_14_candidate_04_L1_dls_prediction.json
state_14_candidate_04,state_14,652db5eb389e7355156299a8e5d39fecb8bc55621d923f9a05f415fc9d4a9f4d,trac_task_20ms,5,5,5,"[1, 1, 1, 1, 1]","{'n': 5, 'mean': 1.3149942943808726e-05, 'p50': 1.3149942943808726e-05, 'p95': 1.3149942943808726e-05, 'p99': 1.3149942943808726e-05, 'max': 1.3149942943808726e-05}","{'n': 5, 'mean': 1.7402899129409717e-05, 'p50': 1.7402899129409717e-05, 'p95': 1.7402899129409717e-05, 'p99': 1.7402899129409717e-05, 'max': 1.7402899129409717e-05}","{'n': 5, 'mean': 0.15781000206880433, 'p50': 0.15781000206880433, 'p95': 0.15781000206880433, 'p99': 0.15781000206880433, 'max': 0.15781000206880433}","{'n': 5, 'mean': 0.2655688, 'p50': 0.216744, 'p95': 0.4315747999999999, 'p99': 0.46653735999999996, 'max': 0.475278}","['accepted', 'accepted', 'accepted', 'accepted', 'accepted']",outputs/continuation_mechanism_study/nonlinear_continuation_reference/successful_witnesses/state_14_candidate_04_L1_dls_prediction.json
state_14_candidate_04,state_14,652db5eb389e7355156299a8e5d39fecb8bc55621d923f9a05f415fc9d4a9f4d,dls_strict,1,1,1,[None],"{'n': 1, 'mean': 4.323444261548864e-06, 'p50': 4.323444261548864e-06, 'p95': 4.323444261548864e-06, 'p99': 4.323444261548864e-06, 'max': 4.323444261548864e-06}","{'n': 1, 'mean': 6.92796524227045e-06, 'p50': 6.92796524227045e-06, 'p95': 6.92796524227045e-06, 'p99': 6.92796524227045e-06, 'max': 6.92796524227045e-06}","{'n': 1, 'mean': 0.12915249980744625, 'p50': 0.12915249980744625, 'p95': 0.12915249980744625, 'p99': 0.12915249980744625, 'max': 0.12915249980744625}","{'n': 1, 'mean': 5.071415, 'p50': 5.071415, 'p95': 5.071415, 'p99': 5.071415, 'max': 5.071415}",['accepted'],outputs/continuation_mechanism_study/nonlinear_continuation_reference/successful_witnesses/state_14_candidate_04_L1_dls_prediction.json
state_14_candidate_04,state_14,652db5eb389e7355156299a8e5d39fecb8bc55621d923f9a05f415fc9d4a9f4d,dls_task,1,1,1,[None],"{'n': 1, 'mean': 0.0002900094085723254, 'p50': 0.0002900094085723254, 'p95': 0.0002900094085723254, 'p99': 0.0002900094085723254, 'max': 0.0002900094085723254}","{'n': 1, 'mean': 0.000785477572192745, 'p50': 0.000785477572192745, 'p95': 0.000785477572192745, 'p99': 0.000785477572192745, 'max': 0.000785477572192745}","{'n': 1, 'mean': 0.1088794228571506, 'p50': 0.1088794228571506, 'p95': 0.1088794228571506, 'p99': 0.1088794228571506, 'max': 0.1088794228571506}","{'n': 1, 'mean': 1.054193, 'p50': 1.054193, 'p95': 1.054193, 'p99': 1.054193, 'max': 1.054193}",['accepted'],outputs/continuation_mechanism_study/nonlinear_continuation_reference/successful_witnesses/state_14_candidate_04_L1_dls_prediction.json
state_14_candidate_05,state_14,652db5eb389e7355156299a8e5d39fecb8bc55621d923f9a05f415fc9d4a9f4d,trac_strict_5ms,5,5,5,"[1, 1, 1, 1, 1]","{'n': 5, 'mean': 1.526968990774873e-06, 'p50': 1.526968990774873e-06, 'p95': 1.526968990774873e-06, 'p99': 1.526968990774873e-06, 'max': 1.526968990774873e-06}","{'n': 5, 'mean': 4.197469593379218e-06, 'p50': 4.197469593379218e-06, 'p95': 4.197469593379218e-06, 'p99': 4.197469593379218e-06, 'max': 4.197469593379218e-06}","{'n': 5, 'mean': 0.14089384726262644, 'p50': 0.14089384726262644, 'p95': 0.14089384726262644, 'p99': 0.14089384726262644, 'max': 0.14089384726262644}","{'n': 5, 'mean': 0.2411186, 'p50': 0.193292, 'p95': 0.39557459999999994, 'p99': 0.43540052, 'max': 0.445357}","['accepted', 'accepted', 'accepted', 'accepted', 'accepted']",outputs/continuation_mechanism_study/nonlinear_continuation_reference/successful_witnesses/state_14_candidate_05_L1_dls_prediction.json
state_14_candidate_05,state_14,652db5eb389e7355156299a8e5d39fecb8bc55621d923f9a05f415fc9d4a9f4d,trac_task_5ms,5,5,5,"[1, 1, 1, 1, 1]","{'n': 5, 'mean': 1.1041999358530747e-05, 'p50': 1.1041999358530747e-05, 'p95': 1.1041999358530747e-05, 'p99': 1.1041999358530747e-05, 'max': 1.1041999358530747e-05}","{'n': 5, 'mean': 2.0167701285040552e-05, 'p50': 2.0167701285040552e-05, 'p95': 2.0167701285040552e-05, 'p99': 2.0167701285040552e-05, 'max': 2.0167701285040552e-05}","{'n': 5, 'mean': 0.1575354804998368, 'p50': 0.1575354804998368, 'p95': 0.1575354804998368, 'p99': 0.1575354804998368, 'max': 0.1575354804998368}","{'n': 5, 'mean': 0.3001636, 'p50': 0.244313, 'p95': 0.494926, 'p99': 0.5272476, 'max': 0.535328}","['accepted', 'accepted', 'accepted', 'accepted', 'accepted']",outputs/continuation_mechanism_study/nonlinear_continuation_reference/successful_witnesses/state_14_candidate_05_L1_dls_prediction.json
state_14_candidate_05,state_14,652db5eb389e7355156299a8e5d39fecb8bc55621d923f9a05f415fc9d4a9f4d,trac_strict_20ms,5,5,5,"[1, 1, 1, 1, 1]","{'n': 5, 'mean': 1.526968990774873e-06, 'p50': 1.526968990774873e-06, 'p95': 1.526968990774873e-06, 'p99': 1.526968990774873e-06, 'max': 1.526968990774873e-06}","{'n': 5, 'mean': 4.197469593379218e-06, 'p50': 4.197469593379218e-06, 'p95': 4.197469593379218e-06, 'p99': 4.197469593379218e-06, 'max': 4.197469593379218e-06}","{'n': 5, 'mean': 0.14089384726262644, 'p50': 0.14089384726262644, 'p95': 0.14089384726262644, 'p99': 0.14089384726262644, 'max': 0.14089384726262644}","{'n': 5, 'mean': 0.20863060000000005, 'p50': 0.19565, 'p95': 0.2363774, 'p99': 0.23830347999999998, 'max': 0.238785}","['accepted', 'accepted', 'accepted', 'accepted', 'accepted']",outputs/continuation_mechanism_study/nonlinear_continuation_reference/successful_witnesses/state_14_candidate_05_L1_dls_prediction.json
state_14_candidate_05,state_14,652db5eb389e7355156299a8e5d39fecb8bc55621d923f9a05f415fc9d4a9f4d,trac_task_20ms,5,5,5,"[1, 1, 1, 1, 1]","{'n': 5, 'mean': 1.1041999358530747e-05, 'p50': 1.1041999358530747e-05, 'p95': 1.1041999358530747e-05, 'p99': 1.1041999358530747e-05, 'max': 1.1041999358530747e-05}","{'n': 5, 'mean': 2.0167701285040552e-05, 'p50': 2.0167701285040552e-05, 'p95': 2.0167701285040552e-05, 'p99': 2.0167701285040552e-05, 'max': 2.0167701285040552e-05}","{'n': 5, 'mean': 0.1575354804998368, 'p50': 0.1575354804998368, 'p95': 0.1575354804998368, 'p99': 0.1575354804998368, 'max': 0.1575354804998368}","{'n': 5, 'mean': 0.23276180000000002, 'p50': 0.19299, 'p95': 0.36453139999999995, 'p99': 0.39857588, 'max': 0.407087}","['accepted', 'accepted', 'accepted', 'accepted', 'accepted']",outputs/continuation_mechanism_study/nonlinear_continuation_reference/successful_witnesses/state_14_candidate_05_L1_dls_prediction.json
state_14_candidate_05,state_14,652db5eb389e7355156299a8e5d39fecb8bc55621d923f9a05f415fc9d4a9f4d,dls_strict,1,1,1,[None],"{'n': 1, 'mean': 3.1614501084574338e-06, 'p50': 3.1614501084574338e-06, 'p95': 3.1614501084574338e-06, 'p99': 3.1614501084574338e-06, 'max': 3.1614501084574338e-06}","{'n': 1, 'mean': 6.587264512251303e-06, 'p50': 6.587264512251303e-06, 'p95': 6.587264512251303e-06, 'p99': 6.587264512251303e-06, 'max': 6.587264512251303e-06}","{'n': 1, 'mean': 0.13660296810064843, 'p50': 0.13660296810064843, 'p95': 0.13660296810064843, 'p99': 0.13660296810064843, 'max': 0.13660296810064843}","{'n': 1, 'mean': 6.184651, 'p50': 6.184651, 'p95': 6.184651, 'p99': 6.184651, 'max': 6.184651}",['accepted'],outputs/continuation_mechanism_study/nonlinear_continuation_reference/successful_witnesses/state_14_candidate_05_L1_dls_prediction.json
state_14_candidate_05,state_14,652db5eb389e7355156299a8e5d39fecb8bc55621d923f9a05f415fc9d4a9f4d,dls_task,1,1,1,[None],"{'n': 1, 'mean': 0.0003132967995425147, 'p50': 0.0003132967995425147, 'p95': 0.0003132967995425147, 'p99': 0.0003132967995425147, 'max': 0.0003132967995425147}","{'n': 1, 'mean': 0.0008290785883602644, 'p50': 0.0008290785883602644, 'p95': 0.0008290785883602644, 'p99': 0.0008290785883602644, 'max': 0.0008290785883602644}","{'n': 1, 'mean': 0.1091422493289245, 'p50': 0.1091422493289245, 'p95': 0.1091422493289245, 'p99': 0.1091422493289245, 'max': 0.1091422493289245}","{'n': 1, 'mean': 0.639359, 'p50': 0.639359, 'p95': 0.639359, 'p99': 0.639359, 'max': 0.639359}",['accepted'],outputs/continuation_mechanism_study/nonlinear_continuation_reference/successful_witnesses/state_14_candidate_05_L1_dls_prediction.json
state_18_candidate_00,state_18,3bfeb80ec3cbe3ef7693197d0bbe1ddb98d7af3fd734dc69e928826901fdb975,trac_strict_5ms,5,5,5,"[1, 1, 1, 1, 1]","{'n': 5, 'mean': 2.0209812517795736e-06, 'p50': 2.0209812517795736e-06, 'p95': 2.0209812517795736e-06, 'p99': 2.0209812517795736e-06, 'max': 2.0209812517795736e-06}","{'n': 5, 'mean': 2.5877087730145675e-06, 'p50': 2.5877087730145675e-06, 'p95': 2.5877087730145675e-06, 'p99': 2.5877087730145675e-06, 'max': 2.5877087730145675e-06}","{'n': 5, 'mean': 0.5543671950440859, 'p50': 0.5543671950440859, 'p95': 0.5543671950440859, 'p99': 0.5543671950440859, 'max': 0.5543671950440859}","{'n': 5, 'mean': 0.2058116, 'p50': 0.198826, 'p95': 0.241051, 'p99': 0.2487494, 'max': 0.250674}","['accepted', 'accepted', 'accepted', 'accepted', 'accepted']",outputs/continuation_mechanism_study/nonlinear_continuation_reference/successful_witnesses/state_18_candidate_00_L1_dls_prediction.json
state_18_candidate_00,state_18,3bfeb80ec3cbe3ef7693197d0bbe1ddb98d7af3fd734dc69e928826901fdb975,trac_task_5ms,5,5,5,"[1, 1, 1, 1, 1]","{'n': 5, 'mean': 0.00013979181005996497, 'p50': 0.00013979181005996497, 'p95': 0.00013979181005996497, 'p99': 0.00013979181005996497, 'max': 0.00013979181005996497}","{'n': 5, 'mean': 0.0001342983491010692, 'p50': 0.0001342983491010692, 'p95': 0.0001342983491010692, 'p99': 0.0001342983491010692, 'max': 0.0001342983491010692}","{'n': 5, 'mean': 0.7083368863974921, 'p50': 0.7083368863974921, 'p95': 0.7083368863974921, 'p99': 0.7083368863974921, 'max': 0.7083368863974921}","{'n': 5, 'mean': 0.24020419999999998, 'p50': 0.214841, 'p95': 0.3146766, 'p99': 0.31796972, 'max': 0.318793}","['accepted', 'accepted', 'accepted', 'accepted', 'accepted']",outputs/continuation_mechanism_study/nonlinear_continuation_reference/successful_witnesses/state_18_candidate_00_L1_dls_prediction.json
state_18_candidate_00,state_18,3bfeb80ec3cbe3ef7693197d0bbe1ddb98d7af3fd734dc69e928826901fdb975,trac_strict_20ms,5,5,5,"[1, 1, 1, 1, 1]","{'n': 5, 'mean': 2.0209812517795736e-06, 'p50': 2.0209812517795736e-06, 'p95': 2.0209812517795736e-06, 'p99': 2.0209812517795736e-06, 'max': 2.0209812517795736e-06}","{'n': 5, 'mean': 2.5877087730145675e-06, 'p50': 2.5877087730145675e-06, 'p95': 2.5877087730145675e-06, 'p99': 2.5877087730145675e-06, 'max': 2.5877087730145675e-06}","{'n': 5, 'mean': 0.5543671950440859, 'p50': 0.5543671950440859, 'p95': 0.5543671950440859, 'p99': 0.5543671950440859, 'max': 0.5543671950440859}","{'n': 5, 'mean': 0.21453280000000002, 'p50': 0.198384, 'p95': 0.2567056, 'p99': 0.26519951999999997, 'max': 0.267323}","['accepted', 'accepted', 'accepted', 'accepted', 'accepted']",outputs/continuation_mechanism_study/nonlinear_continuation_reference/successful_witnesses/state_18_candidate_00_L1_dls_prediction.json
state_18_candidate_00,state_18,3bfeb80ec3cbe3ef7693197d0bbe1ddb98d7af3fd734dc69e928826901fdb975,trac_task_20ms,5,5,5,"[1, 1, 1, 1, 1]","{'n': 5, 'mean': 0.00013979181005996497, 'p50': 0.00013979181005996497, 'p95': 0.00013979181005996497, 'p99': 0.00013979181005996497, 'max': 0.00013979181005996497}","{'n': 5, 'mean': 0.0001342983491010692, 'p50': 0.0001342983491010692, 'p95': 0.0001342983491010692, 'p99': 0.0001342983491010692, 'max': 0.0001342983491010692}","{'n': 5, 'mean': 0.7083368863974921, 'p50': 0.7083368863974921, 'p95': 0.7083368863974921, 'p99': 0.7083368863974921, 'max': 0.7083368863974921}","{'n': 5, 'mean': 0.40180240000000006, 'p50': 0.2971, 'p95': 0.7395388, 'p99': 0.77148536, 'max': 0.779472}","['accepted', 'accepted', 'accepted', 'accepted', 'accepted']",outputs/continuation_mechanism_study/nonlinear_continuation_reference/successful_witnesses/state_18_candidate_00_L1_dls_prediction.json
state_18_candidate_00,state_18,3bfeb80ec3cbe3ef7693197d0bbe1ddb98d7af3fd734dc69e928826901fdb975,dls_strict,1,1,0,[None],"{'n': 1, 'mean': 8.54412124319234e-05, 'p50': 8.54412124319234e-05, 'p95': 8.54412124319234e-05, 'p99': 8.54412124319234e-05, 'max': 8.54412124319234e-05}","{'n': 1, 'mean': 6.201894376221641e-05, 'p50': 6.201894376221641e-05, 'p95': 6.201894376221641e-05, 'p99': 6.201894376221641e-05, 'max': 6.201894376221641e-05}","{'n': 1, 'mean': 0.15253679151769975, 'p50': 0.15253679151769975, 'p95': 0.15253679151769975, 'p99': 0.15253679151769975, 'max': 0.15253679151769975}","{'n': 1, 'mean': 12.270228, 'p50': 12.270228, 'p95': 12.270228, 'p99': 12.270228, 'max': 12.270228}",['accepted'],outputs/continuation_mechanism_study/nonlinear_continuation_reference/successful_witnesses/state_18_candidate_00_L1_dls_prediction.json
state_18_candidate_00,state_18,3bfeb80ec3cbe3ef7693197d0bbe1ddb98d7af3fd734dc69e928826901fdb975,dls_task,1,1,1,[None],"{'n': 1, 'mean': 0.0001376478981884068, 'p50': 0.0001376478981884068, 'p95': 0.0001376478981884068, 'p99': 0.0001376478981884068, 'max': 0.0001376478981884068}","{'n': 1, 'mean': 0.0002792789274945322, 'p50': 0.0002792789274945322, 'p95': 0.0002792789274945322, 'p99': 0.0002792789274945322, 'max': 0.0002792789274945322}","{'n': 1, 'mean': 0.14222974696795013, 'p50': 0.14222974696795013, 'p95': 0.14222974696795013, 'p99': 0.14222974696795013, 'max': 0.14222974696795013}","{'n': 1, 'mean': 0.692814, 'p50': 0.692814, 'p95': 0.692814, 'p99': 0.692814, 'max': 0.692814}",['accepted'],outputs/continuation_mechanism_study/nonlinear_continuation_reference/successful_witnesses/state_18_candidate_00_L1_dls_prediction.json
state_18_candidate_01,state_18,3bfeb80ec3cbe3ef7693197d0bbe1ddb98d7af3fd734dc69e928826901fdb975,trac_strict_5ms,5,5,5,"[1, 1, 1, 1, 1]","{'n': 5, 'mean': 2.0103798179110015e-06, 'p50': 2.0103798179110015e-06, 'p95': 2.0103798179110015e-06, 'p99': 2.0103798179110015e-06, 'max': 2.0103798179110015e-06}","{'n': 5, 'mean': 2.5875942634070633e-06, 'p50': 2.5875942634070633e-06, 'p95': 2.5875942634070633e-06, 'p99': 2.5875942634070633e-06, 'max': 2.5875942634070633e-06}","{'n': 5, 'mean': 0.5530701197341651, 'p50': 0.5530701197341651, 'p95': 0.5530701197341651, 'p99': 0.5530701197341651, 'max': 0.5530701197341651}","{'n': 5, 'mean': 0.30975539999999996, 'p50': 0.24976, 'p95': 0.43224399999999996, 'p99': 0.44590719999999995, 'max': 0.449323}","['accepted', 'accepted', 'accepted', 'accepted', 'accepted']",outputs/continuation_mechanism_study/nonlinear_continuation_reference/successful_witnesses/state_18_candidate_01_L1_dls_prediction.json
state_18_candidate_01,state_18,3bfeb80ec3cbe3ef7693197d0bbe1ddb98d7af3fd734dc69e928826901fdb975,trac_task_5ms,5,5,5,"[1, 1, 1, 1, 1]","{'n': 5, 'mean': 0.00013965375863089343, 'p50': 0.00013965375863089343, 'p95': 0.00013965375863089343, 'p99': 0.00013965375863089343, 'max': 0.00013965375863089343}","{'n': 5, 'mean': 0.00013391693429642, 'p50': 0.00013391693429642, 'p95': 0.00013391693429642, 'p99': 0.00013391693429642, 'max': 0.00013391693429642}","{'n': 5, 'mean': 0.7060098414326552, 'p50': 0.7060098414326552, 'p95': 0.7060098414326552, 'p99': 0.7060098414326552, 'max': 0.7060098414326552}","{'n': 5, 'mean': 0.294512, 'p50': 0.279945, 'p95': 0.4631628, 'p99': 0.48520936000000003, 'max': 0.490721}","['accepted', 'accepted', 'accepted', 'accepted', 'accepted']",outputs/continuation_mechanism_study/nonlinear_continuation_reference/successful_witnesses/state_18_candidate_01_L1_dls_prediction.json
state_18_candidate_01,state_18,3bfeb80ec3cbe3ef7693197d0bbe1ddb98d7af3fd734dc69e928826901fdb975,trac_strict_20ms,5,5,5,"[1, 1, 1, 1, 1]","{'n': 5, 'mean': 2.0103798179110015e-06, 'p50': 2.0103798179110015e-06, 'p95': 2.0103798179110015e-06, 'p99': 2.0103798179110015e-06, 'max': 2.0103798179110015e-06}","{'n': 5, 'mean': 2.5875942634070633e-06, 'p50': 2.5875942634070633e-06, 'p95': 2.5875942634070633e-06, 'p99': 2.5875942634070633e-06, 'max': 2.5875942634070633e-06}","{'n': 5, 'mean': 0.5530701197341651, 'p50': 0.5530701197341651, 'p95': 0.5530701197341651, 'p99': 0.5530701197341651, 'max': 0.5530701197341651}","{'n': 5, 'mean': 0.3440534, 'p50': 0.271285, 'p95': 0.555831, 'p99': 0.5697438, 'max': 0.573222}","['accepted', 'accepted', 'accepted', 'accepted', 'accepted']",outputs/continuation_mechanism_study/nonlinear_continuation_reference/successful_witnesses/state_18_candidate_01_L1_dls_prediction.json
state_18_candidate_01,state_18,3bfeb80ec3cbe3ef7693197d0bbe1ddb98d7af3fd734dc69e928826901fdb975,trac_task_20ms,5,5,5,"[1, 1, 1, 1, 1]","{'n': 5, 'mean': 0.00013965375863089343, 'p50': 0.00013965375863089343, 'p95': 0.00013965375863089343, 'p99': 0.00013965375863089343, 'max': 0.00013965375863089343}","{'n': 5, 'mean': 0.00013391693429642, 'p50': 0.00013391693429642, 'p95': 0.00013391693429642, 'p99': 0.00013391693429642, 'max': 0.00013391693429642}","{'n': 5, 'mean': 0.7060098414326552, 'p50': 0.7060098414326552, 'p95': 0.7060098414326552, 'p99': 0.7060098414326552, 'max': 0.7060098414326552}","{'n': 5, 'mean': 0.24830000000000002, 'p50': 0.216868, 'p95': 0.38324279999999994, 'p99': 0.41607256, 'max': 0.42428}","['accepted', 'accepted', 'accepted', 'accepted', 'accepted']",outputs/continuation_mechanism_study/nonlinear_continuation_reference/successful_witnesses/state_18_candidate_01_L1_dls_prediction.json
state_18_candidate_01,state_18,3bfeb80ec3cbe3ef7693197d0bbe1ddb98d7af3fd734dc69e928826901fdb975,dls_strict,1,1,0,[None],"{'n': 1, 'mean': 8.561915076246114e-05, 'p50': 8.561915076246114e-05, 'p95': 8.561915076246114e-05, 'p99': 8.561915076246114e-05, 'max': 8.561915076246114e-05}","{'n': 1, 'mean': 6.213235222916518e-05, 'p50': 6.213235222916518e-05, 'p95': 6.213235222916518e-05, 'p99': 6.213235222916518e-05, 'max': 6.213235222916518e-05}","{'n': 1, 'mean': 0.15289613118308298, 'p50': 0.15289613118308298, 'p95': 0.15289613118308298, 'p99': 0.15289613118308298, 'max': 0.15289613118308298}","{'n': 1, 'mean': 9.618087, 'p50': 9.618087, 'p95': 9.618087, 'p99': 9.618087, 'max': 9.618087}",['accepted'],outputs/continuation_mechanism_study/nonlinear_continuation_reference/successful_witnesses/state_18_candidate_01_L1_dls_prediction.json
state_18_candidate_01,state_18,3bfeb80ec3cbe3ef7693197d0bbe1ddb98d7af3fd734dc69e928826901fdb975,dls_task,1,1,1,[None],"{'n': 1, 'mean': 0.00013812360107111704, 'p50': 0.00013812360107111704, 'p95': 0.00013812360107111704, 'p99': 0.00013812360107111704, 'max': 0.00013812360107111704}","{'n': 1, 'mean': 0.00027741586260235954, 'p50': 0.00027741586260235954, 'p95': 0.00027741586260235954, 'p99': 0.00027741586260235954, 'max': 0.00027741586260235954}","{'n': 1, 'mean': 0.14338418304788442, 'p50': 0.14338418304788442, 'p95': 0.14338418304788442, 'p99': 0.14338418304788442, 'max': 0.14338418304788442}","{'n': 1, 'mean': 0.612492, 'p50': 0.612492, 'p95': 0.612492, 'p99': 0.612492, 'max': 0.612492}",['accepted'],outputs/continuation_mechanism_study/nonlinear_continuation_reference/successful_witnesses/state_18_candidate_01_L1_dls_prediction.json
state_18_candidate_02,state_18,3bfeb80ec3cbe3ef7693197d0bbe1ddb98d7af3fd734dc69e928826901fdb975,trac_strict_5ms,5,5,5,"[1, 1, 1, 1, 1]","{'n': 5, 'mean': 2.041504556337804e-06, 'p50': 2.041504556337804e-06, 'p95': 2.041504556337804e-06, 'p99': 2.041504556337804e-06, 'max': 2.041504556337804e-06}","{'n': 5, 'mean': 2.599420953971324e-06, 'p50': 2.599420953971324e-06, 'p95': 2.599420953971324e-06, 'p99': 2.599420953971324e-06, 'max': 2.599420953971324e-06}","{'n': 5, 'mean': 0.555902093076348, 'p50': 0.555902093076348, 'p95': 0.555902093076348, 'p99': 0.555902093076348, 'max': 0.555902093076348}","{'n': 5, 'mean': 0.305786, 'p50': 0.231699, 'p95': 0.5166788, 'p99': 0.54669176, 'max': 0.554195}","['accepted', 'accepted', 'accepted', 'accepted', 'accepted']",outputs/continuation_mechanism_study/nonlinear_continuation_reference/successful_witnesses/state_18_candidate_02_L1_dls_prediction.json
state_18_candidate_02,state_18,3bfeb80ec3cbe3ef7693197d0bbe1ddb98d7af3fd734dc69e928826901fdb975,trac_task_5ms,5,5,5,"[1, 1, 1, 1, 1]","{'n': 5, 'mean': 0.00014000062073108206, 'p50': 0.00014000062073108206, 'p95': 0.00014000062073108206, 'p99': 0.00014000062073108206, 'max': 0.00014000062073108206}","{'n': 5, 'mean': 0.00013473689762756577, 'p50': 0.00013473689762756577, 'p95': 0.00013473689762756577, 'p99': 0.00013473689762756577, 'max': 0.00013473689762756577}","{'n': 5, 'mean': 0.7111268578861406, 'p50': 0.7111268578861406, 'p95': 0.7111268578861406, 'p99': 0.7111268578861406, 'max': 0.7111268578861406}","{'n': 5, 'mean': 0.336219, 'p50': 0.32499, 'p95': 0.4404306, 'p99': 0.45740932, 'max': 0.461654}","['accepted', 'accepted', 'accepted', 'accepted', 'accepted']",outputs/continuation_mechanism_study/nonlinear_continuation_reference/successful_witnesses/state_18_candidate_02_L1_dls_prediction.json
state_18_candidate_02,state_18,3bfeb80ec3cbe3ef7693197d0bbe1ddb98d7af3fd734dc69e928826901fdb975,trac_strict_20ms,5,5,5,"[1, 1, 1, 1, 1]","{'n': 5, 'mean': 2.041504556337804e-06, 'p50': 2.041504556337804e-06, 'p95': 2.041504556337804e-06, 'p99': 2.041504556337804e-06, 'max': 2.041504556337804e-06}","{'n': 5, 'mean': 2.599420953971324e-06, 'p50': 2.599420953971324e-06, 'p95': 2.599420953971324e-06, 'p99': 2.599420953971324e-06, 'max': 2.599420953971324e-06}","{'n': 5, 'mean': 0.555902093076348, 'p50': 0.555902093076348, 'p95': 0.555902093076348, 'p99': 0.555902093076348, 'max': 0.555902093076348}","{'n': 5, 'mean': 0.25292000000000003, 'p50': 0.209284, 'p95': 0.4061764, 'p99': 0.44106088, 'max': 0.449782}","['accepted', 'accepted', 'accepted', 'accepted', 'accepted']",outputs/continuation_mechanism_study/nonlinear_continuation_reference/successful_witnesses/state_18_candidate_02_L1_dls_prediction.json
state_18_candidate_02,state_18,3bfeb80ec3cbe3ef7693197d0bbe1ddb98d7af3fd734dc69e928826901fdb975,trac_task_20ms,5,5,5,"[1, 1, 1, 1, 1]","{'n': 5, 'mean': 0.00014000062073108206, 'p50': 0.00014000062073108206, 'p95': 0.00014000062073108206, 'p99': 0.00014000062073108206, 'max': 0.00014000062073108206}","{'n': 5, 'mean': 0.00013473689762756577, 'p50': 0.00013473689762756577, 'p95': 0.00013473689762756577, 'p99': 0.00013473689762756577, 'max': 0.00013473689762756577}","{'n': 5, 'mean': 0.7111268578861406, 'p50': 0.7111268578861406, 'p95': 0.7111268578861406, 'p99': 0.7111268578861406, 'max': 0.7111268578861406}","{'n': 5, 'mean': 0.37873100000000004, 'p50': 0.2964, 'p95': 0.6048471999999999, 'p99': 0.63193744, 'max': 0.63871}","['accepted', 'accepted', 'accepted', 'accepted', 'accepted']",outputs/continuation_mechanism_study/nonlinear_continuation_reference/successful_witnesses/state_18_candidate_02_L1_dls_prediction.json
state_18_candidate_02,state_18,3bfeb80ec3cbe3ef7693197d0bbe1ddb98d7af3fd734dc69e928826901fdb975,dls_strict,1,1,0,[None],"{'n': 1, 'mean': 8.520196836789106e-05, 'p50': 8.520196836789106e-05, 'p95': 8.520196836789106e-05, 'p99': 8.520196836789106e-05, 'max': 8.520196836789106e-05}","{'n': 1, 'mean': 6.185970104821453e-05, 'p50': 6.185970104821453e-05, 'p95': 6.185970104821453e-05, 'p99': 6.185970104821453e-05, 'max': 6.185970104821453e-05}","{'n': 1, 'mean': 0.15214884169216322, 'p50': 0.15214884169216322, 'p95': 0.15214884169216322, 'p99': 0.15214884169216322, 'max': 0.15214884169216322}","{'n': 1, 'mean': 9.680817, 'p50': 9.680817, 'p95': 9.680817, 'p99': 9.680817, 'max': 9.680817}",['accepted'],outputs/continuation_mechanism_study/nonlinear_continuation_reference/successful_witnesses/state_18_candidate_02_L1_dls_prediction.json
state_18_candidate_02,state_18,3bfeb80ec3cbe3ef7693197d0bbe1ddb98d7af3fd734dc69e928826901fdb975,dls_task,1,1,1,[None],"{'n': 1, 'mean': 0.0001371546825775993, 'p50': 0.0001371546825775993, 'p95': 0.0001371546825775993, 'p99': 0.0001371546825775993, 'max': 0.0001371546825775993}","{'n': 1, 'mean': 0.0002812903697862784, 'p50': 0.0002812903697862784, 'p95': 0.0002812903697862784, 'p99': 0.0002812903697862784, 'max': 0.0002812903697862784}","{'n': 1, 'mean': 0.14107506620175173, 'p50': 0.14107506620175173, 'p95': 0.14107506620175173, 'p99': 0.14107506620175173, 'max': 0.14107506620175173}","{'n': 1, 'mean': 0.98669, 'p50': 0.98669, 'p95': 0.98669, 'p99': 0.98669, 'max': 0.98669}",['accepted'],outputs/continuation_mechanism_study/nonlinear_continuation_reference/successful_witnesses/state_18_candidate_02_L1_dls_prediction.json
state_18_candidate_03,state_18,3bfeb80ec3cbe3ef7693197d0bbe1ddb98d7af3fd734dc69e928826901fdb975,trac_strict_5ms,5,5,5,"[1, 1, 1, 1, 1]","{'n': 5, 'mean': 2.00934956147399e-06, 'p50': 2.00934956147399e-06, 'p95': 2.00934956147399e-06, 'p99': 2.00934956147399e-06, 'max': 2.00934956147399e-06}","{'n': 5, 'mean': 2.59934958184315e-06, 'p50': 2.59934958184315e-06, 'p95': 2.59934958184315e-06, 'p99': 2.59934958184315e-06, 'max': 2.59934958184315e-06}","{'n': 5, 'mean': 0.5520120650212389, 'p50': 0.5520120650212389, 'p95': 0.5520120650212389, 'p99': 0.5520120650212389, 'max': 0.5520120650212389}","{'n': 5, 'mean': 0.2869806, 'p50': 0.227693, 'p95': 0.5120663999999999, 'p99': 0.56760688, 'max': 0.581492}","['accepted', 'accepted', 'accepted', 'accepted', 'accepted']",outputs/continuation_mechanism_study/nonlinear_continuation_reference/successful_witnesses/state_18_candidate_03_L1_dls_prediction.json
state_18_candidate_03,state_18,3bfeb80ec3cbe3ef7693197d0bbe1ddb98d7af3fd734dc69e928826901fdb975,trac_task_5ms,5,5,5,"[1, 1, 1, 1, 1]","{'n': 5, 'mean': 0.000139584684701021, 'p50': 0.000139584684701021, 'p95': 0.000139584684701021, 'p99': 0.000139584684701021, 'max': 0.000139584684701021}","{'n': 5, 'mean': 0.0001335872161075514, 'p50': 0.0001335872161075514, 'p95': 0.0001335872161075514, 'p99': 0.0001335872161075514, 'max': 0.0001335872161075514}","{'n': 5, 'mean': 0.7041464630174891, 'p50': 0.7041464630174891, 'p95': 0.7041464630174891, 'p99': 0.7041464630174891, 'max': 0.7041464630174891}","{'n': 5, 'mean': 0.20989019999999997, 'p50': 0.188695, 'p95': 0.28455119999999995, 'p99': 0.30249423999999997, 'max': 0.30698}","['accepted', 'accepted', 'accepted', 'accepted', 'accepted']",outputs/continuation_mechanism_study/nonlinear_continuation_reference/successful_witnesses/state_18_candidate_03_L1_dls_prediction.json
state_18_candidate_03,state_18,3bfeb80ec3cbe3ef7693197d0bbe1ddb98d7af3fd734dc69e928826901fdb975,trac_strict_20ms,5,5,5,"[1, 1, 1, 1, 1]","{'n': 5, 'mean': 2.00934956147399e-06, 'p50': 2.00934956147399e-06, 'p95': 2.00934956147399e-06, 'p99': 2.00934956147399e-06, 'max': 2.00934956147399e-06}","{'n': 5, 'mean': 2.59934958184315e-06, 'p50': 2.59934958184315e-06, 'p95': 2.59934958184315e-06, 'p99': 2.59934958184315e-06, 'max': 2.59934958184315e-06}","{'n': 5, 'mean': 0.5520120650212389, 'p50': 0.5520120650212389, 'p95': 0.5520120650212389, 'p99': 0.5520120650212389, 'max': 0.5520120650212389}","{'n': 5, 'mean': 0.2611936, 'p50': 0.209436, 'p95': 0.4376727999999999, 'p99': 0.47878815999999996, 'max': 0.489067}","['accepted', 'accepted', 'accepted', 'accepted', 'accepted']",outputs/continuation_mechanism_study/nonlinear_continuation_reference/successful_witnesses/state_18_candidate_03_L1_dls_prediction.json
state_18_candidate_03,state_18,3bfeb80ec3cbe3ef7693197d0bbe1ddb98d7af3fd734dc69e928826901fdb975,trac_task_20ms,5,5,5,"[1, 1, 1, 1, 1]","{'n': 5, 'mean': 0.000139584684701021, 'p50': 0.000139584684701021, 'p95': 0.000139584684701021, 'p99': 0.000139584684701021, 'max': 0.000139584684701021}","{'n': 5, 'mean': 0.0001335872161075514, 'p50': 0.0001335872161075514, 'p95': 0.0001335872161075514, 'p99': 0.0001335872161075514, 'max': 0.0001335872161075514}","{'n': 5, 'mean': 0.7041464630174891, 'p50': 0.7041464630174891, 'p95': 0.7041464630174891, 'p99': 0.7041464630174891, 'max': 0.7041464630174891}","{'n': 5, 'mean': 0.2659922, 'p50': 0.226654, 'p95': 0.43286559999999996, 'p99': 0.46672031999999997, 'max': 0.475184}","['accepted', 'accepted', 'accepted', 'accepted', 'accepted']",outputs/continuation_mechanism_study/nonlinear_continuation_reference/successful_witnesses/state_18_candidate_03_L1_dls_prediction.json
state_18_candidate_03,state_18,3bfeb80ec3cbe3ef7693197d0bbe1ddb98d7af3fd734dc69e928826901fdb975,dls_strict,1,1,0,[None],"{'n': 1, 'mean': 8.573393651817523e-05, 'p50': 8.573393651817523e-05, 'p95': 8.573393651817523e-05, 'p99': 8.573393651817523e-05, 'max': 8.573393651817523e-05}","{'n': 1, 'mean': 6.219864018135909e-05, 'p50': 6.219864018135909e-05, 'p95': 6.219864018135909e-05, 'p99': 6.219864018135909e-05, 'max': 6.219864018135909e-05}","{'n': 1, 'mean': 0.15322546473708873, 'p50': 0.15322546473708873, 'p95': 0.15322546473708873, 'p99': 0.15322546473708873, 'max': 0.15322546473708873}","{'n': 1, 'mean': 8.961528, 'p50': 8.961528, 'p95': 8.961528, 'p99': 8.961528, 'max': 8.961528}",['accepted'],outputs/continuation_mechanism_study/nonlinear_continuation_reference/successful_witnesses/state_18_candidate_03_L1_dls_prediction.json
state_18_candidate_03,state_18,3bfeb80ec3cbe3ef7693197d0bbe1ddb98d7af3fd734dc69e928826901fdb975,dls_task,1,1,1,[None],"{'n': 1, 'mean': 0.00013858177951276695, 'p50': 0.00013858177951276695, 'p95': 0.00013858177951276695, 'p99': 0.00013858177951276695, 'max': 0.00013858177951276695}","{'n': 1, 'mean': 0.00027570405251161874, 'p50': 0.00027570405251161874, 'p95': 0.00027570405251161874, 'p99': 0.00027570405251161874, 'max': 0.00027570405251161874}","{'n': 1, 'mean': 0.14453821430212613, 'p50': 0.14453821430212613, 'p95': 0.14453821430212613, 'p99': 0.14453821430212613, 'max': 0.14453821430212613}","{'n': 1, 'mean': 0.633261, 'p50': 0.633261, 'p95': 0.633261, 'p99': 0.633261, 'max': 0.633261}",['accepted'],outputs/continuation_mechanism_study/nonlinear_continuation_reference/successful_witnesses/state_18_candidate_03_L1_dls_prediction.json
state_18_candidate_04,state_18,3bfeb80ec3cbe3ef7693197d0bbe1ddb98d7af3fd734dc69e928826901fdb975,trac_strict_5ms,5,5,5,"[1, 1, 1, 1, 1]","{'n': 5, 'mean': 2.0724202877445473e-06, 'p50': 2.0724202877445473e-06, 'p95': 2.0724202877445473e-06, 'p99': 2.0724202877445473e-06, 'max': 2.0724202877445473e-06}","{'n': 5, 'mean': 2.6226309405424485e-06, 'p50': 2.6226309405424485e-06, 'p95': 2.6226309405424485e-06, 'p99': 2.6226309405424485e-06, 'max': 2.6226309405424485e-06}","{'n': 5, 'mean': 0.5576760301661589, 'p50': 0.5576760301661589, 'p95': 0.5576760301661589, 'p99': 0.5576760301661589, 'max': 0.5576760301661589}","{'n': 5, 'mean': 0.3278154, 'p50': 0.225646, 'p95': 0.5529202, 'p99': 0.57304724, 'max': 0.578079}","['accepted', 'accepted', 'accepted', 'accepted', 'accepted']",outputs/continuation_mechanism_study/nonlinear_continuation_reference/successful_witnesses/state_18_candidate_04_L1_dls_prediction.json
state_18_candidate_04,state_18,3bfeb80ec3cbe3ef7693197d0bbe1ddb98d7af3fd734dc69e928826901fdb975,trac_task_5ms,5,5,5,"[1, 1, 1, 1, 1]","{'n': 5, 'mean': 0.00014028282972184536, 'p50': 0.00014028282972184536, 'p95': 0.00014028282972184536, 'p99': 0.00014028282972184536, 'max': 0.00014028282972184536}","{'n': 5, 'mean': 0.0001352385599159166, 'p50': 0.0001352385599159166, 'p95': 0.0001352385599159166, 'p99': 0.0001352385599159166, 'max': 0.0001352385599159166}","{'n': 5, 'mean': 0.7143839135385414, 'p50': 0.7143839135385414, 'p95': 0.7143839135385414, 'p99': 0.7143839135385414, 'max': 0.7143839135385414}","{'n': 5, 'mean': 0.23942380000000002, 'p50': 0.20537, 'p95': 0.3391852, 'p99': 0.35190584, 'max': 0.355086}","['accepted', 'accepted', 'accepted', 'accepted', 'accepted']",outputs/continuation_mechanism_study/nonlinear_continuation_reference/successful_witnesses/state_18_candidate_04_L1_dls_prediction.json
state_18_candidate_04,state_18,3bfeb80ec3cbe3ef7693197d0bbe1ddb98d7af3fd734dc69e928826901fdb975,trac_strict_20ms,5,5,5,"[1, 1, 1, 1, 1]","{'n': 5, 'mean': 2.0724202877445473e-06, 'p50': 2.0724202877445473e-06, 'p95': 2.0724202877445473e-06, 'p99': 2.0724202877445473e-06, 'max': 2.0724202877445473e-06}","{'n': 5, 'mean': 2.6226309405424485e-06, 'p50': 2.6226309405424485e-06, 'p95': 2.6226309405424485e-06, 'p99': 2.6226309405424485e-06, 'max': 2.6226309405424485e-06}","{'n': 5, 'mean': 0.5576760301661589, 'p50': 0.5576760301661589, 'p95': 0.5576760301661589, 'p99': 0.5576760301661589, 'max': 0.5576760301661589}","{'n': 5, 'mean': 0.24665779999999998, 'p50': 0.247195, 'p95': 0.29010260000000004, 'p99': 0.29433972, 'max': 0.295399}","['accepted', 'accepted', 'accepted', 'accepted', 'accepted']",outputs/continuation_mechanism_study/nonlinear_continuation_reference/successful_witnesses/state_18_candidate_04_L1_dls_prediction.json
state_18_candidate_04,state_18,3bfeb80ec3cbe3ef7693197d0bbe1ddb98d7af3fd734dc69e928826901fdb975,trac_task_20ms,5,5,5,"[1, 1, 1, 1, 1]","{'n': 5, 'mean': 0.00014028282972184536, 'p50': 0.00014028282972184536, 'p95': 0.00014028282972184536, 'p99': 0.00014028282972184536, 'max': 0.00014028282972184536}","{'n': 5, 'mean': 0.0001352385599159166, 'p50': 0.0001352385599159166, 'p95': 0.0001352385599159166, 'p99': 0.0001352385599159166, 'max': 0.0001352385599159166}","{'n': 5, 'mean': 0.7143839135385414, 'p50': 0.7143839135385414, 'p95': 0.7143839135385414, 'p99': 0.7143839135385414, 'max': 0.7143839135385414}","{'n': 5, 'mean': 0.25296100000000005, 'p50': 0.20083, 'p95': 0.4002286, 'p99': 0.42957692000000003, 'max': 0.436914}","['accepted', 'accepted', 'accepted', 'accepted', 'accepted']",outputs/continuation_mechanism_study/nonlinear_continuation_reference/successful_witnesses/state_18_candidate_04_L1_dls_prediction.json
state_18_candidate_04,state_18,3bfeb80ec3cbe3ef7693197d0bbe1ddb98d7af3fd734dc69e928826901fdb975,dls_strict,1,1,0,[None],"{'n': 1, 'mean': 8.490292257102036e-05, 'p50': 8.490292257102036e-05, 'p95': 8.490292257102036e-05, 'p99': 8.490292257102036e-05, 'max': 8.490292257102036e-05}","{'n': 1, 'mean': 6.165566648336105e-05, 'p50': 6.165566648336105e-05, 'p95': 6.165566648336105e-05, 'p99': 6.165566648336105e-05, 'max': 6.165566648336105e-05}","{'n': 1, 'mean': 0.15173369548093277, 'p50': 0.15173369548093277, 'p95': 0.15173369548093277, 'p99': 0.15173369548093277, 'max': 0.15173369548093277}","{'n': 1, 'mean': 9.71693, 'p50': 9.71693, 'p95': 9.71693, 'p99': 9.71693, 'max': 9.71693}",['accepted'],outputs/continuation_mechanism_study/nonlinear_continuation_reference/successful_witnesses/state_18_candidate_04_L1_dls_prediction.json
state_18_candidate_04,state_18,3bfeb80ec3cbe3ef7693197d0bbe1ddb98d7af3fd734dc69e928826901fdb975,dls_task,1,1,1,[None],"{'n': 1, 'mean': 0.0001366440247522324, 'p50': 0.0001366440247522324, 'p95': 0.0001366440247522324, 'p99': 0.0001366440247522324, 'max': 0.0001366440247522324}","{'n': 1, 'mean': 0.0002834480120685862, 'p50': 0.0002834480120685862, 'p95': 0.0002834480120685862, 'p99': 0.0002834480120685862, 'max': 0.0002834480120685862}","{'n': 1, 'mean': 0.13992023387498237, 'p50': 0.13992023387498237, 'p95': 0.13992023387498237, 'p99': 0.13992023387498237, 'max': 0.13992023387498237}","{'n': 1, 'mean': 2.010875, 'p50': 2.010875, 'p95': 2.010875, 'p99': 2.010875, 'max': 2.010875}",['accepted'],outputs/continuation_mechanism_study/nonlinear_continuation_reference/successful_witnesses/state_18_candidate_04_L1_dls_prediction.json
state_18_candidate_05,state_18,3bfeb80ec3cbe3ef7693197d0bbe1ddb98d7af3fd734dc69e928826901fdb975,trac_strict_5ms,5,5,5,"[1, 1, 1, 1, 1]","{'n': 5, 'mean': 2.015572365505519e-06, 'p50': 2.015572365505519e-06, 'p95': 2.015572365505519e-06, 'p99': 2.015572365505519e-06, 'max': 2.015572365505519e-06}","{'n': 5, 'mean': 2.5862600207070183e-06, 'p50': 2.5862600207070183e-06, 'p95': 2.5862600207070183e-06, 'p99': 2.5862600207070183e-06, 'max': 2.5862600207070183e-06}","{'n': 5, 'mean': 0.5538198144732974, 'p50': 0.5538198144732974, 'p95': 0.5538198144732974, 'p99': 0.5538198144732974, 'max': 0.5538198144732974}","{'n': 5, 'mean': 0.23561079999999998, 'p50': 0.220348, 'p95': 0.31248739999999997, 'p99': 0.32698627999999996, 'max': 0.330611}","['accepted', 'accepted', 'accepted', 'accepted', 'accepted']",outputs/continuation_mechanism_study/nonlinear_continuation_reference/successful_witnesses/state_18_candidate_05_L1_dls_prediction.json
state_18_candidate_05,state_18,3bfeb80ec3cbe3ef7693197d0bbe1ddb98d7af3fd734dc69e928826901fdb975,trac_task_5ms,5,5,5,"[1, 1, 1, 1, 1]","{'n': 5, 'mean': 0.00013972821639934407, 'p50': 0.00013972821639934407, 'p95': 0.00013972821639934407, 'p99': 0.00013972821639934407, 'max': 0.00013972821639934407}","{'n': 5, 'mean': 0.00013413924156556779, 'p50': 0.00013413924156556779, 'p95': 0.00013413924156556779, 'p99': 0.00013413924156556779, 'max': 0.00013413924156556779}","{'n': 5, 'mean': 0.7073505873448788, 'p50': 0.7073505873448788, 'p95': 0.7073505873448788, 'p99': 0.7073505873448788, 'max': 0.7073505873448788}","{'n': 5, 'mean': 0.22517880000000004, 'p50': 0.198445, 'p95': 0.3174166, 'p99': 0.33273852, 'max': 0.336569}","['accepted', 'accepted', 'accepted', 'accepted', 'accepted']",outputs/continuation_mechanism_study/nonlinear_continuation_reference/successful_witnesses/state_18_candidate_05_L1_dls_prediction.json
state_18_candidate_05,state_18,3bfeb80ec3cbe3ef7693197d0bbe1ddb98d7af3fd734dc69e928826901fdb975,trac_strict_20ms,5,5,5,"[1, 1, 1, 1, 1]","{'n': 5, 'mean': 2.015572365505519e-06, 'p50': 2.015572365505519e-06, 'p95': 2.015572365505519e-06, 'p99': 2.015572365505519e-06, 'max': 2.015572365505519e-06}","{'n': 5, 'mean': 2.5862600207070183e-06, 'p50': 2.5862600207070183e-06, 'p95': 2.5862600207070183e-06, 'p99': 2.5862600207070183e-06, 'max': 2.5862600207070183e-06}","{'n': 5, 'mean': 0.5538198144732974, 'p50': 0.5538198144732974, 'p95': 0.5538198144732974, 'p99': 0.5538198144732974, 'max': 0.5538198144732974}","{'n': 5, 'mean': 0.4211488, 'p50': 0.449175, 'p95': 0.6727332, 'p99': 0.70417304, 'max': 0.712033}","['accepted', 'accepted', 'accepted', 'accepted', 'accepted']",outputs/continuation_mechanism_study/nonlinear_continuation_reference/successful_witnesses/state_18_candidate_05_L1_dls_prediction.json
state_18_candidate_05,state_18,3bfeb80ec3cbe3ef7693197d0bbe1ddb98d7af3fd734dc69e928826901fdb975,trac_task_20ms,5,5,5,"[1, 1, 1, 1, 1]","{'n': 5, 'mean': 0.00013972821639934407, 'p50': 0.00013972821639934407, 'p95': 0.00013972821639934407, 'p99': 0.00013972821639934407, 'max': 0.00013972821639934407}","{'n': 5, 'mean': 0.00013413924156556779, 'p50': 0.00013413924156556779, 'p95': 0.00013413924156556779, 'p99': 0.00013413924156556779, 'max': 0.00013413924156556779}","{'n': 5, 'mean': 0.7073505873448788, 'p50': 0.7073505873448788, 'p95': 0.7073505873448788, 'p99': 0.7073505873448788, 'max': 0.7073505873448788}","{'n': 5, 'mean': 0.3349794, 'p50': 0.256719, 'p95': 0.6403745999999999, 'p99': 0.71654852, 'max': 0.735592}","['accepted', 'accepted', 'accepted', 'accepted', 'accepted']",outputs/continuation_mechanism_study/nonlinear_continuation_reference/successful_witnesses/state_18_candidate_05_L1_dls_prediction.json
state_18_candidate_05,state_18,3bfeb80ec3cbe3ef7693197d0bbe1ddb98d7af3fd734dc69e928826901fdb975,dls_strict,1,1,0,[None],"{'n': 1, 'mean': 8.551983983154505e-05, 'p50': 8.551983983154505e-05, 'p95': 8.551983983154505e-05, 'p99': 8.551983983154505e-05, 'max': 8.551983983154505e-05}","{'n': 1, 'mean': 6.206987356659939e-05, 'p50': 6.206987356659939e-05, 'p95': 6.206987356659939e-05, 'p99': 6.206987356659939e-05, 'max': 6.206987356659939e-05}","{'n': 1, 'mean': 0.15268403928941246, 'p50': 0.15268403928941246, 'p95': 0.15268403928941246, 'p99': 0.15268403928941246, 'max': 0.15268403928941246}","{'n': 1, 'mean': 10.755632, 'p50': 10.755632, 'p95': 10.755632, 'p99': 10.755632, 'max': 10.755632}",['accepted'],outputs/continuation_mechanism_study/nonlinear_continuation_reference/successful_witnesses/state_18_candidate_05_L1_dls_prediction.json
state_18_candidate_05,state_18,3bfeb80ec3cbe3ef7693197d0bbe1ddb98d7af3fd734dc69e928826901fdb975,dls_task,1,1,1,[None],"{'n': 1, 'mean': 0.00013784028303337654, 'p50': 0.00013784028303337654, 'p95': 0.00013784028303337654, 'p99': 0.00013784028303337654, 'max': 0.00013784028303337654}","{'n': 1, 'mean': 0.00027851575137569795, 'p50': 0.00027851575137569795, 'p95': 0.00027851575137569795, 'p99': 0.00027851575137569795, 'max': 0.00027851575137569795}","{'n': 1, 'mean': 0.14269155823254515, 'p50': 0.14269155823254515, 'p95': 0.14269155823254515, 'p99': 0.14269155823254515, 'max': 0.14269155823254515}","{'n': 1, 'mean': 0.603631, 'p50': 0.603631, 'p95': 0.603631, 'p99': 0.603631, 'max': 0.603631}",['accepted'],outputs/continuation_mechanism_study/nonlinear_continuation_reference/successful_witnesses/state_18_candidate_05_L1_dls_prediction.json
state_13_candidate_00,state_13,0041eb55dd40437ac17fe39ad8e73df25d7db92ccc7ab532775994d081047948,trac_strict_5ms,5,5,5,"[1, 1, 1, 1, 1]","{'n': 5, 'mean': 2.5322000817348777e-07, 'p50': 2.5322000817348777e-07, 'p95': 2.5322000817348777e-07, 'p99': 2.5322000817348777e-07, 'max': 2.5322000817348777e-07}","{'n': 5, 'mean': 9.87995437729532e-07, 'p50': 9.87995437729532e-07, 'p95': 9.87995437729532e-07, 'p99': 9.87995437729532e-07, 'max': 9.87995437729532e-07}","{'n': 5, 'mean': 0.3058204403337658, 'p50': 0.3058204403337658, 'p95': 0.3058204403337658, 'p99': 0.3058204403337658, 'max': 0.3058204403337658}","{'n': 5, 'mean': 0.30735840000000003, 'p50': 0.256121, 'p95': 0.4805615999999999, 'p99': 0.51762672, 'max': 0.526893}","['accepted', 'accepted', 'accepted', 'accepted', 'accepted']",outputs/continuation_mechanism_study/nonlinear_continuation_reference/successful_witnesses/state_13_candidate_00_L1_dls_prediction.json
state_13_candidate_00,state_13,0041eb55dd40437ac17fe39ad8e73df25d7db92ccc7ab532775994d081047948,trac_task_5ms,5,5,5,"[1, 1, 1, 1, 1]","{'n': 5, 'mean': 0.000696098231736965, 'p50': 0.000696098231736965, 'p95': 0.000696098231736965, 'p99': 0.000696098231736965, 'max': 0.000696098231736965}","{'n': 5, 'mean': 0.004247701285806147, 'p50': 0.004247701285806147, 'p95': 0.004247701285806147, 'p99': 0.004247701285806147, 'max': 0.004247701285806147}","{'n': 5, 'mean': 0.9999999999999986, 'p50': 0.9999999999999987, 'p95': 0.9999999999999987, 'p99': 0.9999999999999987, 'max': 0.9999999999999987}","{'n': 5, 'mean': 0.23391800000000001, 'p50': 0.181707, 'p95': 0.39940639999999994, 'p99': 0.44218048, 'max': 0.452874}","['accepted', 'accepted', 'accepted', 'accepted', 'accepted']",outputs/continuation_mechanism_study/nonlinear_continuation_reference/successful_witnesses/state_13_candidate_00_L1_dls_prediction.json
state_13_candidate_00,state_13,0041eb55dd40437ac17fe39ad8e73df25d7db92ccc7ab532775994d081047948,trac_strict_20ms,5,5,5,"[1, 1, 1, 1, 1]","{'n': 5, 'mean': 2.5322000817348777e-07, 'p50': 2.5322000817348777e-07, 'p95': 2.5322000817348777e-07, 'p99': 2.5322000817348777e-07, 'max': 2.5322000817348777e-07}","{'n': 5, 'mean': 9.87995437729532e-07, 'p50': 9.87995437729532e-07, 'p95': 9.87995437729532e-07, 'p99': 9.87995437729532e-07, 'max': 9.87995437729532e-07}","{'n': 5, 'mean': 0.3058204403337658, 'p50': 0.3058204403337658, 'p95': 0.3058204403337658, 'p99': 0.3058204403337658, 'max': 0.3058204403337658}","{'n': 5, 'mean': 0.30665139999999996, 'p50': 0.224761, 'p95': 0.5017476, 'p99': 0.53239512, 'max': 0.540057}","['accepted', 'accepted', 'accepted', 'accepted', 'accepted']",outputs/continuation_mechanism_study/nonlinear_continuation_reference/successful_witnesses/state_13_candidate_00_L1_dls_prediction.json
state_13_candidate_00,state_13,0041eb55dd40437ac17fe39ad8e73df25d7db92ccc7ab532775994d081047948,trac_task_20ms,5,5,5,"[1, 1, 1, 1, 1]","{'n': 5, 'mean': 0.000696098231736965, 'p50': 0.000696098231736965, 'p95': 0.000696098231736965, 'p99': 0.000696098231736965, 'max': 0.000696098231736965}","{'n': 5, 'mean': 0.004247701285806147, 'p50': 0.004247701285806147, 'p95': 0.004247701285806147, 'p99': 0.004247701285806147, 'max': 0.004247701285806147}","{'n': 5, 'mean': 0.9999999999999986, 'p50': 0.9999999999999987, 'p95': 0.9999999999999987, 'p99': 0.9999999999999987, 'max': 0.9999999999999987}","{'n': 5, 'mean': 0.3505592, 'p50': 0.388073, 'p95': 0.469121, 'p99': 0.4705426, 'max': 0.470898}","['accepted', 'accepted', 'accepted', 'accepted', 'accepted']",outputs/continuation_mechanism_study/nonlinear_continuation_reference/successful_witnesses/state_13_candidate_00_L1_dls_prediction.json
state_13_candidate_00,state_13,0041eb55dd40437ac17fe39ad8e73df25d7db92ccc7ab532775994d081047948,dls_strict,1,1,0,[None],"{'n': 1, 'mean': 1.0092691771826917e-05, 'p50': 1.0092691771826917e-05, 'p95': 1.0092691771826917e-05, 'p99': 1.0092691771826917e-05, 'max': 1.0092691771826917e-05}","{'n': 1, 'mean': 1.0640493782359547e-05, 'p50': 1.0640493782359547e-05, 'p95': 1.0640493782359547e-05, 'p99': 1.0640493782359547e-05, 'max': 1.0640493782359547e-05}","{'n': 1, 'mean': 0.1962313451426863, 'p50': 0.1962313451426863, 'p95': 0.1962313451426863, 'p99': 0.1962313451426863, 'max': 0.1962313451426863}","{'n': 1, 'mean': 13.087967, 'p50': 13.087967, 'p95': 13.087967, 'p99': 13.087967, 'max': 13.087967}",['accepted'],outputs/continuation_mechanism_study/nonlinear_continuation_reference/successful_witnesses/state_13_candidate_00_L1_dls_prediction.json
state_13_candidate_00,state_13,0041eb55dd40437ac17fe39ad8e73df25d7db92ccc7ab532775994d081047948,dls_task,1,1,1,[None],"{'n': 1, 'mean': 0.00013966567838567709, 'p50': 0.00013966567838567709, 'p95': 0.00013966567838567709, 'p99': 0.00013966567838567709, 'max': 0.00013966567838567709}","{'n': 1, 'mean': 0.00032104755929571275, 'p50': 0.00032104755929571275, 'p95': 0.00032104755929571275, 'p99': 0.00032104755929571275, 'max': 0.00032104755929571275}","{'n': 1, 'mean': 0.19350390005167692, 'p50': 0.19350390005167692, 'p95': 0.19350390005167692, 'p99': 0.19350390005167692, 'max': 0.19350390005167692}","{'n': 1, 'mean': 0.603901, 'p50': 0.603901, 'p95': 0.603901, 'p99': 0.603901, 'max': 0.603901}",['accepted'],outputs/continuation_mechanism_study/nonlinear_continuation_reference/successful_witnesses/state_13_candidate_00_L1_dls_prediction.json
state_13_candidate_01,state_13,0041eb55dd40437ac17fe39ad8e73df25d7db92ccc7ab532775994d081047948,trac_strict_5ms,5,5,5,"[1, 1, 1, 1, 1]","{'n': 5, 'mean': 3.7670375782615375e-07, 'p50': 3.7670375782615375e-07, 'p95': 3.7670375782615375e-07, 'p99': 3.7670375782615375e-07, 'max': 3.7670375782615375e-07}","{'n': 5, 'mean': 1.3585800055127194e-06, 'p50': 1.3585800055127194e-06, 'p95': 1.3585800055127194e-06, 'p99': 1.3585800055127194e-06, 'max': 1.3585800055127194e-06}","{'n': 5, 'mean': 0.298742622175409, 'p50': 0.298742622175409, 'p95': 0.298742622175409, 'p99': 0.298742622175409, 'max': 0.298742622175409}","{'n': 5, 'mean': 0.23670960000000002, 'p50': 0.21884, 'p95': 0.30208399999999996, 'p99': 0.31599279999999996, 'max': 0.31947}","['accepted', 'accepted', 'accepted', 'accepted', 'accepted']",outputs/continuation_mechanism_study/nonlinear_continuation_reference/successful_witnesses/state_13_candidate_01_L1_dls_prediction.json
state_13_candidate_01,state_13,0041eb55dd40437ac17fe39ad8e73df25d7db92ccc7ab532775994d081047948,trac_task_5ms,5,5,5,"[1, 1, 1, 1, 1]","{'n': 5, 'mean': 0.00010820051684426041, 'p50': 0.0001082005168442604, 'p95': 0.0001082005168442604, 'p99': 0.0001082005168442604, 'max': 0.0001082005168442604}","{'n': 5, 'mean': 0.0003252616209374714, 'p50': 0.0003252616209374714, 'p95': 0.0003252616209374714, 'p99': 0.0003252616209374714, 'max': 0.0003252616209374714}","{'n': 5, 'mean': 0.5493269471565785, 'p50': 0.5493269471565785, 'p95': 0.5493269471565785, 'p99': 0.5493269471565785, 'max': 0.5493269471565785}","{'n': 5, 'mean': 0.2623908, 'p50': 0.208385, 'p95': 0.43348219999999993, 'p99': 0.47356603999999997, 'max': 0.483587}","['accepted', 'accepted', 'accepted', 'accepted', 'accepted']",outputs/continuation_mechanism_study/nonlinear_continuation_reference/successful_witnesses/state_13_candidate_01_L1_dls_prediction.json
state_13_candidate_01,state_13,0041eb55dd40437ac17fe39ad8e73df25d7db92ccc7ab532775994d081047948,trac_strict_20ms,5,5,5,"[1, 1, 1, 1, 1]","{'n': 5, 'mean': 3.7670375782615375e-07, 'p50': 3.7670375782615375e-07, 'p95': 3.7670375782615375e-07, 'p99': 3.7670375782615375e-07, 'max': 3.7670375782615375e-07}","{'n': 5, 'mean': 1.3585800055127194e-06, 'p50': 1.3585800055127194e-06, 'p95': 1.3585800055127194e-06, 'p99': 1.3585800055127194e-06, 'max': 1.3585800055127194e-06}","{'n': 5, 'mean': 0.298742622175409, 'p50': 0.298742622175409, 'p95': 0.298742622175409, 'p99': 0.298742622175409, 'max': 0.298742622175409}","{'n': 5, 'mean': 0.3486416, 'p50': 0.254367, 'p95': 0.5319346, 'p99': 0.53736292, 'max': 0.53872}","['accepted', 'accepted', 'accepted', 'accepted', 'accepted']",outputs/continuation_mechanism_study/nonlinear_continuation_reference/successful_witnesses/state_13_candidate_01_L1_dls_prediction.json
state_13_candidate_01,state_13,0041eb55dd40437ac17fe39ad8e73df25d7db92ccc7ab532775994d081047948,trac_task_20ms,5,5,5,"[1, 1, 1, 1, 1]","{'n': 5, 'mean': 0.00010820051684426041, 'p50': 0.0001082005168442604, 'p95': 0.0001082005168442604, 'p99': 0.0001082005168442604, 'max': 0.0001082005168442604}","{'n': 5, 'mean': 0.0003252616209374714, 'p50': 0.0003252616209374714, 'p95': 0.0003252616209374714, 'p99': 0.0003252616209374714, 'max': 0.0003252616209374714}","{'n': 5, 'mean': 0.5493269471565785, 'p50': 0.5493269471565785, 'p95': 0.5493269471565785, 'p99': 0.5493269471565785, 'max': 0.5493269471565785}","{'n': 5, 'mean': 0.2878778, 'p50': 0.221551, 'p95': 0.44839759999999995, 'p99': 0.47576591999999995, 'max': 0.482608}","['accepted', 'accepted', 'accepted', 'accepted', 'accepted']",outputs/continuation_mechanism_study/nonlinear_continuation_reference/successful_witnesses/state_13_candidate_01_L1_dls_prediction.json
state_13_candidate_01,state_13,0041eb55dd40437ac17fe39ad8e73df25d7db92ccc7ab532775994d081047948,dls_strict,1,1,1,[None],"{'n': 1, 'mean': 9.016769155166973e-06, 'p50': 9.016769155166973e-06, 'p95': 9.016769155166973e-06, 'p99': 9.016769155166973e-06, 'max': 9.016769155166973e-06}","{'n': 1, 'mean': 9.932428092682406e-06, 'p50': 9.932428092682406e-06, 'p95': 9.932428092682406e-06, 'p99': 9.932428092682406e-06, 'max': 9.932428092682406e-06}","{'n': 1, 'mean': 0.19530432727473887, 'p50': 0.19530432727473887, 'p95': 0.19530432727473887, 'p99': 0.19530432727473887, 'max': 0.19530432727473887}","{'n': 1, 'mean': 1.958171, 'p50': 1.958171, 'p95': 1.958171, 'p99': 1.958171, 'max': 1.958171}",['accepted'],outputs/continuation_mechanism_study/nonlinear_continuation_reference/successful_witnesses/state_13_candidate_01_L1_dls_prediction.json
state_13_candidate_01,state_13,0041eb55dd40437ac17fe39ad8e73df25d7db92ccc7ab532775994d081047948,dls_task,1,1,1,[None],"{'n': 1, 'mean': 0.0001391297553336218, 'p50': 0.0001391297553336218, 'p95': 0.0001391297553336218, 'p99': 0.0001391297553336218, 'max': 0.0001391297553336218}","{'n': 1, 'mean': 0.0003217924530668953, 'p50': 0.0003217924530668953, 'p95': 0.0003217924530668953, 'p99': 0.0003217924530668953, 'max': 0.0003217924530668953}","{'n': 1, 'mean': 0.19275592753474552, 'p50': 0.19275592753474552, 'p95': 0.19275592753474552, 'p99': 0.19275592753474552, 'max': 0.19275592753474552}","{'n': 1, 'mean': 0.63782, 'p50': 0.63782, 'p95': 0.63782, 'p99': 0.63782, 'max': 0.63782}",['accepted'],outputs/continuation_mechanism_study/nonlinear_continuation_reference/successful_witnesses/state_13_candidate_01_L1_dls_prediction.json
state_13_candidate_02,state_13,0041eb55dd40437ac17fe39ad8e73df25d7db92ccc7ab532775994d081047948,trac_strict_5ms,5,5,5,"[1, 1, 1, 1, 1]","{'n': 5, 'mean': 1.7666595834700005e-07, 'p50': 1.7666595834700005e-07, 'p95': 1.7666595834700005e-07, 'p99': 1.7666595834700005e-07, 'max': 1.7666595834700005e-07}","{'n': 5, 'mean': 7.196997964374056e-07, 'p50': 7.196997964374056e-07, 'p95': 7.196997964374056e-07, 'p99': 7.196997964374056e-07, 'max': 7.196997964374056e-07}","{'n': 5, 'mean': 0.31101857395053395, 'p50': 0.31101857395053395, 'p95': 0.31101857395053395, 'p99': 0.31101857395053395, 'max': 0.31101857395053395}","{'n': 5, 'mean': 0.2971266, 'p50': 0.226349, 'p95': 0.48419559999999995, 'p99': 0.52229512, 'max': 0.53182}","['accepted', 'accepted', 'accepted', 'accepted', 'accepted']",outputs/continuation_mechanism_study/nonlinear_continuation_reference/successful_witnesses/state_13_candidate_02_L1_dls_prediction.json
state_13_candidate_02,state_13,0041eb55dd40437ac17fe39ad8e73df25d7db92ccc7ab532775994d081047948,trac_task_5ms,5,5,5,"[1, 1, 1, 1, 1]","{'n': 5, 'mean': 0.00037810338810117557, 'p50': 0.00037810338810117557, 'p95': 0.00037810338810117557, 'p99': 0.00037810338810117557, 'max': 0.00037810338810117557}","{'n': 5, 'mean': 0.0014331329107604672, 'p50': 0.0014331329107604672, 'p95': 0.0014331329107604672, 'p99': 0.0014331329107604672, 'max': 0.0014331329107604672}","{'n': 5, 'mean': 0.9999999999999986, 'p50': 0.9999999999999987, 'p95': 0.9999999999999987, 'p99': 0.9999999999999987, 'max': 0.9999999999999987}","{'n': 5, 'mean': 0.29871220000000004, 'p50': 0.268234, 'p95': 0.4909592, 'p99': 0.53271504, 'max': 0.543154}","['accepted', 'accepted', 'accepted', 'accepted', 'accepted']",outputs/continuation_mechanism_study/nonlinear_continuation_reference/successful_witnesses/state_13_candidate_02_L1_dls_prediction.json
state_13_candidate_02,state_13,0041eb55dd40437ac17fe39ad8e73df25d7db92ccc7ab532775994d081047948,trac_strict_20ms,5,5,5,"[1, 1, 1, 1, 1]","{'n': 5, 'mean': 1.7666595834700005e-07, 'p50': 1.7666595834700005e-07, 'p95': 1.7666595834700005e-07, 'p99': 1.7666595834700005e-07, 'max': 1.7666595834700005e-07}","{'n': 5, 'mean': 7.196997964374056e-07, 'p50': 7.196997964374056e-07, 'p95': 7.196997964374056e-07, 'p99': 7.196997964374056e-07, 'max': 7.196997964374056e-07}","{'n': 5, 'mean': 0.31101857395053395, 'p50': 0.31101857395053395, 'p95': 0.31101857395053395, 'p99': 0.31101857395053395, 'max': 0.31101857395053395}","{'n': 5, 'mean': 0.2445834, 'p50': 0.227503, 'p95': 0.315863, 'p99': 0.329455, 'max': 0.332853}","['accepted', 'accepted', 'accepted', 'accepted', 'accepted']",outputs/continuation_mechanism_study/nonlinear_continuation_reference/successful_witnesses/state_13_candidate_02_L1_dls_prediction.json
state_13_candidate_02,state_13,0041eb55dd40437ac17fe39ad8e73df25d7db92ccc7ab532775994d081047948,trac_task_20ms,5,5,5,"[1, 1, 1, 1, 1]","{'n': 5, 'mean': 0.00037810338810117557, 'p50': 0.00037810338810117557, 'p95': 0.00037810338810117557, 'p99': 0.00037810338810117557, 'max': 0.00037810338810117557}","{'n': 5, 'mean': 0.0014331329107604672, 'p50': 0.0014331329107604672, 'p95': 0.0014331329107604672, 'p99': 0.0014331329107604672, 'max': 0.0014331329107604672}","{'n': 5, 'mean': 0.9999999999999986, 'p50': 0.9999999999999987, 'p95': 0.9999999999999987, 'p99': 0.9999999999999987, 'max': 0.9999999999999987}","{'n': 5, 'mean': 0.1940114, 'p50': 0.19206, 'p95': 0.214259, 'p99': 0.21526140000000002, 'max': 0.215512}","['accepted', 'accepted', 'accepted', 'accepted', 'accepted']",outputs/continuation_mechanism_study/nonlinear_continuation_reference/successful_witnesses/state_13_candidate_02_L1_dls_prediction.json
state_13_candidate_02,state_13,0041eb55dd40437ac17fe39ad8e73df25d7db92ccc7ab532775994d081047948,dls_strict,1,1,0,[None],"{'n': 1, 'mean': 1.1074440630559008e-05, 'p50': 1.1074440630559008e-05, 'p95': 1.1074440630559008e-05, 'p99': 1.1074440630559008e-05, 'max': 1.1074440630559008e-05}","{'n': 1, 'mean': 1.1678778522166858e-05, 'p50': 1.1678778522166858e-05, 'p95': 1.1678778522166858e-05, 'p99': 1.1678778522166858e-05, 'max': 1.1678778522166858e-05}","{'n': 1, 'mean': 0.19715827720953508, 'p50': 0.19715827720953508, 'p95': 0.19715827720953508, 'p99': 0.19715827720953508, 'max': 0.19715827720953508}","{'n': 1, 'mean': 9.159631, 'p50': 9.159631, 'p95': 9.159631, 'p99': 9.159631, 'max': 9.159631}",['accepted'],outputs/continuation_mechanism_study/nonlinear_continuation_reference/successful_witnesses/state_13_candidate_02_L1_dls_prediction.json
state_13_candidate_02,state_13,0041eb55dd40437ac17fe39ad8e73df25d7db92ccc7ab532775994d081047948,dls_task,1,1,1,[None],"{'n': 1, 'mean': 0.00014060385395657564, 'p50': 0.00014060385395657564, 'p95': 0.00014060385395657564, 'p99': 0.00014060385395657564, 'max': 0.00014060385395657564}","{'n': 1, 'mean': 0.00032028288699177665, 'p50': 0.00032028288699177665, 'p95': 0.00032028288699177665, 'p99': 0.00032028288699177665, 'max': 0.00032028288699177665}","{'n': 1, 'mean': 0.1942893278466253, 'p50': 0.1942893278466253, 'p95': 0.1942893278466253, 'p99': 0.1942893278466253, 'max': 0.1942893278466253}","{'n': 1, 'mean': 0.629397, 'p50': 0.629397, 'p95': 0.629397, 'p99': 0.629397, 'max': 0.629397}",['accepted'],outputs/continuation_mechanism_study/nonlinear_continuation_reference/successful_witnesses/state_13_candidate_02_L1_dls_prediction.json
state_13_candidate_03,state_13,0041eb55dd40437ac17fe39ad8e73df25d7db92ccc7ab532775994d081047948,trac_strict_5ms,5,5,5,"[1, 1, 1, 1, 1]","{'n': 5, 'mean': 5.827018401575425e-07, 'p50': 5.827018401575425e-07, 'p95': 5.827018401575425e-07, 'p99': 5.827018401575425e-07, 'max': 5.827018401575425e-07}","{'n': 5, 'mean': 1.851975361123813e-06, 'p50': 1.851975361123813e-06, 'p95': 1.851975361123813e-06, 'p99': 1.851975361123813e-06, 'max': 1.851975361123813e-06}","{'n': 5, 'mean': 0.29897706980425715, 'p50': 0.29897706980425715, 'p95': 0.29897706980425715, 'p99': 0.29897706980425715, 'max': 0.29897706980425715}","{'n': 5, 'mean': 0.2278828, 'p50': 0.230419, 'p95': 0.2423656, 'p99': 0.24298112, 'max': 0.243135}","['accepted', 'accepted', 'accepted', 'accepted', 'accepted']",outputs/continuation_mechanism_study/nonlinear_continuation_reference/successful_witnesses/state_13_candidate_03_L1_dls_prediction.json
state_13_candidate_03,state_13,0041eb55dd40437ac17fe39ad8e73df25d7db92ccc7ab532775994d081047948,trac_task_5ms,5,5,5,"[1, 1, 1, 1, 1]","{'n': 5, 'mean': 0.00012192853947637877, 'p50': 0.00012192853947637877, 'p95': 0.00012192853947637877, 'p99': 0.00012192853947637877, 'max': 0.00012192853947637877}","{'n': 5, 'mean': 0.0003389332421263926, 'p50': 0.0003389332421263926, 'p95': 0.0003389332421263926, 'p99': 0.0003389332421263926, 'max': 0.0003389332421263926}","{'n': 5, 'mean': 0.5792699809675121, 'p50': 0.5792699809675121, 'p95': 0.5792699809675121, 'p99': 0.5792699809675121, 'max': 0.5792699809675121}","{'n': 5, 'mean': 0.2843902, 'p50': 0.235648, 'p95': 0.5026535999999999, 'p99': 0.55550112, 'max': 0.568713}","['accepted', 'accepted', 'accepted', 'accepted', 'accepted']",outputs/continuation_mechanism_study/nonlinear_continuation_reference/successful_witnesses/state_13_candidate_03_L1_dls_prediction.json
state_13_candidate_03,state_13,0041eb55dd40437ac17fe39ad8e73df25d7db92ccc7ab532775994d081047948,trac_strict_20ms,5,5,5,"[1, 1, 1, 1, 1]","{'n': 5, 'mean': 5.827018401575425e-07, 'p50': 5.827018401575425e-07, 'p95': 5.827018401575425e-07, 'p99': 5.827018401575425e-07, 'max': 5.827018401575425e-07}","{'n': 5, 'mean': 1.851975361123813e-06, 'p50': 1.851975361123813e-06, 'p95': 1.851975361123813e-06, 'p99': 1.851975361123813e-06, 'max': 1.851975361123813e-06}","{'n': 5, 'mean': 0.29897706980425715, 'p50': 0.29897706980425715, 'p95': 0.29897706980425715, 'p99': 0.29897706980425715, 'max': 0.29897706980425715}","{'n': 5, 'mean': 0.2585182, 'p50': 0.241828, 'p95': 0.2959918, 'p99': 0.29947516, 'max': 0.300346}","['accepted', 'accepted', 'accepted', 'accepted', 'accepted']",outputs/continuation_mechanism_study/nonlinear_continuation_reference/successful_witnesses/state_13_candidate_03_L1_dls_prediction.json
state_13_candidate_03,state_13,0041eb55dd40437ac17fe39ad8e73df25d7db92ccc7ab532775994d081047948,trac_task_20ms,5,5,5,"[1, 1, 1, 1, 1]","{'n': 5, 'mean': 0.00012192853947637877, 'p50': 0.00012192853947637877, 'p95': 0.00012192853947637877, 'p99': 0.00012192853947637877, 'max': 0.00012192853947637877}","{'n': 5, 'mean': 0.0003389332421263926, 'p50': 0.0003389332421263926, 'p95': 0.0003389332421263926, 'p99': 0.0003389332421263926, 'max': 0.0003389332421263926}","{'n': 5, 'mean': 0.5792699809675121, 'p50': 0.5792699809675121, 'p95': 0.5792699809675121, 'p99': 0.5792699809675121, 'max': 0.5792699809675121}","{'n': 5, 'mean': 0.28601200000000004, 'p50': 0.237827, 'p95': 0.4435068, 'p99': 0.46922536, 'max': 0.475655}","['accepted', 'accepted', 'accepted', 'accepted', 'accepted']",outputs/continuation_mechanism_study/nonlinear_continuation_reference/successful_witnesses/state_13_candidate_03_L1_dls_prediction.json
state_13_candidate_03,state_13,0041eb55dd40437ac17fe39ad8e73df25d7db92ccc7ab532775994d081047948,dls_strict,1,1,1,[None],"{'n': 1, 'mean': 7.891996327981238e-06, 'p50': 7.891996327981238e-06, 'p95': 7.891996327981238e-06, 'p99': 7.891996327981238e-06, 'max': 7.891996327981238e-06}","{'n': 1, 'mean': 8.766112589929988e-06, 'p50': 8.766112589929988e-06, 'p95': 8.766112589929988e-06, 'p99': 8.766112589929988e-06, 'max': 8.766112589929988e-06}","{'n': 1, 'mean': 0.19449129750484043, 'p50': 0.19449129750484043, 'p95': 0.19449129750484043, 'p99': 0.19449129750484043, 'max': 0.19449129750484043}","{'n': 1, 'mean': 1.685015, 'p50': 1.685015, 'p95': 1.685015, 'p99': 1.685015, 'max': 1.685015}",['accepted'],outputs/continuation_mechanism_study/nonlinear_continuation_reference/successful_witnesses/state_13_candidate_03_L1_dls_prediction.json
state_13_candidate_03,state_13,0041eb55dd40437ac17fe39ad8e73df25d7db92ccc7ab532775994d081047948,dls_task,1,1,1,[None],"{'n': 1, 'mean': 0.00013897042315144743, 'p50': 0.00013897042315144743, 'p95': 0.00013897042315144743, 'p99': 0.00013897042315144743, 'max': 0.00013897042315144743}","{'n': 1, 'mean': 0.00032246722578251936, 'p50': 0.00032246722578251936, 'p95': 0.00032246722578251936, 'p99': 0.00032246722578251936, 'max': 0.00032246722578251936}","{'n': 1, 'mean': 0.19205087568430765, 'p50': 0.19205087568430765, 'p95': 0.19205087568430765, 'p99': 0.19205087568430765, 'max': 0.19205087568430765}","{'n': 1, 'mean': 1.658625, 'p50': 1.658625, 'p95': 1.658625, 'p99': 1.658625, 'max': 1.658625}",['accepted'],outputs/continuation_mechanism_study/nonlinear_continuation_reference/successful_witnesses/state_13_candidate_03_L1_dls_prediction.json
state_13_candidate_04,state_13,0041eb55dd40437ac17fe39ad8e73df25d7db92ccc7ab532775994d081047948,trac_strict_5ms,5,5,5,"[1, 1, 1, 1, 1]","{'n': 5, 'mean': 1.2231342761038576e-07, 'p50': 1.2231342761038576e-07, 'p95': 1.2231342761038576e-07, 'p99': 1.2231342761038576e-07, 'max': 1.2231342761038576e-07}","{'n': 5, 'mean': 5.083632357527693e-07, 'p50': 5.083632357527693e-07, 'p95': 5.083632357527693e-07, 'p99': 5.083632357527693e-07, 'max': 5.083632357527693e-07}","{'n': 5, 'mean': 0.314897727491617, 'p50': 0.314897727491617, 'p95': 0.314897727491617, 'p99': 0.314897727491617, 'max': 0.314897727491617}","{'n': 5, 'mean': 0.2534402, 'p50': 0.236671, 'p95': 0.32807539999999996, 'p99': 0.34344068, 'max': 0.347282}","['accepted', 'accepted', 'accepted', 'accepted', 'accepted']",outputs/continuation_mechanism_study/nonlinear_continuation_reference/successful_witnesses/state_13_candidate_04_L1_dls_prediction.json
state_13_candidate_04,state_13,0041eb55dd40437ac17fe39ad8e73df25d7db92ccc7ab532775994d081047948,trac_task_5ms,5,5,5,"[1, 1, 1, 1, 1]","{'n': 5, 'mean': 0.0002791202496151514, 'p50': 0.0002791202496151514, 'p95': 0.0002791202496151514, 'p99': 0.0002791202496151514, 'max': 0.0002791202496151514}","{'n': 5, 'mean': 0.0003047112639361902, 'p50': 0.0003047112639361902, 'p95': 0.0003047112639361902, 'p99': 0.0003047112639361902, 'max': 0.0003047112639361902}","{'n': 5, 'mean': 0.9759090413706415, 'p50': 0.9759090413706415, 'p95': 0.9759090413706415, 'p99': 0.9759090413706415, 'max': 0.9759090413706415}","{'n': 5, 'mean': 0.28406180000000003, 'p50': 0.236602, 'p95': 0.48641739999999994, 'p99': 0.5340786799999999, 'max': 0.545994}","['accepted', 'accepted', 'accepted', 'accepted', 'accepted']",outputs/continuation_mechanism_study/nonlinear_continuation_reference/successful_witnesses/state_13_candidate_04_L1_dls_prediction.json
state_13_candidate_04,state_13,0041eb55dd40437ac17fe39ad8e73df25d7db92ccc7ab532775994d081047948,trac_strict_20ms,5,5,5,"[1, 1, 1, 1, 1]","{'n': 5, 'mean': 1.2231342761038576e-07, 'p50': 1.2231342761038576e-07, 'p95': 1.2231342761038576e-07, 'p99': 1.2231342761038576e-07, 'max': 1.2231342761038576e-07}","{'n': 5, 'mean': 5.083632357527693e-07, 'p50': 5.083632357527693e-07, 'p95': 5.083632357527693e-07, 'p99': 5.083632357527693e-07, 'max': 5.083632357527693e-07}","{'n': 5, 'mean': 0.314897727491617, 'p50': 0.314897727491617, 'p95': 0.314897727491617, 'p99': 0.314897727491617, 'max': 0.314897727491617}","{'n': 5, 'mean': 0.339444, 'p50': 0.296285, 'p95': 0.4657832, 'p99': 0.46578944, 'max': 0.465791}","['accepted', 'accepted', 'accepted', 'accepted', 'accepted']",outputs/continuation_mechanism_study/nonlinear_continuation_reference/successful_witnesses/state_13_candidate_04_L1_dls_prediction.json
state_13_candidate_04,state_13,0041eb55dd40437ac17fe39ad8e73df25d7db92ccc7ab532775994d081047948,trac_task_20ms,5,5,5,"[1, 1, 1, 1, 1]","{'n': 5, 'mean': 0.0002791202496151514, 'p50': 0.0002791202496151514, 'p95': 0.0002791202496151514, 'p99': 0.0002791202496151514, 'max': 0.0002791202496151514}","{'n': 5, 'mean': 0.0003047112639361902, 'p50': 0.0003047112639361902, 'p95': 0.0003047112639361902, 'p99': 0.0003047112639361902, 'max': 0.0003047112639361902}","{'n': 5, 'mean': 0.9759090413706415, 'p50': 0.9759090413706415, 'p95': 0.9759090413706415, 'p99': 0.9759090413706415, 'max': 0.9759090413706415}","{'n': 5, 'mean': 0.329057, 'p50': 0.307622, 'p95': 0.493071, 'p99': 0.5036494, 'max': 0.506294}","['accepted', 'accepted', 'accepted', 'accepted', 'accepted']",outputs/continuation_mechanism_study/nonlinear_continuation_reference/successful_witnesses/state_13_candidate_04_L1_dls_prediction.json
state_13_candidate_04,state_13,0041eb55dd40437ac17fe39ad8e73df25d7db92ccc7ab532775994d081047948,dls_strict,1,1,0,[None],"{'n': 1, 'mean': 1.1985108505985416e-05, 'p50': 1.1985108505985416e-05, 'p95': 1.1985108505985416e-05, 'p99': 1.1985108505985416e-05, 'max': 1.1985108505985416e-05}","{'n': 1, 'mean': 1.2642611709735305e-05, 'p50': 1.2642611709735305e-05, 'p95': 1.2642611709735305e-05, 'p99': 1.2642611709735305e-05, 'max': 1.2642611709735305e-05}","{'n': 1, 'mean': 0.19812753999923238, 'p50': 0.19812753999923238, 'p95': 0.19812753999923238, 'p99': 0.19812753999923238, 'max': 0.19812753999923238}","{'n': 1, 'mean': 10.806394, 'p50': 10.806394, 'p95': 10.806394, 'p99': 10.806394, 'max': 10.806394}",['accepted'],outputs/continuation_mechanism_study/nonlinear_continuation_reference/successful_witnesses/state_13_candidate_04_L1_dls_prediction.json
state_13_candidate_04,state_13,0041eb55dd40437ac17fe39ad8e73df25d7db92ccc7ab532775994d081047948,dls_task,1,1,1,[None],"{'n': 1, 'mean': 0.00014196462601387736, 'p50': 0.00014196462601387736, 'p95': 0.00014196462601387736, 'p99': 0.00014196462601387736, 'max': 0.00014196462601387736}","{'n': 1, 'mean': 0.00031955120214993883, 'p50': 0.00031955120214993883, 'p95': 0.00031955120214993883, 'p99': 0.00031955120214993883, 'max': 0.00031955120214993883}","{'n': 1, 'mean': 0.19510738603949865, 'p50': 0.19510738603949865, 'p95': 0.19510738603949865, 'p99': 0.19510738603949865, 'max': 0.19510738603949865}","{'n': 1, 'mean': 0.559397, 'p50': 0.559397, 'p95': 0.559397, 'p99': 0.559397, 'max': 0.559397}",['accepted'],outputs/continuation_mechanism_study/nonlinear_continuation_reference/successful_witnesses/state_13_candidate_04_L1_dls_prediction.json
state_13_candidate_05,state_13,0041eb55dd40437ac17fe39ad8e73df25d7db92ccc7ab532775994d081047948,trac_strict_5ms,5,5,5,"[1, 1, 1, 1, 1]","{'n': 5, 'mean': 2.952194247329346e-07, 'p50': 2.952194247329346e-07, 'p95': 2.952194247329346e-07, 'p99': 2.952194247329346e-07, 'max': 2.952194247329346e-07}","{'n': 5, 'mean': 1.1218666622803755e-06, 'p50': 1.1218666622803755e-06, 'p95': 1.1218666622803755e-06, 'p99': 1.1218666622803755e-06, 'max': 1.1218666622803755e-06}","{'n': 5, 'mean': 0.3032477194547662, 'p50': 0.3032477194547662, 'p95': 0.3032477194547662, 'p99': 0.3032477194547662, 'max': 0.3032477194547662}","{'n': 5, 'mean': 0.3024702, 'p50': 0.241034, 'p95': 0.4890993999999999, 'p99': 0.5302870799999999, 'max': 0.540584}","['accepted', 'accepted', 'accepted', 'accepted', 'accepted']",outputs/continuation_mechanism_study/nonlinear_continuation_reference/successful_witnesses/state_13_candidate_05_L1_dls_prediction.json
state_13_candidate_05,state_13,0041eb55dd40437ac17fe39ad8e73df25d7db92ccc7ab532775994d081047948,trac_task_5ms,5,5,5,"[1, 1, 1, 1, 1]","{'n': 5, 'mean': 0.00010063789212932811, 'p50': 0.0001006378921293281, 'p95': 0.0001006378921293281, 'p99': 0.0001006378921293281, 'max': 0.0001006378921293281}","{'n': 5, 'mean': 0.00031809249154791496, 'p50': 0.00031809249154791496, 'p95': 0.00031809249154791496, 'p99': 0.00031809249154791496, 'max': 0.00031809249154791496}","{'n': 5, 'mean': 0.5366032369413872, 'p50': 0.5366032369413872, 'p95': 0.5366032369413872, 'p99': 0.5366032369413872, 'max': 0.5366032369413872}","{'n': 5, 'mean': 0.2736338, 'p50': 0.204993, 'p95': 0.45004839999999996, 'p99': 0.48369128, 'max': 0.492102}","['accepted', 'accepted', 'accepted', 'accepted', 'accepted']",outputs/continuation_mechanism_study/nonlinear_continuation_reference/successful_witnesses/state_13_candidate_05_L1_dls_prediction.json
state_13_candidate_05,state_13,0041eb55dd40437ac17fe39ad8e73df25d7db92ccc7ab532775994d081047948,trac_strict_20ms,5,5,5,"[1, 1, 1, 1, 1]","{'n': 5, 'mean': 2.952194247329346e-07, 'p50': 2.952194247329346e-07, 'p95': 2.952194247329346e-07, 'p99': 2.952194247329346e-07, 'max': 2.952194247329346e-07}","{'n': 5, 'mean': 1.1218666622803755e-06, 'p50': 1.1218666622803755e-06, 'p95': 1.1218666622803755e-06, 'p99': 1.1218666622803755e-06, 'max': 1.1218666622803755e-06}","{'n': 5, 'mean': 0.3032477194547662, 'p50': 0.3032477194547662, 'p95': 0.3032477194547662, 'p99': 0.3032477194547662, 'max': 0.3032477194547662}","{'n': 5, 'mean': 0.278147, 'p50': 0.26839, 'p95': 0.309483, 'p99': 0.3112334, 'max': 0.311671}","['accepted', 'accepted', 'accepted', 'accepted', 'accepted']",outputs/continuation_mechanism_study/nonlinear_continuation_reference/successful_witnesses/state_13_candidate_05_L1_dls_prediction.json
state_13_candidate_05,state_13,0041eb55dd40437ac17fe39ad8e73df25d7db92ccc7ab532775994d081047948,trac_task_20ms,5,5,5,"[1, 1, 1, 1, 1]","{'n': 5, 'mean': 0.00010063789212932811, 'p50': 0.0001006378921293281, 'p95': 0.0001006378921293281, 'p99': 0.0001006378921293281, 'max': 0.0001006378921293281}","{'n': 5, 'mean': 0.00031809249154791496, 'p50': 0.00031809249154791496, 'p95': 0.00031809249154791496, 'p99': 0.00031809249154791496, 'max': 0.00031809249154791496}","{'n': 5, 'mean': 0.5366032369413872, 'p50': 0.5366032369413872, 'p95': 0.5366032369413872, 'p99': 0.5366032369413872, 'max': 0.5366032369413872}","{'n': 5, 'mean': 0.2514604, 'p50': 0.238624, 'p95': 0.3177888, 'p99': 0.32470415999999996, 'max': 0.326433}","['accepted', 'accepted', 'accepted', 'accepted', 'accepted']",outputs/continuation_mechanism_study/nonlinear_continuation_reference/successful_witnesses/state_13_candidate_05_L1_dls_prediction.json
state_13_candidate_05,state_13,0041eb55dd40437ac17fe39ad8e73df25d7db92ccc7ab532775994d081047948,dls_strict,1,1,0,[None],"{'n': 1, 'mean': 9.67986583350509e-06, 'p50': 9.67986583350509e-06, 'p95': 9.67986583350509e-06, 'p99': 9.67986583350509e-06, 'max': 9.67986583350509e-06}","{'n': 1, 'mean': 1.0204112972888657e-05, 'p50': 1.0204112972888657e-05, 'p95': 1.0204112972888657e-05, 'p99': 1.0204112972888657e-05, 'max': 1.0204112972888657e-05}","{'n': 1, 'mean': 0.19587357304249245, 'p50': 0.19587357304249245, 'p95': 0.19587357304249245, 'p99': 0.19587357304249245, 'max': 0.19587357304249245}","{'n': 1, 'mean': 9.614429, 'p50': 9.614429, 'p95': 9.614429, 'p99': 9.614429, 'max': 9.614429}",['accepted'],outputs/continuation_mechanism_study/nonlinear_continuation_reference/successful_witnesses/state_13_candidate_05_L1_dls_prediction.json
state_13_candidate_05,state_13,0041eb55dd40437ac17fe39ad8e73df25d7db92ccc7ab532775994d081047948,dls_task,1,1,1,[None],"{'n': 1, 'mean': 0.000139404361148806, 'p50': 0.000139404361148806, 'p95': 0.000139404361148806, 'p99': 0.000139404361148806, 'max': 0.000139404361148806}","{'n': 1, 'mean': 0.00032135075927984855, 'p50': 0.00032135075927984855, 'p95': 0.00032135075927984855, 'p99': 0.00032135075927984855, 'max': 0.00032135075927984855}","{'n': 1, 'mean': 0.19319992685184795, 'p50': 0.19319992685184795, 'p95': 0.19319992685184795, 'p99': 0.19319992685184795, 'max': 0.19319992685184795}","{'n': 1, 'mean': 0.727305, 'p50': 0.727305, 'p95': 0.727305, 'p99': 0.727305, 'max': 0.727305}",['accepted'],outputs/continuation_mechanism_study/nonlinear_continuation_reference/successful_witnesses/state_13_candidate_05_L1_dls_prediction.json
state_08_candidate_00,state_08,06ca0c5d8d0cb31f50338aee261f6c596974205eb08300b4526361bb949a0c56,trac_strict_5ms,5,5,5,"[1, 1, 1, 1, 1]","{'n': 5, 'mean': 1.9653293503042582e-08, 'p50': 1.9653293503042582e-08, 'p95': 1.9653293503042582e-08, 'p99': 1.9653293503042582e-08, 'max': 1.9653293503042582e-08}","{'n': 5, 'mean': 2.4049707453241113e-08, 'p50': 2.4049707453241113e-08, 'p95': 2.4049707453241113e-08, 'p99': 2.4049707453241113e-08, 'max': 2.4049707453241113e-08}","{'n': 5, 'mean': 0.20883796021018294, 'p50': 0.20883796021018297, 'p95': 0.20883796021018297, 'p99': 0.20883796021018297, 'max': 0.20883796021018297}","{'n': 5, 'mean': 0.35975539999999995, 'p50': 0.376462, 'p95': 0.5618152, 'p99': 0.58160544, 'max': 0.586553}","['accepted', 'accepted', 'accepted', 'accepted', 'accepted']",outputs/continuation_mechanism_study/nonlinear_continuation_reference/successful_witnesses/state_08_candidate_00_L1_dls_prediction.json
state_08_candidate_00,state_08,06ca0c5d8d0cb31f50338aee261f6c596974205eb08300b4526361bb949a0c56,trac_task_5ms,5,5,5,"[1, 1, 1, 1, 1]","{'n': 5, 'mean': 0.00011705581096522234, 'p50': 0.00011705581096522234, 'p95': 0.00011705581096522234, 'p99': 0.00011705581096522234, 'max': 0.00011705581096522234}","{'n': 5, 'mean': 0.00019831707904523349, 'p50': 0.00019831707904523349, 'p95': 0.00019831707904523349, 'p99': 0.00019831707904523349, 'max': 0.00019831707904523349}","{'n': 5, 'mean': 0.21745936596035312, 'p50': 0.21745936596035312, 'p95': 0.21745936596035312, 'p99': 0.21745936596035312, 'max': 0.21745936596035312}","{'n': 5, 'mean': 0.26863739999999997, 'p50': 0.252171, 'p95': 0.35831599999999997, 'p99': 0.37287359999999997, 'max': 0.376513}","['accepted', 'accepted', 'accepted', 'accepted', 'accepted']",outputs/continuation_mechanism_study/nonlinear_continuation_reference/successful_witnesses/state_08_candidate_00_L1_dls_prediction.json
state_08_candidate_00,state_08,06ca0c5d8d0cb31f50338aee261f6c596974205eb08300b4526361bb949a0c56,trac_strict_20ms,5,5,5,"[1, 1, 1, 1, 1]","{'n': 5, 'mean': 1.9653293503042582e-08, 'p50': 1.9653293503042582e-08, 'p95': 1.9653293503042582e-08, 'p99': 1.9653293503042582e-08, 'max': 1.9653293503042582e-08}","{'n': 5, 'mean': 2.4049707453241113e-08, 'p50': 2.4049707453241113e-08, 'p95': 2.4049707453241113e-08, 'p99': 2.4049707453241113e-08, 'max': 2.4049707453241113e-08}","{'n': 5, 'mean': 0.20883796021018294, 'p50': 0.20883796021018297, 'p95': 0.20883796021018297, 'p99': 0.20883796021018297, 'max': 0.20883796021018297}","{'n': 5, 'mean': 0.3942422, 'p50': 0.406362, 'p95': 0.5199882, 'p99': 0.52400724, 'max': 0.525012}","['accepted', 'accepted', 'accepted', 'accepted', 'accepted']",outputs/continuation_mechanism_study/nonlinear_continuation_reference/successful_witnesses/state_08_candidate_00_L1_dls_prediction.json
state_08_candidate_00,state_08,06ca0c5d8d0cb31f50338aee261f6c596974205eb08300b4526361bb949a0c56,trac_task_20ms,5,5,5,"[1, 1, 1, 1, 1]","{'n': 5, 'mean': 0.00022305439565654768, 'p50': 0.00011705581096522234, 'p95': 0.0005410501497305236, 'p99': 0.000625849017483584, 'max': 0.0006470487344218491}","{'n': 5, 'mean': 0.0012292079462745047, 'p50': 0.00019831707904523349, 'p95': 0.004321880547962316, 'p99': 0.005146593241745733, 'max': 0.005352771415191588}","{'n': 5, 'mean': 0.21770752639516822, 'p50': 0.21745936596035312, 'p95': 0.2184520076996136, 'p99': 0.2186505360474657, 'max': 0.21870016813442872}","{'n': 5, 'mean': 0.2520854, 'p50': 0.25012, 'p95': 0.3208018, 'p99': 0.33146676, 'max': 0.334133}","['accepted', 'accepted', 'accepted', 'accepted', 'accepted']",outputs/continuation_mechanism_study/nonlinear_continuation_reference/successful_witnesses/state_08_candidate_00_L1_dls_prediction.json
state_08_candidate_00,state_08,06ca0c5d8d0cb31f50338aee261f6c596974205eb08300b4526361bb949a0c56,dls_strict,1,1,1,[None],"{'n': 1, 'mean': 1.96722550006503e-08, 'p50': 1.96722550006503e-08, 'p95': 1.96722550006503e-08, 'p99': 1.96722550006503e-08, 'max': 1.96722550006503e-08}","{'n': 1, 'mean': 2.4040061807747485e-08, 'p50': 2.4040061807747485e-08, 'p95': 2.4040061807747485e-08, 'p99': 2.4040061807747485e-08, 'max': 2.4040061807747485e-08}","{'n': 1, 'mean': 0.2088379644523146, 'p50': 0.2088379644523146, 'p95': 0.2088379644523146, 'p99': 0.2088379644523146, 'max': 0.2088379644523146}","{'n': 1, 'mean': 0.979603, 'p50': 0.979603, 'p95': 0.979603, 'p99': 0.979603, 'max': 0.979603}",['accepted'],outputs/continuation_mechanism_study/nonlinear_continuation_reference/successful_witnesses/state_08_candidate_00_L1_dls_prediction.json
state_08_candidate_00,state_08,06ca0c5d8d0cb31f50338aee261f6c596974205eb08300b4526361bb949a0c56,dls_task,1,1,1,[None],"{'n': 1, 'mean': 0.00011705581619088892, 'p50': 0.00011705581619088892, 'p95': 0.00011705581619088892, 'p99': 0.00011705581619088892, 'max': 0.00011705581619088892}","{'n': 1, 'mean': 0.0001983170957011359, 'p50': 0.0001983170957011359, 'p95': 0.0001983170957011359, 'p99': 0.0001983170957011359, 'max': 0.0001983170957011359}","{'n': 1, 'mean': 0.21745936996408727, 'p50': 0.21745936996408727, 'p95': 0.21745936996408727, 'p99': 0.21745936996408727, 'max': 0.21745936996408727}","{'n': 1, 'mean': 0.700327, 'p50': 0.700327, 'p95': 0.700327, 'p99': 0.700327, 'max': 0.700327}",['accepted'],outputs/continuation_mechanism_study/nonlinear_continuation_reference/successful_witnesses/state_08_candidate_00_L1_dls_prediction.json
state_08_candidate_01,state_08,06ca0c5d8d0cb31f50338aee261f6c596974205eb08300b4526361bb949a0c56,trac_strict_5ms,5,5,5,"[1, 1, 1, 1, 1]","{'n': 5, 'mean': 1.9499207157314054e-08, 'p50': 1.9499207157314054e-08, 'p95': 1.9499207157314054e-08, 'p99': 1.9499207157314054e-08, 'max': 1.9499207157314054e-08}","{'n': 5, 'mean': 2.3204705281028734e-08, 'p50': 2.3204705281028734e-08, 'p95': 2.3204705281028734e-08, 'p99': 2.3204705281028734e-08, 'max': 2.3204705281028734e-08}","{'n': 5, 'mean': 0.20903355511303118, 'p50': 0.20903355511303115, 'p95': 0.20903355511303115, 'p99': 0.20903355511303115, 'max': 0.20903355511303115}","{'n': 5, 'mean': 0.2587882, 'p50': 0.215198, 'p95': 0.41708239999999996, 'p99': 0.45535728, 'max': 0.464926}","['accepted', 'accepted', 'accepted', 'accepted', 'accepted']",outputs/continuation_mechanism_study/nonlinear_continuation_reference/successful_witnesses/state_08_candidate_01_L1_dls_prediction.json
state_08_candidate_01,state_08,06ca0c5d8d0cb31f50338aee261f6c596974205eb08300b4526361bb949a0c56,trac_task_5ms,5,5,5,"[1, 1, 1, 1, 1]","{'n': 5, 'mean': 0.00011713889889224131, 'p50': 0.00011713889889224131, 'p95': 0.00011713889889224131, 'p99': 0.00011713889889224131, 'max': 0.00011713889889224131}","{'n': 5, 'mean': 0.00019881643899424253, 'p50': 0.00019881643899424253, 'p95': 0.00019881643899424253, 'p99': 0.00019881643899424253, 'max': 0.00019881643899424253}","{'n': 5, 'mean': 0.21764766529189314, 'p50': 0.21764766529189317, 'p95': 0.21764766529189317, 'p99': 0.21764766529189317, 'max': 0.21764766529189317}","{'n': 5, 'mean': 0.3196926, 'p50': 0.250965, 'p95': 0.492196, 'p99': 0.497788, 'max': 0.499186}","['accepted', 'accepted', 'accepted', 'accepted', 'accepted']",outputs/continuation_mechanism_study/nonlinear_continuation_reference/successful_witnesses/state_08_candidate_01_L1_dls_prediction.json
state_08_candidate_01,state_08,06ca0c5d8d0cb31f50338aee261f6c596974205eb08300b4526361bb949a0c56,trac_strict_20ms,5,5,5,"[1, 1, 1, 1, 1]","{'n': 5, 'mean': 1.9499207157314054e-08, 'p50': 1.9499207157314054e-08, 'p95': 1.9499207157314054e-08, 'p99': 1.9499207157314054e-08, 'max': 1.9499207157314054e-08}","{'n': 5, 'mean': 2.3204705281028734e-08, 'p50': 2.3204705281028734e-08, 'p95': 2.3204705281028734e-08, 'p99': 2.3204705281028734e-08, 'max': 2.3204705281028734e-08}","{'n': 5, 'mean': 0.20903355511303118, 'p50': 0.20903355511303115, 'p95': 0.20903355511303115, 'p99': 0.20903355511303115, 'max': 0.20903355511303115}","{'n': 5, 'mean': 0.31258379999999997, 'p50': 0.225036, 'p95': 0.4783398, 'p99': 0.48940476, 'max': 0.492171}","['accepted', 'accepted', 'accepted', 'accepted', 'accepted']",outputs/continuation_mechanism_study/nonlinear_continuation_reference/successful_witnesses/state_08_candidate_01_L1_dls_prediction.json
state_08_candidate_01,state_08,06ca0c5d8d0cb31f50338aee261f6c596974205eb08300b4526361bb949a0c56,trac_task_20ms,5,5,5,"[1, 1, 1, 1, 1]","{'n': 5, 'mean': 0.00022462319649314111, 'p50': 0.00011713889889224131, 'p95': 0.0005470760892958404, 'p99': 0.0006330635273765604, 'max': 0.0006545603868967403}","{'n': 5, 'mean': 0.0012346301222763772, 'p50': 0.00019881643899424253, 'p95': 0.00434207117212278, 'p99': 0.0051707221187484885, 'max': 0.005377884855404916}","{'n': 5, 'mean': 0.2177719816428314, 'p50': 0.21764766529189317, 'p95': 0.21814493069564606, 'p99': 0.21824438377639666, 'max': 0.2182692470465843}","{'n': 5, 'mean': 0.349105, 'p50': 0.245463, 'p95': 0.5500822, 'p99': 0.56121484, 'max': 0.563998}","['accepted', 'accepted', 'accepted', 'accepted', 'accepted']",outputs/continuation_mechanism_study/nonlinear_continuation_reference/successful_witnesses/state_08_candidate_01_L1_dls_prediction.json
state_08_candidate_01,state_08,06ca0c5d8d0cb31f50338aee261f6c596974205eb08300b4526361bb949a0c56,dls_strict,1,1,1,[None],"{'n': 1, 'mean': 1.9518242931308908e-08, 'p50': 1.9518242931308908e-08, 'p95': 1.9518242931308908e-08, 'p99': 1.9518242931308908e-08, 'max': 1.9518242931308908e-08}","{'n': 1, 'mean': 2.3195555410479656e-08, 'p50': 2.3195555410479656e-08, 'p95': 2.3195555410479656e-08, 'p99': 2.3195555410479656e-08, 'max': 2.3195555410479656e-08}","{'n': 1, 'mean': 0.20903355933031514, 'p50': 0.20903355933031514, 'p95': 0.20903355933031514, 'p99': 0.20903355933031514, 'max': 0.20903355933031514}","{'n': 1, 'mean': 0.940848, 'p50': 0.940848, 'p95': 0.940848, 'p99': 0.940848, 'max': 0.940848}",['accepted'],outputs/continuation_mechanism_study/nonlinear_continuation_reference/successful_witnesses/state_08_candidate_01_L1_dls_prediction.json
state_08_candidate_01,state_08,06ca0c5d8d0cb31f50338aee261f6c596974205eb08300b4526361bb949a0c56,dls_task,1,1,1,[None],"{'n': 1, 'mean': 0.00011713890196202688, 'p50': 0.00011713890196202688, 'p95': 0.00011713890196202688, 'p99': 0.00011713890196202688, 'max': 0.00011713890196202688}","{'n': 1, 'mean': 0.00019881645665973337, 'p50': 0.00019881645665973337, 'p95': 0.00019881645665973337, 'p99': 0.00019881645665973337, 'max': 0.00019881645665973337}","{'n': 1, 'mean': 0.21764766901227597, 'p50': 0.21764766901227597, 'p95': 0.21764766901227597, 'p99': 0.21764766901227597, 'max': 0.21764766901227597}","{'n': 1, 'mean': 0.833794, 'p50': 0.833794, 'p95': 0.833794, 'p99': 0.833794, 'max': 0.833794}",['accepted'],outputs/continuation_mechanism_study/nonlinear_continuation_reference/successful_witnesses/state_08_candidate_01_L1_dls_prediction.json
state_08_candidate_02,state_08,06ca0c5d8d0cb31f50338aee261f6c596974205eb08300b4526361bb949a0c56,trac_strict_5ms,5,5,5,"[1, 1, 1, 1, 1]","{'n': 5, 'mean': 1.9815191706520836e-08, 'p50': 1.9815191706520836e-08, 'p95': 1.9815191706520836e-08, 'p99': 1.9815191706520836e-08, 'max': 1.9815191706520836e-08}","{'n': 5, 'mean': 2.490660117910605e-08, 'p50': 2.490660117910605e-08, 'p95': 2.490660117910605e-08, 'p99': 2.490660117910605e-08, 'max': 2.490660117910605e-08}","{'n': 5, 'mean': 0.20864121793372176, 'p50': 0.20864121793372176, 'p95': 0.20864121793372176, 'p99': 0.20864121793372176, 'max': 0.20864121793372176}","{'n': 5, 'mean': 0.24044959999999999, 'p50': 0.215748, 'p95': 0.3516678, 'p99': 0.37783436, 'max': 0.384376}","['accepted', 'accepted', 'accepted', 'accepted', 'accepted']",outputs/continuation_mechanism_study/nonlinear_continuation_reference/successful_witnesses/state_08_candidate_02_L1_dls_prediction.json
state_08_candidate_02,state_08,06ca0c5d8d0cb31f50338aee261f6c596974205eb08300b4526361bb949a0c56,trac_task_5ms,5,5,5,"[1, 1, 1, 1, 1]","{'n': 5, 'mean': 0.00011697342551009132, 'p50': 0.00011697342551009132, 'p95': 0.00011697342551009132, 'p99': 0.00011697342551009132, 'max': 0.00011697342551009132}","{'n': 5, 'mean': 0.0001978240970723489, 'p50': 0.00019782409707234892, 'p95': 0.00019782409707234892, 'p99': 0.00019782409707234892, 'max': 0.00019782409707234892}","{'n': 5, 'mean': 0.2172699705179097, 'p50': 0.21726997051790972, 'p95': 0.21726997051790972, 'p99': 0.21726997051790972, 'max': 0.21726997051790972}","{'n': 5, 'mean': 0.28808359999999994, 'p50': 0.275239, 'p95': 0.44946499999999995, 'p99': 0.4798202, 'max': 0.487409}","['accepted', 'accepted', 'accepted', 'accepted', 'accepted']",outputs/continuation_mechanism_study/nonlinear_continuation_reference/successful_witnesses/state_08_candidate_02_L1_dls_prediction.json
state_08_candidate_02,state_08,06ca0c5d8d0cb31f50338aee261f6c596974205eb08300b4526361bb949a0c56,trac_strict_20ms,5,5,5,"[1, 1, 1, 1, 1]","{'n': 5, 'mean': 1.9815191706520836e-08, 'p50': 1.9815191706520836e-08, 'p95': 1.9815191706520836e-08, 'p99': 1.9815191706520836e-08, 'max': 1.9815191706520836e-08}","{'n': 5, 'mean': 2.490660117910605e-08, 'p50': 2.490660117910605e-08, 'p95': 2.490660117910605e-08, 'p99': 2.490660117910605e-08, 'max': 2.490660117910605e-08}","{'n': 5, 'mean': 0.20864121793372176, 'p50': 0.20864121793372176, 'p95': 0.20864121793372176, 'p99': 0.20864121793372176, 'max': 0.20864121793372176}","{'n': 5, 'mean': 0.3057662, 'p50': 0.237283, 'p95': 0.4415346, 'p99': 0.44444852, 'max': 0.445177}","['accepted', 'accepted', 'accepted', 'accepted', 'accepted']",outputs/continuation_mechanism_study/nonlinear_continuation_reference/successful_witnesses/state_08_candidate_02_L1_dls_prediction.json
state_08_candidate_02,state_08,06ca0c5d8d0cb31f50338aee261f6c596974205eb08300b4526361bb949a0c56,trac_task_20ms,5,5,5,"[1, 1, 1, 1, 1]","{'n': 5, 'mean': 0.00011697342551009132, 'p50': 0.00011697342551009132, 'p95': 0.00011697342551009132, 'p99': 0.00011697342551009132, 'max': 0.00011697342551009132}","{'n': 5, 'mean': 0.0001978240970723489, 'p50': 0.00019782409707234892, 'p95': 0.00019782409707234892, 'p99': 0.00019782409707234892, 'max': 0.00019782409707234892}","{'n': 5, 'mean': 0.2172699705179097, 'p50': 0.21726997051790972, 'p95': 0.21726997051790972, 'p99': 0.21726997051790972, 'max': 0.21726997051790972}","{'n': 5, 'mean': 0.27241460000000006, 'p50': 0.208564, 'p95': 0.4607482, 'p99': 0.49993444000000004, 'max': 0.509731}","['accepted', 'accepted', 'accepted', 'accepted', 'accepted']",outputs/continuation_mechanism_study/nonlinear_continuation_reference/successful_witnesses/state_08_candidate_02_L1_dls_prediction.json
state_08_candidate_02,state_08,06ca0c5d8d0cb31f50338aee261f6c596974205eb08300b4526361bb949a0c56,dls_strict,1,1,1,[None],"{'n': 1, 'mean': 1.9834074471813668e-08, 'p50': 1.9834074471813668e-08, 'p95': 1.9834074471813668e-08, 'p99': 1.9834074471813668e-08, 'max': 1.9834074471813668e-08}","{'n': 1, 'mean': 2.4896458608677906e-08, 'p50': 2.4896458608677906e-08, 'p95': 2.4896458608677906e-08, 'p99': 2.4896458608677906e-08, 'max': 2.4896458608677906e-08}","{'n': 1, 'mean': 0.20864122220124082, 'p50': 0.20864122220124082, 'p95': 0.20864122220124082, 'p99': 0.20864122220124082, 'max': 0.20864122220124082}","{'n': 1, 'mean': 1.074341, 'p50': 1.074341, 'p95': 1.074341, 'p99': 1.074341, 'max': 1.074341}",['accepted'],outputs/continuation_mechanism_study/nonlinear_continuation_reference/successful_witnesses/state_08_candidate_02_L1_dls_prediction.json
state_08_candidate_02,state_08,06ca0c5d8d0cb31f50338aee261f6c596974205eb08300b4526361bb949a0c56,dls_task,1,1,1,[None],"{'n': 1, 'mean': 0.00011697343294950542, 'p50': 0.00011697343294950542, 'p95': 0.00011697343294950542, 'p99': 0.00011697343294950542, 'max': 0.00011697343294950542}","{'n': 1, 'mean': 0.00019782411269063556, 'p50': 0.00019782411269063556, 'p95': 0.00019782411269063556, 'p99': 0.00019782411269063556, 'max': 0.00019782411269063556}","{'n': 1, 'mean': 0.21726997481340335, 'p50': 0.21726997481340335, 'p95': 0.21726997481340335, 'p99': 0.21726997481340335, 'max': 0.21726997481340335}","{'n': 1, 'mean': 0.620835, 'p50': 0.620835, 'p95': 0.620835, 'p99': 0.620835, 'max': 0.620835}",['accepted'],outputs/continuation_mechanism_study/nonlinear_continuation_reference/successful_witnesses/state_08_candidate_02_L1_dls_prediction.json
state_08_candidate_03,state_08,06ca0c5d8d0cb31f50338aee261f6c596974205eb08300b4526361bb949a0c56,trac_strict_5ms,5,5,5,"[1, 1, 1, 1, 1]","{'n': 5, 'mean': 1.935282351616278e-08, 'p50': 1.935282351616278e-08, 'p95': 1.935282351616278e-08, 'p99': 1.935282351616278e-08, 'max': 1.935282351616278e-08}","{'n': 5, 'mean': 2.2372126610021016e-08, 'p50': 2.2372126610021016e-08, 'p95': 2.2372126610021016e-08, 'p99': 2.2372126610021016e-08, 'max': 2.2372126610021016e-08}","{'n': 5, 'mean': 0.2092280087655995, 'p50': 0.2092280087655995, 'p95': 0.2092280087655995, 'p99': 0.2092280087655995, 'max': 0.2092280087655995}","{'n': 5, 'mean': 0.2584848, 'p50': 0.20949, 'p95': 0.42967599999999995, 'p99': 0.4715736, 'max': 0.482048}","['accepted', 'accepted', 'accepted', 'accepted', 'accepted']",outputs/continuation_mechanism_study/nonlinear_continuation_reference/successful_witnesses/state_08_candidate_03_L1_dls_prediction.json
state_08_candidate_03,state_08,06ca0c5d8d0cb31f50338aee261f6c596974205eb08300b4526361bb949a0c56,trac_task_5ms,5,5,5,"[1, 1, 1, 1, 1]","{'n': 5, 'mean': 0.00011722269070230306, 'p50': 0.00011722269070230307, 'p95': 0.00011722269070230307, 'p99': 0.00011722269070230307, 'max': 0.00011722269070230307}","{'n': 5, 'mean': 0.00019932212846741941, 'p50': 0.00019932212846741944, 'p95': 0.00019932212846741944, 'p99': 0.00019932212846741944, 'max': 0.00019932212846741944}","{'n': 5, 'mean': 0.21783487507518542, 'p50': 0.21783487507518542, 'p95': 0.21783487507518542, 'p99': 0.21783487507518542, 'max': 0.21783487507518542}","{'n': 5, 'mean': 0.3256958, 'p50': 0.205239, 'p95': 0.530319, 'p99': 0.530635, 'max': 0.530714}","['accepted', 'accepted', 'accepted', 'accepted', 'accepted']",outputs/continuation_mechanism_study/nonlinear_continuation_reference/successful_witnesses/state_08_candidate_03_L1_dls_prediction.json
state_08_candidate_03,state_08,06ca0c5d8d0cb31f50338aee261f6c596974205eb08300b4526361bb949a0c56,trac_strict_20ms,5,5,5,"[1, 1, 1, 1, 1]","{'n': 5, 'mean': 1.935282351616278e-08, 'p50': 1.935282351616278e-08, 'p95': 1.935282351616278e-08, 'p99': 1.935282351616278e-08, 'max': 1.935282351616278e-08}","{'n': 5, 'mean': 2.2372126610021016e-08, 'p50': 2.2372126610021016e-08, 'p95': 2.2372126610021016e-08, 'p99': 2.2372126610021016e-08, 'max': 2.2372126610021016e-08}","{'n': 5, 'mean': 0.2092280087655995, 'p50': 0.2092280087655995, 'p95': 0.2092280087655995, 'p99': 0.2092280087655995, 'max': 0.2092280087655995}","{'n': 5, 'mean': 0.22820300000000002, 'p50': 0.228858, 'p95': 0.2523032, 'p99': 0.25557744, 'max': 0.256396}","['accepted', 'accepted', 'accepted', 'accepted', 'accepted']",outputs/continuation_mechanism_study/nonlinear_continuation_reference/successful_witnesses/state_08_candidate_03_L1_dls_prediction.json
state_08_candidate_03,state_08,06ca0c5d8d0cb31f50338aee261f6c596974205eb08300b4526361bb949a0c56,trac_task_20ms,5,5,5,"[1, 1, 1, 1, 1]","{'n': 5, 'mean': 0.00011722269070230306, 'p50': 0.00011722269070230307, 'p95': 0.00011722269070230307, 'p99': 0.00011722269070230307, 'max': 0.00011722269070230307}","{'n': 5, 'mean': 0.00019932212846741941, 'p50': 0.00019932212846741944, 'p95': 0.00019932212846741944, 'p99': 0.00019932212846741944, 'max': 0.00019932212846741944}","{'n': 5, 'mean': 0.21783487507518542, 'p50': 0.21783487507518542, 'p95': 0.21783487507518542, 'p99': 0.21783487507518542, 'max': 0.21783487507518542}","{'n': 5, 'mean': 0.2570054, 'p50': 0.261557, 'p95': 0.35333519999999996, 'p99': 0.36727264, 'max': 0.370757}","['accepted', 'accepted', 'accepted', 'accepted', 'accepted']",outputs/continuation_mechanism_study/nonlinear_continuation_reference/successful_witnesses/state_08_candidate_03_L1_dls_prediction.json
state_08_candidate_03,state_08,06ca0c5d8d0cb31f50338aee261f6c596974205eb08300b4526361bb949a0c56,dls_strict,1,1,1,[None],"{'n': 1, 'mean': 1.9371929141996465e-08, 'p50': 1.9371929141996465e-08, 'p95': 1.9371929141996465e-08, 'p99': 1.9371929141996465e-08, 'max': 1.9371929141996465e-08}","{'n': 1, 'mean': 2.236347232643439e-08, 'p50': 2.236347232643439e-08, 'p95': 2.236347232643439e-08, 'p99': 2.236347232643439e-08, 'max': 2.236347232643439e-08}","{'n': 1, 'mean': 0.20922801295857066, 'p50': 0.20922801295857066, 'p95': 0.20922801295857066, 'p99': 0.20922801295857066, 'max': 0.20922801295857066}","{'n': 1, 'mean': 1.039932, 'p50': 1.039932, 'p95': 1.039932, 'p99': 1.039932, 'max': 1.039932}",['accepted'],outputs/continuation_mechanism_study/nonlinear_continuation_reference/successful_witnesses/state_08_candidate_03_L1_dls_prediction.json
state_08_candidate_03,state_08,06ca0c5d8d0cb31f50338aee261f6c596974205eb08300b4526361bb949a0c56,dls_task,1,1,1,[None],"{'n': 1, 'mean': 0.00011722269167481665, 'p50': 0.00011722269167481665, 'p95': 0.00011722269167481665, 'p99': 0.00011722269167481665, 'max': 0.00011722269167481665}","{'n': 1, 'mean': 0.00019932214711483527, 'p50': 0.00019932214711483527, 'p95': 0.00019932214711483527, 'p99': 0.00019932214711483527, 'max': 0.00019932214711483527}","{'n': 1, 'mean': 0.21783487852065056, 'p50': 0.21783487852065056, 'p95': 0.21783487852065056, 'p99': 0.21783487852065056, 'max': 0.21783487852065056}","{'n': 1, 'mean': 0.647614, 'p50': 0.647614, 'p95': 0.647614, 'p99': 0.647614, 'max': 0.647614}",['accepted'],outputs/continuation_mechanism_study/nonlinear_continuation_reference/successful_witnesses/state_08_candidate_03_L1_dls_prediction.json
state_08_candidate_04,state_08,06ca0c5d8d0cb31f50338aee261f6c596974205eb08300b4526361bb949a0c56,trac_strict_5ms,5,5,5,"[1, 1, 1, 1, 1]","{'n': 5, 'mean': 1.998500824189986e-08, 'p50': 1.998500824189986e-08, 'p95': 1.998500824189986e-08, 'p99': 1.998500824189986e-08, 'max': 1.998500824189986e-08}","{'n': 5, 'mean': 2.5774939457676983e-08, 'p50': 2.5774939457676986e-08, 'p95': 2.5774939457676986e-08, 'p99': 2.5774939457676986e-08, 'max': 2.5774939457676986e-08}","{'n': 5, 'mean': 0.2084433228762197, 'p50': 0.2084433228762197, 'p95': 0.2084433228762197, 'p99': 0.2084433228762197, 'max': 0.2084433228762197}","{'n': 5, 'mean': 0.3244838, 'p50': 0.296691, 'p95': 0.5038273999999999, 'p99': 0.53034628, 'max': 0.536976}","['accepted', 'accepted', 'accepted', 'accepted', 'accepted']",outputs/continuation_mechanism_study/nonlinear_continuation_reference/successful_witnesses/state_08_candidate_04_L1_dls_prediction.json
state_08_candidate_04,state_08,06ca0c5d8d0cb31f50338aee261f6c596974205eb08300b4526361bb949a0c56,trac_task_5ms,5,5,5,"[1, 1, 1, 1, 1]","{'n': 5, 'mean': 0.0001168917411330301, 'p50': 0.0001168917411330301, 'p95': 0.0001168917411330301, 'p99': 0.0001168917411330301, 'max': 0.0001168917411330301}","{'n': 5, 'mean': 0.00019733754984616966, 'p50': 0.0001973375498461697, 'p95': 0.0001973375498461697, 'p99': 0.0001973375498461697, 'max': 0.0001973375498461697}","{'n': 5, 'mean': 0.21707947307034817, 'p50': 0.21707947307034817, 'p95': 0.21707947307034817, 'p99': 0.21707947307034817, 'max': 0.21707947307034817}","{'n': 5, 'mean': 0.27750379999999997, 'p50': 0.204816, 'p95': 0.42516659999999995, 'p99': 0.43339412, 'max': 0.435451}","['accepted', 'accepted', 'accepted', 'accepted', 'accepted']",outputs/continuation_mechanism_study/nonlinear_continuation_reference/successful_witnesses/state_08_candidate_04_L1_dls_prediction.json
state_08_candidate_04,state_08,06ca0c5d8d0cb31f50338aee261f6c596974205eb08300b4526361bb949a0c56,trac_strict_20ms,5,5,5,"[1, 1, 1, 1, 1]","{'n': 5, 'mean': 1.998500824189986e-08, 'p50': 1.998500824189986e-08, 'p95': 1.998500824189986e-08, 'p99': 1.998500824189986e-08, 'max': 1.998500824189986e-08}","{'n': 5, 'mean': 2.5774939457676983e-08, 'p50': 2.5774939457676986e-08, 'p95': 2.5774939457676986e-08, 'p99': 2.5774939457676986e-08, 'max': 2.5774939457676986e-08}","{'n': 5, 'mean': 0.2084433228762197, 'p50': 0.2084433228762197, 'p95': 0.2084433228762197, 'p99': 0.2084433228762197, 'max': 0.2084433228762197}","{'n': 5, 'mean': 0.36620139999999995, 'p50': 0.359807, 'p95': 0.5405802, 'p99': 0.55701044, 'max': 0.561118}","['accepted', 'accepted', 'accepted', 'accepted', 'accepted']",outputs/continuation_mechanism_study/nonlinear_continuation_reference/successful_witnesses/state_08_candidate_04_L1_dls_prediction.json
state_08_candidate_04,state_08,06ca0c5d8d0cb31f50338aee261f6c596974205eb08300b4526361bb949a0c56,trac_task_20ms,5,5,5,"[1, 1, 1, 1, 1]","{'n': 5, 'mean': 0.0001168917411330301, 'p50': 0.0001168917411330301, 'p95': 0.0001168917411330301, 'p99': 0.0001168917411330301, 'max': 0.0001168917411330301}","{'n': 5, 'mean': 0.00019733754984616966, 'p50': 0.0001973375498461697, 'p95': 0.0001973375498461697, 'p99': 0.0001973375498461697, 'max': 0.0001973375498461697}","{'n': 5, 'mean': 0.21707947307034817, 'p50': 0.21707947307034817, 'p95': 0.21707947307034817, 'p99': 0.21707947307034817, 'max': 0.21707947307034817}","{'n': 5, 'mean': 0.28638100000000005, 'p50': 0.192137, 'p95': 0.47209439999999997, 'p99': 0.48851648, 'max': 0.492622}","['accepted', 'accepted', 'accepted', 'accepted', 'accepted']",outputs/continuation_mechanism_study/nonlinear_continuation_reference/successful_witnesses/state_08_candidate_04_L1_dls_prediction.json
state_08_candidate_04,state_08,06ca0c5d8d0cb31f50338aee261f6c596974205eb08300b4526361bb949a0c56,dls_strict,1,1,1,[None],"{'n': 1, 'mean': 2.0003808254002304e-08, 'p50': 2.0003808254002304e-08, 'p95': 2.0003808254002304e-08, 'p99': 2.0003808254002304e-08, 'max': 2.0003808254002304e-08}","{'n': 1, 'mean': 2.5764298150110816e-08, 'p50': 2.5764298150110816e-08, 'p95': 2.5764298150110816e-08, 'p99': 2.5764298150110816e-08, 'max': 2.5764298150110816e-08}","{'n': 1, 'mean': 0.20844332716973732, 'p50': 0.20844332716973732, 'p95': 0.20844332716973732, 'p99': 0.20844332716973732, 'max': 0.20844332716973732}","{'n': 1, 'mean': 0.96769, 'p50': 0.96769, 'p95': 0.96769, 'p99': 0.96769, 'max': 0.96769}",['accepted'],outputs/continuation_mechanism_study/nonlinear_continuation_reference/successful_witnesses/state_08_candidate_04_L1_dls_prediction.json
state_08_candidate_04,state_08,06ca0c5d8d0cb31f50338aee261f6c596974205eb08300b4526361bb949a0c56,dls_task,1,1,1,[None],"{'n': 1, 'mean': 0.00011689175084327399, 'p50': 0.00011689175084327399, 'p95': 0.00011689175084327399, 'p99': 0.00011689175084327399, 'max': 0.00011689175084327399}","{'n': 1, 'mean': 0.0001973375643987281, 'p50': 0.0001973375643987281, 'p95': 0.0001973375643987281, 'p99': 0.0001973375643987281, 'max': 0.0001973375643987281}","{'n': 1, 'mean': 0.21707947766594324, 'p50': 0.21707947766594324, 'p95': 0.21707947766594324, 'p99': 0.21707947766594324, 'max': 0.21707947766594324}","{'n': 1, 'mean': 0.599916, 'p50': 0.599916, 'p95': 0.599916, 'p99': 0.599916, 'max': 0.599916}",['accepted'],outputs/continuation_mechanism_study/nonlinear_continuation_reference/successful_witnesses/state_08_candidate_04_L1_dls_prediction.json
state_08_candidate_05,state_08,06ca0c5d8d0cb31f50338aee261f6c596974205eb08300b4526361bb949a0c56,trac_strict_5ms,5,5,5,"[1, 1, 1, 1, 1]","{'n': 5, 'mean': 1.9590727709444723e-08, 'p50': 1.9590727709444723e-08, 'p95': 1.9590727709444723e-08, 'p99': 1.9590727709444723e-08, 'max': 1.9590727709444723e-08}","{'n': 5, 'mean': 2.3710251852529476e-08, 'p50': 2.3710251852529476e-08, 'p95': 2.3710251852529476e-08, 'p99': 2.3710251852529476e-08, 'max': 2.3710251852529476e-08}","{'n': 5, 'mean': 0.20891633552859967, 'p50': 0.20891633552859967, 'p95': 0.20891633552859967, 'p99': 0.20891633552859967, 'max': 0.20891633552859967}","{'n': 5, 'mean': 0.26727100000000004, 'p50': 0.188258, 'p95': 0.45666039999999997, 'p99': 0.49331848, 'max': 0.502483}","['accepted', 'accepted', 'accepted', 'accepted', 'accepted']",outputs/continuation_mechanism_study/nonlinear_continuation_reference/successful_witnesses/state_08_candidate_05_L1_dls_prediction.json
state_08_candidate_05,state_08,06ca0c5d8d0cb31f50338aee261f6c596974205eb08300b4526361bb949a0c56,trac_task_5ms,5,5,5,"[1, 1, 1, 1, 1]","{'n': 5, 'mean': 0.0001170889617606044, 'p50': 0.00011708896176060441, 'p95': 0.00011708896176060441, 'p99': 0.00011708896176060441, 'max': 0.00011708896176060441}","{'n': 5, 'mean': 0.00019851606056439755, 'p50': 0.00019851606056439758, 'p95': 0.00019851606056439758, 'p99': 0.00019851606056439758, 'max': 0.00019851606056439758}","{'n': 5, 'mean': 0.21753481687310314, 'p50': 0.21753481687310317, 'p95': 0.21753481687310317, 'p99': 0.21753481687310317, 'max': 0.21753481687310317}","{'n': 5, 'mean': 0.3517024, 'p50': 0.442876, 'p95': 0.4804928, 'p99': 0.48757056, 'max': 0.48934}","['accepted', 'accepted', 'accepted', 'accepted', 'accepted']",outputs/continuation_mechanism_study/nonlinear_continuation_reference/successful_witnesses/state_08_candidate_05_L1_dls_prediction.json
state_08_candidate_05,state_08,06ca0c5d8d0cb31f50338aee261f6c596974205eb08300b4526361bb949a0c56,trac_strict_20ms,5,5,5,"[1, 1, 1, 1, 1]","{'n': 5, 'mean': 1.9590727709444723e-08, 'p50': 1.9590727709444723e-08, 'p95': 1.9590727709444723e-08, 'p99': 1.9590727709444723e-08, 'max': 1.9590727709444723e-08}","{'n': 5, 'mean': 2.3710251852529476e-08, 'p50': 2.3710251852529476e-08, 'p95': 2.3710251852529476e-08, 'p99': 2.3710251852529476e-08, 'max': 2.3710251852529476e-08}","{'n': 5, 'mean': 0.20891633552859967, 'p50': 0.20891633552859967, 'p95': 0.20891633552859967, 'p99': 0.20891633552859967, 'max': 0.20891633552859967}","{'n': 5, 'mean': 0.22703859999999998, 'p50': 0.207651, 'p95': 0.29579439999999996, 'p99': 0.31225648, 'max': 0.316372}","['accepted', 'accepted', 'accepted', 'accepted', 'accepted']",outputs/continuation_mechanism_study/nonlinear_continuation_reference/successful_witnesses/state_08_candidate_05_L1_dls_prediction.json
state_08_candidate_05,state_08,06ca0c5d8d0cb31f50338aee261f6c596974205eb08300b4526361bb949a0c56,trac_task_20ms,5,5,5,"[1, 1, 1, 1, 1]","{'n': 5, 'mean': 0.0001170889617606044, 'p50': 0.00011708896176060441, 'p95': 0.00011708896176060441, 'p99': 0.00011708896176060441, 'max': 0.00011708896176060441}","{'n': 5, 'mean': 0.00019851606056439755, 'p50': 0.00019851606056439758, 'p95': 0.00019851606056439758, 'p99': 0.00019851606056439758, 'max': 0.00019851606056439758}","{'n': 5, 'mean': 0.21753481687310314, 'p50': 0.21753481687310317, 'p95': 0.21753481687310317, 'p99': 0.21753481687310317, 'max': 0.21753481687310317}","{'n': 5, 'mean': 0.3353876, 'p50': 0.239669, 'p95': 0.5806678, 'p99': 0.60781356, 'max': 0.6146}","['accepted', 'accepted', 'accepted', 'accepted', 'accepted']",outputs/continuation_mechanism_study/nonlinear_continuation_reference/successful_witnesses/state_08_candidate_05_L1_dls_prediction.json
state_08_candidate_05,state_08,06ca0c5d8d0cb31f50338aee261f6c596974205eb08300b4526361bb949a0c56,dls_strict,1,1,1,[None],"{'n': 1, 'mean': 1.9609719450551546e-08, 'p50': 1.9609719450551546e-08, 'p95': 1.9609719450551546e-08, 'p99': 1.9609719450551546e-08, 'max': 1.9609719450551546e-08}","{'n': 1, 'mean': 2.3700804572960636e-08, 'p50': 2.3700804572960636e-08, 'p95': 2.3700804572960636e-08, 'p99': 2.3700804572960636e-08, 'max': 2.3700804572960636e-08}","{'n': 1, 'mean': 0.20891633976072402, 'p50': 0.20891633976072402, 'p95': 0.20891633976072402, 'p99': 0.20891633976072402, 'max': 0.20891633976072402}","{'n': 1, 'mean': 1.232607, 'p50': 1.232607, 'p95': 1.232607, 'p99': 1.232607, 'max': 1.232607}",['accepted'],outputs/continuation_mechanism_study/nonlinear_continuation_reference/successful_witnesses/state_08_candidate_05_L1_dls_prediction.json
state_08_candidate_05,state_08,06ca0c5d8d0cb31f50338aee261f6c596974205eb08300b4526361bb949a0c56,dls_task,1,1,1,[None],"{'n': 1, 'mean': 0.00011708896611685012, 'p50': 0.00011708896611685012, 'p95': 0.00011708896611685012, 'p99': 0.00011708896611685012, 'max': 0.00011708896611685012}","{'n': 1, 'mean': 0.0001985160776275317, 'p50': 0.0001985160776275317, 'p95': 0.0001985160776275317, 'p99': 0.0001985160776275317, 'max': 0.0001985160776275317}","{'n': 1, 'mean': 0.21753482076247416, 'p50': 0.21753482076247416, 'p95': 0.21753482076247416, 'p99': 0.21753482076247416, 'max': 0.21753482076247416}","{'n': 1, 'mean': 0.704566, 'p50': 0.704566, 'p95': 0.704566, 'p99': 0.704566, 'max': 0.704566}",['accepted'],outputs/continuation_mechanism_study/nonlinear_continuation_reference/successful_witnesses/state_08_candidate_05_L1_dls_prediction.json
case_01_candidate_00,case_01_pre_failure,8007124479c3c7bc724a1818507bb840030dd31b60be2b3793048463dfa14ffc,trac_strict_5ms,5,0,0,"[-3, -3, -3, -3, -3]","{'n': 5, 'mean': 0.006888483269981499, 'p50': 0.006888483269981499, 'p95': 0.006888483269981499, 'p99': 0.006888483269981499, 'max': 0.006888483269981499}","{'n': 5, 'mean': 0.022351157264243617, 'p50': 0.022351157264243617, 'p95': 0.022351157264243617, 'p99': 0.022351157264243617, 'max': 0.022351157264243617}","{'n': 5, 'mean': 0.0, 'p50': 0.0, 'p95': 0.0, 'p99': 0.0, 'max': 0.0}","{'n': 5, 'mean': 5.3069768, 'p50': 5.276704, 'p95': 5.3753088, 'p99': 5.38106576, 'max': 5.382505}","['internal_nonconvergence+position_tolerance+orientation_tolerance', 'internal_nonconvergence+position_tolerance+orientation_tolerance', 'internal_nonconvergence+position_tolerance+orientation_tolerance', 'internal_nonconvergence+position_tolerance+orientation_tolerance', 'internal_nonconvergence+position_tolerance+orientation_tolerance']",outputs/continuation_mechanism_study/nonlinear_continuation_reference/successful_witnesses/case_01_candidate_00_L1_dls_prediction.json
case_01_candidate_00,case_01_pre_failure,8007124479c3c7bc724a1818507bb840030dd31b60be2b3793048463dfa14ffc,trac_task_5ms,5,5,5,"[1, 1, 1, 1, 1]","{'n': 5, 'mean': 0.0005017017241182753, 'p50': 0.0005017017241182753, 'p95': 0.0005017017241182753, 'p99': 0.0005017017241182753, 'max': 0.0005017017241182753}","{'n': 5, 'mean': 0.0009290284612559917, 'p50': 0.0009290284612559917, 'p95': 0.0009290284612559917, 'p99': 0.0009290284612559917, 'max': 0.0009290284612559917}","{'n': 5, 'mean': 0.7841856496774036, 'p50': 0.7841856496774036, 'p95': 0.7841856496774036, 'p99': 0.7841856496774036, 'max': 0.7841856496774036}","{'n': 5, 'mean': 0.23474520000000001, 'p50': 0.249846, 'p95': 0.27505199999999996, 'p99': 0.28003599999999995, 'max': 0.281282}","['accepted', 'accepted', 'accepted', 'accepted', 'accepted']",outputs/continuation_mechanism_study/nonlinear_continuation_reference/successful_witnesses/case_01_candidate_00_L1_dls_prediction.json
case_01_candidate_00,case_01_pre_failure,8007124479c3c7bc724a1818507bb840030dd31b60be2b3793048463dfa14ffc,trac_strict_20ms,5,0,0,"[-3, -3, -3, -3, -3]","{'n': 5, 'mean': 0.006888483269981499, 'p50': 0.006888483269981499, 'p95': 0.006888483269981499, 'p99': 0.006888483269981499, 'max': 0.006888483269981499}","{'n': 5, 'mean': 0.022351157264243617, 'p50': 0.022351157264243617, 'p95': 0.022351157264243617, 'p99': 0.022351157264243617, 'max': 0.022351157264243617}","{'n': 5, 'mean': 0.0, 'p50': 0.0, 'p95': 0.0, 'p99': 0.0, 'max': 0.0}","{'n': 5, 'mean': 20.3429756, 'p50': 20.332958, 'p95': 20.3731108, 'p99': 20.37590776, 'max': 20.376607}","['internal_nonconvergence+position_tolerance+orientation_tolerance', 'internal_nonconvergence+position_tolerance+orientation_tolerance', 'internal_nonconvergence+position_tolerance+orientation_tolerance', 'internal_nonconvergence+position_tolerance+orientation_tolerance', 'internal_nonconvergence+position_tolerance+orientation_tolerance']",outputs/continuation_mechanism_study/nonlinear_continuation_reference/successful_witnesses/case_01_candidate_00_L1_dls_prediction.json
case_01_candidate_00,case_01_pre_failure,8007124479c3c7bc724a1818507bb840030dd31b60be2b3793048463dfa14ffc,trac_task_20ms,5,5,5,"[1, 1, 1, 1, 1]","{'n': 5, 'mean': 0.0005017017241182753, 'p50': 0.0005017017241182753, 'p95': 0.0005017017241182753, 'p99': 0.0005017017241182753, 'max': 0.0005017017241182753}","{'n': 5, 'mean': 0.0009290284612559917, 'p50': 0.0009290284612559917, 'p95': 0.0009290284612559917, 'p99': 0.0009290284612559917, 'max': 0.0009290284612559917}","{'n': 5, 'mean': 0.7841856496774036, 'p50': 0.7841856496774036, 'p95': 0.7841856496774036, 'p99': 0.7841856496774036, 'max': 0.7841856496774036}","{'n': 5, 'mean': 0.28415, 'p50': 0.236088, 'p95': 0.4653806, 'p99': 0.50177212, 'max': 0.51087}","['accepted', 'accepted', 'accepted', 'accepted', 'accepted']",outputs/continuation_mechanism_study/nonlinear_continuation_reference/successful_witnesses/case_01_candidate_00_L1_dls_prediction.json
case_01_candidate_00,case_01_pre_failure,8007124479c3c7bc724a1818507bb840030dd31b60be2b3793048463dfa14ffc,dls_strict,1,1,0,[None],"{'n': 1, 'mean': 0.000412647087049314, 'p50': 0.000412647087049314, 'p95': 0.000412647087049314, 'p99': 0.000412647087049314, 'max': 0.000412647087049314}","{'n': 1, 'mean': 0.0002799393603211061, 'p50': 0.0002799393603211061, 'p95': 0.0002799393603211061, 'p99': 0.0002799393603211061, 'max': 0.0002799393603211061}","{'n': 1, 'mean': 0.48347788432300143, 'p50': 0.48347788432300143, 'p95': 0.48347788432300143, 'p99': 0.48347788432300143, 'max': 0.48347788432300143}","{'n': 1, 'mean': 17.646311, 'p50': 17.646311, 'p95': 17.646311, 'p99': 17.646311, 'max': 17.646311}",['accepted'],outputs/continuation_mechanism_study/nonlinear_continuation_reference/successful_witnesses/case_01_candidate_00_L1_dls_prediction.json
case_01_candidate_00,case_01_pre_failure,8007124479c3c7bc724a1818507bb840030dd31b60be2b3793048463dfa14ffc,dls_task,1,1,1,[None],"{'n': 1, 'mean': 0.000662807070939265, 'p50': 0.000662807070939265, 'p95': 0.000662807070939265, 'p99': 0.000662807070939265, 'max': 0.000662807070939265}","{'n': 1, 'mean': 0.0005519876523230807, 'p50': 0.0005519876523230807, 'p95': 0.0005519876523230807, 'p99': 0.0005519876523230807, 'max': 0.0005519876523230807}","{'n': 1, 'mean': 0.19369860290918492, 'p50': 0.19369860290918492, 'p95': 0.19369860290918492, 'p99': 0.19369860290918492, 'max': 0.19369860290918492}","{'n': 1, 'mean': 0.64035, 'p50': 0.64035, 'p95': 0.64035, 'p99': 0.64035, 'max': 0.64035}",['accepted'],outputs/continuation_mechanism_study/nonlinear_continuation_reference/successful_witnesses/case_01_candidate_00_L1_dls_prediction.json
case_01_candidate_05,case_01_pre_failure,8007124479c3c7bc724a1818507bb840030dd31b60be2b3793048463dfa14ffc,trac_strict_5ms,5,0,0,"[-3, -3, -3, -3, -3]","{'n': 5, 'mean': 0.006888461052401465, 'p50': 0.0068884610524014645, 'p95': 0.0068884610524014645, 'p99': 0.0068884610524014645, 'max': 0.0068884610524014645}","{'n': 5, 'mean': 0.022351084217378442, 'p50': 0.022351084217378442, 'p95': 0.022351084217378442, 'p99': 0.022351084217378442, 'max': 0.022351084217378442}","{'n': 5, 'mean': 0.0, 'p50': 0.0, 'p95': 0.0, 'p99': 0.0, 'max': 0.0}","{'n': 5, 'mean': 5.431189000000001, 'p50': 5.286171, 'p95': 5.7718968, 'p99': 5.80452656, 'max': 5.812684}","['internal_nonconvergence+position_tolerance+orientation_tolerance', 'internal_nonconvergence+position_tolerance+orientation_tolerance', 'internal_nonconvergence+position_tolerance+orientation_tolerance', 'internal_nonconvergence+position_tolerance+orientation_tolerance', 'internal_nonconvergence+position_tolerance+orientation_tolerance']",outputs/continuation_mechanism_study/nonlinear_continuation_reference/successful_witnesses/case_01_candidate_05_L1_dls_prediction.json
case_01_candidate_05,case_01_pre_failure,8007124479c3c7bc724a1818507bb840030dd31b60be2b3793048463dfa14ffc,trac_task_5ms,5,5,5,"[1, 1, 1, 1, 1]","{'n': 5, 'mean': 0.0005017006305027566, 'p50': 0.0005017006305027566, 'p95': 0.0005017006305027566, 'p99': 0.0005017006305027566, 'max': 0.0005017006305027566}","{'n': 5, 'mean': 0.000929026118081186, 'p50': 0.0009290261180811859, 'p95': 0.0009290261180811859, 'p99': 0.0009290261180811859, 'max': 0.0009290261180811859}","{'n': 5, 'mean': 0.7841846499995707, 'p50': 0.7841846499995707, 'p95': 0.7841846499995707, 'p99': 0.7841846499995707, 'max': 0.7841846499995707}","{'n': 5, 'mean': 0.296137, 'p50': 0.234967, 'p95': 0.4834342, 'p99': 0.52425084, 'max': 0.534455}","['accepted', 'accepted', 'accepted', 'accepted', 'accepted']",outputs/continuation_mechanism_study/nonlinear_continuation_reference/successful_witnesses/case_01_candidate_05_L1_dls_prediction.json
case_01_candidate_05,case_01_pre_failure,8007124479c3c7bc724a1818507bb840030dd31b60be2b3793048463dfa14ffc,trac_strict_20ms,5,0,0,"[-3, -3, -3, -3, -3]","{'n': 5, 'mean': 0.006888461052401465, 'p50': 0.0068884610524014645, 'p95': 0.0068884610524014645, 'p99': 0.0068884610524014645, 'max': 0.0068884610524014645}","{'n': 5, 'mean': 0.022351084217378442, 'p50': 0.022351084217378442, 'p95': 0.022351084217378442, 'p99': 0.022351084217378442, 'max': 0.022351084217378442}","{'n': 5, 'mean': 0.0, 'p50': 0.0, 'p95': 0.0, 'p99': 0.0, 'max': 0.0}","{'n': 5, 'mean': 20.3822508, 'p50': 20.378999, 'p95': 20.4140812, 'p99': 20.41450424, 'max': 20.41461}","['internal_nonconvergence+position_tolerance+orientation_tolerance', 'internal_nonconvergence+position_tolerance+orientation_tolerance', 'internal_nonconvergence+position_tolerance+orientation_tolerance', 'internal_nonconvergence+position_tolerance+orientation_tolerance', 'internal_nonconvergence+position_tolerance+orientation_tolerance']",outputs/continuation_mechanism_study/nonlinear_continuation_reference/successful_witnesses/case_01_candidate_05_L1_dls_prediction.json
case_01_candidate_05,case_01_pre_failure,8007124479c3c7bc724a1818507bb840030dd31b60be2b3793048463dfa14ffc,trac_task_20ms,5,5,5,"[1, 1, 1, 1, 1]","{'n': 5, 'mean': 0.0005017006305027566, 'p50': 0.0005017006305027566, 'p95': 0.0005017006305027566, 'p99': 0.0005017006305027566, 'max': 0.0005017006305027566}","{'n': 5, 'mean': 0.000929026118081186, 'p50': 0.0009290261180811859, 'p95': 0.0009290261180811859, 'p99': 0.0009290261180811859, 'max': 0.0009290261180811859}","{'n': 5, 'mean': 0.7841846499995707, 'p50': 0.7841846499995707, 'p95': 0.7841846499995707, 'p99': 0.7841846499995707, 'max': 0.7841846499995707}","{'n': 5, 'mean': 0.1915068, 'p50': 0.191925, 'p95': 0.20471, 'p99': 0.20623239999999998, 'max': 0.206613}","['accepted', 'accepted', 'accepted', 'accepted', 'accepted']",outputs/continuation_mechanism_study/nonlinear_continuation_reference/successful_witnesses/case_01_candidate_05_L1_dls_prediction.json
case_01_candidate_05,case_01_pre_failure,8007124479c3c7bc724a1818507bb840030dd31b60be2b3793048463dfa14ffc,dls_strict,1,1,0,[None],"{'n': 1, 'mean': 0.00041264663992289665, 'p50': 0.00041264663992289665, 'p95': 0.00041264663992289665, 'p99': 0.00041264663992289665, 'max': 0.00041264663992289665}","{'n': 1, 'mean': 0.000279939047194129, 'p50': 0.000279939047194129, 'p95': 0.000279939047194129, 'p99': 0.000279939047194129, 'max': 0.000279939047194129}","{'n': 1, 'mean': 0.4834759302019367, 'p50': 0.4834759302019367, 'p95': 0.4834759302019367, 'p99': 0.4834759302019367, 'max': 0.4834759302019367}","{'n': 1, 'mean': 9.308078, 'p50': 9.308078, 'p95': 9.308078, 'p99': 9.308078, 'max': 9.308078}",['accepted'],outputs/continuation_mechanism_study/nonlinear_continuation_reference/successful_witnesses/case_01_candidate_05_L1_dls_prediction.json
case_01_candidate_05,case_01_pre_failure,8007124479c3c7bc724a1818507bb840030dd31b60be2b3793048463dfa14ffc,dls_task,1,1,1,[None],"{'n': 1, 'mean': 0.0006628051911495897, 'p50': 0.0006628051911495897, 'p95': 0.0006628051911495897, 'p99': 0.0006628051911495897, 'max': 0.0006628051911495897}","{'n': 1, 'mean': 0.0005519865280156007, 'p50': 0.0005519865280156007, 'p95': 0.0005519865280156007, 'p99': 0.0005519865280156007, 'max': 0.0005519865280156007}","{'n': 1, 'mean': 0.1936967648962626, 'p50': 0.1936967648962626, 'p95': 0.1936967648962626, 'p99': 0.1936967648962626, 'max': 0.1936967648962626}","{'n': 1, 'mean': 1.268388, 'p50': 1.268388, 'p95': 1.268388, 'p99': 1.268388, 'max': 1.268388}",['accepted'],outputs/continuation_mechanism_study/nonlinear_continuation_reference/successful_witnesses/case_01_candidate_05_L1_dls_prediction.json
case_01_matched_00,case_01_pre_failure,8007124479c3c7bc724a1818507bb840030dd31b60be2b3793048463dfa14ffc,trac_strict_5ms,5,0,0,"[-3, -3, -3, -3, -3]","{'n': 5, 'mean': 0.006888483269981477, 'p50': 0.006888483269981476, 'p95': 0.006888483269981476, 'p99': 0.006888483269981476, 'max': 0.006888483269981476}","{'n': 5, 'mean': 0.02235115726424382, 'p50': 0.02235115726424382, 'p95': 0.02235115726424382, 'p99': 0.02235115726424382, 'max': 0.02235115726424382}","{'n': 5, 'mean': 0.0, 'p50': 0.0, 'p95': 0.0, 'p99': 0.0, 'max': 0.0}","{'n': 5, 'mean': 5.34163, 'p50': 5.352057, 'p95': 5.3905236, 'p99': 5.39164312, 'max': 5.391923}","['internal_nonconvergence+position_tolerance+orientation_tolerance', 'internal_nonconvergence+position_tolerance+orientation_tolerance', 'internal_nonconvergence+position_tolerance+orientation_tolerance', 'internal_nonconvergence+position_tolerance+orientation_tolerance', 'internal_nonconvergence+position_tolerance+orientation_tolerance']",outputs/continuation_mechanism_study/nonlinear_continuation_reference/successful_witnesses/case_01_matched_00_L1_dls_prediction.json
case_01_matched_00,case_01_pre_failure,8007124479c3c7bc724a1818507bb840030dd31b60be2b3793048463dfa14ffc,trac_task_5ms,5,5,5,"[1, 1, 1, 1, 1]","{'n': 5, 'mean': 0.00048326616358651005, 'p50': 0.00048326616358651, 'p95': 0.00048326616358651, 'p99': 0.00048326616358651, 'max': 0.00048326616358651}","{'n': 5, 'mean': 0.0008370859643950053, 'p50': 0.0008370859643950053, 'p95': 0.0008370859643950053, 'p99': 0.0008370859643950053, 'max': 0.0008370859643950053}","{'n': 5, 'mean': 0.8723521249276038, 'p50': 0.8723521249276037, 'p95': 0.8723521249276037, 'p99': 0.8723521249276037, 'max': 0.8723521249276037}","{'n': 5, 'mean': 0.337305, 'p50': 0.273195, 'p95': 0.5496712, 'p99': 0.56783664, 'max': 0.572378}","['accepted', 'accepted', 'accepted', 'accepted', 'accepted']",outputs/continuation_mechanism_study/nonlinear_continuation_reference/successful_witnesses/case_01_matched_00_L1_dls_prediction.json
case_01_matched_00,case_01_pre_failure,8007124479c3c7bc724a1818507bb840030dd31b60be2b3793048463dfa14ffc,trac_strict_20ms,5,0,0,"[-3, -3, -3, -3, -3]","{'n': 5, 'mean': 0.006888483269981477, 'p50': 0.006888483269981476, 'p95': 0.006888483269981476, 'p99': 0.006888483269981476, 'max': 0.006888483269981476}","{'n': 5, 'mean': 0.02235115726424382, 'p50': 0.02235115726424382, 'p95': 0.02235115726424382, 'p99': 0.02235115726424382, 'max': 0.02235115726424382}","{'n': 5, 'mean': 0.0, 'p50': 0.0, 'p95': 0.0, 'p99': 0.0, 'max': 0.0}","{'n': 5, 'mean': 20.382005, 'p50': 20.359667, 'p95': 20.4390814, 'p99': 20.44392988, 'max': 20.445142}","['internal_nonconvergence+position_tolerance+orientation_tolerance', 'internal_nonconvergence+position_tolerance+orientation_tolerance', 'internal_nonconvergence+position_tolerance+orientation_tolerance', 'internal_nonconvergence+position_tolerance+orientation_tolerance', 'internal_nonconvergence+position_tolerance+orientation_tolerance']",outputs/continuation_mechanism_study/nonlinear_continuation_reference/successful_witnesses/case_01_matched_00_L1_dls_prediction.json
case_01_matched_00,case_01_pre_failure,8007124479c3c7bc724a1818507bb840030dd31b60be2b3793048463dfa14ffc,trac_task_20ms,5,5,5,"[1, 1, 1, 1, 1]","{'n': 5, 'mean': 0.00048326616358651005, 'p50': 0.00048326616358651, 'p95': 0.00048326616358651, 'p99': 0.00048326616358651, 'max': 0.00048326616358651}","{'n': 5, 'mean': 0.0008370859643950053, 'p50': 0.0008370859643950053, 'p95': 0.0008370859643950053, 'p99': 0.0008370859643950053, 'max': 0.0008370859643950053}","{'n': 5, 'mean': 0.8723521249276038, 'p50': 0.8723521249276037, 'p95': 0.8723521249276037, 'p99': 0.8723521249276037, 'max': 0.8723521249276037}","{'n': 5, 'mean': 0.2730862, 'p50': 0.211962, 'p95': 0.4693572, 'p99': 0.50928184, 'max': 0.519263}","['accepted', 'accepted', 'accepted', 'accepted', 'accepted']",outputs/continuation_mechanism_study/nonlinear_continuation_reference/successful_witnesses/case_01_matched_00_L1_dls_prediction.json
case_01_matched_00,case_01_pre_failure,8007124479c3c7bc724a1818507bb840030dd31b60be2b3793048463dfa14ffc,dls_strict,1,1,0,[None],"{'n': 1, 'mean': 0.000404322609421037, 'p50': 0.000404322609421037, 'p95': 0.000404322609421037, 'p99': 0.000404322609421037, 'max': 0.000404322609421037}","{'n': 1, 'mean': 0.0002801212862705424, 'p50': 0.0002801212862705424, 'p95': 0.0002801212862705424, 'p99': 0.0002801212862705424, 'max': 0.0002801212862705424}","{'n': 1, 'mean': 0.5833893362507713, 'p50': 0.5833893362507713, 'p95': 0.5833893362507713, 'p99': 0.5833893362507713, 'max': 0.5833893362507713}","{'n': 1, 'mean': 18.432359, 'p50': 18.432359, 'p95': 18.432359, 'p99': 18.432359, 'max': 18.432359}",['accepted'],outputs/continuation_mechanism_study/nonlinear_continuation_reference/successful_witnesses/case_01_matched_00_L1_dls_prediction.json
case_01_matched_00,case_01_pre_failure,8007124479c3c7bc724a1818507bb840030dd31b60be2b3793048463dfa14ffc,dls_task,1,1,1,[None],"{'n': 1, 'mean': 0.0006620322807057127, 'p50': 0.0006620322807057127, 'p95': 0.0006620322807057127, 'p99': 0.0006620322807057127, 'max': 0.0006620322807057127}","{'n': 1, 'mean': 0.0005584201454477242, 'p50': 0.0005584201454477242, 'p95': 0.0005584201454477242, 'p99': 0.0005584201454477242, 'max': 0.0005584201454477242}","{'n': 1, 'mean': 0.19325726232321178, 'p50': 0.19325726232321178, 'p95': 0.19325726232321178, 'p99': 0.19325726232321178, 'max': 0.19325726232321178}","{'n': 1, 'mean': 0.638206, 'p50': 0.638206, 'p95': 0.638206, 'p99': 0.638206, 'max': 0.638206}",['accepted'],outputs/continuation_mechanism_study/nonlinear_continuation_reference/successful_witnesses/case_01_matched_00_L1_dls_prediction.json
case_01_matched_01,case_01_pre_failure,8007124479c3c7bc724a1818507bb840030dd31b60be2b3793048463dfa14ffc,trac_strict_5ms,5,5,5,"[1, 1, 1, 1, 1]","{'n': 5, 'mean': 4.764765460242986e-06, 'p50': 4.764765460242986e-06, 'p95': 4.764765460242986e-06, 'p99': 4.764765460242986e-06, 'max': 4.764765460242986e-06}","{'n': 5, 'mean': 1.0294476782609336e-05, 'p50': 1.0294476782609336e-05, 'p95': 1.0294476782609336e-05, 'p99': 1.0294476782609336e-05, 'max': 1.0294476782609336e-05}","{'n': 5, 'mean': 0.9924898803687598, 'p50': 0.9924898803687598, 'p95': 0.9924898803687598, 'p99': 0.9924898803687598, 'max': 0.9924898803687598}","{'n': 5, 'mean': 0.6147336, 'p50': 0.582143, 'p95': 0.8064560000000001, 'p99': 0.8284536, 'max': 0.833953}","['accepted', 'accepted', 'accepted', 'accepted', 'accepted']",outputs/continuation_mechanism_study/nonlinear_continuation_reference/successful_witnesses/case_01_matched_01_L1_dls_prediction.json
case_01_matched_01,case_01_pre_failure,8007124479c3c7bc724a1818507bb840030dd31b60be2b3793048463dfa14ffc,trac_task_5ms,5,5,5,"[1, 1, 1, 1, 1]","{'n': 5, 'mean': 0.00042178805228034545, 'p50': 0.00042178805228034545, 'p95': 0.00042178805228034545, 'p99': 0.00042178805228034545, 'max': 0.00042178805228034545}","{'n': 5, 'mean': 0.0008127124135655766, 'p50': 0.0008127124135655766, 'p95': 0.0008127124135655766, 'p99': 0.0008127124135655766, 'max': 0.0008127124135655766}","{'n': 5, 'mean': 0.7000648298605834, 'p50': 0.7000648298605834, 'p95': 0.7000648298605834, 'p99': 0.7000648298605834, 'max': 0.7000648298605834}","{'n': 5, 'mean': 0.22522219999999998, 'p50': 0.207171, 'p95': 0.2874058, 'p99': 0.29403476, 'max': 0.295692}","['accepted', 'accepted', 'accepted', 'accepted', 'accepted']",outputs/continuation_mechanism_study/nonlinear_continuation_reference/successful_witnesses/case_01_matched_01_L1_dls_prediction.json
case_01_matched_01,case_01_pre_failure,8007124479c3c7bc724a1818507bb840030dd31b60be2b3793048463dfa14ffc,trac_strict_20ms,5,5,5,"[1, 1, 1, 1, 1]","{'n': 5, 'mean': 4.764765460242986e-06, 'p50': 4.764765460242986e-06, 'p95': 4.764765460242986e-06, 'p99': 4.764765460242986e-06, 'max': 4.764765460242986e-06}","{'n': 5, 'mean': 1.0294476782609336e-05, 'p50': 1.0294476782609336e-05, 'p95': 1.0294476782609336e-05, 'p99': 1.0294476782609336e-05, 'max': 1.0294476782609336e-05}","{'n': 5, 'mean': 0.9924898803687598, 'p50': 0.9924898803687598, 'p95': 0.9924898803687598, 'p99': 0.9924898803687598, 'max': 0.9924898803687598}","{'n': 5, 'mean': 0.460208, 'p50': 0.458838, 'p95': 0.46758740000000004, 'p99': 0.46778468, 'max': 0.467834}","['accepted', 'accepted', 'accepted', 'accepted', 'accepted']",outputs/continuation_mechanism_study/nonlinear_continuation_reference/successful_witnesses/case_01_matched_01_L1_dls_prediction.json
case_01_matched_01,case_01_pre_failure,8007124479c3c7bc724a1818507bb840030dd31b60be2b3793048463dfa14ffc,trac_task_20ms,5,5,5,"[1, 1, 1, 1, 1]","{'n': 5, 'mean': 0.00042178805228034545, 'p50': 0.00042178805228034545, 'p95': 0.00042178805228034545, 'p99': 0.00042178805228034545, 'max': 0.00042178805228034545}","{'n': 5, 'mean': 0.0008127124135655766, 'p50': 0.0008127124135655766, 'p95': 0.0008127124135655766, 'p99': 0.0008127124135655766, 'max': 0.0008127124135655766}","{'n': 5, 'mean': 0.7000648298605834, 'p50': 0.7000648298605834, 'p95': 0.7000648298605834, 'p99': 0.7000648298605834, 'max': 0.7000648298605834}","{'n': 5, 'mean': 0.2824098, 'p50': 0.195768, 'p95': 0.47898559999999996, 'p99': 0.51085392, 'max': 0.518821}","['accepted', 'accepted', 'accepted', 'accepted', 'accepted']",outputs/continuation_mechanism_study/nonlinear_continuation_reference/successful_witnesses/case_01_matched_01_L1_dls_prediction.json
case_01_matched_01,case_01_pre_failure,8007124479c3c7bc724a1818507bb840030dd31b60be2b3793048463dfa14ffc,dls_strict,1,1,0,[None],"{'n': 1, 'mean': 0.00033191600679778176, 'p50': 0.00033191600679778176, 'p95': 0.00033191600679778176, 'p99': 0.00033191600679778176, 'max': 0.00033191600679778176}","{'n': 1, 'mean': 0.0002211419228757905, 'p50': 0.0002211419228757905, 'p95': 0.0002211419228757905, 'p99': 0.0002211419228757905, 'max': 0.0002211419228757905}","{'n': 1, 'mean': 0.5605563532680892, 'p50': 0.5605563532680892, 'p95': 0.5605563532680892, 'p99': 0.5605563532680892, 'max': 0.5605563532680892}","{'n': 1, 'mean': 9.486138, 'p50': 9.486138, 'p95': 9.486138, 'p99': 9.486138, 'max': 9.486138}",['accepted'],outputs/continuation_mechanism_study/nonlinear_continuation_reference/successful_witnesses/case_01_matched_01_L1_dls_prediction.json
case_01_matched_01,case_01_pre_failure,8007124479c3c7bc724a1818507bb840030dd31b60be2b3793048463dfa14ffc,dls_task,1,1,1,[None],"{'n': 1, 'mean': 0.0006525899887138115, 'p50': 0.0006525899887138115, 'p95': 0.0006525899887138115, 'p99': 0.0006525899887138115, 'max': 0.0006525899887138115}","{'n': 1, 'mean': 0.0005230015366622324, 'p50': 0.0005230015366622324, 'p95': 0.0005230015366622324, 'p99': 0.0005230015366622324, 'max': 0.0005230015366622324}","{'n': 1, 'mean': 0.1935958266722755, 'p50': 0.1935958266722755, 'p95': 0.1935958266722755, 'p99': 0.1935958266722755, 'max': 0.1935958266722755}","{'n': 1, 'mean': 0.668392, 'p50': 0.668392, 'p95': 0.668392, 'p99': 0.668392, 'max': 0.668392}",['accepted'],outputs/continuation_mechanism_study/nonlinear_continuation_reference/successful_witnesses/case_01_matched_01_L1_dls_prediction.json
case_01_matched_02,case_01_pre_failure,8007124479c3c7bc724a1818507bb840030dd31b60be2b3793048463dfa14ffc,trac_strict_5ms,5,5,5,"[1, 1, 1, 1, 1]","{'n': 5, 'mean': 7.798995524888398e-06, 'p50': 7.798995524888398e-06, 'p95': 7.798995524888398e-06, 'p99': 7.798995524888398e-06, 'max': 7.798995524888398e-06}","{'n': 5, 'mean': 4.364364928386396e-06, 'p50': 4.364364928386396e-06, 'p95': 4.364364928386396e-06, 'p99': 4.364364928386396e-06, 'max': 4.364364928386396e-06}","{'n': 5, 'mean': 0.9920338645265152, 'p50': 0.9920338645265153, 'p95': 0.9920338645265153, 'p99': 0.9920338645265153, 'max': 0.9920338645265153}","{'n': 5, 'mean': 0.4789124, 'p50': 0.452047, 'p95': 0.6022228, 'p99': 0.62712536, 'max': 0.633351}","['accepted', 'accepted', 'accepted', 'accepted', 'accepted']",outputs/continuation_mechanism_study/nonlinear_continuation_reference/successful_witnesses/case_01_matched_02_L1_dls_prediction.json
case_01_matched_02,case_01_pre_failure,8007124479c3c7bc724a1818507bb840030dd31b60be2b3793048463dfa14ffc,trac_task_5ms,5,5,5,"[1, 1, 1, 1, 1]","{'n': 5, 'mean': 0.0003494467699361745, 'p50': 0.0003494467699361745, 'p95': 0.0003494467699361745, 'p99': 0.0003494467699361745, 'max': 0.0003494467699361745}","{'n': 5, 'mean': 0.0005463156095325355, 'p50': 0.0005463156095325355, 'p95': 0.0005463156095325355, 'p99': 0.0005463156095325355, 'max': 0.0005463156095325355}","{'n': 5, 'mean': 0.8485550404882651, 'p50': 0.8485550404882652, 'p95': 0.8485550404882652, 'p99': 0.8485550404882652, 'max': 0.8485550404882652}","{'n': 5, 'mean': 0.19549219999999998, 'p50': 0.194216, 'p95': 0.2218424, 'p99': 0.22662368, 'max': 0.227819}","['accepted', 'accepted', 'accepted', 'accepted', 'accepted']",outputs/continuation_mechanism_study/nonlinear_continuation_reference/successful_witnesses/case_01_matched_02_L1_dls_prediction.json
case_01_matched_02,case_01_pre_failure,8007124479c3c7bc724a1818507bb840030dd31b60be2b3793048463dfa14ffc,trac_strict_20ms,5,5,5,"[1, 1, 1, 1, 1]","{'n': 5, 'mean': 7.798995524888398e-06, 'p50': 7.798995524888398e-06, 'p95': 7.798995524888398e-06, 'p99': 7.798995524888398e-06, 'max': 7.798995524888398e-06}","{'n': 5, 'mean': 4.364364928386396e-06, 'p50': 4.364364928386396e-06, 'p95': 4.364364928386396e-06, 'p99': 4.364364928386396e-06, 'max': 4.364364928386396e-06}","{'n': 5, 'mean': 0.9920338645265152, 'p50': 0.9920338645265153, 'p95': 0.9920338645265153, 'p99': 0.9920338645265153, 'max': 0.9920338645265153}","{'n': 5, 'mean': 0.436536, 'p50': 0.421958, 'p95': 0.4966004, 'p99': 0.5101192800000001, 'max': 0.513499}","['accepted', 'accepted', 'accepted', 'accepted', 'accepted']",outputs/continuation_mechanism_study/nonlinear_continuation_reference/successful_witnesses/case_01_matched_02_L1_dls_prediction.json
case_01_matched_02,case_01_pre_failure,8007124479c3c7bc724a1818507bb840030dd31b60be2b3793048463dfa14ffc,trac_task_20ms,5,5,5,"[1, 1, 1, 1, 1]","{'n': 5, 'mean': 0.0003494467699361745, 'p50': 0.0003494467699361745, 'p95': 0.0003494467699361745, 'p99': 0.0003494467699361745, 'max': 0.0003494467699361745}","{'n': 5, 'mean': 0.0005463156095325355, 'p50': 0.0005463156095325355, 'p95': 0.0005463156095325355, 'p99': 0.0005463156095325355, 'max': 0.0005463156095325355}","{'n': 5, 'mean': 0.8485550404882651, 'p50': 0.8485550404882652, 'p95': 0.8485550404882652, 'p99': 0.8485550404882652, 'max': 0.8485550404882652}","{'n': 5, 'mean': 0.2179208, 'p50': 0.205932, 'p95': 0.27756739999999996, 'p99': 0.28630788, 'max': 0.288493}","['accepted', 'accepted', 'accepted', 'accepted', 'accepted']",outputs/continuation_mechanism_study/nonlinear_continuation_reference/successful_witnesses/case_01_matched_02_L1_dls_prediction.json
case_01_matched_02,case_01_pre_failure,8007124479c3c7bc724a1818507bb840030dd31b60be2b3793048463dfa14ffc,dls_strict,1,1,0,[None],"{'n': 1, 'mean': 0.0002638800335018106, 'p50': 0.0002638800335018106, 'p95': 0.0002638800335018106, 'p99': 0.0002638800335018106, 'max': 0.0002638800335018106}","{'n': 1, 'mean': 0.0001875196896966482, 'p50': 0.0001875196896966482, 'p95': 0.0001875196896966482, 'p99': 0.0001875196896966482, 'max': 0.0001875196896966482}","{'n': 1, 'mean': 0.7294685274839262, 'p50': 0.7294685274839262, 'p95': 0.7294685274839262, 'p99': 0.7294685274839262, 'max': 0.7294685274839262}","{'n': 1, 'mean': 11.179015, 'p50': 11.179015, 'p95': 11.179015, 'p99': 11.179015, 'max': 11.179015}",['accepted'],outputs/continuation_mechanism_study/nonlinear_continuation_reference/successful_witnesses/case_01_matched_02_L1_dls_prediction.json
case_01_matched_02,case_01_pre_failure,8007124479c3c7bc724a1818507bb840030dd31b60be2b3793048463dfa14ffc,dls_task,1,1,1,[None],"{'n': 1, 'mean': 0.0006437782044442807, 'p50': 0.0006437782044442807, 'p95': 0.0006437782044442807, 'p99': 0.0006437782044442807, 'max': 0.0006437782044442807}","{'n': 1, 'mean': 0.000531595898692224, 'p50': 0.000531595898692224, 'p95': 0.000531595898692224, 'p99': 0.000531595898692224, 'max': 0.000531595898692224}","{'n': 1, 'mean': 0.1917368390104971, 'p50': 0.1917368390104971, 'p95': 0.1917368390104971, 'p99': 0.1917368390104971, 'max': 0.1917368390104971}","{'n': 1, 'mean': 0.865923, 'p50': 0.865923, 'p95': 0.865923, 'p99': 0.865923, 'max': 0.865923}",['accepted'],outputs/continuation_mechanism_study/nonlinear_continuation_reference/successful_witnesses/case_01_matched_02_L1_dls_prediction.json
case_01_matched_03,case_01_pre_failure,8007124479c3c7bc724a1818507bb840030dd31b60be2b3793048463dfa14ffc,trac_strict_5ms,5,0,0,"[-3, -3, -3, -3, -3]","{'n': 5, 'mean': 0.006888461052401413, 'p50': 0.006888461052401413, 'p95': 0.006888461052401413, 'p99': 0.006888461052401413, 'max': 0.006888461052401413}","{'n': 5, 'mean': 0.022351084217378428, 'p50': 0.022351084217378428, 'p95': 0.022351084217378428, 'p99': 0.022351084217378428, 'max': 0.022351084217378428}","{'n': 5, 'mean': 0.0, 'p50': 0.0, 'p95': 0.0, 'p99': 0.0, 'max': 0.0}","{'n': 5, 'mean': 5.37342, 'p50': 5.33432, 'p95': 5.5114076, 'p99': 5.54305352, 'max': 5.550965}","['internal_nonconvergence+position_tolerance+orientation_tolerance', 'internal_nonconvergence+position_tolerance+orientation_tolerance', 'internal_nonconvergence+position_tolerance+orientation_tolerance', 'internal_nonconvergence+position_tolerance+orientation_tolerance', 'internal_nonconvergence+position_tolerance+orientation_tolerance']",outputs/continuation_mechanism_study/nonlinear_continuation_reference/successful_witnesses/case_01_matched_03_L1_dls_prediction.json
case_01_matched_03,case_01_pre_failure,8007124479c3c7bc724a1818507bb840030dd31b60be2b3793048463dfa14ffc,trac_task_5ms,5,5,5,"[1, 1, 1, 1, 1]","{'n': 5, 'mean': 0.00048326551092391567, 'p50': 0.00048326551092391567, 'p95': 0.00048326551092391567, 'p99': 0.00048326551092391567, 'max': 0.00048326551092391567}","{'n': 5, 'mean': 0.0008370845876683939, 'p50': 0.000837084587668394, 'p95': 0.000837084587668394, 'p99': 0.000837084587668394, 'max': 0.000837084587668394}","{'n': 5, 'mean': 0.872351456339264, 'p50': 0.8723514563392641, 'p95': 0.8723514563392641, 'p99': 0.8723514563392641, 'max': 0.8723514563392641}","{'n': 5, 'mean': 0.23387439999999998, 'p50': 0.199147, 'p95': 0.3001706, 'p99': 0.30282612, 'max': 0.30349}","['accepted', 'accepted', 'accepted', 'accepted', 'accepted']",outputs/continuation_mechanism_study/nonlinear_continuation_reference/successful_witnesses/case_01_matched_03_L1_dls_prediction.json
case_01_matched_03,case_01_pre_failure,8007124479c3c7bc724a1818507bb840030dd31b60be2b3793048463dfa14ffc,trac_strict_20ms,5,0,0,"[-3, -3, -3, -3, -3]","{'n': 5, 'mean': 0.006888461052401413, 'p50': 0.006888461052401413, 'p95': 0.006888461052401413, 'p99': 0.006888461052401413, 'max': 0.006888461052401413}","{'n': 5, 'mean': 0.022351084217378428, 'p50': 0.022351084217378428, 'p95': 0.022351084217378428, 'p99': 0.022351084217378428, 'max': 0.022351084217378428}","{'n': 5, 'mean': 0.0, 'p50': 0.0, 'p95': 0.0, 'p99': 0.0, 'max': 0.0}","{'n': 5, 'mean': 20.3771886, 'p50': 20.368427, 'p95': 20.4228716, 'p99': 20.43271592, 'max': 20.435177}","['internal_nonconvergence+position_tolerance+orientation_tolerance', 'internal_nonconvergence+position_tolerance+orientation_tolerance', 'internal_nonconvergence+position_tolerance+orientation_tolerance', 'internal_nonconvergence+position_tolerance+orientation_tolerance', 'internal_nonconvergence+position_tolerance+orientation_tolerance']",outputs/continuation_mechanism_study/nonlinear_continuation_reference/successful_witnesses/case_01_matched_03_L1_dls_prediction.json
case_01_matched_03,case_01_pre_failure,8007124479c3c7bc724a1818507bb840030dd31b60be2b3793048463dfa14ffc,trac_task_20ms,5,5,5,"[1, 1, 1, 1, 1]","{'n': 5, 'mean': 0.00048326551092391567, 'p50': 0.00048326551092391567, 'p95': 0.00048326551092391567, 'p99': 0.00048326551092391567, 'max': 0.00048326551092391567}","{'n': 5, 'mean': 0.0008370845876683939, 'p50': 0.000837084587668394, 'p95': 0.000837084587668394, 'p99': 0.000837084587668394, 'max': 0.000837084587668394}","{'n': 5, 'mean': 0.872351456339264, 'p50': 0.8723514563392641, 'p95': 0.8723514563392641, 'p99': 0.8723514563392641, 'max': 0.8723514563392641}","{'n': 5, 'mean': 0.30106360000000004, 'p50': 0.280037, 'p95': 0.421078, 'p99': 0.4319908, 'max': 0.434719}","['accepted', 'accepted', 'accepted', 'accepted', 'accepted']",outputs/continuation_mechanism_study/nonlinear_continuation_reference/successful_witnesses/case_01_matched_03_L1_dls_prediction.json
case_01_matched_03,case_01_pre_failure,8007124479c3c7bc724a1818507bb840030dd31b60be2b3793048463dfa14ffc,dls_strict,1,1,0,[None],"{'n': 1, 'mean': 0.0004043225369190443, 'p50': 0.0004043225369190443, 'p95': 0.0004043225369190443, 'p99': 0.0004043225369190443, 'max': 0.0004043225369190443}","{'n': 1, 'mean': 0.00028012121562648535, 'p50': 0.00028012121562648535, 'p95': 0.00028012121562648535, 'p99': 0.00028012121562648535, 'max': 0.00028012121562648535}","{'n': 1, 'mean': 0.5833868927362674, 'p50': 0.5833868927362674, 'p95': 0.5833868927362674, 'p99': 0.5833868927362674, 'max': 0.5833868927362674}","{'n': 1, 'mean': 9.81012, 'p50': 9.81012, 'p95': 9.81012, 'p99': 9.81012, 'max': 9.81012}",['accepted'],outputs/continuation_mechanism_study/nonlinear_continuation_reference/successful_witnesses/case_01_matched_03_L1_dls_prediction.json
case_01_matched_03,case_01_pre_failure,8007124479c3c7bc724a1818507bb840030dd31b60be2b3793048463dfa14ffc,dls_task,1,1,1,[None],"{'n': 1, 'mean': 0.0006620304599083608, 'p50': 0.0006620304599083608, 'p95': 0.0006620304599083608, 'p99': 0.0006620304599083608, 'max': 0.0006620304599083608}","{'n': 1, 'mean': 0.0005584190833977231, 'p50': 0.0005584190833977231, 'p95': 0.0005584190833977231, 'p99': 0.0005584190833977231, 'max': 0.0005584190833977231}","{'n': 1, 'mean': 0.19325543097005907, 'p50': 0.19325543097005907, 'p95': 0.19325543097005907, 'p99': 0.19325543097005907, 'max': 0.19325543097005907}","{'n': 1, 'mean': 0.629158, 'p50': 0.629158, 'p95': 0.629158, 'p99': 0.629158, 'max': 0.629158}",['accepted'],outputs/continuation_mechanism_study/nonlinear_continuation_reference/successful_witnesses/case_01_matched_03_L1_dls_prediction.json
case_01_matched_04,case_01_pre_failure,8007124479c3c7bc724a1818507bb840030dd31b60be2b3793048463dfa14ffc,trac_strict_5ms,5,5,5,"[1, 1, 1, 1, 1]","{'n': 5, 'mean': 4.757999449333551e-06, 'p50': 4.757999449333551e-06, 'p95': 4.757999449333551e-06, 'p99': 4.757999449333551e-06, 'max': 4.757999449333551e-06}","{'n': 5, 'mean': 1.0260555862074599e-05, 'p50': 1.0260555862074599e-05, 'p95': 1.0260555862074599e-05, 'p99': 1.0260555862074599e-05, 'max': 1.0260555862074599e-05}","{'n': 5, 'mean': 0.9925228907310917, 'p50': 0.9925228907310917, 'p95': 0.9925228907310917, 'p99': 0.9925228907310917, 'max': 0.9925228907310917}","{'n': 5, 'mean': 0.501959, 'p50': 0.440039, 'p95': 0.6742428, 'p99': 0.71344216, 'max': 0.723242}","['accepted', 'accepted', 'accepted', 'accepted', 'accepted']",outputs/continuation_mechanism_study/nonlinear_continuation_reference/successful_witnesses/case_01_matched_04_L1_dls_prediction.json
case_01_matched_04,case_01_pre_failure,8007124479c3c7bc724a1818507bb840030dd31b60be2b3793048463dfa14ffc,trac_task_5ms,5,5,5,"[1, 1, 1, 1, 1]","{'n': 5, 'mean': 0.000421786592679595, 'p50': 0.000421786592679595, 'p95': 0.000421786592679595, 'p99': 0.000421786592679595, 'max': 0.000421786592679595}","{'n': 5, 'mean': 0.0008127091506751262, 'p50': 0.0008127091506751261, 'p95': 0.0008127091506751261, 'p99': 0.0008127091506751261, 'max': 0.0008127091506751261}","{'n': 5, 'mean': 0.7000644550115888, 'p50': 0.7000644550115888, 'p95': 0.7000644550115888, 'p99': 0.7000644550115888, 'max': 0.7000644550115888}","{'n': 5, 'mean': 0.1979288, 'p50': 0.19241, 'p95': 0.2196646, 'p99': 0.22325612, 'max': 0.224154}","['accepted', 'accepted', 'accepted', 'accepted', 'accepted']",outputs/continuation_mechanism_study/nonlinear_continuation_reference/successful_witnesses/case_01_matched_04_L1_dls_prediction.json
case_01_matched_04,case_01_pre_failure,8007124479c3c7bc724a1818507bb840030dd31b60be2b3793048463dfa14ffc,trac_strict_20ms,5,5,5,"[1, 1, 1, 1, 1]","{'n': 5, 'mean': 4.757999449333551e-06, 'p50': 4.757999449333551e-06, 'p95': 4.757999449333551e-06, 'p99': 4.757999449333551e-06, 'max': 4.757999449333551e-06}","{'n': 5, 'mean': 1.0260555862074599e-05, 'p50': 1.0260555862074599e-05, 'p95': 1.0260555862074599e-05, 'p99': 1.0260555862074599e-05, 'max': 1.0260555862074599e-05}","{'n': 5, 'mean': 0.9925228907310917, 'p50': 0.9925228907310917, 'p95': 0.9925228907310917, 'p99': 0.9925228907310917, 'max': 0.9925228907310917}","{'n': 5, 'mean': 0.5429413999999999, 'p50': 0.499399, 'p95': 0.7394584, 'p99': 0.78485968, 'max': 0.79621}","['accepted', 'accepted', 'accepted', 'accepted', 'accepted']",outputs/continuation_mechanism_study/nonlinear_continuation_reference/successful_witnesses/case_01_matched_04_L1_dls_prediction.json
case_01_matched_04,case_01_pre_failure,8007124479c3c7bc724a1818507bb840030dd31b60be2b3793048463dfa14ffc,trac_task_20ms,5,5,5,"[1, 1, 1, 1, 1]","{'n': 5, 'mean': 0.000421786592679595, 'p50': 0.000421786592679595, 'p95': 0.000421786592679595, 'p99': 0.000421786592679595, 'max': 0.000421786592679595}","{'n': 5, 'mean': 0.0008127091506751262, 'p50': 0.0008127091506751261, 'p95': 0.0008127091506751261, 'p99': 0.0008127091506751261, 'max': 0.0008127091506751261}","{'n': 5, 'mean': 0.7000644550115888, 'p50': 0.7000644550115888, 'p95': 0.7000644550115888, 'p99': 0.7000644550115888, 'max': 0.7000644550115888}","{'n': 5, 'mean': 0.24107960000000003, 'p50': 0.205133, 'p95': 0.32370099999999996, 'p99': 0.3350898, 'max': 0.337937}","['accepted', 'accepted', 'accepted', 'accepted', 'accepted']",outputs/continuation_mechanism_study/nonlinear_continuation_reference/successful_witnesses/case_01_matched_04_L1_dls_prediction.json
case_01_matched_04,case_01_pre_failure,8007124479c3c7bc724a1818507bb840030dd31b60be2b3793048463dfa14ffc,dls_strict,1,1,0,[None],"{'n': 1, 'mean': 0.0003319155911057756, 'p50': 0.0003319155911057756, 'p95': 0.0003319155911057756, 'p99': 0.0003319155911057756, 'max': 0.0003319155911057756}","{'n': 1, 'mean': 0.00022114164456084247, 'p50': 0.00022114164456084247, 'p95': 0.00022114164456084247, 'p99': 0.00022114164456084247, 'max': 0.00022114164456084247}","{'n': 1, 'mean': 0.5605549335260688, 'p50': 0.5605549335260688, 'p95': 0.5605549335260688, 'p99': 0.5605549335260688, 'max': 0.5605549335260688}","{'n': 1, 'mean': 9.005776, 'p50': 9.005776, 'p95': 9.005776, 'p99': 9.005776, 'max': 9.005776}",['accepted'],outputs/continuation_mechanism_study/nonlinear_continuation_reference/successful_witnesses/case_01_matched_04_L1_dls_prediction.json
case_01_matched_04,case_01_pre_failure,8007124479c3c7bc724a1818507bb840030dd31b60be2b3793048463dfa14ffc,dls_task,1,1,1,[None],"{'n': 1, 'mean': 0.0006525881003624831, 'p50': 0.0006525881003624831, 'p95': 0.0006525881003624831, 'p99': 0.0006525881003624831, 'max': 0.0006525881003624831}","{'n': 1, 'mean': 0.000523000386995368, 'p50': 0.000523000386995368, 'p95': 0.000523000386995368, 'p99': 0.000523000386995368, 'max': 0.000523000386995368}","{'n': 1, 'mean': 0.19359398388322469, 'p50': 0.19359398388322469, 'p95': 0.19359398388322469, 'p99': 0.19359398388322469, 'max': 0.19359398388322469}","{'n': 1, 'mean': 0.645954, 'p50': 0.645954, 'p95': 0.645954, 'p99': 0.645954, 'max': 0.645954}",['accepted'],outputs/continuation_mechanism_study/nonlinear_continuation_reference/successful_witnesses/case_01_matched_04_L1_dls_prediction.json
case_01_matched_05,case_01_pre_failure,8007124479c3c7bc724a1818507bb840030dd31b60be2b3793048463dfa14ffc,trac_strict_5ms,5,5,5,"[1, 1, 1, 1, 1]","{'n': 5, 'mean': 7.798362095616316e-06, 'p50': 7.798362095616316e-06, 'p95': 7.798362095616316e-06, 'p99': 7.798362095616316e-06, 'max': 7.798362095616316e-06}","{'n': 5, 'mean': 4.363220404046567e-06, 'p50': 4.363220404046567e-06, 'p95': 4.363220404046567e-06, 'p99': 4.363220404046567e-06, 'max': 4.363220404046567e-06}","{'n': 5, 'mean': 0.9920354151222274, 'p50': 0.9920354151222273, 'p95': 0.9920354151222273, 'p99': 0.9920354151222273, 'max': 0.9920354151222273}","{'n': 5, 'mean': 0.48286940000000006, 'p50': 0.425362, 'p95': 0.6431785999999999, 'p99': 0.67575492, 'max': 0.683899}","['accepted', 'accepted', 'accepted', 'accepted', 'accepted']",outputs/continuation_mechanism_study/nonlinear_continuation_reference/successful_witnesses/case_01_matched_05_L1_dls_prediction.json
case_01_matched_05,case_01_pre_failure,8007124479c3c7bc724a1818507bb840030dd31b60be2b3793048463dfa14ffc,trac_task_5ms,5,5,5,"[1, 1, 1, 1, 1]","{'n': 5, 'mean': 0.00034944619029866463, 'p50': 0.00034944619029866463, 'p95': 0.00034944619029866463, 'p99': 0.00034944619029866463, 'max': 0.00034944619029866463}","{'n': 5, 'mean': 0.0005463144883143707, 'p50': 0.0005463144883143707, 'p95': 0.0005463144883143707, 'p99': 0.0005463144883143707, 'max': 0.0005463144883143707}","{'n': 5, 'mean': 0.8485544521409738, 'p50': 0.8485544521409738, 'p95': 0.8485544521409738, 'p99': 0.8485544521409738, 'max': 0.8485544521409738}","{'n': 5, 'mean': 0.325816, 'p50': 0.342198, 'p95': 0.5135185999999999, 'p99': 0.5457005199999999, 'max': 0.553746}","['accepted', 'accepted', 'accepted', 'accepted', 'accepted']",outputs/continuation_mechanism_study/nonlinear_continuation_reference/successful_witnesses/case_01_matched_05_L1_dls_prediction.json
case_01_matched_05,case_01_pre_failure,8007124479c3c7bc724a1818507bb840030dd31b60be2b3793048463dfa14ffc,trac_strict_20ms,5,5,5,"[1, 1, 1, 1, 1]","{'n': 5, 'mean': 7.798362095616316e-06, 'p50': 7.798362095616316e-06, 'p95': 7.798362095616316e-06, 'p99': 7.798362095616316e-06, 'max': 7.798362095616316e-06}","{'n': 5, 'mean': 4.363220404046567e-06, 'p50': 4.363220404046567e-06, 'p95': 4.363220404046567e-06, 'p99': 4.363220404046567e-06, 'max': 4.363220404046567e-06}","{'n': 5, 'mean': 0.9920354151222274, 'p50': 0.9920354151222273, 'p95': 0.9920354151222273, 'p99': 0.9920354151222273, 'max': 0.9920354151222273}","{'n': 5, 'mean': 0.5510468000000001, 'p50': 0.468482, 'p95': 0.7813004, 'p99': 0.80423608, 'max': 0.80997}","['accepted', 'accepted', 'accepted', 'accepted', 'accepted']",outputs/continuation_mechanism_study/nonlinear_continuation_reference/successful_witnesses/case_01_matched_05_L1_dls_prediction.json
case_01_matched_05,case_01_pre_failure,8007124479c3c7bc724a1818507bb840030dd31b60be2b3793048463dfa14ffc,trac_task_20ms,5,5,5,"[1, 1, 1, 1, 1]","{'n': 5, 'mean': 0.00034944619029866463, 'p50': 0.00034944619029866463, 'p95': 0.00034944619029866463, 'p99': 0.00034944619029866463, 'max': 0.00034944619029866463}","{'n': 5, 'mean': 0.0005463144883143707, 'p50': 0.0005463144883143707, 'p95': 0.0005463144883143707, 'p99': 0.0005463144883143707, 'max': 0.0005463144883143707}","{'n': 5, 'mean': 0.8485544521409738, 'p50': 0.8485544521409738, 'p95': 0.8485544521409738, 'p99': 0.8485544521409738, 'max': 0.8485544521409738}","{'n': 5, 'mean': 0.2254396, 'p50': 0.207951, 'p95': 0.28136140000000004, 'p99': 0.28590268, 'max': 0.287038}","['accepted', 'accepted', 'accepted', 'accepted', 'accepted']",outputs/continuation_mechanism_study/nonlinear_continuation_reference/successful_witnesses/case_01_matched_05_L1_dls_prediction.json
case_01_matched_05,case_01_pre_failure,8007124479c3c7bc724a1818507bb840030dd31b60be2b3793048463dfa14ffc,dls_strict,1,1,0,[None],"{'n': 1, 'mean': 0.0002638807377994133, 'p50': 0.0002638807377994133, 'p95': 0.0002638807377994133, 'p99': 0.0002638807377994133, 'max': 0.0002638807377994133}","{'n': 1, 'mean': 0.00018752017029476982, 'p50': 0.00018752017029476982, 'p95': 0.00018752017029476982, 'p99': 0.00018752017029476982, 'max': 0.00018752017029476982}","{'n': 1, 'mean': 0.7294657990774398, 'p50': 0.7294657990774398, 'p95': 0.7294657990774398, 'p99': 0.7294657990774398, 'max': 0.7294657990774398}","{'n': 1, 'mean': 8.938016, 'p50': 8.938016, 'p95': 8.938016, 'p99': 8.938016, 'max': 8.938016}",['accepted'],outputs/continuation_mechanism_study/nonlinear_continuation_reference/successful_witnesses/case_01_matched_05_L1_dls_prediction.json
case_01_matched_05,case_01_pre_failure,8007124479c3c7bc724a1818507bb840030dd31b60be2b3793048463dfa14ffc,dls_task,1,1,1,[None],"{'n': 1, 'mean': 0.0006437765266361853, 'p50': 0.0006437765266361853, 'p95': 0.0006437765266361853, 'p99': 0.0006437765266361853, 'max': 0.0006437765266361853}","{'n': 1, 'mean': 0.0005315949169683033, 'p50': 0.0005315949169683033, 'p95': 0.0005315949169683033, 'p99': 0.0005315949169683033, 'max': 0.0005315949169683033}","{'n': 1, 'mean': 0.1917350187270828, 'p50': 0.1917350187270828, 'p95': 0.1917350187270828, 'p99': 0.1917350187270828, 'max': 0.1917350187270828}","{'n': 1, 'mean': 0.653898, 'p50': 0.653898, 'p95': 0.653898, 'p99': 0.653898, 'max': 0.653898}",['accepted'],outputs/continuation_mechanism_study/nonlinear_continuation_reference/successful_witnesses/case_01_matched_05_L1_dls_prediction.json
failure_input_candidate_04,state_14_frame_102,652db5eb389e7355156299a8e5d39fecb8bc55621d923f9a05f415fc9d4a9f4d,trac_strict_5ms,5,0,0,"[-3, -3, -3, -3, -3]","{'n': 5, 'mean': 0.0031224925135323596, 'p50': 0.0031224925135323596, 'p95': 0.0031224925135323596, 'p99': 0.0031224925135323596, 'max': 0.0031224925135323596}","{'n': 5, 'mean': 0.0051330038633201555, 'p50': 0.0051330038633201555, 'p95': 0.0051330038633201555, 'p99': 0.0051330038633201555, 'max': 0.0051330038633201555}","{'n': 5, 'mean': 0.0, 'p50': 0.0, 'p95': 0.0, 'p99': 0.0, 'max': 0.0}","{'n': 5, 'mean': 5.278317200000001, 'p50': 5.280802, 'p95': 5.3089446, 'p99': 5.31414172, 'max': 5.315441}","['internal_nonconvergence+position_tolerance', 'internal_nonconvergence+position_tolerance', 'internal_nonconvergence+position_tolerance', 'internal_nonconvergence+position_tolerance', 'internal_nonconvergence+position_tolerance']",outputs/continuation_mechanism_study/nonlinear_continuation_reference/successful_witnesses/failure_input_candidate_04_L1_dls_prediction.json
failure_input_candidate_04,state_14_frame_102,652db5eb389e7355156299a8e5d39fecb8bc55621d923f9a05f415fc9d4a9f4d,trac_task_5ms,5,5,5,"[1, 1, 1, 1, 1]","{'n': 5, 'mean': 0.0007122638156805186, 'p50': 0.0007122638156805186, 'p95': 0.0007122638156805186, 'p99': 0.0007122638156805186, 'max': 0.0007122638156805186}","{'n': 5, 'mean': 0.005540471591951152, 'p50': 0.005540471591951152, 'p95': 0.005540471591951152, 'p99': 0.005540471591951152, 'max': 0.005540471591951152}","{'n': 5, 'mean': 0.09679373174805578, 'p50': 0.09679373174805578, 'p95': 0.09679373174805578, 'p99': 0.09679373174805578, 'max': 0.09679373174805578}","{'n': 5, 'mean': 0.3007718, 'p50': 0.28247, 'p95': 0.4309474, 'p99': 0.45458867999999997, 'max': 0.460499}","['accepted', 'accepted', 'accepted', 'accepted', 'accepted']",outputs/continuation_mechanism_study/nonlinear_continuation_reference/successful_witnesses/failure_input_candidate_04_L1_dls_prediction.json
failure_input_candidate_04,state_14_frame_102,652db5eb389e7355156299a8e5d39fecb8bc55621d923f9a05f415fc9d4a9f4d,trac_strict_20ms,5,0,0,"[-3, -3, -3, -3, -3]","{'n': 5, 'mean': 0.0031224925135323596, 'p50': 0.0031224925135323596, 'p95': 0.0031224925135323596, 'p99': 0.0031224925135323596, 'max': 0.0031224925135323596}","{'n': 5, 'mean': 0.0051330038633201555, 'p50': 0.0051330038633201555, 'p95': 0.0051330038633201555, 'p99': 0.0051330038633201555, 'max': 0.0051330038633201555}","{'n': 5, 'mean': 0.0, 'p50': 0.0, 'p95': 0.0, 'p99': 0.0, 'max': 0.0}","{'n': 5, 'mean': 20.5153634, 'p50': 20.496243, 'p95': 20.6847572, 'p99': 20.69763144, 'max': 20.70085}","['internal_nonconvergence+position_tolerance', 'internal_nonconvergence+position_tolerance', 'internal_nonconvergence+position_tolerance', 'internal_nonconvergence+position_tolerance', 'internal_nonconvergence+position_tolerance']",outputs/continuation_mechanism_study/nonlinear_continuation_reference/successful_witnesses/failure_input_candidate_04_L1_dls_prediction.json
failure_input_candidate_04,state_14_frame_102,652db5eb389e7355156299a8e5d39fecb8bc55621d923f9a05f415fc9d4a9f4d,trac_task_20ms,5,5,5,"[1, 1, 1, 1, 1]","{'n': 5, 'mean': 0.0007122638156805186, 'p50': 0.0007122638156805186, 'p95': 0.0007122638156805186, 'p99': 0.0007122638156805186, 'max': 0.0007122638156805186}","{'n': 5, 'mean': 0.005540471591951152, 'p50': 0.005540471591951152, 'p95': 0.005540471591951152, 'p99': 0.005540471591951152, 'max': 0.005540471591951152}","{'n': 5, 'mean': 0.09679373174805578, 'p50': 0.09679373174805578, 'p95': 0.09679373174805578, 'p99': 0.09679373174805578, 'max': 0.09679373174805578}","{'n': 5, 'mean': 0.3037230000000001, 'p50': 0.258923, 'p95': 0.507732, 'p99': 0.5464512, 'max': 0.556131}","['accepted', 'accepted', 'accepted', 'accepted', 'accepted']",outputs/continuation_mechanism_study/nonlinear_continuation_reference/successful_witnesses/failure_input_candidate_04_L1_dls_prediction.json
failure_input_candidate_04,state_14_frame_102,652db5eb389e7355156299a8e5d39fecb8bc55621d923f9a05f415fc9d4a9f4d,dls_strict,1,1,0,[None],"{'n': 1, 'mean': 1.8032769289966676e-05, 'p50': 1.8032769289966676e-05, 'p95': 1.8032769289966676e-05, 'p99': 1.8032769289966676e-05, 'max': 1.8032769289966676e-05}","{'n': 1, 'mean': 1.84951395406843e-05, 'p50': 1.84951395406843e-05, 'p95': 1.84951395406843e-05, 'p99': 1.84951395406843e-05, 'max': 1.84951395406843e-05}","{'n': 1, 'mean': 0.08886651652822912, 'p50': 0.08886651652822912, 'p95': 0.08886651652822912, 'p99': 0.08886651652822912, 'max': 0.08886651652822912}","{'n': 1, 'mean': 8.416277, 'p50': 8.416277, 'p95': 8.416277, 'p99': 8.416277, 'max': 8.416277}",['accepted'],outputs/continuation_mechanism_study/nonlinear_continuation_reference/successful_witnesses/failure_input_candidate_04_L1_dls_prediction.json
failure_input_candidate_04,state_14_frame_102,652db5eb389e7355156299a8e5d39fecb8bc55621d923f9a05f415fc9d4a9f4d,dls_task,1,1,1,[None],"{'n': 1, 'mean': 0.00017018547685926963, 'p50': 0.00017018547685926963, 'p95': 0.00017018547685926963, 'p99': 0.00017018547685926963, 'max': 0.00017018547685926963}","{'n': 1, 'mean': 0.0005961778193830391, 'p50': 0.0005961778193830391, 'p95': 0.0005961778193830391, 'p99': 0.0005961778193830391, 'max': 0.0005961778193830391}","{'n': 1, 'mean': 0.08793763456606479, 'p50': 0.08793763456606479, 'p95': 0.08793763456606479, 'p99': 0.08793763456606479, 'max': 0.08793763456606479}","{'n': 1, 'mean': 0.603174, 'p50': 0.603174, 'p95': 0.603174, 'p99': 0.603174, 'max': 0.603174}",['accepted'],outputs/continuation_mechanism_study/nonlinear_continuation_reference/successful_witnesses/failure_input_candidate_04_L1_dls_prediction.json
failure_input_candidate_01,state_14_frame_102,652db5eb389e7355156299a8e5d39fecb8bc55621d923f9a05f415fc9d4a9f4d,trac_strict_5ms,5,5,5,"[1, 1, 1, 1, 1]","{'n': 5, 'mean': 2.099726447675525e-06, 'p50': 2.099726447675525e-06, 'p95': 2.099726447675525e-06, 'p99': 2.099726447675525e-06, 'max': 2.099726447675525e-06}","{'n': 5, 'mean': 4.064624231523026e-06, 'p50': 4.064624231523026e-06, 'p95': 4.064624231523026e-06, 'p99': 4.064624231523026e-06, 'max': 4.064624231523026e-06}","{'n': 5, 'mean': 0.7262095089385122, 'p50': 0.7262095089385122, 'p95': 0.7262095089385122, 'p99': 0.7262095089385122, 'max': 0.7262095089385122}","{'n': 5, 'mean': 0.2771646, 'p50': 0.300594, 'p95': 0.31884060000000003, 'p99': 0.31891612, 'max': 0.318935}","['accepted', 'accepted', 'accepted', 'accepted', 'accepted']",outputs/continuation_mechanism_study/nonlinear_continuation_reference/successful_witnesses/failure_input_candidate_01_L1_dls_prediction.json
failure_input_candidate_01,state_14_frame_102,652db5eb389e7355156299a8e5d39fecb8bc55621d923f9a05f415fc9d4a9f4d,trac_task_5ms,5,5,5,"[2, 1, 1, 1, 1]","{'n': 5, 'mean': 0.0001252213308032694, 'p50': 8.130311123919654e-06, 'p95': 0.0004764943898413184, 'p99': 0.0005701672055847983, 'max': 0.0005935854095206682}","{'n': 5, 'mean': 0.0010698449235660452, 'p50': 1.1386740500285892e-05, 'p95': 0.004245219472763323, 'p99': 0.0050919860192159315, 'max': 0.0053036776558290834}","{'n': 5, 'mean': 0.7022224962468325, 'p50': 0.8535699785006938, 'p95': 0.8535699785006938, 'p99': 0.8535699785006938, 'max': 0.8535699785006938}","{'n': 5, 'mean': 0.2486234, 'p50': 0.228352, 'p95': 0.3303468, 'p99': 0.34029416, 'max': 0.342781}","['accepted', 'accepted', 'accepted', 'accepted', 'accepted']",outputs/continuation_mechanism_study/nonlinear_continuation_reference/successful_witnesses/failure_input_candidate_01_L1_dls_prediction.json
failure_input_candidate_01,state_14_frame_102,652db5eb389e7355156299a8e5d39fecb8bc55621d923f9a05f415fc9d4a9f4d,trac_strict_20ms,5,5,5,"[1, 1, 1, 1, 1]","{'n': 5, 'mean': 2.099726447675525e-06, 'p50': 2.099726447675525e-06, 'p95': 2.099726447675525e-06, 'p99': 2.099726447675525e-06, 'max': 2.099726447675525e-06}","{'n': 5, 'mean': 4.064624231523026e-06, 'p50': 4.064624231523026e-06, 'p95': 4.064624231523026e-06, 'p99': 4.064624231523026e-06, 'max': 4.064624231523026e-06}","{'n': 5, 'mean': 0.7262095089385122, 'p50': 0.7262095089385122, 'p95': 0.7262095089385122, 'p99': 0.7262095089385122, 'max': 0.7262095089385122}","{'n': 5, 'mean': 0.2701568, 'p50': 0.27834, 'p95': 0.3283036, 'p99': 0.33008632, 'max': 0.330532}","['accepted', 'accepted', 'accepted', 'accepted', 'accepted']",outputs/continuation_mechanism_study/nonlinear_continuation_reference/successful_witnesses/failure_input_candidate_01_L1_dls_prediction.json
failure_input_candidate_01,state_14_frame_102,652db5eb389e7355156299a8e5d39fecb8bc55621d923f9a05f415fc9d4a9f4d,trac_task_20ms,5,5,5,"[1, 1, 1, 1, 1]","{'n': 5, 'mean': 8.130311123919654e-06, 'p50': 8.130311123919654e-06, 'p95': 8.130311123919654e-06, 'p99': 8.130311123919654e-06, 'max': 8.130311123919654e-06}","{'n': 5, 'mean': 1.1386740500285892e-05, 'p50': 1.1386740500285892e-05, 'p95': 1.1386740500285892e-05, 'p99': 1.1386740500285892e-05, 'max': 1.1386740500285892e-05}","{'n': 5, 'mean': 0.8535699785006938, 'p50': 0.8535699785006938, 'p95': 0.8535699785006938, 'p99': 0.8535699785006938, 'max': 0.8535699785006938}","{'n': 5, 'mean': 0.2148622, 'p50': 0.210637, 'p95': 0.2309284, 'p99': 0.23099848, 'max': 0.231016}","['accepted', 'accepted', 'accepted', 'accepted', 'accepted']",outputs/continuation_mechanism_study/nonlinear_continuation_reference/successful_witnesses/failure_input_candidate_01_L1_dls_prediction.json
failure_input_candidate_01,state_14_frame_102,652db5eb389e7355156299a8e5d39fecb8bc55621d923f9a05f415fc9d4a9f4d,dls_strict,1,1,1,[None],"{'n': 1, 'mean': 5.85874866513703e-06, 'p50': 5.85874866513703e-06, 'p95': 5.85874866513703e-06, 'p99': 5.85874866513703e-06, 'max': 5.85874866513703e-06}","{'n': 1, 'mean': 7.32211334467404e-06, 'p50': 7.32211334467404e-06, 'p95': 7.32211334467404e-06, 'p99': 7.32211334467404e-06, 'max': 7.32211334467404e-06}","{'n': 1, 'mean': 0.10146558319592514, 'p50': 0.10146558319592514, 'p95': 0.10146558319592514, 'p99': 0.10146558319592514, 'max': 0.10146558319592514}","{'n': 1, 'mean': 2.317603, 'p50': 2.317603, 'p95': 2.317603, 'p99': 2.317603, 'max': 2.317603}",['accepted'],outputs/continuation_mechanism_study/nonlinear_continuation_reference/successful_witnesses/failure_input_candidate_01_L1_dls_prediction.json
failure_input_candidate_01,state_14_frame_102,652db5eb389e7355156299a8e5d39fecb8bc55621d923f9a05f415fc9d4a9f4d,dls_task,1,1,1,[None],"{'n': 1, 'mean': 0.00021377817414139529, 'p50': 0.00021377817414139529, 'p95': 0.00021377817414139529, 'p99': 0.00021377817414139529, 'max': 0.00021377817414139529}","{'n': 1, 'mean': 0.0006454828964000913, 'p50': 0.0006454828964000913, 'p95': 0.0006454828964000913, 'p99': 0.0006454828964000913, 'max': 0.0006454828964000913}","{'n': 1, 'mean': 0.08682494044431588, 'p50': 0.08682494044431588, 'p95': 0.08682494044431588, 'p99': 0.08682494044431588, 'max': 0.08682494044431588}","{'n': 1, 'mean': 0.653128, 'p50': 0.653128, 'p95': 0.653128, 'p99': 0.653128, 'max': 0.653128}",['accepted'],outputs/continuation_mechanism_study/nonlinear_continuation_reference/successful_witnesses/failure_input_candidate_01_L1_dls_prediction.json
