run_id,site_id,uid,family,method,repeat,frames,initial_q,complete,accepted_frames,all_frames_within_20ms,complete_within_20ms,first_failure_frame,first_failure_kind,total_latency_ns
trajectory_36_dls_task_r0,trajectory_36,fd96ca4300b705b343cbde5bb7d97076acca0d187b1d78fc9094c6cac23b640b,high_curvature,dls_task,0,150,"[0.40000408668931736, -0.48746864683241387, -0.584845899901387, -1.4547797451769853, -1.1073320862801925, 2.415286074104135, 0.5552344850418183]",True,150,True,True,,,97900612
trajectory_35_trac_task_20ms_r2,trajectory_35,e7257c22abc9d850802582540365f4bc972868280e40708e45700776b6ad2aca,high_curvature,trac_task_20ms,2,150,"[-1.1784869165560794, -0.41420567401016906, 0.7736549798252395, -1.7484750155884423, -0.8774782440807752, 1.7201431087931345, -1.161308223083616]",True,150,True,True,,,36463401
trajectory_16_trac_task_5ms_r1,trajectory_16,40c3eae024871d71025c88c09b1bbffc1b50b311548d53112ed8d4118883654a,near_singular,trac_task_5ms,1,150,"[-0.8330069728077155, 0.9059204298240433, -1.2848682345049904, -0.942479272733609, 1.2252181668764945, 3.752499, -2.3388414437479788]",True,150,True,True,,,35108954
trajectory_06_trac_task_5ms_r1,trajectory_06,0c2a95a498c1bf13c2df4295db29a5367cf069e157e300d36211ce1951b2bf0e,smooth,trac_task_5ms,1,150,"[0.04879635360993188, 0.4722176505702096, -1.4167735850820002, -1.0592469194557286, -1.4030963489481403, 2.431844026251526, -1.5459525993409735]",True,150,True,True,,,32455389
trajectory_11_trac_strict_20ms_r2,trajectory_11,d8e06950cec2579c739f7f6d3dbb3628755dfd76be5740fad3bec38b4ef94cc6,near_singular,trac_strict_20ms,2,150,"[0.7392426362897311, -0.4541309806557701, 0.33920593071132676, -0.7226118979205809, 0.42217218197389644, 1.706232479295894, 1.7255318152236154]",True,150,True,True,,,34617022
trajectory_23_trac_task_5ms_r0,trajectory_23,703e80ee1a10cacc408a225bf4b9b1d1a8b7cd7c18ef82408fe61c8b6b1a1fa4,joint_limit_return,trac_task_5ms,0,150,"[1.5552069472326666, -0.09386180337858052, 1.172032425903462, -1.5681437929380007, 0.6237919629324234, 1.433829794801732, 2.5953000000000004]",True,150,True,True,,,33076605
trajectory_26_trac_task_5ms_r0,trajectory_26,b47f91198895baa3999a406c9c32516cd3e78dd7e42a8bccccc4cd058a03020a,joint_limit_return,trac_task_5ms,0,150,"[-1.2550342189217967, 0.8686761431733064, 0.2653256626716707, -0.6211012746516752, 2.5953000000000004, 2.9384634835047447, 0.6912608648491174]",False,72,True,False,72,internal_nonconvergence+position_tolerance+orientation_tolerance,435452468
trajectory_39_trac_strict_20ms_r0,trajectory_39,380513eac133b886f7e375e39250059ba16f3133d3a5d3b8ff244470af2eb5ae,high_curvature,trac_strict_20ms,0,150,"[-0.307114665759767, -0.09197021608207229, -0.14399381623305213, -1.4276557589841654, -0.748637356572919, 0.9586713226335238, 0.7436312353884212]",True,150,True,True,,,32009558
trajectory_38_trac_task_20ms_r0,trajectory_38,827f4c481262ed599d5a62ea92d72f83f9d2baecaa5e733c4c0018e796d573d5,high_curvature,trac_task_20ms,0,150,"[-0.536127060911361, -0.08141725730239946, 0.043470427836753756, -0.9476503459108423, 0.4437330072682833, 1.5864989045962217, 0.01054171868407297]",True,150,True,True,,,31114578
trajectory_24_trac_strict_20ms_r2,trajectory_24,125d0ba81f8f99703f34ce79c430375e614edd8d7281141ad9df7e9828fed992,joint_limit_return,trac_strict_20ms,2,150,"[2.5953000000000004, 0.13956271326757885, 0.012917759794865924, -1.129547239807192, -0.17947528622231393, 2.5808292285913783, 1.268060620760703]",True,150,True,True,,,35631345
trajectory_05_trac_strict_20ms_r2,trajectory_05,972b6c7f62ad2d88a1171405175e002fe4dad516aaa6300e4c090613265f4592,smooth,trac_strict_20ms,2,150,"[-0.9892198445653801, 0.2872736026545637, 1.0138596631306713, -1.6464611733727983, 0.3087200674841857, 2.593075401037617, 1.3721903607232058]",True,150,True,True,,,36371119
trajectory_02_trac_task_5ms_r2,trajectory_02,98b02d6a697ef616fb15325aca1f5748ceba5d966785b4f1677767ebff16420f,smooth,trac_task_5ms,2,150,"[0.056557153600618394, -0.4657534384121058, -1.1419831974705708, -1.4383966732452471, 1.331994761005881, 1.3188297469261385, 1.1179755468881623]",True,150,True,True,,,29951734
trajectory_39_trac_strict_5ms_r0,trajectory_39,380513eac133b886f7e375e39250059ba16f3133d3a5d3b8ff244470af2eb5ae,high_curvature,trac_strict_5ms,0,150,"[-0.307114665759767, -0.09197021608207229, -0.14399381623305213, -1.4276557589841654, -0.748637356572919, 0.9586713226335238, 0.7436312353884212]",True,150,True,True,,,35913976
trajectory_11_trac_task_20ms_r1,trajectory_11,d8e06950cec2579c739f7f6d3dbb3628755dfd76be5740fad3bec38b4ef94cc6,near_singular,trac_task_20ms,1,150,"[0.7392426362897311, -0.4541309806557701, 0.33920593071132676, -0.7226118979205809, 0.42217218197389644, 1.706232479295894, 1.7255318152236154]",True,150,True,True,,,32451725
trajectory_15_trac_task_20ms_r1,trajectory_15,1742dca2b4e66648ef384a591bc48af258b7ccf01a3b1f0930d212a06b1f978c,near_singular,trac_task_20ms,1,150,"[1.23879274147841, -0.24112841600403906, -0.3669134703897978, -0.3009569846322578, -0.09840834676273053, 1.5462253889755246, -1.157829171391544]",True,150,True,True,,,34069629
trajectory_06_trac_task_5ms_r0,trajectory_06,0c2a95a498c1bf13c2df4295db29a5367cf069e157e300d36211ce1951b2bf0e,smooth,trac_task_5ms,0,150,"[0.04879635360993188, 0.4722176505702096, -1.4167735850820002, -1.0592469194557286, -1.4030963489481403, 2.431844026251526, -1.5459525993409735]",True,150,True,True,,,32408341
trajectory_39_dls_task_r0,trajectory_39,380513eac133b886f7e375e39250059ba16f3133d3a5d3b8ff244470af2eb5ae,high_curvature,dls_task,0,150,"[-0.307114665759767, -0.09197021608207229, -0.14399381623305213, -1.4276557589841654, -0.748637356572919, 0.9586713226335238, 0.7436312353884212]",True,150,True,True,,,84602750
trajectory_02_trac_strict_5ms_r1,trajectory_02,98b02d6a697ef616fb15325aca1f5748ceba5d966785b4f1677767ebff16420f,smooth,trac_strict_5ms,1,150,"[0.056557153600618394, -0.4657534384121058, -1.1419831974705708, -1.4383966732452471, 1.331994761005881, 1.3188297469261385, 1.1179755468881623]",True,150,True,True,,,34712040
trajectory_14_trac_strict_20ms_r2,trajectory_14,4e626ba28da6a8d45d22f023c3732e2d796c83a0e74df2aa41168fe26f6dccab,near_singular,trac_strict_20ms,2,150,"[-2.327317529874332, 0.28843825003694556, 2.0855301983360475, -0.7889771403739102, -2.6817228062679397, 2.5559366733107627, -1.2744275290899756]",False,113,False,False,113,internal_nonconvergence+position_tolerance,783237181
trajectory_25_dls_strict_r0,trajectory_25,6f61a4f090c2631561aee85944d25bbb3ec9ae75f330ddc67dd8f755fa60ea51,joint_limit_return,dls_strict,0,150,"[-1.68136092204677, -0.28323103047534404, -0.8589129683281165, -1.9157352916331027, 2.5953000000000004, 1.7085843453390148, 0.4930637350679936]",True,150,True,True,,,184767040
trajectory_21_trac_strict_20ms_r2,trajectory_21,4afc296390cd2da8318a4ba9544aebe6e73de828b20fea6cbaeedda3bf7a189f,joint_limit_return,trac_strict_20ms,2,150,"[0.6383027055682345, 1.4607999999999999, 1.3891908132826067, -1.370218783454471, -0.470730268965795, 1.706755020082932, 0.09698989258391427]",True,150,True,True,,,34537112
trajectory_11_trac_task_5ms_r2,trajectory_11,d8e06950cec2579c739f7f6d3dbb3628755dfd76be5740fad3bec38b4ef94cc6,near_singular,trac_task_5ms,2,150,"[0.7392426362897311, -0.4541309806557701, 0.33920593071132676, -0.7226118979205809, 0.42217218197389644, 1.706232479295894, 1.7255318152236154]",True,150,True,True,,,32592019
trajectory_01_trac_strict_20ms_r0,trajectory_01,a62f788b8607be02b7f7a70f0234d741c3a3ffbce60a66d892cb748dca4ac32c,smooth,trac_strict_20ms,0,150,"[0.9351044192022548, -0.14092294260565763, 1.1097168230381158, -1.7716969820509143, -0.07390793549601962, 1.2633334208331923, -0.15531616098432066]",True,150,True,True,,,39112571
trajectory_21_trac_task_5ms_r2,trajectory_21,4afc296390cd2da8318a4ba9544aebe6e73de828b20fea6cbaeedda3bf7a189f,joint_limit_return,trac_task_5ms,2,150,"[0.6383027055682345, 1.4607999999999999, 1.3891908132826067, -1.370218783454471, -0.470730268965795, 1.706755020082932, 0.09698989258391427]",True,150,True,True,,,32626313
trajectory_34_trac_task_20ms_r1,trajectory_34,bb2d7133de7083285ff7ede00b959e62fc3bf5dc626bfa521b77361d0f3f759e,high_curvature,trac_task_20ms,1,150,"[-1.1592058713003646, 0.1964021212531033, -0.5464022436655562, -1.1510687856947253, -1.2981413533683839, 1.8437018291450857, 1.1925764049191467]",True,150,True,True,,,34587498
trajectory_18_trac_task_5ms_r1,trajectory_18,c99e2c9b46eb1858a0dd2f525833e49b6f0b7c25001781f1b00044934372d935,near_singular,trac_task_5ms,1,150,"[-1.5238361610017774, -1.3484634516894036, 1.547551062431669, -0.6383213619062299, -0.5574062353674284, 1.0866475237195234, -2.8075372986730716]",True,150,True,True,,,33139296
trajectory_12_dls_task_r0,trajectory_12,ea5503530085a4b7fba1457389f090742de31c9aa6ebe8907aa867289b032370,near_singular,dls_task,0,150,"[0.8822446021518249, 0.32307848886988044, 1.1099170111061665, -0.5311475740193101, 1.6436929333293564, 3.0234363006954905, 2.1297500197666706]",False,91,True,False,91,internal_nonconvergence+position_tolerance,477124043
trajectory_27_dls_task_r0,trajectory_27,62749969a81aa229bd98bbc6a77941b40960bf5ae0886a5dfe36f5eff62e5c1c,joint_limit_return,dls_task,0,150,"[0.11013187782707023, 0.08261373920335854, 0.2680269950055522, -1.4842978898814214, -0.8055537512624422, 3.4505000000000003, -0.21451778603021388]",True,150,True,True,,,89215631
trajectory_23_dls_task_r0,trajectory_23,703e80ee1a10cacc408a225bf4b9b1d1a8b7cd7c18ef82408fe61c8b6b1a1fa4,joint_limit_return,dls_task,0,150,"[1.5552069472326666, -0.09386180337858052, 1.172032425903462, -1.5681437929380007, 0.6237919629324234, 1.433829794801732, 2.5953000000000004]",True,150,True,True,,,119832533
trajectory_29_trac_strict_5ms_r0,trajectory_29,16ab30a670ddc1bb59f64aa11421a7a95e2a13b391b17e7261a85fb14178c0bc,joint_limit_return,trac_strict_5ms,0,150,"[-1.2650513767980658, -0.43971291762964715, -1.3728146429403614, -1.7544168184300677, 0.3698512018232597, 3.4505000000000003, 0.05150820077903298]",True,150,True,True,,,36006950
trajectory_36_trac_strict_20ms_r2,trajectory_36,fd96ca4300b705b343cbde5bb7d97076acca0d187b1d78fc9094c6cac23b640b,high_curvature,trac_strict_20ms,2,150,"[0.40000408668931736, -0.48746864683241387, -0.584845899901387, -1.4547797451769853, -1.1073320862801925, 2.415286074104135, 0.5552344850418183]",True,150,True,True,,,34014633
trajectory_23_trac_strict_5ms_r1,trajectory_23,703e80ee1a10cacc408a225bf4b9b1d1a8b7cd7c18ef82408fe61c8b6b1a1fa4,joint_limit_return,trac_strict_5ms,1,150,"[1.5552069472326666, -0.09386180337858052, 1.172032425903462, -1.5681437929380007, 0.6237919629324234, 1.433829794801732, 2.5953000000000004]",True,150,True,True,,,38353886
trajectory_22_trac_strict_20ms_r2,trajectory_22,166f9f9c01b7bdb7e23bb78eb834aa40e45e3eac2d5c263419996286861ad9dc,joint_limit_return,trac_strict_20ms,2,150,"[2.5953000000000004, -0.3393281371969309, 0.019766507731749983, -1.9773861498909304, -1.5773208606503901, 2.5071508027378084, -1.2995698575115116]",True,150,True,True,,,33536079
trajectory_09_trac_strict_5ms_r2,trajectory_09,6b43e53a09d43b068012e38e4082dc1a83a7da4ac12d3b1a7c10621fab8498a4,smooth,trac_strict_5ms,2,150,"[-0.8367052668124645, -0.3490568543459072, 0.3621738339902801, -1.736849667613814, 0.3776862381049445, 0.9048085081579296, 0.8919601144745188]",True,150,False,False,,,80468462
trajectory_26_dls_task_r0,trajectory_26,b47f91198895baa3999a406c9c32516cd3e78dd7e42a8bccccc4cd058a03020a,joint_limit_return,dls_task,0,150,"[-1.2550342189217967, 0.8686761431733064, 0.2653256626716707, -0.6211012746516752, 2.5953000000000004, 2.9384634835047447, 0.6912608648491174]",False,70,True,False,70,internal_nonconvergence+orientation_tolerance,538290360
trajectory_16_trac_task_20ms_r2,trajectory_16,40c3eae024871d71025c88c09b1bbffc1b50b311548d53112ed8d4118883654a,near_singular,trac_task_20ms,2,150,"[-0.8330069728077155, 0.9059204298240433, -1.2848682345049904, -0.942479272733609, 1.2252181668764945, 3.752499, -2.3388414437479788]",True,150,True,True,,,31360182
trajectory_38_trac_strict_20ms_r2,trajectory_38,827f4c481262ed599d5a62ea92d72f83f9d2baecaa5e733c4c0018e796d573d5,high_curvature,trac_strict_20ms,2,150,"[-0.536127060911361, -0.08141725730239946, 0.043470427836753756, -0.9476503459108423, 0.4437330072682833, 1.5864989045962217, 0.01054171868407297]",True,150,True,True,,,31351801
trajectory_26_trac_strict_5ms_r2,trajectory_26,b47f91198895baa3999a406c9c32516cd3e78dd7e42a8bccccc4cd058a03020a,joint_limit_return,trac_strict_5ms,2,150,"[-1.2550342189217967, 0.8686761431733064, 0.2653256626716707, -0.6211012746516752, 2.5953000000000004, 2.9384634835047447, 0.6912608648491174]",False,68,True,False,68,internal_nonconvergence+position_tolerance+orientation_tolerance,453528535
trajectory_29_trac_strict_5ms_r1,trajectory_29,16ab30a670ddc1bb59f64aa11421a7a95e2a13b391b17e7261a85fb14178c0bc,joint_limit_return,trac_strict_5ms,1,150,"[-1.2650513767980658, -0.43971291762964715, -1.3728146429403614, -1.7544168184300677, 0.3698512018232597, 3.4505000000000003, 0.05150820077903298]",True,150,True,True,,,36877975
trajectory_33_dls_task_r0,trajectory_33,8ffc69b10a990e9806b11a88aa9d56ad2edaf960a5dbd463eff00cf8c0b24859,high_curvature,dls_task,0,150,"[1.1325331407798795, -0.24168033549200896, 1.142004970794806, -1.6131923278761438, -0.5890204370403808, 2.139254897660019, 1.6872434359450823]",True,150,True,True,,,97234058
trajectory_13_dls_task_r0,trajectory_13,49e505b5dd8506da453322d27fabacda172e9baf611dd7b1ccac4b4220f68113,near_singular,dls_task,0,150,"[-0.5642432075369469, -0.15715193578438877, -2.1345451119679355, -0.7142783897493015, 1.3154620627371993, 2.589163366799795, -0.8723786480923549]",True,150,True,True,,,103768394
trajectory_17_trac_strict_20ms_r2,trajectory_17,ca9065ec04392f64d1cce7cea6e6ae7ba224495be6a41fa0902e34ddeb925465,near_singular,trac_strict_20ms,2,150,"[2.1369191868103536, 0.25626421705746927, 1.7066903334546386, -0.2229465464073862, 0.9240499189826179, 0.43592582302604443, -0.3475443071969706]",False,115,False,False,115,internal_nonconvergence+position_tolerance,748848767
trajectory_14_trac_task_5ms_r0,trajectory_14,4e626ba28da6a8d45d22f023c3732e2d796c83a0e74df2aa41168fe26f6dccab,near_singular,trac_task_5ms,0,150,"[-2.327317529874332, 0.28843825003694556, 2.0855301983360475, -0.7889771403739102, -2.6817228062679397, 2.5559366733107627, -1.2744275290899756]",False,113,True,False,113,internal_nonconvergence+position_tolerance,218553307
trajectory_22_trac_strict_5ms_r1,trajectory_22,166f9f9c01b7bdb7e23bb78eb834aa40e45e3eac2d5c263419996286861ad9dc,joint_limit_return,trac_strict_5ms,1,150,"[2.5953000000000004, -0.3393281371969309, 0.019766507731749983, -1.9773861498909304, -1.5773208606503901, 2.5071508027378084, -1.2995698575115116]",True,150,True,True,,,38300136
trajectory_08_trac_task_5ms_r1,trajectory_08,a74d26d3694c4e4d15b8817c29ef75a4bd43cb4d8d1ebf3ae4154e26d80ab4a4,smooth,trac_task_5ms,1,150,"[-1.462696734239917, -0.2789995870774813, 0.4845991838372743, -1.2110958349056624, -0.03164688393548826, 2.250389768298455, 1.3413988619998096]",True,150,True,True,,,30991489
trajectory_28_trac_task_20ms_r2,trajectory_28,41c501982d64297056fe7d1239938d5f0fb508b8c32ed74b2b5c72d3bf1ddba1,joint_limit_return,trac_task_20ms,2,150,"[1.0002694865926336, -0.6952350165551249, -0.27533203313792715, -0.3718, 0.871667779279456, 2.582756878731669, 1.5950274657528718]",True,150,True,True,,,29524259
trajectory_36_trac_strict_5ms_r2,trajectory_36,fd96ca4300b705b343cbde5bb7d97076acca0d187b1d78fc9094c6cac23b640b,high_curvature,trac_strict_5ms,2,150,"[0.40000408668931736, -0.48746864683241387, -0.584845899901387, -1.4547797451769853, -1.1073320862801925, 2.415286074104135, 0.5552344850418183]",True,150,True,True,,,32179961
trajectory_25_trac_strict_5ms_r2,trajectory_25,6f61a4f090c2631561aee85944d25bbb3ec9ae75f330ddc67dd8f755fa60ea51,joint_limit_return,trac_strict_5ms,2,150,"[-1.68136092204677, -0.28323103047534404, -0.8589129683281165, -1.9157352916331027, 2.5953000000000004, 1.7085843453390148, 0.4930637350679936]",True,150,True,True,,,31953553
trajectory_08_dls_strict_r0,trajectory_08,a74d26d3694c4e4d15b8817c29ef75a4bd43cb4d8d1ebf3ae4154e26d80ab4a4,smooth,dls_strict,0,150,"[-1.462696734239917, -0.2789995870774813, 0.4845991838372743, -1.2110958349056624, -0.03164688393548826, 2.250389768298455, 1.3413988619998096]",True,150,True,True,,,144275831
trajectory_03_trac_strict_5ms_r1,trajectory_03,e928208c5cfa766679be750c366c336bdeb1caea1f8283ea513bc5392401481b,smooth,trac_strict_5ms,1,150,"[0.08800023792878346, -0.7243631304519502, -1.0644025585873105, -1.6912192273227877, 0.5323392897106182, 1.5759703045285698, 0.9688872373949686]",True,150,True,True,,,33772026
trajectory_28_trac_strict_5ms_r1,trajectory_28,41c501982d64297056fe7d1239938d5f0fb508b8c32ed74b2b5c72d3bf1ddba1,joint_limit_return,trac_strict_5ms,1,150,"[1.0002694865926336, -0.6952350165551249, -0.27533203313792715, -0.3718, 0.871667779279456, 2.582756878731669, 1.5950274657528718]",True,150,True,True,,,31219547
trajectory_13_trac_strict_20ms_r2,trajectory_13,49e505b5dd8506da453322d27fabacda172e9baf611dd7b1ccac4b4220f68113,near_singular,trac_strict_20ms,2,150,"[-0.5642432075369469, -0.15715193578438877, -2.1345451119679355, -0.7142783897493015, 1.3154620627371993, 2.589163366799795, -0.8723786480923549]",True,150,True,True,,,31543913
trajectory_32_trac_strict_5ms_r0,trajectory_32,f786741c9f59d7d552811f1959141226fb4d169d5c149b34b1fb99edb7839b2c,high_curvature,trac_strict_5ms,0,150,"[1.1885466475819153, 0.7842913650765752, -0.6632590565683685, -1.837449333650879, 0.35183789772108187, 2.7949832084733055, 1.0425923000714907]",True,150,True,True,,,33752541
trajectory_04_dls_strict_r0,trajectory_04,ea5e2ac9bfe24625cf9368e4931dfe5a7f878c028b94ce7ca271455c05bad4e6,smooth,dls_strict,0,150,"[0.8764503189741217, 0.2484545572474624, 0.9858623530365795, -0.9168201917228007, 0.7620304348171548, 0.7162060872997005, 0.4674653348124861]",True,150,True,True,,,164924560
trajectory_00_trac_strict_20ms_r0,trajectory_00,ba9bbb877bd562764b9ad1fe612339400f4396f8e4e3ccdd742d4a4326684c27,smooth,trac_strict_20ms,0,150,"[1.8045525647893919, 0.2263076606986511, -0.3372067100575985, -1.8921996499596407, -0.11880835884944438, 1.6265685925609459, 0.3582006672127863]",True,150,True,True,,,37170293
trajectory_13_trac_task_20ms_r0,trajectory_13,49e505b5dd8506da453322d27fabacda172e9baf611dd7b1ccac4b4220f68113,near_singular,trac_task_20ms,0,150,"[-0.5642432075369469, -0.15715193578438877, -2.1345451119679355, -0.7142783897493015, 1.3154620627371993, 2.589163366799795, -0.8723786480923549]",True,150,True,True,,,29918569
trajectory_29_trac_strict_20ms_r2,trajectory_29,16ab30a670ddc1bb59f64aa11421a7a95e2a13b391b17e7261a85fb14178c0bc,joint_limit_return,trac_strict_20ms,2,150,"[-1.2650513767980658, -0.43971291762964715, -1.3728146429403614, -1.7544168184300677, 0.3698512018232597, 3.4505000000000003, 0.05150820077903298]",True,150,True,True,,,33525022
trajectory_37_trac_task_5ms_r1,trajectory_37,c27c85dfc1ac902402f2c27d5ecd007325d528654413acef4dab0af30af48583,high_curvature,trac_task_5ms,1,150,"[-0.6274437144957354, 0.3078222635735559, 0.945096585024112, -2.0400645352277924, 0.6319408541590963, 1.7086604841095687, 0.06980067635767206]",True,150,True,True,,,33440888
trajectory_12_trac_task_20ms_r0,trajectory_12,ea5503530085a4b7fba1457389f090742de31c9aa6ebe8907aa867289b032370,near_singular,trac_task_20ms,0,150,"[0.8822446021518249, 0.32307848886988044, 1.1099170111061665, -0.5311475740193101, 1.6436929333293564, 3.0234363006954905, 2.1297500197666706]",True,150,True,True,,,71134663
trajectory_25_trac_strict_5ms_r0,trajectory_25,6f61a4f090c2631561aee85944d25bbb3ec9ae75f330ddc67dd8f755fa60ea51,joint_limit_return,trac_strict_5ms,0,150,"[-1.68136092204677, -0.28323103047534404, -0.8589129683281165, -1.9157352916331027, 2.5953000000000004, 1.7085843453390148, 0.4930637350679936]",True,150,True,True,,,35751277
trajectory_27_trac_strict_5ms_r1,trajectory_27,62749969a81aa229bd98bbc6a77941b40960bf5ae0886a5dfe36f5eff62e5c1c,joint_limit_return,trac_strict_5ms,1,150,"[0.11013187782707023, 0.08261373920335854, 0.2680269950055522, -1.4842978898814214, -0.8055537512624422, 3.4505000000000003, -0.21451778603021388]",True,150,True,True,,,34996272
trajectory_19_trac_strict_5ms_r1,trajectory_19,9a94337fb5b3319c8ba9dcce20e827630b16d9a348f1f3aa8709c5d0df3406af,near_singular,trac_strict_5ms,1,150,"[-0.03060445922038979, -0.3593492877060506, -1.2467035941951523, -0.126137630567838, 0.8699032398592739, 2.160835781962167, 0.24650263438720615]",False,97,True,False,97,internal_nonconvergence+position_tolerance+orientation_tolerance,306460352
trajectory_17_trac_strict_5ms_r1,trajectory_17,ca9065ec04392f64d1cce7cea6e6ae7ba224495be6a41fa0902e34ddeb925465,near_singular,trac_strict_5ms,1,150,"[2.1369191868103536, 0.25626421705746927, 1.7066903334546386, -0.2229465464073862, 0.9240499189826179, 0.43592582302604443, -0.3475443071969706]",False,114,True,False,114,internal_nonconvergence+position_tolerance,219712861
trajectory_29_dls_task_r0,trajectory_29,16ab30a670ddc1bb59f64aa11421a7a95e2a13b391b17e7261a85fb14178c0bc,joint_limit_return,dls_task,0,150,"[-1.2650513767980658, -0.43971291762964715, -1.3728146429403614, -1.7544168184300677, 0.3698512018232597, 3.4505000000000003, 0.05150820077903298]",True,150,True,True,,,90587882
trajectory_17_trac_task_5ms_r0,trajectory_17,ca9065ec04392f64d1cce7cea6e6ae7ba224495be6a41fa0902e34ddeb925465,near_singular,trac_task_5ms,0,150,"[2.1369191868103536, 0.25626421705746927, 1.7066903334546386, -0.2229465464073862, 0.9240499189826179, 0.43592582302604443, -0.3475443071969706]",False,119,True,False,119,internal_nonconvergence+position_tolerance+orientation_tolerance,197144828
trajectory_22_trac_task_20ms_r1,trajectory_22,166f9f9c01b7bdb7e23bb78eb834aa40e45e3eac2d5c263419996286861ad9dc,joint_limit_return,trac_task_20ms,1,150,"[2.5953000000000004, -0.3393281371969309, 0.019766507731749983, -1.9773861498909304, -1.5773208606503901, 2.5071508027378084, -1.2995698575115116]",True,150,True,True,,,34310391
trajectory_10_trac_strict_20ms_r1,trajectory_10,525ed23e41917cce27c978b0c676be43016f2541aa51a8185bbab7e6ce610192,near_singular,trac_strict_20ms,1,150,"[-1.011132834258865, 1.2328036941230358, 1.0828296380174245, -0.1764294550010968, 1.461251904355215, 1.5780051923310203, -2.420315024677472]",False,70,False,False,70,internal_nonconvergence+position_tolerance+orientation_tolerance,1653304732
trajectory_05_trac_task_20ms_r2,trajectory_05,972b6c7f62ad2d88a1171405175e002fe4dad516aaa6300e4c090613265f4592,smooth,trac_task_20ms,2,150,"[-0.9892198445653801, 0.2872736026545637, 1.0138596631306713, -1.6464611733727983, 0.3087200674841857, 2.593075401037617, 1.3721903607232058]",True,150,True,True,,,33813268
trajectory_07_trac_strict_5ms_r2,trajectory_07,cdb906e5ffe0888b5856461ef6bee1b8809232e928fd853beb25f1903a7d798a,smooth,trac_strict_5ms,2,150,"[-1.5394992506035106, 0.6108787929871341, 0.9928113030330141, -2.067733972795519, -0.1098307781822299, 1.1059518538522677, 1.6698609544803817]",True,150,True,True,,,33730551
trajectory_08_dls_task_r0,trajectory_08,a74d26d3694c4e4d15b8817c29ef75a4bd43cb4d8d1ebf3ae4154e26d80ab4a4,smooth,dls_task,0,150,"[-1.462696734239917, -0.2789995870774813, 0.4845991838372743, -1.2110958349056624, -0.03164688393548826, 2.250389768298455, 1.3413988619998096]",True,150,True,True,,,94619864
trajectory_05_trac_task_5ms_r1,trajectory_05,972b6c7f62ad2d88a1171405175e002fe4dad516aaa6300e4c090613265f4592,smooth,trac_task_5ms,1,150,"[-0.9892198445653801, 0.2872736026545637, 1.0138596631306713, -1.6464611733727983, 0.3087200674841857, 2.593075401037617, 1.3721903607232058]",True,150,True,True,,,33058512
trajectory_10_trac_task_20ms_r1,trajectory_10,525ed23e41917cce27c978b0c676be43016f2541aa51a8185bbab7e6ce610192,near_singular,trac_task_20ms,1,150,"[-1.011132834258865, 1.2328036941230358, 1.0828296380174245, -0.1764294550010968, 1.461251904355215, 1.5780051923310203, -2.420315024677472]",True,150,True,True,,,33041865
trajectory_16_trac_task_5ms_r0,trajectory_16,40c3eae024871d71025c88c09b1bbffc1b50b311548d53112ed8d4118883654a,near_singular,trac_task_5ms,0,150,"[-0.8330069728077155, 0.9059204298240433, -1.2848682345049904, -0.942479272733609, 1.2252181668764945, 3.752499, -2.3388414437479788]",True,150,True,True,,,30535938
trajectory_29_trac_task_20ms_r0,trajectory_29,16ab30a670ddc1bb59f64aa11421a7a95e2a13b391b17e7261a85fb14178c0bc,joint_limit_return,trac_task_20ms,0,150,"[-1.2650513767980658, -0.43971291762964715, -1.3728146429403614, -1.7544168184300677, 0.3698512018232597, 3.4505000000000003, 0.05150820077903298]",True,150,True,True,,,29852561
trajectory_12_trac_task_5ms_r0,trajectory_12,ea5503530085a4b7fba1457389f090742de31c9aa6ebe8907aa867289b032370,near_singular,trac_task_5ms,0,150,"[0.8822446021518249, 0.32307848886988044, 1.1099170111061665, -0.5311475740193101, 1.6436929333293564, 3.0234363006954905, 2.1297500197666706]",False,94,True,False,94,internal_nonconvergence+position_tolerance+orientation_tolerance,325888602
trajectory_03_dls_task_r0,trajectory_03,e928208c5cfa766679be750c366c336bdeb1caea1f8283ea513bc5392401481b,smooth,dls_task,0,150,"[0.08800023792878346, -0.7243631304519502, -1.0644025585873105, -1.6912192273227877, 0.5323392897106182, 1.5759703045285698, 0.9688872373949686]",True,150,True,True,,,93273054
trajectory_38_dls_task_r0,trajectory_38,827f4c481262ed599d5a62ea92d72f83f9d2baecaa5e733c4c0018e796d573d5,high_curvature,dls_task,0,150,"[-0.536127060911361, -0.08141725730239946, 0.043470427836753756, -0.9476503459108423, 0.4437330072682833, 1.5864989045962217, 0.01054171868407297]",True,150,True,True,,,98757407
trajectory_14_trac_strict_5ms_r2,trajectory_14,4e626ba28da6a8d45d22f023c3732e2d796c83a0e74df2aa41168fe26f6dccab,near_singular,trac_strict_5ms,2,150,"[-2.327317529874332, 0.28843825003694556, 2.0855301983360475, -0.7889771403739102, -2.6817228062679397, 2.5559366733107627, -1.2744275290899756]",False,113,True,False,113,internal_nonconvergence+position_tolerance,223539102
trajectory_22_dls_strict_r0,trajectory_22,166f9f9c01b7bdb7e23bb78eb834aa40e45e3eac2d5c263419996286861ad9dc,joint_limit_return,dls_strict,0,150,"[2.5953000000000004, -0.3393281371969309, 0.019766507731749983, -1.9773861498909304, -1.5773208606503901, 2.5071508027378084, -1.2995698575115116]",True,150,True,True,,,186956837
trajectory_16_trac_strict_20ms_r2,trajectory_16,40c3eae024871d71025c88c09b1bbffc1b50b311548d53112ed8d4118883654a,near_singular,trac_strict_20ms,2,150,"[-0.8330069728077155, 0.9059204298240433, -1.2848682345049904, -0.942479272733609, 1.2252181668764945, 3.752499, -2.3388414437479788]",True,150,True,True,,,32370095
trajectory_08_trac_strict_20ms_r1,trajectory_08,a74d26d3694c4e4d15b8817c29ef75a4bd43cb4d8d1ebf3ae4154e26d80ab4a4,smooth,trac_strict_20ms,1,150,"[-1.462696734239917, -0.2789995870774813, 0.4845991838372743, -1.2110958349056624, -0.03164688393548826, 2.250389768298455, 1.3413988619998096]",True,150,True,True,,,35156789
trajectory_27_trac_task_20ms_r0,trajectory_27,62749969a81aa229bd98bbc6a77941b40960bf5ae0886a5dfe36f5eff62e5c1c,joint_limit_return,trac_task_20ms,0,150,"[0.11013187782707023, 0.08261373920335854, 0.2680269950055522, -1.4842978898814214, -0.8055537512624422, 3.4505000000000003, -0.21451778603021388]",True,150,True,True,,,29641470
trajectory_00_trac_strict_5ms_r1,trajectory_00,ba9bbb877bd562764b9ad1fe612339400f4396f8e4e3ccdd742d4a4326684c27,smooth,trac_strict_5ms,1,150,"[1.8045525647893919, 0.2263076606986511, -0.3372067100575985, -1.8921996499596407, -0.11880835884944438, 1.6265685925609459, 0.3582006672127863]",True,150,True,True,,,39042977
trajectory_17_trac_task_20ms_r0,trajectory_17,ca9065ec04392f64d1cce7cea6e6ae7ba224495be6a41fa0902e34ddeb925465,near_singular,trac_task_20ms,0,150,"[2.1369191868103536, 0.25626421705746927, 1.7066903334546386, -0.2229465464073862, 0.9240499189826179, 0.43592582302604443, -0.3475443071969706]",False,118,False,False,118,internal_nonconvergence+position_tolerance+orientation_tolerance,681294370
trajectory_20_trac_strict_20ms_r1,trajectory_20,5560810f9d87891ba612f00a19811ec608860538b5dbf8f478a2cc168f4d1547,joint_limit_return,trac_strict_20ms,1,150,"[-0.22148567967826394, -0.6085874328213129, 1.3965318127137998, -1.7582177758063704, 2.5953000000000004, 1.8613505237616152, -1.399248123458735]",True,150,True,True,,,31634215
trajectory_28_dls_strict_r0,trajectory_28,41c501982d64297056fe7d1239938d5f0fb508b8c32ed74b2b5c72d3bf1ddba1,joint_limit_return,dls_strict,0,150,"[1.0002694865926336, -0.6952350165551249, -0.27533203313792715, -0.3718, 0.871667779279456, 2.582756878731669, 1.5950274657528718]",True,150,True,True,,,585971619
trajectory_34_trac_strict_20ms_r0,trajectory_34,bb2d7133de7083285ff7ede00b959e62fc3bf5dc626bfa521b77361d0f3f759e,high_curvature,trac_strict_20ms,0,150,"[-1.1592058713003646, 0.1964021212531033, -0.5464022436655562, -1.1510687856947253, -1.2981413533683839, 1.8437018291450857, 1.1925764049191467]",True,150,True,True,,,34221244
trajectory_20_dls_task_r0,trajectory_20,5560810f9d87891ba612f00a19811ec608860538b5dbf8f478a2cc168f4d1547,joint_limit_return,dls_task,0,150,"[-0.22148567967826394, -0.6085874328213129, 1.3965318127137998, -1.7582177758063704, 2.5953000000000004, 1.8613505237616152, -1.399248123458735]",True,150,True,True,,,88512729
trajectory_01_trac_task_5ms_r1,trajectory_01,a62f788b8607be02b7f7a70f0234d741c3a3ffbce60a66d892cb748dca4ac32c,smooth,trac_task_5ms,1,150,"[0.9351044192022548, -0.14092294260565763, 1.1097168230381158, -1.7716969820509143, -0.07390793549601962, 1.2633334208331923, -0.15531616098432066]",True,150,True,True,,,26312233
trajectory_31_trac_task_5ms_r1,trajectory_31,b88225558b53c7528d4fc1a56455ceac395ea6a65306515006580362af026e1e,high_curvature,trac_task_5ms,1,150,"[0.7241810171763957, -0.3087602434544925, -0.09772781078700638, -1.9130376188154201, 1.101742620368236, 2.5937868082135385, -1.6068193266811197]",True,150,True,True,,,29395358
trajectory_00_trac_task_5ms_r1,trajectory_00,ba9bbb877bd562764b9ad1fe612339400f4396f8e4e3ccdd742d4a4326684c27,smooth,trac_task_5ms,1,150,"[1.8045525647893919, 0.2263076606986511, -0.3372067100575985, -1.8921996499596407, -0.11880835884944438, 1.6265685925609459, 0.3582006672127863]",True,150,True,True,,,27055134
trajectory_16_trac_strict_5ms_r1,trajectory_16,40c3eae024871d71025c88c09b1bbffc1b50b311548d53112ed8d4118883654a,near_singular,trac_strict_5ms,1,150,"[-0.8330069728077155, 0.9059204298240433, -1.2848682345049904, -0.942479272733609, 1.2252181668764945, 3.752499, -2.3388414437479788]",True,150,True,True,,,27378245
trajectory_33_trac_strict_5ms_r2,trajectory_33,8ffc69b10a990e9806b11a88aa9d56ad2edaf960a5dbd463eff00cf8c0b24859,high_curvature,trac_strict_5ms,2,150,"[1.1325331407798795, -0.24168033549200896, 1.142004970794806, -1.6131923278761438, -0.5890204370403808, 2.139254897660019, 1.6872434359450823]",True,150,True,True,,,28249298
trajectory_13_trac_strict_20ms_r0,trajectory_13,49e505b5dd8506da453322d27fabacda172e9baf611dd7b1ccac4b4220f68113,near_singular,trac_strict_20ms,0,150,"[-0.5642432075369469, -0.15715193578438877, -2.1345451119679355, -0.7142783897493015, 1.3154620627371993, 2.589163366799795, -0.8723786480923549]",True,150,True,True,,,26981310
trajectory_14_dls_task_r0,trajectory_14,4e626ba28da6a8d45d22f023c3732e2d796c83a0e74df2aa41168fe26f6dccab,near_singular,dls_task,0,150,"[-2.327317529874332, 0.28843825003694556, 2.0855301983360475, -0.7889771403739102, -2.6817228062679397, 2.5559366733107627, -1.2744275290899756]",True,150,True,True,,,74426582
trajectory_30_trac_strict_5ms_r0,trajectory_30,f77f30aad07c01747cccac5f99de0454266b5b9453dc6357da97f2c8d2529cfc,high_curvature,trac_strict_5ms,0,150,"[-0.39310145848585587, -0.6845806395722984, -1.2736963660852803, -0.9229715773785083, -0.8930553735853004, 2.3149905873608216, 1.6893288223417833]",True,150,True,True,,,28847522
trajectory_05_trac_task_5ms_r2,trajectory_05,972b6c7f62ad2d88a1171405175e002fe4dad516aaa6300e4c090613265f4592,smooth,trac_task_5ms,2,150,"[-0.9892198445653801, 0.2872736026545637, 1.0138596631306713, -1.6464611733727983, 0.3087200674841857, 2.593075401037617, 1.3721903607232058]",True,150,True,True,,,26045776
trajectory_15_trac_strict_5ms_r1,trajectory_15,1742dca2b4e66648ef384a591bc48af258b7ccf01a3b1f0930d212a06b1f978c,near_singular,trac_strict_5ms,1,150,"[1.23879274147841, -0.24112841600403906, -0.3669134703897978, -0.3009569846322578, -0.09840834676273053, 1.5462253889755246, -1.157829171391544]",True,150,True,True,,,26475757
trajectory_18_dls_task_r0,trajectory_18,c99e2c9b46eb1858a0dd2f525833e49b6f0b7c25001781f1b00044934372d935,near_singular,dls_task,0,150,"[-1.5238361610017774, -1.3484634516894036, 1.547551062431669, -0.6383213619062299, -0.5574062353674284, 1.0866475237195234, -2.8075372986730716]",True,150,True,True,,,77273855
trajectory_22_trac_task_5ms_r1,trajectory_22,166f9f9c01b7bdb7e23bb78eb834aa40e45e3eac2d5c263419996286861ad9dc,joint_limit_return,trac_task_5ms,1,150,"[2.5953000000000004, -0.3393281371969309, 0.019766507731749983, -1.9773861498909304, -1.5773208606503901, 2.5071508027378084, -1.2995698575115116]",True,150,True,True,,,26100225
trajectory_07_trac_task_5ms_r0,trajectory_07,cdb906e5ffe0888b5856461ef6bee1b8809232e928fd853beb25f1903a7d798a,smooth,trac_task_5ms,0,150,"[-1.5394992506035106, 0.6108787929871341, 0.9928113030330141, -2.067733972795519, -0.1098307781822299, 1.1059518538522677, 1.6698609544803817]",True,150,True,True,,,26437347
trajectory_38_trac_strict_5ms_r0,trajectory_38,827f4c481262ed599d5a62ea92d72f83f9d2baecaa5e733c4c0018e796d573d5,high_curvature,trac_strict_5ms,0,150,"[-0.536127060911361, -0.08141725730239946, 0.043470427836753756, -0.9476503459108423, 0.4437330072682833, 1.5864989045962217, 0.01054171868407297]",True,150,True,True,,,27404254
trajectory_00_trac_strict_5ms_r2,trajectory_00,ba9bbb877bd562764b9ad1fe612339400f4396f8e4e3ccdd742d4a4326684c27,smooth,trac_strict_5ms,2,150,"[1.8045525647893919, 0.2263076606986511, -0.3372067100575985, -1.8921996499596407, -0.11880835884944438, 1.6265685925609459, 0.3582006672127863]",True,150,True,True,,,27432407
trajectory_23_trac_task_5ms_r1,trajectory_23,703e80ee1a10cacc408a225bf4b9b1d1a8b7cd7c18ef82408fe61c8b6b1a1fa4,joint_limit_return,trac_task_5ms,1,150,"[1.5552069472326666, -0.09386180337858052, 1.172032425903462, -1.5681437929380007, 0.6237919629324234, 1.433829794801732, 2.5953000000000004]",True,150,True,True,,,27184285
trajectory_25_trac_strict_5ms_r1,trajectory_25,6f61a4f090c2631561aee85944d25bbb3ec9ae75f330ddc67dd8f755fa60ea51,joint_limit_return,trac_strict_5ms,1,150,"[-1.68136092204677, -0.28323103047534404, -0.8589129683281165, -1.9157352916331027, 2.5953000000000004, 1.7085843453390148, 0.4930637350679936]",True,150,True,True,,,28040888
trajectory_37_trac_task_20ms_r0,trajectory_37,c27c85dfc1ac902402f2c27d5ecd007325d528654413acef4dab0af30af48583,high_curvature,trac_task_20ms,0,150,"[-0.6274437144957354, 0.3078222635735559, 0.945096585024112, -2.0400645352277924, 0.6319408541590963, 1.7086604841095687, 0.06980067635767206]",True,150,True,True,,,26194465
trajectory_07_trac_task_5ms_r1,trajectory_07,cdb906e5ffe0888b5856461ef6bee1b8809232e928fd853beb25f1903a7d798a,smooth,trac_task_5ms,1,150,"[-1.5394992506035106, 0.6108787929871341, 0.9928113030330141, -2.067733972795519, -0.1098307781822299, 1.1059518538522677, 1.6698609544803817]",True,150,True,True,,,27931599
trajectory_07_dls_task_r0,trajectory_07,cdb906e5ffe0888b5856461ef6bee1b8809232e928fd853beb25f1903a7d798a,smooth,dls_task,0,150,"[-1.5394992506035106, 0.6108787929871341, 0.9928113030330141, -2.067733972795519, -0.1098307781822299, 1.1059518538522677, 1.6698609544803817]",True,150,True,True,,,80528310
trajectory_38_trac_task_5ms_r2,trajectory_38,827f4c481262ed599d5a62ea92d72f83f9d2baecaa5e733c4c0018e796d573d5,high_curvature,trac_task_5ms,2,150,"[-0.536127060911361, -0.08141725730239946, 0.043470427836753756, -0.9476503459108423, 0.4437330072682833, 1.5864989045962217, 0.01054171868407297]",True,150,True,True,,,28252913
trajectory_20_trac_task_5ms_r2,trajectory_20,5560810f9d87891ba612f00a19811ec608860538b5dbf8f478a2cc168f4d1547,joint_limit_return,trac_task_5ms,2,150,"[-0.22148567967826394, -0.6085874328213129, 1.3965318127137998, -1.7582177758063704, 2.5953000000000004, 1.8613505237616152, -1.399248123458735]",True,150,True,True,,,25869969
trajectory_00_trac_task_20ms_r0,trajectory_00,ba9bbb877bd562764b9ad1fe612339400f4396f8e4e3ccdd742d4a4326684c27,smooth,trac_task_20ms,0,150,"[1.8045525647893919, 0.2263076606986511, -0.3372067100575985, -1.8921996499596407, -0.11880835884944438, 1.6265685925609459, 0.3582006672127863]",True,150,True,True,,,26170268
trajectory_11_trac_strict_5ms_r1,trajectory_11,d8e06950cec2579c739f7f6d3dbb3628755dfd76be5740fad3bec38b4ef94cc6,near_singular,trac_strict_5ms,1,150,"[0.7392426362897311, -0.4541309806557701, 0.33920593071132676, -0.7226118979205809, 0.42217218197389644, 1.706232479295894, 1.7255318152236154]",True,150,True,True,,,27649552
trajectory_38_trac_strict_5ms_r2,trajectory_38,827f4c481262ed599d5a62ea92d72f83f9d2baecaa5e733c4c0018e796d573d5,high_curvature,trac_strict_5ms,2,150,"[-0.536127060911361, -0.08141725730239946, 0.043470427836753756, -0.9476503459108423, 0.4437330072682833, 1.5864989045962217, 0.01054171868407297]",True,150,True,True,,,27687984
trajectory_07_trac_strict_5ms_r1,trajectory_07,cdb906e5ffe0888b5856461ef6bee1b8809232e928fd853beb25f1903a7d798a,smooth,trac_strict_5ms,1,150,"[-1.5394992506035106, 0.6108787929871341, 0.9928113030330141, -2.067733972795519, -0.1098307781822299, 1.1059518538522677, 1.6698609544803817]",True,150,True,True,,,27336629
trajectory_21_trac_task_20ms_r0,trajectory_21,4afc296390cd2da8318a4ba9544aebe6e73de828b20fea6cbaeedda3bf7a189f,joint_limit_return,trac_task_20ms,0,150,"[0.6383027055682345, 1.4607999999999999, 1.3891908132826067, -1.370218783454471, -0.470730268965795, 1.706755020082932, 0.09698989258391427]",True,150,True,True,,,26768339
trajectory_32_trac_strict_5ms_r1,trajectory_32,f786741c9f59d7d552811f1959141226fb4d169d5c149b34b1fb99edb7839b2c,high_curvature,trac_strict_5ms,1,150,"[1.1885466475819153, 0.7842913650765752, -0.6632590565683685, -1.837449333650879, 0.35183789772108187, 2.7949832084733055, 1.0425923000714907]",True,150,True,True,,,27609489
trajectory_02_dls_strict_r0,trajectory_02,98b02d6a697ef616fb15325aca1f5748ceba5d966785b4f1677767ebff16420f,smooth,dls_strict,0,150,"[0.056557153600618394, -0.4657534384121058, -1.1419831974705708, -1.4383966732452471, 1.331994761005881, 1.3188297469261385, 1.1179755468881623]",True,150,True,True,,,129945344
trajectory_37_dls_strict_r0,trajectory_37,c27c85dfc1ac902402f2c27d5ecd007325d528654413acef4dab0af30af48583,high_curvature,dls_strict,0,150,"[-0.6274437144957354, 0.3078222635735559, 0.945096585024112, -2.0400645352277924, 0.6319408541590963, 1.7086604841095687, 0.06980067635767206]",True,150,True,True,,,143021725
trajectory_20_dls_strict_r0,trajectory_20,5560810f9d87891ba612f00a19811ec608860538b5dbf8f478a2cc168f4d1547,joint_limit_return,dls_strict,0,150,"[-0.22148567967826394, -0.6085874328213129, 1.3965318127137998, -1.7582177758063704, 2.5953000000000004, 1.8613505237616152, -1.399248123458735]",True,150,True,True,,,145855571
trajectory_24_trac_strict_20ms_r0,trajectory_24,125d0ba81f8f99703f34ce79c430375e614edd8d7281141ad9df7e9828fed992,joint_limit_return,trac_strict_20ms,0,150,"[2.5953000000000004, 0.13956271326757885, 0.012917759794865924, -1.129547239807192, -0.17947528622231393, 2.5808292285913783, 1.268060620760703]",True,150,True,True,,,29049245
trajectory_08_trac_strict_20ms_r2,trajectory_08,a74d26d3694c4e4d15b8817c29ef75a4bd43cb4d8d1ebf3ae4154e26d80ab4a4,smooth,trac_strict_20ms,2,150,"[-1.462696734239917, -0.2789995870774813, 0.4845991838372743, -1.2110958349056624, -0.03164688393548826, 2.250389768298455, 1.3413988619998096]",True,150,True,True,,,29131665
trajectory_36_trac_strict_20ms_r0,trajectory_36,fd96ca4300b705b343cbde5bb7d97076acca0d187b1d78fc9094c6cac23b640b,high_curvature,trac_strict_20ms,0,150,"[0.40000408668931736, -0.48746864683241387, -0.584845899901387, -1.4547797451769853, -1.1073320862801925, 2.415286074104135, 0.5552344850418183]",True,150,True,True,,,27572787
trajectory_26_dls_strict_r0,trajectory_26,b47f91198895baa3999a406c9c32516cd3e78dd7e42a8bccccc4cd058a03020a,joint_limit_return,dls_strict,0,150,"[-1.2550342189217967, 0.8686761431733064, 0.2653256626716707, -0.6211012746516752, 2.5953000000000004, 2.9384634835047447, 0.6912608648491174]",False,70,True,False,70,internal_nonconvergence+orientation_tolerance,612887912
trajectory_29_trac_task_5ms_r0,trajectory_29,16ab30a670ddc1bb59f64aa11421a7a95e2a13b391b17e7261a85fb14178c0bc,joint_limit_return,trac_task_5ms,0,150,"[-1.2650513767980658, -0.43971291762964715, -1.3728146429403614, -1.7544168184300677, 0.3698512018232597, 3.4505000000000003, 0.05150820077903298]",True,150,True,True,,,26478698
trajectory_23_trac_task_20ms_r0,trajectory_23,703e80ee1a10cacc408a225bf4b9b1d1a8b7cd7c18ef82408fe61c8b6b1a1fa4,joint_limit_return,trac_task_20ms,0,150,"[1.5552069472326666, -0.09386180337858052, 1.172032425903462, -1.5681437929380007, 0.6237919629324234, 1.433829794801732, 2.5953000000000004]",True,150,True,True,,,28350501
trajectory_12_trac_strict_20ms_r1,trajectory_12,ea5503530085a4b7fba1457389f090742de31c9aa6ebe8907aa867289b032370,near_singular,trac_strict_20ms,1,150,"[0.8822446021518249, 0.32307848886988044, 1.1099170111061665, -0.5311475740193101, 1.6436929333293564, 3.0234363006954905, 2.1297500197666706]",False,76,False,False,76,internal_nonconvergence+position_tolerance+orientation_tolerance,1519182820
trajectory_21_trac_task_5ms_r0,trajectory_21,4afc296390cd2da8318a4ba9544aebe6e73de828b20fea6cbaeedda3bf7a189f,joint_limit_return,trac_task_5ms,0,150,"[0.6383027055682345, 1.4607999999999999, 1.3891908132826067, -1.370218783454471, -0.470730268965795, 1.706755020082932, 0.09698989258391427]",True,150,True,True,,,27136341
trajectory_15_trac_task_5ms_r1,trajectory_15,1742dca2b4e66648ef384a591bc48af258b7ccf01a3b1f0930d212a06b1f978c,near_singular,trac_task_5ms,1,150,"[1.23879274147841, -0.24112841600403906, -0.3669134703897978, -0.3009569846322578, -0.09840834676273053, 1.5462253889755246, -1.157829171391544]",True,150,True,True,,,26031012
trajectory_25_trac_task_20ms_r1,trajectory_25,6f61a4f090c2631561aee85944d25bbb3ec9ae75f330ddc67dd8f755fa60ea51,joint_limit_return,trac_task_20ms,1,150,"[-1.68136092204677, -0.28323103047534404, -0.8589129683281165, -1.9157352916331027, 2.5953000000000004, 1.7085843453390148, 0.4930637350679936]",True,150,True,True,,,25790097
trajectory_27_trac_strict_20ms_r1,trajectory_27,62749969a81aa229bd98bbc6a77941b40960bf5ae0886a5dfe36f5eff62e5c1c,joint_limit_return,trac_strict_20ms,1,150,"[0.11013187782707023, 0.08261373920335854, 0.2680269950055522, -1.4842978898814214, -0.8055537512624422, 3.4505000000000003, -0.21451778603021388]",True,150,True,True,,,27645813
trajectory_04_trac_strict_5ms_r2,trajectory_04,ea5e2ac9bfe24625cf9368e4931dfe5a7f878c028b94ce7ca271455c05bad4e6,smooth,trac_strict_5ms,2,150,"[0.8764503189741217, 0.2484545572474624, 0.9858623530365795, -0.9168201917228007, 0.7620304348171548, 0.7162060872997005, 0.4674653348124861]",True,150,True,True,,,27757247
trajectory_03_trac_task_20ms_r1,trajectory_03,e928208c5cfa766679be750c366c336bdeb1caea1f8283ea513bc5392401481b,smooth,trac_task_20ms,1,150,"[0.08800023792878346, -0.7243631304519502, -1.0644025585873105, -1.6912192273227877, 0.5323392897106182, 1.5759703045285698, 0.9688872373949686]",True,150,True,True,,,25823504
trajectory_18_trac_strict_20ms_r2,trajectory_18,c99e2c9b46eb1858a0dd2f525833e49b6f0b7c25001781f1b00044934372d935,near_singular,trac_strict_20ms,2,150,"[-1.5238361610017774, -1.3484634516894036, 1.547551062431669, -0.6383213619062299, -0.5574062353674284, 1.0866475237195234, -2.8075372986730716]",True,150,True,True,,,27744767
trajectory_29_trac_strict_20ms_r1,trajectory_29,16ab30a670ddc1bb59f64aa11421a7a95e2a13b391b17e7261a85fb14178c0bc,joint_limit_return,trac_strict_20ms,1,150,"[-1.2650513767980658, -0.43971291762964715, -1.3728146429403614, -1.7544168184300677, 0.3698512018232597, 3.4505000000000003, 0.05150820077903298]",True,150,True,True,,,28264004
trajectory_07_trac_task_20ms_r0,trajectory_07,cdb906e5ffe0888b5856461ef6bee1b8809232e928fd853beb25f1903a7d798a,smooth,trac_task_20ms,0,150,"[-1.5394992506035106, 0.6108787929871341, 0.9928113030330141, -2.067733972795519, -0.1098307781822299, 1.1059518538522677, 1.6698609544803817]",True,150,True,True,,,25905835
trajectory_00_trac_strict_20ms_r1,trajectory_00,ba9bbb877bd562764b9ad1fe612339400f4396f8e4e3ccdd742d4a4326684c27,smooth,trac_strict_20ms,1,150,"[1.8045525647893919, 0.2263076606986511, -0.3372067100575985, -1.8921996499596407, -0.11880835884944438, 1.6265685925609459, 0.3582006672127863]",True,150,True,True,,,27431617
trajectory_34_trac_task_5ms_r0,trajectory_34,bb2d7133de7083285ff7ede00b959e62fc3bf5dc626bfa521b77361d0f3f759e,high_curvature,trac_task_5ms,0,150,"[-1.1592058713003646, 0.1964021212531033, -0.5464022436655562, -1.1510687856947253, -1.2981413533683839, 1.8437018291450857, 1.1925764049191467]",True,150,True,True,,,33327474
trajectory_35_trac_task_5ms_r1,trajectory_35,e7257c22abc9d850802582540365f4bc972868280e40708e45700776b6ad2aca,high_curvature,trac_task_5ms,1,150,"[-1.1784869165560794, -0.41420567401016906, 0.7736549798252395, -1.7484750155884423, -0.8774782440807752, 1.7201431087931345, -1.161308223083616]",True,150,True,True,,,30895936
trajectory_26_trac_strict_20ms_r1,trajectory_26,b47f91198895baa3999a406c9c32516cd3e78dd7e42a8bccccc4cd058a03020a,joint_limit_return,trac_strict_20ms,1,150,"[-1.2550342189217967, 0.8686761431733064, 0.2653256626716707, -0.6211012746516752, 2.5953000000000004, 2.9384634835047447, 0.6912608648491174]",False,68,False,False,68,internal_nonconvergence+position_tolerance+orientation_tolerance,1680858736
trajectory_09_trac_task_20ms_r2,trajectory_09,6b43e53a09d43b068012e38e4082dc1a83a7da4ac12d3b1a7c10621fab8498a4,smooth,trac_task_20ms,2,150,"[-0.8367052668124645, -0.3490568543459072, 0.3621738339902801, -1.736849667613814, 0.3776862381049445, 0.9048085081579296, 0.8919601144745188]",True,150,True,True,,,26367941
trajectory_12_trac_task_20ms_r2,trajectory_12,ea5503530085a4b7fba1457389f090742de31c9aa6ebe8907aa867289b032370,near_singular,trac_task_20ms,2,150,"[0.8822446021518249, 0.32307848886988044, 1.1099170111061665, -0.5311475740193101, 1.6436929333293564, 3.0234363006954905, 2.1297500197666706]",True,150,True,True,,,45977969
trajectory_20_trac_strict_5ms_r1,trajectory_20,5560810f9d87891ba612f00a19811ec608860538b5dbf8f478a2cc168f4d1547,joint_limit_return,trac_strict_5ms,1,150,"[-0.22148567967826394, -0.6085874328213129, 1.3965318127137998, -1.7582177758063704, 2.5953000000000004, 1.8613505237616152, -1.399248123458735]",True,150,True,True,,,29812005
trajectory_30_trac_strict_20ms_r2,trajectory_30,f77f30aad07c01747cccac5f99de0454266b5b9453dc6357da97f2c8d2529cfc,high_curvature,trac_strict_20ms,2,150,"[-0.39310145848585587, -0.6845806395722984, -1.2736963660852803, -0.9229715773785083, -0.8930553735853004, 2.3149905873608216, 1.6893288223417833]",True,150,True,True,,,34695469
trajectory_02_dls_task_r0,trajectory_02,98b02d6a697ef616fb15325aca1f5748ceba5d966785b4f1677767ebff16420f,smooth,dls_task,0,150,"[0.056557153600618394, -0.4657534384121058, -1.1419831974705708, -1.4383966732452471, 1.331994761005881, 1.3188297469261385, 1.1179755468881623]",True,150,True,True,,,80659914
trajectory_34_trac_task_20ms_r0,trajectory_34,bb2d7133de7083285ff7ede00b959e62fc3bf5dc626bfa521b77361d0f3f759e,high_curvature,trac_task_20ms,0,150,"[-1.1592058713003646, 0.1964021212531033, -0.5464022436655562, -1.1510687856947253, -1.2981413533683839, 1.8437018291450857, 1.1925764049191467]",True,150,True,True,,,30960075
trajectory_33_trac_strict_5ms_r1,trajectory_33,8ffc69b10a990e9806b11a88aa9d56ad2edaf960a5dbd463eff00cf8c0b24859,high_curvature,trac_strict_5ms,1,150,"[1.1325331407798795, -0.24168033549200896, 1.142004970794806, -1.6131923278761438, -0.5890204370403808, 2.139254897660019, 1.6872434359450823]",True,150,True,True,,,32565865
trajectory_39_trac_task_20ms_r1,trajectory_39,380513eac133b886f7e375e39250059ba16f3133d3a5d3b8ff244470af2eb5ae,high_curvature,trac_task_20ms,1,150,"[-0.307114665759767, -0.09197021608207229, -0.14399381623305213, -1.4276557589841654, -0.748637356572919, 0.9586713226335238, 0.7436312353884212]",True,150,True,True,,,30195966
trajectory_19_trac_task_20ms_r0,trajectory_19,9a94337fb5b3319c8ba9dcce20e827630b16d9a348f1f3aa8709c5d0df3406af,near_singular,trac_task_20ms,0,150,"[-0.03060445922038979, -0.3593492877060506, -1.2467035941951523, -0.126137630567838, 0.8699032398592739, 2.160835781962167, 0.24650263438720615]",True,150,True,True,,,36116145
trajectory_00_trac_task_20ms_r1,trajectory_00,ba9bbb877bd562764b9ad1fe612339400f4396f8e4e3ccdd742d4a4326684c27,smooth,trac_task_20ms,1,150,"[1.8045525647893919, 0.2263076606986511, -0.3372067100575985, -1.8921996499596407, -0.11880835884944438, 1.6265685925609459, 0.3582006672127863]",True,150,True,True,,,33254066
trajectory_19_dls_task_r0,trajectory_19,9a94337fb5b3319c8ba9dcce20e827630b16d9a348f1f3aa8709c5d0df3406af,near_singular,dls_task,0,150,"[-0.03060445922038979, -0.3593492877060506, -1.2467035941951523, -0.126137630567838, 0.8699032398592739, 2.160835781962167, 0.24650263438720615]",True,150,True,True,,,78637251
trajectory_05_trac_task_20ms_r1,trajectory_05,972b6c7f62ad2d88a1171405175e002fe4dad516aaa6300e4c090613265f4592,smooth,trac_task_20ms,1,150,"[-0.9892198445653801, 0.2872736026545637, 1.0138596631306713, -1.6464611733727983, 0.3087200674841857, 2.593075401037617, 1.3721903607232058]",True,150,True,True,,,26683172
trajectory_24_trac_strict_5ms_r0,trajectory_24,125d0ba81f8f99703f34ce79c430375e614edd8d7281141ad9df7e9828fed992,joint_limit_return,trac_strict_5ms,0,150,"[2.5953000000000004, 0.13956271326757885, 0.012917759794865924, -1.129547239807192, -0.17947528622231393, 2.5808292285913783, 1.268060620760703]",True,150,True,True,,,29753390
trajectory_23_trac_strict_5ms_r0,trajectory_23,703e80ee1a10cacc408a225bf4b9b1d1a8b7cd7c18ef82408fe61c8b6b1a1fa4,joint_limit_return,trac_strict_5ms,0,150,"[1.5552069472326666, -0.09386180337858052, 1.172032425903462, -1.5681437929380007, 0.6237919629324234, 1.433829794801732, 2.5953000000000004]",True,150,True,True,,,30450501
trajectory_03_trac_strict_5ms_r0,trajectory_03,e928208c5cfa766679be750c366c336bdeb1caea1f8283ea513bc5392401481b,smooth,trac_strict_5ms,0,150,"[0.08800023792878346, -0.7243631304519502, -1.0644025585873105, -1.6912192273227877, 0.5323392897106182, 1.5759703045285698, 0.9688872373949686]",True,150,True,True,,,27480346
trajectory_17_trac_task_5ms_r1,trajectory_17,ca9065ec04392f64d1cce7cea6e6ae7ba224495be6a41fa0902e34ddeb925465,near_singular,trac_task_5ms,1,150,"[2.1369191868103536, 0.25626421705746927, 1.7066903334546386, -0.2229465464073862, 0.9240499189826179, 0.43592582302604443, -0.3475443071969706]",False,119,True,False,118,internal_nonconvergence+position_tolerance+orientation_tolerance,182892708
trajectory_30_trac_strict_20ms_r1,trajectory_30,f77f30aad07c01747cccac5f99de0454266b5b9453dc6357da97f2c8d2529cfc,high_curvature,trac_strict_20ms,1,150,"[-0.39310145848585587, -0.6845806395722984, -1.2736963660852803, -0.9229715773785083, -0.8930553735853004, 2.3149905873608216, 1.6893288223417833]",True,150,True,True,,,29000970
trajectory_03_trac_task_5ms_r1,trajectory_03,e928208c5cfa766679be750c366c336bdeb1caea1f8283ea513bc5392401481b,smooth,trac_task_5ms,1,150,"[0.08800023792878346, -0.7243631304519502, -1.0644025585873105, -1.6912192273227877, 0.5323392897106182, 1.5759703045285698, 0.9688872373949686]",True,150,True,True,,,27067682
trajectory_15_dls_strict_r0,trajectory_15,1742dca2b4e66648ef384a591bc48af258b7ccf01a3b1f0930d212a06b1f978c,near_singular,dls_strict,0,150,"[1.23879274147841, -0.24112841600403906, -0.3669134703897978, -0.3009569846322578, -0.09840834676273053, 1.5462253889755246, -1.157829171391544]",True,150,True,True,,,876003050
trajectory_35_trac_task_5ms_r2,trajectory_35,e7257c22abc9d850802582540365f4bc972868280e40708e45700776b6ad2aca,high_curvature,trac_task_5ms,2,150,"[-1.1784869165560794, -0.41420567401016906, 0.7736549798252395, -1.7484750155884423, -0.8774782440807752, 1.7201431087931345, -1.161308223083616]",True,150,True,True,,,28253430
trajectory_19_trac_task_5ms_r0,trajectory_19,9a94337fb5b3319c8ba9dcce20e827630b16d9a348f1f3aa8709c5d0df3406af,near_singular,trac_task_5ms,0,150,"[-0.03060445922038979, -0.3593492877060506, -1.2467035941951523, -0.126137630567838, 0.8699032398592739, 2.160835781962167, 0.24650263438720615]",True,150,True,True,,,29781836
trajectory_37_trac_strict_5ms_r0,trajectory_37,c27c85dfc1ac902402f2c27d5ecd007325d528654413acef4dab0af30af48583,high_curvature,trac_strict_5ms,0,150,"[-0.6274437144957354, 0.3078222635735559, 0.945096585024112, -2.0400645352277924, 0.6319408541590963, 1.7086604841095687, 0.06980067635767206]",True,150,True,True,,,27844091
trajectory_14_trac_task_5ms_r2,trajectory_14,4e626ba28da6a8d45d22f023c3732e2d796c83a0e74df2aa41168fe26f6dccab,near_singular,trac_task_5ms,2,150,"[-2.327317529874332, 0.28843825003694556, 2.0855301983360475, -0.7889771403739102, -2.6817228062679397, 2.5559366733107627, -1.2744275290899756]",False,115,True,False,115,internal_nonconvergence+position_tolerance,212386376
trajectory_06_trac_task_20ms_r1,trajectory_06,0c2a95a498c1bf13c2df4295db29a5367cf069e157e300d36211ce1951b2bf0e,smooth,trac_task_20ms,1,150,"[0.04879635360993188, 0.4722176505702096, -1.4167735850820002, -1.0592469194557286, -1.4030963489481403, 2.431844026251526, -1.5459525993409735]",True,150,True,True,,,27789913
trajectory_21_trac_strict_20ms_r1,trajectory_21,4afc296390cd2da8318a4ba9544aebe6e73de828b20fea6cbaeedda3bf7a189f,joint_limit_return,trac_strict_20ms,1,150,"[0.6383027055682345, 1.4607999999999999, 1.3891908132826067, -1.370218783454471, -0.470730268965795, 1.706755020082932, 0.09698989258391427]",True,150,True,True,,,27504909
trajectory_24_trac_strict_5ms_r2,trajectory_24,125d0ba81f8f99703f34ce79c430375e614edd8d7281141ad9df7e9828fed992,joint_limit_return,trac_strict_5ms,2,150,"[2.5953000000000004, 0.13956271326757885, 0.012917759794865924, -1.129547239807192, -0.17947528622231393, 2.5808292285913783, 1.268060620760703]",True,150,True,True,,,27765486
trajectory_28_dls_task_r0,trajectory_28,41c501982d64297056fe7d1239938d5f0fb508b8c32ed74b2b5c72d3bf1ddba1,joint_limit_return,dls_task,0,150,"[1.0002694865926336, -0.6952350165551249, -0.27533203313792715, -0.3718, 0.871667779279456, 2.582756878731669, 1.5950274657528718]",True,150,True,True,,,81386072
trajectory_13_trac_task_20ms_r2,trajectory_13,49e505b5dd8506da453322d27fabacda172e9baf611dd7b1ccac4b4220f68113,near_singular,trac_task_20ms,2,150,"[-0.5642432075369469, -0.15715193578438877, -2.1345451119679355, -0.7142783897493015, 1.3154620627371993, 2.589163366799795, -0.8723786480923549]",True,150,True,True,,,26328309
trajectory_02_trac_task_5ms_r1,trajectory_02,98b02d6a697ef616fb15325aca1f5748ceba5d966785b4f1677767ebff16420f,smooth,trac_task_5ms,1,150,"[0.056557153600618394, -0.4657534384121058, -1.1419831974705708, -1.4383966732452471, 1.331994761005881, 1.3188297469261385, 1.1179755468881623]",True,150,True,True,,,30824745
trajectory_22_trac_strict_5ms_r0,trajectory_22,166f9f9c01b7bdb7e23bb78eb834aa40e45e3eac2d5c263419996286861ad9dc,joint_limit_return,trac_strict_5ms,0,150,"[2.5953000000000004, -0.3393281371969309, 0.019766507731749983, -1.9773861498909304, -1.5773208606503901, 2.5071508027378084, -1.2995698575115116]",True,150,True,True,,,29024993
trajectory_29_dls_strict_r0,trajectory_29,16ab30a670ddc1bb59f64aa11421a7a95e2a13b391b17e7261a85fb14178c0bc,joint_limit_return,dls_strict,0,150,"[-1.2650513767980658, -0.43971291762964715, -1.3728146429403614, -1.7544168184300677, 0.3698512018232597, 3.4505000000000003, 0.05150820077903298]",True,150,True,True,,,181692044
trajectory_39_trac_task_20ms_r2,trajectory_39,380513eac133b886f7e375e39250059ba16f3133d3a5d3b8ff244470af2eb5ae,high_curvature,trac_task_20ms,2,150,"[-0.307114665759767, -0.09197021608207229, -0.14399381623305213, -1.4276557589841654, -0.748637356572919, 0.9586713226335238, 0.7436312353884212]",True,150,True,True,,,26630617
trajectory_08_trac_task_20ms_r1,trajectory_08,a74d26d3694c4e4d15b8817c29ef75a4bd43cb4d8d1ebf3ae4154e26d80ab4a4,smooth,trac_task_20ms,1,150,"[-1.462696734239917, -0.2789995870774813, 0.4845991838372743, -1.2110958349056624, -0.03164688393548826, 2.250389768298455, 1.3413988619998096]",True,150,True,True,,,26402262
trajectory_36_trac_strict_5ms_r0,trajectory_36,fd96ca4300b705b343cbde5bb7d97076acca0d187b1d78fc9094c6cac23b640b,high_curvature,trac_strict_5ms,0,150,"[0.40000408668931736, -0.48746864683241387, -0.584845899901387, -1.4547797451769853, -1.1073320862801925, 2.415286074104135, 0.5552344850418183]",True,150,True,True,,,27629885
trajectory_07_trac_task_5ms_r2,trajectory_07,cdb906e5ffe0888b5856461ef6bee1b8809232e928fd853beb25f1903a7d798a,smooth,trac_task_5ms,2,150,"[-1.5394992506035106, 0.6108787929871341, 0.9928113030330141, -2.067733972795519, -0.1098307781822299, 1.1059518538522677, 1.6698609544803817]",True,150,True,True,,,27064648
trajectory_22_dls_task_r0,trajectory_22,166f9f9c01b7bdb7e23bb78eb834aa40e45e3eac2d5c263419996286861ad9dc,joint_limit_return,dls_task,0,150,"[2.5953000000000004, -0.3393281371969309, 0.019766507731749983, -1.9773861498909304, -1.5773208606503901, 2.5071508027378084, -1.2995698575115116]",True,150,True,True,,,83891416
trajectory_23_dls_strict_r0,trajectory_23,703e80ee1a10cacc408a225bf4b9b1d1a8b7cd7c18ef82408fe61c8b6b1a1fa4,joint_limit_return,dls_strict,0,150,"[1.5552069472326666, -0.09386180337858052, 1.172032425903462, -1.5681437929380007, 0.6237919629324234, 1.433829794801732, 2.5953000000000004]",True,150,True,True,,,345757624
trajectory_19_trac_strict_20ms_r2,trajectory_19,9a94337fb5b3319c8ba9dcce20e827630b16d9a348f1f3aa8709c5d0df3406af,near_singular,trac_strict_20ms,2,150,"[-0.03060445922038979, -0.3593492877060506, -1.2467035941951523, -0.126137630567838, 0.8699032398592739, 2.160835781962167, 0.24650263438720615]",False,98,False,False,98,internal_nonconvergence+position_tolerance+orientation_tolerance,1091377112
trajectory_30_trac_task_5ms_r1,trajectory_30,f77f30aad07c01747cccac5f99de0454266b5b9453dc6357da97f2c8d2529cfc,high_curvature,trac_task_5ms,1,150,"[-0.39310145848585587, -0.6845806395722984, -1.2736963660852803, -0.9229715773785083, -0.8930553735853004, 2.3149905873608216, 1.6893288223417833]",True,150,True,True,,,27417397
trajectory_29_trac_task_5ms_r1,trajectory_29,16ab30a670ddc1bb59f64aa11421a7a95e2a13b391b17e7261a85fb14178c0bc,joint_limit_return,trac_task_5ms,1,150,"[-1.2650513767980658, -0.43971291762964715, -1.3728146429403614, -1.7544168184300677, 0.3698512018232597, 3.4505000000000003, 0.05150820077903298]",True,150,True,True,,,26143983
trajectory_37_trac_task_20ms_r2,trajectory_37,c27c85dfc1ac902402f2c27d5ecd007325d528654413acef4dab0af30af48583,high_curvature,trac_task_20ms,2,150,"[-0.6274437144957354, 0.3078222635735559, 0.945096585024112, -2.0400645352277924, 0.6319408541590963, 1.7086604841095687, 0.06980067635767206]",True,150,True,True,,,25805188
trajectory_24_dls_task_r0,trajectory_24,125d0ba81f8f99703f34ce79c430375e614edd8d7281141ad9df7e9828fed992,joint_limit_return,dls_task,0,150,"[2.5953000000000004, 0.13956271326757885, 0.012917759794865924, -1.129547239807192, -0.17947528622231393, 2.5808292285913783, 1.268060620760703]",True,150,True,True,,,81477151
trajectory_10_trac_strict_20ms_r0,trajectory_10,525ed23e41917cce27c978b0c676be43016f2541aa51a8185bbab7e6ce610192,near_singular,trac_strict_20ms,0,150,"[-1.011132834258865, 1.2328036941230358, 1.0828296380174245, -0.1764294550010968, 1.461251904355215, 1.5780051923310203, -2.420315024677472]",False,70,False,False,70,internal_nonconvergence+position_tolerance+orientation_tolerance,1650856841
trajectory_33_trac_task_20ms_r2,trajectory_33,8ffc69b10a990e9806b11a88aa9d56ad2edaf960a5dbd463eff00cf8c0b24859,high_curvature,trac_task_20ms,2,150,"[1.1325331407798795, -0.24168033549200896, 1.142004970794806, -1.6131923278761438, -0.5890204370403808, 2.139254897660019, 1.6872434359450823]",True,150,True,True,,,26550505
trajectory_30_trac_task_5ms_r0,trajectory_30,f77f30aad07c01747cccac5f99de0454266b5b9453dc6357da97f2c8d2529cfc,high_curvature,trac_task_5ms,0,150,"[-0.39310145848585587, -0.6845806395722984, -1.2736963660852803, -0.9229715773785083, -0.8930553735853004, 2.3149905873608216, 1.6893288223417833]",True,150,True,True,,,27052880
trajectory_36_trac_strict_20ms_r1,trajectory_36,fd96ca4300b705b343cbde5bb7d97076acca0d187b1d78fc9094c6cac23b640b,high_curvature,trac_strict_20ms,1,150,"[0.40000408668931736, -0.48746864683241387, -0.584845899901387, -1.4547797451769853, -1.1073320862801925, 2.415286074104135, 0.5552344850418183]",True,150,True,True,,,27826227
trajectory_16_trac_strict_5ms_r2,trajectory_16,40c3eae024871d71025c88c09b1bbffc1b50b311548d53112ed8d4118883654a,near_singular,trac_strict_5ms,2,150,"[-0.8330069728077155, 0.9059204298240433, -1.2848682345049904, -0.942479272733609, 1.2252181668764945, 3.752499, -2.3388414437479788]",True,150,True,True,,,26276978
trajectory_14_trac_strict_5ms_r0,trajectory_14,4e626ba28da6a8d45d22f023c3732e2d796c83a0e74df2aa41168fe26f6dccab,near_singular,trac_strict_5ms,0,150,"[-2.327317529874332, 0.28843825003694556, 2.0855301983360475, -0.7889771403739102, -2.6817228062679397, 2.5559366733107627, -1.2744275290899756]",False,113,True,False,113,internal_nonconvergence+position_tolerance,215235145
trajectory_32_trac_task_20ms_r1,trajectory_32,f786741c9f59d7d552811f1959141226fb4d169d5c149b34b1fb99edb7839b2c,high_curvature,trac_task_20ms,1,150,"[1.1885466475819153, 0.7842913650765752, -0.6632590565683685, -1.837449333650879, 0.35183789772108187, 2.7949832084733055, 1.0425923000714907]",True,150,True,True,,,35282713
trajectory_37_trac_strict_20ms_r2,trajectory_37,c27c85dfc1ac902402f2c27d5ecd007325d528654413acef4dab0af30af48583,high_curvature,trac_strict_20ms,2,150,"[-0.6274437144957354, 0.3078222635735559, 0.945096585024112, -2.0400645352277924, 0.6319408541590963, 1.7086604841095687, 0.06980067635767206]",True,150,True,True,,,29068236
trajectory_31_trac_task_20ms_r1,trajectory_31,b88225558b53c7528d4fc1a56455ceac395ea6a65306515006580362af026e1e,high_curvature,trac_task_20ms,1,150,"[0.7241810171763957, -0.3087602434544925, -0.09772781078700638, -1.9130376188154201, 1.101742620368236, 2.5937868082135385, -1.6068193266811197]",True,150,True,True,,,30313819
trajectory_06_dls_strict_r0,trajectory_06,0c2a95a498c1bf13c2df4295db29a5367cf069e157e300d36211ce1951b2bf0e,smooth,dls_strict,0,150,"[0.04879635360993188, 0.4722176505702096, -1.4167735850820002, -1.0592469194557286, -1.4030963489481403, 2.431844026251526, -1.5459525993409735]",True,150,True,True,,,149299588
trajectory_37_trac_task_5ms_r2,trajectory_37,c27c85dfc1ac902402f2c27d5ecd007325d528654413acef4dab0af30af48583,high_curvature,trac_task_5ms,2,150,"[-0.6274437144957354, 0.3078222635735559, 0.945096585024112, -2.0400645352277924, 0.6319408541590963, 1.7086604841095687, 0.06980067635767206]",True,150,True,True,,,28023798
trajectory_14_trac_task_20ms_r2,trajectory_14,4e626ba28da6a8d45d22f023c3732e2d796c83a0e74df2aa41168fe26f6dccab,near_singular,trac_task_20ms,2,150,"[-2.327317529874332, 0.28843825003694556, 2.0855301983360475, -0.7889771403739102, -2.6817228062679397, 2.5559366733107627, -1.2744275290899756]",False,115,False,False,115,internal_nonconvergence+position_tolerance,744847926
trajectory_32_trac_strict_20ms_r0,trajectory_32,f786741c9f59d7d552811f1959141226fb4d169d5c149b34b1fb99edb7839b2c,high_curvature,trac_strict_20ms,0,150,"[1.1885466475819153, 0.7842913650765752, -0.6632590565683685, -1.837449333650879, 0.35183789772108187, 2.7949832084733055, 1.0425923000714907]",True,150,True,True,,,30164178
trajectory_12_trac_task_5ms_r1,trajectory_12,ea5503530085a4b7fba1457389f090742de31c9aa6ebe8907aa867289b032370,near_singular,trac_task_5ms,1,150,"[0.8822446021518249, 0.32307848886988044, 1.1099170111061665, -0.5311475740193101, 1.6436929333293564, 3.0234363006954905, 2.1297500197666706]",True,150,True,True,,,37177280
trajectory_34_trac_strict_5ms_r2,trajectory_34,bb2d7133de7083285ff7ede00b959e62fc3bf5dc626bfa521b77361d0f3f759e,high_curvature,trac_strict_5ms,2,150,"[-1.1592058713003646, 0.1964021212531033, -0.5464022436655562, -1.1510687856947253, -1.2981413533683839, 1.8437018291450857, 1.1925764049191467]",True,150,True,True,,,29418269
trajectory_32_trac_strict_20ms_r1,trajectory_32,f786741c9f59d7d552811f1959141226fb4d169d5c149b34b1fb99edb7839b2c,high_curvature,trac_strict_20ms,1,150,"[1.1885466475819153, 0.7842913650765752, -0.6632590565683685, -1.837449333650879, 0.35183789772108187, 2.7949832084733055, 1.0425923000714907]",True,150,True,True,,,32093497
trajectory_13_trac_task_5ms_r0,trajectory_13,49e505b5dd8506da453322d27fabacda172e9baf611dd7b1ccac4b4220f68113,near_singular,trac_task_5ms,0,150,"[-0.5642432075369469, -0.15715193578438877, -2.1345451119679355, -0.7142783897493015, 1.3154620627371993, 2.589163366799795, -0.8723786480923549]",True,150,True,True,,,28742334
trajectory_29_trac_task_20ms_r1,trajectory_29,16ab30a670ddc1bb59f64aa11421a7a95e2a13b391b17e7261a85fb14178c0bc,joint_limit_return,trac_task_20ms,1,150,"[-1.2650513767980658, -0.43971291762964715, -1.3728146429403614, -1.7544168184300677, 0.3698512018232597, 3.4505000000000003, 0.05150820077903298]",True,150,True,True,,,29578006
trajectory_26_trac_strict_5ms_r1,trajectory_26,b47f91198895baa3999a406c9c32516cd3e78dd7e42a8bccccc4cd058a03020a,joint_limit_return,trac_strict_5ms,1,150,"[-1.2550342189217967, 0.8686761431733064, 0.2653256626716707, -0.6211012746516752, 2.5953000000000004, 2.9384634835047447, 0.6912608648491174]",False,68,True,False,68,internal_nonconvergence+position_tolerance+orientation_tolerance,447787249
trajectory_20_trac_strict_20ms_r2,trajectory_20,5560810f9d87891ba612f00a19811ec608860538b5dbf8f478a2cc168f4d1547,joint_limit_return,trac_strict_20ms,2,150,"[-0.22148567967826394, -0.6085874328213129, 1.3965318127137998, -1.7582177758063704, 2.5953000000000004, 1.8613505237616152, -1.399248123458735]",True,150,True,True,,,38169104
trajectory_18_dls_strict_r0,trajectory_18,c99e2c9b46eb1858a0dd2f525833e49b6f0b7c25001781f1b00044934372d935,near_singular,dls_strict,0,150,"[-1.5238361610017774, -1.3484634516894036, 1.547551062431669, -0.6383213619062299, -0.5574062353674284, 1.0866475237195234, -2.8075372986730716]",True,150,True,True,,,652482032
trajectory_16_dls_strict_r0,trajectory_16,40c3eae024871d71025c88c09b1bbffc1b50b311548d53112ed8d4118883654a,near_singular,dls_strict,0,150,"[-0.8330069728077155, 0.9059204298240433, -1.2848682345049904, -0.942479272733609, 1.2252181668764945, 3.752499, -2.3388414437479788]",True,150,True,True,,,896782274
trajectory_29_trac_task_5ms_r2,trajectory_29,16ab30a670ddc1bb59f64aa11421a7a95e2a13b391b17e7261a85fb14178c0bc,joint_limit_return,trac_task_5ms,2,150,"[-1.2650513767980658, -0.43971291762964715, -1.3728146429403614, -1.7544168184300677, 0.3698512018232597, 3.4505000000000003, 0.05150820077903298]",True,150,True,True,,,30453146
trajectory_38_trac_task_20ms_r1,trajectory_38,827f4c481262ed599d5a62ea92d72f83f9d2baecaa5e733c4c0018e796d573d5,high_curvature,trac_task_20ms,1,150,"[-0.536127060911361, -0.08141725730239946, 0.043470427836753756, -0.9476503459108423, 0.4437330072682833, 1.5864989045962217, 0.01054171868407297]",True,150,True,True,,,30898960
trajectory_03_trac_task_5ms_r2,trajectory_03,e928208c5cfa766679be750c366c336bdeb1caea1f8283ea513bc5392401481b,smooth,trac_task_5ms,2,150,"[0.08800023792878346, -0.7243631304519502, -1.0644025585873105, -1.6912192273227877, 0.5323392897106182, 1.5759703045285698, 0.9688872373949686]",True,150,True,True,,,74312828
trajectory_35_trac_strict_5ms_r0,trajectory_35,e7257c22abc9d850802582540365f4bc972868280e40708e45700776b6ad2aca,high_curvature,trac_strict_5ms,0,150,"[-1.1784869165560794, -0.41420567401016906, 0.7736549798252395, -1.7484750155884423, -0.8774782440807752, 1.7201431087931345, -1.161308223083616]",True,150,True,True,,,30720816
trajectory_33_dls_strict_r0,trajectory_33,8ffc69b10a990e9806b11a88aa9d56ad2edaf960a5dbd463eff00cf8c0b24859,high_curvature,dls_strict,0,150,"[1.1325331407798795, -0.24168033549200896, 1.142004970794806, -1.6131923278761438, -0.5890204370403808, 2.139254897660019, 1.6872434359450823]",True,150,True,True,,,202643623
trajectory_11_dls_strict_r0,trajectory_11,d8e06950cec2579c739f7f6d3dbb3628755dfd76be5740fad3bec38b4ef94cc6,near_singular,dls_strict,0,150,"[0.7392426362897311, -0.4541309806557701, 0.33920593071132676, -0.7226118979205809, 0.42217218197389644, 1.706232479295894, 1.7255318152236154]",True,150,True,True,,,572936360
trajectory_08_trac_task_5ms_r2,trajectory_08,a74d26d3694c4e4d15b8817c29ef75a4bd43cb4d8d1ebf3ae4154e26d80ab4a4,smooth,trac_task_5ms,2,150,"[-1.462696734239917, -0.2789995870774813, 0.4845991838372743, -1.2110958349056624, -0.03164688393548826, 2.250389768298455, 1.3413988619998096]",True,150,True,True,,,32883486
trajectory_19_trac_strict_20ms_r1,trajectory_19,9a94337fb5b3319c8ba9dcce20e827630b16d9a348f1f3aa8709c5d0df3406af,near_singular,trac_strict_20ms,1,150,"[-0.03060445922038979, -0.3593492877060506, -1.2467035941951523, -0.126137630567838, 0.8699032398592739, 2.160835781962167, 0.24650263438720615]",False,98,False,False,98,internal_nonconvergence+position_tolerance+orientation_tolerance,1093129546
trajectory_13_trac_task_5ms_r1,trajectory_13,49e505b5dd8506da453322d27fabacda172e9baf611dd7b1ccac4b4220f68113,near_singular,trac_task_5ms,1,150,"[-0.5642432075369469, -0.15715193578438877, -2.1345451119679355, -0.7142783897493015, 1.3154620627371993, 2.589163366799795, -0.8723786480923549]",True,150,True,True,,,31175996
trajectory_15_trac_task_5ms_r2,trajectory_15,1742dca2b4e66648ef384a591bc48af258b7ccf01a3b1f0930d212a06b1f978c,near_singular,trac_task_5ms,2,150,"[1.23879274147841, -0.24112841600403906, -0.3669134703897978, -0.3009569846322578, -0.09840834676273053, 1.5462253889755246, -1.157829171391544]",True,150,True,True,,,31304850
trajectory_04_trac_task_5ms_r1,trajectory_04,ea5e2ac9bfe24625cf9368e4931dfe5a7f878c028b94ce7ca271455c05bad4e6,smooth,trac_task_5ms,1,150,"[0.8764503189741217, 0.2484545572474624, 0.9858623530365795, -0.9168201917228007, 0.7620304348171548, 0.7162060872997005, 0.4674653348124861]",True,150,True,True,,,30639956
trajectory_06_trac_strict_5ms_r1,trajectory_06,0c2a95a498c1bf13c2df4295db29a5367cf069e157e300d36211ce1951b2bf0e,smooth,trac_strict_5ms,1,150,"[0.04879635360993188, 0.4722176505702096, -1.4167735850820002, -1.0592469194557286, -1.4030963489481403, 2.431844026251526, -1.5459525993409735]",True,150,True,True,,,32644056
trajectory_14_dls_strict_r0,trajectory_14,4e626ba28da6a8d45d22f023c3732e2d796c83a0e74df2aa41168fe26f6dccab,near_singular,dls_strict,0,150,"[-2.327317529874332, 0.28843825003694556, 2.0855301983360475, -0.7889771403739102, -2.6817228062679397, 2.5559366733107627, -1.2744275290899756]",True,150,True,True,,,1078738681
trajectory_28_trac_strict_20ms_r2,trajectory_28,41c501982d64297056fe7d1239938d5f0fb508b8c32ed74b2b5c72d3bf1ddba1,joint_limit_return,trac_strict_20ms,2,150,"[1.0002694865926336, -0.6952350165551249, -0.27533203313792715, -0.3718, 0.871667779279456, 2.582756878731669, 1.5950274657528718]",True,150,True,True,,,32468417
trajectory_04_trac_task_20ms_r1,trajectory_04,ea5e2ac9bfe24625cf9368e4931dfe5a7f878c028b94ce7ca271455c05bad4e6,smooth,trac_task_20ms,1,150,"[0.8764503189741217, 0.2484545572474624, 0.9858623530365795, -0.9168201917228007, 0.7620304348171548, 0.7162060872997005, 0.4674653348124861]",True,150,True,True,,,30585110
trajectory_09_dls_strict_r0,trajectory_09,6b43e53a09d43b068012e38e4082dc1a83a7da4ac12d3b1a7c10621fab8498a4,smooth,dls_strict,0,150,"[-0.8367052668124645, -0.3490568543459072, 0.3621738339902801, -1.736849667613814, 0.3776862381049445, 0.9048085081579296, 0.8919601144745188]",True,150,True,True,,,140308537
trajectory_15_trac_strict_20ms_r2,trajectory_15,1742dca2b4e66648ef384a591bc48af258b7ccf01a3b1f0930d212a06b1f978c,near_singular,trac_strict_20ms,2,150,"[1.23879274147841, -0.24112841600403906, -0.3669134703897978, -0.3009569846322578, -0.09840834676273053, 1.5462253889755246, -1.157829171391544]",True,150,True,True,,,36077037
trajectory_31_trac_strict_5ms_r0,trajectory_31,b88225558b53c7528d4fc1a56455ceac395ea6a65306515006580362af026e1e,high_curvature,trac_strict_5ms,0,150,"[0.7241810171763957, -0.3087602434544925, -0.09772781078700638, -1.9130376188154201, 1.101742620368236, 2.5937868082135385, -1.6068193266811197]",True,150,True,True,,,32700586
trajectory_06_trac_task_20ms_r0,trajectory_06,0c2a95a498c1bf13c2df4295db29a5367cf069e157e300d36211ce1951b2bf0e,smooth,trac_task_20ms,0,150,"[0.04879635360993188, 0.4722176505702096, -1.4167735850820002, -1.0592469194557286, -1.4030963489481403, 2.431844026251526, -1.5459525993409735]",True,150,True,True,,,32339101
trajectory_03_trac_strict_20ms_r0,trajectory_03,e928208c5cfa766679be750c366c336bdeb1caea1f8283ea513bc5392401481b,smooth,trac_strict_20ms,0,150,"[0.08800023792878346, -0.7243631304519502, -1.0644025585873105, -1.6912192273227877, 0.5323392897106182, 1.5759703045285698, 0.9688872373949686]",True,150,True,True,,,33199824
trajectory_06_trac_task_5ms_r2,trajectory_06,0c2a95a498c1bf13c2df4295db29a5367cf069e157e300d36211ce1951b2bf0e,smooth,trac_task_5ms,2,150,"[0.04879635360993188, 0.4722176505702096, -1.4167735850820002, -1.0592469194557286, -1.4030963489481403, 2.431844026251526, -1.5459525993409735]",True,150,True,True,,,33559058
trajectory_10_trac_task_5ms_r0,trajectory_10,525ed23e41917cce27c978b0c676be43016f2541aa51a8185bbab7e6ce610192,near_singular,trac_task_5ms,0,150,"[-1.011132834258865, 1.2328036941230358, 1.0828296380174245, -0.1764294550010968, 1.461251904355215, 1.5780051923310203, -2.420315024677472]",True,150,True,True,,,30138790
trajectory_25_trac_strict_20ms_r0,trajectory_25,6f61a4f090c2631561aee85944d25bbb3ec9ae75f330ddc67dd8f755fa60ea51,joint_limit_return,trac_strict_20ms,0,150,"[-1.68136092204677, -0.28323103047534404, -0.8589129683281165, -1.9157352916331027, 2.5953000000000004, 1.7085843453390148, 0.4930637350679936]",True,150,True,True,,,36741539
trajectory_25_trac_task_20ms_r0,trajectory_25,6f61a4f090c2631561aee85944d25bbb3ec9ae75f330ddc67dd8f755fa60ea51,joint_limit_return,trac_task_20ms,0,150,"[-1.68136092204677, -0.28323103047534404, -0.8589129683281165, -1.9157352916331027, 2.5953000000000004, 1.7085843453390148, 0.4930637350679936]",True,150,True,True,,,31785884
trajectory_02_trac_strict_20ms_r0,trajectory_02,98b02d6a697ef616fb15325aca1f5748ceba5d966785b4f1677767ebff16420f,smooth,trac_strict_20ms,0,150,"[0.056557153600618394, -0.4657534384121058, -1.1419831974705708, -1.4383966732452471, 1.331994761005881, 1.3188297469261385, 1.1179755468881623]",True,150,True,True,,,36414472
trajectory_28_trac_task_20ms_r1,trajectory_28,41c501982d64297056fe7d1239938d5f0fb508b8c32ed74b2b5c72d3bf1ddba1,joint_limit_return,trac_task_20ms,1,150,"[1.0002694865926336, -0.6952350165551249, -0.27533203313792715, -0.3718, 0.871667779279456, 2.582756878731669, 1.5950274657528718]",True,150,True,True,,,32765925
trajectory_39_trac_task_5ms_r1,trajectory_39,380513eac133b886f7e375e39250059ba16f3133d3a5d3b8ff244470af2eb5ae,high_curvature,trac_task_5ms,1,150,"[-0.307114665759767, -0.09197021608207229, -0.14399381623305213, -1.4276557589841654, -0.748637356572919, 0.9586713226335238, 0.7436312353884212]",True,150,True,True,,,30963385
trajectory_23_trac_task_20ms_r1,trajectory_23,703e80ee1a10cacc408a225bf4b9b1d1a8b7cd7c18ef82408fe61c8b6b1a1fa4,joint_limit_return,trac_task_20ms,1,150,"[1.5552069472326666, -0.09386180337858052, 1.172032425903462, -1.5681437929380007, 0.6237919629324234, 1.433829794801732, 2.5953000000000004]",True,150,True,True,,,36091700
trajectory_24_trac_strict_5ms_r1,trajectory_24,125d0ba81f8f99703f34ce79c430375e614edd8d7281141ad9df7e9828fed992,joint_limit_return,trac_strict_5ms,1,150,"[2.5953000000000004, 0.13956271326757885, 0.012917759794865924, -1.129547239807192, -0.17947528622231393, 2.5808292285913783, 1.268060620760703]",True,150,True,True,,,31306941
trajectory_15_trac_task_20ms_r0,trajectory_15,1742dca2b4e66648ef384a591bc48af258b7ccf01a3b1f0930d212a06b1f978c,near_singular,trac_task_20ms,0,150,"[1.23879274147841, -0.24112841600403906, -0.3669134703897978, -0.3009569846322578, -0.09840834676273053, 1.5462253889755246, -1.157829171391544]",True,150,True,True,,,34727158
trajectory_27_trac_strict_5ms_r0,trajectory_27,62749969a81aa229bd98bbc6a77941b40960bf5ae0886a5dfe36f5eff62e5c1c,joint_limit_return,trac_strict_5ms,0,150,"[0.11013187782707023, 0.08261373920335854, 0.2680269950055522, -1.4842978898814214, -0.8055537512624422, 3.4505000000000003, -0.21451778603021388]",True,150,True,True,,,30587391
trajectory_31_trac_strict_5ms_r2,trajectory_31,b88225558b53c7528d4fc1a56455ceac395ea6a65306515006580362af026e1e,high_curvature,trac_strict_5ms,2,150,"[0.7241810171763957, -0.3087602434544925, -0.09772781078700638, -1.9130376188154201, 1.101742620368236, 2.5937868082135385, -1.6068193266811197]",True,150,True,True,,,34450230
trajectory_12_trac_strict_5ms_r1,trajectory_12,ea5503530085a4b7fba1457389f090742de31c9aa6ebe8907aa867289b032370,near_singular,trac_strict_5ms,1,150,"[0.8822446021518249, 0.32307848886988044, 1.1099170111061665, -0.5311475740193101, 1.6436929333293564, 3.0234363006954905, 2.1297500197666706]",False,76,True,False,76,internal_nonconvergence+position_tolerance+orientation_tolerance,409199215
trajectory_36_trac_task_5ms_r2,trajectory_36,fd96ca4300b705b343cbde5bb7d97076acca0d187b1d78fc9094c6cac23b640b,high_curvature,trac_task_5ms,2,150,"[0.40000408668931736, -0.48746864683241387, -0.584845899901387, -1.4547797451769853, -1.1073320862801925, 2.415286074104135, 0.5552344850418183]",True,150,True,True,,,28909149
trajectory_05_trac_task_20ms_r0,trajectory_05,972b6c7f62ad2d88a1171405175e002fe4dad516aaa6300e4c090613265f4592,smooth,trac_task_20ms,0,150,"[-0.9892198445653801, 0.2872736026545637, 1.0138596631306713, -1.6464611733727983, 0.3087200674841857, 2.593075401037617, 1.3721903607232058]",True,150,True,True,,,33539775
trajectory_27_trac_strict_20ms_r0,trajectory_27,62749969a81aa229bd98bbc6a77941b40960bf5ae0886a5dfe36f5eff62e5c1c,joint_limit_return,trac_strict_20ms,0,150,"[0.11013187782707023, 0.08261373920335854, 0.2680269950055522, -1.4842978898814214, -0.8055537512624422, 3.4505000000000003, -0.21451778603021388]",True,150,True,True,,,33407135
trajectory_02_trac_strict_20ms_r2,trajectory_02,98b02d6a697ef616fb15325aca1f5748ceba5d966785b4f1677767ebff16420f,smooth,trac_strict_20ms,2,150,"[0.056557153600618394, -0.4657534384121058, -1.1419831974705708, -1.4383966732452471, 1.331994761005881, 1.3188297469261385, 1.1179755468881623]",True,150,True,True,,,35234249
trajectory_05_dls_task_r0,trajectory_05,972b6c7f62ad2d88a1171405175e002fe4dad516aaa6300e4c090613265f4592,smooth,dls_task,0,150,"[-0.9892198445653801, 0.2872736026545637, 1.0138596631306713, -1.6464611733727983, 0.3087200674841857, 2.593075401037617, 1.3721903607232058]",True,150,True,True,,,89306714
trajectory_36_trac_strict_5ms_r1,trajectory_36,fd96ca4300b705b343cbde5bb7d97076acca0d187b1d78fc9094c6cac23b640b,high_curvature,trac_strict_5ms,1,150,"[0.40000408668931736, -0.48746864683241387, -0.584845899901387, -1.4547797451769853, -1.1073320862801925, 2.415286074104135, 0.5552344850418183]",True,150,True,True,,,31572728
trajectory_39_trac_task_5ms_r2,trajectory_39,380513eac133b886f7e375e39250059ba16f3133d3a5d3b8ff244470af2eb5ae,high_curvature,trac_task_5ms,2,150,"[-0.307114665759767, -0.09197021608207229, -0.14399381623305213, -1.4276557589841654, -0.748637356572919, 0.9586713226335238, 0.7436312353884212]",True,150,True,True,,,30234549
trajectory_09_trac_strict_20ms_r2,trajectory_09,6b43e53a09d43b068012e38e4082dc1a83a7da4ac12d3b1a7c10621fab8498a4,smooth,trac_strict_20ms,2,150,"[-0.8367052668124645, -0.3490568543459072, 0.3621738339902801, -1.736849667613814, 0.3776862381049445, 0.9048085081579296, 0.8919601144745188]",True,150,True,True,,,31443060
trajectory_36_trac_task_20ms_r0,trajectory_36,fd96ca4300b705b343cbde5bb7d97076acca0d187b1d78fc9094c6cac23b640b,high_curvature,trac_task_20ms,0,150,"[0.40000408668931736, -0.48746864683241387, -0.584845899901387, -1.4547797451769853, -1.1073320862801925, 2.415286074104135, 0.5552344850418183]",True,150,True,True,,,31391335
trajectory_25_trac_strict_20ms_r1,trajectory_25,6f61a4f090c2631561aee85944d25bbb3ec9ae75f330ddc67dd8f755fa60ea51,joint_limit_return,trac_strict_20ms,1,150,"[-1.68136092204677, -0.28323103047534404, -0.8589129683281165, -1.9157352916331027, 2.5953000000000004, 1.7085843453390148, 0.4930637350679936]",True,150,True,True,,,31354274
trajectory_28_trac_task_20ms_r0,trajectory_28,41c501982d64297056fe7d1239938d5f0fb508b8c32ed74b2b5c72d3bf1ddba1,joint_limit_return,trac_task_20ms,0,150,"[1.0002694865926336, -0.6952350165551249, -0.27533203313792715, -0.3718, 0.871667779279456, 2.582756878731669, 1.5950274657528718]",True,150,True,True,,,36986052
trajectory_04_trac_strict_20ms_r0,trajectory_04,ea5e2ac9bfe24625cf9368e4931dfe5a7f878c028b94ce7ca271455c05bad4e6,smooth,trac_strict_20ms,0,150,"[0.8764503189741217, 0.2484545572474624, 0.9858623530365795, -0.9168201917228007, 0.7620304348171548, 0.7162060872997005, 0.4674653348124861]",True,150,True,True,,,32035998
trajectory_34_trac_strict_20ms_r1,trajectory_34,bb2d7133de7083285ff7ede00b959e62fc3bf5dc626bfa521b77361d0f3f759e,high_curvature,trac_strict_20ms,1,150,"[-1.1592058713003646, 0.1964021212531033, -0.5464022436655562, -1.1510687856947253, -1.2981413533683839, 1.8437018291450857, 1.1925764049191467]",True,150,True,True,,,35938105
trajectory_16_trac_task_20ms_r1,trajectory_16,40c3eae024871d71025c88c09b1bbffc1b50b311548d53112ed8d4118883654a,near_singular,trac_task_20ms,1,150,"[-0.8330069728077155, 0.9059204298240433, -1.2848682345049904, -0.942479272733609, 1.2252181668764945, 3.752499, -2.3388414437479788]",True,150,True,True,,,32801662
trajectory_19_dls_strict_r0,trajectory_19,9a94337fb5b3319c8ba9dcce20e827630b16d9a348f1f3aa8709c5d0df3406af,near_singular,dls_strict,0,150,"[-0.03060445922038979, -0.3593492877060506, -1.2467035941951523, -0.126137630567838, 0.8699032398592739, 2.160835781962167, 0.24650263438720615]",True,150,True,True,,,1008263116
trajectory_14_trac_task_20ms_r1,trajectory_14,4e626ba28da6a8d45d22f023c3732e2d796c83a0e74df2aa41168fe26f6dccab,near_singular,trac_task_20ms,1,150,"[-2.327317529874332, 0.28843825003694556, 2.0855301983360475, -0.7889771403739102, -2.6817228062679397, 2.5559366733107627, -1.2744275290899756]",False,116,False,False,116,internal_nonconvergence+position_tolerance,740257066
trajectory_12_trac_task_5ms_r2,trajectory_12,ea5503530085a4b7fba1457389f090742de31c9aa6ebe8907aa867289b032370,near_singular,trac_task_5ms,2,150,"[0.8822446021518249, 0.32307848886988044, 1.1099170111061665, -0.5311475740193101, 1.6436929333293564, 3.0234363006954905, 2.1297500197666706]",True,150,True,True,,,36030682
trajectory_05_trac_strict_20ms_r1,trajectory_05,972b6c7f62ad2d88a1171405175e002fe4dad516aaa6300e4c090613265f4592,smooth,trac_strict_20ms,1,150,"[-0.9892198445653801, 0.2872736026545637, 1.0138596631306713, -1.6464611733727983, 0.3087200674841857, 2.593075401037617, 1.3721903607232058]",True,150,True,True,,,34081784
trajectory_04_trac_task_20ms_r2,trajectory_04,ea5e2ac9bfe24625cf9368e4931dfe5a7f878c028b94ce7ca271455c05bad4e6,smooth,trac_task_20ms,2,150,"[0.8764503189741217, 0.2484545572474624, 0.9858623530365795, -0.9168201917228007, 0.7620304348171548, 0.7162060872997005, 0.4674653348124861]",True,150,True,True,,,32213831
trajectory_35_trac_task_20ms_r0,trajectory_35,e7257c22abc9d850802582540365f4bc972868280e40708e45700776b6ad2aca,high_curvature,trac_task_20ms,0,150,"[-1.1784869165560794, -0.41420567401016906, 0.7736549798252395, -1.7484750155884423, -0.8774782440807752, 1.7201431087931345, -1.161308223083616]",True,150,True,True,,,30177166
trajectory_15_dls_task_r0,trajectory_15,1742dca2b4e66648ef384a591bc48af258b7ccf01a3b1f0930d212a06b1f978c,near_singular,dls_task,0,150,"[1.23879274147841, -0.24112841600403906, -0.3669134703897978, -0.3009569846322578, -0.09840834676273053, 1.5462253889755246, -1.157829171391544]",True,150,True,True,,,87104606
trajectory_06_trac_strict_20ms_r0,trajectory_06,0c2a95a498c1bf13c2df4295db29a5367cf069e157e300d36211ce1951b2bf0e,smooth,trac_strict_20ms,0,150,"[0.04879635360993188, 0.4722176505702096, -1.4167735850820002, -1.0592469194557286, -1.4030963489481403, 2.431844026251526, -1.5459525993409735]",True,150,True,True,,,35951779
trajectory_23_trac_task_20ms_r2,trajectory_23,703e80ee1a10cacc408a225bf4b9b1d1a8b7cd7c18ef82408fe61c8b6b1a1fa4,joint_limit_return,trac_task_20ms,2,150,"[1.5552069472326666, -0.09386180337858052, 1.172032425903462, -1.5681437929380007, 0.6237919629324234, 1.433829794801732, 2.5953000000000004]",True,150,True,True,,,36505347
trajectory_04_trac_strict_20ms_r2,trajectory_04,ea5e2ac9bfe24625cf9368e4931dfe5a7f878c028b94ce7ca271455c05bad4e6,smooth,trac_strict_20ms,2,150,"[0.8764503189741217, 0.2484545572474624, 0.9858623530365795, -0.9168201917228007, 0.7620304348171548, 0.7162060872997005, 0.4674653348124861]",True,150,True,True,,,33644300
trajectory_36_trac_task_20ms_r1,trajectory_36,fd96ca4300b705b343cbde5bb7d97076acca0d187b1d78fc9094c6cac23b640b,high_curvature,trac_task_20ms,1,150,"[0.40000408668931736, -0.48746864683241387, -0.584845899901387, -1.4547797451769853, -1.1073320862801925, 2.415286074104135, 0.5552344850418183]",True,150,True,True,,,34082041
trajectory_06_trac_task_20ms_r2,trajectory_06,0c2a95a498c1bf13c2df4295db29a5367cf069e157e300d36211ce1951b2bf0e,smooth,trac_task_20ms,2,150,"[0.04879635360993188, 0.4722176505702096, -1.4167735850820002, -1.0592469194557286, -1.4030963489481403, 2.431844026251526, -1.5459525993409735]",True,150,True,True,,,34057152
trajectory_10_trac_strict_5ms_r0,trajectory_10,525ed23e41917cce27c978b0c676be43016f2541aa51a8185bbab7e6ce610192,near_singular,trac_strict_5ms,0,150,"[-1.011132834258865, 1.2328036941230358, 1.0828296380174245, -0.1764294550010968, 1.461251904355215, 1.5780051923310203, -2.420315024677472]",False,70,True,False,70,internal_nonconvergence+position_tolerance+orientation_tolerance,438171070
trajectory_10_trac_task_5ms_r1,trajectory_10,525ed23e41917cce27c978b0c676be43016f2541aa51a8185bbab7e6ce610192,near_singular,trac_task_5ms,1,150,"[-1.011132834258865, 1.2328036941230358, 1.0828296380174245, -0.1764294550010968, 1.461251904355215, 1.5780051923310203, -2.420315024677472]",True,150,True,True,,,29705202
trajectory_21_trac_task_5ms_r1,trajectory_21,4afc296390cd2da8318a4ba9544aebe6e73de828b20fea6cbaeedda3bf7a189f,joint_limit_return,trac_task_5ms,1,150,"[0.6383027055682345, 1.4607999999999999, 1.3891908132826067, -1.370218783454471, -0.470730268965795, 1.706755020082932, 0.09698989258391427]",True,150,True,True,,,31614146
trajectory_22_trac_task_5ms_r0,trajectory_22,166f9f9c01b7bdb7e23bb78eb834aa40e45e3eac2d5c263419996286861ad9dc,joint_limit_return,trac_task_5ms,0,150,"[2.5953000000000004, -0.3393281371969309, 0.019766507731749983, -1.9773861498909304, -1.5773208606503901, 2.5071508027378084, -1.2995698575115116]",True,150,True,True,,,34173556
trajectory_33_trac_task_5ms_r1,trajectory_33,8ffc69b10a990e9806b11a88aa9d56ad2edaf960a5dbd463eff00cf8c0b24859,high_curvature,trac_task_5ms,1,150,"[1.1325331407798795, -0.24168033549200896, 1.142004970794806, -1.6131923278761438, -0.5890204370403808, 2.139254897660019, 1.6872434359450823]",True,150,True,True,,,34665571
trajectory_35_dls_task_r0,trajectory_35,e7257c22abc9d850802582540365f4bc972868280e40708e45700776b6ad2aca,high_curvature,dls_task,0,150,"[-1.1784869165560794, -0.41420567401016906, 0.7736549798252395, -1.7484750155884423, -0.8774782440807752, 1.7201431087931345, -1.161308223083616]",True,150,True,True,,,106157135
trajectory_21_trac_task_20ms_r1,trajectory_21,4afc296390cd2da8318a4ba9544aebe6e73de828b20fea6cbaeedda3bf7a189f,joint_limit_return,trac_task_20ms,1,150,"[0.6383027055682345, 1.4607999999999999, 1.3891908132826067, -1.370218783454471, -0.470730268965795, 1.706755020082932, 0.09698989258391427]",True,150,True,True,,,31370249
trajectory_03_trac_task_20ms_r0,trajectory_03,e928208c5cfa766679be750c366c336bdeb1caea1f8283ea513bc5392401481b,smooth,trac_task_20ms,0,150,"[0.08800023792878346, -0.7243631304519502, -1.0644025585873105, -1.6912192273227877, 0.5323392897106182, 1.5759703045285698, 0.9688872373949686]",True,150,True,True,,,32066035
trajectory_31_trac_task_5ms_r0,trajectory_31,b88225558b53c7528d4fc1a56455ceac395ea6a65306515006580362af026e1e,high_curvature,trac_task_5ms,0,150,"[0.7241810171763957, -0.3087602434544925, -0.09772781078700638, -1.9130376188154201, 1.101742620368236, 2.5937868082135385, -1.6068193266811197]",True,150,True,True,,,34619540
trajectory_18_trac_task_5ms_r2,trajectory_18,c99e2c9b46eb1858a0dd2f525833e49b6f0b7c25001781f1b00044934372d935,near_singular,trac_task_5ms,2,150,"[-1.5238361610017774, -1.3484634516894036, 1.547551062431669, -0.6383213619062299, -0.5574062353674284, 1.0866475237195234, -2.8075372986730716]",True,150,True,True,,,29033002
trajectory_22_trac_strict_20ms_r0,trajectory_22,166f9f9c01b7bdb7e23bb78eb834aa40e45e3eac2d5c263419996286861ad9dc,joint_limit_return,trac_strict_20ms,0,150,"[2.5953000000000004, -0.3393281371969309, 0.019766507731749983, -1.9773861498909304, -1.5773208606503901, 2.5071508027378084, -1.2995698575115116]",True,150,True,True,,,34275288
trajectory_26_trac_strict_20ms_r0,trajectory_26,b47f91198895baa3999a406c9c32516cd3e78dd7e42a8bccccc4cd058a03020a,joint_limit_return,trac_strict_20ms,0,150,"[-1.2550342189217967, 0.8686761431733064, 0.2653256626716707, -0.6211012746516752, 2.5953000000000004, 2.9384634835047447, 0.6912608648491174]",False,68,False,False,68,internal_nonconvergence+position_tolerance+orientation_tolerance,1694206460
trajectory_24_trac_task_5ms_r0,trajectory_24,125d0ba81f8f99703f34ce79c430375e614edd8d7281141ad9df7e9828fed992,joint_limit_return,trac_task_5ms,0,150,"[2.5953000000000004, 0.13956271326757885, 0.012917759794865924, -1.129547239807192, -0.17947528622231393, 2.5808292285913783, 1.268060620760703]",True,150,True,True,,,31996622
trajectory_28_trac_task_5ms_r2,trajectory_28,41c501982d64297056fe7d1239938d5f0fb508b8c32ed74b2b5c72d3bf1ddba1,joint_limit_return,trac_task_5ms,2,150,"[1.0002694865926336, -0.6952350165551249, -0.27533203313792715, -0.3718, 0.871667779279456, 2.582756878731669, 1.5950274657528718]",True,150,True,True,,,33902109
trajectory_04_trac_strict_20ms_r1,trajectory_04,ea5e2ac9bfe24625cf9368e4931dfe5a7f878c028b94ce7ca271455c05bad4e6,smooth,trac_strict_20ms,1,150,"[0.8764503189741217, 0.2484545572474624, 0.9858623530365795, -0.9168201917228007, 0.7620304348171548, 0.7162060872997005, 0.4674653348124861]",True,150,True,True,,,34816775
trajectory_13_trac_strict_5ms_r0,trajectory_13,49e505b5dd8506da453322d27fabacda172e9baf611dd7b1ccac4b4220f68113,near_singular,trac_strict_5ms,0,150,"[-0.5642432075369469, -0.15715193578438877, -2.1345451119679355, -0.7142783897493015, 1.3154620627371993, 2.589163366799795, -0.8723786480923549]",True,150,True,True,,,30493856
trajectory_31_trac_strict_20ms_r2,trajectory_31,b88225558b53c7528d4fc1a56455ceac395ea6a65306515006580362af026e1e,high_curvature,trac_strict_20ms,2,150,"[0.7241810171763957, -0.3087602434544925, -0.09772781078700638, -1.9130376188154201, 1.101742620368236, 2.5937868082135385, -1.6068193266811197]",True,150,True,True,,,32382332
trajectory_09_trac_strict_5ms_r0,trajectory_09,6b43e53a09d43b068012e38e4082dc1a83a7da4ac12d3b1a7c10621fab8498a4,smooth,trac_strict_5ms,0,150,"[-0.8367052668124645, -0.3490568543459072, 0.3621738339902801, -1.736849667613814, 0.3776862381049445, 0.9048085081579296, 0.8919601144745188]",True,150,True,True,,,33447319
trajectory_15_trac_strict_20ms_r0,trajectory_15,1742dca2b4e66648ef384a591bc48af258b7ccf01a3b1f0930d212a06b1f978c,near_singular,trac_strict_20ms,0,150,"[1.23879274147841, -0.24112841600403906, -0.3669134703897978, -0.3009569846322578, -0.09840834676273053, 1.5462253889755246, -1.157829171391544]",True,150,True,True,,,36329015
trajectory_27_trac_task_5ms_r1,trajectory_27,62749969a81aa229bd98bbc6a77941b40960bf5ae0886a5dfe36f5eff62e5c1c,joint_limit_return,trac_task_5ms,1,150,"[0.11013187782707023, 0.08261373920335854, 0.2680269950055522, -1.4842978898814214, -0.8055537512624422, 3.4505000000000003, -0.21451778603021388]",True,150,True,True,,,31587616
trajectory_33_trac_strict_5ms_r0,trajectory_33,8ffc69b10a990e9806b11a88aa9d56ad2edaf960a5dbd463eff00cf8c0b24859,high_curvature,trac_strict_5ms,0,150,"[1.1325331407798795, -0.24168033549200896, 1.142004970794806, -1.6131923278761438, -0.5890204370403808, 2.139254897660019, 1.6872434359450823]",True,150,True,True,,,34202965
trajectory_17_trac_task_20ms_r1,trajectory_17,ca9065ec04392f64d1cce7cea6e6ae7ba224495be6a41fa0902e34ddeb925465,near_singular,trac_task_20ms,1,150,"[2.1369191868103536, 0.25626421705746927, 1.7066903334546386, -0.2229465464073862, 0.9240499189826179, 0.43592582302604443, -0.3475443071969706]",False,119,False,False,118,internal_nonconvergence+position_tolerance+orientation_tolerance,658718276
trajectory_22_trac_strict_5ms_r2,trajectory_22,166f9f9c01b7bdb7e23bb78eb834aa40e45e3eac2d5c263419996286861ad9dc,joint_limit_return,trac_strict_5ms,2,150,"[2.5953000000000004, -0.3393281371969309, 0.019766507731749983, -1.9773861498909304, -1.5773208606503901, 2.5071508027378084, -1.2995698575115116]",True,150,True,True,,,32919115
trajectory_05_dls_strict_r0,trajectory_05,972b6c7f62ad2d88a1171405175e002fe4dad516aaa6300e4c090613265f4592,smooth,dls_strict,0,150,"[-0.9892198445653801, 0.2872736026545637, 1.0138596631306713, -1.6464611733727983, 0.3087200674841857, 2.593075401037617, 1.3721903607232058]",True,150,True,True,,,170365655
trajectory_39_trac_strict_20ms_r2,trajectory_39,380513eac133b886f7e375e39250059ba16f3133d3a5d3b8ff244470af2eb5ae,high_curvature,trac_strict_20ms,2,150,"[-0.307114665759767, -0.09197021608207229, -0.14399381623305213, -1.4276557589841654, -0.748637356572919, 0.9586713226335238, 0.7436312353884212]",True,150,True,True,,,35300412
trajectory_08_trac_task_20ms_r2,trajectory_08,a74d26d3694c4e4d15b8817c29ef75a4bd43cb4d8d1ebf3ae4154e26d80ab4a4,smooth,trac_task_20ms,2,150,"[-1.462696734239917, -0.2789995870774813, 0.4845991838372743, -1.2110958349056624, -0.03164688393548826, 2.250389768298455, 1.3413988619998096]",True,150,True,True,,,34855945
trajectory_34_trac_task_5ms_r2,trajectory_34,bb2d7133de7083285ff7ede00b959e62fc3bf5dc626bfa521b77361d0f3f759e,high_curvature,trac_task_5ms,2,150,"[-1.1592058713003646, 0.1964021212531033, -0.5464022436655562, -1.1510687856947253, -1.2981413533683839, 1.8437018291450857, 1.1925764049191467]",True,150,True,True,,,38003772
trajectory_35_trac_task_20ms_r1,trajectory_35,e7257c22abc9d850802582540365f4bc972868280e40708e45700776b6ad2aca,high_curvature,trac_task_20ms,1,150,"[-1.1784869165560794, -0.41420567401016906, 0.7736549798252395, -1.7484750155884423, -0.8774782440807752, 1.7201431087931345, -1.161308223083616]",True,150,True,True,,,31428286
trajectory_24_trac_strict_20ms_r1,trajectory_24,125d0ba81f8f99703f34ce79c430375e614edd8d7281141ad9df7e9828fed992,joint_limit_return,trac_strict_20ms,1,150,"[2.5953000000000004, 0.13956271326757885, 0.012917759794865924, -1.129547239807192, -0.17947528622231393, 2.5808292285913783, 1.268060620760703]",True,150,True,True,,,34757153
trajectory_18_trac_strict_5ms_r2,trajectory_18,c99e2c9b46eb1858a0dd2f525833e49b6f0b7c25001781f1b00044934372d935,near_singular,trac_strict_5ms,2,150,"[-1.5238361610017774, -1.3484634516894036, 1.547551062431669, -0.6383213619062299, -0.5574062353674284, 1.0866475237195234, -2.8075372986730716]",True,150,True,True,,,32452141
trajectory_39_trac_strict_20ms_r1,trajectory_39,380513eac133b886f7e375e39250059ba16f3133d3a5d3b8ff244470af2eb5ae,high_curvature,trac_strict_20ms,1,150,"[-0.307114665759767, -0.09197021608207229, -0.14399381623305213, -1.4276557589841654, -0.748637356572919, 0.9586713226335238, 0.7436312353884212]",True,150,True,True,,,32441249
trajectory_17_trac_task_5ms_r2,trajectory_17,ca9065ec04392f64d1cce7cea6e6ae7ba224495be6a41fa0902e34ddeb925465,near_singular,trac_task_5ms,2,150,"[2.1369191868103536, 0.25626421705746927, 1.7066903334546386, -0.2229465464073862, 0.9240499189826179, 0.43592582302604443, -0.3475443071969706]",False,119,True,False,119,internal_nonconvergence+position_tolerance+orientation_tolerance,192043285
trajectory_07_trac_strict_5ms_r0,trajectory_07,cdb906e5ffe0888b5856461ef6bee1b8809232e928fd853beb25f1903a7d798a,smooth,trac_strict_5ms,0,150,"[-1.5394992506035106, 0.6108787929871341, 0.9928113030330141, -2.067733972795519, -0.1098307781822299, 1.1059518538522677, 1.6698609544803817]",True,150,True,True,,,35350928
trajectory_34_trac_strict_20ms_r2,trajectory_34,bb2d7133de7083285ff7ede00b959e62fc3bf5dc626bfa521b77361d0f3f759e,high_curvature,trac_strict_20ms,2,150,"[-1.1592058713003646, 0.1964021212531033, -0.5464022436655562, -1.1510687856947253, -1.2981413533683839, 1.8437018291450857, 1.1925764049191467]",True,150,True,True,,,36429709
trajectory_38_dls_strict_r0,trajectory_38,827f4c481262ed599d5a62ea92d72f83f9d2baecaa5e733c4c0018e796d573d5,high_curvature,dls_strict,0,150,"[-0.536127060911361, -0.08141725730239946, 0.043470427836753756, -0.9476503459108423, 0.4437330072682833, 1.5864989045962217, 0.01054171868407297]",True,150,True,True,,,322648710
trajectory_31_dls_strict_r0,trajectory_31,b88225558b53c7528d4fc1a56455ceac395ea6a65306515006580362af026e1e,high_curvature,dls_strict,0,150,"[0.7241810171763957, -0.3087602434544925, -0.09772781078700638, -1.9130376188154201, 1.101742620368236, 2.5937868082135385, -1.6068193266811197]",True,150,True,True,,,144536698
trajectory_02_trac_task_20ms_r2,trajectory_02,98b02d6a697ef616fb15325aca1f5748ceba5d966785b4f1677767ebff16420f,smooth,trac_task_20ms,2,150,"[0.056557153600618394, -0.4657534384121058, -1.1419831974705708, -1.4383966732452471, 1.331994761005881, 1.3188297469261385, 1.1179755468881623]",True,150,True,True,,,31551718
trajectory_11_trac_task_20ms_r2,trajectory_11,d8e06950cec2579c739f7f6d3dbb3628755dfd76be5740fad3bec38b4ef94cc6,near_singular,trac_task_20ms,2,150,"[0.7392426362897311, -0.4541309806557701, 0.33920593071132676, -0.7226118979205809, 0.42217218197389644, 1.706232479295894, 1.7255318152236154]",True,150,True,True,,,34051300
trajectory_15_trac_strict_5ms_r0,trajectory_15,1742dca2b4e66648ef384a591bc48af258b7ccf01a3b1f0930d212a06b1f978c,near_singular,trac_strict_5ms,0,150,"[1.23879274147841, -0.24112841600403906, -0.3669134703897978, -0.3009569846322578, -0.09840834676273053, 1.5462253889755246, -1.157829171391544]",True,150,True,True,,,29309578
trajectory_11_dls_task_r0,trajectory_11,d8e06950cec2579c739f7f6d3dbb3628755dfd76be5740fad3bec38b4ef94cc6,near_singular,dls_task,0,150,"[0.7392426362897311, -0.4541309806557701, 0.33920593071132676, -0.7226118979205809, 0.42217218197389644, 1.706232479295894, 1.7255318152236154]",True,150,True,True,,,100663223
trajectory_31_trac_strict_20ms_r0,trajectory_31,b88225558b53c7528d4fc1a56455ceac395ea6a65306515006580362af026e1e,high_curvature,trac_strict_20ms,0,150,"[0.7241810171763957, -0.3087602434544925, -0.09772781078700638, -1.9130376188154201, 1.101742620368236, 2.5937868082135385, -1.6068193266811197]",True,150,True,True,,,34316085
trajectory_02_trac_strict_5ms_r2,trajectory_02,98b02d6a697ef616fb15325aca1f5748ceba5d966785b4f1677767ebff16420f,smooth,trac_strict_5ms,2,150,"[0.056557153600618394, -0.4657534384121058, -1.1419831974705708, -1.4383966732452471, 1.331994761005881, 1.3188297469261385, 1.1179755468881623]",True,150,True,True,,,33284164
trajectory_04_trac_task_20ms_r0,trajectory_04,ea5e2ac9bfe24625cf9368e4931dfe5a7f878c028b94ce7ca271455c05bad4e6,smooth,trac_task_20ms,0,150,"[0.8764503189741217, 0.2484545572474624, 0.9858623530365795, -0.9168201917228007, 0.7620304348171548, 0.7162060872997005, 0.4674653348124861]",True,150,True,True,,,31609233
trajectory_32_trac_strict_5ms_r2,trajectory_32,f786741c9f59d7d552811f1959141226fb4d169d5c149b34b1fb99edb7839b2c,high_curvature,trac_strict_5ms,2,150,"[1.1885466475819153, 0.7842913650765752, -0.6632590565683685, -1.837449333650879, 0.35183789772108187, 2.7949832084733055, 1.0425923000714907]",True,150,True,True,,,35856628
trajectory_27_trac_task_20ms_r1,trajectory_27,62749969a81aa229bd98bbc6a77941b40960bf5ae0886a5dfe36f5eff62e5c1c,joint_limit_return,trac_task_20ms,1,150,"[0.11013187782707023, 0.08261373920335854, 0.2680269950055522, -1.4842978898814214, -0.8055537512624422, 3.4505000000000003, -0.21451778603021388]",True,150,True,True,,,40388630
trajectory_24_trac_task_5ms_r1,trajectory_24,125d0ba81f8f99703f34ce79c430375e614edd8d7281141ad9df7e9828fed992,joint_limit_return,trac_task_5ms,1,150,"[2.5953000000000004, 0.13956271326757885, 0.012917759794865924, -1.129547239807192, -0.17947528622231393, 2.5808292285913783, 1.268060620760703]",True,150,True,True,,,30859733
trajectory_24_trac_task_20ms_r1,trajectory_24,125d0ba81f8f99703f34ce79c430375e614edd8d7281141ad9df7e9828fed992,joint_limit_return,trac_task_20ms,1,150,"[2.5953000000000004, 0.13956271326757885, 0.012917759794865924, -1.129547239807192, -0.17947528622231393, 2.5808292285913783, 1.268060620760703]",True,150,True,True,,,34751264
trajectory_18_trac_strict_20ms_r1,trajectory_18,c99e2c9b46eb1858a0dd2f525833e49b6f0b7c25001781f1b00044934372d935,near_singular,trac_strict_20ms,1,150,"[-1.5238361610017774, -1.3484634516894036, 1.547551062431669, -0.6383213619062299, -0.5574062353674284, 1.0866475237195234, -2.8075372986730716]",True,150,True,True,,,33235351
trajectory_38_trac_strict_5ms_r1,trajectory_38,827f4c481262ed599d5a62ea92d72f83f9d2baecaa5e733c4c0018e796d573d5,high_curvature,trac_strict_5ms,1,150,"[-0.536127060911361, -0.08141725730239946, 0.043470427836753756, -0.9476503459108423, 0.4437330072682833, 1.5864989045962217, 0.01054171868407297]",True,150,True,True,,,33926831
trajectory_10_trac_task_20ms_r0,trajectory_10,525ed23e41917cce27c978b0c676be43016f2541aa51a8185bbab7e6ce610192,near_singular,trac_task_20ms,0,150,"[-1.011132834258865, 1.2328036941230358, 1.0828296380174245, -0.1764294550010968, 1.461251904355215, 1.5780051923310203, -2.420315024677472]",True,150,True,True,,,33562265
trajectory_01_dls_strict_r0,trajectory_01,a62f788b8607be02b7f7a70f0234d741c3a3ffbce60a66d892cb748dca4ac32c,smooth,dls_strict,0,150,"[0.9351044192022548, -0.14092294260565763, 1.1097168230381158, -1.7716969820509143, -0.07390793549601962, 1.2633334208331923, -0.15531616098432066]",True,150,True,True,,,143781694
trajectory_24_trac_task_20ms_r2,trajectory_24,125d0ba81f8f99703f34ce79c430375e614edd8d7281141ad9df7e9828fed992,joint_limit_return,trac_task_20ms,2,150,"[2.5953000000000004, 0.13956271326757885, 0.012917759794865924, -1.129547239807192, -0.17947528622231393, 2.5808292285913783, 1.268060620760703]",True,150,True,True,,,32074039
trajectory_37_trac_strict_5ms_r2,trajectory_37,c27c85dfc1ac902402f2c27d5ecd007325d528654413acef4dab0af30af48583,high_curvature,trac_strict_5ms,2,150,"[-0.6274437144957354, 0.3078222635735559, 0.945096585024112, -2.0400645352277924, 0.6319408541590963, 1.7086604841095687, 0.06980067635767206]",True,150,True,True,,,34479169
trajectory_12_trac_strict_20ms_r2,trajectory_12,ea5503530085a4b7fba1457389f090742de31c9aa6ebe8907aa867289b032370,near_singular,trac_strict_20ms,2,150,"[0.8822446021518249, 0.32307848886988044, 1.1099170111061665, -0.5311475740193101, 1.6436929333293564, 3.0234363006954905, 2.1297500197666706]",False,76,False,False,76,internal_nonconvergence+position_tolerance+orientation_tolerance,1529460370
trajectory_21_trac_task_20ms_r2,trajectory_21,4afc296390cd2da8318a4ba9544aebe6e73de828b20fea6cbaeedda3bf7a189f,joint_limit_return,trac_task_20ms,2,150,"[0.6383027055682345, 1.4607999999999999, 1.3891908132826067, -1.370218783454471, -0.470730268965795, 1.706755020082932, 0.09698989258391427]",True,150,True,True,,,33063533
trajectory_14_trac_strict_20ms_r0,trajectory_14,4e626ba28da6a8d45d22f023c3732e2d796c83a0e74df2aa41168fe26f6dccab,near_singular,trac_strict_20ms,0,150,"[-2.327317529874332, 0.28843825003694556, 2.0855301983360475, -0.7889771403739102, -2.6817228062679397, 2.5559366733107627, -1.2744275290899756]",False,113,False,False,113,internal_nonconvergence+position_tolerance,782166189
trajectory_08_trac_strict_5ms_r0,trajectory_08,a74d26d3694c4e4d15b8817c29ef75a4bd43cb4d8d1ebf3ae4154e26d80ab4a4,smooth,trac_strict_5ms,0,150,"[-1.462696734239917, -0.2789995870774813, 0.4845991838372743, -1.2110958349056624, -0.03164688393548826, 2.250389768298455, 1.3413988619998096]",True,150,True,True,,,33286642
trajectory_11_trac_task_5ms_r0,trajectory_11,d8e06950cec2579c739f7f6d3dbb3628755dfd76be5740fad3bec38b4ef94cc6,near_singular,trac_task_5ms,0,150,"[0.7392426362897311, -0.4541309806557701, 0.33920593071132676, -0.7226118979205809, 0.42217218197389644, 1.706232479295894, 1.7255318152236154]",True,150,True,True,,,29919840
trajectory_35_trac_strict_20ms_r1,trajectory_35,e7257c22abc9d850802582540365f4bc972868280e40708e45700776b6ad2aca,high_curvature,trac_strict_20ms,1,150,"[-1.1784869165560794, -0.41420567401016906, 0.7736549798252395, -1.7484750155884423, -0.8774782440807752, 1.7201431087931345, -1.161308223083616]",True,150,True,True,,,34402068
trajectory_21_trac_strict_5ms_r0,trajectory_21,4afc296390cd2da8318a4ba9544aebe6e73de828b20fea6cbaeedda3bf7a189f,joint_limit_return,trac_strict_5ms,0,150,"[0.6383027055682345, 1.4607999999999999, 1.3891908132826067, -1.370218783454471, -0.470730268965795, 1.706755020082932, 0.09698989258391427]",True,150,True,True,,,33410198
trajectory_24_trac_task_20ms_r0,trajectory_24,125d0ba81f8f99703f34ce79c430375e614edd8d7281141ad9df7e9828fed992,joint_limit_return,trac_task_20ms,0,150,"[2.5953000000000004, 0.13956271326757885, 0.012917759794865924, -1.129547239807192, -0.17947528622231393, 2.5808292285913783, 1.268060620760703]",True,150,True,True,,,31265425
trajectory_27_dls_strict_r0,trajectory_27,62749969a81aa229bd98bbc6a77941b40960bf5ae0886a5dfe36f5eff62e5c1c,joint_limit_return,dls_strict,0,150,"[0.11013187782707023, 0.08261373920335854, 0.2680269950055522, -1.4842978898814214, -0.8055537512624422, 3.4505000000000003, -0.21451778603021388]",True,150,True,True,,,185938396
trajectory_15_trac_strict_20ms_r1,trajectory_15,1742dca2b4e66648ef384a591bc48af258b7ccf01a3b1f0930d212a06b1f978c,near_singular,trac_strict_20ms,1,150,"[1.23879274147841, -0.24112841600403906, -0.3669134703897978, -0.3009569846322578, -0.09840834676273053, 1.5462253889755246, -1.157829171391544]",True,150,True,True,,,39838215
trajectory_01_trac_strict_20ms_r1,trajectory_01,a62f788b8607be02b7f7a70f0234d741c3a3ffbce60a66d892cb748dca4ac32c,smooth,trac_strict_20ms,1,150,"[0.9351044192022548, -0.14092294260565763, 1.1097168230381158, -1.7716969820509143, -0.07390793549601962, 1.2633334208331923, -0.15531616098432066]",True,150,True,True,,,33097675
trajectory_22_trac_strict_20ms_r1,trajectory_22,166f9f9c01b7bdb7e23bb78eb834aa40e45e3eac2d5c263419996286861ad9dc,joint_limit_return,trac_strict_20ms,1,150,"[2.5953000000000004, -0.3393281371969309, 0.019766507731749983, -1.9773861498909304, -1.5773208606503901, 2.5071508027378084, -1.2995698575115116]",True,150,True,True,,,32900669
trajectory_13_trac_strict_20ms_r1,trajectory_13,49e505b5dd8506da453322d27fabacda172e9baf611dd7b1ccac4b4220f68113,near_singular,trac_strict_20ms,1,150,"[-0.5642432075369469, -0.15715193578438877, -2.1345451119679355, -0.7142783897493015, 1.3154620627371993, 2.589163366799795, -0.8723786480923549]",True,150,True,True,,,35315208
trajectory_28_trac_task_5ms_r0,trajectory_28,41c501982d64297056fe7d1239938d5f0fb508b8c32ed74b2b5c72d3bf1ddba1,joint_limit_return,trac_task_5ms,0,150,"[1.0002694865926336, -0.6952350165551249, -0.27533203313792715, -0.3718, 0.871667779279456, 2.582756878731669, 1.5950274657528718]",True,150,True,True,,,32805892
trajectory_35_trac_strict_20ms_r0,trajectory_35,e7257c22abc9d850802582540365f4bc972868280e40708e45700776b6ad2aca,high_curvature,trac_strict_20ms,0,150,"[-1.1784869165560794, -0.41420567401016906, 0.7736549798252395, -1.7484750155884423, -0.8774782440807752, 1.7201431087931345, -1.161308223083616]",True,150,True,True,,,32861051
trajectory_09_trac_task_20ms_r0,trajectory_09,6b43e53a09d43b068012e38e4082dc1a83a7da4ac12d3b1a7c10621fab8498a4,smooth,trac_task_20ms,0,150,"[-0.8367052668124645, -0.3490568543459072, 0.3621738339902801, -1.736849667613814, 0.3776862381049445, 0.9048085081579296, 0.8919601144745188]",True,150,True,True,,,34005211
trajectory_05_trac_strict_5ms_r1,trajectory_05,972b6c7f62ad2d88a1171405175e002fe4dad516aaa6300e4c090613265f4592,smooth,trac_strict_5ms,1,150,"[-0.9892198445653801, 0.2872736026545637, 1.0138596631306713, -1.6464611733727983, 0.3087200674841857, 2.593075401037617, 1.3721903607232058]",True,150,True,True,,,34232767
trajectory_24_dls_strict_r0,trajectory_24,125d0ba81f8f99703f34ce79c430375e614edd8d7281141ad9df7e9828fed992,joint_limit_return,dls_strict,0,150,"[2.5953000000000004, 0.13956271326757885, 0.012917759794865924, -1.129547239807192, -0.17947528622231393, 2.5808292285913783, 1.268060620760703]",True,150,True,True,,,147937276
trajectory_33_trac_task_5ms_r0,trajectory_33,8ffc69b10a990e9806b11a88aa9d56ad2edaf960a5dbd463eff00cf8c0b24859,high_curvature,trac_task_5ms,0,150,"[1.1325331407798795, -0.24168033549200896, 1.142004970794806, -1.6131923278761438, -0.5890204370403808, 2.139254897660019, 1.6872434359450823]",True,150,True,True,,,32766670
trajectory_09_trac_task_5ms_r2,trajectory_09,6b43e53a09d43b068012e38e4082dc1a83a7da4ac12d3b1a7c10621fab8498a4,smooth,trac_task_5ms,2,150,"[-0.8367052668124645, -0.3490568543459072, 0.3621738339902801, -1.736849667613814, 0.3776862381049445, 0.9048085081579296, 0.8919601144745188]",True,150,True,True,,,31725890
trajectory_07_trac_strict_20ms_r1,trajectory_07,cdb906e5ffe0888b5856461ef6bee1b8809232e928fd853beb25f1903a7d798a,smooth,trac_strict_20ms,1,150,"[-1.5394992506035106, 0.6108787929871341, 0.9928113030330141, -2.067733972795519, -0.1098307781822299, 1.1059518538522677, 1.6698609544803817]",True,150,True,True,,,37331846
trajectory_34_trac_task_5ms_r1,trajectory_34,bb2d7133de7083285ff7ede00b959e62fc3bf5dc626bfa521b77361d0f3f759e,high_curvature,trac_task_5ms,1,150,"[-1.1592058713003646, 0.1964021212531033, -0.5464022436655562, -1.1510687856947253, -1.2981413533683839, 1.8437018291450857, 1.1925764049191467]",True,150,False,False,,,85374012
trajectory_34_dls_task_r0,trajectory_34,bb2d7133de7083285ff7ede00b959e62fc3bf5dc626bfa521b77361d0f3f759e,high_curvature,dls_task,0,150,"[-1.1592058713003646, 0.1964021212531033, -0.5464022436655562, -1.1510687856947253, -1.2981413533683839, 1.8437018291450857, 1.1925764049191467]",True,150,True,True,,,90416195
trajectory_03_trac_task_20ms_r2,trajectory_03,e928208c5cfa766679be750c366c336bdeb1caea1f8283ea513bc5392401481b,smooth,trac_task_20ms,2,150,"[0.08800023792878346, -0.7243631304519502, -1.0644025585873105, -1.6912192273227877, 0.5323392897106182, 1.5759703045285698, 0.9688872373949686]",True,150,True,True,,,35912193
trajectory_03_trac_task_5ms_r0,trajectory_03,e928208c5cfa766679be750c366c336bdeb1caea1f8283ea513bc5392401481b,smooth,trac_task_5ms,0,150,"[0.08800023792878346, -0.7243631304519502, -1.0644025585873105, -1.6912192273227877, 0.5323392897106182, 1.5759703045285698, 0.9688872373949686]",True,150,True,True,,,32304779
trajectory_28_trac_strict_20ms_r0,trajectory_28,41c501982d64297056fe7d1239938d5f0fb508b8c32ed74b2b5c72d3bf1ddba1,joint_limit_return,trac_strict_20ms,0,150,"[1.0002694865926336, -0.6952350165551249, -0.27533203313792715, -0.3718, 0.871667779279456, 2.582756878731669, 1.5950274657528718]",True,150,True,True,,,31992501
trajectory_10_trac_strict_5ms_r2,trajectory_10,525ed23e41917cce27c978b0c676be43016f2541aa51a8185bbab7e6ce610192,near_singular,trac_strict_5ms,2,150,"[-1.011132834258865, 1.2328036941230358, 1.0828296380174245, -0.1764294550010968, 1.461251904355215, 1.5780051923310203, -2.420315024677472]",False,71,True,False,71,internal_nonconvergence+position_tolerance+orientation_tolerance,436246394
trajectory_14_trac_task_20ms_r0,trajectory_14,4e626ba28da6a8d45d22f023c3732e2d796c83a0e74df2aa41168fe26f6dccab,near_singular,trac_task_20ms,0,150,"[-2.327317529874332, 0.28843825003694556, 2.0855301983360475, -0.7889771403739102, -2.6817228062679397, 2.5559366733107627, -1.2744275290899756]",False,115,False,False,115,internal_nonconvergence+position_tolerance,748985159
trajectory_18_trac_task_5ms_r0,trajectory_18,c99e2c9b46eb1858a0dd2f525833e49b6f0b7c25001781f1b00044934372d935,near_singular,trac_task_5ms,0,150,"[-1.5238361610017774, -1.3484634516894036, 1.547551062431669, -0.6383213619062299, -0.5574062353674284, 1.0866475237195234, -2.8075372986730716]",True,150,True,True,,,39869363
trajectory_15_trac_task_20ms_r2,trajectory_15,1742dca2b4e66648ef384a591bc48af258b7ccf01a3b1f0930d212a06b1f978c,near_singular,trac_task_20ms,2,150,"[1.23879274147841, -0.24112841600403906, -0.3669134703897978, -0.3009569846322578, -0.09840834676273053, 1.5462253889755246, -1.157829171391544]",True,150,True,True,,,32215757
trajectory_11_trac_task_20ms_r0,trajectory_11,d8e06950cec2579c739f7f6d3dbb3628755dfd76be5740fad3bec38b4ef94cc6,near_singular,trac_task_20ms,0,150,"[0.7392426362897311, -0.4541309806557701, 0.33920593071132676, -0.7226118979205809, 0.42217218197389644, 1.706232479295894, 1.7255318152236154]",True,150,True,True,,,29143310
trajectory_30_trac_task_20ms_r2,trajectory_30,f77f30aad07c01747cccac5f99de0454266b5b9453dc6357da97f2c8d2529cfc,high_curvature,trac_task_20ms,2,150,"[-0.39310145848585587, -0.6845806395722984, -1.2736963660852803, -0.9229715773785083, -0.8930553735853004, 2.3149905873608216, 1.6893288223417833]",True,150,True,True,,,32476197
trajectory_31_trac_strict_20ms_r1,trajectory_31,b88225558b53c7528d4fc1a56455ceac395ea6a65306515006580362af026e1e,high_curvature,trac_strict_20ms,1,150,"[0.7241810171763957, -0.3087602434544925, -0.09772781078700638, -1.9130376188154201, 1.101742620368236, 2.5937868082135385, -1.6068193266811197]",True,150,True,True,,,34353213
trajectory_09_trac_strict_20ms_r1,trajectory_09,6b43e53a09d43b068012e38e4082dc1a83a7da4ac12d3b1a7c10621fab8498a4,smooth,trac_strict_20ms,1,150,"[-0.8367052668124645, -0.3490568543459072, 0.3621738339902801, -1.736849667613814, 0.3776862381049445, 0.9048085081579296, 0.8919601144745188]",True,150,True,True,,,33584709
trajectory_20_trac_strict_20ms_r0,trajectory_20,5560810f9d87891ba612f00a19811ec608860538b5dbf8f478a2cc168f4d1547,joint_limit_return,trac_strict_20ms,0,150,"[-0.22148567967826394, -0.6085874328213129, 1.3965318127137998, -1.7582177758063704, 2.5953000000000004, 1.8613505237616152, -1.399248123458735]",True,150,True,True,,,36831014
trajectory_18_trac_task_20ms_r2,trajectory_18,c99e2c9b46eb1858a0dd2f525833e49b6f0b7c25001781f1b00044934372d935,near_singular,trac_task_20ms,2,150,"[-1.5238361610017774, -1.3484634516894036, 1.547551062431669, -0.6383213619062299, -0.5574062353674284, 1.0866475237195234, -2.8075372986730716]",True,150,True,True,,,33921246
trajectory_07_trac_strict_20ms_r0,trajectory_07,cdb906e5ffe0888b5856461ef6bee1b8809232e928fd853beb25f1903a7d798a,smooth,trac_strict_20ms,0,150,"[-1.5394992506035106, 0.6108787929871341, 0.9928113030330141, -2.067733972795519, -0.1098307781822299, 1.1059518538522677, 1.6698609544803817]",True,150,True,True,,,38138191
trajectory_36_dls_strict_r0,trajectory_36,fd96ca4300b705b343cbde5bb7d97076acca0d187b1d78fc9094c6cac23b640b,high_curvature,dls_strict,0,150,"[0.40000408668931736, -0.48746864683241387, -0.584845899901387, -1.4547797451769853, -1.1073320862801925, 2.415286074104135, 0.5552344850418183]",True,150,True,True,,,150928625
trajectory_35_dls_strict_r0,trajectory_35,e7257c22abc9d850802582540365f4bc972868280e40708e45700776b6ad2aca,high_curvature,dls_strict,0,150,"[-1.1784869165560794, -0.41420567401016906, 0.7736549798252395, -1.7484750155884423, -0.8774782440807752, 1.7201431087931345, -1.161308223083616]",True,150,True,True,,,157712612
trajectory_16_trac_strict_5ms_r0,trajectory_16,40c3eae024871d71025c88c09b1bbffc1b50b311548d53112ed8d4118883654a,near_singular,trac_strict_5ms,0,150,"[-0.8330069728077155, 0.9059204298240433, -1.2848682345049904, -0.942479272733609, 1.2252181668764945, 3.752499, -2.3388414437479788]",True,150,True,True,,,32953327
trajectory_10_trac_task_20ms_r2,trajectory_10,525ed23e41917cce27c978b0c676be43016f2541aa51a8185bbab7e6ce610192,near_singular,trac_task_20ms,2,150,"[-1.011132834258865, 1.2328036941230358, 1.0828296380174245, -0.1764294550010968, 1.461251904355215, 1.5780051923310203, -2.420315024677472]",True,150,True,True,,,32485379
trajectory_17_trac_strict_5ms_r2,trajectory_17,ca9065ec04392f64d1cce7cea6e6ae7ba224495be6a41fa0902e34ddeb925465,near_singular,trac_strict_5ms,2,150,"[2.1369191868103536, 0.25626421705746927, 1.7066903334546386, -0.2229465464073862, 0.9240499189826179, 0.43592582302604443, -0.3475443071969706]",False,115,True,False,115,internal_nonconvergence+position_tolerance,214305896
trajectory_27_trac_task_5ms_r2,trajectory_27,62749969a81aa229bd98bbc6a77941b40960bf5ae0886a5dfe36f5eff62e5c1c,joint_limit_return,trac_task_5ms,2,150,"[0.11013187782707023, 0.08261373920335854, 0.2680269950055522, -1.4842978898814214, -0.8055537512624422, 3.4505000000000003, -0.21451778603021388]",True,150,True,True,,,33635787
trajectory_01_trac_task_5ms_r2,trajectory_01,a62f788b8607be02b7f7a70f0234d741c3a3ffbce60a66d892cb748dca4ac32c,smooth,trac_task_5ms,2,150,"[0.9351044192022548, -0.14092294260565763, 1.1097168230381158, -1.7716969820509143, -0.07390793549601962, 1.2633334208331923, -0.15531616098432066]",True,150,True,True,,,35894151
trajectory_36_trac_task_5ms_r1,trajectory_36,fd96ca4300b705b343cbde5bb7d97076acca0d187b1d78fc9094c6cac23b640b,high_curvature,trac_task_5ms,1,150,"[0.40000408668931736, -0.48746864683241387, -0.584845899901387, -1.4547797451769853, -1.1073320862801925, 2.415286074104135, 0.5552344850418183]",True,150,True,True,,,31629572
trajectory_28_trac_task_5ms_r1,trajectory_28,41c501982d64297056fe7d1239938d5f0fb508b8c32ed74b2b5c72d3bf1ddba1,joint_limit_return,trac_task_5ms,1,150,"[1.0002694865926336, -0.6952350165551249, -0.27533203313792715, -0.3718, 0.871667779279456, 2.582756878731669, 1.5950274657528718]",True,150,True,True,,,35955991
trajectory_18_trac_strict_5ms_r1,trajectory_18,c99e2c9b46eb1858a0dd2f525833e49b6f0b7c25001781f1b00044934372d935,near_singular,trac_strict_5ms,1,150,"[-1.5238361610017774, -1.3484634516894036, 1.547551062431669, -0.6383213619062299, -0.5574062353674284, 1.0866475237195234, -2.8075372986730716]",True,150,True,True,,,35426073
trajectory_00_trac_task_20ms_r2,trajectory_00,ba9bbb877bd562764b9ad1fe612339400f4396f8e4e3ccdd742d4a4326684c27,smooth,trac_task_20ms,2,150,"[1.8045525647893919, 0.2263076606986511, -0.3372067100575985, -1.8921996499596407, -0.11880835884944438, 1.6265685925609459, 0.3582006672127863]",True,150,True,True,,,40103631
trajectory_33_trac_task_20ms_r0,trajectory_33,8ffc69b10a990e9806b11a88aa9d56ad2edaf960a5dbd463eff00cf8c0b24859,high_curvature,trac_task_20ms,0,150,"[1.1325331407798795, -0.24168033549200896, 1.142004970794806, -1.6131923278761438, -0.5890204370403808, 2.139254897660019, 1.6872434359450823]",True,150,True,True,,,34006329
trajectory_02_trac_task_5ms_r0,trajectory_02,98b02d6a697ef616fb15325aca1f5748ceba5d966785b4f1677767ebff16420f,smooth,trac_task_5ms,0,150,"[0.056557153600618394, -0.4657534384121058, -1.1419831974705708, -1.4383966732452471, 1.331994761005881, 1.3188297469261385, 1.1179755468881623]",True,150,True,True,,,33008502
trajectory_01_trac_strict_5ms_r2,trajectory_01,a62f788b8607be02b7f7a70f0234d741c3a3ffbce60a66d892cb748dca4ac32c,smooth,trac_strict_5ms,2,150,"[0.9351044192022548, -0.14092294260565763, 1.1097168230381158, -1.7716969820509143, -0.07390793549601962, 1.2633334208331923, -0.15531616098432066]",True,150,True,True,,,31284124
trajectory_25_trac_task_5ms_r2,trajectory_25,6f61a4f090c2631561aee85944d25bbb3ec9ae75f330ddc67dd8f755fa60ea51,joint_limit_return,trac_task_5ms,2,150,"[-1.68136092204677, -0.28323103047534404, -0.8589129683281165, -1.9157352916331027, 2.5953000000000004, 1.7085843453390148, 0.4930637350679936]",True,150,True,True,,,34782720
trajectory_23_trac_strict_20ms_r0,trajectory_23,703e80ee1a10cacc408a225bf4b9b1d1a8b7cd7c18ef82408fe61c8b6b1a1fa4,joint_limit_return,trac_strict_20ms,0,150,"[1.5552069472326666, -0.09386180337858052, 1.172032425903462, -1.5681437929380007, 0.6237919629324234, 1.433829794801732, 2.5953000000000004]",True,150,True,True,,,37530149
trajectory_33_trac_strict_20ms_r0,trajectory_33,8ffc69b10a990e9806b11a88aa9d56ad2edaf960a5dbd463eff00cf8c0b24859,high_curvature,trac_strict_20ms,0,150,"[1.1325331407798795, -0.24168033549200896, 1.142004970794806, -1.6131923278761438, -0.5890204370403808, 2.139254897660019, 1.6872434359450823]",True,150,True,True,,,38401019
trajectory_00_trac_task_5ms_r0,trajectory_00,ba9bbb877bd562764b9ad1fe612339400f4396f8e4e3ccdd742d4a4326684c27,smooth,trac_task_5ms,0,150,"[1.8045525647893919, 0.2263076606986511, -0.3372067100575985, -1.8921996499596407, -0.11880835884944438, 1.6265685925609459, 0.3582006672127863]",True,150,True,True,,,30394750
trajectory_32_dls_strict_r0,trajectory_32,f786741c9f59d7d552811f1959141226fb4d169d5c149b34b1fb99edb7839b2c,high_curvature,dls_strict,0,150,"[1.1885466475819153, 0.7842913650765752, -0.6632590565683685, -1.837449333650879, 0.35183789772108187, 2.7949832084733055, 1.0425923000714907]",True,150,True,True,,,137930574
trajectory_06_trac_strict_5ms_r0,trajectory_06,0c2a95a498c1bf13c2df4295db29a5367cf069e157e300d36211ce1951b2bf0e,smooth,trac_strict_5ms,0,150,"[0.04879635360993188, 0.4722176505702096, -1.4167735850820002, -1.0592469194557286, -1.4030963489481403, 2.431844026251526, -1.5459525993409735]",True,150,True,True,,,33093764
trajectory_04_trac_task_5ms_r0,trajectory_04,ea5e2ac9bfe24625cf9368e4931dfe5a7f878c028b94ce7ca271455c05bad4e6,smooth,trac_task_5ms,0,150,"[0.8764503189741217, 0.2484545572474624, 0.9858623530365795, -0.9168201917228007, 0.7620304348171548, 0.7162060872997005, 0.4674653348124861]",True,150,True,True,,,32391469
trajectory_12_trac_strict_5ms_r2,trajectory_12,ea5503530085a4b7fba1457389f090742de31c9aa6ebe8907aa867289b032370,near_singular,trac_strict_5ms,2,150,"[0.8822446021518249, 0.32307848886988044, 1.1099170111061665, -0.5311475740193101, 1.6436929333293564, 3.0234363006954905, 2.1297500197666706]",False,76,True,False,76,internal_nonconvergence+position_tolerance+orientation_tolerance,416540628
trajectory_34_trac_strict_5ms_r0,trajectory_34,bb2d7133de7083285ff7ede00b959e62fc3bf5dc626bfa521b77361d0f3f759e,high_curvature,trac_strict_5ms,0,150,"[-1.1592058713003646, 0.1964021212531033, -0.5464022436655562, -1.1510687856947253, -1.2981413533683839, 1.8437018291450857, 1.1925764049191467]",True,150,True,True,,,34594811
trajectory_29_trac_strict_5ms_r2,trajectory_29,16ab30a670ddc1bb59f64aa11421a7a95e2a13b391b17e7261a85fb14178c0bc,joint_limit_return,trac_strict_5ms,2,150,"[-1.2650513767980658, -0.43971291762964715, -1.3728146429403614, -1.7544168184300677, 0.3698512018232597, 3.4505000000000003, 0.05150820077903298]",True,150,True,True,,,34973395
trajectory_33_trac_task_20ms_r1,trajectory_33,8ffc69b10a990e9806b11a88aa9d56ad2edaf960a5dbd463eff00cf8c0b24859,high_curvature,trac_task_20ms,1,150,"[1.1325331407798795, -0.24168033549200896, 1.142004970794806, -1.6131923278761438, -0.5890204370403808, 2.139254897660019, 1.6872434359450823]",True,150,True,True,,,34024530
trajectory_37_trac_task_5ms_r0,trajectory_37,c27c85dfc1ac902402f2c27d5ecd007325d528654413acef4dab0af30af48583,high_curvature,trac_task_5ms,0,150,"[-0.6274437144957354, 0.3078222635735559, 0.945096585024112, -2.0400645352277924, 0.6319408541590963, 1.7086604841095687, 0.06980067635767206]",True,150,True,True,,,34537364
trajectory_26_trac_task_5ms_r2,trajectory_26,b47f91198895baa3999a406c9c32516cd3e78dd7e42a8bccccc4cd058a03020a,joint_limit_return,trac_task_5ms,2,150,"[-1.2550342189217967, 0.8686761431733064, 0.2653256626716707, -0.6211012746516752, 2.5953000000000004, 2.9384634835047447, 0.6912608648491174]",False,73,True,False,73,internal_nonconvergence+position_tolerance+orientation_tolerance,430870536
trajectory_32_trac_task_5ms_r1,trajectory_32,f786741c9f59d7d552811f1959141226fb4d169d5c149b34b1fb99edb7839b2c,high_curvature,trac_task_5ms,1,150,"[1.1885466475819153, 0.7842913650765752, -0.6632590565683685, -1.837449333650879, 0.35183789772108187, 2.7949832084733055, 1.0425923000714907]",True,150,True,True,,,35360030
trajectory_07_trac_task_20ms_r2,trajectory_07,cdb906e5ffe0888b5856461ef6bee1b8809232e928fd853beb25f1903a7d798a,smooth,trac_task_20ms,2,150,"[-1.5394992506035106, 0.6108787929871341, 0.9928113030330141, -2.067733972795519, -0.1098307781822299, 1.1059518538522677, 1.6698609544803817]",True,150,True,True,,,33651652
trajectory_02_trac_strict_5ms_r0,trajectory_02,98b02d6a697ef616fb15325aca1f5748ceba5d966785b4f1677767ebff16420f,smooth,trac_strict_5ms,0,150,"[0.056557153600618394, -0.4657534384121058, -1.1419831974705708, -1.4383966732452471, 1.331994761005881, 1.3188297469261385, 1.1179755468881623]",True,150,True,True,,,35032115
trajectory_11_trac_strict_5ms_r0,trajectory_11,d8e06950cec2579c739f7f6d3dbb3628755dfd76be5740fad3bec38b4ef94cc6,near_singular,trac_strict_5ms,0,150,"[0.7392426362897311, -0.4541309806557701, 0.33920593071132676, -0.7226118979205809, 0.42217218197389644, 1.706232479295894, 1.7255318152236154]",True,150,True,True,,,36051041
trajectory_00_trac_strict_5ms_r0,trajectory_00,ba9bbb877bd562764b9ad1fe612339400f4396f8e4e3ccdd742d4a4326684c27,smooth,trac_strict_5ms,0,150,"[1.8045525647893919, 0.2263076606986511, -0.3372067100575985, -1.8921996499596407, -0.11880835884944438, 1.6265685925609459, 0.3582006672127863]",True,150,True,True,,,33005046
trajectory_28_trac_strict_5ms_r0,trajectory_28,41c501982d64297056fe7d1239938d5f0fb508b8c32ed74b2b5c72d3bf1ddba1,joint_limit_return,trac_strict_5ms,0,150,"[1.0002694865926336, -0.6952350165551249, -0.27533203313792715, -0.3718, 0.871667779279456, 2.582756878731669, 1.5950274657528718]",True,150,True,True,,,37484350
trajectory_04_trac_task_5ms_r2,trajectory_04,ea5e2ac9bfe24625cf9368e4931dfe5a7f878c028b94ce7ca271455c05bad4e6,smooth,trac_task_5ms,2,150,"[0.8764503189741217, 0.2484545572474624, 0.9858623530365795, -0.9168201917228007, 0.7620304348171548, 0.7162060872997005, 0.4674653348124861]",True,150,True,True,,,33829554
trajectory_18_trac_strict_20ms_r0,trajectory_18,c99e2c9b46eb1858a0dd2f525833e49b6f0b7c25001781f1b00044934372d935,near_singular,trac_strict_20ms,0,150,"[-1.5238361610017774, -1.3484634516894036, 1.547551062431669, -0.6383213619062299, -0.5574062353674284, 1.0866475237195234, -2.8075372986730716]",True,150,True,True,,,38336164
trajectory_09_trac_strict_20ms_r0,trajectory_09,6b43e53a09d43b068012e38e4082dc1a83a7da4ac12d3b1a7c10621fab8498a4,smooth,trac_strict_20ms,0,150,"[-0.8367052668124645, -0.3490568543459072, 0.3621738339902801, -1.736849667613814, 0.3776862381049445, 0.9048085081579296, 0.8919601144745188]",True,150,True,True,,,37176975
trajectory_30_trac_task_20ms_r1,trajectory_30,f77f30aad07c01747cccac5f99de0454266b5b9453dc6357da97f2c8d2529cfc,high_curvature,trac_task_20ms,1,150,"[-0.39310145848585587, -0.6845806395722984, -1.2736963660852803, -0.9229715773785083, -0.8930553735853004, 2.3149905873608216, 1.6893288223417833]",True,150,True,True,,,31865109
trajectory_25_trac_task_20ms_r2,trajectory_25,6f61a4f090c2631561aee85944d25bbb3ec9ae75f330ddc67dd8f755fa60ea51,joint_limit_return,trac_task_20ms,2,150,"[-1.68136092204677, -0.28323103047534404, -0.8589129683281165, -1.9157352916331027, 2.5953000000000004, 1.7085843453390148, 0.4930637350679936]",True,150,True,True,,,37837209
trajectory_19_trac_task_5ms_r2,trajectory_19,9a94337fb5b3319c8ba9dcce20e827630b16d9a348f1f3aa8709c5d0df3406af,near_singular,trac_task_5ms,2,150,"[-0.03060445922038979, -0.3593492877060506, -1.2467035941951523, -0.126137630567838, 0.8699032398592739, 2.160835781962167, 0.24650263438720615]",True,150,True,True,,,35960029
trajectory_38_trac_task_5ms_r0,trajectory_38,827f4c481262ed599d5a62ea92d72f83f9d2baecaa5e733c4c0018e796d573d5,high_curvature,trac_task_5ms,0,150,"[-0.536127060911361, -0.08141725730239946, 0.043470427836753756, -0.9476503459108423, 0.4437330072682833, 1.5864989045962217, 0.01054171868407297]",True,150,True,True,,,33700995
trajectory_20_trac_task_5ms_r1,trajectory_20,5560810f9d87891ba612f00a19811ec608860538b5dbf8f478a2cc168f4d1547,joint_limit_return,trac_task_5ms,1,150,"[-0.22148567967826394, -0.6085874328213129, 1.3965318127137998, -1.7582177758063704, 2.5953000000000004, 1.8613505237616152, -1.399248123458735]",True,150,True,True,,,33730750
trajectory_09_dls_task_r0,trajectory_09,6b43e53a09d43b068012e38e4082dc1a83a7da4ac12d3b1a7c10621fab8498a4,smooth,dls_task,0,150,"[-0.8367052668124645, -0.3490568543459072, 0.3621738339902801, -1.736849667613814, 0.3776862381049445, 0.9048085081579296, 0.8919601144745188]",True,150,True,True,,,91912144
trajectory_32_trac_task_20ms_r0,trajectory_32,f786741c9f59d7d552811f1959141226fb4d169d5c149b34b1fb99edb7839b2c,high_curvature,trac_task_20ms,0,150,"[1.1885466475819153, 0.7842913650765752, -0.6632590565683685, -1.837449333650879, 0.35183789772108187, 2.7949832084733055, 1.0425923000714907]",True,150,True,True,,,32497168
trajectory_08_trac_strict_5ms_r2,trajectory_08,a74d26d3694c4e4d15b8817c29ef75a4bd43cb4d8d1ebf3ae4154e26d80ab4a4,smooth,trac_strict_5ms,2,150,"[-1.462696734239917, -0.2789995870774813, 0.4845991838372743, -1.2110958349056624, -0.03164688393548826, 2.250389768298455, 1.3413988619998096]",True,150,True,True,,,36962305
trajectory_30_trac_task_20ms_r0,trajectory_30,f77f30aad07c01747cccac5f99de0454266b5b9453dc6357da97f2c8d2529cfc,high_curvature,trac_task_20ms,0,150,"[-0.39310145848585587, -0.6845806395722984, -1.2736963660852803, -0.9229715773785083, -0.8930553735853004, 2.3149905873608216, 1.6893288223417833]",True,150,True,True,,,31402515
trajectory_16_trac_strict_20ms_r1,trajectory_16,40c3eae024871d71025c88c09b1bbffc1b50b311548d53112ed8d4118883654a,near_singular,trac_strict_20ms,1,150,"[-0.8330069728077155, 0.9059204298240433, -1.2848682345049904, -0.942479272733609, 1.2252181668764945, 3.752499, -2.3388414437479788]",True,150,True,True,,,31828550
trajectory_09_trac_task_5ms_r1,trajectory_09,6b43e53a09d43b068012e38e4082dc1a83a7da4ac12d3b1a7c10621fab8498a4,smooth,trac_task_5ms,1,150,"[-0.8367052668124645, -0.3490568543459072, 0.3621738339902801, -1.736849667613814, 0.3776862381049445, 0.9048085081579296, 0.8919601144745188]",True,150,True,True,,,37205184
trajectory_37_dls_task_r0,trajectory_37,c27c85dfc1ac902402f2c27d5ecd007325d528654413acef4dab0af30af48583,high_curvature,dls_task,0,150,"[-0.6274437144957354, 0.3078222635735559, 0.945096585024112, -2.0400645352277924, 0.6319408541590963, 1.7086604841095687, 0.06980067635767206]",True,150,True,True,,,96136879
trajectory_22_trac_task_20ms_r0,trajectory_22,166f9f9c01b7bdb7e23bb78eb834aa40e45e3eac2d5c263419996286861ad9dc,joint_limit_return,trac_task_20ms,0,150,"[2.5953000000000004, -0.3393281371969309, 0.019766507731749983, -1.9773861498909304, -1.5773208606503901, 2.5071508027378084, -1.2995698575115116]",True,150,True,True,,,37347422
trajectory_03_trac_strict_20ms_r2,trajectory_03,e928208c5cfa766679be750c366c336bdeb1caea1f8283ea513bc5392401481b,smooth,trac_strict_20ms,2,150,"[0.08800023792878346, -0.7243631304519502, -1.0644025585873105, -1.6912192273227877, 0.5323392897106182, 1.5759703045285698, 0.9688872373949686]",True,150,True,True,,,35320316
trajectory_23_trac_strict_5ms_r2,trajectory_23,703e80ee1a10cacc408a225bf4b9b1d1a8b7cd7c18ef82408fe61c8b6b1a1fa4,joint_limit_return,trac_strict_5ms,2,150,"[1.5552069472326666, -0.09386180337858052, 1.172032425903462, -1.5681437929380007, 0.6237919629324234, 1.433829794801732, 2.5953000000000004]",True,150,True,True,,,42524587
trajectory_39_trac_strict_5ms_r2,trajectory_39,380513eac133b886f7e375e39250059ba16f3133d3a5d3b8ff244470af2eb5ae,high_curvature,trac_strict_5ms,2,150,"[-0.307114665759767, -0.09197021608207229, -0.14399381623305213, -1.4276557589841654, -0.748637356572919, 0.9586713226335238, 0.7436312353884212]",True,150,True,True,,,36161252
trajectory_35_trac_task_5ms_r0,trajectory_35,e7257c22abc9d850802582540365f4bc972868280e40708e45700776b6ad2aca,high_curvature,trac_task_5ms,0,150,"[-1.1784869165560794, -0.41420567401016906, 0.7736549798252395, -1.7484750155884423, -0.8774782440807752, 1.7201431087931345, -1.161308223083616]",True,150,True,True,,,30987855
trajectory_00_dls_task_r0,trajectory_00,ba9bbb877bd562764b9ad1fe612339400f4396f8e4e3ccdd742d4a4326684c27,smooth,dls_task,0,150,"[1.8045525647893919, 0.2263076606986511, -0.3372067100575985, -1.8921996499596407, -0.11880835884944438, 1.6265685925609459, 0.3582006672127863]",True,150,True,True,,,89404583
trajectory_08_trac_strict_20ms_r0,trajectory_08,a74d26d3694c4e4d15b8817c29ef75a4bd43cb4d8d1ebf3ae4154e26d80ab4a4,smooth,trac_strict_20ms,0,150,"[-1.462696734239917, -0.2789995870774813, 0.4845991838372743, -1.2110958349056624, -0.03164688393548826, 2.250389768298455, 1.3413988619998096]",True,150,True,True,,,33920501
trajectory_21_trac_strict_5ms_r1,trajectory_21,4afc296390cd2da8318a4ba9544aebe6e73de828b20fea6cbaeedda3bf7a189f,joint_limit_return,trac_strict_5ms,1,150,"[0.6383027055682345, 1.4607999999999999, 1.3891908132826067, -1.370218783454471, -0.470730268965795, 1.706755020082932, 0.09698989258391427]",True,150,True,True,,,34751433
trajectory_07_trac_strict_20ms_r2,trajectory_07,cdb906e5ffe0888b5856461ef6bee1b8809232e928fd853beb25f1903a7d798a,smooth,trac_strict_20ms,2,150,"[-1.5394992506035106, 0.6108787929871341, 0.9928113030330141, -2.067733972795519, -0.1098307781822299, 1.1059518538522677, 1.6698609544803817]",True,150,True,True,,,32202690
trajectory_20_trac_task_20ms_r1,trajectory_20,5560810f9d87891ba612f00a19811ec608860538b5dbf8f478a2cc168f4d1547,joint_limit_return,trac_task_20ms,1,150,"[-0.22148567967826394, -0.6085874328213129, 1.3965318127137998, -1.7582177758063704, 2.5953000000000004, 1.8613505237616152, -1.399248123458735]",True,150,True,True,,,39132145
trajectory_00_trac_strict_20ms_r2,trajectory_00,ba9bbb877bd562764b9ad1fe612339400f4396f8e4e3ccdd742d4a4326684c27,smooth,trac_strict_20ms,2,150,"[1.8045525647893919, 0.2263076606986511, -0.3372067100575985, -1.8921996499596407, -0.11880835884944438, 1.6265685925609459, 0.3582006672127863]",True,150,True,True,,,37068192
trajectory_05_trac_strict_5ms_r0,trajectory_05,972b6c7f62ad2d88a1171405175e002fe4dad516aaa6300e4c090613265f4592,smooth,trac_strict_5ms,0,150,"[-0.9892198445653801, 0.2872736026545637, 1.0138596631306713, -1.6464611733727983, 0.3087200674841857, 2.593075401037617, 1.3721903607232058]",True,150,True,True,,,35295431
trajectory_39_dls_strict_r0,trajectory_39,380513eac133b886f7e375e39250059ba16f3133d3a5d3b8ff244470af2eb5ae,high_curvature,dls_strict,0,150,"[-0.307114665759767, -0.09197021608207229, -0.14399381623305213, -1.4276557589841654, -0.748637356572919, 0.9586713226335238, 0.7436312353884212]",True,150,True,True,,,149266518
trajectory_06_trac_strict_5ms_r2,trajectory_06,0c2a95a498c1bf13c2df4295db29a5367cf069e157e300d36211ce1951b2bf0e,smooth,trac_strict_5ms,2,150,"[0.04879635360993188, 0.4722176505702096, -1.4167735850820002, -1.0592469194557286, -1.4030963489481403, 2.431844026251526, -1.5459525993409735]",True,150,True,True,,,35817938
trajectory_31_trac_task_5ms_r2,trajectory_31,b88225558b53c7528d4fc1a56455ceac395ea6a65306515006580362af026e1e,high_curvature,trac_task_5ms,2,150,"[0.7241810171763957, -0.3087602434544925, -0.09772781078700638, -1.9130376188154201, 1.101742620368236, 2.5937868082135385, -1.6068193266811197]",True,150,True,True,,,35755193
trajectory_37_trac_strict_20ms_r0,trajectory_37,c27c85dfc1ac902402f2c27d5ecd007325d528654413acef4dab0af30af48583,high_curvature,trac_strict_20ms,0,150,"[-0.6274437144957354, 0.3078222635735559, 0.945096585024112, -2.0400645352277924, 0.6319408541590963, 1.7086604841095687, 0.06980067635767206]",True,150,True,True,,,33130159
trajectory_23_trac_strict_20ms_r1,trajectory_23,703e80ee1a10cacc408a225bf4b9b1d1a8b7cd7c18ef82408fe61c8b6b1a1fa4,joint_limit_return,trac_strict_20ms,1,150,"[1.5552069472326666, -0.09386180337858052, 1.172032425903462, -1.5681437929380007, 0.6237919629324234, 1.433829794801732, 2.5953000000000004]",True,150,True,True,,,38270678
trajectory_30_dls_strict_r0,trajectory_30,f77f30aad07c01747cccac5f99de0454266b5b9453dc6357da97f2c8d2529cfc,high_curvature,dls_strict,0,150,"[-0.39310145848585587, -0.6845806395722984, -1.2736963660852803, -0.9229715773785083, -0.8930553735853004, 2.3149905873608216, 1.6893288223417833]",True,150,True,True,,,139869108
trajectory_32_dls_task_r0,trajectory_32,f786741c9f59d7d552811f1959141226fb4d169d5c149b34b1fb99edb7839b2c,high_curvature,dls_task,0,150,"[1.1885466475819153, 0.7842913650765752, -0.6632590565683685, -1.837449333650879, 0.35183789772108187, 2.7949832084733055, 1.0425923000714907]",True,150,True,True,,,90361739
trajectory_06_trac_strict_20ms_r1,trajectory_06,0c2a95a498c1bf13c2df4295db29a5367cf069e157e300d36211ce1951b2bf0e,smooth,trac_strict_20ms,1,150,"[0.04879635360993188, 0.4722176505702096, -1.4167735850820002, -1.0592469194557286, -1.4030963489481403, 2.431844026251526, -1.5459525993409735]",True,150,True,True,,,36670208
trajectory_01_trac_strict_5ms_r1,trajectory_01,a62f788b8607be02b7f7a70f0234d741c3a3ffbce60a66d892cb748dca4ac32c,smooth,trac_strict_5ms,1,150,"[0.9351044192022548, -0.14092294260565763, 1.1097168230381158, -1.7716969820509143, -0.07390793549601962, 1.2633334208331923, -0.15531616098432066]",True,150,True,True,,,36067328
trajectory_29_trac_strict_20ms_r0,trajectory_29,16ab30a670ddc1bb59f64aa11421a7a95e2a13b391b17e7261a85fb14178c0bc,joint_limit_return,trac_strict_20ms,0,150,"[-1.2650513767980658, -0.43971291762964715, -1.3728146429403614, -1.7544168184300677, 0.3698512018232597, 3.4505000000000003, 0.05150820077903298]",True,150,True,True,,,34174909
trajectory_28_trac_strict_5ms_r2,trajectory_28,41c501982d64297056fe7d1239938d5f0fb508b8c32ed74b2b5c72d3bf1ddba1,joint_limit_return,trac_strict_5ms,2,150,"[1.0002694865926336, -0.6952350165551249, -0.27533203313792715, -0.3718, 0.871667779279456, 2.582756878731669, 1.5950274657528718]",True,150,True,True,,,31805662
trajectory_10_trac_strict_20ms_r2,trajectory_10,525ed23e41917cce27c978b0c676be43016f2541aa51a8185bbab7e6ce610192,near_singular,trac_strict_20ms,2,150,"[-1.011132834258865, 1.2328036941230358, 1.0828296380174245, -0.1764294550010968, 1.461251904355215, 1.5780051923310203, -2.420315024677472]",False,70,False,False,70,internal_nonconvergence+position_tolerance+orientation_tolerance,1653094610
trajectory_02_trac_task_20ms_r0,trajectory_02,98b02d6a697ef616fb15325aca1f5748ceba5d966785b4f1677767ebff16420f,smooth,trac_task_20ms,0,150,"[0.056557153600618394, -0.4657534384121058, -1.1419831974705708, -1.4383966732452471, 1.331994761005881, 1.3188297469261385, 1.1179755468881623]",True,150,True,True,,,36010978
trajectory_12_trac_task_20ms_r1,trajectory_12,ea5503530085a4b7fba1457389f090742de31c9aa6ebe8907aa867289b032370,near_singular,trac_task_20ms,1,150,"[0.8822446021518249, 0.32307848886988044, 1.1099170111061665, -0.5311475740193101, 1.6436929333293564, 3.0234363006954905, 2.1297500197666706]",False,93,False,False,93,internal_nonconvergence+position_tolerance+orientation_tolerance,1196577077
trajectory_32_trac_task_5ms_r0,trajectory_32,f786741c9f59d7d552811f1959141226fb4d169d5c149b34b1fb99edb7839b2c,high_curvature,trac_task_5ms,0,150,"[1.1885466475819153, 0.7842913650765752, -0.6632590565683685, -1.837449333650879, 0.35183789772108187, 2.7949832084733055, 1.0425923000714907]",True,150,True,True,,,33947469
trajectory_33_trac_strict_20ms_r1,trajectory_33,8ffc69b10a990e9806b11a88aa9d56ad2edaf960a5dbd463eff00cf8c0b24859,high_curvature,trac_strict_20ms,1,150,"[1.1325331407798795, -0.24168033549200896, 1.142004970794806, -1.6131923278761438, -0.5890204370403808, 2.139254897660019, 1.6872434359450823]",True,150,True,True,,,35006527
trajectory_24_trac_task_5ms_r2,trajectory_24,125d0ba81f8f99703f34ce79c430375e614edd8d7281141ad9df7e9828fed992,joint_limit_return,trac_task_5ms,2,150,"[2.5953000000000004, 0.13956271326757885, 0.012917759794865924, -1.129547239807192, -0.17947528622231393, 2.5808292285913783, 1.268060620760703]",True,150,True,True,,,30689051
trajectory_13_trac_task_20ms_r1,trajectory_13,49e505b5dd8506da453322d27fabacda172e9baf611dd7b1ccac4b4220f68113,near_singular,trac_task_20ms,1,150,"[-0.5642432075369469, -0.15715193578438877, -2.1345451119679355, -0.7142783897493015, 1.3154620627371993, 2.589163366799795, -0.8723786480923549]",True,150,True,True,,,33035593
trajectory_26_trac_task_5ms_r1,trajectory_26,b47f91198895baa3999a406c9c32516cd3e78dd7e42a8bccccc4cd058a03020a,joint_limit_return,trac_task_5ms,1,150,"[-1.2550342189217967, 0.8686761431733064, 0.2653256626716707, -0.6211012746516752, 2.5953000000000004, 2.9384634835047447, 0.6912608648491174]",False,71,True,False,71,internal_nonconvergence+position_tolerance+orientation_tolerance,437101471
trajectory_01_trac_strict_5ms_r0,trajectory_01,a62f788b8607be02b7f7a70f0234d741c3a3ffbce60a66d892cb748dca4ac32c,smooth,trac_strict_5ms,0,150,"[0.9351044192022548, -0.14092294260565763, 1.1097168230381158, -1.7716969820509143, -0.07390793549601962, 1.2633334208331923, -0.15531616098432066]",True,150,True,True,,,33201121
trajectory_26_trac_strict_5ms_r0,trajectory_26,b47f91198895baa3999a406c9c32516cd3e78dd7e42a8bccccc4cd058a03020a,joint_limit_return,trac_strict_5ms,0,150,"[-1.2550342189217967, 0.8686761431733064, 0.2653256626716707, -0.6211012746516752, 2.5953000000000004, 2.9384634835047447, 0.6912608648491174]",False,68,True,False,68,internal_nonconvergence+position_tolerance+orientation_tolerance,450867509
trajectory_39_trac_task_5ms_r0,trajectory_39,380513eac133b886f7e375e39250059ba16f3133d3a5d3b8ff244470af2eb5ae,high_curvature,trac_task_5ms,0,150,"[-0.307114665759767, -0.09197021608207229, -0.14399381623305213, -1.4276557589841654, -0.748637356572919, 0.9586713226335238, 0.7436312353884212]",True,150,True,True,,,35545314
trajectory_04_trac_strict_5ms_r1,trajectory_04,ea5e2ac9bfe24625cf9368e4931dfe5a7f878c028b94ce7ca271455c05bad4e6,smooth,trac_strict_5ms,1,150,"[0.8764503189741217, 0.2484545572474624, 0.9858623530365795, -0.9168201917228007, 0.7620304348171548, 0.7162060872997005, 0.4674653348124861]",True,150,True,True,,,33345535
trajectory_21_trac_strict_20ms_r0,trajectory_21,4afc296390cd2da8318a4ba9544aebe6e73de828b20fea6cbaeedda3bf7a189f,joint_limit_return,trac_strict_20ms,0,150,"[0.6383027055682345, 1.4607999999999999, 1.3891908132826067, -1.370218783454471, -0.470730268965795, 1.706755020082932, 0.09698989258391427]",True,150,True,True,,,37576630
trajectory_27_trac_strict_5ms_r2,trajectory_27,62749969a81aa229bd98bbc6a77941b40960bf5ae0886a5dfe36f5eff62e5c1c,joint_limit_return,trac_strict_5ms,2,150,"[0.11013187782707023, 0.08261373920335854, 0.2680269950055522, -1.4842978898814214, -0.8055537512624422, 3.4505000000000003, -0.21451778603021388]",True,150,True,True,,,33884036
trajectory_36_trac_task_5ms_r0,trajectory_36,fd96ca4300b705b343cbde5bb7d97076acca0d187b1d78fc9094c6cac23b640b,high_curvature,trac_task_5ms,0,150,"[0.40000408668931736, -0.48746864683241387, -0.584845899901387, -1.4547797451769853, -1.1073320862801925, 2.415286074104135, 0.5552344850418183]",True,150,True,True,,,30406302
trajectory_37_trac_strict_5ms_r1,trajectory_37,c27c85dfc1ac902402f2c27d5ecd007325d528654413acef4dab0af30af48583,high_curvature,trac_strict_5ms,1,150,"[-0.6274437144957354, 0.3078222635735559, 0.945096585024112, -2.0400645352277924, 0.6319408541590963, 1.7086604841095687, 0.06980067635767206]",True,150,True,True,,,34739240
trajectory_08_trac_task_20ms_r0,trajectory_08,a74d26d3694c4e4d15b8817c29ef75a4bd43cb4d8d1ebf3ae4154e26d80ab4a4,smooth,trac_task_20ms,0,150,"[-1.462696734239917, -0.2789995870774813, 0.4845991838372743, -1.2110958349056624, -0.03164688393548826, 2.250389768298455, 1.3413988619998096]",True,150,True,True,,,32222102
trajectory_17_trac_strict_20ms_r0,trajectory_17,ca9065ec04392f64d1cce7cea6e6ae7ba224495be6a41fa0902e34ddeb925465,near_singular,trac_strict_20ms,0,150,"[2.1369191868103536, 0.25626421705746927, 1.7066903334546386, -0.2229465464073862, 0.9240499189826179, 0.43592582302604443, -0.3475443071969706]",False,115,False,False,115,internal_nonconvergence+position_tolerance,746164555
trajectory_19_trac_task_20ms_r1,trajectory_19,9a94337fb5b3319c8ba9dcce20e827630b16d9a348f1f3aa8709c5d0df3406af,near_singular,trac_task_20ms,1,150,"[-0.03060445922038979, -0.3593492877060506, -1.2467035941951523, -0.126137630567838, 0.8699032398592739, 2.160835781962167, 0.24650263438720615]",True,150,True,True,,,41691602
trajectory_26_trac_strict_20ms_r2,trajectory_26,b47f91198895baa3999a406c9c32516cd3e78dd7e42a8bccccc4cd058a03020a,joint_limit_return,trac_strict_20ms,2,150,"[-1.2550342189217967, 0.8686761431733064, 0.2653256626716707, -0.6211012746516752, 2.5953000000000004, 2.9384634835047447, 0.6912608648491174]",False,68,False,False,68,internal_nonconvergence+position_tolerance+orientation_tolerance,1690696096
trajectory_26_trac_task_20ms_r1,trajectory_26,b47f91198895baa3999a406c9c32516cd3e78dd7e42a8bccccc4cd058a03020a,joint_limit_return,trac_task_20ms,1,150,"[-1.2550342189217967, 0.8686761431733064, 0.2653256626716707, -0.6211012746516752, 2.5953000000000004, 2.9384634835047447, 0.6912608648491174]",True,150,True,True,,,54764747
trajectory_23_trac_strict_20ms_r2,trajectory_23,703e80ee1a10cacc408a225bf4b9b1d1a8b7cd7c18ef82408fe61c8b6b1a1fa4,joint_limit_return,trac_strict_20ms,2,150,"[1.5552069472326666, -0.09386180337858052, 1.172032425903462, -1.5681437929380007, 0.6237919629324234, 1.433829794801732, 2.5953000000000004]",True,150,True,True,,,38368918
trajectory_07_dls_strict_r0,trajectory_07,cdb906e5ffe0888b5856461ef6bee1b8809232e928fd853beb25f1903a7d798a,smooth,dls_strict,0,150,"[-1.5394992506035106, 0.6108787929871341, 0.9928113030330141, -2.067733972795519, -0.1098307781822299, 1.1059518538522677, 1.6698609544803817]",True,150,True,True,,,140324671
trajectory_16_trac_task_20ms_r0,trajectory_16,40c3eae024871d71025c88c09b1bbffc1b50b311548d53112ed8d4118883654a,near_singular,trac_task_20ms,0,150,"[-0.8330069728077155, 0.9059204298240433, -1.2848682345049904, -0.942479272733609, 1.2252181668764945, 3.752499, -2.3388414437479788]",True,150,True,True,,,32710897
trajectory_17_trac_strict_20ms_r1,trajectory_17,ca9065ec04392f64d1cce7cea6e6ae7ba224495be6a41fa0902e34ddeb925465,near_singular,trac_strict_20ms,1,150,"[2.1369191868103536, 0.25626421705746927, 1.7066903334546386, -0.2229465464073862, 0.9240499189826179, 0.43592582302604443, -0.3475443071969706]",False,115,False,False,115,internal_nonconvergence+position_tolerance,745308652
trajectory_05_trac_strict_5ms_r2,trajectory_05,972b6c7f62ad2d88a1171405175e002fe4dad516aaa6300e4c090613265f4592,smooth,trac_strict_5ms,2,150,"[-0.9892198445653801, 0.2872736026545637, 1.0138596631306713, -1.6464611733727983, 0.3087200674841857, 2.593075401037617, 1.3721903607232058]",True,150,True,True,,,31518349
trajectory_38_trac_strict_20ms_r1,trajectory_38,827f4c481262ed599d5a62ea92d72f83f9d2baecaa5e733c4c0018e796d573d5,high_curvature,trac_strict_20ms,1,150,"[-0.536127060911361, -0.08141725730239946, 0.043470427836753756, -0.9476503459108423, 0.4437330072682833, 1.5864989045962217, 0.01054171868407297]",True,150,True,True,,,34742122
trajectory_31_trac_strict_5ms_r1,trajectory_31,b88225558b53c7528d4fc1a56455ceac395ea6a65306515006580362af026e1e,high_curvature,trac_strict_5ms,1,150,"[0.7241810171763957, -0.3087602434544925, -0.09772781078700638, -1.9130376188154201, 1.101742620368236, 2.5937868082135385, -1.6068193266811197]",True,150,True,True,,,33054341
trajectory_20_trac_strict_5ms_r0,trajectory_20,5560810f9d87891ba612f00a19811ec608860538b5dbf8f478a2cc168f4d1547,joint_limit_return,trac_strict_5ms,0,150,"[-0.22148567967826394, -0.6085874328213129, 1.3965318127137998, -1.7582177758063704, 2.5953000000000004, 1.8613505237616152, -1.399248123458735]",True,150,True,True,,,34689955
trajectory_33_trac_task_5ms_r2,trajectory_33,8ffc69b10a990e9806b11a88aa9d56ad2edaf960a5dbd463eff00cf8c0b24859,high_curvature,trac_task_5ms,2,150,"[1.1325331407798795, -0.24168033549200896, 1.142004970794806, -1.6131923278761438, -0.5890204370403808, 2.139254897660019, 1.6872434359450823]",True,150,True,True,,,29903124
trajectory_01_trac_strict_20ms_r2,trajectory_01,a62f788b8607be02b7f7a70f0234d741c3a3ffbce60a66d892cb748dca4ac32c,smooth,trac_strict_20ms,2,150,"[0.9351044192022548, -0.14092294260565763, 1.1097168230381158, -1.7716969820509143, -0.07390793549601962, 1.2633334208331923, -0.15531616098432066]",True,150,True,True,,,37354950
trajectory_34_trac_strict_5ms_r1,trajectory_34,bb2d7133de7083285ff7ede00b959e62fc3bf5dc626bfa521b77361d0f3f759e,high_curvature,trac_strict_5ms,1,150,"[-1.1592058713003646, 0.1964021212531033, -0.5464022436655562, -1.1510687856947253, -1.2981413533683839, 1.8437018291450857, 1.1925764049191467]",True,150,True,True,,,36162313
trajectory_05_trac_strict_20ms_r0,trajectory_05,972b6c7f62ad2d88a1171405175e002fe4dad516aaa6300e4c090613265f4592,smooth,trac_strict_20ms,0,150,"[-0.9892198445653801, 0.2872736026545637, 1.0138596631306713, -1.6464611733727983, 0.3087200674841857, 2.593075401037617, 1.3721903607232058]",True,150,True,True,,,33508927
trajectory_18_trac_strict_5ms_r0,trajectory_18,c99e2c9b46eb1858a0dd2f525833e49b6f0b7c25001781f1b00044934372d935,near_singular,trac_strict_5ms,0,150,"[-1.5238361610017774, -1.3484634516894036, 1.547551062431669, -0.6383213619062299, -0.5574062353674284, 1.0866475237195234, -2.8075372986730716]",True,150,True,True,,,40782041
trajectory_16_trac_task_5ms_r2,trajectory_16,40c3eae024871d71025c88c09b1bbffc1b50b311548d53112ed8d4118883654a,near_singular,trac_task_5ms,2,150,"[-0.8330069728077155, 0.9059204298240433, -1.2848682345049904, -0.942479272733609, 1.2252181668764945, 3.752499, -2.3388414437479788]",True,150,True,True,,,31380751
trajectory_17_dls_strict_r0,trajectory_17,ca9065ec04392f64d1cce7cea6e6ae7ba224495be6a41fa0902e34ddeb925465,near_singular,dls_strict,0,150,"[2.1369191868103536, 0.25626421705746927, 1.7066903334546386, -0.2229465464073862, 0.9240499189826179, 0.43592582302604443, -0.3475443071969706]",False,97,True,False,97,internal_nonconvergence+position_tolerance,1219849016
trajectory_19_trac_task_20ms_r2,trajectory_19,9a94337fb5b3319c8ba9dcce20e827630b16d9a348f1f3aa8709c5d0df3406af,near_singular,trac_task_20ms,2,150,"[-0.03060445922038979, -0.3593492877060506, -1.2467035941951523, -0.126137630567838, 0.8699032398592739, 2.160835781962167, 0.24650263438720615]",True,150,True,True,,,49605470
trajectory_32_trac_task_5ms_r2,trajectory_32,f786741c9f59d7d552811f1959141226fb4d169d5c149b34b1fb99edb7839b2c,high_curvature,trac_task_5ms,2,150,"[1.1885466475819153, 0.7842913650765752, -0.6632590565683685, -1.837449333650879, 0.35183789772108187, 2.7949832084733055, 1.0425923000714907]",True,150,True,True,,,31635357
trajectory_30_dls_task_r0,trajectory_30,f77f30aad07c01747cccac5f99de0454266b5b9453dc6357da97f2c8d2529cfc,high_curvature,dls_task,0,150,"[-0.39310145848585587, -0.6845806395722984, -1.2736963660852803, -0.9229715773785083, -0.8930553735853004, 2.3149905873608216, 1.6893288223417833]",True,150,True,True,,,90265486
trajectory_09_trac_task_20ms_r1,trajectory_09,6b43e53a09d43b068012e38e4082dc1a83a7da4ac12d3b1a7c10621fab8498a4,smooth,trac_task_20ms,1,150,"[-0.8367052668124645, -0.3490568543459072, 0.3621738339902801, -1.736849667613814, 0.3776862381049445, 0.9048085081579296, 0.8919601144745188]",True,150,True,True,,,31129479
trajectory_30_trac_strict_20ms_r0,trajectory_30,f77f30aad07c01747cccac5f99de0454266b5b9453dc6357da97f2c8d2529cfc,high_curvature,trac_strict_20ms,0,150,"[-0.39310145848585587, -0.6845806395722984, -1.2736963660852803, -0.9229715773785083, -0.8930553735853004, 2.3149905873608216, 1.6893288223417833]",True,150,True,True,,,39907322
trajectory_21_trac_strict_5ms_r2,trajectory_21,4afc296390cd2da8318a4ba9544aebe6e73de828b20fea6cbaeedda3bf7a189f,joint_limit_return,trac_strict_5ms,2,150,"[0.6383027055682345, 1.4607999999999999, 1.3891908132826067, -1.370218783454471, -0.470730268965795, 1.706755020082932, 0.09698989258391427]",True,150,True,True,,,38718554
trajectory_07_trac_task_20ms_r1,trajectory_07,cdb906e5ffe0888b5856461ef6bee1b8809232e928fd853beb25f1903a7d798a,smooth,trac_task_20ms,1,150,"[-1.5394992506035106, 0.6108787929871341, 0.9928113030330141, -2.067733972795519, -0.1098307781822299, 1.1059518538522677, 1.6698609544803817]",True,150,True,True,,,36943929
trajectory_12_trac_strict_5ms_r0,trajectory_12,ea5503530085a4b7fba1457389f090742de31c9aa6ebe8907aa867289b032370,near_singular,trac_strict_5ms,0,150,"[0.8822446021518249, 0.32307848886988044, 1.1099170111061665, -0.5311475740193101, 1.6436929333293564, 3.0234363006954905, 2.1297500197666706]",False,76,True,False,76,internal_nonconvergence+position_tolerance+orientation_tolerance,414685152
trajectory_06_trac_strict_20ms_r2,trajectory_06,0c2a95a498c1bf13c2df4295db29a5367cf069e157e300d36211ce1951b2bf0e,smooth,trac_strict_20ms,2,150,"[0.04879635360993188, 0.4722176505702096, -1.4167735850820002, -1.0592469194557286, -1.4030963489481403, 2.431844026251526, -1.5459525993409735]",True,150,True,True,,,34606882
trajectory_39_trac_task_20ms_r0,trajectory_39,380513eac133b886f7e375e39250059ba16f3133d3a5d3b8ff244470af2eb5ae,high_curvature,trac_task_20ms,0,150,"[-0.307114665759767, -0.09197021608207229, -0.14399381623305213, -1.4276557589841654, -0.748637356572919, 0.9586713226335238, 0.7436312353884212]",True,150,True,True,,,33565371
trajectory_01_trac_task_20ms_r1,trajectory_01,a62f788b8607be02b7f7a70f0234d741c3a3ffbce60a66d892cb748dca4ac32c,smooth,trac_task_20ms,1,150,"[0.9351044192022548, -0.14092294260565763, 1.1097168230381158, -1.7716969820509143, -0.07390793549601962, 1.2633334208331923, -0.15531616098432066]",True,150,True,True,,,33821131
trajectory_13_dls_strict_r0,trajectory_13,49e505b5dd8506da453322d27fabacda172e9baf611dd7b1ccac4b4220f68113,near_singular,dls_strict,0,150,"[-0.5642432075369469, -0.15715193578438877, -2.1345451119679355, -0.7142783897493015, 1.3154620627371993, 2.589163366799795, -0.8723786480923549]",True,150,True,True,,,583571868
trajectory_04_trac_strict_5ms_r0,trajectory_04,ea5e2ac9bfe24625cf9368e4931dfe5a7f878c028b94ce7ca271455c05bad4e6,smooth,trac_strict_5ms,0,150,"[0.8764503189741217, 0.2484545572474624, 0.9858623530365795, -0.9168201917228007, 0.7620304348171548, 0.7162060872997005, 0.4674653348124861]",True,150,True,True,,,34268962
trajectory_21_dls_task_r0,trajectory_21,4afc296390cd2da8318a4ba9544aebe6e73de828b20fea6cbaeedda3bf7a189f,joint_limit_return,dls_task,0,150,"[0.6383027055682345, 1.4607999999999999, 1.3891908132826067, -1.370218783454471, -0.470730268965795, 1.706755020082932, 0.09698989258391427]",True,150,True,True,,,91958164
trajectory_22_trac_task_5ms_r2,trajectory_22,166f9f9c01b7bdb7e23bb78eb834aa40e45e3eac2d5c263419996286861ad9dc,joint_limit_return,trac_task_5ms,2,150,"[2.5953000000000004, -0.3393281371969309, 0.019766507731749983, -1.9773861498909304, -1.5773208606503901, 2.5071508027378084, -1.2995698575115116]",True,150,True,True,,,35455346
trajectory_19_trac_strict_5ms_r2,trajectory_19,9a94337fb5b3319c8ba9dcce20e827630b16d9a348f1f3aa8709c5d0df3406af,near_singular,trac_strict_5ms,2,150,"[-0.03060445922038979, -0.3593492877060506, -1.2467035941951523, -0.126137630567838, 0.8699032398592739, 2.160835781962167, 0.24650263438720615]",False,98,True,False,98,internal_nonconvergence+position_tolerance+orientation_tolerance,300100473
trajectory_13_trac_task_5ms_r2,trajectory_13,49e505b5dd8506da453322d27fabacda172e9baf611dd7b1ccac4b4220f68113,near_singular,trac_task_5ms,2,150,"[-0.5642432075369469, -0.15715193578438877, -2.1345451119679355, -0.7142783897493015, 1.3154620627371993, 2.589163366799795, -0.8723786480923549]",True,150,True,True,,,31851483
trajectory_11_trac_task_5ms_r1,trajectory_11,d8e06950cec2579c739f7f6d3dbb3628755dfd76be5740fad3bec38b4ef94cc6,near_singular,trac_task_5ms,1,150,"[0.7392426362897311, -0.4541309806557701, 0.33920593071132676, -0.7226118979205809, 0.42217218197389644, 1.706232479295894, 1.7255318152236154]",True,150,True,True,,,31429413
trajectory_20_trac_task_20ms_r0,trajectory_20,5560810f9d87891ba612f00a19811ec608860538b5dbf8f478a2cc168f4d1547,joint_limit_return,trac_task_20ms,0,150,"[-0.22148567967826394, -0.6085874328213129, 1.3965318127137998, -1.7582177758063704, 2.5953000000000004, 1.8613505237616152, -1.399248123458735]",True,150,True,True,,,32663872
trajectory_36_trac_task_20ms_r2,trajectory_36,fd96ca4300b705b343cbde5bb7d97076acca0d187b1d78fc9094c6cac23b640b,high_curvature,trac_task_20ms,2,150,"[0.40000408668931736, -0.48746864683241387, -0.584845899901387, -1.4547797451769853, -1.1073320862801925, 2.415286074104135, 0.5552344850418183]",True,150,True,True,,,32480535
trajectory_20_trac_task_5ms_r0,trajectory_20,5560810f9d87891ba612f00a19811ec608860538b5dbf8f478a2cc168f4d1547,joint_limit_return,trac_task_5ms,0,150,"[-0.22148567967826394, -0.6085874328213129, 1.3965318127137998, -1.7582177758063704, 2.5953000000000004, 1.8613505237616152, -1.399248123458735]",True,150,True,True,,,31248292
trajectory_18_trac_task_20ms_r0,trajectory_18,c99e2c9b46eb1858a0dd2f525833e49b6f0b7c25001781f1b00044934372d935,near_singular,trac_task_20ms,0,150,"[-1.5238361610017774, -1.3484634516894036, 1.547551062431669, -0.6383213619062299, -0.5574062353674284, 1.0866475237195234, -2.8075372986730716]",True,150,True,True,,,34394701
trajectory_25_trac_strict_20ms_r2,trajectory_25,6f61a4f090c2631561aee85944d25bbb3ec9ae75f330ddc67dd8f755fa60ea51,joint_limit_return,trac_strict_20ms,2,150,"[-1.68136092204677, -0.28323103047534404, -0.8589129683281165, -1.9157352916331027, 2.5953000000000004, 1.7085843453390148, 0.4930637350679936]",True,150,True,True,,,39374585
trajectory_05_trac_task_5ms_r0,trajectory_05,972b6c7f62ad2d88a1171405175e002fe4dad516aaa6300e4c090613265f4592,smooth,trac_task_5ms,0,150,"[-0.9892198445653801, 0.2872736026545637, 1.0138596631306713, -1.6464611733727983, 0.3087200674841857, 2.593075401037617, 1.3721903607232058]",True,150,True,True,,,32434186
trajectory_11_trac_strict_20ms_r1,trajectory_11,d8e06950cec2579c739f7f6d3dbb3628755dfd76be5740fad3bec38b4ef94cc6,near_singular,trac_strict_20ms,1,150,"[0.7392426362897311, -0.4541309806557701, 0.33920593071132676, -0.7226118979205809, 0.42217218197389644, 1.706232479295894, 1.7255318152236154]",True,150,True,True,,,32053069
trajectory_35_trac_strict_5ms_r2,trajectory_35,e7257c22abc9d850802582540365f4bc972868280e40708e45700776b6ad2aca,high_curvature,trac_strict_5ms,2,150,"[-1.1784869165560794, -0.41420567401016906, 0.7736549798252395, -1.7484750155884423, -0.8774782440807752, 1.7201431087931345, -1.161308223083616]",True,150,True,True,,,33231593
trajectory_17_trac_task_20ms_r2,trajectory_17,ca9065ec04392f64d1cce7cea6e6ae7ba224495be6a41fa0902e34ddeb925465,near_singular,trac_task_20ms,2,150,"[2.1369191868103536, 0.25626421705746927, 1.7066903334546386, -0.2229465464073862, 0.9240499189826179, 0.43592582302604443, -0.3475443071969706]",False,119,False,False,119,internal_nonconvergence+position_tolerance+orientation_tolerance,664130849
trajectory_32_trac_strict_20ms_r2,trajectory_32,f786741c9f59d7d552811f1959141226fb4d169d5c149b34b1fb99edb7839b2c,high_curvature,trac_strict_20ms,2,150,"[1.1885466475819153, 0.7842913650765752, -0.6632590565683685, -1.837449333650879, 0.35183789772108187, 2.7949832084733055, 1.0425923000714907]",True,150,True,True,,,35408101
trajectory_33_trac_strict_20ms_r2,trajectory_33,8ffc69b10a990e9806b11a88aa9d56ad2edaf960a5dbd463eff00cf8c0b24859,high_curvature,trac_strict_20ms,2,150,"[1.1325331407798795, -0.24168033549200896, 1.142004970794806, -1.6131923278761438, -0.5890204370403808, 2.139254897660019, 1.6872434359450823]",True,150,True,True,,,32890442
trajectory_01_dls_task_r0,trajectory_01,a62f788b8607be02b7f7a70f0234d741c3a3ffbce60a66d892cb748dca4ac32c,smooth,dls_task,0,150,"[0.9351044192022548, -0.14092294260565763, 1.1097168230381158, -1.7716969820509143, -0.07390793549601962, 1.2633334208331923, -0.15531616098432066]",True,150,True,True,,,93104224
trajectory_08_trac_strict_5ms_r1,trajectory_08,a74d26d3694c4e4d15b8817c29ef75a4bd43cb4d8d1ebf3ae4154e26d80ab4a4,smooth,trac_strict_5ms,1,150,"[-1.462696734239917, -0.2789995870774813, 0.4845991838372743, -1.2110958349056624, -0.03164688393548826, 2.250389768298455, 1.3413988619998096]",True,150,True,True,,,37544528
trajectory_26_trac_task_20ms_r0,trajectory_26,b47f91198895baa3999a406c9c32516cd3e78dd7e42a8bccccc4cd058a03020a,joint_limit_return,trac_task_20ms,0,150,"[-1.2550342189217967, 0.8686761431733064, 0.2653256626716707, -0.6211012746516752, 2.5953000000000004, 2.9384634835047447, 0.6912608648491174]",False,74,False,False,74,internal_nonconvergence+position_tolerance+orientation_tolerance,1591278212
trajectory_37_trac_task_20ms_r1,trajectory_37,c27c85dfc1ac902402f2c27d5ecd007325d528654413acef4dab0af30af48583,high_curvature,trac_task_20ms,1,150,"[-0.6274437144957354, 0.3078222635735559, 0.945096585024112, -2.0400645352277924, 0.6319408541590963, 1.7086604841095687, 0.06980067635767206]",True,150,True,True,,,34007654
trajectory_13_trac_strict_5ms_r2,trajectory_13,49e505b5dd8506da453322d27fabacda172e9baf611dd7b1ccac4b4220f68113,near_singular,trac_strict_5ms,2,150,"[-0.5642432075369469, -0.15715193578438877, -2.1345451119679355, -0.7142783897493015, 1.3154620627371993, 2.589163366799795, -0.8723786480923549]",True,150,True,True,,,37140282
trajectory_14_trac_strict_5ms_r1,trajectory_14,4e626ba28da6a8d45d22f023c3732e2d796c83a0e74df2aa41168fe26f6dccab,near_singular,trac_strict_5ms,1,150,"[-2.327317529874332, 0.28843825003694556, 2.0855301983360475, -0.7889771403739102, -2.6817228062679397, 2.5559366733107627, -1.2744275290899756]",False,113,True,False,113,internal_nonconvergence+position_tolerance,226501885
trajectory_10_trac_task_5ms_r2,trajectory_10,525ed23e41917cce27c978b0c676be43016f2541aa51a8185bbab7e6ce610192,near_singular,trac_task_5ms,2,150,"[-1.011132834258865, 1.2328036941230358, 1.0828296380174245, -0.1764294550010968, 1.461251904355215, 1.5780051923310203, -2.420315024677472]",True,150,True,True,,,30317452
trajectory_04_dls_task_r0,trajectory_04,ea5e2ac9bfe24625cf9368e4931dfe5a7f878c028b94ce7ca271455c05bad4e6,smooth,dls_task,0,150,"[0.8764503189741217, 0.2484545572474624, 0.9858623530365795, -0.9168201917228007, 0.7620304348171548, 0.7162060872997005, 0.4674653348124861]",True,150,True,True,,,90092203
trajectory_02_trac_task_20ms_r1,trajectory_02,98b02d6a697ef616fb15325aca1f5748ceba5d966785b4f1677767ebff16420f,smooth,trac_task_20ms,1,150,"[0.056557153600618394, -0.4657534384121058, -1.1419831974705708, -1.4383966732452471, 1.331994761005881, 1.3188297469261385, 1.1179755468881623]",True,150,True,True,,,32793726
trajectory_08_trac_task_5ms_r0,trajectory_08,a74d26d3694c4e4d15b8817c29ef75a4bd43cb4d8d1ebf3ae4154e26d80ab4a4,smooth,trac_task_5ms,0,150,"[-1.462696734239917, -0.2789995870774813, 0.4845991838372743, -1.2110958349056624, -0.03164688393548826, 2.250389768298455, 1.3413988619998096]",True,150,True,True,,,36159992
trajectory_31_dls_task_r0,trajectory_31,b88225558b53c7528d4fc1a56455ceac395ea6a65306515006580362af026e1e,high_curvature,dls_task,0,150,"[0.7241810171763957, -0.3087602434544925, -0.09772781078700638, -1.9130376188154201, 1.101742620368236, 2.5937868082135385, -1.6068193266811197]",True,150,True,True,,,98813254
trajectory_18_trac_task_20ms_r1,trajectory_18,c99e2c9b46eb1858a0dd2f525833e49b6f0b7c25001781f1b00044934372d935,near_singular,trac_task_20ms,1,150,"[-1.5238361610017774, -1.3484634516894036, 1.547551062431669, -0.6383213619062299, -0.5574062353674284, 1.0866475237195234, -2.8075372986730716]",True,150,True,True,,,31669904
trajectory_10_dls_strict_r0,trajectory_10,525ed23e41917cce27c978b0c676be43016f2541aa51a8185bbab7e6ce610192,near_singular,dls_strict,0,150,"[-1.011132834258865, 1.2328036941230358, 1.0828296380174245, -0.1764294550010968, 1.461251904355215, 1.5780051923310203, -2.420315024677472]",True,150,True,True,,,433354018
trajectory_17_dls_task_r0,trajectory_17,ca9065ec04392f64d1cce7cea6e6ae7ba224495be6a41fa0902e34ddeb925465,near_singular,dls_task,0,150,"[2.1369191868103536, 0.25626421705746927, 1.7066903334546386, -0.2229465464073862, 0.9240499189826179, 0.43592582302604443, -0.3475443071969706]",False,97,True,False,97,internal_nonconvergence+position_tolerance,449106353
trajectory_31_trac_task_20ms_r2,trajectory_31,b88225558b53c7528d4fc1a56455ceac395ea6a65306515006580362af026e1e,high_curvature,trac_task_20ms,2,150,"[0.7241810171763957, -0.3087602434544925, -0.09772781078700638, -1.9130376188154201, 1.101742620368236, 2.5937868082135385, -1.6068193266811197]",True,150,True,True,,,37139913
trajectory_16_trac_strict_20ms_r0,trajectory_16,40c3eae024871d71025c88c09b1bbffc1b50b311548d53112ed8d4118883654a,near_singular,trac_strict_20ms,0,150,"[-0.8330069728077155, 0.9059204298240433, -1.2848682345049904, -0.942479272733609, 1.2252181668764945, 3.752499, -2.3388414437479788]",True,150,True,True,,,30386104
trajectory_03_trac_strict_20ms_r1,trajectory_03,e928208c5cfa766679be750c366c336bdeb1caea1f8283ea513bc5392401481b,smooth,trac_strict_20ms,1,150,"[0.08800023792878346, -0.7243631304519502, -1.0644025585873105, -1.6912192273227877, 0.5323392897106182, 1.5759703045285698, 0.9688872373949686]",True,150,True,True,,,35723520
trajectory_01_trac_task_20ms_r0,trajectory_01,a62f788b8607be02b7f7a70f0234d741c3a3ffbce60a66d892cb748dca4ac32c,smooth,trac_task_20ms,0,150,"[0.9351044192022548, -0.14092294260565763, 1.1097168230381158, -1.7716969820509143, -0.07390793549601962, 1.2633334208331923, -0.15531616098432066]",True,150,True,True,,,32021317
trajectory_22_trac_task_20ms_r2,trajectory_22,166f9f9c01b7bdb7e23bb78eb834aa40e45e3eac2d5c263419996286861ad9dc,joint_limit_return,trac_task_20ms,2,150,"[2.5953000000000004, -0.3393281371969309, 0.019766507731749983, -1.9773861498909304, -1.5773208606503901, 2.5071508027378084, -1.2995698575115116]",True,150,True,True,,,32232511
trajectory_17_trac_strict_5ms_r0,trajectory_17,ca9065ec04392f64d1cce7cea6e6ae7ba224495be6a41fa0902e34ddeb925465,near_singular,trac_strict_5ms,0,150,"[2.1369191868103536, 0.25626421705746927, 1.7066903334546386, -0.2229465464073862, 0.9240499189826179, 0.43592582302604443, -0.3475443071969706]",False,114,True,False,114,internal_nonconvergence+position_tolerance,221435724
trajectory_38_trac_task_5ms_r1,trajectory_38,827f4c481262ed599d5a62ea92d72f83f9d2baecaa5e733c4c0018e796d573d5,high_curvature,trac_task_5ms,1,150,"[-0.536127060911361, -0.08141725730239946, 0.043470427836753756, -0.9476503459108423, 0.4437330072682833, 1.5864989045962217, 0.01054171868407297]",True,150,True,True,,,33013133
trajectory_02_trac_strict_20ms_r1,trajectory_02,98b02d6a697ef616fb15325aca1f5748ceba5d966785b4f1677767ebff16420f,smooth,trac_strict_20ms,1,150,"[0.056557153600618394, -0.4657534384121058, -1.1419831974705708, -1.4383966732452471, 1.331994761005881, 1.3188297469261385, 1.1179755468881623]",True,150,True,True,,,37874483
trajectory_03_trac_strict_5ms_r2,trajectory_03,e928208c5cfa766679be750c366c336bdeb1caea1f8283ea513bc5392401481b,smooth,trac_strict_5ms,2,150,"[0.08800023792878346, -0.7243631304519502, -1.0644025585873105, -1.6912192273227877, 0.5323392897106182, 1.5759703045285698, 0.9688872373949686]",True,150,True,True,,,38848344
trajectory_13_trac_strict_5ms_r1,trajectory_13,49e505b5dd8506da453322d27fabacda172e9baf611dd7b1ccac4b4220f68113,near_singular,trac_strict_5ms,1,150,"[-0.5642432075369469, -0.15715193578438877, -2.1345451119679355, -0.7142783897493015, 1.3154620627371993, 2.589163366799795, -0.8723786480923549]",True,150,True,True,,,32103758
trajectory_12_dls_strict_r0,trajectory_12,ea5503530085a4b7fba1457389f090742de31c9aa6ebe8907aa867289b032370,near_singular,dls_strict,0,150,"[0.8822446021518249, 0.32307848886988044, 1.1099170111061665, -0.5311475740193101, 1.6436929333293564, 3.0234363006954905, 2.1297500197666706]",False,91,True,False,91,internal_nonconvergence+position_tolerance,1031872530
trajectory_34_dls_strict_r0,trajectory_34,bb2d7133de7083285ff7ede00b959e62fc3bf5dc626bfa521b77361d0f3f759e,high_curvature,dls_strict,0,150,"[-1.1592058713003646, 0.1964021212531033, -0.5464022436655562, -1.1510687856947253, -1.2981413533683839, 1.8437018291450857, 1.1925764049191467]",True,150,True,True,,,151515227
trajectory_27_trac_strict_20ms_r2,trajectory_27,62749969a81aa229bd98bbc6a77941b40960bf5ae0886a5dfe36f5eff62e5c1c,joint_limit_return,trac_strict_20ms,2,150,"[0.11013187782707023, 0.08261373920335854, 0.2680269950055522, -1.4842978898814214, -0.8055537512624422, 3.4505000000000003, -0.21451778603021388]",True,150,True,True,,,42409239
trajectory_34_trac_task_20ms_r2,trajectory_34,bb2d7133de7083285ff7ede00b959e62fc3bf5dc626bfa521b77361d0f3f759e,high_curvature,trac_task_20ms,2,150,"[-1.1592058713003646, 0.1964021212531033, -0.5464022436655562, -1.1510687856947253, -1.2981413533683839, 1.8437018291450857, 1.1925764049191467]",True,150,True,True,,,33816322
trajectory_25_trac_task_5ms_r0,trajectory_25,6f61a4f090c2631561aee85944d25bbb3ec9ae75f330ddc67dd8f755fa60ea51,joint_limit_return,trac_task_5ms,0,150,"[-1.68136092204677, -0.28323103047534404, -0.8589129683281165, -1.9157352916331027, 2.5953000000000004, 1.7085843453390148, 0.4930637350679936]",True,150,True,True,,,30404232
trajectory_09_trac_strict_5ms_r1,trajectory_09,6b43e53a09d43b068012e38e4082dc1a83a7da4ac12d3b1a7c10621fab8498a4,smooth,trac_strict_5ms,1,150,"[-0.8367052668124645, -0.3490568543459072, 0.3621738339902801, -1.736849667613814, 0.3776862381049445, 0.9048085081579296, 0.8919601144745188]",True,150,True,True,,,36334452
trajectory_37_trac_strict_20ms_r1,trajectory_37,c27c85dfc1ac902402f2c27d5ecd007325d528654413acef4dab0af30af48583,high_curvature,trac_strict_20ms,1,150,"[-0.6274437144957354, 0.3078222635735559, 0.945096585024112, -2.0400645352277924, 0.6319408541590963, 1.7086604841095687, 0.06980067635767206]",True,150,True,True,,,38923837
trajectory_20_trac_strict_5ms_r2,trajectory_20,5560810f9d87891ba612f00a19811ec608860538b5dbf8f478a2cc168f4d1547,joint_limit_return,trac_strict_5ms,2,150,"[-0.22148567967826394, -0.6085874328213129, 1.3965318127137998, -1.7582177758063704, 2.5953000000000004, 1.8613505237616152, -1.399248123458735]",True,150,True,True,,,34675634
trajectory_35_trac_strict_5ms_r1,trajectory_35,e7257c22abc9d850802582540365f4bc972868280e40708e45700776b6ad2aca,high_curvature,trac_strict_5ms,1,150,"[-1.1784869165560794, -0.41420567401016906, 0.7736549798252395, -1.7484750155884423, -0.8774782440807752, 1.7201431087931345, -1.161308223083616]",True,150,True,True,,,32135068
trajectory_30_trac_strict_5ms_r2,trajectory_30,f77f30aad07c01747cccac5f99de0454266b5b9453dc6357da97f2c8d2529cfc,high_curvature,trac_strict_5ms,2,150,"[-0.39310145848585587, -0.6845806395722984, -1.2736963660852803, -0.9229715773785083, -0.8930553735853004, 2.3149905873608216, 1.6893288223417833]",True,150,True,True,,,37668597
trajectory_39_trac_strict_5ms_r1,trajectory_39,380513eac133b886f7e375e39250059ba16f3133d3a5d3b8ff244470af2eb5ae,high_curvature,trac_strict_5ms,1,150,"[-0.307114665759767, -0.09197021608207229, -0.14399381623305213, -1.4276557589841654, -0.748637356572919, 0.9586713226335238, 0.7436312353884212]",True,150,True,True,,,32762120
trajectory_28_trac_strict_20ms_r1,trajectory_28,41c501982d64297056fe7d1239938d5f0fb508b8c32ed74b2b5c72d3bf1ddba1,joint_limit_return,trac_strict_20ms,1,150,"[1.0002694865926336, -0.6952350165551249, -0.27533203313792715, -0.3718, 0.871667779279456, 2.582756878731669, 1.5950274657528718]",True,150,True,True,,,33331274
trajectory_16_dls_task_r0,trajectory_16,40c3eae024871d71025c88c09b1bbffc1b50b311548d53112ed8d4118883654a,near_singular,dls_task,0,150,"[-0.8330069728077155, 0.9059204298240433, -1.2848682345049904, -0.942479272733609, 1.2252181668764945, 3.752499, -2.3388414437479788]",True,150,True,True,,,81018710
trajectory_15_trac_task_5ms_r0,trajectory_15,1742dca2b4e66648ef384a591bc48af258b7ccf01a3b1f0930d212a06b1f978c,near_singular,trac_task_5ms,0,150,"[1.23879274147841, -0.24112841600403906, -0.3669134703897978, -0.3009569846322578, -0.09840834676273053, 1.5462253889755246, -1.157829171391544]",True,150,True,True,,,31113938
trajectory_27_trac_task_20ms_r2,trajectory_27,62749969a81aa229bd98bbc6a77941b40960bf5ae0886a5dfe36f5eff62e5c1c,joint_limit_return,trac_task_20ms,2,150,"[0.11013187782707023, 0.08261373920335854, 0.2680269950055522, -1.4842978898814214, -0.8055537512624422, 3.4505000000000003, -0.21451778603021388]",True,150,True,True,,,33084690
trajectory_19_trac_strict_20ms_r0,trajectory_19,9a94337fb5b3319c8ba9dcce20e827630b16d9a348f1f3aa8709c5d0df3406af,near_singular,trac_strict_20ms,0,150,"[-0.03060445922038979, -0.3593492877060506, -1.2467035941951523, -0.126137630567838, 0.8699032398592739, 2.160835781962167, 0.24650263438720615]",False,97,False,False,97,internal_nonconvergence+position_tolerance+orientation_tolerance,1105689348
trajectory_27_trac_task_5ms_r0,trajectory_27,62749969a81aa229bd98bbc6a77941b40960bf5ae0886a5dfe36f5eff62e5c1c,joint_limit_return,trac_task_5ms,0,150,"[0.11013187782707023, 0.08261373920335854, 0.2680269950055522, -1.4842978898814214, -0.8055537512624422, 3.4505000000000003, -0.21451778603021388]",True,150,True,True,,,37956964
trajectory_10_dls_task_r0,trajectory_10,525ed23e41917cce27c978b0c676be43016f2541aa51a8185bbab7e6ce610192,near_singular,dls_task,0,150,"[-1.011132834258865, 1.2328036941230358, 1.0828296380174245, -0.1764294550010968, 1.461251904355215, 1.5780051923310203, -2.420315024677472]",True,150,True,True,,,88457311
trajectory_06_dls_task_r0,trajectory_06,0c2a95a498c1bf13c2df4295db29a5367cf069e157e300d36211ce1951b2bf0e,smooth,dls_task,0,150,"[0.04879635360993188, 0.4722176505702096, -1.4167735850820002, -1.0592469194557286, -1.4030963489481403, 2.431844026251526, -1.5459525993409735]",True,150,True,True,,,89029595
trajectory_31_trac_task_20ms_r0,trajectory_31,b88225558b53c7528d4fc1a56455ceac395ea6a65306515006580362af026e1e,high_curvature,trac_task_20ms,0,150,"[0.7241810171763957, -0.3087602434544925, -0.09772781078700638, -1.9130376188154201, 1.101742620368236, 2.5937868082135385, -1.6068193266811197]",True,150,True,True,,,32196906
trajectory_12_trac_strict_20ms_r0,trajectory_12,ea5503530085a4b7fba1457389f090742de31c9aa6ebe8907aa867289b032370,near_singular,trac_strict_20ms,0,150,"[0.8822446021518249, 0.32307848886988044, 1.1099170111061665, -0.5311475740193101, 1.6436929333293564, 3.0234363006954905, 2.1297500197666706]",False,76,False,False,76,internal_nonconvergence+position_tolerance+orientation_tolerance,1536124268
trajectory_38_trac_task_20ms_r2,trajectory_38,827f4c481262ed599d5a62ea92d72f83f9d2baecaa5e733c4c0018e796d573d5,high_curvature,trac_task_20ms,2,150,"[-0.536127060911361, -0.08141725730239946, 0.043470427836753756, -0.9476503459108423, 0.4437330072682833, 1.5864989045962217, 0.01054171868407297]",True,150,True,True,,,42302304
trajectory_21_dls_strict_r0,trajectory_21,4afc296390cd2da8318a4ba9544aebe6e73de828b20fea6cbaeedda3bf7a189f,joint_limit_return,dls_strict,0,150,"[0.6383027055682345, 1.4607999999999999, 1.3891908132826067, -1.370218783454471, -0.470730268965795, 1.706755020082932, 0.09698989258391427]",True,150,True,True,,,148077645
trajectory_38_trac_strict_20ms_r0,trajectory_38,827f4c481262ed599d5a62ea92d72f83f9d2baecaa5e733c4c0018e796d573d5,high_curvature,trac_strict_20ms,0,150,"[-0.536127060911361, -0.08141725730239946, 0.043470427836753756, -0.9476503459108423, 0.4437330072682833, 1.5864989045962217, 0.01054171868407297]",True,150,True,True,,,32801506
trajectory_03_dls_strict_r0,trajectory_03,e928208c5cfa766679be750c366c336bdeb1caea1f8283ea513bc5392401481b,smooth,dls_strict,0,150,"[0.08800023792878346, -0.7243631304519502, -1.0644025585873105, -1.6912192273227877, 0.5323392897106182, 1.5759703045285698, 0.9688872373949686]",True,150,True,True,,,146020475
trajectory_23_trac_task_5ms_r2,trajectory_23,703e80ee1a10cacc408a225bf4b9b1d1a8b7cd7c18ef82408fe61c8b6b1a1fa4,joint_limit_return,trac_task_5ms,2,150,"[1.5552069472326666, -0.09386180337858052, 1.172032425903462, -1.5681437929380007, 0.6237919629324234, 1.433829794801732, 2.5953000000000004]",True,150,True,True,,,36584045
trajectory_00_dls_strict_r0,trajectory_00,ba9bbb877bd562764b9ad1fe612339400f4396f8e4e3ccdd742d4a4326684c27,smooth,dls_strict,0,150,"[1.8045525647893919, 0.2263076606986511, -0.3372067100575985, -1.8921996499596407, -0.11880835884944438, 1.6265685925609459, 0.3582006672127863]",True,150,True,True,,,145805373
trajectory_09_trac_task_5ms_r0,trajectory_09,6b43e53a09d43b068012e38e4082dc1a83a7da4ac12d3b1a7c10621fab8498a4,smooth,trac_task_5ms,0,150,"[-0.8367052668124645, -0.3490568543459072, 0.3621738339902801, -1.736849667613814, 0.3776862381049445, 0.9048085081579296, 0.8919601144745188]",True,150,True,True,,,33035154
trajectory_14_trac_task_5ms_r1,trajectory_14,4e626ba28da6a8d45d22f023c3732e2d796c83a0e74df2aa41168fe26f6dccab,near_singular,trac_task_5ms,1,150,"[-2.327317529874332, 0.28843825003694556, 2.0855301983360475, -0.7889771403739102, -2.6817228062679397, 2.5559366733107627, -1.2744275290899756]",False,115,True,False,115,internal_nonconvergence+position_tolerance,217103437
trajectory_01_trac_task_20ms_r2,trajectory_01,a62f788b8607be02b7f7a70f0234d741c3a3ffbce60a66d892cb748dca4ac32c,smooth,trac_task_20ms,2,150,"[0.9351044192022548, -0.14092294260565763, 1.1097168230381158, -1.7716969820509143, -0.07390793549601962, 1.2633334208331923, -0.15531616098432066]",True,150,True,True,,,35941414
trajectory_25_trac_task_5ms_r1,trajectory_25,6f61a4f090c2631561aee85944d25bbb3ec9ae75f330ddc67dd8f755fa60ea51,joint_limit_return,trac_task_5ms,1,150,"[-1.68136092204677, -0.28323103047534404, -0.8589129683281165, -1.9157352916331027, 2.5953000000000004, 1.7085843453390148, 0.4930637350679936]",True,150,True,True,,,30829540
trajectory_19_trac_task_5ms_r1,trajectory_19,9a94337fb5b3319c8ba9dcce20e827630b16d9a348f1f3aa8709c5d0df3406af,near_singular,trac_task_5ms,1,150,"[-0.03060445922038979, -0.3593492877060506, -1.2467035941951523, -0.126137630567838, 0.8699032398592739, 2.160835781962167, 0.24650263438720615]",True,150,True,True,,,47384811
trajectory_11_trac_strict_5ms_r2,trajectory_11,d8e06950cec2579c739f7f6d3dbb3628755dfd76be5740fad3bec38b4ef94cc6,near_singular,trac_strict_5ms,2,150,"[0.7392426362897311, -0.4541309806557701, 0.33920593071132676, -0.7226118979205809, 0.42217218197389644, 1.706232479295894, 1.7255318152236154]",True,150,True,True,,,37683466
trajectory_15_trac_strict_5ms_r2,trajectory_15,1742dca2b4e66648ef384a591bc48af258b7ccf01a3b1f0930d212a06b1f978c,near_singular,trac_strict_5ms,2,150,"[1.23879274147841, -0.24112841600403906, -0.3669134703897978, -0.3009569846322578, -0.09840834676273053, 1.5462253889755246, -1.157829171391544]",True,150,True,True,,,33582974
trajectory_29_trac_task_20ms_r2,trajectory_29,16ab30a670ddc1bb59f64aa11421a7a95e2a13b391b17e7261a85fb14178c0bc,joint_limit_return,trac_task_20ms,2,150,"[-1.2650513767980658, -0.43971291762964715, -1.3728146429403614, -1.7544168184300677, 0.3698512018232597, 3.4505000000000003, 0.05150820077903298]",True,150,True,True,,,35188795
trajectory_20_trac_task_20ms_r2,trajectory_20,5560810f9d87891ba612f00a19811ec608860538b5dbf8f478a2cc168f4d1547,joint_limit_return,trac_task_20ms,2,150,"[-0.22148567967826394, -0.6085874328213129, 1.3965318127137998, -1.7582177758063704, 2.5953000000000004, 1.8613505237616152, -1.399248123458735]",True,150,True,True,,,30020479
trajectory_26_trac_task_20ms_r2,trajectory_26,b47f91198895baa3999a406c9c32516cd3e78dd7e42a8bccccc4cd058a03020a,joint_limit_return,trac_task_20ms,2,150,"[-1.2550342189217967, 0.8686761431733064, 0.2653256626716707, -0.6211012746516752, 2.5953000000000004, 2.9384634835047447, 0.6912608648491174]",True,150,True,True,,,73351566
trajectory_00_trac_task_5ms_r2,trajectory_00,ba9bbb877bd562764b9ad1fe612339400f4396f8e4e3ccdd742d4a4326684c27,smooth,trac_task_5ms,2,150,"[1.8045525647893919, 0.2263076606986511, -0.3372067100575985, -1.8921996499596407, -0.11880835884944438, 1.6265685925609459, 0.3582006672127863]",True,150,True,True,,,30326624
trajectory_25_dls_task_r0,trajectory_25,6f61a4f090c2631561aee85944d25bbb3ec9ae75f330ddc67dd8f755fa60ea51,joint_limit_return,dls_task,0,150,"[-1.68136092204677, -0.28323103047534404, -0.8589129683281165, -1.9157352916331027, 2.5953000000000004, 1.7085843453390148, 0.4930637350679936]",True,150,True,True,,,88702558
trajectory_30_trac_strict_5ms_r1,trajectory_30,f77f30aad07c01747cccac5f99de0454266b5b9453dc6357da97f2c8d2529cfc,high_curvature,trac_strict_5ms,1,150,"[-0.39310145848585587, -0.6845806395722984, -1.2736963660852803, -0.9229715773785083, -0.8930553735853004, 2.3149905873608216, 1.6893288223417833]",True,150,True,True,,,33991936
trajectory_01_trac_task_5ms_r0,trajectory_01,a62f788b8607be02b7f7a70f0234d741c3a3ffbce60a66d892cb748dca4ac32c,smooth,trac_task_5ms,0,150,"[0.9351044192022548, -0.14092294260565763, 1.1097168230381158, -1.7716969820509143, -0.07390793549601962, 1.2633334208331923, -0.15531616098432066]",True,150,True,True,,,38356389
trajectory_35_trac_strict_20ms_r2,trajectory_35,e7257c22abc9d850802582540365f4bc972868280e40708e45700776b6ad2aca,high_curvature,trac_strict_20ms,2,150,"[-1.1784869165560794, -0.41420567401016906, 0.7736549798252395, -1.7484750155884423, -0.8774782440807752, 1.7201431087931345, -1.161308223083616]",True,150,True,True,,,33079563
trajectory_10_trac_strict_5ms_r1,trajectory_10,525ed23e41917cce27c978b0c676be43016f2541aa51a8185bbab7e6ce610192,near_singular,trac_strict_5ms,1,150,"[-1.011132834258865, 1.2328036941230358, 1.0828296380174245, -0.1764294550010968, 1.461251904355215, 1.5780051923310203, -2.420315024677472]",False,70,True,False,70,internal_nonconvergence+position_tolerance+orientation_tolerance,441403404
trajectory_32_trac_task_20ms_r2,trajectory_32,f786741c9f59d7d552811f1959141226fb4d169d5c149b34b1fb99edb7839b2c,high_curvature,trac_task_20ms,2,150,"[1.1885466475819153, 0.7842913650765752, -0.6632590565683685, -1.837449333650879, 0.35183789772108187, 2.7949832084733055, 1.0425923000714907]",True,150,True,True,,,37946484
trajectory_30_trac_task_5ms_r2,trajectory_30,f77f30aad07c01747cccac5f99de0454266b5b9453dc6357da97f2c8d2529cfc,high_curvature,trac_task_5ms,2,150,"[-0.39310145848585587, -0.6845806395722984, -1.2736963660852803, -0.9229715773785083, -0.8930553735853004, 2.3149905873608216, 1.6893288223417833]",True,150,True,True,,,34314290
trajectory_19_trac_strict_5ms_r0,trajectory_19,9a94337fb5b3319c8ba9dcce20e827630b16d9a348f1f3aa8709c5d0df3406af,near_singular,trac_strict_5ms,0,150,"[-0.03060445922038979, -0.3593492877060506, -1.2467035941951523, -0.126137630567838, 0.8699032398592739, 2.160835781962167, 0.24650263438720615]",False,97,True,False,97,internal_nonconvergence+position_tolerance+orientation_tolerance,303058544
trajectory_11_trac_strict_20ms_r0,trajectory_11,d8e06950cec2579c739f7f6d3dbb3628755dfd76be5740fad3bec38b4ef94cc6,near_singular,trac_strict_20ms,0,150,"[0.7392426362897311, -0.4541309806557701, 0.33920593071132676, -0.7226118979205809, 0.42217218197389644, 1.706232479295894, 1.7255318152236154]",True,150,True,True,,,32889080
trajectory_14_trac_strict_20ms_r1,trajectory_14,4e626ba28da6a8d45d22f023c3732e2d796c83a0e74df2aa41168fe26f6dccab,near_singular,trac_strict_20ms,1,150,"[-2.327317529874332, 0.28843825003694556, 2.0855301983360475, -0.7889771403739102, -2.6817228062679397, 2.5559366733107627, -1.2744275290899756]",False,113,False,False,113,internal_nonconvergence+position_tolerance,783324475
