run_id,site_id,case_id,uid,role,family,site_kind,frame,candidate_id,aliases,nearest,repeat,variant,frames,complete,accepted_frames,first_failure,first_failure_kind,contiguous_success_frames,minimum_accepted_velocity_margin_rad,total_latency_ns,witness
case_00_first_divergence_candidate_05_trac_5ms_r4,case_00_first_divergence,case_00,05fed739bf62f4fdcb2405ecaae33d1d21420a4ab0f81376b77841fb57661365,cghik_lost,near_singular,first_divergence,0,candidate_05,['refined_focal'],False,4,trac_5ms,30,True,30,,,30,0.040961534257205306,12200330,successful_witnesses/case_00_first_divergence_candidate_05_trac_5ms_r4.json
case_00_first_divergence_candidate_05_trac_5ms_r2,case_00_first_divergence,case_00,05fed739bf62f4fdcb2405ecaae33d1d21420a4ab0f81376b77841fb57661365,cghik_lost,near_singular,first_divergence,0,candidate_05,['refined_focal'],False,2,trac_5ms,30,True,30,,,30,0.0409615342679899,15234323,successful_witnesses/case_00_first_divergence_candidate_05_trac_5ms_r2.json
case_00_first_divergence_candidate_01_trac_5ms_r4,case_00_first_divergence,case_00,05fed739bf62f4fdcb2405ecaae33d1d21420a4ab0f81376b77841fb57661365,cghik_lost,near_singular,first_divergence,0,candidate_01,"['original_always_hard', 'common_input_always_hard']",False,4,trac_5ms,30,True,30,,,30,0.04096123269212684,12138428,successful_witnesses/case_00_first_divergence_candidate_01_trac_5ms_r4.json
case_00_first_divergence_candidate_00_trac_5ms_r3,case_00_first_divergence,case_00,05fed739bf62f4fdcb2405ecaae33d1d21420a4ab0f81376b77841fb57661365,cghik_lost,near_singular,first_divergence,0,candidate_00,"['original_focal', 'common_input_full_cghik', 'previous_first_dls']",True,3,trac_5ms,30,True,30,,,30,0.040961534257714566,11452144,successful_witnesses/case_00_first_divergence_candidate_00_trac_5ms_r3.json
case_00_first_divergence_candidate_02_trac_5ms_r3,case_00_first_divergence,case_00,05fed739bf62f4fdcb2405ecaae33d1d21420a4ab0f81376b77841fb57661365,cghik_lost,near_singular,first_divergence,0,candidate_02,['original_trac_ik_5ms'],False,3,trac_5ms,30,True,30,,,30,0.04096153425563445,11583980,successful_witnesses/case_00_first_divergence_candidate_02_trac_5ms_r3.json
case_00_first_divergence_candidate_00_trac_5ms_r2,case_00_first_divergence,case_00,05fed739bf62f4fdcb2405ecaae33d1d21420a4ab0f81376b77841fb57661365,cghik_lost,near_singular,first_divergence,0,candidate_00,"['original_focal', 'common_input_full_cghik', 'previous_first_dls']",True,2,trac_5ms,30,True,30,,,30,0.040961534257714566,11009894,successful_witnesses/case_00_first_divergence_candidate_00_trac_5ms_r2.json
case_00_first_divergence_candidate_04_trac_5ms_r0,case_00_first_divergence,case_00,05fed739bf62f4fdcb2405ecaae33d1d21420a4ab0f81376b77841fb57661365,cghik_lost,near_singular,first_divergence,0,candidate_04,"['common_input_trac_0', 'common_input_trac_1', 'common_input_trac_2', 'common_input_trac_3', 'common_input_trac_4']",False,0,trac_5ms,30,True,30,,,30,0.040961534257951376,11304117,successful_witnesses/case_00_first_divergence_candidate_04_trac_5ms_r0.json
case_00_first_divergence_candidate_05_trac_5ms_r0,case_00_first_divergence,case_00,05fed739bf62f4fdcb2405ecaae33d1d21420a4ab0f81376b77841fb57661365,cghik_lost,near_singular,first_divergence,0,candidate_05,['refined_focal'],False,0,trac_5ms,30,True,30,,,30,0.0409615342679899,11094902,successful_witnesses/case_00_first_divergence_candidate_05_trac_5ms_r0.json
case_00_first_divergence_candidate_03_trac_5ms_r2,case_00_first_divergence,case_00,05fed739bf62f4fdcb2405ecaae33d1d21420a4ab0f81376b77841fb57661365,cghik_lost,near_singular,first_divergence,0,candidate_03,['offline_reference'],False,2,trac_5ms,30,True,30,,,30,0.040961550036092614,11200611,successful_witnesses/case_00_first_divergence_candidate_03_trac_5ms_r2.json
case_00_first_divergence_candidate_02_trac_5ms_r0,case_00_first_divergence,case_00,05fed739bf62f4fdcb2405ecaae33d1d21420a4ab0f81376b77841fb57661365,cghik_lost,near_singular,first_divergence,0,candidate_02,['original_trac_ik_5ms'],False,0,trac_5ms,30,True,30,,,30,0.04096153425563445,11539107,successful_witnesses/case_00_first_divergence_candidate_02_trac_5ms_r0.json
case_00_first_divergence_candidate_04_trac_5ms_r4,case_00_first_divergence,case_00,05fed739bf62f4fdcb2405ecaae33d1d21420a4ab0f81376b77841fb57661365,cghik_lost,near_singular,first_divergence,0,candidate_04,"['common_input_trac_0', 'common_input_trac_1', 'common_input_trac_2', 'common_input_trac_3', 'common_input_trac_4']",False,4,trac_5ms,30,True,30,,,30,0.040961534257951376,11164954,successful_witnesses/case_00_first_divergence_candidate_04_trac_5ms_r4.json
case_00_first_divergence_candidate_02_trac_5ms_r1,case_00_first_divergence,case_00,05fed739bf62f4fdcb2405ecaae33d1d21420a4ab0f81376b77841fb57661365,cghik_lost,near_singular,first_divergence,0,candidate_02,['original_trac_ik_5ms'],False,1,trac_5ms,30,True,30,,,30,0.04096153425563445,11409740,successful_witnesses/case_00_first_divergence_candidate_02_trac_5ms_r1.json
case_00_first_divergence_candidate_05_trac_5ms_r1,case_00_first_divergence,case_00,05fed739bf62f4fdcb2405ecaae33d1d21420a4ab0f81376b77841fb57661365,cghik_lost,near_singular,first_divergence,0,candidate_05,['refined_focal'],False,1,trac_5ms,30,True,30,,,30,0.0409615342679899,11199200,successful_witnesses/case_00_first_divergence_candidate_05_trac_5ms_r1.json
case_00_first_divergence_candidate_00_trac_5ms_r1,case_00_first_divergence,case_00,05fed739bf62f4fdcb2405ecaae33d1d21420a4ab0f81376b77841fb57661365,cghik_lost,near_singular,first_divergence,0,candidate_00,"['original_focal', 'common_input_full_cghik', 'previous_first_dls']",True,1,trac_5ms,30,True,30,,,30,0.040961534257714566,11394439,successful_witnesses/case_00_first_divergence_candidate_00_trac_5ms_r1.json
case_00_first_divergence_candidate_05_trac_5ms_r3,case_00_first_divergence,case_00,05fed739bf62f4fdcb2405ecaae33d1d21420a4ab0f81376b77841fb57661365,cghik_lost,near_singular,first_divergence,0,candidate_05,['refined_focal'],False,3,trac_5ms,30,True,30,,,30,0.0409615342679899,11219345,successful_witnesses/case_00_first_divergence_candidate_05_trac_5ms_r3.json
case_00_first_divergence_candidate_04_trac_5ms_r1,case_00_first_divergence,case_00,05fed739bf62f4fdcb2405ecaae33d1d21420a4ab0f81376b77841fb57661365,cghik_lost,near_singular,first_divergence,0,candidate_04,"['common_input_trac_0', 'common_input_trac_1', 'common_input_trac_2', 'common_input_trac_3', 'common_input_trac_4']",False,1,trac_5ms,30,True,30,,,30,0.040961534257951376,11182718,successful_witnesses/case_00_first_divergence_candidate_04_trac_5ms_r1.json
case_00_first_divergence_candidate_01_trac_5ms_r3,case_00_first_divergence,case_00,05fed739bf62f4fdcb2405ecaae33d1d21420a4ab0f81376b77841fb57661365,cghik_lost,near_singular,first_divergence,0,candidate_01,"['original_always_hard', 'common_input_always_hard']",False,3,trac_5ms,30,True,30,,,30,0.040961232705249456,11249210,successful_witnesses/case_00_first_divergence_candidate_01_trac_5ms_r3.json
case_00_first_divergence_candidate_01_trac_5ms_r1,case_00_first_divergence,case_00,05fed739bf62f4fdcb2405ecaae33d1d21420a4ab0f81376b77841fb57661365,cghik_lost,near_singular,first_divergence,0,candidate_01,"['original_always_hard', 'common_input_always_hard']",False,1,trac_5ms,30,True,30,,,30,0.040961232705249456,11382033,successful_witnesses/case_00_first_divergence_candidate_01_trac_5ms_r1.json
case_00_first_divergence_candidate_01_trac_5ms_r2,case_00_first_divergence,case_00,05fed739bf62f4fdcb2405ecaae33d1d21420a4ab0f81376b77841fb57661365,cghik_lost,near_singular,first_divergence,0,candidate_01,"['original_always_hard', 'common_input_always_hard']",False,2,trac_5ms,30,True,30,,,30,0.040961232705249456,10895554,successful_witnesses/case_00_first_divergence_candidate_01_trac_5ms_r2.json
case_00_first_divergence_candidate_03_trac_5ms_r4,case_00_first_divergence,case_00,05fed739bf62f4fdcb2405ecaae33d1d21420a4ab0f81376b77841fb57661365,cghik_lost,near_singular,first_divergence,0,candidate_03,['offline_reference'],False,4,trac_5ms,30,True,30,,,30,0.040961550036092614,11074613,successful_witnesses/case_00_first_divergence_candidate_03_trac_5ms_r4.json
case_00_first_divergence_candidate_03_trac_5ms_r0,case_00_first_divergence,case_00,05fed739bf62f4fdcb2405ecaae33d1d21420a4ab0f81376b77841fb57661365,cghik_lost,near_singular,first_divergence,0,candidate_03,['offline_reference'],False,0,trac_5ms,30,True,30,,,30,0.040961550036092614,11241065,successful_witnesses/case_00_first_divergence_candidate_03_trac_5ms_r0.json
case_00_first_divergence_candidate_02_trac_5ms_r2,case_00_first_divergence,case_00,05fed739bf62f4fdcb2405ecaae33d1d21420a4ab0f81376b77841fb57661365,cghik_lost,near_singular,first_divergence,0,candidate_02,['original_trac_ik_5ms'],False,2,trac_5ms,30,True,30,,,30,0.04096153425563445,11103029,successful_witnesses/case_00_first_divergence_candidate_02_trac_5ms_r2.json
case_00_first_divergence_candidate_03_trac_5ms_r3,case_00_first_divergence,case_00,05fed739bf62f4fdcb2405ecaae33d1d21420a4ab0f81376b77841fb57661365,cghik_lost,near_singular,first_divergence,0,candidate_03,['offline_reference'],False,3,trac_5ms,30,True,30,,,30,0.040961550036092614,11656602,successful_witnesses/case_00_first_divergence_candidate_03_trac_5ms_r3.json
case_00_first_divergence_candidate_03_trac_5ms_r1,case_00_first_divergence,case_00,05fed739bf62f4fdcb2405ecaae33d1d21420a4ab0f81376b77841fb57661365,cghik_lost,near_singular,first_divergence,0,candidate_03,['offline_reference'],False,1,trac_5ms,30,True,30,,,30,0.040961550036092614,10991611,successful_witnesses/case_00_first_divergence_candidate_03_trac_5ms_r1.json
case_00_first_divergence_candidate_04_trac_5ms_r3,case_00_first_divergence,case_00,05fed739bf62f4fdcb2405ecaae33d1d21420a4ab0f81376b77841fb57661365,cghik_lost,near_singular,first_divergence,0,candidate_04,"['common_input_trac_0', 'common_input_trac_1', 'common_input_trac_2', 'common_input_trac_3', 'common_input_trac_4']",False,3,trac_5ms,30,True,30,,,30,0.040961534257951376,11059681,successful_witnesses/case_00_first_divergence_candidate_04_trac_5ms_r3.json
case_00_first_divergence_candidate_02_trac_5ms_r4,case_00_first_divergence,case_00,05fed739bf62f4fdcb2405ecaae33d1d21420a4ab0f81376b77841fb57661365,cghik_lost,near_singular,first_divergence,0,candidate_02,['original_trac_ik_5ms'],False,4,trac_5ms,30,True,30,,,30,0.04096153425563445,11623968,successful_witnesses/case_00_first_divergence_candidate_02_trac_5ms_r4.json
case_00_first_divergence_candidate_01_trac_5ms_r0,case_00_first_divergence,case_00,05fed739bf62f4fdcb2405ecaae33d1d21420a4ab0f81376b77841fb57661365,cghik_lost,near_singular,first_divergence,0,candidate_01,"['original_always_hard', 'common_input_always_hard']",False,0,trac_5ms,30,True,30,,,30,0.040961232715869295,10910252,successful_witnesses/case_00_first_divergence_candidate_01_trac_5ms_r0.json
case_00_first_divergence_candidate_04_trac_5ms_r2,case_00_first_divergence,case_00,05fed739bf62f4fdcb2405ecaae33d1d21420a4ab0f81376b77841fb57661365,cghik_lost,near_singular,first_divergence,0,candidate_04,"['common_input_trac_0', 'common_input_trac_1', 'common_input_trac_2', 'common_input_trac_3', 'common_input_trac_4']",False,2,trac_5ms,30,True,30,,,30,0.040961534257951376,10909318,successful_witnesses/case_00_first_divergence_candidate_04_trac_5ms_r2.json
case_00_first_divergence_candidate_00_trac_5ms_r4,case_00_first_divergence,case_00,05fed739bf62f4fdcb2405ecaae33d1d21420a4ab0f81376b77841fb57661365,cghik_lost,near_singular,first_divergence,0,candidate_00,"['original_focal', 'common_input_full_cghik', 'previous_first_dls']",True,4,trac_5ms,30,True,30,,,30,0.04096153426820928,11073062,successful_witnesses/case_00_first_divergence_candidate_00_trac_5ms_r4.json
case_00_first_divergence_candidate_00_trac_5ms_r0,case_00_first_divergence,case_00,05fed739bf62f4fdcb2405ecaae33d1d21420a4ab0f81376b77841fb57661365,cghik_lost,near_singular,first_divergence,0,candidate_00,"['original_focal', 'common_input_full_cghik', 'previous_first_dls']",True,0,trac_5ms,30,True,30,,,30,0.040961534257714566,10948700,successful_witnesses/case_00_first_divergence_candidate_00_trac_5ms_r0.json
case_00_pre_failure_candidate_00_trac_5ms_r0,case_00_pre_failure,case_00,05fed739bf62f4fdcb2405ecaae33d1d21420a4ab0f81376b77841fb57661365,cghik_lost,near_singular,pre_failure,119,candidate_00,"['original_focal', 'common_input_always_hard', 'common_input_full_cghik']",True,0,trac_5ms,30,False,0,120,solver_failure,0,,162165154,
case_00_pre_failure_candidate_01_trac_5ms_r3,case_00_pre_failure,case_00,05fed739bf62f4fdcb2405ecaae33d1d21420a4ab0f81376b77841fb57661365,cghik_lost,near_singular,pre_failure,119,candidate_01,['refined_focal'],False,3,trac_5ms,30,True,30,,,30,0.003112626064557117,11617084,successful_witnesses/case_00_pre_failure_candidate_01_trac_5ms_r3.json
case_00_pre_failure_candidate_00_trac_5ms_r4,case_00_pre_failure,case_00,05fed739bf62f4fdcb2405ecaae33d1d21420a4ab0f81376b77841fb57661365,cghik_lost,near_singular,pre_failure,119,candidate_00,"['original_focal', 'common_input_always_hard', 'common_input_full_cghik']",True,4,trac_5ms,30,False,0,120,solver_failure,0,,165231695,
case_00_pre_failure_candidate_01_trac_5ms_interior_r3,case_00_pre_failure,case_00,05fed739bf62f4fdcb2405ecaae33d1d21420a4ab0f81376b77841fb57661365,cghik_lost,near_singular,pre_failure,119,candidate_01,['refined_focal'],False,3,trac_5ms_interior,30,True,30,,,30,0.0031126260645492343,12010700,successful_witnesses/case_00_pre_failure_candidate_01_trac_5ms_interior_r3.json
case_00_pre_failure_candidate_00_trac_5ms_interior_r4,case_00_pre_failure,case_00,05fed739bf62f4fdcb2405ecaae33d1d21420a4ab0f81376b77841fb57661365,cghik_lost,near_singular,pre_failure,119,candidate_00,"['original_focal', 'common_input_always_hard', 'common_input_full_cghik']",True,4,trac_5ms_interior,30,False,0,120,solver_failure,0,,161707947,
case_00_pre_failure_candidate_01_trac_5ms_r2,case_00_pre_failure,case_00,05fed739bf62f4fdcb2405ecaae33d1d21420a4ab0f81376b77841fb57661365,cghik_lost,near_singular,pre_failure,119,candidate_01,['refined_focal'],False,2,trac_5ms,30,True,30,,,30,0.003112626064557117,11507873,successful_witnesses/case_00_pre_failure_candidate_01_trac_5ms_r2.json
case_00_pre_failure_candidate_00_trac_5ms_r3,case_00_pre_failure,case_00,05fed739bf62f4fdcb2405ecaae33d1d21420a4ab0f81376b77841fb57661365,cghik_lost,near_singular,pre_failure,119,candidate_00,"['original_focal', 'common_input_always_hard', 'common_input_full_cghik']",True,3,trac_5ms,30,False,0,120,solver_failure,0,,162927563,
case_00_pre_failure_candidate_01_trac_100ms_r3,case_00_pre_failure,case_00,05fed739bf62f4fdcb2405ecaae33d1d21420a4ab0f81376b77841fb57661365,cghik_lost,near_singular,pre_failure,119,candidate_01,['refined_focal'],False,3,trac_100ms,30,True,30,,,30,0.003112626064557117,11610461,successful_witnesses/case_00_pre_failure_candidate_01_trac_100ms_r3.json
case_00_pre_failure_candidate_01_trac_100ms_r2,case_00_pre_failure,case_00,05fed739bf62f4fdcb2405ecaae33d1d21420a4ab0f81376b77841fb57661365,cghik_lost,near_singular,pre_failure,119,candidate_01,['refined_focal'],False,2,trac_100ms,30,True,30,,,30,0.003112626064557117,10912049,successful_witnesses/case_00_pre_failure_candidate_01_trac_100ms_r2.json
case_00_pre_failure_candidate_00_trac_100ms_r3,case_00_pre_failure,case_00,05fed739bf62f4fdcb2405ecaae33d1d21420a4ab0f81376b77841fb57661365,cghik_lost,near_singular,pre_failure,119,candidate_00,"['original_focal', 'common_input_always_hard', 'common_input_full_cghik']",True,3,trac_100ms,30,False,0,120,solver_failure,0,,3018938221,
case_00_pre_failure_candidate_01_trac_5ms_interior_r0,case_00_pre_failure,case_00,05fed739bf62f4fdcb2405ecaae33d1d21420a4ab0f81376b77841fb57661365,cghik_lost,near_singular,pre_failure,119,candidate_01,['refined_focal'],False,0,trac_5ms_interior,30,True,30,,,30,0.0031126260645492343,11847922,successful_witnesses/case_00_pre_failure_candidate_01_trac_5ms_interior_r0.json
case_00_pre_failure_candidate_01_trac_5ms_interior_r1,case_00_pre_failure,case_00,05fed739bf62f4fdcb2405ecaae33d1d21420a4ab0f81376b77841fb57661365,cghik_lost,near_singular,pre_failure,119,candidate_01,['refined_focal'],False,1,trac_5ms_interior,30,True,30,,,30,0.0031126260645492343,11319093,successful_witnesses/case_00_pre_failure_candidate_01_trac_5ms_interior_r1.json
case_00_pre_failure_candidate_00_trac_100ms_r2,case_00_pre_failure,case_00,05fed739bf62f4fdcb2405ecaae33d1d21420a4ab0f81376b77841fb57661365,cghik_lost,near_singular,pre_failure,119,candidate_00,"['original_focal', 'common_input_always_hard', 'common_input_full_cghik']",True,2,trac_100ms,30,False,0,120,solver_failure,0,,3019306946,
case_00_pre_failure_candidate_00_trac_100ms_r0,case_00_pre_failure,case_00,05fed739bf62f4fdcb2405ecaae33d1d21420a4ab0f81376b77841fb57661365,cghik_lost,near_singular,pre_failure,119,candidate_00,"['original_focal', 'common_input_always_hard', 'common_input_full_cghik']",True,0,trac_100ms,30,False,0,120,solver_failure,0,,3018848029,
case_00_pre_failure_candidate_00_trac_100ms_r4,case_00_pre_failure,case_00,05fed739bf62f4fdcb2405ecaae33d1d21420a4ab0f81376b77841fb57661365,cghik_lost,near_singular,pre_failure,119,candidate_00,"['original_focal', 'common_input_always_hard', 'common_input_full_cghik']",True,4,trac_100ms,30,False,0,120,solver_failure,0,,3019542372,
case_00_pre_failure_candidate_01_trac_5ms_r4,case_00_pre_failure,case_00,05fed739bf62f4fdcb2405ecaae33d1d21420a4ab0f81376b77841fb57661365,cghik_lost,near_singular,pre_failure,119,candidate_01,['refined_focal'],False,4,trac_5ms,30,True,30,,,30,0.003112626064557117,11449398,successful_witnesses/case_00_pre_failure_candidate_01_trac_5ms_r4.json
case_00_pre_failure_candidate_00_trac_5ms_r2,case_00_pre_failure,case_00,05fed739bf62f4fdcb2405ecaae33d1d21420a4ab0f81376b77841fb57661365,cghik_lost,near_singular,pre_failure,119,candidate_00,"['original_focal', 'common_input_always_hard', 'common_input_full_cghik']",True,2,trac_5ms,30,False,0,120,solver_failure,0,,162444239,
case_00_pre_failure_candidate_00_trac_5ms_interior_r2,case_00_pre_failure,case_00,05fed739bf62f4fdcb2405ecaae33d1d21420a4ab0f81376b77841fb57661365,cghik_lost,near_singular,pre_failure,119,candidate_00,"['original_focal', 'common_input_always_hard', 'common_input_full_cghik']",True,2,trac_5ms_interior,30,False,0,120,solver_failure,0,,162330852,
case_00_pre_failure_candidate_01_trac_100ms_r0,case_00_pre_failure,case_00,05fed739bf62f4fdcb2405ecaae33d1d21420a4ab0f81376b77841fb57661365,cghik_lost,near_singular,pre_failure,119,candidate_01,['refined_focal'],False,0,trac_100ms,30,True,30,,,30,0.003112626064557117,11362583,successful_witnesses/case_00_pre_failure_candidate_01_trac_100ms_r0.json
case_00_pre_failure_candidate_00_trac_100ms_r1,case_00_pre_failure,case_00,05fed739bf62f4fdcb2405ecaae33d1d21420a4ab0f81376b77841fb57661365,cghik_lost,near_singular,pre_failure,119,candidate_00,"['original_focal', 'common_input_always_hard', 'common_input_full_cghik']",True,1,trac_100ms,30,False,0,120,solver_failure,0,,3020506521,
case_00_pre_failure_candidate_00_trac_5ms_interior_r0,case_00_pre_failure,case_00,05fed739bf62f4fdcb2405ecaae33d1d21420a4ab0f81376b77841fb57661365,cghik_lost,near_singular,pre_failure,119,candidate_00,"['original_focal', 'common_input_always_hard', 'common_input_full_cghik']",True,0,trac_5ms_interior,30,False,0,120,solver_failure,0,,163791093,
case_00_pre_failure_candidate_00_trac_5ms_interior_r3,case_00_pre_failure,case_00,05fed739bf62f4fdcb2405ecaae33d1d21420a4ab0f81376b77841fb57661365,cghik_lost,near_singular,pre_failure,119,candidate_00,"['original_focal', 'common_input_always_hard', 'common_input_full_cghik']",True,3,trac_5ms_interior,30,False,0,120,solver_failure,0,,163724969,
case_00_pre_failure_candidate_00_trac_5ms_r1,case_00_pre_failure,case_00,05fed739bf62f4fdcb2405ecaae33d1d21420a4ab0f81376b77841fb57661365,cghik_lost,near_singular,pre_failure,119,candidate_00,"['original_focal', 'common_input_always_hard', 'common_input_full_cghik']",True,1,trac_5ms,30,False,0,120,solver_failure,0,,162923666,
case_00_pre_failure_candidate_01_trac_5ms_interior_r4,case_00_pre_failure,case_00,05fed739bf62f4fdcb2405ecaae33d1d21420a4ab0f81376b77841fb57661365,cghik_lost,near_singular,pre_failure,119,candidate_01,['refined_focal'],False,4,trac_5ms_interior,30,True,30,,,30,0.0031126260645492343,12138210,successful_witnesses/case_00_pre_failure_candidate_01_trac_5ms_interior_r4.json
case_00_pre_failure_candidate_01_trac_5ms_r1,case_00_pre_failure,case_00,05fed739bf62f4fdcb2405ecaae33d1d21420a4ab0f81376b77841fb57661365,cghik_lost,near_singular,pre_failure,119,candidate_01,['refined_focal'],False,1,trac_5ms,30,True,30,,,30,0.003112626064557117,10944996,successful_witnesses/case_00_pre_failure_candidate_01_trac_5ms_r1.json
case_00_pre_failure_candidate_01_trac_100ms_r4,case_00_pre_failure,case_00,05fed739bf62f4fdcb2405ecaae33d1d21420a4ab0f81376b77841fb57661365,cghik_lost,near_singular,pre_failure,119,candidate_01,['refined_focal'],False,4,trac_100ms,30,True,30,,,30,0.003112626064557117,10954905,successful_witnesses/case_00_pre_failure_candidate_01_trac_100ms_r4.json
case_00_pre_failure_candidate_01_trac_5ms_interior_r2,case_00_pre_failure,case_00,05fed739bf62f4fdcb2405ecaae33d1d21420a4ab0f81376b77841fb57661365,cghik_lost,near_singular,pre_failure,119,candidate_01,['refined_focal'],False,2,trac_5ms_interior,30,True,30,,,30,0.0031126260645492343,11267848,successful_witnesses/case_00_pre_failure_candidate_01_trac_5ms_interior_r2.json
case_00_pre_failure_candidate_00_trac_5ms_interior_r1,case_00_pre_failure,case_00,05fed739bf62f4fdcb2405ecaae33d1d21420a4ab0f81376b77841fb57661365,cghik_lost,near_singular,pre_failure,119,candidate_00,"['original_focal', 'common_input_always_hard', 'common_input_full_cghik']",True,1,trac_5ms_interior,30,False,0,120,solver_failure,0,,161510610,
case_00_pre_failure_candidate_01_trac_100ms_r1,case_00_pre_failure,case_00,05fed739bf62f4fdcb2405ecaae33d1d21420a4ab0f81376b77841fb57661365,cghik_lost,near_singular,pre_failure,119,candidate_01,['refined_focal'],False,1,trac_100ms,30,True,30,,,30,0.003112626064557117,11202030,successful_witnesses/case_00_pre_failure_candidate_01_trac_100ms_r1.json
case_00_pre_failure_candidate_01_trac_5ms_r0,case_00_pre_failure,case_00,05fed739bf62f4fdcb2405ecaae33d1d21420a4ab0f81376b77841fb57661365,cghik_lost,near_singular,pre_failure,119,candidate_01,['refined_focal'],False,0,trac_5ms,30,True,30,,,30,0.003112626064557117,11411852,successful_witnesses/case_00_pre_failure_candidate_01_trac_5ms_r0.json
case_01_first_divergence_candidate_00_trac_5ms_r4,case_01_first_divergence,case_01,8007124479c3c7bc724a1818507bb840030dd31b60be2b3793048463dfa14ffc,trac_failed,smooth,first_divergence,0,candidate_00,"['original_focal', 'common_input_trac_0', 'common_input_trac_1', 'common_input_trac_2', 'common_input_trac_3', 'common_input_trac_4']",False,4,trac_5ms,30,True,30,,,30,0.026966617051981695,11409414,successful_witnesses/case_01_first_divergence_candidate_00_trac_5ms_r4.json
case_01_first_divergence_candidate_04_trac_5ms_r0,case_01_first_divergence,case_01,8007124479c3c7bc724a1818507bb840030dd31b60be2b3793048463dfa14ffc,trac_failed,smooth,first_divergence,0,candidate_04,['refined_focal'],False,0,trac_5ms,30,True,30,,,30,0.026970273202174516,11438767,successful_witnesses/case_01_first_divergence_candidate_04_trac_5ms_r0.json
case_01_first_divergence_candidate_03_trac_5ms_r2,case_01_first_divergence,case_01,8007124479c3c7bc724a1818507bb840030dd31b60be2b3793048463dfa14ffc,trac_failed,smooth,first_divergence,0,candidate_03,['offline_reference'],False,2,trac_5ms,30,True,30,,,30,0.027160824320808713,11281727,successful_witnesses/case_01_first_divergence_candidate_03_trac_5ms_r2.json
case_01_first_divergence_candidate_02_trac_5ms_r4,case_01_first_divergence,case_01,8007124479c3c7bc724a1818507bb840030dd31b60be2b3793048463dfa14ffc,trac_failed,smooth,first_divergence,0,candidate_02,"['original_always_hard', 'common_input_always_hard']",False,4,trac_5ms,30,True,30,,,30,0.026954299599112025,11269607,successful_witnesses/case_01_first_divergence_candidate_02_trac_5ms_r4.json
case_01_first_divergence_candidate_03_trac_5ms_r3,case_01_first_divergence,case_01,8007124479c3c7bc724a1818507bb840030dd31b60be2b3793048463dfa14ffc,trac_failed,smooth,first_divergence,0,candidate_03,['offline_reference'],False,3,trac_5ms,30,True,30,,,30,0.027156791107419004,11438402,successful_witnesses/case_01_first_divergence_candidate_03_trac_5ms_r3.json
case_01_first_divergence_candidate_00_trac_5ms_r0,case_01_first_divergence,case_01,8007124479c3c7bc724a1818507bb840030dd31b60be2b3793048463dfa14ffc,trac_failed,smooth,first_divergence,0,candidate_00,"['original_focal', 'common_input_trac_0', 'common_input_trac_1', 'common_input_trac_2', 'common_input_trac_3', 'common_input_trac_4']",False,0,trac_5ms,30,True,30,,,30,0.026970272955993663,11409445,successful_witnesses/case_01_first_divergence_candidate_00_trac_5ms_r0.json
case_01_first_divergence_candidate_02_trac_5ms_r3,case_01_first_divergence,case_01,8007124479c3c7bc724a1818507bb840030dd31b60be2b3793048463dfa14ffc,trac_failed,smooth,first_divergence,0,candidate_02,"['original_always_hard', 'common_input_always_hard']",False,3,trac_5ms,30,True,30,,,30,0.026954299599112025,11286723,successful_witnesses/case_01_first_divergence_candidate_02_trac_5ms_r3.json
case_01_first_divergence_candidate_04_trac_5ms_r4,case_01_first_divergence,case_01,8007124479c3c7bc724a1818507bb840030dd31b60be2b3793048463dfa14ffc,trac_failed,smooth,first_divergence,0,candidate_04,['refined_focal'],False,4,trac_5ms,30,True,30,,,30,0.026970273202174516,11206871,successful_witnesses/case_01_first_divergence_candidate_04_trac_5ms_r4.json
case_01_first_divergence_candidate_03_trac_5ms_r0,case_01_first_divergence,case_01,8007124479c3c7bc724a1818507bb840030dd31b60be2b3793048463dfa14ffc,trac_failed,smooth,first_divergence,0,candidate_03,['offline_reference'],False,0,trac_5ms,30,True,30,,,30,0.027160824320808713,12058490,successful_witnesses/case_01_first_divergence_candidate_03_trac_5ms_r0.json
case_01_first_divergence_candidate_00_trac_5ms_r3,case_01_first_divergence,case_01,8007124479c3c7bc724a1818507bb840030dd31b60be2b3793048463dfa14ffc,trac_failed,smooth,first_divergence,0,candidate_00,"['original_focal', 'common_input_trac_0', 'common_input_trac_1', 'common_input_trac_2', 'common_input_trac_3', 'common_input_trac_4']",False,3,trac_5ms,30,True,30,,,30,0.026970272955993663,11286371,successful_witnesses/case_01_first_divergence_candidate_00_trac_5ms_r3.json
case_01_first_divergence_candidate_01_trac_5ms_r0,case_01_first_divergence,case_01,8007124479c3c7bc724a1818507bb840030dd31b60be2b3793048463dfa14ffc,trac_failed,smooth,first_divergence,0,candidate_01,"['original_full_cghik', 'common_input_full_cghik', 'previous_first_dls']",True,0,trac_5ms,30,True,30,,,30,0.026970248415960768,11170539,successful_witnesses/case_01_first_divergence_candidate_01_trac_5ms_r0.json
case_01_first_divergence_candidate_00_trac_5ms_r1,case_01_first_divergence,case_01,8007124479c3c7bc724a1818507bb840030dd31b60be2b3793048463dfa14ffc,trac_failed,smooth,first_divergence,0,candidate_00,"['original_focal', 'common_input_trac_0', 'common_input_trac_1', 'common_input_trac_2', 'common_input_trac_3', 'common_input_trac_4']",False,1,trac_5ms,30,True,30,,,30,0.026970272955993663,11969657,successful_witnesses/case_01_first_divergence_candidate_00_trac_5ms_r1.json
case_01_first_divergence_candidate_00_trac_5ms_r2,case_01_first_divergence,case_01,8007124479c3c7bc724a1818507bb840030dd31b60be2b3793048463dfa14ffc,trac_failed,smooth,first_divergence,0,candidate_00,"['original_focal', 'common_input_trac_0', 'common_input_trac_1', 'common_input_trac_2', 'common_input_trac_3', 'common_input_trac_4']",False,2,trac_5ms,30,True,30,,,30,0.026968842116017605,11404203,successful_witnesses/case_01_first_divergence_candidate_00_trac_5ms_r2.json
case_01_first_divergence_candidate_04_trac_5ms_r2,case_01_first_divergence,case_01,8007124479c3c7bc724a1818507bb840030dd31b60be2b3793048463dfa14ffc,trac_failed,smooth,first_divergence,0,candidate_04,['refined_focal'],False,2,trac_5ms,30,True,30,,,30,0.02696719414752083,11191774,successful_witnesses/case_01_first_divergence_candidate_04_trac_5ms_r2.json
case_01_first_divergence_candidate_03_trac_5ms_r4,case_01_first_divergence,case_01,8007124479c3c7bc724a1818507bb840030dd31b60be2b3793048463dfa14ffc,trac_failed,smooth,first_divergence,0,candidate_03,['offline_reference'],False,4,trac_5ms,30,True,30,,,30,0.027158239753735464,11752894,successful_witnesses/case_01_first_divergence_candidate_03_trac_5ms_r4.json
case_01_first_divergence_candidate_01_trac_5ms_r2,case_01_first_divergence,case_01,8007124479c3c7bc724a1818507bb840030dd31b60be2b3793048463dfa14ffc,trac_failed,smooth,first_divergence,0,candidate_01,"['original_full_cghik', 'common_input_full_cghik', 'previous_first_dls']",True,2,trac_5ms,30,True,30,,,30,0.026968353733182543,11899228,successful_witnesses/case_01_first_divergence_candidate_01_trac_5ms_r2.json
case_01_first_divergence_candidate_01_trac_5ms_r1,case_01_first_divergence,case_01,8007124479c3c7bc724a1818507bb840030dd31b60be2b3793048463dfa14ffc,trac_failed,smooth,first_divergence,0,candidate_01,"['original_full_cghik', 'common_input_full_cghik', 'previous_first_dls']",True,1,trac_5ms,30,True,30,,,30,0.026970248415960768,11410230,successful_witnesses/case_01_first_divergence_candidate_01_trac_5ms_r1.json
case_01_first_divergence_candidate_01_trac_5ms_r3,case_01_first_divergence,case_01,8007124479c3c7bc724a1818507bb840030dd31b60be2b3793048463dfa14ffc,trac_failed,smooth,first_divergence,0,candidate_01,"['original_full_cghik', 'common_input_full_cghik', 'previous_first_dls']",True,3,trac_5ms,30,True,30,,,30,0.026970248415960768,11321769,successful_witnesses/case_01_first_divergence_candidate_01_trac_5ms_r3.json
case_01_first_divergence_candidate_02_trac_5ms_r2,case_01_first_divergence,case_01,8007124479c3c7bc724a1818507bb840030dd31b60be2b3793048463dfa14ffc,trac_failed,smooth,first_divergence,0,candidate_02,"['original_always_hard', 'common_input_always_hard']",False,2,trac_5ms,30,True,30,,,30,0.026954299599112025,11950018,successful_witnesses/case_01_first_divergence_candidate_02_trac_5ms_r2.json
case_01_first_divergence_candidate_04_trac_5ms_r1,case_01_first_divergence,case_01,8007124479c3c7bc724a1818507bb840030dd31b60be2b3793048463dfa14ffc,trac_failed,smooth,first_divergence,0,candidate_04,['refined_focal'],False,1,trac_5ms,30,True,30,,,30,0.026970273202174516,11129652,successful_witnesses/case_01_first_divergence_candidate_04_trac_5ms_r1.json
case_01_first_divergence_candidate_02_trac_5ms_r1,case_01_first_divergence,case_01,8007124479c3c7bc724a1818507bb840030dd31b60be2b3793048463dfa14ffc,trac_failed,smooth,first_divergence,0,candidate_02,"['original_always_hard', 'common_input_always_hard']",False,1,trac_5ms,30,True,30,,,30,0.026954299599112025,11168254,successful_witnesses/case_01_first_divergence_candidate_02_trac_5ms_r1.json
case_01_first_divergence_candidate_03_trac_5ms_r1,case_01_first_divergence,case_01,8007124479c3c7bc724a1818507bb840030dd31b60be2b3793048463dfa14ffc,trac_failed,smooth,first_divergence,0,candidate_03,['offline_reference'],False,1,trac_5ms,30,True,30,,,30,0.027157111897969127,11695180,successful_witnesses/case_01_first_divergence_candidate_03_trac_5ms_r1.json
case_01_first_divergence_candidate_01_trac_5ms_r4,case_01_first_divergence,case_01,8007124479c3c7bc724a1818507bb840030dd31b60be2b3793048463dfa14ffc,trac_failed,smooth,first_divergence,0,candidate_01,"['original_full_cghik', 'common_input_full_cghik', 'previous_first_dls']",True,4,trac_5ms,30,True,30,,,30,0.026967445429564224,11388719,successful_witnesses/case_01_first_divergence_candidate_01_trac_5ms_r4.json
case_01_first_divergence_candidate_02_trac_5ms_r0,case_01_first_divergence,case_01,8007124479c3c7bc724a1818507bb840030dd31b60be2b3793048463dfa14ffc,trac_failed,smooth,first_divergence,0,candidate_02,"['original_always_hard', 'common_input_always_hard']",False,0,trac_5ms,30,True,30,,,30,0.026954299599112025,12045615,successful_witnesses/case_01_first_divergence_candidate_02_trac_5ms_r0.json
case_01_first_divergence_candidate_04_trac_5ms_r3,case_01_first_divergence,case_01,8007124479c3c7bc724a1818507bb840030dd31b60be2b3793048463dfa14ffc,trac_failed,smooth,first_divergence,0,candidate_04,['refined_focal'],False,3,trac_5ms,30,True,30,,,30,0.026968620746863486,11392203,successful_witnesses/case_01_first_divergence_candidate_04_trac_5ms_r3.json
case_01_pre_failure_candidate_01_trac_5ms_r0,case_01_pre_failure,case_01,8007124479c3c7bc724a1818507bb840030dd31b60be2b3793048463dfa14ffc,trac_failed,smooth,pre_failure,33,candidate_01,['original_full_cghik'],False,0,trac_5ms,30,False,0,34,solver_failure,0,,161821437,
case_01_pre_failure_candidate_00_trac_100ms_r2,case_01_pre_failure,case_01,8007124479c3c7bc724a1818507bb840030dd31b60be2b3793048463dfa14ffc,trac_failed,smooth,pre_failure,33,candidate_00,"['original_focal', 'common_input_trac_0', 'common_input_trac_1', 'common_input_trac_2', 'common_input_trac_3', 'common_input_trac_4']",False,2,trac_100ms,30,False,0,34,solver_failure,0,,3018919616,
case_01_pre_failure_candidate_05_trac_5ms_r0,case_01_pre_failure,case_01,8007124479c3c7bc724a1818507bb840030dd31b60be2b3793048463dfa14ffc,trac_failed,smooth,pre_failure,33,candidate_05,['refined_focal'],False,0,trac_5ms,30,False,0,34,solver_failure,0,,164382818,
case_01_pre_failure_candidate_04_trac_100ms_r4,case_01_pre_failure,case_01,8007124479c3c7bc724a1818507bb840030dd31b60be2b3793048463dfa14ffc,trac_failed,smooth,pre_failure,33,candidate_04,['previous_first_dls'],True,4,trac_100ms,30,False,0,34,solver_failure,0,,3019951027,
case_01_pre_failure_candidate_05_trac_5ms_r2,case_01_pre_failure,case_01,8007124479c3c7bc724a1818507bb840030dd31b60be2b3793048463dfa14ffc,trac_failed,smooth,pre_failure,33,candidate_05,['refined_focal'],False,2,trac_5ms,30,False,0,34,solver_failure,0,,163434966,
case_01_pre_failure_candidate_00_trac_5ms_interior_r0,case_01_pre_failure,case_01,8007124479c3c7bc724a1818507bb840030dd31b60be2b3793048463dfa14ffc,trac_failed,smooth,pre_failure,33,candidate_00,"['original_focal', 'common_input_trac_0', 'common_input_trac_1', 'common_input_trac_2', 'common_input_trac_3', 'common_input_trac_4']",False,0,trac_5ms_interior,30,False,0,34,solver_failure,0,,163735611,
case_01_pre_failure_candidate_04_trac_5ms_interior_r2,case_01_pre_failure,case_01,8007124479c3c7bc724a1818507bb840030dd31b60be2b3793048463dfa14ffc,trac_failed,smooth,pre_failure,33,candidate_04,['previous_first_dls'],True,2,trac_5ms_interior,30,False,0,34,solver_failure,0,,163754103,
case_01_pre_failure_candidate_00_trac_5ms_r1,case_01_pre_failure,case_01,8007124479c3c7bc724a1818507bb840030dd31b60be2b3793048463dfa14ffc,trac_failed,smooth,pre_failure,33,candidate_00,"['original_focal', 'common_input_trac_0', 'common_input_trac_1', 'common_input_trac_2', 'common_input_trac_3', 'common_input_trac_4']",False,1,trac_5ms,30,False,0,34,solver_failure,0,,162841223,
case_01_pre_failure_candidate_01_trac_5ms_r1,case_01_pre_failure,case_01,8007124479c3c7bc724a1818507bb840030dd31b60be2b3793048463dfa14ffc,trac_failed,smooth,pre_failure,33,candidate_01,['original_full_cghik'],False,1,trac_5ms,30,False,0,34,solver_failure,0,,163650110,
case_01_pre_failure_candidate_03_trac_5ms_r3,case_01_pre_failure,case_01,8007124479c3c7bc724a1818507bb840030dd31b60be2b3793048463dfa14ffc,trac_failed,smooth,pre_failure,33,candidate_03,"['common_input_always_hard', 'common_input_full_cghik']",False,3,trac_5ms,30,False,0,34,solver_failure,0,,163197291,
case_01_pre_failure_candidate_05_trac_5ms_r1,case_01_pre_failure,case_01,8007124479c3c7bc724a1818507bb840030dd31b60be2b3793048463dfa14ffc,trac_failed,smooth,pre_failure,33,candidate_05,['refined_focal'],False,1,trac_5ms,30,False,0,34,solver_failure,0,,163136717,
case_01_pre_failure_candidate_05_trac_5ms_interior_r4,case_01_pre_failure,case_01,8007124479c3c7bc724a1818507bb840030dd31b60be2b3793048463dfa14ffc,trac_failed,smooth,pre_failure,33,candidate_05,['refined_focal'],False,4,trac_5ms_interior,30,False,0,34,solver_failure,0,,162914614,
case_01_pre_failure_candidate_01_trac_5ms_r4,case_01_pre_failure,case_01,8007124479c3c7bc724a1818507bb840030dd31b60be2b3793048463dfa14ffc,trac_failed,smooth,pre_failure,33,candidate_01,['original_full_cghik'],False,4,trac_5ms,30,False,0,34,solver_failure,0,,162277945,
case_01_pre_failure_candidate_02_trac_5ms_r3,case_01_pre_failure,case_01,8007124479c3c7bc724a1818507bb840030dd31b60be2b3793048463dfa14ffc,trac_failed,smooth,pre_failure,33,candidate_02,['original_always_hard'],False,3,trac_5ms,30,False,0,34,solver_failure,0,,162292461,
case_01_pre_failure_candidate_01_trac_5ms_r3,case_01_pre_failure,case_01,8007124479c3c7bc724a1818507bb840030dd31b60be2b3793048463dfa14ffc,trac_failed,smooth,pre_failure,33,candidate_01,['original_full_cghik'],False,3,trac_5ms,30,False,0,34,solver_failure,0,,163457392,
case_01_pre_failure_candidate_05_trac_100ms_r4,case_01_pre_failure,case_01,8007124479c3c7bc724a1818507bb840030dd31b60be2b3793048463dfa14ffc,trac_failed,smooth,pre_failure,33,candidate_05,['refined_focal'],False,4,trac_100ms,30,False,0,34,solver_failure,0,,3019554787,
case_01_pre_failure_candidate_04_trac_5ms_r4,case_01_pre_failure,case_01,8007124479c3c7bc724a1818507bb840030dd31b60be2b3793048463dfa14ffc,trac_failed,smooth,pre_failure,33,candidate_04,['previous_first_dls'],True,4,trac_5ms,30,False,0,34,solver_failure,0,,162519226,
case_01_pre_failure_candidate_01_trac_5ms_r2,case_01_pre_failure,case_01,8007124479c3c7bc724a1818507bb840030dd31b60be2b3793048463dfa14ffc,trac_failed,smooth,pre_failure,33,candidate_01,['original_full_cghik'],False,2,trac_5ms,30,False,0,34,solver_failure,0,,161453221,
case_01_pre_failure_candidate_02_trac_5ms_r2,case_01_pre_failure,case_01,8007124479c3c7bc724a1818507bb840030dd31b60be2b3793048463dfa14ffc,trac_failed,smooth,pre_failure,33,candidate_02,['original_always_hard'],False,2,trac_5ms,30,False,0,34,solver_failure,0,,162600159,
case_01_pre_failure_candidate_04_trac_100ms_r2,case_01_pre_failure,case_01,8007124479c3c7bc724a1818507bb840030dd31b60be2b3793048463dfa14ffc,trac_failed,smooth,pre_failure,33,candidate_04,['previous_first_dls'],True,2,trac_100ms,30,False,0,34,solver_failure,0,,3019636667,
case_01_pre_failure_candidate_00_trac_100ms_r4,case_01_pre_failure,case_01,8007124479c3c7bc724a1818507bb840030dd31b60be2b3793048463dfa14ffc,trac_failed,smooth,pre_failure,33,candidate_00,"['original_focal', 'common_input_trac_0', 'common_input_trac_1', 'common_input_trac_2', 'common_input_trac_3', 'common_input_trac_4']",False,4,trac_100ms,30,False,0,34,solver_failure,0,,3019053163,
case_01_pre_failure_candidate_04_trac_5ms_r1,case_01_pre_failure,case_01,8007124479c3c7bc724a1818507bb840030dd31b60be2b3793048463dfa14ffc,trac_failed,smooth,pre_failure,33,candidate_04,['previous_first_dls'],True,1,trac_5ms,30,False,0,34,solver_failure,0,,162723395,
case_01_pre_failure_candidate_05_trac_5ms_r3,case_01_pre_failure,case_01,8007124479c3c7bc724a1818507bb840030dd31b60be2b3793048463dfa14ffc,trac_failed,smooth,pre_failure,33,candidate_05,['refined_focal'],False,3,trac_5ms,30,False,0,34,solver_failure,0,,162862340,
case_01_pre_failure_candidate_04_trac_5ms_interior_r0,case_01_pre_failure,case_01,8007124479c3c7bc724a1818507bb840030dd31b60be2b3793048463dfa14ffc,trac_failed,smooth,pre_failure,33,candidate_04,['previous_first_dls'],True,0,trac_5ms_interior,30,False,0,34,solver_failure,0,,162404184,
case_01_pre_failure_candidate_04_trac_5ms_r2,case_01_pre_failure,case_01,8007124479c3c7bc724a1818507bb840030dd31b60be2b3793048463dfa14ffc,trac_failed,smooth,pre_failure,33,candidate_04,['previous_first_dls'],True,2,trac_5ms,30,False,0,34,solver_failure,0,,161697546,
case_01_pre_failure_candidate_03_trac_5ms_r0,case_01_pre_failure,case_01,8007124479c3c7bc724a1818507bb840030dd31b60be2b3793048463dfa14ffc,trac_failed,smooth,pre_failure,33,candidate_03,"['common_input_always_hard', 'common_input_full_cghik']",False,0,trac_5ms,30,False,0,34,solver_failure,0,,161545925,
case_01_pre_failure_candidate_00_trac_100ms_r0,case_01_pre_failure,case_01,8007124479c3c7bc724a1818507bb840030dd31b60be2b3793048463dfa14ffc,trac_failed,smooth,pre_failure,33,candidate_00,"['original_focal', 'common_input_trac_0', 'common_input_trac_1', 'common_input_trac_2', 'common_input_trac_3', 'common_input_trac_4']",False,0,trac_100ms,30,False,0,34,solver_failure,0,,3019189286,
case_01_pre_failure_candidate_04_trac_100ms_r3,case_01_pre_failure,case_01,8007124479c3c7bc724a1818507bb840030dd31b60be2b3793048463dfa14ffc,trac_failed,smooth,pre_failure,33,candidate_04,['previous_first_dls'],True,3,trac_100ms,30,False,0,34,solver_failure,0,,3018449344,
case_01_pre_failure_candidate_05_trac_100ms_r0,case_01_pre_failure,case_01,8007124479c3c7bc724a1818507bb840030dd31b60be2b3793048463dfa14ffc,trac_failed,smooth,pre_failure,33,candidate_05,['refined_focal'],False,0,trac_100ms,30,False,0,34,solver_failure,0,,3019088857,
case_01_pre_failure_candidate_04_trac_5ms_interior_r4,case_01_pre_failure,case_01,8007124479c3c7bc724a1818507bb840030dd31b60be2b3793048463dfa14ffc,trac_failed,smooth,pre_failure,33,candidate_04,['previous_first_dls'],True,4,trac_5ms_interior,30,False,0,34,solver_failure,0,,163825928,
case_01_pre_failure_candidate_05_trac_5ms_r4,case_01_pre_failure,case_01,8007124479c3c7bc724a1818507bb840030dd31b60be2b3793048463dfa14ffc,trac_failed,smooth,pre_failure,33,candidate_05,['refined_focal'],False,4,trac_5ms,30,False,0,34,solver_failure,0,,163571145,
case_01_pre_failure_candidate_00_trac_100ms_r3,case_01_pre_failure,case_01,8007124479c3c7bc724a1818507bb840030dd31b60be2b3793048463dfa14ffc,trac_failed,smooth,pre_failure,33,candidate_00,"['original_focal', 'common_input_trac_0', 'common_input_trac_1', 'common_input_trac_2', 'common_input_trac_3', 'common_input_trac_4']",False,3,trac_100ms,30,False,0,34,solver_failure,0,,3019615212,
case_01_pre_failure_candidate_03_trac_5ms_r4,case_01_pre_failure,case_01,8007124479c3c7bc724a1818507bb840030dd31b60be2b3793048463dfa14ffc,trac_failed,smooth,pre_failure,33,candidate_03,"['common_input_always_hard', 'common_input_full_cghik']",False,4,trac_5ms,30,False,0,34,solver_failure,0,,162200000,
case_01_pre_failure_candidate_04_trac_5ms_r0,case_01_pre_failure,case_01,8007124479c3c7bc724a1818507bb840030dd31b60be2b3793048463dfa14ffc,trac_failed,smooth,pre_failure,33,candidate_04,['previous_first_dls'],True,0,trac_5ms,30,False,0,34,solver_failure,0,,162000529,
case_01_pre_failure_candidate_02_trac_5ms_r1,case_01_pre_failure,case_01,8007124479c3c7bc724a1818507bb840030dd31b60be2b3793048463dfa14ffc,trac_failed,smooth,pre_failure,33,candidate_02,['original_always_hard'],False,1,trac_5ms,30,False,0,34,solver_failure,0,,162354998,
case_01_pre_failure_candidate_00_trac_5ms_r3,case_01_pre_failure,case_01,8007124479c3c7bc724a1818507bb840030dd31b60be2b3793048463dfa14ffc,trac_failed,smooth,pre_failure,33,candidate_00,"['original_focal', 'common_input_trac_0', 'common_input_trac_1', 'common_input_trac_2', 'common_input_trac_3', 'common_input_trac_4']",False,3,trac_5ms,30,False,0,34,solver_failure,0,,163145552,
case_01_pre_failure_candidate_05_trac_100ms_r2,case_01_pre_failure,case_01,8007124479c3c7bc724a1818507bb840030dd31b60be2b3793048463dfa14ffc,trac_failed,smooth,pre_failure,33,candidate_05,['refined_focal'],False,2,trac_100ms,30,False,0,34,solver_failure,0,,3021689306,
case_01_pre_failure_candidate_04_trac_5ms_interior_r1,case_01_pre_failure,case_01,8007124479c3c7bc724a1818507bb840030dd31b60be2b3793048463dfa14ffc,trac_failed,smooth,pre_failure,33,candidate_04,['previous_first_dls'],True,1,trac_5ms_interior,30,False,0,34,solver_failure,0,,163189649,
case_01_pre_failure_candidate_00_trac_5ms_r4,case_01_pre_failure,case_01,8007124479c3c7bc724a1818507bb840030dd31b60be2b3793048463dfa14ffc,trac_failed,smooth,pre_failure,33,candidate_00,"['original_focal', 'common_input_trac_0', 'common_input_trac_1', 'common_input_trac_2', 'common_input_trac_3', 'common_input_trac_4']",False,4,trac_5ms,30,False,0,34,solver_failure,0,,162825144,
case_01_pre_failure_candidate_05_trac_100ms_r3,case_01_pre_failure,case_01,8007124479c3c7bc724a1818507bb840030dd31b60be2b3793048463dfa14ffc,trac_failed,smooth,pre_failure,33,candidate_05,['refined_focal'],False,3,trac_100ms,30,False,0,34,solver_failure,0,,3019123643,
case_01_pre_failure_candidate_05_trac_5ms_interior_r2,case_01_pre_failure,case_01,8007124479c3c7bc724a1818507bb840030dd31b60be2b3793048463dfa14ffc,trac_failed,smooth,pre_failure,33,candidate_05,['refined_focal'],False,2,trac_5ms_interior,30,False,0,34,solver_failure,0,,163030363,
case_01_pre_failure_candidate_04_trac_100ms_r1,case_01_pre_failure,case_01,8007124479c3c7bc724a1818507bb840030dd31b60be2b3793048463dfa14ffc,trac_failed,smooth,pre_failure,33,candidate_04,['previous_first_dls'],True,1,trac_100ms,30,False,0,34,solver_failure,0,,3019344534,
case_01_pre_failure_candidate_05_trac_5ms_interior_r1,case_01_pre_failure,case_01,8007124479c3c7bc724a1818507bb840030dd31b60be2b3793048463dfa14ffc,trac_failed,smooth,pre_failure,33,candidate_05,['refined_focal'],False,1,trac_5ms_interior,30,False,0,34,solver_failure,0,,162333888,
case_01_pre_failure_candidate_05_trac_5ms_interior_r3,case_01_pre_failure,case_01,8007124479c3c7bc724a1818507bb840030dd31b60be2b3793048463dfa14ffc,trac_failed,smooth,pre_failure,33,candidate_05,['refined_focal'],False,3,trac_5ms_interior,30,False,0,34,solver_failure,0,,164592526,
case_01_pre_failure_candidate_00_trac_5ms_r0,case_01_pre_failure,case_01,8007124479c3c7bc724a1818507bb840030dd31b60be2b3793048463dfa14ffc,trac_failed,smooth,pre_failure,33,candidate_00,"['original_focal', 'common_input_trac_0', 'common_input_trac_1', 'common_input_trac_2', 'common_input_trac_3', 'common_input_trac_4']",False,0,trac_5ms,30,False,0,34,solver_failure,0,,163113496,
case_01_pre_failure_candidate_00_trac_100ms_r1,case_01_pre_failure,case_01,8007124479c3c7bc724a1818507bb840030dd31b60be2b3793048463dfa14ffc,trac_failed,smooth,pre_failure,33,candidate_00,"['original_focal', 'common_input_trac_0', 'common_input_trac_1', 'common_input_trac_2', 'common_input_trac_3', 'common_input_trac_4']",False,1,trac_100ms,30,False,0,34,solver_failure,0,,3019193517,
case_01_pre_failure_candidate_00_trac_5ms_interior_r3,case_01_pre_failure,case_01,8007124479c3c7bc724a1818507bb840030dd31b60be2b3793048463dfa14ffc,trac_failed,smooth,pre_failure,33,candidate_00,"['original_focal', 'common_input_trac_0', 'common_input_trac_1', 'common_input_trac_2', 'common_input_trac_3', 'common_input_trac_4']",False,3,trac_5ms_interior,30,False,0,34,solver_failure,0,,163639383,
case_01_pre_failure_candidate_00_trac_5ms_interior_r4,case_01_pre_failure,case_01,8007124479c3c7bc724a1818507bb840030dd31b60be2b3793048463dfa14ffc,trac_failed,smooth,pre_failure,33,candidate_00,"['original_focal', 'common_input_trac_0', 'common_input_trac_1', 'common_input_trac_2', 'common_input_trac_3', 'common_input_trac_4']",False,4,trac_5ms_interior,30,False,0,34,solver_failure,0,,162676281,
case_01_pre_failure_candidate_02_trac_5ms_r4,case_01_pre_failure,case_01,8007124479c3c7bc724a1818507bb840030dd31b60be2b3793048463dfa14ffc,trac_failed,smooth,pre_failure,33,candidate_02,['original_always_hard'],False,4,trac_5ms,30,False,0,34,solver_failure,0,,162521581,
case_01_pre_failure_candidate_05_trac_5ms_interior_r0,case_01_pre_failure,case_01,8007124479c3c7bc724a1818507bb840030dd31b60be2b3793048463dfa14ffc,trac_failed,smooth,pre_failure,33,candidate_05,['refined_focal'],False,0,trac_5ms_interior,30,False,0,34,solver_failure,0,,163084059,
case_01_pre_failure_candidate_03_trac_5ms_r2,case_01_pre_failure,case_01,8007124479c3c7bc724a1818507bb840030dd31b60be2b3793048463dfa14ffc,trac_failed,smooth,pre_failure,33,candidate_03,"['common_input_always_hard', 'common_input_full_cghik']",False,2,trac_5ms,30,False,0,34,solver_failure,0,,162778663,
case_01_pre_failure_candidate_05_trac_100ms_r1,case_01_pre_failure,case_01,8007124479c3c7bc724a1818507bb840030dd31b60be2b3793048463dfa14ffc,trac_failed,smooth,pre_failure,33,candidate_05,['refined_focal'],False,1,trac_100ms,30,False,0,34,solver_failure,0,,3020044883,
case_01_pre_failure_candidate_04_trac_100ms_r0,case_01_pre_failure,case_01,8007124479c3c7bc724a1818507bb840030dd31b60be2b3793048463dfa14ffc,trac_failed,smooth,pre_failure,33,candidate_04,['previous_first_dls'],True,0,trac_100ms,30,False,0,34,solver_failure,0,,3019245038,
case_01_pre_failure_candidate_04_trac_5ms_interior_r3,case_01_pre_failure,case_01,8007124479c3c7bc724a1818507bb840030dd31b60be2b3793048463dfa14ffc,trac_failed,smooth,pre_failure,33,candidate_04,['previous_first_dls'],True,3,trac_5ms_interior,30,False,0,34,solver_failure,0,,163542609,
case_01_pre_failure_candidate_00_trac_5ms_r2,case_01_pre_failure,case_01,8007124479c3c7bc724a1818507bb840030dd31b60be2b3793048463dfa14ffc,trac_failed,smooth,pre_failure,33,candidate_00,"['original_focal', 'common_input_trac_0', 'common_input_trac_1', 'common_input_trac_2', 'common_input_trac_3', 'common_input_trac_4']",False,2,trac_5ms,30,False,0,34,solver_failure,0,,162880856,
case_01_pre_failure_candidate_02_trac_5ms_r0,case_01_pre_failure,case_01,8007124479c3c7bc724a1818507bb840030dd31b60be2b3793048463dfa14ffc,trac_failed,smooth,pre_failure,33,candidate_02,['original_always_hard'],False,0,trac_5ms,30,False,0,34,solver_failure,0,,162251613,
case_01_pre_failure_candidate_03_trac_5ms_r1,case_01_pre_failure,case_01,8007124479c3c7bc724a1818507bb840030dd31b60be2b3793048463dfa14ffc,trac_failed,smooth,pre_failure,33,candidate_03,"['common_input_always_hard', 'common_input_full_cghik']",False,1,trac_5ms,30,False,0,34,solver_failure,0,,162582716,
case_01_pre_failure_candidate_04_trac_5ms_r3,case_01_pre_failure,case_01,8007124479c3c7bc724a1818507bb840030dd31b60be2b3793048463dfa14ffc,trac_failed,smooth,pre_failure,33,candidate_04,['previous_first_dls'],True,3,trac_5ms,30,False,0,34,solver_failure,0,,162633286,
case_01_pre_failure_candidate_00_trac_5ms_interior_r2,case_01_pre_failure,case_01,8007124479c3c7bc724a1818507bb840030dd31b60be2b3793048463dfa14ffc,trac_failed,smooth,pre_failure,33,candidate_00,"['original_focal', 'common_input_trac_0', 'common_input_trac_1', 'common_input_trac_2', 'common_input_trac_3', 'common_input_trac_4']",False,2,trac_5ms_interior,30,False,0,34,solver_failure,0,,163020320,
case_01_pre_failure_candidate_00_trac_5ms_interior_r1,case_01_pre_failure,case_01,8007124479c3c7bc724a1818507bb840030dd31b60be2b3793048463dfa14ffc,trac_failed,smooth,pre_failure,33,candidate_00,"['original_focal', 'common_input_trac_0', 'common_input_trac_1', 'common_input_trac_2', 'common_input_trac_3', 'common_input_trac_4']",False,1,trac_5ms_interior,30,False,0,34,solver_failure,0,,163656620,
case_02_first_divergence_candidate_00_trac_5ms_r4,case_02_first_divergence,case_02,a5b1761b74cefaee8b9e8d58bc938cbc4d6d190674ad988e14e10767e8f38c28,trac_failed,near_singular,first_divergence,0,candidate_00,"['original_focal', 'common_input_trac_0', 'common_input_trac_1', 'common_input_trac_2']",False,4,trac_5ms,30,True,30,,,30,0.039734162482301244,12047347,successful_witnesses/case_02_first_divergence_candidate_00_trac_5ms_r4.json
case_02_first_divergence_candidate_00_trac_5ms_r1,case_02_first_divergence,case_02,a5b1761b74cefaee8b9e8d58bc938cbc4d6d190674ad988e14e10767e8f38c28,trac_failed,near_singular,first_divergence,0,candidate_00,"['original_focal', 'common_input_trac_0', 'common_input_trac_1', 'common_input_trac_2']",False,1,trac_5ms,30,True,30,,,30,0.039734162482301244,11087999,successful_witnesses/case_02_first_divergence_candidate_00_trac_5ms_r1.json
case_02_first_divergence_candidate_02_trac_5ms_r0,case_02_first_divergence,case_02,a5b1761b74cefaee8b9e8d58bc938cbc4d6d190674ad988e14e10767e8f38c28,trac_failed,near_singular,first_divergence,0,candidate_02,"['original_always_hard', 'common_input_always_hard']",False,0,trac_5ms,30,True,30,,,30,0.039733653035755184,11221497,successful_witnesses/case_02_first_divergence_candidate_02_trac_5ms_r0.json
case_02_first_divergence_candidate_05_trac_5ms_r2,case_02_first_divergence,case_02,a5b1761b74cefaee8b9e8d58bc938cbc4d6d190674ad988e14e10767e8f38c28,trac_failed,near_singular,first_divergence,0,candidate_05,['refined_focal'],False,2,trac_5ms,30,True,30,,,30,0.03973416248157027,10982360,successful_witnesses/case_02_first_divergence_candidate_05_trac_5ms_r2.json
case_02_first_divergence_candidate_04_trac_5ms_r0,case_02_first_divergence,case_02,a5b1761b74cefaee8b9e8d58bc938cbc4d6d190674ad988e14e10767e8f38c28,trac_failed,near_singular,first_divergence,0,candidate_04,"['common_input_trac_3', 'common_input_trac_4']",False,0,trac_5ms,30,True,30,,,30,0.03973416246895836,10909662,successful_witnesses/case_02_first_divergence_candidate_04_trac_5ms_r0.json
case_02_first_divergence_candidate_03_trac_5ms_r3,case_02_first_divergence,case_02,a5b1761b74cefaee8b9e8d58bc938cbc4d6d190674ad988e14e10767e8f38c28,trac_failed,near_singular,first_divergence,0,candidate_03,['offline_reference'],False,3,trac_5ms,30,True,30,,,30,0.0397341528289922,11199015,successful_witnesses/case_02_first_divergence_candidate_03_trac_5ms_r3.json
case_02_first_divergence_candidate_05_trac_5ms_r1,case_02_first_divergence,case_02,a5b1761b74cefaee8b9e8d58bc938cbc4d6d190674ad988e14e10767e8f38c28,trac_failed,near_singular,first_divergence,0,candidate_05,['refined_focal'],False,1,trac_5ms,30,True,30,,,30,0.03973416248157027,11161467,successful_witnesses/case_02_first_divergence_candidate_05_trac_5ms_r1.json
case_02_first_divergence_candidate_02_trac_5ms_r3,case_02_first_divergence,case_02,a5b1761b74cefaee8b9e8d58bc938cbc4d6d190674ad988e14e10767e8f38c28,trac_failed,near_singular,first_divergence,0,candidate_02,"['original_always_hard', 'common_input_always_hard']",False,3,trac_5ms,30,True,30,,,30,0.039733653035755184,11210922,successful_witnesses/case_02_first_divergence_candidate_02_trac_5ms_r3.json
case_02_first_divergence_candidate_01_trac_5ms_r2,case_02_first_divergence,case_02,a5b1761b74cefaee8b9e8d58bc938cbc4d6d190674ad988e14e10767e8f38c28,trac_failed,near_singular,first_divergence,0,candidate_01,"['original_full_cghik', 'common_input_full_cghik', 'previous_first_dls']",True,2,trac_5ms,30,True,30,,,30,0.03973416248560327,11324622,successful_witnesses/case_02_first_divergence_candidate_01_trac_5ms_r2.json
case_02_first_divergence_candidate_00_trac_5ms_r2,case_02_first_divergence,case_02,a5b1761b74cefaee8b9e8d58bc938cbc4d6d190674ad988e14e10767e8f38c28,trac_failed,near_singular,first_divergence,0,candidate_00,"['original_focal', 'common_input_trac_0', 'common_input_trac_1', 'common_input_trac_2']",False,2,trac_5ms,30,True,30,,,30,0.039734162482301244,11315631,successful_witnesses/case_02_first_divergence_candidate_00_trac_5ms_r2.json
case_02_first_divergence_candidate_03_trac_5ms_r1,case_02_first_divergence,case_02,a5b1761b74cefaee8b9e8d58bc938cbc4d6d190674ad988e14e10767e8f38c28,trac_failed,near_singular,first_divergence,0,candidate_03,['offline_reference'],False,1,trac_5ms,30,True,30,,,30,0.0397341528289922,11092401,successful_witnesses/case_02_first_divergence_candidate_03_trac_5ms_r1.json
case_02_first_divergence_candidate_00_trac_5ms_r0,case_02_first_divergence,case_02,a5b1761b74cefaee8b9e8d58bc938cbc4d6d190674ad988e14e10767e8f38c28,trac_failed,near_singular,first_divergence,0,candidate_00,"['original_focal', 'common_input_trac_0', 'common_input_trac_1', 'common_input_trac_2']",False,0,trac_5ms,30,True,30,,,30,0.039734162482301244,11046330,successful_witnesses/case_02_first_divergence_candidate_00_trac_5ms_r0.json
case_02_first_divergence_candidate_02_trac_5ms_r2,case_02_first_divergence,case_02,a5b1761b74cefaee8b9e8d58bc938cbc4d6d190674ad988e14e10767e8f38c28,trac_failed,near_singular,first_divergence,0,candidate_02,"['original_always_hard', 'common_input_always_hard']",False,2,trac_5ms,30,True,30,,,30,0.039733653035755184,11174452,successful_witnesses/case_02_first_divergence_candidate_02_trac_5ms_r2.json
case_02_first_divergence_candidate_05_trac_5ms_r4,case_02_first_divergence,case_02,a5b1761b74cefaee8b9e8d58bc938cbc4d6d190674ad988e14e10767e8f38c28,trac_failed,near_singular,first_divergence,0,candidate_05,['refined_focal'],False,4,trac_5ms,30,True,30,,,30,0.03973416248157027,11175828,successful_witnesses/case_02_first_divergence_candidate_05_trac_5ms_r4.json
case_02_first_divergence_candidate_02_trac_5ms_r1,case_02_first_divergence,case_02,a5b1761b74cefaee8b9e8d58bc938cbc4d6d190674ad988e14e10767e8f38c28,trac_failed,near_singular,first_divergence,0,candidate_02,"['original_always_hard', 'common_input_always_hard']",False,1,trac_5ms,30,True,30,,,30,0.039733653035755184,11059988,successful_witnesses/case_02_first_divergence_candidate_02_trac_5ms_r1.json
case_02_first_divergence_candidate_04_trac_5ms_r3,case_02_first_divergence,case_02,a5b1761b74cefaee8b9e8d58bc938cbc4d6d190674ad988e14e10767e8f38c28,trac_failed,near_singular,first_divergence,0,candidate_04,"['common_input_trac_3', 'common_input_trac_4']",False,3,trac_5ms,30,True,30,,,30,0.03973416246895836,11224950,successful_witnesses/case_02_first_divergence_candidate_04_trac_5ms_r3.json
case_02_first_divergence_candidate_00_trac_5ms_r3,case_02_first_divergence,case_02,a5b1761b74cefaee8b9e8d58bc938cbc4d6d190674ad988e14e10767e8f38c28,trac_failed,near_singular,first_divergence,0,candidate_00,"['original_focal', 'common_input_trac_0', 'common_input_trac_1', 'common_input_trac_2']",False,3,trac_5ms,30,True,30,,,30,0.039734162482301244,11129744,successful_witnesses/case_02_first_divergence_candidate_00_trac_5ms_r3.json
case_02_first_divergence_candidate_05_trac_5ms_r0,case_02_first_divergence,case_02,a5b1761b74cefaee8b9e8d58bc938cbc4d6d190674ad988e14e10767e8f38c28,trac_failed,near_singular,first_divergence,0,candidate_05,['refined_focal'],False,0,trac_5ms,30,True,30,,,30,0.03973416248157027,11213259,successful_witnesses/case_02_first_divergence_candidate_05_trac_5ms_r0.json
case_02_first_divergence_candidate_03_trac_5ms_r0,case_02_first_divergence,case_02,a5b1761b74cefaee8b9e8d58bc938cbc4d6d190674ad988e14e10767e8f38c28,trac_failed,near_singular,first_divergence,0,candidate_03,['offline_reference'],False,0,trac_5ms,30,True,30,,,30,0.0397341528289922,11254967,successful_witnesses/case_02_first_divergence_candidate_03_trac_5ms_r0.json
case_02_first_divergence_candidate_02_trac_5ms_r4,case_02_first_divergence,case_02,a5b1761b74cefaee8b9e8d58bc938cbc4d6d190674ad988e14e10767e8f38c28,trac_failed,near_singular,first_divergence,0,candidate_02,"['original_always_hard', 'common_input_always_hard']",False,4,trac_5ms,30,True,30,,,30,0.039733653035755184,10952136,successful_witnesses/case_02_first_divergence_candidate_02_trac_5ms_r4.json
case_02_first_divergence_candidate_04_trac_5ms_r4,case_02_first_divergence,case_02,a5b1761b74cefaee8b9e8d58bc938cbc4d6d190674ad988e14e10767e8f38c28,trac_failed,near_singular,first_divergence,0,candidate_04,"['common_input_trac_3', 'common_input_trac_4']",False,4,trac_5ms,30,True,30,,,30,0.03973416209141703,11288091,successful_witnesses/case_02_first_divergence_candidate_04_trac_5ms_r4.json
case_02_first_divergence_candidate_03_trac_5ms_r2,case_02_first_divergence,case_02,a5b1761b74cefaee8b9e8d58bc938cbc4d6d190674ad988e14e10767e8f38c28,trac_failed,near_singular,first_divergence,0,candidate_03,['offline_reference'],False,2,trac_5ms,30,True,30,,,30,0.03973415238275116,11104722,successful_witnesses/case_02_first_divergence_candidate_03_trac_5ms_r2.json
case_02_first_divergence_candidate_01_trac_5ms_r0,case_02_first_divergence,case_02,a5b1761b74cefaee8b9e8d58bc938cbc4d6d190674ad988e14e10767e8f38c28,trac_failed,near_singular,first_divergence,0,candidate_01,"['original_full_cghik', 'common_input_full_cghik', 'previous_first_dls']",True,0,trac_5ms,30,True,30,,,30,0.03973416248560327,11117314,successful_witnesses/case_02_first_divergence_candidate_01_trac_5ms_r0.json
case_02_first_divergence_candidate_05_trac_5ms_r3,case_02_first_divergence,case_02,a5b1761b74cefaee8b9e8d58bc938cbc4d6d190674ad988e14e10767e8f38c28,trac_failed,near_singular,first_divergence,0,candidate_05,['refined_focal'],False,3,trac_5ms,30,True,30,,,30,0.03973416248157027,11140377,successful_witnesses/case_02_first_divergence_candidate_05_trac_5ms_r3.json
case_02_first_divergence_candidate_04_trac_5ms_r2,case_02_first_divergence,case_02,a5b1761b74cefaee8b9e8d58bc938cbc4d6d190674ad988e14e10767e8f38c28,trac_failed,near_singular,first_divergence,0,candidate_04,"['common_input_trac_3', 'common_input_trac_4']",False,2,trac_5ms,30,True,30,,,30,0.039734161873320156,11329047,successful_witnesses/case_02_first_divergence_candidate_04_trac_5ms_r2.json
case_02_first_divergence_candidate_01_trac_5ms_r4,case_02_first_divergence,case_02,a5b1761b74cefaee8b9e8d58bc938cbc4d6d190674ad988e14e10767e8f38c28,trac_failed,near_singular,first_divergence,0,candidate_01,"['original_full_cghik', 'common_input_full_cghik', 'previous_first_dls']",True,4,trac_5ms,30,True,30,,,30,0.03973416248560327,11117197,successful_witnesses/case_02_first_divergence_candidate_01_trac_5ms_r4.json
case_02_first_divergence_candidate_04_trac_5ms_r1,case_02_first_divergence,case_02,a5b1761b74cefaee8b9e8d58bc938cbc4d6d190674ad988e14e10767e8f38c28,trac_failed,near_singular,first_divergence,0,candidate_04,"['common_input_trac_3', 'common_input_trac_4']",False,1,trac_5ms,30,True,30,,,30,0.03973416246895836,11099958,successful_witnesses/case_02_first_divergence_candidate_04_trac_5ms_r1.json
case_02_first_divergence_candidate_01_trac_5ms_r1,case_02_first_divergence,case_02,a5b1761b74cefaee8b9e8d58bc938cbc4d6d190674ad988e14e10767e8f38c28,trac_failed,near_singular,first_divergence,0,candidate_01,"['original_full_cghik', 'common_input_full_cghik', 'previous_first_dls']",True,1,trac_5ms,30,True,30,,,30,0.03973416248560327,11038788,successful_witnesses/case_02_first_divergence_candidate_01_trac_5ms_r1.json
case_02_first_divergence_candidate_01_trac_5ms_r3,case_02_first_divergence,case_02,a5b1761b74cefaee8b9e8d58bc938cbc4d6d190674ad988e14e10767e8f38c28,trac_failed,near_singular,first_divergence,0,candidate_01,"['original_full_cghik', 'common_input_full_cghik', 'previous_first_dls']",True,3,trac_5ms,30,True,30,,,30,0.03973416248560327,11155213,successful_witnesses/case_02_first_divergence_candidate_01_trac_5ms_r3.json
case_02_first_divergence_candidate_03_trac_5ms_r4,case_02_first_divergence,case_02,a5b1761b74cefaee8b9e8d58bc938cbc4d6d190674ad988e14e10767e8f38c28,trac_failed,near_singular,first_divergence,0,candidate_03,['offline_reference'],False,4,trac_5ms,30,True,30,,,30,0.0397341528289922,11162845,successful_witnesses/case_02_first_divergence_candidate_03_trac_5ms_r4.json
case_02_pre_failure_candidate_04_trac_5ms_r2,case_02_pre_failure,case_02,a5b1761b74cefaee8b9e8d58bc938cbc4d6d190674ad988e14e10767e8f38c28,trac_failed,near_singular,pre_failure,86,candidate_04,['refined_focal'],False,2,trac_5ms,30,False,0,87,solver_failure,0,,163817835,
case_02_pre_failure_candidate_00_trac_100ms_r3,case_02_pre_failure,case_02,a5b1761b74cefaee8b9e8d58bc938cbc4d6d190674ad988e14e10767e8f38c28,trac_failed,near_singular,pre_failure,86,candidate_00,"['original_focal', 'common_input_trac_0', 'common_input_trac_1', 'common_input_trac_2', 'common_input_trac_3', 'common_input_trac_4']",False,3,trac_100ms,30,False,0,87,solver_failure,0,,3019722289,
case_02_pre_failure_candidate_03_trac_100ms_r2,case_02_pre_failure,case_02,a5b1761b74cefaee8b9e8d58bc938cbc4d6d190674ad988e14e10767e8f38c28,trac_failed,near_singular,pre_failure,86,candidate_03,['previous_first_dls'],True,2,trac_100ms,30,False,0,87,solver_failure,0,,3017867526,
case_02_pre_failure_candidate_04_trac_5ms_r1,case_02_pre_failure,case_02,a5b1761b74cefaee8b9e8d58bc938cbc4d6d190674ad988e14e10767e8f38c28,trac_failed,near_singular,pre_failure,86,candidate_04,['refined_focal'],False,1,trac_5ms,30,False,0,87,solver_failure,0,,163762285,
case_02_pre_failure_candidate_00_trac_5ms_interior_r0,case_02_pre_failure,case_02,a5b1761b74cefaee8b9e8d58bc938cbc4d6d190674ad988e14e10767e8f38c28,trac_failed,near_singular,pre_failure,86,candidate_00,"['original_focal', 'common_input_trac_0', 'common_input_trac_1', 'common_input_trac_2', 'common_input_trac_3', 'common_input_trac_4']",False,0,trac_5ms_interior,30,False,0,87,solver_failure,0,,162718304,
case_02_pre_failure_candidate_02_trac_5ms_r2,case_02_pre_failure,case_02,a5b1761b74cefaee8b9e8d58bc938cbc4d6d190674ad988e14e10767e8f38c28,trac_failed,near_singular,pre_failure,86,candidate_02,['common_input_full_cghik'],False,2,trac_5ms,30,False,0,87,solver_failure,0,,162296086,
case_02_pre_failure_candidate_02_trac_5ms_r0,case_02_pre_failure,case_02,a5b1761b74cefaee8b9e8d58bc938cbc4d6d190674ad988e14e10767e8f38c28,trac_failed,near_singular,pre_failure,86,candidate_02,['common_input_full_cghik'],False,0,trac_5ms,30,False,0,87,solver_failure,0,,162687212,
case_02_pre_failure_candidate_01_trac_5ms_r2,case_02_pre_failure,case_02,a5b1761b74cefaee8b9e8d58bc938cbc4d6d190674ad988e14e10767e8f38c28,trac_failed,near_singular,pre_failure,86,candidate_01,['common_input_always_hard'],False,2,trac_5ms,30,False,0,87,solver_failure,0,,162358563,
case_02_pre_failure_candidate_00_trac_5ms_r3,case_02_pre_failure,case_02,a5b1761b74cefaee8b9e8d58bc938cbc4d6d190674ad988e14e10767e8f38c28,trac_failed,near_singular,pre_failure,86,candidate_00,"['original_focal', 'common_input_trac_0', 'common_input_trac_1', 'common_input_trac_2', 'common_input_trac_3', 'common_input_trac_4']",False,3,trac_5ms,30,False,0,87,solver_failure,0,,161916467,
case_02_pre_failure_candidate_04_trac_5ms_interior_r2,case_02_pre_failure,case_02,a5b1761b74cefaee8b9e8d58bc938cbc4d6d190674ad988e14e10767e8f38c28,trac_failed,near_singular,pre_failure,86,candidate_04,['refined_focal'],False,2,trac_5ms_interior,30,False,0,87,solver_failure,0,,161568330,
case_02_pre_failure_candidate_03_trac_5ms_interior_r2,case_02_pre_failure,case_02,a5b1761b74cefaee8b9e8d58bc938cbc4d6d190674ad988e14e10767e8f38c28,trac_failed,near_singular,pre_failure,86,candidate_03,['previous_first_dls'],True,2,trac_5ms_interior,30,False,0,87,solver_failure,0,,162022555,
case_02_pre_failure_candidate_00_trac_100ms_r1,case_02_pre_failure,case_02,a5b1761b74cefaee8b9e8d58bc938cbc4d6d190674ad988e14e10767e8f38c28,trac_failed,near_singular,pre_failure,86,candidate_00,"['original_focal', 'common_input_trac_0', 'common_input_trac_1', 'common_input_trac_2', 'common_input_trac_3', 'common_input_trac_4']",False,1,trac_100ms,30,False,0,87,solver_failure,0,,3017706463,
case_02_pre_failure_candidate_00_trac_5ms_interior_r1,case_02_pre_failure,case_02,a5b1761b74cefaee8b9e8d58bc938cbc4d6d190674ad988e14e10767e8f38c28,trac_failed,near_singular,pre_failure,86,candidate_00,"['original_focal', 'common_input_trac_0', 'common_input_trac_1', 'common_input_trac_2', 'common_input_trac_3', 'common_input_trac_4']",False,1,trac_5ms_interior,30,False,0,87,solver_failure,0,,163654276,
case_02_pre_failure_candidate_03_trac_5ms_interior_r3,case_02_pre_failure,case_02,a5b1761b74cefaee8b9e8d58bc938cbc4d6d190674ad988e14e10767e8f38c28,trac_failed,near_singular,pre_failure,86,candidate_03,['previous_first_dls'],True,3,trac_5ms_interior,30,False,0,87,solver_failure,0,,163181216,
case_02_pre_failure_candidate_00_trac_100ms_r2,case_02_pre_failure,case_02,a5b1761b74cefaee8b9e8d58bc938cbc4d6d190674ad988e14e10767e8f38c28,trac_failed,near_singular,pre_failure,86,candidate_00,"['original_focal', 'common_input_trac_0', 'common_input_trac_1', 'common_input_trac_2', 'common_input_trac_3', 'common_input_trac_4']",False,2,trac_100ms,30,False,0,87,solver_failure,0,,3018001217,
case_02_pre_failure_candidate_01_trac_5ms_r0,case_02_pre_failure,case_02,a5b1761b74cefaee8b9e8d58bc938cbc4d6d190674ad988e14e10767e8f38c28,trac_failed,near_singular,pre_failure,86,candidate_01,['common_input_always_hard'],False,0,trac_5ms,30,False,0,87,solver_failure,0,,161963870,
case_02_pre_failure_candidate_01_trac_5ms_r3,case_02_pre_failure,case_02,a5b1761b74cefaee8b9e8d58bc938cbc4d6d190674ad988e14e10767e8f38c28,trac_failed,near_singular,pre_failure,86,candidate_01,['common_input_always_hard'],False,3,trac_5ms,30,False,0,87,solver_failure,0,,162218981,
case_02_pre_failure_candidate_04_trac_5ms_r4,case_02_pre_failure,case_02,a5b1761b74cefaee8b9e8d58bc938cbc4d6d190674ad988e14e10767e8f38c28,trac_failed,near_singular,pre_failure,86,candidate_04,['refined_focal'],False,4,trac_5ms,30,False,0,87,solver_failure,0,,161466189,
case_02_pre_failure_candidate_04_trac_100ms_r1,case_02_pre_failure,case_02,a5b1761b74cefaee8b9e8d58bc938cbc4d6d190674ad988e14e10767e8f38c28,trac_failed,near_singular,pre_failure,86,candidate_04,['refined_focal'],False,1,trac_100ms,30,False,0,87,solver_failure,0,,3017998077,
case_02_pre_failure_candidate_04_trac_5ms_r0,case_02_pre_failure,case_02,a5b1761b74cefaee8b9e8d58bc938cbc4d6d190674ad988e14e10767e8f38c28,trac_failed,near_singular,pre_failure,86,candidate_04,['refined_focal'],False,0,trac_5ms,30,False,0,87,solver_failure,0,,162866799,
case_02_pre_failure_candidate_00_trac_100ms_r0,case_02_pre_failure,case_02,a5b1761b74cefaee8b9e8d58bc938cbc4d6d190674ad988e14e10767e8f38c28,trac_failed,near_singular,pre_failure,86,candidate_00,"['original_focal', 'common_input_trac_0', 'common_input_trac_1', 'common_input_trac_2', 'common_input_trac_3', 'common_input_trac_4']",False,0,trac_100ms,30,False,0,87,solver_failure,0,,3017586999,
case_02_pre_failure_candidate_02_trac_5ms_r4,case_02_pre_failure,case_02,a5b1761b74cefaee8b9e8d58bc938cbc4d6d190674ad988e14e10767e8f38c28,trac_failed,near_singular,pre_failure,86,candidate_02,['common_input_full_cghik'],False,4,trac_5ms,30,False,0,87,solver_failure,0,,163763126,
case_02_pre_failure_candidate_00_trac_5ms_r4,case_02_pre_failure,case_02,a5b1761b74cefaee8b9e8d58bc938cbc4d6d190674ad988e14e10767e8f38c28,trac_failed,near_singular,pre_failure,86,candidate_00,"['original_focal', 'common_input_trac_0', 'common_input_trac_1', 'common_input_trac_2', 'common_input_trac_3', 'common_input_trac_4']",False,4,trac_5ms,30,False,0,87,solver_failure,0,,162720096,
case_02_pre_failure_candidate_04_trac_100ms_r4,case_02_pre_failure,case_02,a5b1761b74cefaee8b9e8d58bc938cbc4d6d190674ad988e14e10767e8f38c28,trac_failed,near_singular,pre_failure,86,candidate_04,['refined_focal'],False,4,trac_100ms,30,False,0,87,solver_failure,0,,3018983944,
case_02_pre_failure_candidate_03_trac_5ms_r4,case_02_pre_failure,case_02,a5b1761b74cefaee8b9e8d58bc938cbc4d6d190674ad988e14e10767e8f38c28,trac_failed,near_singular,pre_failure,86,candidate_03,['previous_first_dls'],True,4,trac_5ms,30,False,0,87,solver_failure,0,,163540764,
case_02_pre_failure_candidate_04_trac_5ms_r3,case_02_pre_failure,case_02,a5b1761b74cefaee8b9e8d58bc938cbc4d6d190674ad988e14e10767e8f38c28,trac_failed,near_singular,pre_failure,86,candidate_04,['refined_focal'],False,3,trac_5ms,30,False,0,87,solver_failure,0,,163296147,
case_02_pre_failure_candidate_00_trac_5ms_r2,case_02_pre_failure,case_02,a5b1761b74cefaee8b9e8d58bc938cbc4d6d190674ad988e14e10767e8f38c28,trac_failed,near_singular,pre_failure,86,candidate_00,"['original_focal', 'common_input_trac_0', 'common_input_trac_1', 'common_input_trac_2', 'common_input_trac_3', 'common_input_trac_4']",False,2,trac_5ms,30,False,0,87,solver_failure,0,,161864311,
case_02_pre_failure_candidate_03_trac_5ms_interior_r4,case_02_pre_failure,case_02,a5b1761b74cefaee8b9e8d58bc938cbc4d6d190674ad988e14e10767e8f38c28,trac_failed,near_singular,pre_failure,86,candidate_03,['previous_first_dls'],True,4,trac_5ms_interior,30,False,0,87,solver_failure,0,,162727660,
case_02_pre_failure_candidate_03_trac_5ms_r2,case_02_pre_failure,case_02,a5b1761b74cefaee8b9e8d58bc938cbc4d6d190674ad988e14e10767e8f38c28,trac_failed,near_singular,pre_failure,86,candidate_03,['previous_first_dls'],True,2,trac_5ms,30,False,0,87,solver_failure,0,,162480384,
case_02_pre_failure_candidate_01_trac_5ms_r4,case_02_pre_failure,case_02,a5b1761b74cefaee8b9e8d58bc938cbc4d6d190674ad988e14e10767e8f38c28,trac_failed,near_singular,pre_failure,86,candidate_01,['common_input_always_hard'],False,4,trac_5ms,30,False,0,87,solver_failure,0,,162680689,
case_02_pre_failure_candidate_03_trac_5ms_interior_r0,case_02_pre_failure,case_02,a5b1761b74cefaee8b9e8d58bc938cbc4d6d190674ad988e14e10767e8f38c28,trac_failed,near_singular,pre_failure,86,candidate_03,['previous_first_dls'],True,0,trac_5ms_interior,30,False,0,87,solver_failure,0,,162236044,
case_02_pre_failure_candidate_00_trac_5ms_interior_r3,case_02_pre_failure,case_02,a5b1761b74cefaee8b9e8d58bc938cbc4d6d190674ad988e14e10767e8f38c28,trac_failed,near_singular,pre_failure,86,candidate_00,"['original_focal', 'common_input_trac_0', 'common_input_trac_1', 'common_input_trac_2', 'common_input_trac_3', 'common_input_trac_4']",False,3,trac_5ms_interior,30,False,0,87,solver_failure,0,,162209265,
case_02_pre_failure_candidate_00_trac_5ms_r1,case_02_pre_failure,case_02,a5b1761b74cefaee8b9e8d58bc938cbc4d6d190674ad988e14e10767e8f38c28,trac_failed,near_singular,pre_failure,86,candidate_00,"['original_focal', 'common_input_trac_0', 'common_input_trac_1', 'common_input_trac_2', 'common_input_trac_3', 'common_input_trac_4']",False,1,trac_5ms,30,False,0,87,solver_failure,0,,162069908,
case_02_pre_failure_candidate_03_trac_100ms_r4,case_02_pre_failure,case_02,a5b1761b74cefaee8b9e8d58bc938cbc4d6d190674ad988e14e10767e8f38c28,trac_failed,near_singular,pre_failure,86,candidate_03,['previous_first_dls'],True,4,trac_100ms,30,False,0,87,solver_failure,0,,3019124624,
case_02_pre_failure_candidate_04_trac_5ms_interior_r4,case_02_pre_failure,case_02,a5b1761b74cefaee8b9e8d58bc938cbc4d6d190674ad988e14e10767e8f38c28,trac_failed,near_singular,pre_failure,86,candidate_04,['refined_focal'],False,4,trac_5ms_interior,30,False,0,87,solver_failure,0,,162489843,
case_02_pre_failure_candidate_04_trac_5ms_interior_r0,case_02_pre_failure,case_02,a5b1761b74cefaee8b9e8d58bc938cbc4d6d190674ad988e14e10767e8f38c28,trac_failed,near_singular,pre_failure,86,candidate_04,['refined_focal'],False,0,trac_5ms_interior,30,False,0,87,solver_failure,0,,162255214,
case_02_pre_failure_candidate_04_trac_100ms_r2,case_02_pre_failure,case_02,a5b1761b74cefaee8b9e8d58bc938cbc4d6d190674ad988e14e10767e8f38c28,trac_failed,near_singular,pre_failure,86,candidate_04,['refined_focal'],False,2,trac_100ms,30,False,0,87,solver_failure,0,,3019184002,
case_02_pre_failure_candidate_03_trac_100ms_r3,case_02_pre_failure,case_02,a5b1761b74cefaee8b9e8d58bc938cbc4d6d190674ad988e14e10767e8f38c28,trac_failed,near_singular,pre_failure,86,candidate_03,['previous_first_dls'],True,3,trac_100ms,30,False,0,87,solver_failure,0,,3019297661,
case_02_pre_failure_candidate_04_trac_5ms_interior_r3,case_02_pre_failure,case_02,a5b1761b74cefaee8b9e8d58bc938cbc4d6d190674ad988e14e10767e8f38c28,trac_failed,near_singular,pre_failure,86,candidate_04,['refined_focal'],False,3,trac_5ms_interior,30,False,0,87,solver_failure,0,,163930562,
case_02_pre_failure_candidate_02_trac_5ms_r3,case_02_pre_failure,case_02,a5b1761b74cefaee8b9e8d58bc938cbc4d6d190674ad988e14e10767e8f38c28,trac_failed,near_singular,pre_failure,86,candidate_02,['common_input_full_cghik'],False,3,trac_5ms,30,False,0,87,solver_failure,0,,162729571,
case_02_pre_failure_candidate_03_trac_100ms_r0,case_02_pre_failure,case_02,a5b1761b74cefaee8b9e8d58bc938cbc4d6d190674ad988e14e10767e8f38c28,trac_failed,near_singular,pre_failure,86,candidate_03,['previous_first_dls'],True,0,trac_100ms,30,False,0,87,solver_failure,0,,3019481872,
case_02_pre_failure_candidate_04_trac_100ms_r3,case_02_pre_failure,case_02,a5b1761b74cefaee8b9e8d58bc938cbc4d6d190674ad988e14e10767e8f38c28,trac_failed,near_singular,pre_failure,86,candidate_04,['refined_focal'],False,3,trac_100ms,30,False,0,87,solver_failure,0,,3019925028,
case_02_pre_failure_candidate_01_trac_5ms_r1,case_02_pre_failure,case_02,a5b1761b74cefaee8b9e8d58bc938cbc4d6d190674ad988e14e10767e8f38c28,trac_failed,near_singular,pre_failure,86,candidate_01,['common_input_always_hard'],False,1,trac_5ms,30,False,0,87,solver_failure,0,,163297408,
case_02_pre_failure_candidate_03_trac_5ms_interior_r1,case_02_pre_failure,case_02,a5b1761b74cefaee8b9e8d58bc938cbc4d6d190674ad988e14e10767e8f38c28,trac_failed,near_singular,pre_failure,86,candidate_03,['previous_first_dls'],True,1,trac_5ms_interior,30,False,0,87,solver_failure,0,,162785409,
case_02_pre_failure_candidate_00_trac_5ms_interior_r2,case_02_pre_failure,case_02,a5b1761b74cefaee8b9e8d58bc938cbc4d6d190674ad988e14e10767e8f38c28,trac_failed,near_singular,pre_failure,86,candidate_00,"['original_focal', 'common_input_trac_0', 'common_input_trac_1', 'common_input_trac_2', 'common_input_trac_3', 'common_input_trac_4']",False,2,trac_5ms_interior,30,False,0,87,solver_failure,0,,162875505,
case_02_pre_failure_candidate_03_trac_100ms_r1,case_02_pre_failure,case_02,a5b1761b74cefaee8b9e8d58bc938cbc4d6d190674ad988e14e10767e8f38c28,trac_failed,near_singular,pre_failure,86,candidate_03,['previous_first_dls'],True,1,trac_100ms,30,False,0,87,solver_failure,0,,3019357127,
case_02_pre_failure_candidate_00_trac_100ms_r4,case_02_pre_failure,case_02,a5b1761b74cefaee8b9e8d58bc938cbc4d6d190674ad988e14e10767e8f38c28,trac_failed,near_singular,pre_failure,86,candidate_00,"['original_focal', 'common_input_trac_0', 'common_input_trac_1', 'common_input_trac_2', 'common_input_trac_3', 'common_input_trac_4']",False,4,trac_100ms,30,False,0,87,solver_failure,0,,3018166574,
case_02_pre_failure_candidate_03_trac_5ms_r0,case_02_pre_failure,case_02,a5b1761b74cefaee8b9e8d58bc938cbc4d6d190674ad988e14e10767e8f38c28,trac_failed,near_singular,pre_failure,86,candidate_03,['previous_first_dls'],True,0,trac_5ms,30,False,0,87,solver_failure,0,,163618827,
case_02_pre_failure_candidate_04_trac_5ms_interior_r1,case_02_pre_failure,case_02,a5b1761b74cefaee8b9e8d58bc938cbc4d6d190674ad988e14e10767e8f38c28,trac_failed,near_singular,pre_failure,86,candidate_04,['refined_focal'],False,1,trac_5ms_interior,30,False,0,87,solver_failure,0,,163567776,
case_02_pre_failure_candidate_00_trac_5ms_interior_r4,case_02_pre_failure,case_02,a5b1761b74cefaee8b9e8d58bc938cbc4d6d190674ad988e14e10767e8f38c28,trac_failed,near_singular,pre_failure,86,candidate_00,"['original_focal', 'common_input_trac_0', 'common_input_trac_1', 'common_input_trac_2', 'common_input_trac_3', 'common_input_trac_4']",False,4,trac_5ms_interior,30,False,0,87,solver_failure,0,,163057199,
case_02_pre_failure_candidate_02_trac_5ms_r1,case_02_pre_failure,case_02,a5b1761b74cefaee8b9e8d58bc938cbc4d6d190674ad988e14e10767e8f38c28,trac_failed,near_singular,pre_failure,86,candidate_02,['common_input_full_cghik'],False,1,trac_5ms,30,False,0,87,solver_failure,0,,163315337,
case_02_pre_failure_candidate_04_trac_100ms_r0,case_02_pre_failure,case_02,a5b1761b74cefaee8b9e8d58bc938cbc4d6d190674ad988e14e10767e8f38c28,trac_failed,near_singular,pre_failure,86,candidate_04,['refined_focal'],False,0,trac_100ms,30,False,0,87,solver_failure,0,,3019339214,
case_02_pre_failure_candidate_03_trac_5ms_r3,case_02_pre_failure,case_02,a5b1761b74cefaee8b9e8d58bc938cbc4d6d190674ad988e14e10767e8f38c28,trac_failed,near_singular,pre_failure,86,candidate_03,['previous_first_dls'],True,3,trac_5ms,30,False,0,87,solver_failure,0,,162262352,
case_02_pre_failure_candidate_00_trac_5ms_r0,case_02_pre_failure,case_02,a5b1761b74cefaee8b9e8d58bc938cbc4d6d190674ad988e14e10767e8f38c28,trac_failed,near_singular,pre_failure,86,candidate_00,"['original_focal', 'common_input_trac_0', 'common_input_trac_1', 'common_input_trac_2', 'common_input_trac_3', 'common_input_trac_4']",False,0,trac_5ms,30,False,0,87,solver_failure,0,,163086510,
case_02_pre_failure_candidate_03_trac_5ms_r1,case_02_pre_failure,case_02,a5b1761b74cefaee8b9e8d58bc938cbc4d6d190674ad988e14e10767e8f38c28,trac_failed,near_singular,pre_failure,86,candidate_03,['previous_first_dls'],True,1,trac_5ms,30,False,0,87,solver_failure,0,,162412938,
case_03_first_divergence_candidate_03_trac_5ms_r2,case_03_first_divergence,case_03,b82acfb0f8aeca32d455788ace0eae3c1ac31cfac5269c5a38c8b080b1192218,trac_failed,near_singular,first_divergence,0,candidate_03,['offline_reference'],False,2,trac_5ms,30,True,30,,,30,0.04074169419558385,11118304,successful_witnesses/case_03_first_divergence_candidate_03_trac_5ms_r2.json
case_03_first_divergence_candidate_05_trac_5ms_r1,case_03_first_divergence,case_03,b82acfb0f8aeca32d455788ace0eae3c1ac31cfac5269c5a38c8b080b1192218,trac_failed,near_singular,first_divergence,0,candidate_05,['refined_focal'],False,1,trac_5ms,30,True,30,,,30,0.040741704432177644,10995078,successful_witnesses/case_03_first_divergence_candidate_05_trac_5ms_r1.json
case_03_first_divergence_candidate_04_trac_5ms_r1,case_03_first_divergence,case_03,b82acfb0f8aeca32d455788ace0eae3c1ac31cfac5269c5a38c8b080b1192218,trac_failed,near_singular,first_divergence,0,candidate_04,['common_input_trac_4'],False,1,trac_5ms,30,True,30,,,30,0.0407417044262223,11659431,successful_witnesses/case_03_first_divergence_candidate_04_trac_5ms_r1.json
case_03_first_divergence_candidate_02_trac_5ms_r2,case_03_first_divergence,case_03,b82acfb0f8aeca32d455788ace0eae3c1ac31cfac5269c5a38c8b080b1192218,trac_failed,near_singular,first_divergence,0,candidate_02,"['original_always_hard', 'common_input_always_hard']",False,2,trac_5ms,30,True,30,,,30,0.04074189888789495,10899666,successful_witnesses/case_03_first_divergence_candidate_02_trac_5ms_r2.json
case_03_first_divergence_candidate_01_trac_5ms_r4,case_03_first_divergence,case_03,b82acfb0f8aeca32d455788ace0eae3c1ac31cfac5269c5a38c8b080b1192218,trac_failed,near_singular,first_divergence,0,candidate_01,"['original_full_cghik', 'common_input_full_cghik', 'previous_first_dls']",True,4,trac_5ms,30,True,30,,,30,0.04074170443062711,10954878,successful_witnesses/case_03_first_divergence_candidate_01_trac_5ms_r4.json
case_03_first_divergence_candidate_04_trac_5ms_r2,case_03_first_divergence,case_03,b82acfb0f8aeca32d455788ace0eae3c1ac31cfac5269c5a38c8b080b1192218,trac_failed,near_singular,first_divergence,0,candidate_04,['common_input_trac_4'],False,2,trac_5ms,30,True,30,,,30,0.0407417044262223,11067516,successful_witnesses/case_03_first_divergence_candidate_04_trac_5ms_r2.json
case_03_first_divergence_candidate_05_trac_5ms_r2,case_03_first_divergence,case_03,b82acfb0f8aeca32d455788ace0eae3c1ac31cfac5269c5a38c8b080b1192218,trac_failed,near_singular,first_divergence,0,candidate_05,['refined_focal'],False,2,trac_5ms,30,True,30,,,30,0.040741704432177644,10850372,successful_witnesses/case_03_first_divergence_candidate_05_trac_5ms_r2.json
case_03_first_divergence_candidate_03_trac_5ms_r3,case_03_first_divergence,case_03,b82acfb0f8aeca32d455788ace0eae3c1ac31cfac5269c5a38c8b080b1192218,trac_failed,near_singular,first_divergence,0,candidate_03,['offline_reference'],False,3,trac_5ms,30,True,30,,,30,0.04074169410926812,11027515,successful_witnesses/case_03_first_divergence_candidate_03_trac_5ms_r3.json
case_03_first_divergence_candidate_00_trac_5ms_r1,case_03_first_divergence,case_03,b82acfb0f8aeca32d455788ace0eae3c1ac31cfac5269c5a38c8b080b1192218,trac_failed,near_singular,first_divergence,0,candidate_00,"['original_focal', 'common_input_trac_0', 'common_input_trac_1', 'common_input_trac_2', 'common_input_trac_3']",False,1,trac_5ms,30,True,30,,,30,0.040741704432156106,10921945,successful_witnesses/case_03_first_divergence_candidate_00_trac_5ms_r1.json
case_03_first_divergence_candidate_05_trac_5ms_r4,case_03_first_divergence,case_03,b82acfb0f8aeca32d455788ace0eae3c1ac31cfac5269c5a38c8b080b1192218,trac_failed,near_singular,first_divergence,0,candidate_05,['refined_focal'],False,4,trac_5ms,30,True,30,,,30,0.040741704432177644,10831818,successful_witnesses/case_03_first_divergence_candidate_05_trac_5ms_r4.json
case_03_first_divergence_candidate_00_trac_5ms_r3,case_03_first_divergence,case_03,b82acfb0f8aeca32d455788ace0eae3c1ac31cfac5269c5a38c8b080b1192218,trac_failed,near_singular,first_divergence,0,candidate_00,"['original_focal', 'common_input_trac_0', 'common_input_trac_1', 'common_input_trac_2', 'common_input_trac_3']",False,3,trac_5ms,30,True,30,,,30,0.040741704432156106,10856585,successful_witnesses/case_03_first_divergence_candidate_00_trac_5ms_r3.json
case_03_first_divergence_candidate_02_trac_5ms_r3,case_03_first_divergence,case_03,b82acfb0f8aeca32d455788ace0eae3c1ac31cfac5269c5a38c8b080b1192218,trac_failed,near_singular,first_divergence,0,candidate_02,"['original_always_hard', 'common_input_always_hard']",False,3,trac_5ms,30,True,30,,,30,0.04074189888955029,11186095,successful_witnesses/case_03_first_divergence_candidate_02_trac_5ms_r3.json
case_03_first_divergence_candidate_03_trac_5ms_r1,case_03_first_divergence,case_03,b82acfb0f8aeca32d455788ace0eae3c1ac31cfac5269c5a38c8b080b1192218,trac_failed,near_singular,first_divergence,0,candidate_03,['offline_reference'],False,1,trac_5ms,30,True,30,,,30,0.04074169410926812,11124903,successful_witnesses/case_03_first_divergence_candidate_03_trac_5ms_r1.json
case_03_first_divergence_candidate_01_trac_5ms_r0,case_03_first_divergence,case_03,b82acfb0f8aeca32d455788ace0eae3c1ac31cfac5269c5a38c8b080b1192218,trac_failed,near_singular,first_divergence,0,candidate_01,"['original_full_cghik', 'common_input_full_cghik', 'previous_first_dls']",True,0,trac_5ms,30,True,30,,,30,0.04074170443062711,10927347,successful_witnesses/case_03_first_divergence_candidate_01_trac_5ms_r0.json
case_03_first_divergence_candidate_00_trac_5ms_r2,case_03_first_divergence,case_03,b82acfb0f8aeca32d455788ace0eae3c1ac31cfac5269c5a38c8b080b1192218,trac_failed,near_singular,first_divergence,0,candidate_00,"['original_focal', 'common_input_trac_0', 'common_input_trac_1', 'common_input_trac_2', 'common_input_trac_3']",False,2,trac_5ms,30,True,30,,,30,0.040741704432156106,10834298,successful_witnesses/case_03_first_divergence_candidate_00_trac_5ms_r2.json
case_03_first_divergence_candidate_00_trac_5ms_r0,case_03_first_divergence,case_03,b82acfb0f8aeca32d455788ace0eae3c1ac31cfac5269c5a38c8b080b1192218,trac_failed,near_singular,first_divergence,0,candidate_00,"['original_focal', 'common_input_trac_0', 'common_input_trac_1', 'common_input_trac_2', 'common_input_trac_3']",False,0,trac_5ms,30,True,30,,,30,0.040741704432156106,11084312,successful_witnesses/case_03_first_divergence_candidate_00_trac_5ms_r0.json
case_03_first_divergence_candidate_01_trac_5ms_r1,case_03_first_divergence,case_03,b82acfb0f8aeca32d455788ace0eae3c1ac31cfac5269c5a38c8b080b1192218,trac_failed,near_singular,first_divergence,0,candidate_01,"['original_full_cghik', 'common_input_full_cghik', 'previous_first_dls']",True,1,trac_5ms,30,True,30,,,30,0.04074170443062711,11310563,successful_witnesses/case_03_first_divergence_candidate_01_trac_5ms_r1.json
case_03_first_divergence_candidate_03_trac_5ms_r4,case_03_first_divergence,case_03,b82acfb0f8aeca32d455788ace0eae3c1ac31cfac5269c5a38c8b080b1192218,trac_failed,near_singular,first_divergence,0,candidate_03,['offline_reference'],False,4,trac_5ms,30,True,30,,,30,0.04074169410926812,10939230,successful_witnesses/case_03_first_divergence_candidate_03_trac_5ms_r4.json
case_03_first_divergence_candidate_04_trac_5ms_r4,case_03_first_divergence,case_03,b82acfb0f8aeca32d455788ace0eae3c1ac31cfac5269c5a38c8b080b1192218,trac_failed,near_singular,first_divergence,0,candidate_04,['common_input_trac_4'],False,4,trac_5ms,30,True,30,,,30,0.0407417044262223,11072636,successful_witnesses/case_03_first_divergence_candidate_04_trac_5ms_r4.json
case_03_first_divergence_candidate_04_trac_5ms_r3,case_03_first_divergence,case_03,b82acfb0f8aeca32d455788ace0eae3c1ac31cfac5269c5a38c8b080b1192218,trac_failed,near_singular,first_divergence,0,candidate_04,['common_input_trac_4'],False,3,trac_5ms,30,True,30,,,30,0.0407417044262223,10980576,successful_witnesses/case_03_first_divergence_candidate_04_trac_5ms_r3.json
case_03_first_divergence_candidate_00_trac_5ms_r4,case_03_first_divergence,case_03,b82acfb0f8aeca32d455788ace0eae3c1ac31cfac5269c5a38c8b080b1192218,trac_failed,near_singular,first_divergence,0,candidate_00,"['original_focal', 'common_input_trac_0', 'common_input_trac_1', 'common_input_trac_2', 'common_input_trac_3']",False,4,trac_5ms,30,True,30,,,30,0.040741704432156106,10951285,successful_witnesses/case_03_first_divergence_candidate_00_trac_5ms_r4.json
case_03_first_divergence_candidate_05_trac_5ms_r0,case_03_first_divergence,case_03,b82acfb0f8aeca32d455788ace0eae3c1ac31cfac5269c5a38c8b080b1192218,trac_failed,near_singular,first_divergence,0,candidate_05,['refined_focal'],False,0,trac_5ms,30,True,30,,,30,0.040741704433107456,11125044,successful_witnesses/case_03_first_divergence_candidate_05_trac_5ms_r0.json
case_03_first_divergence_candidate_03_trac_5ms_r0,case_03_first_divergence,case_03,b82acfb0f8aeca32d455788ace0eae3c1ac31cfac5269c5a38c8b080b1192218,trac_failed,near_singular,first_divergence,0,candidate_03,['offline_reference'],False,0,trac_5ms,30,True,30,,,30,0.04074169410926812,10752767,successful_witnesses/case_03_first_divergence_candidate_03_trac_5ms_r0.json
case_03_first_divergence_candidate_02_trac_5ms_r1,case_03_first_divergence,case_03,b82acfb0f8aeca32d455788ace0eae3c1ac31cfac5269c5a38c8b080b1192218,trac_failed,near_singular,first_divergence,0,candidate_02,"['original_always_hard', 'common_input_always_hard']",False,1,trac_5ms,30,True,30,,,30,0.04074189888955029,11230606,successful_witnesses/case_03_first_divergence_candidate_02_trac_5ms_r1.json
case_03_first_divergence_candidate_01_trac_5ms_r2,case_03_first_divergence,case_03,b82acfb0f8aeca32d455788ace0eae3c1ac31cfac5269c5a38c8b080b1192218,trac_failed,near_singular,first_divergence,0,candidate_01,"['original_full_cghik', 'common_input_full_cghik', 'previous_first_dls']",True,2,trac_5ms,30,True,30,,,30,0.04074170443062711,10974285,successful_witnesses/case_03_first_divergence_candidate_01_trac_5ms_r2.json
case_03_first_divergence_candidate_01_trac_5ms_r3,case_03_first_divergence,case_03,b82acfb0f8aeca32d455788ace0eae3c1ac31cfac5269c5a38c8b080b1192218,trac_failed,near_singular,first_divergence,0,candidate_01,"['original_full_cghik', 'common_input_full_cghik', 'previous_first_dls']",True,3,trac_5ms,30,True,30,,,30,0.04074170443062711,10982784,successful_witnesses/case_03_first_divergence_candidate_01_trac_5ms_r3.json
case_03_first_divergence_candidate_02_trac_5ms_r0,case_03_first_divergence,case_03,b82acfb0f8aeca32d455788ace0eae3c1ac31cfac5269c5a38c8b080b1192218,trac_failed,near_singular,first_divergence,0,candidate_02,"['original_always_hard', 'common_input_always_hard']",False,0,trac_5ms,30,True,30,,,30,0.04074189888955029,10985580,successful_witnesses/case_03_first_divergence_candidate_02_trac_5ms_r0.json
case_03_first_divergence_candidate_05_trac_5ms_r3,case_03_first_divergence,case_03,b82acfb0f8aeca32d455788ace0eae3c1ac31cfac5269c5a38c8b080b1192218,trac_failed,near_singular,first_divergence,0,candidate_05,['refined_focal'],False,3,trac_5ms,30,True,30,,,30,0.040741704432177644,11063954,successful_witnesses/case_03_first_divergence_candidate_05_trac_5ms_r3.json
case_03_first_divergence_candidate_02_trac_5ms_r4,case_03_first_divergence,case_03,b82acfb0f8aeca32d455788ace0eae3c1ac31cfac5269c5a38c8b080b1192218,trac_failed,near_singular,first_divergence,0,candidate_02,"['original_always_hard', 'common_input_always_hard']",False,4,trac_5ms,30,True,30,,,30,0.04074189888955029,10793786,successful_witnesses/case_03_first_divergence_candidate_02_trac_5ms_r4.json
case_03_first_divergence_candidate_04_trac_5ms_r0,case_03_first_divergence,case_03,b82acfb0f8aeca32d455788ace0eae3c1ac31cfac5269c5a38c8b080b1192218,trac_failed,near_singular,first_divergence,0,candidate_04,['common_input_trac_4'],False,0,trac_5ms,30,True,30,,,30,0.0407417044262223,11162250,successful_witnesses/case_03_first_divergence_candidate_04_trac_5ms_r0.json
case_03_pre_failure_candidate_09_trac_100ms_r1,case_03_pre_failure,case_03,b82acfb0f8aeca32d455788ace0eae3c1ac31cfac5269c5a38c8b080b1192218,trac_failed,near_singular,pre_failure,86,candidate_09,['refined_focal'],False,1,trac_100ms,30,False,0,87,velocity_violation,0,,2924007972,
case_03_pre_failure_candidate_07_trac_5ms_r1,case_03_pre_failure,case_03,b82acfb0f8aeca32d455788ace0eae3c1ac31cfac5269c5a38c8b080b1192218,trac_failed,near_singular,pre_failure,86,candidate_07,['common_input_trac_4'],False,1,trac_5ms,30,False,0,87,solver_failure,0,,163039577,
case_03_pre_failure_candidate_00_trac_5ms_r1,case_03_pre_failure,case_03,b82acfb0f8aeca32d455788ace0eae3c1ac31cfac5269c5a38c8b080b1192218,trac_failed,near_singular,pre_failure,86,candidate_00,['original_focal'],False,1,trac_5ms,30,False,0,87,solver_failure,0,,162522809,
case_03_pre_failure_candidate_09_trac_5ms_r0,case_03_pre_failure,case_03,b82acfb0f8aeca32d455788ace0eae3c1ac31cfac5269c5a38c8b080b1192218,trac_failed,near_singular,pre_failure,86,candidate_09,['refined_focal'],False,0,trac_5ms,30,False,1,88,solver_failure,1,0.004300194621600278,159565089,
case_03_pre_failure_candidate_08_trac_5ms_interior_r0,case_03_pre_failure,case_03,b82acfb0f8aeca32d455788ace0eae3c1ac31cfac5269c5a38c8b080b1192218,trac_failed,near_singular,pre_failure,86,candidate_08,['previous_first_dls'],True,0,trac_5ms_interior,30,False,0,87,solver_failure,0,,164188243,
case_03_pre_failure_candidate_09_trac_100ms_r4,case_03_pre_failure,case_03,b82acfb0f8aeca32d455788ace0eae3c1ac31cfac5269c5a38c8b080b1192218,trac_failed,near_singular,pre_failure,86,candidate_09,['refined_focal'],False,4,trac_100ms,30,False,0,87,velocity_violation,0,,2929776869,
case_03_pre_failure_candidate_09_trac_100ms_r3,case_03_pre_failure,case_03,b82acfb0f8aeca32d455788ace0eae3c1ac31cfac5269c5a38c8b080b1192218,trac_failed,near_singular,pre_failure,86,candidate_09,['refined_focal'],False,3,trac_100ms,30,False,0,87,velocity_violation,0,,2922329941,
case_03_pre_failure_candidate_09_trac_5ms_r2,case_03_pre_failure,case_03,b82acfb0f8aeca32d455788ace0eae3c1ac31cfac5269c5a38c8b080b1192218,trac_failed,near_singular,pre_failure,86,candidate_09,['refined_focal'],False,2,trac_5ms,30,False,0,87,solver_failure,0,,162304554,
case_03_pre_failure_candidate_04_trac_5ms_r0,case_03_pre_failure,case_03,b82acfb0f8aeca32d455788ace0eae3c1ac31cfac5269c5a38c8b080b1192218,trac_failed,near_singular,pre_failure,86,candidate_04,['common_input_trac_1'],False,0,trac_5ms,30,False,0,87,solver_failure,0,,161799011,
case_03_pre_failure_candidate_07_trac_5ms_r2,case_03_pre_failure,case_03,b82acfb0f8aeca32d455788ace0eae3c1ac31cfac5269c5a38c8b080b1192218,trac_failed,near_singular,pre_failure,86,candidate_07,['common_input_trac_4'],False,2,trac_5ms,30,False,0,87,solver_failure,0,,161937300,
case_03_pre_failure_candidate_08_trac_5ms_r2,case_03_pre_failure,case_03,b82acfb0f8aeca32d455788ace0eae3c1ac31cfac5269c5a38c8b080b1192218,trac_failed,near_singular,pre_failure,86,candidate_08,['previous_first_dls'],True,2,trac_5ms,30,False,0,87,solver_failure,0,,162020101,
case_03_pre_failure_candidate_04_trac_5ms_r2,case_03_pre_failure,case_03,b82acfb0f8aeca32d455788ace0eae3c1ac31cfac5269c5a38c8b080b1192218,trac_failed,near_singular,pre_failure,86,candidate_04,['common_input_trac_1'],False,2,trac_5ms,30,False,0,87,solver_failure,0,,161701094,
case_03_pre_failure_candidate_00_trac_100ms_r2,case_03_pre_failure,case_03,b82acfb0f8aeca32d455788ace0eae3c1ac31cfac5269c5a38c8b080b1192218,trac_failed,near_singular,pre_failure,86,candidate_00,['original_focal'],False,2,trac_100ms,30,False,0,87,solver_failure,0,,3019376182,
case_03_pre_failure_candidate_09_trac_5ms_interior_r1,case_03_pre_failure,case_03,b82acfb0f8aeca32d455788ace0eae3c1ac31cfac5269c5a38c8b080b1192218,trac_failed,near_singular,pre_failure,86,candidate_09,['refined_focal'],False,1,trac_5ms_interior,30,False,1,88,solver_failure,1,0.002153661595517914,159330788,
case_03_pre_failure_candidate_05_trac_5ms_r4,case_03_pre_failure,case_03,b82acfb0f8aeca32d455788ace0eae3c1ac31cfac5269c5a38c8b080b1192218,trac_failed,near_singular,pre_failure,86,candidate_05,['common_input_trac_2'],False,4,trac_5ms,30,False,0,87,solver_failure,0,,162208542,
case_03_pre_failure_candidate_01_trac_5ms_r4,case_03_pre_failure,case_03,b82acfb0f8aeca32d455788ace0eae3c1ac31cfac5269c5a38c8b080b1192218,trac_failed,near_singular,pre_failure,86,candidate_01,['common_input_always_hard'],False,4,trac_5ms,30,False,0,87,solver_failure,0,,161892575,
case_03_pre_failure_candidate_06_trac_5ms_r0,case_03_pre_failure,case_03,b82acfb0f8aeca32d455788ace0eae3c1ac31cfac5269c5a38c8b080b1192218,trac_failed,near_singular,pre_failure,86,candidate_06,['common_input_trac_3'],False,0,trac_5ms,30,False,0,87,solver_failure,0,,169831307,
case_03_pre_failure_candidate_00_trac_5ms_r4,case_03_pre_failure,case_03,b82acfb0f8aeca32d455788ace0eae3c1ac31cfac5269c5a38c8b080b1192218,trac_failed,near_singular,pre_failure,86,candidate_00,['original_focal'],False,4,trac_5ms,30,False,0,87,solver_failure,0,,162289304,
case_03_pre_failure_candidate_00_trac_5ms_r2,case_03_pre_failure,case_03,b82acfb0f8aeca32d455788ace0eae3c1ac31cfac5269c5a38c8b080b1192218,trac_failed,near_singular,pre_failure,86,candidate_00,['original_focal'],False,2,trac_5ms,30,False,0,87,solver_failure,0,,161762234,
case_03_pre_failure_candidate_01_trac_5ms_r3,case_03_pre_failure,case_03,b82acfb0f8aeca32d455788ace0eae3c1ac31cfac5269c5a38c8b080b1192218,trac_failed,near_singular,pre_failure,86,candidate_01,['common_input_always_hard'],False,3,trac_5ms,30,False,0,87,solver_failure,0,,162661062,
case_03_pre_failure_candidate_00_trac_5ms_interior_r0,case_03_pre_failure,case_03,b82acfb0f8aeca32d455788ace0eae3c1ac31cfac5269c5a38c8b080b1192218,trac_failed,near_singular,pre_failure,86,candidate_00,['original_focal'],False,0,trac_5ms_interior,30,False,0,87,solver_failure,0,,161988875,
case_03_pre_failure_candidate_08_trac_100ms_r0,case_03_pre_failure,case_03,b82acfb0f8aeca32d455788ace0eae3c1ac31cfac5269c5a38c8b080b1192218,trac_failed,near_singular,pre_failure,86,candidate_08,['previous_first_dls'],True,0,trac_100ms,30,False,0,87,solver_failure,0,,3017835847,
case_03_pre_failure_candidate_00_trac_5ms_interior_r2,case_03_pre_failure,case_03,b82acfb0f8aeca32d455788ace0eae3c1ac31cfac5269c5a38c8b080b1192218,trac_failed,near_singular,pre_failure,86,candidate_00,['original_focal'],False,2,trac_5ms_interior,30,False,0,87,solver_failure,0,,163331881,
case_03_pre_failure_candidate_09_trac_5ms_r4,case_03_pre_failure,case_03,b82acfb0f8aeca32d455788ace0eae3c1ac31cfac5269c5a38c8b080b1192218,trac_failed,near_singular,pre_failure,86,candidate_09,['refined_focal'],False,4,trac_5ms,30,False,1,88,solver_failure,1,0.010585869491487238,156924659,
case_03_pre_failure_candidate_06_trac_5ms_r4,case_03_pre_failure,case_03,b82acfb0f8aeca32d455788ace0eae3c1ac31cfac5269c5a38c8b080b1192218,trac_failed,near_singular,pre_failure,86,candidate_06,['common_input_trac_3'],False,4,trac_5ms,30,False,0,87,solver_failure,0,,162178230,
case_03_pre_failure_candidate_09_trac_100ms_r0,case_03_pre_failure,case_03,b82acfb0f8aeca32d455788ace0eae3c1ac31cfac5269c5a38c8b080b1192218,trac_failed,near_singular,pre_failure,86,candidate_09,['refined_focal'],False,0,trac_100ms,30,False,1,88,solver_failure,1,0.005647745718479064,2919487586,
case_03_pre_failure_candidate_06_trac_5ms_r1,case_03_pre_failure,case_03,b82acfb0f8aeca32d455788ace0eae3c1ac31cfac5269c5a38c8b080b1192218,trac_failed,near_singular,pre_failure,86,candidate_06,['common_input_trac_3'],False,1,trac_5ms,30,False,0,87,solver_failure,0,,162618002,
case_03_pre_failure_candidate_00_trac_100ms_r0,case_03_pre_failure,case_03,b82acfb0f8aeca32d455788ace0eae3c1ac31cfac5269c5a38c8b080b1192218,trac_failed,near_singular,pre_failure,86,candidate_00,['original_focal'],False,0,trac_100ms,30,False,0,87,solver_failure,0,,3019125843,
case_03_pre_failure_candidate_08_trac_5ms_interior_r2,case_03_pre_failure,case_03,b82acfb0f8aeca32d455788ace0eae3c1ac31cfac5269c5a38c8b080b1192218,trac_failed,near_singular,pre_failure,86,candidate_08,['previous_first_dls'],True,2,trac_5ms_interior,30,False,0,87,solver_failure,0,,163753435,
case_03_pre_failure_candidate_08_trac_100ms_r2,case_03_pre_failure,case_03,b82acfb0f8aeca32d455788ace0eae3c1ac31cfac5269c5a38c8b080b1192218,trac_failed,near_singular,pre_failure,86,candidate_08,['previous_first_dls'],True,2,trac_100ms,30,False,0,87,solver_failure,0,,3018319039,
case_03_pre_failure_candidate_08_trac_100ms_r1,case_03_pre_failure,case_03,b82acfb0f8aeca32d455788ace0eae3c1ac31cfac5269c5a38c8b080b1192218,trac_failed,near_singular,pre_failure,86,candidate_08,['previous_first_dls'],True,1,trac_100ms,30,False,0,87,solver_failure,0,,3018529687,
case_03_pre_failure_candidate_02_trac_5ms_r3,case_03_pre_failure,case_03,b82acfb0f8aeca32d455788ace0eae3c1ac31cfac5269c5a38c8b080b1192218,trac_failed,near_singular,pre_failure,86,candidate_02,['common_input_full_cghik'],False,3,trac_5ms,30,False,0,87,solver_failure,0,,163225294,
case_03_pre_failure_candidate_00_trac_5ms_interior_r3,case_03_pre_failure,case_03,b82acfb0f8aeca32d455788ace0eae3c1ac31cfac5269c5a38c8b080b1192218,trac_failed,near_singular,pre_failure,86,candidate_00,['original_focal'],False,3,trac_5ms_interior,30,False,0,87,solver_failure,0,,162371080,
case_03_pre_failure_candidate_07_trac_5ms_r3,case_03_pre_failure,case_03,b82acfb0f8aeca32d455788ace0eae3c1ac31cfac5269c5a38c8b080b1192218,trac_failed,near_singular,pre_failure,86,candidate_07,['common_input_trac_4'],False,3,trac_5ms,30,False,0,87,solver_failure,0,,162682529,
case_03_pre_failure_candidate_09_trac_5ms_interior_r0,case_03_pre_failure,case_03,b82acfb0f8aeca32d455788ace0eae3c1ac31cfac5269c5a38c8b080b1192218,trac_failed,near_singular,pre_failure,86,candidate_09,['refined_focal'],False,0,trac_5ms_interior,30,False,0,87,solver_failure,0,,162243602,
case_03_pre_failure_candidate_00_trac_5ms_interior_r1,case_03_pre_failure,case_03,b82acfb0f8aeca32d455788ace0eae3c1ac31cfac5269c5a38c8b080b1192218,trac_failed,near_singular,pre_failure,86,candidate_00,['original_focal'],False,1,trac_5ms_interior,30,False,0,87,solver_failure,0,,161804544,
case_03_pre_failure_candidate_00_trac_100ms_r4,case_03_pre_failure,case_03,b82acfb0f8aeca32d455788ace0eae3c1ac31cfac5269c5a38c8b080b1192218,trac_failed,near_singular,pre_failure,86,candidate_00,['original_focal'],False,4,trac_100ms,30,False,0,87,velocity_violation,0,,2936450867,
case_03_pre_failure_candidate_08_trac_5ms_r1,case_03_pre_failure,case_03,b82acfb0f8aeca32d455788ace0eae3c1ac31cfac5269c5a38c8b080b1192218,trac_failed,near_singular,pre_failure,86,candidate_08,['previous_first_dls'],True,1,trac_5ms,30,False,0,87,solver_failure,0,,162988238,
case_03_pre_failure_candidate_08_trac_5ms_interior_r3,case_03_pre_failure,case_03,b82acfb0f8aeca32d455788ace0eae3c1ac31cfac5269c5a38c8b080b1192218,trac_failed,near_singular,pre_failure,86,candidate_08,['previous_first_dls'],True,3,trac_5ms_interior,30,False,0,87,solver_failure,0,,162219328,
case_03_pre_failure_candidate_09_trac_5ms_interior_r2,case_03_pre_failure,case_03,b82acfb0f8aeca32d455788ace0eae3c1ac31cfac5269c5a38c8b080b1192218,trac_failed,near_singular,pre_failure,86,candidate_09,['refined_focal'],False,2,trac_5ms_interior,30,False,0,87,solver_failure,0,,167637892,
case_03_pre_failure_candidate_04_trac_5ms_r3,case_03_pre_failure,case_03,b82acfb0f8aeca32d455788ace0eae3c1ac31cfac5269c5a38c8b080b1192218,trac_failed,near_singular,pre_failure,86,candidate_04,['common_input_trac_1'],False,3,trac_5ms,30,False,0,87,solver_failure,0,,162219341,
case_03_pre_failure_candidate_01_trac_5ms_r1,case_03_pre_failure,case_03,b82acfb0f8aeca32d455788ace0eae3c1ac31cfac5269c5a38c8b080b1192218,trac_failed,near_singular,pre_failure,86,candidate_01,['common_input_always_hard'],False,1,trac_5ms,30,False,0,87,solver_failure,0,,161833980,
case_03_pre_failure_candidate_03_trac_5ms_r0,case_03_pre_failure,case_03,b82acfb0f8aeca32d455788ace0eae3c1ac31cfac5269c5a38c8b080b1192218,trac_failed,near_singular,pre_failure,86,candidate_03,['common_input_trac_0'],False,0,trac_5ms,30,False,0,87,solver_failure,0,,161793851,
case_03_pre_failure_candidate_09_trac_5ms_interior_r3,case_03_pre_failure,case_03,b82acfb0f8aeca32d455788ace0eae3c1ac31cfac5269c5a38c8b080b1192218,trac_failed,near_singular,pre_failure,86,candidate_09,['refined_focal'],False,3,trac_5ms_interior,30,False,1,88,solver_failure,1,1.3877787807814457e-16,158258136,
case_03_pre_failure_candidate_00_trac_100ms_r1,case_03_pre_failure,case_03,b82acfb0f8aeca32d455788ace0eae3c1ac31cfac5269c5a38c8b080b1192218,trac_failed,near_singular,pre_failure,86,candidate_00,['original_focal'],False,1,trac_100ms,30,False,0,87,velocity_violation,0,,3001517296,
case_03_pre_failure_candidate_09_trac_100ms_r2,case_03_pre_failure,case_03,b82acfb0f8aeca32d455788ace0eae3c1ac31cfac5269c5a38c8b080b1192218,trac_failed,near_singular,pre_failure,86,candidate_09,['refined_focal'],False,2,trac_100ms,30,False,0,87,velocity_violation,0,,2921892574,
case_03_pre_failure_candidate_04_trac_5ms_r4,case_03_pre_failure,case_03,b82acfb0f8aeca32d455788ace0eae3c1ac31cfac5269c5a38c8b080b1192218,trac_failed,near_singular,pre_failure,86,candidate_04,['common_input_trac_1'],False,4,trac_5ms,30,False,0,87,solver_failure,0,,163418304,
case_03_pre_failure_candidate_00_trac_5ms_r0,case_03_pre_failure,case_03,b82acfb0f8aeca32d455788ace0eae3c1ac31cfac5269c5a38c8b080b1192218,trac_failed,near_singular,pre_failure,86,candidate_00,['original_focal'],False,0,trac_5ms,30,False,0,87,solver_failure,0,,162753602,
case_03_pre_failure_candidate_08_trac_5ms_interior_r1,case_03_pre_failure,case_03,b82acfb0f8aeca32d455788ace0eae3c1ac31cfac5269c5a38c8b080b1192218,trac_failed,near_singular,pre_failure,86,candidate_08,['previous_first_dls'],True,1,trac_5ms_interior,30,False,0,87,solver_failure,0,,163801654,
case_03_pre_failure_candidate_08_trac_5ms_r4,case_03_pre_failure,case_03,b82acfb0f8aeca32d455788ace0eae3c1ac31cfac5269c5a38c8b080b1192218,trac_failed,near_singular,pre_failure,86,candidate_08,['previous_first_dls'],True,4,trac_5ms,30,False,0,87,solver_failure,0,,161876222,
case_03_pre_failure_candidate_04_trac_5ms_r1,case_03_pre_failure,case_03,b82acfb0f8aeca32d455788ace0eae3c1ac31cfac5269c5a38c8b080b1192218,trac_failed,near_singular,pre_failure,86,candidate_04,['common_input_trac_1'],False,1,trac_5ms,30,False,0,87,solver_failure,0,,161547531,
case_03_pre_failure_candidate_00_trac_5ms_interior_r4,case_03_pre_failure,case_03,b82acfb0f8aeca32d455788ace0eae3c1ac31cfac5269c5a38c8b080b1192218,trac_failed,near_singular,pre_failure,86,candidate_00,['original_focal'],False,4,trac_5ms_interior,30,False,0,87,solver_failure,0,,162342857,
case_03_pre_failure_candidate_00_trac_100ms_r3,case_03_pre_failure,case_03,b82acfb0f8aeca32d455788ace0eae3c1ac31cfac5269c5a38c8b080b1192218,trac_failed,near_singular,pre_failure,86,candidate_00,['original_focal'],False,3,trac_100ms,30,False,0,87,solver_failure,0,,3019456730,
case_03_pre_failure_candidate_08_trac_100ms_r4,case_03_pre_failure,case_03,b82acfb0f8aeca32d455788ace0eae3c1ac31cfac5269c5a38c8b080b1192218,trac_failed,near_singular,pre_failure,86,candidate_08,['previous_first_dls'],True,4,trac_100ms,30,False,0,87,solver_failure,0,,3020463935,
case_03_pre_failure_candidate_03_trac_5ms_r3,case_03_pre_failure,case_03,b82acfb0f8aeca32d455788ace0eae3c1ac31cfac5269c5a38c8b080b1192218,trac_failed,near_singular,pre_failure,86,candidate_03,['common_input_trac_0'],False,3,trac_5ms,30,False,0,87,solver_failure,0,,163097631,
case_03_pre_failure_candidate_09_trac_5ms_r1,case_03_pre_failure,case_03,b82acfb0f8aeca32d455788ace0eae3c1ac31cfac5269c5a38c8b080b1192218,trac_failed,near_singular,pre_failure,86,candidate_09,['refined_focal'],False,1,trac_5ms,30,False,1,88,solver_failure,1,0.004602201946712597,160983839,
case_03_pre_failure_candidate_05_trac_5ms_r2,case_03_pre_failure,case_03,b82acfb0f8aeca32d455788ace0eae3c1ac31cfac5269c5a38c8b080b1192218,trac_failed,near_singular,pre_failure,86,candidate_05,['common_input_trac_2'],False,2,trac_5ms,30,False,0,87,solver_failure,0,,162178034,
case_03_pre_failure_candidate_07_trac_5ms_r0,case_03_pre_failure,case_03,b82acfb0f8aeca32d455788ace0eae3c1ac31cfac5269c5a38c8b080b1192218,trac_failed,near_singular,pre_failure,86,candidate_07,['common_input_trac_4'],False,0,trac_5ms,30,False,0,87,solver_failure,0,,162490162,
case_03_pre_failure_candidate_01_trac_5ms_r2,case_03_pre_failure,case_03,b82acfb0f8aeca32d455788ace0eae3c1ac31cfac5269c5a38c8b080b1192218,trac_failed,near_singular,pre_failure,86,candidate_01,['common_input_always_hard'],False,2,trac_5ms,30,False,0,87,solver_failure,0,,161458468,
case_03_pre_failure_candidate_02_trac_5ms_r0,case_03_pre_failure,case_03,b82acfb0f8aeca32d455788ace0eae3c1ac31cfac5269c5a38c8b080b1192218,trac_failed,near_singular,pre_failure,86,candidate_02,['common_input_full_cghik'],False,0,trac_5ms,30,False,0,87,solver_failure,0,,161901040,
case_03_pre_failure_candidate_08_trac_100ms_r3,case_03_pre_failure,case_03,b82acfb0f8aeca32d455788ace0eae3c1ac31cfac5269c5a38c8b080b1192218,trac_failed,near_singular,pre_failure,86,candidate_08,['previous_first_dls'],True,3,trac_100ms,30,False,0,87,solver_failure,0,,3018789025,
case_03_pre_failure_candidate_07_trac_5ms_r4,case_03_pre_failure,case_03,b82acfb0f8aeca32d455788ace0eae3c1ac31cfac5269c5a38c8b080b1192218,trac_failed,near_singular,pre_failure,86,candidate_07,['common_input_trac_4'],False,4,trac_5ms,30,False,0,87,solver_failure,0,,163137621,
case_03_pre_failure_candidate_05_trac_5ms_r0,case_03_pre_failure,case_03,b82acfb0f8aeca32d455788ace0eae3c1ac31cfac5269c5a38c8b080b1192218,trac_failed,near_singular,pre_failure,86,candidate_05,['common_input_trac_2'],False,0,trac_5ms,30,False,0,87,solver_failure,0,,163189312,
case_03_pre_failure_candidate_03_trac_5ms_r2,case_03_pre_failure,case_03,b82acfb0f8aeca32d455788ace0eae3c1ac31cfac5269c5a38c8b080b1192218,trac_failed,near_singular,pre_failure,86,candidate_03,['common_input_trac_0'],False,2,trac_5ms,30,False,0,87,solver_failure,0,,162061419,
case_03_pre_failure_candidate_03_trac_5ms_r1,case_03_pre_failure,case_03,b82acfb0f8aeca32d455788ace0eae3c1ac31cfac5269c5a38c8b080b1192218,trac_failed,near_singular,pre_failure,86,candidate_03,['common_input_trac_0'],False,1,trac_5ms,30,False,0,87,solver_failure,0,,162780748,
case_03_pre_failure_candidate_02_trac_5ms_r2,case_03_pre_failure,case_03,b82acfb0f8aeca32d455788ace0eae3c1ac31cfac5269c5a38c8b080b1192218,trac_failed,near_singular,pre_failure,86,candidate_02,['common_input_full_cghik'],False,2,trac_5ms,30,False,0,87,solver_failure,0,,161745111,
case_03_pre_failure_candidate_09_trac_5ms_interior_r4,case_03_pre_failure,case_03,b82acfb0f8aeca32d455788ace0eae3c1ac31cfac5269c5a38c8b080b1192218,trac_failed,near_singular,pre_failure,86,candidate_09,['refined_focal'],False,4,trac_5ms_interior,30,False,1,88,solver_failure,1,0.005091378382705486,160534458,
case_03_pre_failure_candidate_08_trac_5ms_r0,case_03_pre_failure,case_03,b82acfb0f8aeca32d455788ace0eae3c1ac31cfac5269c5a38c8b080b1192218,trac_failed,near_singular,pre_failure,86,candidate_08,['previous_first_dls'],True,0,trac_5ms,30,False,0,87,solver_failure,0,,162768098,
case_03_pre_failure_candidate_01_trac_5ms_r0,case_03_pre_failure,case_03,b82acfb0f8aeca32d455788ace0eae3c1ac31cfac5269c5a38c8b080b1192218,trac_failed,near_singular,pre_failure,86,candidate_01,['common_input_always_hard'],False,0,trac_5ms,30,False,0,87,solver_failure,0,,162901324,
case_03_pre_failure_candidate_09_trac_5ms_r3,case_03_pre_failure,case_03,b82acfb0f8aeca32d455788ace0eae3c1ac31cfac5269c5a38c8b080b1192218,trac_failed,near_singular,pre_failure,86,candidate_09,['refined_focal'],False,3,trac_5ms,30,False,0,87,solver_failure,0,,162685942,
case_03_pre_failure_candidate_05_trac_5ms_r1,case_03_pre_failure,case_03,b82acfb0f8aeca32d455788ace0eae3c1ac31cfac5269c5a38c8b080b1192218,trac_failed,near_singular,pre_failure,86,candidate_05,['common_input_trac_2'],False,1,trac_5ms,30,False,0,87,solver_failure,0,,163442893,
case_03_pre_failure_candidate_00_trac_5ms_r3,case_03_pre_failure,case_03,b82acfb0f8aeca32d455788ace0eae3c1ac31cfac5269c5a38c8b080b1192218,trac_failed,near_singular,pre_failure,86,candidate_00,['original_focal'],False,3,trac_5ms,30,False,0,87,solver_failure,0,,163736643,
case_03_pre_failure_candidate_08_trac_5ms_interior_r4,case_03_pre_failure,case_03,b82acfb0f8aeca32d455788ace0eae3c1ac31cfac5269c5a38c8b080b1192218,trac_failed,near_singular,pre_failure,86,candidate_08,['previous_first_dls'],True,4,trac_5ms_interior,30,False,0,87,solver_failure,0,,163123269,
case_03_pre_failure_candidate_03_trac_5ms_r4,case_03_pre_failure,case_03,b82acfb0f8aeca32d455788ace0eae3c1ac31cfac5269c5a38c8b080b1192218,trac_failed,near_singular,pre_failure,86,candidate_03,['common_input_trac_0'],False,4,trac_5ms,30,False,0,87,solver_failure,0,,161611099,
case_03_pre_failure_candidate_06_trac_5ms_r2,case_03_pre_failure,case_03,b82acfb0f8aeca32d455788ace0eae3c1ac31cfac5269c5a38c8b080b1192218,trac_failed,near_singular,pre_failure,86,candidate_06,['common_input_trac_3'],False,2,trac_5ms,30,False,0,87,solver_failure,0,,162827910,
case_03_pre_failure_candidate_08_trac_5ms_r3,case_03_pre_failure,case_03,b82acfb0f8aeca32d455788ace0eae3c1ac31cfac5269c5a38c8b080b1192218,trac_failed,near_singular,pre_failure,86,candidate_08,['previous_first_dls'],True,3,trac_5ms,30,False,0,87,solver_failure,0,,162831735,
case_03_pre_failure_candidate_02_trac_5ms_r1,case_03_pre_failure,case_03,b82acfb0f8aeca32d455788ace0eae3c1ac31cfac5269c5a38c8b080b1192218,trac_failed,near_singular,pre_failure,86,candidate_02,['common_input_full_cghik'],False,1,trac_5ms,30,False,0,87,solver_failure,0,,163010323,
case_03_pre_failure_candidate_05_trac_5ms_r3,case_03_pre_failure,case_03,b82acfb0f8aeca32d455788ace0eae3c1ac31cfac5269c5a38c8b080b1192218,trac_failed,near_singular,pre_failure,86,candidate_05,['common_input_trac_2'],False,3,trac_5ms,30,False,0,87,solver_failure,0,,163542444,
case_03_pre_failure_candidate_06_trac_5ms_r3,case_03_pre_failure,case_03,b82acfb0f8aeca32d455788ace0eae3c1ac31cfac5269c5a38c8b080b1192218,trac_failed,near_singular,pre_failure,86,candidate_06,['common_input_trac_3'],False,3,trac_5ms,30,False,0,87,solver_failure,0,,162677390,
case_03_pre_failure_candidate_02_trac_5ms_r4,case_03_pre_failure,case_03,b82acfb0f8aeca32d455788ace0eae3c1ac31cfac5269c5a38c8b080b1192218,trac_failed,near_singular,pre_failure,86,candidate_02,['common_input_full_cghik'],False,4,trac_5ms,30,False,0,87,solver_failure,0,,162197091,
case_04_first_divergence_candidate_04_trac_5ms_r3,case_04_first_divergence,case_04,c27ce734147fac572ca1ddd088565aeb5f022220251ef6f10a5d3db6670559b0,cghik_lost,near_singular,first_divergence,0,candidate_04,['refined_focal'],False,3,trac_5ms,30,True,30,,,30,0.04124159041811877,11821388,successful_witnesses/case_04_first_divergence_candidate_04_trac_5ms_r3.json
case_04_first_divergence_candidate_02_trac_5ms_r1,case_04_first_divergence,case_04,c27ce734147fac572ca1ddd088565aeb5f022220251ef6f10a5d3db6670559b0,cghik_lost,near_singular,first_divergence,0,candidate_02,"['original_trac_ik_5ms', 'common_input_trac_0', 'common_input_trac_1', 'common_input_trac_2', 'common_input_trac_3', 'common_input_trac_4']",False,1,trac_5ms,30,True,30,,,30,0.04124159719793431,11340373,successful_witnesses/case_04_first_divergence_candidate_02_trac_5ms_r1.json
case_04_first_divergence_candidate_00_trac_5ms_r2,case_04_first_divergence,case_04,c27ce734147fac572ca1ddd088565aeb5f022220251ef6f10a5d3db6670559b0,cghik_lost,near_singular,first_divergence,0,candidate_00,"['original_focal', 'common_input_full_cghik', 'previous_first_dls']",True,2,trac_5ms,30,True,30,,,30,0.04124159759692006,11349178,successful_witnesses/case_04_first_divergence_candidate_00_trac_5ms_r2.json
case_04_first_divergence_candidate_04_trac_5ms_r2,case_04_first_divergence,case_04,c27ce734147fac572ca1ddd088565aeb5f022220251ef6f10a5d3db6670559b0,cghik_lost,near_singular,first_divergence,0,candidate_04,['refined_focal'],False,2,trac_5ms,30,True,30,,,30,0.04124159041811877,11382545,successful_witnesses/case_04_first_divergence_candidate_04_trac_5ms_r2.json
case_04_first_divergence_candidate_03_trac_5ms_r4,case_04_first_divergence,case_04,c27ce734147fac572ca1ddd088565aeb5f022220251ef6f10a5d3db6670559b0,cghik_lost,near_singular,first_divergence,0,candidate_03,['offline_reference'],False,4,trac_5ms,30,True,30,,,30,0.041241930378565606,11204519,successful_witnesses/case_04_first_divergence_candidate_03_trac_5ms_r4.json
case_04_first_divergence_candidate_01_trac_5ms_r3,case_04_first_divergence,case_04,c27ce734147fac572ca1ddd088565aeb5f022220251ef6f10a5d3db6670559b0,cghik_lost,near_singular,first_divergence,0,candidate_01,"['original_always_hard', 'common_input_always_hard']",False,3,trac_5ms,30,True,30,,,30,0.04124080838934482,11227002,successful_witnesses/case_04_first_divergence_candidate_01_trac_5ms_r3.json
case_04_first_divergence_candidate_01_trac_5ms_r4,case_04_first_divergence,case_04,c27ce734147fac572ca1ddd088565aeb5f022220251ef6f10a5d3db6670559b0,cghik_lost,near_singular,first_divergence,0,candidate_01,"['original_always_hard', 'common_input_always_hard']",False,4,trac_5ms,30,True,30,,,30,0.04124080838934482,11325025,successful_witnesses/case_04_first_divergence_candidate_01_trac_5ms_r4.json
case_04_first_divergence_candidate_03_trac_5ms_r1,case_04_first_divergence,case_04,c27ce734147fac572ca1ddd088565aeb5f022220251ef6f10a5d3db6670559b0,cghik_lost,near_singular,first_divergence,0,candidate_03,['offline_reference'],False,1,trac_5ms,30,True,30,,,30,0.041241930378565606,11466234,successful_witnesses/case_04_first_divergence_candidate_03_trac_5ms_r1.json
case_04_first_divergence_candidate_02_trac_5ms_r4,case_04_first_divergence,case_04,c27ce734147fac572ca1ddd088565aeb5f022220251ef6f10a5d3db6670559b0,cghik_lost,near_singular,first_divergence,0,candidate_02,"['original_trac_ik_5ms', 'common_input_trac_0', 'common_input_trac_1', 'common_input_trac_2', 'common_input_trac_3', 'common_input_trac_4']",False,4,trac_5ms,30,True,30,,,30,0.04124159719793431,11279489,successful_witnesses/case_04_first_divergence_candidate_02_trac_5ms_r4.json
case_04_first_divergence_candidate_04_trac_5ms_r1,case_04_first_divergence,case_04,c27ce734147fac572ca1ddd088565aeb5f022220251ef6f10a5d3db6670559b0,cghik_lost,near_singular,first_divergence,0,candidate_04,['refined_focal'],False,1,trac_5ms,30,True,30,,,30,0.04124159041811877,11063200,successful_witnesses/case_04_first_divergence_candidate_04_trac_5ms_r1.json
case_04_first_divergence_candidate_04_trac_5ms_r4,case_04_first_divergence,case_04,c27ce734147fac572ca1ddd088565aeb5f022220251ef6f10a5d3db6670559b0,cghik_lost,near_singular,first_divergence,0,candidate_04,['refined_focal'],False,4,trac_5ms,30,True,30,,,30,0.04124159041811877,11462454,successful_witnesses/case_04_first_divergence_candidate_04_trac_5ms_r4.json
case_04_first_divergence_candidate_03_trac_5ms_r3,case_04_first_divergence,case_04,c27ce734147fac572ca1ddd088565aeb5f022220251ef6f10a5d3db6670559b0,cghik_lost,near_singular,first_divergence,0,candidate_03,['offline_reference'],False,3,trac_5ms,30,True,30,,,30,0.041241930378565606,11050659,successful_witnesses/case_04_first_divergence_candidate_03_trac_5ms_r3.json
case_04_first_divergence_candidate_00_trac_5ms_r4,case_04_first_divergence,case_04,c27ce734147fac572ca1ddd088565aeb5f022220251ef6f10a5d3db6670559b0,cghik_lost,near_singular,first_divergence,0,candidate_00,"['original_focal', 'common_input_full_cghik', 'previous_first_dls']",True,4,trac_5ms,30,True,30,,,30,0.04124159759692006,11307472,successful_witnesses/case_04_first_divergence_candidate_00_trac_5ms_r4.json
case_04_first_divergence_candidate_02_trac_5ms_r0,case_04_first_divergence,case_04,c27ce734147fac572ca1ddd088565aeb5f022220251ef6f10a5d3db6670559b0,cghik_lost,near_singular,first_divergence,0,candidate_02,"['original_trac_ik_5ms', 'common_input_trac_0', 'common_input_trac_1', 'common_input_trac_2', 'common_input_trac_3', 'common_input_trac_4']",False,0,trac_5ms,30,True,30,,,30,0.04124159719793431,11133220,successful_witnesses/case_04_first_divergence_candidate_02_trac_5ms_r0.json
case_04_first_divergence_candidate_01_trac_5ms_r0,case_04_first_divergence,case_04,c27ce734147fac572ca1ddd088565aeb5f022220251ef6f10a5d3db6670559b0,cghik_lost,near_singular,first_divergence,0,candidate_01,"['original_always_hard', 'common_input_always_hard']",False,0,trac_5ms,30,True,30,,,30,0.04124080838934482,11191719,successful_witnesses/case_04_first_divergence_candidate_01_trac_5ms_r0.json
case_04_first_divergence_candidate_00_trac_5ms_r3,case_04_first_divergence,case_04,c27ce734147fac572ca1ddd088565aeb5f022220251ef6f10a5d3db6670559b0,cghik_lost,near_singular,first_divergence,0,candidate_00,"['original_focal', 'common_input_full_cghik', 'previous_first_dls']",True,3,trac_5ms,30,True,30,,,30,0.04124159759692006,11134382,successful_witnesses/case_04_first_divergence_candidate_00_trac_5ms_r3.json
case_04_first_divergence_candidate_02_trac_5ms_r3,case_04_first_divergence,case_04,c27ce734147fac572ca1ddd088565aeb5f022220251ef6f10a5d3db6670559b0,cghik_lost,near_singular,first_divergence,0,candidate_02,"['original_trac_ik_5ms', 'common_input_trac_0', 'common_input_trac_1', 'common_input_trac_2', 'common_input_trac_3', 'common_input_trac_4']",False,3,trac_5ms,30,True,30,,,30,0.04124159719793431,11027321,successful_witnesses/case_04_first_divergence_candidate_02_trac_5ms_r3.json
case_04_first_divergence_candidate_00_trac_5ms_r0,case_04_first_divergence,case_04,c27ce734147fac572ca1ddd088565aeb5f022220251ef6f10a5d3db6670559b0,cghik_lost,near_singular,first_divergence,0,candidate_00,"['original_focal', 'common_input_full_cghik', 'previous_first_dls']",True,0,trac_5ms,30,True,30,,,30,0.04124159759692006,10960961,successful_witnesses/case_04_first_divergence_candidate_00_trac_5ms_r0.json
case_04_first_divergence_candidate_00_trac_5ms_r1,case_04_first_divergence,case_04,c27ce734147fac572ca1ddd088565aeb5f022220251ef6f10a5d3db6670559b0,cghik_lost,near_singular,first_divergence,0,candidate_00,"['original_focal', 'common_input_full_cghik', 'previous_first_dls']",True,1,trac_5ms,30,True,30,,,30,0.04124159759692006,11225284,successful_witnesses/case_04_first_divergence_candidate_00_trac_5ms_r1.json
case_04_first_divergence_candidate_03_trac_5ms_r2,case_04_first_divergence,case_04,c27ce734147fac572ca1ddd088565aeb5f022220251ef6f10a5d3db6670559b0,cghik_lost,near_singular,first_divergence,0,candidate_03,['offline_reference'],False,2,trac_5ms,30,True,30,,,30,0.041241930378565606,11252049,successful_witnesses/case_04_first_divergence_candidate_03_trac_5ms_r2.json
case_04_first_divergence_candidate_01_trac_5ms_r1,case_04_first_divergence,case_04,c27ce734147fac572ca1ddd088565aeb5f022220251ef6f10a5d3db6670559b0,cghik_lost,near_singular,first_divergence,0,candidate_01,"['original_always_hard', 'common_input_always_hard']",False,1,trac_5ms,30,True,30,,,30,0.04124080838934482,11070026,successful_witnesses/case_04_first_divergence_candidate_01_trac_5ms_r1.json
case_04_first_divergence_candidate_04_trac_5ms_r0,case_04_first_divergence,case_04,c27ce734147fac572ca1ddd088565aeb5f022220251ef6f10a5d3db6670559b0,cghik_lost,near_singular,first_divergence,0,candidate_04,['refined_focal'],False,0,trac_5ms,30,True,30,,,30,0.04124159041811877,11173286,successful_witnesses/case_04_first_divergence_candidate_04_trac_5ms_r0.json
case_04_first_divergence_candidate_02_trac_5ms_r2,case_04_first_divergence,case_04,c27ce734147fac572ca1ddd088565aeb5f022220251ef6f10a5d3db6670559b0,cghik_lost,near_singular,first_divergence,0,candidate_02,"['original_trac_ik_5ms', 'common_input_trac_0', 'common_input_trac_1', 'common_input_trac_2', 'common_input_trac_3', 'common_input_trac_4']",False,2,trac_5ms,30,True,30,,,30,0.04124159630224353,11020599,successful_witnesses/case_04_first_divergence_candidate_02_trac_5ms_r2.json
case_04_first_divergence_candidate_03_trac_5ms_r0,case_04_first_divergence,case_04,c27ce734147fac572ca1ddd088565aeb5f022220251ef6f10a5d3db6670559b0,cghik_lost,near_singular,first_divergence,0,candidate_03,['offline_reference'],False,0,trac_5ms,30,True,30,,,30,0.041241930378565606,10973756,successful_witnesses/case_04_first_divergence_candidate_03_trac_5ms_r0.json
case_04_first_divergence_candidate_01_trac_5ms_r2,case_04_first_divergence,case_04,c27ce734147fac572ca1ddd088565aeb5f022220251ef6f10a5d3db6670559b0,cghik_lost,near_singular,first_divergence,0,candidate_01,"['original_always_hard', 'common_input_always_hard']",False,2,trac_5ms,30,True,30,,,30,0.041240740055369714,11183110,successful_witnesses/case_04_first_divergence_candidate_01_trac_5ms_r2.json
case_04_pre_failure_candidate_01_trac_5ms_r3,case_04_pre_failure,case_04,c27ce734147fac572ca1ddd088565aeb5f022220251ef6f10a5d3db6670559b0,cghik_lost,near_singular,pre_failure,124,candidate_01,['common_input_always_hard'],False,3,trac_5ms,25,False,0,125,solver_failure,0,,134917582,
case_04_pre_failure_candidate_02_trac_100ms_r2,case_04_pre_failure,case_04,c27ce734147fac572ca1ddd088565aeb5f022220251ef6f10a5d3db6670559b0,cghik_lost,near_singular,pre_failure,124,candidate_02,['previous_first_dls'],True,2,trac_100ms,25,False,0,125,solver_failure,0,,2515119696,
case_04_pre_failure_candidate_03_trac_5ms_r1,case_04_pre_failure,case_04,c27ce734147fac572ca1ddd088565aeb5f022220251ef6f10a5d3db6670559b0,cghik_lost,near_singular,pre_failure,124,candidate_03,['refined_focal'],False,1,trac_5ms,25,False,0,125,solver_failure,0,,135511668,
case_04_pre_failure_candidate_03_trac_100ms_r2,case_04_pre_failure,case_04,c27ce734147fac572ca1ddd088565aeb5f022220251ef6f10a5d3db6670559b0,cghik_lost,near_singular,pre_failure,124,candidate_03,['refined_focal'],False,2,trac_100ms,25,False,0,125,solver_failure,0,,2515230039,
case_04_pre_failure_candidate_00_trac_100ms_r1,case_04_pre_failure,case_04,c27ce734147fac572ca1ddd088565aeb5f022220251ef6f10a5d3db6670559b0,cghik_lost,near_singular,pre_failure,124,candidate_00,"['original_focal', 'common_input_full_cghik']",False,1,trac_100ms,25,False,0,125,solver_failure,0,,2515908487,
case_04_pre_failure_candidate_03_trac_5ms_r3,case_04_pre_failure,case_04,c27ce734147fac572ca1ddd088565aeb5f022220251ef6f10a5d3db6670559b0,cghik_lost,near_singular,pre_failure,124,candidate_03,['refined_focal'],False,3,trac_5ms,25,False,0,125,solver_failure,0,,135741320,
case_04_pre_failure_candidate_00_trac_5ms_r2,case_04_pre_failure,case_04,c27ce734147fac572ca1ddd088565aeb5f022220251ef6f10a5d3db6670559b0,cghik_lost,near_singular,pre_failure,124,candidate_00,"['original_focal', 'common_input_full_cghik']",False,2,trac_5ms,25,False,0,125,solver_failure,0,,135554079,
case_04_pre_failure_candidate_03_trac_5ms_interior_r1,case_04_pre_failure,case_04,c27ce734147fac572ca1ddd088565aeb5f022220251ef6f10a5d3db6670559b0,cghik_lost,near_singular,pre_failure,124,candidate_03,['refined_focal'],False,1,trac_5ms_interior,25,False,0,125,solver_failure,0,,135659524,
case_04_pre_failure_candidate_01_trac_5ms_r0,case_04_pre_failure,case_04,c27ce734147fac572ca1ddd088565aeb5f022220251ef6f10a5d3db6670559b0,cghik_lost,near_singular,pre_failure,124,candidate_01,['common_input_always_hard'],False,0,trac_5ms,25,False,0,125,solver_failure,0,,134899175,
case_04_pre_failure_candidate_00_trac_5ms_interior_r0,case_04_pre_failure,case_04,c27ce734147fac572ca1ddd088565aeb5f022220251ef6f10a5d3db6670559b0,cghik_lost,near_singular,pre_failure,124,candidate_00,"['original_focal', 'common_input_full_cghik']",False,0,trac_5ms_interior,25,False,0,125,solver_failure,0,,135650828,
case_04_pre_failure_candidate_00_trac_5ms_r1,case_04_pre_failure,case_04,c27ce734147fac572ca1ddd088565aeb5f022220251ef6f10a5d3db6670559b0,cghik_lost,near_singular,pre_failure,124,candidate_00,"['original_focal', 'common_input_full_cghik']",False,1,trac_5ms,25,False,0,125,solver_failure,0,,136076819,
case_04_pre_failure_candidate_02_trac_100ms_r0,case_04_pre_failure,case_04,c27ce734147fac572ca1ddd088565aeb5f022220251ef6f10a5d3db6670559b0,cghik_lost,near_singular,pre_failure,124,candidate_02,['previous_first_dls'],True,0,trac_100ms,25,False,0,125,solver_failure,0,,2516444621,
case_04_pre_failure_candidate_00_trac_5ms_interior_r1,case_04_pre_failure,case_04,c27ce734147fac572ca1ddd088565aeb5f022220251ef6f10a5d3db6670559b0,cghik_lost,near_singular,pre_failure,124,candidate_00,"['original_focal', 'common_input_full_cghik']",False,1,trac_5ms_interior,25,False,0,125,solver_failure,0,,135699600,
case_04_pre_failure_candidate_03_trac_5ms_interior_r4,case_04_pre_failure,case_04,c27ce734147fac572ca1ddd088565aeb5f022220251ef6f10a5d3db6670559b0,cghik_lost,near_singular,pre_failure,124,candidate_03,['refined_focal'],False,4,trac_5ms_interior,25,False,0,125,solver_failure,0,,135298930,
case_04_pre_failure_candidate_02_trac_5ms_interior_r1,case_04_pre_failure,case_04,c27ce734147fac572ca1ddd088565aeb5f022220251ef6f10a5d3db6670559b0,cghik_lost,near_singular,pre_failure,124,candidate_02,['previous_first_dls'],True,1,trac_5ms_interior,25,False,0,125,solver_failure,0,,134767902,
case_04_pre_failure_candidate_00_trac_5ms_r3,case_04_pre_failure,case_04,c27ce734147fac572ca1ddd088565aeb5f022220251ef6f10a5d3db6670559b0,cghik_lost,near_singular,pre_failure,124,candidate_00,"['original_focal', 'common_input_full_cghik']",False,3,trac_5ms,25,False,0,125,solver_failure,0,,134490050,
case_04_pre_failure_candidate_03_trac_100ms_r4,case_04_pre_failure,case_04,c27ce734147fac572ca1ddd088565aeb5f022220251ef6f10a5d3db6670559b0,cghik_lost,near_singular,pre_failure,124,candidate_03,['refined_focal'],False,4,trac_100ms,25,False,0,125,solver_failure,0,,2515679979,
case_04_pre_failure_candidate_03_trac_5ms_interior_r2,case_04_pre_failure,case_04,c27ce734147fac572ca1ddd088565aeb5f022220251ef6f10a5d3db6670559b0,cghik_lost,near_singular,pre_failure,124,candidate_03,['refined_focal'],False,2,trac_5ms_interior,25,False,0,125,solver_failure,0,,136663109,
case_04_pre_failure_candidate_00_trac_100ms_r4,case_04_pre_failure,case_04,c27ce734147fac572ca1ddd088565aeb5f022220251ef6f10a5d3db6670559b0,cghik_lost,near_singular,pre_failure,124,candidate_00,"['original_focal', 'common_input_full_cghik']",False,4,trac_100ms,25,False,0,125,solver_failure,0,,2515809794,
case_04_pre_failure_candidate_00_trac_5ms_r0,case_04_pre_failure,case_04,c27ce734147fac572ca1ddd088565aeb5f022220251ef6f10a5d3db6670559b0,cghik_lost,near_singular,pre_failure,124,candidate_00,"['original_focal', 'common_input_full_cghik']",False,0,trac_5ms,25,False,0,125,solver_failure,0,,136303347,
case_04_pre_failure_candidate_02_trac_5ms_r3,case_04_pre_failure,case_04,c27ce734147fac572ca1ddd088565aeb5f022220251ef6f10a5d3db6670559b0,cghik_lost,near_singular,pre_failure,124,candidate_02,['previous_first_dls'],True,3,trac_5ms,25,False,0,125,solver_failure,0,,135390031,
case_04_pre_failure_candidate_03_trac_100ms_r3,case_04_pre_failure,case_04,c27ce734147fac572ca1ddd088565aeb5f022220251ef6f10a5d3db6670559b0,cghik_lost,near_singular,pre_failure,124,candidate_03,['refined_focal'],False,3,trac_100ms,25,False,0,125,solver_failure,0,,2515978668,
case_04_pre_failure_candidate_00_trac_5ms_r4,case_04_pre_failure,case_04,c27ce734147fac572ca1ddd088565aeb5f022220251ef6f10a5d3db6670559b0,cghik_lost,near_singular,pre_failure,124,candidate_00,"['original_focal', 'common_input_full_cghik']",False,4,trac_5ms,25,False,0,125,solver_failure,0,,136458344,
case_04_pre_failure_candidate_00_trac_100ms_r2,case_04_pre_failure,case_04,c27ce734147fac572ca1ddd088565aeb5f022220251ef6f10a5d3db6670559b0,cghik_lost,near_singular,pre_failure,124,candidate_00,"['original_focal', 'common_input_full_cghik']",False,2,trac_100ms,25,False,0,125,solver_failure,0,,2516086788,
case_04_pre_failure_candidate_02_trac_5ms_r4,case_04_pre_failure,case_04,c27ce734147fac572ca1ddd088565aeb5f022220251ef6f10a5d3db6670559b0,cghik_lost,near_singular,pre_failure,124,candidate_02,['previous_first_dls'],True,4,trac_5ms,25,False,0,125,solver_failure,0,,135847893,
case_04_pre_failure_candidate_02_trac_5ms_interior_r0,case_04_pre_failure,case_04,c27ce734147fac572ca1ddd088565aeb5f022220251ef6f10a5d3db6670559b0,cghik_lost,near_singular,pre_failure,124,candidate_02,['previous_first_dls'],True,0,trac_5ms_interior,25,False,0,125,solver_failure,0,,135917834,
case_04_pre_failure_candidate_02_trac_5ms_r1,case_04_pre_failure,case_04,c27ce734147fac572ca1ddd088565aeb5f022220251ef6f10a5d3db6670559b0,cghik_lost,near_singular,pre_failure,124,candidate_02,['previous_first_dls'],True,1,trac_5ms,25,False,0,125,solver_failure,0,,135650495,
case_04_pre_failure_candidate_01_trac_5ms_r1,case_04_pre_failure,case_04,c27ce734147fac572ca1ddd088565aeb5f022220251ef6f10a5d3db6670559b0,cghik_lost,near_singular,pre_failure,124,candidate_01,['common_input_always_hard'],False,1,trac_5ms,25,False,0,125,solver_failure,0,,136303668,
case_04_pre_failure_candidate_02_trac_100ms_r1,case_04_pre_failure,case_04,c27ce734147fac572ca1ddd088565aeb5f022220251ef6f10a5d3db6670559b0,cghik_lost,near_singular,pre_failure,124,candidate_02,['previous_first_dls'],True,1,trac_100ms,25,False,0,125,solver_failure,0,,2515641007,
case_04_pre_failure_candidate_03_trac_100ms_r0,case_04_pre_failure,case_04,c27ce734147fac572ca1ddd088565aeb5f022220251ef6f10a5d3db6670559b0,cghik_lost,near_singular,pre_failure,124,candidate_03,['refined_focal'],False,0,trac_100ms,25,False,0,125,solver_failure,0,,2516125612,
case_04_pre_failure_candidate_03_trac_100ms_r1,case_04_pre_failure,case_04,c27ce734147fac572ca1ddd088565aeb5f022220251ef6f10a5d3db6670559b0,cghik_lost,near_singular,pre_failure,124,candidate_03,['refined_focal'],False,1,trac_100ms,25,False,0,125,solver_failure,0,,2515416908,
case_04_pre_failure_candidate_02_trac_100ms_r3,case_04_pre_failure,case_04,c27ce734147fac572ca1ddd088565aeb5f022220251ef6f10a5d3db6670559b0,cghik_lost,near_singular,pre_failure,124,candidate_02,['previous_first_dls'],True,3,trac_100ms,25,False,0,125,solver_failure,0,,2516147588,
case_04_pre_failure_candidate_02_trac_100ms_r4,case_04_pre_failure,case_04,c27ce734147fac572ca1ddd088565aeb5f022220251ef6f10a5d3db6670559b0,cghik_lost,near_singular,pre_failure,124,candidate_02,['previous_first_dls'],True,4,trac_100ms,25,False,0,125,solver_failure,0,,2516257640,
case_04_pre_failure_candidate_03_trac_5ms_interior_r3,case_04_pre_failure,case_04,c27ce734147fac572ca1ddd088565aeb5f022220251ef6f10a5d3db6670559b0,cghik_lost,near_singular,pre_failure,124,candidate_03,['refined_focal'],False,3,trac_5ms_interior,25,False,0,125,solver_failure,0,,135902076,
case_04_pre_failure_candidate_00_trac_100ms_r3,case_04_pre_failure,case_04,c27ce734147fac572ca1ddd088565aeb5f022220251ef6f10a5d3db6670559b0,cghik_lost,near_singular,pre_failure,124,candidate_00,"['original_focal', 'common_input_full_cghik']",False,3,trac_100ms,25,False,0,125,solver_failure,0,,2515818073,
case_04_pre_failure_candidate_03_trac_5ms_interior_r0,case_04_pre_failure,case_04,c27ce734147fac572ca1ddd088565aeb5f022220251ef6f10a5d3db6670559b0,cghik_lost,near_singular,pre_failure,124,candidate_03,['refined_focal'],False,0,trac_5ms_interior,25,False,0,125,solver_failure,0,,137043005,
case_04_pre_failure_candidate_02_trac_5ms_r0,case_04_pre_failure,case_04,c27ce734147fac572ca1ddd088565aeb5f022220251ef6f10a5d3db6670559b0,cghik_lost,near_singular,pre_failure,124,candidate_02,['previous_first_dls'],True,0,trac_5ms,25,False,0,125,solver_failure,0,,137041938,
case_04_pre_failure_candidate_02_trac_5ms_interior_r3,case_04_pre_failure,case_04,c27ce734147fac572ca1ddd088565aeb5f022220251ef6f10a5d3db6670559b0,cghik_lost,near_singular,pre_failure,124,candidate_02,['previous_first_dls'],True,3,trac_5ms_interior,25,False,0,125,solver_failure,0,,136636806,
case_04_pre_failure_candidate_02_trac_5ms_r2,case_04_pre_failure,case_04,c27ce734147fac572ca1ddd088565aeb5f022220251ef6f10a5d3db6670559b0,cghik_lost,near_singular,pre_failure,124,candidate_02,['previous_first_dls'],True,2,trac_5ms,25,False,0,125,solver_failure,0,,136406868,
case_04_pre_failure_candidate_02_trac_5ms_interior_r4,case_04_pre_failure,case_04,c27ce734147fac572ca1ddd088565aeb5f022220251ef6f10a5d3db6670559b0,cghik_lost,near_singular,pre_failure,124,candidate_02,['previous_first_dls'],True,4,trac_5ms_interior,25,False,0,125,solver_failure,0,,136110833,
case_04_pre_failure_candidate_01_trac_5ms_r2,case_04_pre_failure,case_04,c27ce734147fac572ca1ddd088565aeb5f022220251ef6f10a5d3db6670559b0,cghik_lost,near_singular,pre_failure,124,candidate_01,['common_input_always_hard'],False,2,trac_5ms,25,False,0,125,solver_failure,0,,135871251,
case_04_pre_failure_candidate_00_trac_5ms_interior_r2,case_04_pre_failure,case_04,c27ce734147fac572ca1ddd088565aeb5f022220251ef6f10a5d3db6670559b0,cghik_lost,near_singular,pre_failure,124,candidate_00,"['original_focal', 'common_input_full_cghik']",False,2,trac_5ms_interior,25,False,0,125,solver_failure,0,,135682815,
case_04_pre_failure_candidate_02_trac_5ms_interior_r2,case_04_pre_failure,case_04,c27ce734147fac572ca1ddd088565aeb5f022220251ef6f10a5d3db6670559b0,cghik_lost,near_singular,pre_failure,124,candidate_02,['previous_first_dls'],True,2,trac_5ms_interior,25,False,0,125,solver_failure,0,,134816261,
case_04_pre_failure_candidate_03_trac_5ms_r4,case_04_pre_failure,case_04,c27ce734147fac572ca1ddd088565aeb5f022220251ef6f10a5d3db6670559b0,cghik_lost,near_singular,pre_failure,124,candidate_03,['refined_focal'],False,4,trac_5ms,25,False,0,125,solver_failure,0,,136304824,
case_04_pre_failure_candidate_03_trac_5ms_r0,case_04_pre_failure,case_04,c27ce734147fac572ca1ddd088565aeb5f022220251ef6f10a5d3db6670559b0,cghik_lost,near_singular,pre_failure,124,candidate_03,['refined_focal'],False,0,trac_5ms,25,False,0,125,solver_failure,0,,135872266,
case_04_pre_failure_candidate_00_trac_100ms_r0,case_04_pre_failure,case_04,c27ce734147fac572ca1ddd088565aeb5f022220251ef6f10a5d3db6670559b0,cghik_lost,near_singular,pre_failure,124,candidate_00,"['original_focal', 'common_input_full_cghik']",False,0,trac_100ms,25,False,0,125,solver_failure,0,,2516306032,
case_04_pre_failure_candidate_01_trac_5ms_r4,case_04_pre_failure,case_04,c27ce734147fac572ca1ddd088565aeb5f022220251ef6f10a5d3db6670559b0,cghik_lost,near_singular,pre_failure,124,candidate_01,['common_input_always_hard'],False,4,trac_5ms,25,False,0,125,solver_failure,0,,135580618,
case_04_pre_failure_candidate_00_trac_5ms_interior_r3,case_04_pre_failure,case_04,c27ce734147fac572ca1ddd088565aeb5f022220251ef6f10a5d3db6670559b0,cghik_lost,near_singular,pre_failure,124,candidate_00,"['original_focal', 'common_input_full_cghik']",False,3,trac_5ms_interior,25,False,0,125,solver_failure,0,,136463477,
case_04_pre_failure_candidate_03_trac_5ms_r2,case_04_pre_failure,case_04,c27ce734147fac572ca1ddd088565aeb5f022220251ef6f10a5d3db6670559b0,cghik_lost,near_singular,pre_failure,124,candidate_03,['refined_focal'],False,2,trac_5ms,25,False,0,125,solver_failure,0,,135733969,
case_04_pre_failure_candidate_00_trac_5ms_interior_r4,case_04_pre_failure,case_04,c27ce734147fac572ca1ddd088565aeb5f022220251ef6f10a5d3db6670559b0,cghik_lost,near_singular,pre_failure,124,candidate_00,"['original_focal', 'common_input_full_cghik']",False,4,trac_5ms_interior,25,False,0,125,solver_failure,0,,136507625,
case_05_first_divergence_candidate_04_trac_5ms_r0,case_05_first_divergence,case_05,d13cc08f12e083b576378a71eba2a5f5856319a74339c4d99b24a4e6647cfc6e,trac_failed,near_singular,first_divergence,0,candidate_04,['refined_focal'],False,0,trac_5ms,30,True,30,,,30,0.037742138848126855,12692866,successful_witnesses/case_05_first_divergence_candidate_04_trac_5ms_r0.json
case_05_first_divergence_candidate_00_trac_5ms_r4,case_05_first_divergence,case_05,d13cc08f12e083b576378a71eba2a5f5856319a74339c4d99b24a4e6647cfc6e,trac_failed,near_singular,first_divergence,0,candidate_00,"['original_focal', 'common_input_trac_0', 'common_input_trac_1', 'common_input_trac_2', 'common_input_trac_3', 'common_input_trac_4']",False,4,trac_5ms,30,True,30,,,30,0.039710765900931394,10969030,successful_witnesses/case_05_first_divergence_candidate_00_trac_5ms_r4.json
case_05_first_divergence_candidate_03_trac_5ms_r3,case_05_first_divergence,case_05,d13cc08f12e083b576378a71eba2a5f5856319a74339c4d99b24a4e6647cfc6e,trac_failed,near_singular,first_divergence,0,candidate_03,['offline_reference'],False,3,trac_5ms,30,True,30,,,30,0.039713607478759766,10899179,successful_witnesses/case_05_first_divergence_candidate_03_trac_5ms_r3.json
case_05_first_divergence_candidate_03_trac_5ms_r1,case_05_first_divergence,case_05,d13cc08f12e083b576378a71eba2a5f5856319a74339c4d99b24a4e6647cfc6e,trac_failed,near_singular,first_divergence,0,candidate_03,['offline_reference'],False,1,trac_5ms,30,True,30,,,30,0.039713607478759766,10795549,successful_witnesses/case_05_first_divergence_candidate_03_trac_5ms_r1.json
case_05_first_divergence_candidate_02_trac_5ms_r3,case_05_first_divergence,case_05,d13cc08f12e083b576378a71eba2a5f5856319a74339c4d99b24a4e6647cfc6e,trac_failed,near_singular,first_divergence,0,candidate_02,"['original_always_hard', 'common_input_always_hard']",False,3,trac_5ms,30,True,30,,,30,0.03970530394030228,10860368,successful_witnesses/case_05_first_divergence_candidate_02_trac_5ms_r3.json
case_05_first_divergence_candidate_00_trac_5ms_r2,case_05_first_divergence,case_05,d13cc08f12e083b576378a71eba2a5f5856319a74339c4d99b24a4e6647cfc6e,trac_failed,near_singular,first_divergence,0,candidate_00,"['original_focal', 'common_input_trac_0', 'common_input_trac_1', 'common_input_trac_2', 'common_input_trac_3', 'common_input_trac_4']",False,2,trac_5ms,30,True,30,,,30,0.039710765900931394,10908408,successful_witnesses/case_05_first_divergence_candidate_00_trac_5ms_r2.json
case_05_first_divergence_candidate_04_trac_5ms_r1,case_05_first_divergence,case_05,d13cc08f12e083b576378a71eba2a5f5856319a74339c4d99b24a4e6647cfc6e,trac_failed,near_singular,first_divergence,0,candidate_04,['refined_focal'],False,1,trac_5ms,30,True,30,,,30,0.039710765895702466,11010420,successful_witnesses/case_05_first_divergence_candidate_04_trac_5ms_r1.json
case_05_first_divergence_candidate_01_trac_5ms_r2,case_05_first_divergence,case_05,d13cc08f12e083b576378a71eba2a5f5856319a74339c4d99b24a4e6647cfc6e,trac_failed,near_singular,first_divergence,0,candidate_01,"['original_full_cghik', 'common_input_full_cghik', 'previous_first_dls']",True,2,trac_5ms,30,True,30,,,30,0.03971075375004643,10984551,successful_witnesses/case_05_first_divergence_candidate_01_trac_5ms_r2.json
case_05_first_divergence_candidate_00_trac_5ms_r3,case_05_first_divergence,case_05,d13cc08f12e083b576378a71eba2a5f5856319a74339c4d99b24a4e6647cfc6e,trac_failed,near_singular,first_divergence,0,candidate_00,"['original_focal', 'common_input_trac_0', 'common_input_trac_1', 'common_input_trac_2', 'common_input_trac_3', 'common_input_trac_4']",False,3,trac_5ms,30,True,30,,,30,0.036488166354931156,11759710,successful_witnesses/case_05_first_divergence_candidate_00_trac_5ms_r3.json
case_05_first_divergence_candidate_01_trac_5ms_r1,case_05_first_divergence,case_05,d13cc08f12e083b576378a71eba2a5f5856319a74339c4d99b24a4e6647cfc6e,trac_failed,near_singular,first_divergence,0,candidate_01,"['original_full_cghik', 'common_input_full_cghik', 'previous_first_dls']",True,1,trac_5ms,30,True,30,,,30,0.03922950923078519,11209188,successful_witnesses/case_05_first_divergence_candidate_01_trac_5ms_r1.json
case_05_first_divergence_candidate_04_trac_5ms_r2,case_05_first_divergence,case_05,d13cc08f12e083b576378a71eba2a5f5856319a74339c4d99b24a4e6647cfc6e,trac_failed,near_singular,first_divergence,0,candidate_04,['refined_focal'],False,2,trac_5ms,30,True,30,,,30,0.039710765895702466,11127681,successful_witnesses/case_05_first_divergence_candidate_04_trac_5ms_r2.json
case_05_first_divergence_candidate_02_trac_5ms_r2,case_05_first_divergence,case_05,d13cc08f12e083b576378a71eba2a5f5856319a74339c4d99b24a4e6647cfc6e,trac_failed,near_singular,first_divergence,0,candidate_02,"['original_always_hard', 'common_input_always_hard']",False,2,trac_5ms,30,True,30,,,30,0.03970530394030228,10937248,successful_witnesses/case_05_first_divergence_candidate_02_trac_5ms_r2.json
case_05_first_divergence_candidate_04_trac_5ms_r4,case_05_first_divergence,case_05,d13cc08f12e083b576378a71eba2a5f5856319a74339c4d99b24a4e6647cfc6e,trac_failed,near_singular,first_divergence,0,candidate_04,['refined_focal'],False,4,trac_5ms,30,True,30,,,30,0.039710765895702466,10939242,successful_witnesses/case_05_first_divergence_candidate_04_trac_5ms_r4.json
case_05_first_divergence_candidate_00_trac_5ms_r0,case_05_first_divergence,case_05,d13cc08f12e083b576378a71eba2a5f5856319a74339c4d99b24a4e6647cfc6e,trac_failed,near_singular,first_divergence,0,candidate_00,"['original_focal', 'common_input_trac_0', 'common_input_trac_1', 'common_input_trac_2', 'common_input_trac_3', 'common_input_trac_4']",False,0,trac_5ms,30,True,30,,,30,0.039710765900931394,11155496,successful_witnesses/case_05_first_divergence_candidate_00_trac_5ms_r0.json
case_05_first_divergence_candidate_01_trac_5ms_r3,case_05_first_divergence,case_05,d13cc08f12e083b576378a71eba2a5f5856319a74339c4d99b24a4e6647cfc6e,trac_failed,near_singular,first_divergence,0,candidate_01,"['original_full_cghik', 'common_input_full_cghik', 'previous_first_dls']",True,3,trac_5ms,30,True,30,,,30,0.03971075375004643,10956647,successful_witnesses/case_05_first_divergence_candidate_01_trac_5ms_r3.json
case_05_first_divergence_candidate_02_trac_5ms_r0,case_05_first_divergence,case_05,d13cc08f12e083b576378a71eba2a5f5856319a74339c4d99b24a4e6647cfc6e,trac_failed,near_singular,first_divergence,0,candidate_02,"['original_always_hard', 'common_input_always_hard']",False,0,trac_5ms,30,True,30,,,30,0.038726962942529225,11395721,successful_witnesses/case_05_first_divergence_candidate_02_trac_5ms_r0.json
case_05_first_divergence_candidate_01_trac_5ms_r4,case_05_first_divergence,case_05,d13cc08f12e083b576378a71eba2a5f5856319a74339c4d99b24a4e6647cfc6e,trac_failed,near_singular,first_divergence,0,candidate_01,"['original_full_cghik', 'common_input_full_cghik', 'previous_first_dls']",True,4,trac_5ms,30,True,30,,,30,0.03971075375004643,11051102,successful_witnesses/case_05_first_divergence_candidate_01_trac_5ms_r4.json
case_05_first_divergence_candidate_03_trac_5ms_r4,case_05_first_divergence,case_05,d13cc08f12e083b576378a71eba2a5f5856319a74339c4d99b24a4e6647cfc6e,trac_failed,near_singular,first_divergence,0,candidate_03,['offline_reference'],False,4,trac_5ms,30,True,30,,,30,0.03774621800953351,10981580,successful_witnesses/case_05_first_divergence_candidate_03_trac_5ms_r4.json
case_05_first_divergence_candidate_01_trac_5ms_r0,case_05_first_divergence,case_05,d13cc08f12e083b576378a71eba2a5f5856319a74339c4d99b24a4e6647cfc6e,trac_failed,near_singular,first_divergence,0,candidate_01,"['original_full_cghik', 'common_input_full_cghik', 'previous_first_dls']",True,0,trac_5ms,30,True,30,,,30,0.03971075375004643,10999536,successful_witnesses/case_05_first_divergence_candidate_01_trac_5ms_r0.json
case_05_first_divergence_candidate_04_trac_5ms_r3,case_05_first_divergence,case_05,d13cc08f12e083b576378a71eba2a5f5856319a74339c4d99b24a4e6647cfc6e,trac_failed,near_singular,first_divergence,0,candidate_04,['refined_focal'],False,3,trac_5ms,30,True,30,,,30,0.039710765895702466,10993400,successful_witnesses/case_05_first_divergence_candidate_04_trac_5ms_r3.json
case_05_first_divergence_candidate_00_trac_5ms_r1,case_05_first_divergence,case_05,d13cc08f12e083b576378a71eba2a5f5856319a74339c4d99b24a4e6647cfc6e,trac_failed,near_singular,first_divergence,0,candidate_00,"['original_focal', 'common_input_trac_0', 'common_input_trac_1', 'common_input_trac_2', 'common_input_trac_3', 'common_input_trac_4']",False,1,trac_5ms,30,True,30,,,30,0.03627626878596982,10788868,successful_witnesses/case_05_first_divergence_candidate_00_trac_5ms_r1.json
case_05_first_divergence_candidate_03_trac_5ms_r0,case_05_first_divergence,case_05,d13cc08f12e083b576378a71eba2a5f5856319a74339c4d99b24a4e6647cfc6e,trac_failed,near_singular,first_divergence,0,candidate_03,['offline_reference'],False,0,trac_5ms,30,True,30,,,30,0.039713607478759766,11009210,successful_witnesses/case_05_first_divergence_candidate_03_trac_5ms_r0.json
case_05_first_divergence_candidate_02_trac_5ms_r4,case_05_first_divergence,case_05,d13cc08f12e083b576378a71eba2a5f5856319a74339c4d99b24a4e6647cfc6e,trac_failed,near_singular,first_divergence,0,candidate_02,"['original_always_hard', 'common_input_always_hard']",False,4,trac_5ms,30,True,30,,,30,0.03970530394030228,11045006,successful_witnesses/case_05_first_divergence_candidate_02_trac_5ms_r4.json
case_05_first_divergence_candidate_03_trac_5ms_r2,case_05_first_divergence,case_05,d13cc08f12e083b576378a71eba2a5f5856319a74339c4d99b24a4e6647cfc6e,trac_failed,near_singular,first_divergence,0,candidate_03,['offline_reference'],False,2,trac_5ms,30,True,30,,,30,0.039713607478759766,10782772,successful_witnesses/case_05_first_divergence_candidate_03_trac_5ms_r2.json
case_05_first_divergence_candidate_02_trac_5ms_r1,case_05_first_divergence,case_05,d13cc08f12e083b576378a71eba2a5f5856319a74339c4d99b24a4e6647cfc6e,trac_failed,near_singular,first_divergence,0,candidate_02,"['original_always_hard', 'common_input_always_hard']",False,1,trac_5ms,30,True,30,,,30,0.03970530394030228,10979838,successful_witnesses/case_05_first_divergence_candidate_02_trac_5ms_r1.json
case_05_pre_failure_candidate_02_trac_5ms_r0,case_05_pre_failure,case_05,d13cc08f12e083b576378a71eba2a5f5856319a74339c4d99b24a4e6647cfc6e,trac_failed,near_singular,pre_failure,71,candidate_02,['common_input_full_cghik'],False,0,trac_5ms,30,False,0,72,solver_failure,0,,162829393,
case_05_pre_failure_candidate_04_trac_5ms_interior_r2,case_05_pre_failure,case_05,d13cc08f12e083b576378a71eba2a5f5856319a74339c4d99b24a4e6647cfc6e,trac_failed,near_singular,pre_failure,71,candidate_04,['refined_focal'],False,2,trac_5ms_interior,30,False,2,74,solver_failure,2,9.71445146547012e-17,154064922,
case_05_pre_failure_candidate_01_trac_5ms_r2,case_05_pre_failure,case_05,d13cc08f12e083b576378a71eba2a5f5856319a74339c4d99b24a4e6647cfc6e,trac_failed,near_singular,pre_failure,71,candidate_01,['common_input_always_hard'],False,2,trac_5ms,30,False,0,72,solver_failure,0,,162534112,
case_05_pre_failure_candidate_04_trac_5ms_r2,case_05_pre_failure,case_05,d13cc08f12e083b576378a71eba2a5f5856319a74339c4d99b24a4e6647cfc6e,trac_failed,near_singular,pre_failure,71,candidate_04,['refined_focal'],False,2,trac_5ms,30,False,0,72,velocity_violation,0,,158320909,
case_05_pre_failure_candidate_01_trac_5ms_r1,case_05_pre_failure,case_05,d13cc08f12e083b576378a71eba2a5f5856319a74339c4d99b24a4e6647cfc6e,trac_failed,near_singular,pre_failure,71,candidate_01,['common_input_always_hard'],False,1,trac_5ms,30,False,0,72,solver_failure,0,,164015284,
case_05_pre_failure_candidate_04_trac_5ms_interior_r4,case_05_pre_failure,case_05,d13cc08f12e083b576378a71eba2a5f5856319a74339c4d99b24a4e6647cfc6e,trac_failed,near_singular,pre_failure,71,candidate_04,['refined_focal'],False,4,trac_5ms_interior,30,False,3,75,solver_failure,3,9.71445146547012e-17,153514273,
case_05_pre_failure_candidate_00_trac_5ms_r4,case_05_pre_failure,case_05,d13cc08f12e083b576378a71eba2a5f5856319a74339c4d99b24a4e6647cfc6e,trac_failed,near_singular,pre_failure,71,candidate_00,"['original_focal', 'common_input_trac_0', 'common_input_trac_1', 'common_input_trac_2', 'common_input_trac_3', 'common_input_trac_4']",False,4,trac_5ms,30,False,0,72,velocity_violation,0,,158854956,
case_05_pre_failure_candidate_04_trac_5ms_interior_r1,case_05_pre_failure,case_05,d13cc08f12e083b576378a71eba2a5f5856319a74339c4d99b24a4e6647cfc6e,trac_failed,near_singular,pre_failure,71,candidate_04,['refined_focal'],False,1,trac_5ms_interior,30,False,2,74,solver_failure,2,9.71445146547012e-17,153845297,
case_05_pre_failure_candidate_03_trac_5ms_interior_r1,case_05_pre_failure,case_05,d13cc08f12e083b576378a71eba2a5f5856319a74339c4d99b24a4e6647cfc6e,trac_failed,near_singular,pre_failure,71,candidate_03,['previous_first_dls'],True,1,trac_5ms_interior,30,False,0,72,solver_failure,0,,162213736,
case_05_pre_failure_candidate_01_trac_5ms_r3,case_05_pre_failure,case_05,d13cc08f12e083b576378a71eba2a5f5856319a74339c4d99b24a4e6647cfc6e,trac_failed,near_singular,pre_failure,71,candidate_01,['common_input_always_hard'],False,3,trac_5ms,30,False,0,72,solver_failure,0,,161895119,
case_05_pre_failure_candidate_03_trac_100ms_r3,case_05_pre_failure,case_05,d13cc08f12e083b576378a71eba2a5f5856319a74339c4d99b24a4e6647cfc6e,trac_failed,near_singular,pre_failure,71,candidate_03,['previous_first_dls'],True,3,trac_100ms,30,False,0,72,solver_failure,0,,3019623425,
case_05_pre_failure_candidate_00_trac_5ms_r0,case_05_pre_failure,case_05,d13cc08f12e083b576378a71eba2a5f5856319a74339c4d99b24a4e6647cfc6e,trac_failed,near_singular,pre_failure,71,candidate_00,"['original_focal', 'common_input_trac_0', 'common_input_trac_1', 'common_input_trac_2', 'common_input_trac_3', 'common_input_trac_4']",False,0,trac_5ms,30,False,0,72,velocity_violation,0,,158011373,
case_05_pre_failure_candidate_03_trac_5ms_r4,case_05_pre_failure,case_05,d13cc08f12e083b576378a71eba2a5f5856319a74339c4d99b24a4e6647cfc6e,trac_failed,near_singular,pre_failure,71,candidate_03,['previous_first_dls'],True,4,trac_5ms,30,False,0,72,solver_failure,0,,161513964,
case_05_pre_failure_candidate_00_trac_5ms_r1,case_05_pre_failure,case_05,d13cc08f12e083b576378a71eba2a5f5856319a74339c4d99b24a4e6647cfc6e,trac_failed,near_singular,pre_failure,71,candidate_00,"['original_focal', 'common_input_trac_0', 'common_input_trac_1', 'common_input_trac_2', 'common_input_trac_3', 'common_input_trac_4']",False,1,trac_5ms,30,False,0,72,velocity_violation,0,,156920281,
case_05_pre_failure_candidate_04_trac_5ms_r4,case_05_pre_failure,case_05,d13cc08f12e083b576378a71eba2a5f5856319a74339c4d99b24a4e6647cfc6e,trac_failed,near_singular,pre_failure,71,candidate_04,['refined_focal'],False,4,trac_5ms,30,False,0,72,velocity_violation,0,,157757763,
case_05_pre_failure_candidate_03_trac_5ms_interior_r2,case_05_pre_failure,case_05,d13cc08f12e083b576378a71eba2a5f5856319a74339c4d99b24a4e6647cfc6e,trac_failed,near_singular,pre_failure,71,candidate_03,['previous_first_dls'],True,2,trac_5ms_interior,30,False,0,72,solver_failure,0,,161711965,
case_05_pre_failure_candidate_00_trac_5ms_interior_r1,case_05_pre_failure,case_05,d13cc08f12e083b576378a71eba2a5f5856319a74339c4d99b24a4e6647cfc6e,trac_failed,near_singular,pre_failure,71,candidate_00,"['original_focal', 'common_input_trac_0', 'common_input_trac_1', 'common_input_trac_2', 'common_input_trac_3', 'common_input_trac_4']",False,1,trac_5ms_interior,30,False,1,73,solver_failure,1,9.71445146547012e-17,156816758,
case_05_pre_failure_candidate_03_trac_100ms_r2,case_05_pre_failure,case_05,d13cc08f12e083b576378a71eba2a5f5856319a74339c4d99b24a4e6647cfc6e,trac_failed,near_singular,pre_failure,71,candidate_03,['previous_first_dls'],True,2,trac_100ms,30,False,0,72,solver_failure,0,,3018307597,
case_05_pre_failure_candidate_04_trac_5ms_r0,case_05_pre_failure,case_05,d13cc08f12e083b576378a71eba2a5f5856319a74339c4d99b24a4e6647cfc6e,trac_failed,near_singular,pre_failure,71,candidate_04,['refined_focal'],False,0,trac_5ms,30,False,0,72,velocity_violation,0,,158603302,
case_05_pre_failure_candidate_03_trac_5ms_r2,case_05_pre_failure,case_05,d13cc08f12e083b576378a71eba2a5f5856319a74339c4d99b24a4e6647cfc6e,trac_failed,near_singular,pre_failure,71,candidate_03,['previous_first_dls'],True,2,trac_5ms,30,False,0,72,solver_failure,0,,161606324,
case_05_pre_failure_candidate_04_trac_5ms_interior_r3,case_05_pre_failure,case_05,d13cc08f12e083b576378a71eba2a5f5856319a74339c4d99b24a4e6647cfc6e,trac_failed,near_singular,pre_failure,71,candidate_04,['refined_focal'],False,3,trac_5ms_interior,30,False,2,74,solver_failure,2,9.71445146547012e-17,153197266,
case_05_pre_failure_candidate_01_trac_5ms_r4,case_05_pre_failure,case_05,d13cc08f12e083b576378a71eba2a5f5856319a74339c4d99b24a4e6647cfc6e,trac_failed,near_singular,pre_failure,71,candidate_01,['common_input_always_hard'],False,4,trac_5ms,30,False,0,72,solver_failure,0,,161383726,
case_05_pre_failure_candidate_00_trac_100ms_r4,case_05_pre_failure,case_05,d13cc08f12e083b576378a71eba2a5f5856319a74339c4d99b24a4e6647cfc6e,trac_failed,near_singular,pre_failure,71,candidate_00,"['original_focal', 'common_input_trac_0', 'common_input_trac_1', 'common_input_trac_2', 'common_input_trac_3', 'common_input_trac_4']",False,4,trac_100ms,30,False,0,72,velocity_violation,0,,2918677278,
case_05_pre_failure_candidate_04_trac_5ms_interior_r0,case_05_pre_failure,case_05,d13cc08f12e083b576378a71eba2a5f5856319a74339c4d99b24a4e6647cfc6e,trac_failed,near_singular,pre_failure,71,candidate_04,['refined_focal'],False,0,trac_5ms_interior,30,False,3,75,solver_failure,3,9.71445146547012e-17,154894820,
case_05_pre_failure_candidate_02_trac_5ms_r2,case_05_pre_failure,case_05,d13cc08f12e083b576378a71eba2a5f5856319a74339c4d99b24a4e6647cfc6e,trac_failed,near_singular,pre_failure,71,candidate_02,['common_input_full_cghik'],False,2,trac_5ms,30,False,0,72,solver_failure,0,,163398961,
case_05_pre_failure_candidate_02_trac_5ms_r3,case_05_pre_failure,case_05,d13cc08f12e083b576378a71eba2a5f5856319a74339c4d99b24a4e6647cfc6e,trac_failed,near_singular,pre_failure,71,candidate_02,['common_input_full_cghik'],False,3,trac_5ms,30,False,0,72,solver_failure,0,,163442005,
case_05_pre_failure_candidate_00_trac_5ms_interior_r0,case_05_pre_failure,case_05,d13cc08f12e083b576378a71eba2a5f5856319a74339c4d99b24a4e6647cfc6e,trac_failed,near_singular,pre_failure,71,candidate_00,"['original_focal', 'common_input_trac_0', 'common_input_trac_1', 'common_input_trac_2', 'common_input_trac_3', 'common_input_trac_4']",False,0,trac_5ms_interior,30,False,1,73,solver_failure,1,0.008420009702165485,157134714,
case_05_pre_failure_candidate_04_trac_5ms_r1,case_05_pre_failure,case_05,d13cc08f12e083b576378a71eba2a5f5856319a74339c4d99b24a4e6647cfc6e,trac_failed,near_singular,pre_failure,71,candidate_04,['refined_focal'],False,1,trac_5ms,30,False,0,72,velocity_violation,0,,157324995,
case_05_pre_failure_candidate_03_trac_100ms_r0,case_05_pre_failure,case_05,d13cc08f12e083b576378a71eba2a5f5856319a74339c4d99b24a4e6647cfc6e,trac_failed,near_singular,pre_failure,71,candidate_03,['previous_first_dls'],True,0,trac_100ms,30,False,0,72,solver_failure,0,,3018613874,
case_05_pre_failure_candidate_03_trac_5ms_interior_r4,case_05_pre_failure,case_05,d13cc08f12e083b576378a71eba2a5f5856319a74339c4d99b24a4e6647cfc6e,trac_failed,near_singular,pre_failure,71,candidate_03,['previous_first_dls'],True,4,trac_5ms_interior,30,False,0,72,solver_failure,0,,162872343,
case_05_pre_failure_candidate_04_trac_100ms_r3,case_05_pre_failure,case_05,d13cc08f12e083b576378a71eba2a5f5856319a74339c4d99b24a4e6647cfc6e,trac_failed,near_singular,pre_failure,71,candidate_04,['refined_focal'],False,3,trac_100ms,30,False,0,72,velocity_violation,0,,2918602650,
case_05_pre_failure_candidate_04_trac_5ms_r3,case_05_pre_failure,case_05,d13cc08f12e083b576378a71eba2a5f5856319a74339c4d99b24a4e6647cfc6e,trac_failed,near_singular,pre_failure,71,candidate_04,['refined_focal'],False,3,trac_5ms,30,False,0,72,velocity_violation,0,,157979930,
case_05_pre_failure_candidate_00_trac_100ms_r2,case_05_pre_failure,case_05,d13cc08f12e083b576378a71eba2a5f5856319a74339c4d99b24a4e6647cfc6e,trac_failed,near_singular,pre_failure,71,candidate_00,"['original_focal', 'common_input_trac_0', 'common_input_trac_1', 'common_input_trac_2', 'common_input_trac_3', 'common_input_trac_4']",False,2,trac_100ms,30,False,0,72,velocity_violation,0,,2918284824,
case_05_pre_failure_candidate_00_trac_5ms_r3,case_05_pre_failure,case_05,d13cc08f12e083b576378a71eba2a5f5856319a74339c4d99b24a4e6647cfc6e,trac_failed,near_singular,pre_failure,71,candidate_00,"['original_focal', 'common_input_trac_0', 'common_input_trac_1', 'common_input_trac_2', 'common_input_trac_3', 'common_input_trac_4']",False,3,trac_5ms,30,False,0,72,velocity_violation,0,,158126638,
case_05_pre_failure_candidate_03_trac_5ms_r0,case_05_pre_failure,case_05,d13cc08f12e083b576378a71eba2a5f5856319a74339c4d99b24a4e6647cfc6e,trac_failed,near_singular,pre_failure,71,candidate_03,['previous_first_dls'],True,0,trac_5ms,30,False,0,72,solver_failure,0,,161237129,
case_05_pre_failure_candidate_03_trac_5ms_r1,case_05_pre_failure,case_05,d13cc08f12e083b576378a71eba2a5f5856319a74339c4d99b24a4e6647cfc6e,trac_failed,near_singular,pre_failure,71,candidate_03,['previous_first_dls'],True,1,trac_5ms,30,False,0,72,solver_failure,0,,161523646,
case_05_pre_failure_candidate_01_trac_5ms_r0,case_05_pre_failure,case_05,d13cc08f12e083b576378a71eba2a5f5856319a74339c4d99b24a4e6647cfc6e,trac_failed,near_singular,pre_failure,71,candidate_01,['common_input_always_hard'],False,0,trac_5ms,30,False,0,72,solver_failure,0,,162096236,
case_05_pre_failure_candidate_00_trac_5ms_interior_r4,case_05_pre_failure,case_05,d13cc08f12e083b576378a71eba2a5f5856319a74339c4d99b24a4e6647cfc6e,trac_failed,near_singular,pre_failure,71,candidate_00,"['original_focal', 'common_input_trac_0', 'common_input_trac_1', 'common_input_trac_2', 'common_input_trac_3', 'common_input_trac_4']",False,4,trac_5ms_interior,30,False,1,73,solver_failure,1,9.71445146547012e-17,157153860,
case_05_pre_failure_candidate_04_trac_100ms_r2,case_05_pre_failure,case_05,d13cc08f12e083b576378a71eba2a5f5856319a74339c4d99b24a4e6647cfc6e,trac_failed,near_singular,pre_failure,71,candidate_04,['refined_focal'],False,2,trac_100ms,30,False,0,72,velocity_violation,0,,2918014121,
case_05_pre_failure_candidate_00_trac_100ms_r3,case_05_pre_failure,case_05,d13cc08f12e083b576378a71eba2a5f5856319a74339c4d99b24a4e6647cfc6e,trac_failed,near_singular,pre_failure,71,candidate_00,"['original_focal', 'common_input_trac_0', 'common_input_trac_1', 'common_input_trac_2', 'common_input_trac_3', 'common_input_trac_4']",False,3,trac_100ms,30,False,1,73,velocity_violation,1,0.002658292483646116,2819755295,
case_05_pre_failure_candidate_00_trac_5ms_r2,case_05_pre_failure,case_05,d13cc08f12e083b576378a71eba2a5f5856319a74339c4d99b24a4e6647cfc6e,trac_failed,near_singular,pre_failure,71,candidate_00,"['original_focal', 'common_input_trac_0', 'common_input_trac_1', 'common_input_trac_2', 'common_input_trac_3', 'common_input_trac_4']",False,2,trac_5ms,30,False,0,72,velocity_violation,0,,159668297,
case_05_pre_failure_candidate_03_trac_5ms_interior_r0,case_05_pre_failure,case_05,d13cc08f12e083b576378a71eba2a5f5856319a74339c4d99b24a4e6647cfc6e,trac_failed,near_singular,pre_failure,71,candidate_03,['previous_first_dls'],True,0,trac_5ms_interior,30,False,0,72,solver_failure,0,,164184475,
case_05_pre_failure_candidate_00_trac_100ms_r0,case_05_pre_failure,case_05,d13cc08f12e083b576378a71eba2a5f5856319a74339c4d99b24a4e6647cfc6e,trac_failed,near_singular,pre_failure,71,candidate_00,"['original_focal', 'common_input_trac_0', 'common_input_trac_1', 'common_input_trac_2', 'common_input_trac_3', 'common_input_trac_4']",False,0,trac_100ms,30,False,0,72,velocity_violation,0,,2918364662,
case_05_pre_failure_candidate_02_trac_5ms_r1,case_05_pre_failure,case_05,d13cc08f12e083b576378a71eba2a5f5856319a74339c4d99b24a4e6647cfc6e,trac_failed,near_singular,pre_failure,71,candidate_02,['common_input_full_cghik'],False,1,trac_5ms,30,False,0,72,solver_failure,0,,161697819,
case_05_pre_failure_candidate_03_trac_5ms_r3,case_05_pre_failure,case_05,d13cc08f12e083b576378a71eba2a5f5856319a74339c4d99b24a4e6647cfc6e,trac_failed,near_singular,pre_failure,71,candidate_03,['previous_first_dls'],True,3,trac_5ms,30,False,0,72,solver_failure,0,,161576449,
case_05_pre_failure_candidate_00_trac_5ms_interior_r3,case_05_pre_failure,case_05,d13cc08f12e083b576378a71eba2a5f5856319a74339c4d99b24a4e6647cfc6e,trac_failed,near_singular,pre_failure,71,candidate_00,"['original_focal', 'common_input_trac_0', 'common_input_trac_1', 'common_input_trac_2', 'common_input_trac_3', 'common_input_trac_4']",False,3,trac_5ms_interior,30,False,2,74,solver_failure,2,9.71445146547012e-17,153629174,
case_05_pre_failure_candidate_04_trac_100ms_r0,case_05_pre_failure,case_05,d13cc08f12e083b576378a71eba2a5f5856319a74339c4d99b24a4e6647cfc6e,trac_failed,near_singular,pre_failure,71,candidate_04,['refined_focal'],False,0,trac_100ms,30,False,0,72,velocity_violation,0,,2918743659,
case_05_pre_failure_candidate_03_trac_100ms_r4,case_05_pre_failure,case_05,d13cc08f12e083b576378a71eba2a5f5856319a74339c4d99b24a4e6647cfc6e,trac_failed,near_singular,pre_failure,71,candidate_03,['previous_first_dls'],True,4,trac_100ms,30,False,0,72,solver_failure,0,,3018408802,
case_05_pre_failure_candidate_00_trac_100ms_r1,case_05_pre_failure,case_05,d13cc08f12e083b576378a71eba2a5f5856319a74339c4d99b24a4e6647cfc6e,trac_failed,near_singular,pre_failure,71,candidate_00,"['original_focal', 'common_input_trac_0', 'common_input_trac_1', 'common_input_trac_2', 'common_input_trac_3', 'common_input_trac_4']",False,1,trac_100ms,30,False,0,72,velocity_violation,0,,2918515578,
case_05_pre_failure_candidate_04_trac_100ms_r4,case_05_pre_failure,case_05,d13cc08f12e083b576378a71eba2a5f5856319a74339c4d99b24a4e6647cfc6e,trac_failed,near_singular,pre_failure,71,candidate_04,['refined_focal'],False,4,trac_100ms,30,False,1,73,velocity_violation,1,0.004246717159507446,2820458169,
case_05_pre_failure_candidate_02_trac_5ms_r4,case_05_pre_failure,case_05,d13cc08f12e083b576378a71eba2a5f5856319a74339c4d99b24a4e6647cfc6e,trac_failed,near_singular,pre_failure,71,candidate_02,['common_input_full_cghik'],False,4,trac_5ms,30,False,0,72,solver_failure,0,,162437750,
case_05_pre_failure_candidate_03_trac_5ms_interior_r3,case_05_pre_failure,case_05,d13cc08f12e083b576378a71eba2a5f5856319a74339c4d99b24a4e6647cfc6e,trac_failed,near_singular,pre_failure,71,candidate_03,['previous_first_dls'],True,3,trac_5ms_interior,30,False,0,72,solver_failure,0,,162063481,
case_05_pre_failure_candidate_03_trac_100ms_r1,case_05_pre_failure,case_05,d13cc08f12e083b576378a71eba2a5f5856319a74339c4d99b24a4e6647cfc6e,trac_failed,near_singular,pre_failure,71,candidate_03,['previous_first_dls'],True,1,trac_100ms,30,False,0,72,solver_failure,0,,3018075500,
case_05_pre_failure_candidate_04_trac_100ms_r1,case_05_pre_failure,case_05,d13cc08f12e083b576378a71eba2a5f5856319a74339c4d99b24a4e6647cfc6e,trac_failed,near_singular,pre_failure,71,candidate_04,['refined_focal'],False,1,trac_100ms,30,False,0,72,velocity_violation,0,,2919224490,
case_05_pre_failure_candidate_00_trac_5ms_interior_r2,case_05_pre_failure,case_05,d13cc08f12e083b576378a71eba2a5f5856319a74339c4d99b24a4e6647cfc6e,trac_failed,near_singular,pre_failure,71,candidate_00,"['original_focal', 'common_input_trac_0', 'common_input_trac_1', 'common_input_trac_2', 'common_input_trac_3', 'common_input_trac_4']",False,2,trac_5ms_interior,30,False,3,75,solver_failure,3,9.71445146547012e-17,150951448,
case_06_first_divergence_candidate_03_trac_5ms_r3,case_06_first_divergence,case_06,f69a8f1f6eef07cefc66000053424135c5ec7250cc78d7cb2319c6615f8a8060,cghik_lost,near_singular,first_divergence,0,candidate_03,['offline_reference'],False,3,trac_5ms,30,True,30,,,30,0.03945226995249129,11164830,successful_witnesses/case_06_first_divergence_candidate_03_trac_5ms_r3.json
case_06_first_divergence_candidate_01_trac_5ms_r0,case_06_first_divergence,case_06,f69a8f1f6eef07cefc66000053424135c5ec7250cc78d7cb2319c6615f8a8060,cghik_lost,near_singular,first_divergence,0,candidate_01,"['original_always_hard', 'common_input_always_hard']",False,0,trac_5ms,30,True,30,,,30,0.039451975010683316,11118940,successful_witnesses/case_06_first_divergence_candidate_01_trac_5ms_r0.json
case_06_first_divergence_candidate_04_trac_5ms_r4,case_06_first_divergence,case_06,f69a8f1f6eef07cefc66000053424135c5ec7250cc78d7cb2319c6615f8a8060,cghik_lost,near_singular,first_divergence,0,candidate_04,['refined_focal'],False,4,trac_5ms,30,True,30,,,30,0.039452252222983875,11129752,successful_witnesses/case_06_first_divergence_candidate_04_trac_5ms_r4.json
case_06_first_divergence_candidate_02_trac_5ms_r4,case_06_first_divergence,case_06,f69a8f1f6eef07cefc66000053424135c5ec7250cc78d7cb2319c6615f8a8060,cghik_lost,near_singular,first_divergence,0,candidate_02,"['original_trac_ik_5ms', 'common_input_trac_0', 'common_input_trac_1', 'common_input_trac_2', 'common_input_trac_3', 'common_input_trac_4']",False,4,trac_5ms,30,True,30,,,30,0.03945225216252288,11104096,successful_witnesses/case_06_first_divergence_candidate_02_trac_5ms_r4.json
case_06_first_divergence_candidate_01_trac_5ms_r3,case_06_first_divergence,case_06,f69a8f1f6eef07cefc66000053424135c5ec7250cc78d7cb2319c6615f8a8060,cghik_lost,near_singular,first_divergence,0,candidate_01,"['original_always_hard', 'common_input_always_hard']",False,3,trac_5ms,30,True,30,,,30,0.039451975010683316,11099080,successful_witnesses/case_06_first_divergence_candidate_01_trac_5ms_r3.json
case_06_first_divergence_candidate_03_trac_5ms_r1,case_06_first_divergence,case_06,f69a8f1f6eef07cefc66000053424135c5ec7250cc78d7cb2319c6615f8a8060,cghik_lost,near_singular,first_divergence,0,candidate_03,['offline_reference'],False,1,trac_5ms,30,True,30,,,30,0.03945226995249129,11042100,successful_witnesses/case_06_first_divergence_candidate_03_trac_5ms_r1.json
case_06_first_divergence_candidate_03_trac_5ms_r4,case_06_first_divergence,case_06,f69a8f1f6eef07cefc66000053424135c5ec7250cc78d7cb2319c6615f8a8060,cghik_lost,near_singular,first_divergence,0,candidate_03,['offline_reference'],False,4,trac_5ms,30,True,30,,,30,0.03945226995249129,11487331,successful_witnesses/case_06_first_divergence_candidate_03_trac_5ms_r4.json
case_06_first_divergence_candidate_04_trac_5ms_r2,case_06_first_divergence,case_06,f69a8f1f6eef07cefc66000053424135c5ec7250cc78d7cb2319c6615f8a8060,cghik_lost,near_singular,first_divergence,0,candidate_04,['refined_focal'],False,2,trac_5ms,30,True,30,,,30,0.039452252222983875,10980199,successful_witnesses/case_06_first_divergence_candidate_04_trac_5ms_r2.json
case_06_first_divergence_candidate_01_trac_5ms_r2,case_06_first_divergence,case_06,f69a8f1f6eef07cefc66000053424135c5ec7250cc78d7cb2319c6615f8a8060,cghik_lost,near_singular,first_divergence,0,candidate_01,"['original_always_hard', 'common_input_always_hard']",False,2,trac_5ms,30,True,30,,,30,0.039451975010683316,10994637,successful_witnesses/case_06_first_divergence_candidate_01_trac_5ms_r2.json
case_06_first_divergence_candidate_02_trac_5ms_r1,case_06_first_divergence,case_06,f69a8f1f6eef07cefc66000053424135c5ec7250cc78d7cb2319c6615f8a8060,cghik_lost,near_singular,first_divergence,0,candidate_02,"['original_trac_ik_5ms', 'common_input_trac_0', 'common_input_trac_1', 'common_input_trac_2', 'common_input_trac_3', 'common_input_trac_4']",False,1,trac_5ms,30,True,30,,,30,0.03945225216252288,11782750,successful_witnesses/case_06_first_divergence_candidate_02_trac_5ms_r1.json
case_06_first_divergence_candidate_01_trac_5ms_r4,case_06_first_divergence,case_06,f69a8f1f6eef07cefc66000053424135c5ec7250cc78d7cb2319c6615f8a8060,cghik_lost,near_singular,first_divergence,0,candidate_01,"['original_always_hard', 'common_input_always_hard']",False,4,trac_5ms,30,True,30,,,30,0.039451975010683316,10773792,successful_witnesses/case_06_first_divergence_candidate_01_trac_5ms_r4.json
case_06_first_divergence_candidate_04_trac_5ms_r3,case_06_first_divergence,case_06,f69a8f1f6eef07cefc66000053424135c5ec7250cc78d7cb2319c6615f8a8060,cghik_lost,near_singular,first_divergence,0,candidate_04,['refined_focal'],False,3,trac_5ms,30,True,30,,,30,0.039452252222983875,11081969,successful_witnesses/case_06_first_divergence_candidate_04_trac_5ms_r3.json
case_06_first_divergence_candidate_04_trac_5ms_r1,case_06_first_divergence,case_06,f69a8f1f6eef07cefc66000053424135c5ec7250cc78d7cb2319c6615f8a8060,cghik_lost,near_singular,first_divergence,0,candidate_04,['refined_focal'],False,1,trac_5ms,30,True,30,,,30,0.039452252222983875,11180318,successful_witnesses/case_06_first_divergence_candidate_04_trac_5ms_r1.json
case_06_first_divergence_candidate_00_trac_5ms_r4,case_06_first_divergence,case_06,f69a8f1f6eef07cefc66000053424135c5ec7250cc78d7cb2319c6615f8a8060,cghik_lost,near_singular,first_divergence,0,candidate_00,"['original_focal', 'common_input_full_cghik', 'previous_first_dls']",True,4,trac_5ms,30,True,30,,,30,0.03945225216395806,11014612,successful_witnesses/case_06_first_divergence_candidate_00_trac_5ms_r4.json
case_06_first_divergence_candidate_04_trac_5ms_r0,case_06_first_divergence,case_06,f69a8f1f6eef07cefc66000053424135c5ec7250cc78d7cb2319c6615f8a8060,cghik_lost,near_singular,first_divergence,0,candidate_04,['refined_focal'],False,0,trac_5ms,30,True,30,,,30,0.039452252222983875,10988418,successful_witnesses/case_06_first_divergence_candidate_04_trac_5ms_r0.json
case_06_first_divergence_candidate_00_trac_5ms_r2,case_06_first_divergence,case_06,f69a8f1f6eef07cefc66000053424135c5ec7250cc78d7cb2319c6615f8a8060,cghik_lost,near_singular,first_divergence,0,candidate_00,"['original_focal', 'common_input_full_cghik', 'previous_first_dls']",True,2,trac_5ms,30,True,30,,,30,0.03945225216395806,11072671,successful_witnesses/case_06_first_divergence_candidate_00_trac_5ms_r2.json
case_06_first_divergence_candidate_00_trac_5ms_r1,case_06_first_divergence,case_06,f69a8f1f6eef07cefc66000053424135c5ec7250cc78d7cb2319c6615f8a8060,cghik_lost,near_singular,first_divergence,0,candidate_00,"['original_focal', 'common_input_full_cghik', 'previous_first_dls']",True,1,trac_5ms,30,True,30,,,30,0.03945225216395806,10926879,successful_witnesses/case_06_first_divergence_candidate_00_trac_5ms_r1.json
case_06_first_divergence_candidate_02_trac_5ms_r0,case_06_first_divergence,case_06,f69a8f1f6eef07cefc66000053424135c5ec7250cc78d7cb2319c6615f8a8060,cghik_lost,near_singular,first_divergence,0,candidate_02,"['original_trac_ik_5ms', 'common_input_trac_0', 'common_input_trac_1', 'common_input_trac_2', 'common_input_trac_3', 'common_input_trac_4']",False,0,trac_5ms,30,True,30,,,30,0.03945225216252288,11195278,successful_witnesses/case_06_first_divergence_candidate_02_trac_5ms_r0.json
case_06_first_divergence_candidate_03_trac_5ms_r2,case_06_first_divergence,case_06,f69a8f1f6eef07cefc66000053424135c5ec7250cc78d7cb2319c6615f8a8060,cghik_lost,near_singular,first_divergence,0,candidate_03,['offline_reference'],False,2,trac_5ms,30,True,30,,,30,0.03945226995249129,11695574,successful_witnesses/case_06_first_divergence_candidate_03_trac_5ms_r2.json
case_06_first_divergence_candidate_00_trac_5ms_r0,case_06_first_divergence,case_06,f69a8f1f6eef07cefc66000053424135c5ec7250cc78d7cb2319c6615f8a8060,cghik_lost,near_singular,first_divergence,0,candidate_00,"['original_focal', 'common_input_full_cghik', 'previous_first_dls']",True,0,trac_5ms,30,True,30,,,30,0.03945225216395806,11190649,successful_witnesses/case_06_first_divergence_candidate_00_trac_5ms_r0.json
case_06_first_divergence_candidate_01_trac_5ms_r1,case_06_first_divergence,case_06,f69a8f1f6eef07cefc66000053424135c5ec7250cc78d7cb2319c6615f8a8060,cghik_lost,near_singular,first_divergence,0,candidate_01,"['original_always_hard', 'common_input_always_hard']",False,1,trac_5ms,30,True,30,,,30,0.039451975010683316,12056759,successful_witnesses/case_06_first_divergence_candidate_01_trac_5ms_r1.json
case_06_first_divergence_candidate_02_trac_5ms_r3,case_06_first_divergence,case_06,f69a8f1f6eef07cefc66000053424135c5ec7250cc78d7cb2319c6615f8a8060,cghik_lost,near_singular,first_divergence,0,candidate_02,"['original_trac_ik_5ms', 'common_input_trac_0', 'common_input_trac_1', 'common_input_trac_2', 'common_input_trac_3', 'common_input_trac_4']",False,3,trac_5ms,30,True,30,,,30,0.03945225216252288,11162053,successful_witnesses/case_06_first_divergence_candidate_02_trac_5ms_r3.json
case_06_first_divergence_candidate_03_trac_5ms_r0,case_06_first_divergence,case_06,f69a8f1f6eef07cefc66000053424135c5ec7250cc78d7cb2319c6615f8a8060,cghik_lost,near_singular,first_divergence,0,candidate_03,['offline_reference'],False,0,trac_5ms,30,True,30,,,30,0.03945226995249129,11234214,successful_witnesses/case_06_first_divergence_candidate_03_trac_5ms_r0.json
case_06_first_divergence_candidate_02_trac_5ms_r2,case_06_first_divergence,case_06,f69a8f1f6eef07cefc66000053424135c5ec7250cc78d7cb2319c6615f8a8060,cghik_lost,near_singular,first_divergence,0,candidate_02,"['original_trac_ik_5ms', 'common_input_trac_0', 'common_input_trac_1', 'common_input_trac_2', 'common_input_trac_3', 'common_input_trac_4']",False,2,trac_5ms,30,True,30,,,30,0.03945225216252288,11111910,successful_witnesses/case_06_first_divergence_candidate_02_trac_5ms_r2.json
case_06_first_divergence_candidate_00_trac_5ms_r3,case_06_first_divergence,case_06,f69a8f1f6eef07cefc66000053424135c5ec7250cc78d7cb2319c6615f8a8060,cghik_lost,near_singular,first_divergence,0,candidate_00,"['original_focal', 'common_input_full_cghik', 'previous_first_dls']",True,3,trac_5ms,30,True,30,,,30,0.03945225216395806,11307608,successful_witnesses/case_06_first_divergence_candidate_00_trac_5ms_r3.json
case_06_pre_failure_candidate_02_trac_5ms_interior_r4,case_06_pre_failure,case_06,f69a8f1f6eef07cefc66000053424135c5ec7250cc78d7cb2319c6615f8a8060,cghik_lost,near_singular,pre_failure,95,candidate_02,['refined_focal'],False,4,trac_5ms_interior,30,True,30,,,30,0.02615915924209153,11812876,successful_witnesses/case_06_pre_failure_candidate_02_trac_5ms_interior_r4.json
case_06_pre_failure_candidate_02_trac_100ms_r3,case_06_pre_failure,case_06,f69a8f1f6eef07cefc66000053424135c5ec7250cc78d7cb2319c6615f8a8060,cghik_lost,near_singular,pre_failure,95,candidate_02,['refined_focal'],False,3,trac_100ms,30,True,30,,,30,0.02615915924209153,11592179,successful_witnesses/case_06_pre_failure_candidate_02_trac_100ms_r3.json
case_06_pre_failure_candidate_01_trac_5ms_r1,case_06_pre_failure,case_06,f69a8f1f6eef07cefc66000053424135c5ec7250cc78d7cb2319c6615f8a8060,cghik_lost,near_singular,pre_failure,95,candidate_01,['previous_first_dls'],True,1,trac_5ms,30,False,0,96,solver_failure,0,,162062482,
case_06_pre_failure_candidate_00_trac_100ms_r3,case_06_pre_failure,case_06,f69a8f1f6eef07cefc66000053424135c5ec7250cc78d7cb2319c6615f8a8060,cghik_lost,near_singular,pre_failure,95,candidate_00,"['original_focal', 'common_input_always_hard', 'common_input_full_cghik']",False,3,trac_100ms,30,False,0,96,solver_failure,0,,3020581596,
case_06_pre_failure_candidate_00_trac_5ms_r0,case_06_pre_failure,case_06,f69a8f1f6eef07cefc66000053424135c5ec7250cc78d7cb2319c6615f8a8060,cghik_lost,near_singular,pre_failure,95,candidate_00,"['original_focal', 'common_input_always_hard', 'common_input_full_cghik']",False,0,trac_5ms,30,False,0,96,solver_failure,0,,162435744,
case_06_pre_failure_candidate_01_trac_5ms_r0,case_06_pre_failure,case_06,f69a8f1f6eef07cefc66000053424135c5ec7250cc78d7cb2319c6615f8a8060,cghik_lost,near_singular,pre_failure,95,candidate_01,['previous_first_dls'],True,0,trac_5ms,30,False,0,96,solver_failure,0,,163122305,
case_06_pre_failure_candidate_01_trac_5ms_r4,case_06_pre_failure,case_06,f69a8f1f6eef07cefc66000053424135c5ec7250cc78d7cb2319c6615f8a8060,cghik_lost,near_singular,pre_failure,95,candidate_01,['previous_first_dls'],True,4,trac_5ms,30,False,0,96,solver_failure,0,,162414298,
case_06_pre_failure_candidate_01_trac_5ms_r2,case_06_pre_failure,case_06,f69a8f1f6eef07cefc66000053424135c5ec7250cc78d7cb2319c6615f8a8060,cghik_lost,near_singular,pre_failure,95,candidate_01,['previous_first_dls'],True,2,trac_5ms,30,False,0,96,solver_failure,0,,162448907,
case_06_pre_failure_candidate_02_trac_100ms_r0,case_06_pre_failure,case_06,f69a8f1f6eef07cefc66000053424135c5ec7250cc78d7cb2319c6615f8a8060,cghik_lost,near_singular,pre_failure,95,candidate_02,['refined_focal'],False,0,trac_100ms,30,True,30,,,30,0.02615915924209153,11604104,successful_witnesses/case_06_pre_failure_candidate_02_trac_100ms_r0.json
case_06_pre_failure_candidate_01_trac_5ms_interior_r4,case_06_pre_failure,case_06,f69a8f1f6eef07cefc66000053424135c5ec7250cc78d7cb2319c6615f8a8060,cghik_lost,near_singular,pre_failure,95,candidate_01,['previous_first_dls'],True,4,trac_5ms_interior,30,False,0,96,solver_failure,0,,164602481,
case_06_pre_failure_candidate_00_trac_100ms_r2,case_06_pre_failure,case_06,f69a8f1f6eef07cefc66000053424135c5ec7250cc78d7cb2319c6615f8a8060,cghik_lost,near_singular,pre_failure,95,candidate_00,"['original_focal', 'common_input_always_hard', 'common_input_full_cghik']",False,2,trac_100ms,30,False,0,96,solver_failure,0,,3019500231,
case_06_pre_failure_candidate_02_trac_100ms_r1,case_06_pre_failure,case_06,f69a8f1f6eef07cefc66000053424135c5ec7250cc78d7cb2319c6615f8a8060,cghik_lost,near_singular,pre_failure,95,candidate_02,['refined_focal'],False,1,trac_100ms,30,True,30,,,30,0.02615915924209153,12245144,successful_witnesses/case_06_pre_failure_candidate_02_trac_100ms_r1.json
case_06_pre_failure_candidate_02_trac_5ms_interior_r0,case_06_pre_failure,case_06,f69a8f1f6eef07cefc66000053424135c5ec7250cc78d7cb2319c6615f8a8060,cghik_lost,near_singular,pre_failure,95,candidate_02,['refined_focal'],False,0,trac_5ms_interior,30,True,30,,,30,0.02615915924209153,12703140,successful_witnesses/case_06_pre_failure_candidate_02_trac_5ms_interior_r0.json
case_06_pre_failure_candidate_00_trac_5ms_interior_r4,case_06_pre_failure,case_06,f69a8f1f6eef07cefc66000053424135c5ec7250cc78d7cb2319c6615f8a8060,cghik_lost,near_singular,pre_failure,95,candidate_00,"['original_focal', 'common_input_always_hard', 'common_input_full_cghik']",False,4,trac_5ms_interior,30,False,0,96,solver_failure,0,,162862313,
case_06_pre_failure_candidate_00_trac_5ms_r3,case_06_pre_failure,case_06,f69a8f1f6eef07cefc66000053424135c5ec7250cc78d7cb2319c6615f8a8060,cghik_lost,near_singular,pre_failure,95,candidate_00,"['original_focal', 'common_input_always_hard', 'common_input_full_cghik']",False,3,trac_5ms,30,False,0,96,solver_failure,0,,161540873,
case_06_pre_failure_candidate_00_trac_100ms_r4,case_06_pre_failure,case_06,f69a8f1f6eef07cefc66000053424135c5ec7250cc78d7cb2319c6615f8a8060,cghik_lost,near_singular,pre_failure,95,candidate_00,"['original_focal', 'common_input_always_hard', 'common_input_full_cghik']",False,4,trac_100ms,30,False,0,96,solver_failure,0,,3019027555,
case_06_pre_failure_candidate_01_trac_5ms_interior_r1,case_06_pre_failure,case_06,f69a8f1f6eef07cefc66000053424135c5ec7250cc78d7cb2319c6615f8a8060,cghik_lost,near_singular,pre_failure,95,candidate_01,['previous_first_dls'],True,1,trac_5ms_interior,30,False,0,96,solver_failure,0,,163071103,
case_06_pre_failure_candidate_00_trac_5ms_interior_r1,case_06_pre_failure,case_06,f69a8f1f6eef07cefc66000053424135c5ec7250cc78d7cb2319c6615f8a8060,cghik_lost,near_singular,pre_failure,95,candidate_00,"['original_focal', 'common_input_always_hard', 'common_input_full_cghik']",False,1,trac_5ms_interior,30,False,0,96,solver_failure,0,,163577831,
case_06_pre_failure_candidate_00_trac_5ms_interior_r3,case_06_pre_failure,case_06,f69a8f1f6eef07cefc66000053424135c5ec7250cc78d7cb2319c6615f8a8060,cghik_lost,near_singular,pre_failure,95,candidate_00,"['original_focal', 'common_input_always_hard', 'common_input_full_cghik']",False,3,trac_5ms_interior,30,False,0,96,solver_failure,0,,162819974,
case_06_pre_failure_candidate_00_trac_100ms_r1,case_06_pre_failure,case_06,f69a8f1f6eef07cefc66000053424135c5ec7250cc78d7cb2319c6615f8a8060,cghik_lost,near_singular,pre_failure,95,candidate_00,"['original_focal', 'common_input_always_hard', 'common_input_full_cghik']",False,1,trac_100ms,30,False,0,96,solver_failure,0,,3019034683,
case_06_pre_failure_candidate_02_trac_5ms_interior_r2,case_06_pre_failure,case_06,f69a8f1f6eef07cefc66000053424135c5ec7250cc78d7cb2319c6615f8a8060,cghik_lost,near_singular,pre_failure,95,candidate_02,['refined_focal'],False,2,trac_5ms_interior,30,True,30,,,30,0.02615915924209153,12208722,successful_witnesses/case_06_pre_failure_candidate_02_trac_5ms_interior_r2.json
case_06_pre_failure_candidate_01_trac_100ms_r0,case_06_pre_failure,case_06,f69a8f1f6eef07cefc66000053424135c5ec7250cc78d7cb2319c6615f8a8060,cghik_lost,near_singular,pre_failure,95,candidate_01,['previous_first_dls'],True,0,trac_100ms,30,False,0,96,solver_failure,0,,3019311594,
case_06_pre_failure_candidate_02_trac_5ms_r1,case_06_pre_failure,case_06,f69a8f1f6eef07cefc66000053424135c5ec7250cc78d7cb2319c6615f8a8060,cghik_lost,near_singular,pre_failure,95,candidate_02,['refined_focal'],False,1,trac_5ms,30,True,30,,,30,0.02615915924209153,12589101,successful_witnesses/case_06_pre_failure_candidate_02_trac_5ms_r1.json
case_06_pre_failure_candidate_01_trac_100ms_r4,case_06_pre_failure,case_06,f69a8f1f6eef07cefc66000053424135c5ec7250cc78d7cb2319c6615f8a8060,cghik_lost,near_singular,pre_failure,95,candidate_01,['previous_first_dls'],True,4,trac_100ms,30,False,0,96,solver_failure,0,,3020665035,
case_06_pre_failure_candidate_01_trac_100ms_r2,case_06_pre_failure,case_06,f69a8f1f6eef07cefc66000053424135c5ec7250cc78d7cb2319c6615f8a8060,cghik_lost,near_singular,pre_failure,95,candidate_01,['previous_first_dls'],True,2,trac_100ms,30,False,0,96,solver_failure,0,,3019291963,
case_06_pre_failure_candidate_02_trac_5ms_r0,case_06_pre_failure,case_06,f69a8f1f6eef07cefc66000053424135c5ec7250cc78d7cb2319c6615f8a8060,cghik_lost,near_singular,pre_failure,95,candidate_02,['refined_focal'],False,0,trac_5ms,30,True,30,,,30,0.02615915924209153,12386827,successful_witnesses/case_06_pre_failure_candidate_02_trac_5ms_r0.json
case_06_pre_failure_candidate_00_trac_5ms_r4,case_06_pre_failure,case_06,f69a8f1f6eef07cefc66000053424135c5ec7250cc78d7cb2319c6615f8a8060,cghik_lost,near_singular,pre_failure,95,candidate_00,"['original_focal', 'common_input_always_hard', 'common_input_full_cghik']",False,4,trac_5ms,30,False,0,96,solver_failure,0,,163023053,
case_06_pre_failure_candidate_00_trac_5ms_r2,case_06_pre_failure,case_06,f69a8f1f6eef07cefc66000053424135c5ec7250cc78d7cb2319c6615f8a8060,cghik_lost,near_singular,pre_failure,95,candidate_00,"['original_focal', 'common_input_always_hard', 'common_input_full_cghik']",False,2,trac_5ms,30,False,0,96,solver_failure,0,,162783317,
case_06_pre_failure_candidate_00_trac_100ms_r0,case_06_pre_failure,case_06,f69a8f1f6eef07cefc66000053424135c5ec7250cc78d7cb2319c6615f8a8060,cghik_lost,near_singular,pre_failure,95,candidate_00,"['original_focal', 'common_input_always_hard', 'common_input_full_cghik']",False,0,trac_100ms,30,False,0,96,solver_failure,0,,3019227925,
case_06_pre_failure_candidate_01_trac_5ms_r3,case_06_pre_failure,case_06,f69a8f1f6eef07cefc66000053424135c5ec7250cc78d7cb2319c6615f8a8060,cghik_lost,near_singular,pre_failure,95,candidate_01,['previous_first_dls'],True,3,trac_5ms,30,False,0,96,solver_failure,0,,163134814,
case_06_pre_failure_candidate_02_trac_5ms_r2,case_06_pre_failure,case_06,f69a8f1f6eef07cefc66000053424135c5ec7250cc78d7cb2319c6615f8a8060,cghik_lost,near_singular,pre_failure,95,candidate_02,['refined_focal'],False,2,trac_5ms,30,True,30,,,30,0.02615915924209153,13570576,successful_witnesses/case_06_pre_failure_candidate_02_trac_5ms_r2.json
case_06_pre_failure_candidate_02_trac_5ms_interior_r3,case_06_pre_failure,case_06,f69a8f1f6eef07cefc66000053424135c5ec7250cc78d7cb2319c6615f8a8060,cghik_lost,near_singular,pre_failure,95,candidate_02,['refined_focal'],False,3,trac_5ms_interior,30,True,30,,,30,0.02615915924209153,11616648,successful_witnesses/case_06_pre_failure_candidate_02_trac_5ms_interior_r3.json
case_06_pre_failure_candidate_00_trac_5ms_interior_r2,case_06_pre_failure,case_06,f69a8f1f6eef07cefc66000053424135c5ec7250cc78d7cb2319c6615f8a8060,cghik_lost,near_singular,pre_failure,95,candidate_00,"['original_focal', 'common_input_always_hard', 'common_input_full_cghik']",False,2,trac_5ms_interior,30,False,0,96,solver_failure,0,,162223686,
case_06_pre_failure_candidate_01_trac_5ms_interior_r2,case_06_pre_failure,case_06,f69a8f1f6eef07cefc66000053424135c5ec7250cc78d7cb2319c6615f8a8060,cghik_lost,near_singular,pre_failure,95,candidate_01,['previous_first_dls'],True,2,trac_5ms_interior,30,False,0,96,solver_failure,0,,163164855,
case_06_pre_failure_candidate_02_trac_5ms_r3,case_06_pre_failure,case_06,f69a8f1f6eef07cefc66000053424135c5ec7250cc78d7cb2319c6615f8a8060,cghik_lost,near_singular,pre_failure,95,candidate_02,['refined_focal'],False,3,trac_5ms,30,True,30,,,30,0.02615915924209153,11672010,successful_witnesses/case_06_pre_failure_candidate_02_trac_5ms_r3.json
case_06_pre_failure_candidate_00_trac_5ms_r1,case_06_pre_failure,case_06,f69a8f1f6eef07cefc66000053424135c5ec7250cc78d7cb2319c6615f8a8060,cghik_lost,near_singular,pre_failure,95,candidate_00,"['original_focal', 'common_input_always_hard', 'common_input_full_cghik']",False,1,trac_5ms,30,False,0,96,solver_failure,0,,162326228,
case_06_pre_failure_candidate_01_trac_100ms_r1,case_06_pre_failure,case_06,f69a8f1f6eef07cefc66000053424135c5ec7250cc78d7cb2319c6615f8a8060,cghik_lost,near_singular,pre_failure,95,candidate_01,['previous_first_dls'],True,1,trac_100ms,30,False,0,96,solver_failure,0,,3018787219,
case_06_pre_failure_candidate_01_trac_5ms_interior_r0,case_06_pre_failure,case_06,f69a8f1f6eef07cefc66000053424135c5ec7250cc78d7cb2319c6615f8a8060,cghik_lost,near_singular,pre_failure,95,candidate_01,['previous_first_dls'],True,0,trac_5ms_interior,30,False,0,96,solver_failure,0,,163608692,
case_06_pre_failure_candidate_01_trac_100ms_r3,case_06_pre_failure,case_06,f69a8f1f6eef07cefc66000053424135c5ec7250cc78d7cb2319c6615f8a8060,cghik_lost,near_singular,pre_failure,95,candidate_01,['previous_first_dls'],True,3,trac_100ms,30,False,0,96,solver_failure,0,,3019087303,
case_06_pre_failure_candidate_02_trac_5ms_interior_r1,case_06_pre_failure,case_06,f69a8f1f6eef07cefc66000053424135c5ec7250cc78d7cb2319c6615f8a8060,cghik_lost,near_singular,pre_failure,95,candidate_02,['refined_focal'],False,1,trac_5ms_interior,30,True,30,,,30,0.02615915924209153,12395817,successful_witnesses/case_06_pre_failure_candidate_02_trac_5ms_interior_r1.json
case_06_pre_failure_candidate_01_trac_5ms_interior_r3,case_06_pre_failure,case_06,f69a8f1f6eef07cefc66000053424135c5ec7250cc78d7cb2319c6615f8a8060,cghik_lost,near_singular,pre_failure,95,candidate_01,['previous_first_dls'],True,3,trac_5ms_interior,30,False,0,96,solver_failure,0,,162514265,
case_06_pre_failure_candidate_00_trac_5ms_interior_r0,case_06_pre_failure,case_06,f69a8f1f6eef07cefc66000053424135c5ec7250cc78d7cb2319c6615f8a8060,cghik_lost,near_singular,pre_failure,95,candidate_00,"['original_focal', 'common_input_always_hard', 'common_input_full_cghik']",False,0,trac_5ms_interior,30,False,0,96,solver_failure,0,,162571724,
case_06_pre_failure_candidate_02_trac_5ms_r4,case_06_pre_failure,case_06,f69a8f1f6eef07cefc66000053424135c5ec7250cc78d7cb2319c6615f8a8060,cghik_lost,near_singular,pre_failure,95,candidate_02,['refined_focal'],False,4,trac_5ms,30,True,30,,,30,0.02615915924209153,12071860,successful_witnesses/case_06_pre_failure_candidate_02_trac_5ms_r4.json
case_06_pre_failure_candidate_02_trac_100ms_r4,case_06_pre_failure,case_06,f69a8f1f6eef07cefc66000053424135c5ec7250cc78d7cb2319c6615f8a8060,cghik_lost,near_singular,pre_failure,95,candidate_02,['refined_focal'],False,4,trac_100ms,30,True,30,,,30,0.02615915924209153,12356388,successful_witnesses/case_06_pre_failure_candidate_02_trac_100ms_r4.json
case_06_pre_failure_candidate_02_trac_100ms_r2,case_06_pre_failure,case_06,f69a8f1f6eef07cefc66000053424135c5ec7250cc78d7cb2319c6615f8a8060,cghik_lost,near_singular,pre_failure,95,candidate_02,['refined_focal'],False,2,trac_100ms,30,True,30,,,30,0.02615915924209153,11105943,successful_witnesses/case_06_pre_failure_candidate_02_trac_100ms_r2.json
case_07_first_divergence_candidate_03_trac_5ms_r2,case_07_first_divergence,case_07,4cc5ef5c4c9aa6bf49a51ea1b0c183d22a3ad3076219f3fdaaa33a4c97b7085d,successful_control,near_singular,initial_control,0,candidate_03,['offline_reference'],False,2,trac_5ms,30,True,30,,,30,0.03964436781321731,12291162,successful_witnesses/case_07_first_divergence_candidate_03_trac_5ms_r2.json
case_07_first_divergence_candidate_01_trac_5ms_r2,case_07_first_divergence,case_07,4cc5ef5c4c9aa6bf49a51ea1b0c183d22a3ad3076219f3fdaaa33a4c97b7085d,successful_control,near_singular,initial_control,0,candidate_01,"['original_full_cghik', 'common_input_full_cghik', 'previous_first_dls']",True,2,trac_5ms,30,True,30,,,30,0.039644342657165016,11512065,successful_witnesses/case_07_first_divergence_candidate_01_trac_5ms_r2.json
case_07_first_divergence_candidate_00_trac_5ms_r4,case_07_first_divergence,case_07,4cc5ef5c4c9aa6bf49a51ea1b0c183d22a3ad3076219f3fdaaa33a4c97b7085d,successful_control,near_singular,initial_control,0,candidate_00,"['original_focal', 'common_input_always_hard']",False,4,trac_5ms,30,True,30,,,30,0.03964422112795549,11213092,successful_witnesses/case_07_first_divergence_candidate_00_trac_5ms_r4.json
case_07_first_divergence_candidate_00_trac_5ms_r1,case_07_first_divergence,case_07,4cc5ef5c4c9aa6bf49a51ea1b0c183d22a3ad3076219f3fdaaa33a4c97b7085d,successful_control,near_singular,initial_control,0,candidate_00,"['original_focal', 'common_input_always_hard']",False,1,trac_5ms,30,True,30,,,30,0.03964422112795549,11228046,successful_witnesses/case_07_first_divergence_candidate_00_trac_5ms_r1.json
case_07_first_divergence_candidate_01_trac_5ms_r0,case_07_first_divergence,case_07,4cc5ef5c4c9aa6bf49a51ea1b0c183d22a3ad3076219f3fdaaa33a4c97b7085d,successful_control,near_singular,initial_control,0,candidate_01,"['original_full_cghik', 'common_input_full_cghik', 'previous_first_dls']",True,0,trac_5ms,30,True,30,,,30,0.03964434455442942,14767243,successful_witnesses/case_07_first_divergence_candidate_01_trac_5ms_r0.json
case_07_first_divergence_candidate_00_trac_5ms_r3,case_07_first_divergence,case_07,4cc5ef5c4c9aa6bf49a51ea1b0c183d22a3ad3076219f3fdaaa33a4c97b7085d,successful_control,near_singular,initial_control,0,candidate_00,"['original_focal', 'common_input_always_hard']",False,3,trac_5ms,30,True,30,,,30,0.03964422112795549,11409908,successful_witnesses/case_07_first_divergence_candidate_00_trac_5ms_r3.json
case_07_first_divergence_candidate_02_trac_5ms_r4,case_07_first_divergence,case_07,4cc5ef5c4c9aa6bf49a51ea1b0c183d22a3ad3076219f3fdaaa33a4c97b7085d,successful_control,near_singular,initial_control,0,candidate_02,"['original_trac_ik_5ms', 'common_input_trac_0', 'common_input_trac_1', 'common_input_trac_2', 'common_input_trac_3', 'common_input_trac_4']",False,4,trac_5ms,30,True,30,,,30,0.03964434265680036,11606002,successful_witnesses/case_07_first_divergence_candidate_02_trac_5ms_r4.json
case_07_first_divergence_candidate_03_trac_5ms_r3,case_07_first_divergence,case_07,4cc5ef5c4c9aa6bf49a51ea1b0c183d22a3ad3076219f3fdaaa33a4c97b7085d,successful_control,near_singular,initial_control,0,candidate_03,['offline_reference'],False,3,trac_5ms,30,True,30,,,30,0.039644367848620216,11368309,successful_witnesses/case_07_first_divergence_candidate_03_trac_5ms_r3.json
case_07_first_divergence_candidate_04_trac_5ms_r2,case_07_first_divergence,case_07,4cc5ef5c4c9aa6bf49a51ea1b0c183d22a3ad3076219f3fdaaa33a4c97b7085d,successful_control,near_singular,initial_control,0,candidate_04,['refined_focal'],False,2,trac_5ms,30,True,30,,,30,0.03964421922605513,11148845,successful_witnesses/case_07_first_divergence_candidate_04_trac_5ms_r2.json
case_07_first_divergence_candidate_00_trac_5ms_r2,case_07_first_divergence,case_07,4cc5ef5c4c9aa6bf49a51ea1b0c183d22a3ad3076219f3fdaaa33a4c97b7085d,successful_control,near_singular,initial_control,0,candidate_00,"['original_focal', 'common_input_always_hard']",False,2,trac_5ms,30,True,30,,,30,0.03964422112795549,11597032,successful_witnesses/case_07_first_divergence_candidate_00_trac_5ms_r2.json
case_07_first_divergence_candidate_04_trac_5ms_r0,case_07_first_divergence,case_07,4cc5ef5c4c9aa6bf49a51ea1b0c183d22a3ad3076219f3fdaaa33a4c97b7085d,successful_control,near_singular,initial_control,0,candidate_04,['refined_focal'],False,0,trac_5ms,30,True,30,,,30,0.03964421922605513,11050152,successful_witnesses/case_07_first_divergence_candidate_04_trac_5ms_r0.json
case_07_first_divergence_candidate_04_trac_5ms_r3,case_07_first_divergence,case_07,4cc5ef5c4c9aa6bf49a51ea1b0c183d22a3ad3076219f3fdaaa33a4c97b7085d,successful_control,near_singular,initial_control,0,candidate_04,['refined_focal'],False,3,trac_5ms,30,True,30,,,30,0.03964421926154579,11729244,successful_witnesses/case_07_first_divergence_candidate_04_trac_5ms_r3.json
case_07_first_divergence_candidate_02_trac_5ms_r3,case_07_first_divergence,case_07,4cc5ef5c4c9aa6bf49a51ea1b0c183d22a3ad3076219f3fdaaa33a4c97b7085d,successful_control,near_singular,initial_control,0,candidate_02,"['original_trac_ik_5ms', 'common_input_trac_0', 'common_input_trac_1', 'common_input_trac_2', 'common_input_trac_3', 'common_input_trac_4']",False,3,trac_5ms,30,True,30,,,30,0.03964434265680036,12011613,successful_witnesses/case_07_first_divergence_candidate_02_trac_5ms_r3.json
case_07_first_divergence_candidate_02_trac_5ms_r1,case_07_first_divergence,case_07,4cc5ef5c4c9aa6bf49a51ea1b0c183d22a3ad3076219f3fdaaa33a4c97b7085d,successful_control,near_singular,initial_control,0,candidate_02,"['original_trac_ik_5ms', 'common_input_trac_0', 'common_input_trac_1', 'common_input_trac_2', 'common_input_trac_3', 'common_input_trac_4']",False,1,trac_5ms,30,True,30,,,30,0.03964434265680036,10970081,successful_witnesses/case_07_first_divergence_candidate_02_trac_5ms_r1.json
case_07_first_divergence_candidate_04_trac_5ms_r1,case_07_first_divergence,case_07,4cc5ef5c4c9aa6bf49a51ea1b0c183d22a3ad3076219f3fdaaa33a4c97b7085d,successful_control,near_singular,initial_control,0,candidate_04,['refined_focal'],False,1,trac_5ms,30,True,30,,,30,0.03964421922605513,11123784,successful_witnesses/case_07_first_divergence_candidate_04_trac_5ms_r1.json
case_07_first_divergence_candidate_01_trac_5ms_r1,case_07_first_divergence,case_07,4cc5ef5c4c9aa6bf49a51ea1b0c183d22a3ad3076219f3fdaaa33a4c97b7085d,successful_control,near_singular,initial_control,0,candidate_01,"['original_full_cghik', 'common_input_full_cghik', 'previous_first_dls']",True,1,trac_5ms,30,True,30,,,30,0.039644342657165016,12010385,successful_witnesses/case_07_first_divergence_candidate_01_trac_5ms_r1.json
case_07_first_divergence_candidate_03_trac_5ms_r0,case_07_first_divergence,case_07,4cc5ef5c4c9aa6bf49a51ea1b0c183d22a3ad3076219f3fdaaa33a4c97b7085d,successful_control,near_singular,initial_control,0,candidate_03,['offline_reference'],False,0,trac_5ms,30,True,30,,,30,0.03964436781321731,11153552,successful_witnesses/case_07_first_divergence_candidate_03_trac_5ms_r0.json
case_07_first_divergence_candidate_03_trac_5ms_r4,case_07_first_divergence,case_07,4cc5ef5c4c9aa6bf49a51ea1b0c183d22a3ad3076219f3fdaaa33a4c97b7085d,successful_control,near_singular,initial_control,0,candidate_03,['offline_reference'],False,4,trac_5ms,30,True,30,,,30,0.03964436781321731,11233000,successful_witnesses/case_07_first_divergence_candidate_03_trac_5ms_r4.json
case_07_first_divergence_candidate_00_trac_5ms_r0,case_07_first_divergence,case_07,4cc5ef5c4c9aa6bf49a51ea1b0c183d22a3ad3076219f3fdaaa33a4c97b7085d,successful_control,near_singular,initial_control,0,candidate_00,"['original_focal', 'common_input_always_hard']",False,0,trac_5ms,30,True,30,,,30,0.03964422112795549,11081802,successful_witnesses/case_07_first_divergence_candidate_00_trac_5ms_r0.json
case_07_first_divergence_candidate_02_trac_5ms_r2,case_07_first_divergence,case_07,4cc5ef5c4c9aa6bf49a51ea1b0c183d22a3ad3076219f3fdaaa33a4c97b7085d,successful_control,near_singular,initial_control,0,candidate_02,"['original_trac_ik_5ms', 'common_input_trac_0', 'common_input_trac_1', 'common_input_trac_2', 'common_input_trac_3', 'common_input_trac_4']",False,2,trac_5ms,30,True,30,,,30,0.03964434267150016,11123840,successful_witnesses/case_07_first_divergence_candidate_02_trac_5ms_r2.json
case_07_first_divergence_candidate_03_trac_5ms_r1,case_07_first_divergence,case_07,4cc5ef5c4c9aa6bf49a51ea1b0c183d22a3ad3076219f3fdaaa33a4c97b7085d,successful_control,near_singular,initial_control,0,candidate_03,['offline_reference'],False,1,trac_5ms,30,True,30,,,30,0.03964436781321731,11178031,successful_witnesses/case_07_first_divergence_candidate_03_trac_5ms_r1.json
case_07_first_divergence_candidate_04_trac_5ms_r4,case_07_first_divergence,case_07,4cc5ef5c4c9aa6bf49a51ea1b0c183d22a3ad3076219f3fdaaa33a4c97b7085d,successful_control,near_singular,initial_control,0,candidate_04,['refined_focal'],False,4,trac_5ms,30,True,30,,,30,0.03964421922605513,11114980,successful_witnesses/case_07_first_divergence_candidate_04_trac_5ms_r4.json
case_07_first_divergence_candidate_01_trac_5ms_r4,case_07_first_divergence,case_07,4cc5ef5c4c9aa6bf49a51ea1b0c183d22a3ad3076219f3fdaaa33a4c97b7085d,successful_control,near_singular,initial_control,0,candidate_01,"['original_full_cghik', 'common_input_full_cghik', 'previous_first_dls']",True,4,trac_5ms,30,True,30,,,30,0.039644342657165016,11569337,successful_witnesses/case_07_first_divergence_candidate_01_trac_5ms_r4.json
case_07_first_divergence_candidate_01_trac_5ms_r3,case_07_first_divergence,case_07,4cc5ef5c4c9aa6bf49a51ea1b0c183d22a3ad3076219f3fdaaa33a4c97b7085d,successful_control,near_singular,initial_control,0,candidate_01,"['original_full_cghik', 'common_input_full_cghik', 'previous_first_dls']",True,3,trac_5ms,30,True,30,,,30,0.03964434269259662,11015623,successful_witnesses/case_07_first_divergence_candidate_01_trac_5ms_r3.json
case_07_first_divergence_candidate_02_trac_5ms_r0,case_07_first_divergence,case_07,4cc5ef5c4c9aa6bf49a51ea1b0c183d22a3ad3076219f3fdaaa33a4c97b7085d,successful_control,near_singular,initial_control,0,candidate_02,"['original_trac_ik_5ms', 'common_input_trac_0', 'common_input_trac_1', 'common_input_trac_2', 'common_input_trac_3', 'common_input_trac_4']",False,0,trac_5ms,30,True,30,,,30,0.03964434265680036,11343453,successful_witnesses/case_07_first_divergence_candidate_02_trac_5ms_r0.json
case_07_pre_failure_candidate_02_trac_5ms_r4,case_07_pre_failure,case_07,4cc5ef5c4c9aa6bf49a51ea1b0c183d22a3ad3076219f3fdaaa33a4c97b7085d,successful_control,near_singular,matched_control,90,candidate_02,['original_trac_ik_5ms'],False,4,trac_5ms,30,True,30,,,30,0.031310206400592816,11552036,successful_witnesses/case_07_pre_failure_candidate_02_trac_5ms_r4.json
case_07_pre_failure_candidate_06_trac_5ms_r3,case_07_pre_failure,case_07,4cc5ef5c4c9aa6bf49a51ea1b0c183d22a3ad3076219f3fdaaa33a4c97b7085d,successful_control,near_singular,matched_control,90,candidate_06,['refined_focal'],False,3,trac_5ms,30,True,30,,,30,0.03143143139735119,11533150,successful_witnesses/case_07_pre_failure_candidate_06_trac_5ms_r3.json
case_07_pre_failure_candidate_04_trac_5ms_r2,case_07_pre_failure,case_07,4cc5ef5c4c9aa6bf49a51ea1b0c183d22a3ad3076219f3fdaaa33a4c97b7085d,successful_control,near_singular,matched_control,90,candidate_04,"['common_input_trac_0', 'common_input_trac_1', 'common_input_trac_2', 'common_input_trac_3', 'common_input_trac_4']",False,2,trac_5ms,30,True,30,,,30,0.03133733480687664,11488405,successful_witnesses/case_07_pre_failure_candidate_04_trac_5ms_r2.json
case_07_pre_failure_candidate_05_trac_5ms_interior_r2,case_07_pre_failure,case_07,4cc5ef5c4c9aa6bf49a51ea1b0c183d22a3ad3076219f3fdaaa33a4c97b7085d,successful_control,near_singular,matched_control,90,candidate_05,['previous_first_dls'],True,2,trac_5ms_interior,30,True,30,,,30,0.029033575624938385,11756511,successful_witnesses/case_07_pre_failure_candidate_05_trac_5ms_interior_r2.json
case_07_pre_failure_candidate_05_trac_5ms_r4,case_07_pre_failure,case_07,4cc5ef5c4c9aa6bf49a51ea1b0c183d22a3ad3076219f3fdaaa33a4c97b7085d,successful_control,near_singular,matched_control,90,candidate_05,['previous_first_dls'],True,4,trac_5ms,30,True,30,,,30,0.029033575624938385,11298639,successful_witnesses/case_07_pre_failure_candidate_05_trac_5ms_r4.json
case_07_pre_failure_candidate_00_trac_5ms_interior_r3,case_07_pre_failure,case_07,4cc5ef5c4c9aa6bf49a51ea1b0c183d22a3ad3076219f3fdaaa33a4c97b7085d,successful_control,near_singular,matched_control,90,candidate_00,"['original_focal', 'common_input_always_hard']",False,3,trac_5ms_interior,30,True,30,,,30,0.031431422688876914,11684720,successful_witnesses/case_07_pre_failure_candidate_00_trac_5ms_interior_r3.json
case_07_pre_failure_candidate_00_trac_100ms_r4,case_07_pre_failure,case_07,4cc5ef5c4c9aa6bf49a51ea1b0c183d22a3ad3076219f3fdaaa33a4c97b7085d,successful_control,near_singular,matched_control,90,candidate_00,"['original_focal', 'common_input_always_hard']",False,4,trac_100ms,30,True,30,,,30,0.031431422688876914,11633030,successful_witnesses/case_07_pre_failure_candidate_00_trac_100ms_r4.json
case_07_pre_failure_candidate_00_trac_5ms_r1,case_07_pre_failure,case_07,4cc5ef5c4c9aa6bf49a51ea1b0c183d22a3ad3076219f3fdaaa33a4c97b7085d,successful_control,near_singular,matched_control,90,candidate_00,"['original_focal', 'common_input_always_hard']",False,1,trac_5ms,30,True,30,,,30,0.031431422688876914,11400127,successful_witnesses/case_07_pre_failure_candidate_00_trac_5ms_r1.json
case_07_pre_failure_candidate_04_trac_5ms_r0,case_07_pre_failure,case_07,4cc5ef5c4c9aa6bf49a51ea1b0c183d22a3ad3076219f3fdaaa33a4c97b7085d,successful_control,near_singular,matched_control,90,candidate_04,"['common_input_trac_0', 'common_input_trac_1', 'common_input_trac_2', 'common_input_trac_3', 'common_input_trac_4']",False,0,trac_5ms,30,True,30,,,30,0.03133733480687664,11426517,successful_witnesses/case_07_pre_failure_candidate_04_trac_5ms_r0.json
case_07_pre_failure_candidate_00_trac_5ms_r4,case_07_pre_failure,case_07,4cc5ef5c4c9aa6bf49a51ea1b0c183d22a3ad3076219f3fdaaa33a4c97b7085d,successful_control,near_singular,matched_control,90,candidate_00,"['original_focal', 'common_input_always_hard']",False,4,trac_5ms,30,True,30,,,30,0.031431422688876914,11797661,successful_witnesses/case_07_pre_failure_candidate_00_trac_5ms_r4.json
case_07_pre_failure_candidate_06_trac_100ms_r1,case_07_pre_failure,case_07,4cc5ef5c4c9aa6bf49a51ea1b0c183d22a3ad3076219f3fdaaa33a4c97b7085d,successful_control,near_singular,matched_control,90,candidate_06,['refined_focal'],False,1,trac_100ms,30,True,30,,,30,0.03143143139735119,11644835,successful_witnesses/case_07_pre_failure_candidate_06_trac_100ms_r1.json
case_07_pre_failure_candidate_05_trac_5ms_interior_r3,case_07_pre_failure,case_07,4cc5ef5c4c9aa6bf49a51ea1b0c183d22a3ad3076219f3fdaaa33a4c97b7085d,successful_control,near_singular,matched_control,90,candidate_05,['previous_first_dls'],True,3,trac_5ms_interior,30,True,30,,,30,0.029033575624938385,12314214,successful_witnesses/case_07_pre_failure_candidate_05_trac_5ms_interior_r3.json
case_07_pre_failure_candidate_05_trac_5ms_interior_r1,case_07_pre_failure,case_07,4cc5ef5c4c9aa6bf49a51ea1b0c183d22a3ad3076219f3fdaaa33a4c97b7085d,successful_control,near_singular,matched_control,90,candidate_05,['previous_first_dls'],True,1,trac_5ms_interior,30,True,30,,,30,0.029033575624938385,11685110,successful_witnesses/case_07_pre_failure_candidate_05_trac_5ms_interior_r1.json
case_07_pre_failure_candidate_06_trac_5ms_r2,case_07_pre_failure,case_07,4cc5ef5c4c9aa6bf49a51ea1b0c183d22a3ad3076219f3fdaaa33a4c97b7085d,successful_control,near_singular,matched_control,90,candidate_06,['refined_focal'],False,2,trac_5ms,30,True,30,,,30,0.03143143139735119,11401760,successful_witnesses/case_07_pre_failure_candidate_06_trac_5ms_r2.json
case_07_pre_failure_candidate_03_trac_5ms_r2,case_07_pre_failure,case_07,4cc5ef5c4c9aa6bf49a51ea1b0c183d22a3ad3076219f3fdaaa33a4c97b7085d,successful_control,near_singular,matched_control,90,candidate_03,['common_input_full_cghik'],False,2,trac_5ms,30,True,30,,,30,0.031431217901420255,11604531,successful_witnesses/case_07_pre_failure_candidate_03_trac_5ms_r2.json
case_07_pre_failure_candidate_06_trac_5ms_interior_r4,case_07_pre_failure,case_07,4cc5ef5c4c9aa6bf49a51ea1b0c183d22a3ad3076219f3fdaaa33a4c97b7085d,successful_control,near_singular,matched_control,90,candidate_06,['refined_focal'],False,4,trac_5ms_interior,30,True,30,,,30,0.03143143139735119,11663289,successful_witnesses/case_07_pre_failure_candidate_06_trac_5ms_interior_r4.json
case_07_pre_failure_candidate_06_trac_5ms_interior_r2,case_07_pre_failure,case_07,4cc5ef5c4c9aa6bf49a51ea1b0c183d22a3ad3076219f3fdaaa33a4c97b7085d,successful_control,near_singular,matched_control,90,candidate_06,['refined_focal'],False,2,trac_5ms_interior,30,True,30,,,30,0.03143143139735119,12113484,successful_witnesses/case_07_pre_failure_candidate_06_trac_5ms_interior_r2.json
case_07_pre_failure_candidate_03_trac_5ms_r1,case_07_pre_failure,case_07,4cc5ef5c4c9aa6bf49a51ea1b0c183d22a3ad3076219f3fdaaa33a4c97b7085d,successful_control,near_singular,matched_control,90,candidate_03,['common_input_full_cghik'],False,1,trac_5ms,30,True,30,,,30,0.031431217901420255,11504478,successful_witnesses/case_07_pre_failure_candidate_03_trac_5ms_r1.json
case_07_pre_failure_candidate_05_trac_5ms_r3,case_07_pre_failure,case_07,4cc5ef5c4c9aa6bf49a51ea1b0c183d22a3ad3076219f3fdaaa33a4c97b7085d,successful_control,near_singular,matched_control,90,candidate_05,['previous_first_dls'],True,3,trac_5ms,30,True,30,,,30,0.029033575624938385,11502087,successful_witnesses/case_07_pre_failure_candidate_05_trac_5ms_r3.json
case_07_pre_failure_candidate_04_trac_5ms_r1,case_07_pre_failure,case_07,4cc5ef5c4c9aa6bf49a51ea1b0c183d22a3ad3076219f3fdaaa33a4c97b7085d,successful_control,near_singular,matched_control,90,candidate_04,"['common_input_trac_0', 'common_input_trac_1', 'common_input_trac_2', 'common_input_trac_3', 'common_input_trac_4']",False,1,trac_5ms,30,True,30,,,30,0.03133733480687664,11582662,successful_witnesses/case_07_pre_failure_candidate_04_trac_5ms_r1.json
case_07_pre_failure_candidate_02_trac_5ms_r0,case_07_pre_failure,case_07,4cc5ef5c4c9aa6bf49a51ea1b0c183d22a3ad3076219f3fdaaa33a4c97b7085d,successful_control,near_singular,matched_control,90,candidate_02,['original_trac_ik_5ms'],False,0,trac_5ms,30,True,30,,,30,0.031310206400592816,11462562,successful_witnesses/case_07_pre_failure_candidate_02_trac_5ms_r0.json
case_07_pre_failure_candidate_03_trac_5ms_r3,case_07_pre_failure,case_07,4cc5ef5c4c9aa6bf49a51ea1b0c183d22a3ad3076219f3fdaaa33a4c97b7085d,successful_control,near_singular,matched_control,90,candidate_03,['common_input_full_cghik'],False,3,trac_5ms,30,True,30,,,30,0.031431217901420255,11557786,successful_witnesses/case_07_pre_failure_candidate_03_trac_5ms_r3.json
case_07_pre_failure_candidate_00_trac_100ms_r0,case_07_pre_failure,case_07,4cc5ef5c4c9aa6bf49a51ea1b0c183d22a3ad3076219f3fdaaa33a4c97b7085d,successful_control,near_singular,matched_control,90,candidate_00,"['original_focal', 'common_input_always_hard']",False,0,trac_100ms,30,True,30,,,30,0.031431422688876914,11604091,successful_witnesses/case_07_pre_failure_candidate_00_trac_100ms_r0.json
case_07_pre_failure_candidate_06_trac_5ms_interior_r3,case_07_pre_failure,case_07,4cc5ef5c4c9aa6bf49a51ea1b0c183d22a3ad3076219f3fdaaa33a4c97b7085d,successful_control,near_singular,matched_control,90,candidate_06,['refined_focal'],False,3,trac_5ms_interior,30,True,30,,,30,0.03143143139735119,11720525,successful_witnesses/case_07_pre_failure_candidate_06_trac_5ms_interior_r3.json
case_07_pre_failure_candidate_05_trac_5ms_r2,case_07_pre_failure,case_07,4cc5ef5c4c9aa6bf49a51ea1b0c183d22a3ad3076219f3fdaaa33a4c97b7085d,successful_control,near_singular,matched_control,90,candidate_05,['previous_first_dls'],True,2,trac_5ms,30,True,30,,,30,0.029033575624938385,11316178,successful_witnesses/case_07_pre_failure_candidate_05_trac_5ms_r2.json
case_07_pre_failure_candidate_02_trac_5ms_r2,case_07_pre_failure,case_07,4cc5ef5c4c9aa6bf49a51ea1b0c183d22a3ad3076219f3fdaaa33a4c97b7085d,successful_control,near_singular,matched_control,90,candidate_02,['original_trac_ik_5ms'],False,2,trac_5ms,30,True,30,,,30,0.031310206400592816,12061862,successful_witnesses/case_07_pre_failure_candidate_02_trac_5ms_r2.json
case_07_pre_failure_candidate_05_trac_100ms_r2,case_07_pre_failure,case_07,4cc5ef5c4c9aa6bf49a51ea1b0c183d22a3ad3076219f3fdaaa33a4c97b7085d,successful_control,near_singular,matched_control,90,candidate_05,['previous_first_dls'],True,2,trac_100ms,30,True,30,,,30,0.029033575624938385,11415759,successful_witnesses/case_07_pre_failure_candidate_05_trac_100ms_r2.json
case_07_pre_failure_candidate_00_trac_5ms_r0,case_07_pre_failure,case_07,4cc5ef5c4c9aa6bf49a51ea1b0c183d22a3ad3076219f3fdaaa33a4c97b7085d,successful_control,near_singular,matched_control,90,candidate_00,"['original_focal', 'common_input_always_hard']",False,0,trac_5ms,30,True,30,,,30,0.031431422688876914,11071915,successful_witnesses/case_07_pre_failure_candidate_00_trac_5ms_r0.json
case_07_pre_failure_candidate_00_trac_5ms_interior_r1,case_07_pre_failure,case_07,4cc5ef5c4c9aa6bf49a51ea1b0c183d22a3ad3076219f3fdaaa33a4c97b7085d,successful_control,near_singular,matched_control,90,candidate_00,"['original_focal', 'common_input_always_hard']",False,1,trac_5ms_interior,30,True,30,,,30,0.031431422688876914,11871167,successful_witnesses/case_07_pre_failure_candidate_00_trac_5ms_interior_r1.json
case_07_pre_failure_candidate_01_trac_5ms_r1,case_07_pre_failure,case_07,4cc5ef5c4c9aa6bf49a51ea1b0c183d22a3ad3076219f3fdaaa33a4c97b7085d,successful_control,near_singular,matched_control,90,candidate_01,['original_full_cghik'],False,1,trac_5ms,30,True,30,,,30,0.031405802131505595,11747496,successful_witnesses/case_07_pre_failure_candidate_01_trac_5ms_r1.json
case_07_pre_failure_candidate_05_trac_5ms_interior_r4,case_07_pre_failure,case_07,4cc5ef5c4c9aa6bf49a51ea1b0c183d22a3ad3076219f3fdaaa33a4c97b7085d,successful_control,near_singular,matched_control,90,candidate_05,['previous_first_dls'],True,4,trac_5ms_interior,30,True,30,,,30,0.029033575624938385,11665076,successful_witnesses/case_07_pre_failure_candidate_05_trac_5ms_interior_r4.json
case_07_pre_failure_candidate_05_trac_100ms_r0,case_07_pre_failure,case_07,4cc5ef5c4c9aa6bf49a51ea1b0c183d22a3ad3076219f3fdaaa33a4c97b7085d,successful_control,near_singular,matched_control,90,candidate_05,['previous_first_dls'],True,0,trac_100ms,30,True,30,,,30,0.029033575624938385,11655603,successful_witnesses/case_07_pre_failure_candidate_05_trac_100ms_r0.json
case_07_pre_failure_candidate_01_trac_5ms_r3,case_07_pre_failure,case_07,4cc5ef5c4c9aa6bf49a51ea1b0c183d22a3ad3076219f3fdaaa33a4c97b7085d,successful_control,near_singular,matched_control,90,candidate_01,['original_full_cghik'],False,3,trac_5ms,30,True,30,,,30,0.031405802131505595,11328477,successful_witnesses/case_07_pre_failure_candidate_01_trac_5ms_r3.json
case_07_pre_failure_candidate_00_trac_100ms_r2,case_07_pre_failure,case_07,4cc5ef5c4c9aa6bf49a51ea1b0c183d22a3ad3076219f3fdaaa33a4c97b7085d,successful_control,near_singular,matched_control,90,candidate_00,"['original_focal', 'common_input_always_hard']",False,2,trac_100ms,30,True,30,,,30,0.031431422688876914,11164815,successful_witnesses/case_07_pre_failure_candidate_00_trac_100ms_r2.json
case_07_pre_failure_candidate_06_trac_100ms_r4,case_07_pre_failure,case_07,4cc5ef5c4c9aa6bf49a51ea1b0c183d22a3ad3076219f3fdaaa33a4c97b7085d,successful_control,near_singular,matched_control,90,candidate_06,['refined_focal'],False,4,trac_100ms,30,True,30,,,30,0.03143143139735119,11692288,successful_witnesses/case_07_pre_failure_candidate_06_trac_100ms_r4.json
case_07_pre_failure_candidate_00_trac_100ms_r3,case_07_pre_failure,case_07,4cc5ef5c4c9aa6bf49a51ea1b0c183d22a3ad3076219f3fdaaa33a4c97b7085d,successful_control,near_singular,matched_control,90,candidate_00,"['original_focal', 'common_input_always_hard']",False,3,trac_100ms,30,True,30,,,30,0.031431422688876914,11451459,successful_witnesses/case_07_pre_failure_candidate_00_trac_100ms_r3.json
case_07_pre_failure_candidate_01_trac_5ms_r0,case_07_pre_failure,case_07,4cc5ef5c4c9aa6bf49a51ea1b0c183d22a3ad3076219f3fdaaa33a4c97b7085d,successful_control,near_singular,matched_control,90,candidate_01,['original_full_cghik'],False,0,trac_5ms,30,True,30,,,30,0.031405802131505595,11174184,successful_witnesses/case_07_pre_failure_candidate_01_trac_5ms_r0.json
case_07_pre_failure_candidate_02_trac_5ms_r3,case_07_pre_failure,case_07,4cc5ef5c4c9aa6bf49a51ea1b0c183d22a3ad3076219f3fdaaa33a4c97b7085d,successful_control,near_singular,matched_control,90,candidate_02,['original_trac_ik_5ms'],False,3,trac_5ms,30,True,30,,,30,0.031310206400592816,11371828,successful_witnesses/case_07_pre_failure_candidate_02_trac_5ms_r3.json
case_07_pre_failure_candidate_01_trac_5ms_r4,case_07_pre_failure,case_07,4cc5ef5c4c9aa6bf49a51ea1b0c183d22a3ad3076219f3fdaaa33a4c97b7085d,successful_control,near_singular,matched_control,90,candidate_01,['original_full_cghik'],False,4,trac_5ms,30,True,30,,,30,0.031405802131505595,11529908,successful_witnesses/case_07_pre_failure_candidate_01_trac_5ms_r4.json
case_07_pre_failure_candidate_05_trac_100ms_r1,case_07_pre_failure,case_07,4cc5ef5c4c9aa6bf49a51ea1b0c183d22a3ad3076219f3fdaaa33a4c97b7085d,successful_control,near_singular,matched_control,90,candidate_05,['previous_first_dls'],True,1,trac_100ms,30,True,30,,,30,0.029033575624938385,11783278,successful_witnesses/case_07_pre_failure_candidate_05_trac_100ms_r1.json
case_07_pre_failure_candidate_04_trac_5ms_r4,case_07_pre_failure,case_07,4cc5ef5c4c9aa6bf49a51ea1b0c183d22a3ad3076219f3fdaaa33a4c97b7085d,successful_control,near_singular,matched_control,90,candidate_04,"['common_input_trac_0', 'common_input_trac_1', 'common_input_trac_2', 'common_input_trac_3', 'common_input_trac_4']",False,4,trac_5ms,30,True,30,,,30,0.03133733480687664,11414982,successful_witnesses/case_07_pre_failure_candidate_04_trac_5ms_r4.json
case_07_pre_failure_candidate_03_trac_5ms_r0,case_07_pre_failure,case_07,4cc5ef5c4c9aa6bf49a51ea1b0c183d22a3ad3076219f3fdaaa33a4c97b7085d,successful_control,near_singular,matched_control,90,candidate_03,['common_input_full_cghik'],False,0,trac_5ms,30,True,30,,,30,0.031431217901420255,11282834,successful_witnesses/case_07_pre_failure_candidate_03_trac_5ms_r0.json
case_07_pre_failure_candidate_00_trac_5ms_r3,case_07_pre_failure,case_07,4cc5ef5c4c9aa6bf49a51ea1b0c183d22a3ad3076219f3fdaaa33a4c97b7085d,successful_control,near_singular,matched_control,90,candidate_00,"['original_focal', 'common_input_always_hard']",False,3,trac_5ms,30,True,30,,,30,0.031431422688876914,11896634,successful_witnesses/case_07_pre_failure_candidate_00_trac_5ms_r3.json
case_07_pre_failure_candidate_06_trac_5ms_r4,case_07_pre_failure,case_07,4cc5ef5c4c9aa6bf49a51ea1b0c183d22a3ad3076219f3fdaaa33a4c97b7085d,successful_control,near_singular,matched_control,90,candidate_06,['refined_focal'],False,4,trac_5ms,30,True,30,,,30,0.03143143139735119,11276757,successful_witnesses/case_07_pre_failure_candidate_06_trac_5ms_r4.json
case_07_pre_failure_candidate_06_trac_100ms_r3,case_07_pre_failure,case_07,4cc5ef5c4c9aa6bf49a51ea1b0c183d22a3ad3076219f3fdaaa33a4c97b7085d,successful_control,near_singular,matched_control,90,candidate_06,['refined_focal'],False,3,trac_100ms,30,True,30,,,30,0.03143143139735119,11391564,successful_witnesses/case_07_pre_failure_candidate_06_trac_100ms_r3.json
case_07_pre_failure_candidate_00_trac_100ms_r1,case_07_pre_failure,case_07,4cc5ef5c4c9aa6bf49a51ea1b0c183d22a3ad3076219f3fdaaa33a4c97b7085d,successful_control,near_singular,matched_control,90,candidate_00,"['original_focal', 'common_input_always_hard']",False,1,trac_100ms,30,True,30,,,30,0.031431422688876914,11511074,successful_witnesses/case_07_pre_failure_candidate_00_trac_100ms_r1.json
case_07_pre_failure_candidate_05_trac_5ms_r1,case_07_pre_failure,case_07,4cc5ef5c4c9aa6bf49a51ea1b0c183d22a3ad3076219f3fdaaa33a4c97b7085d,successful_control,near_singular,matched_control,90,candidate_05,['previous_first_dls'],True,1,trac_5ms,30,True,30,,,30,0.029033575624938385,11640163,successful_witnesses/case_07_pre_failure_candidate_05_trac_5ms_r1.json
case_07_pre_failure_candidate_06_trac_5ms_interior_r1,case_07_pre_failure,case_07,4cc5ef5c4c9aa6bf49a51ea1b0c183d22a3ad3076219f3fdaaa33a4c97b7085d,successful_control,near_singular,matched_control,90,candidate_06,['refined_focal'],False,1,trac_5ms_interior,30,True,30,,,30,0.03143143139735119,11704356,successful_witnesses/case_07_pre_failure_candidate_06_trac_5ms_interior_r1.json
case_07_pre_failure_candidate_06_trac_5ms_r1,case_07_pre_failure,case_07,4cc5ef5c4c9aa6bf49a51ea1b0c183d22a3ad3076219f3fdaaa33a4c97b7085d,successful_control,near_singular,matched_control,90,candidate_06,['refined_focal'],False,1,trac_5ms,30,True,30,,,30,0.03143143139735119,11135599,successful_witnesses/case_07_pre_failure_candidate_06_trac_5ms_r1.json
case_07_pre_failure_candidate_00_trac_5ms_interior_r2,case_07_pre_failure,case_07,4cc5ef5c4c9aa6bf49a51ea1b0c183d22a3ad3076219f3fdaaa33a4c97b7085d,successful_control,near_singular,matched_control,90,candidate_00,"['original_focal', 'common_input_always_hard']",False,2,trac_5ms_interior,30,True,30,,,30,0.031431422688876914,11451847,successful_witnesses/case_07_pre_failure_candidate_00_trac_5ms_interior_r2.json
case_07_pre_failure_candidate_05_trac_5ms_r0,case_07_pre_failure,case_07,4cc5ef5c4c9aa6bf49a51ea1b0c183d22a3ad3076219f3fdaaa33a4c97b7085d,successful_control,near_singular,matched_control,90,candidate_05,['previous_first_dls'],True,0,trac_5ms,30,True,30,,,30,0.029033575624938385,11375996,successful_witnesses/case_07_pre_failure_candidate_05_trac_5ms_r0.json
case_07_pre_failure_candidate_05_trac_100ms_r3,case_07_pre_failure,case_07,4cc5ef5c4c9aa6bf49a51ea1b0c183d22a3ad3076219f3fdaaa33a4c97b7085d,successful_control,near_singular,matched_control,90,candidate_05,['previous_first_dls'],True,3,trac_100ms,30,True,30,,,30,0.029033575624938385,11579655,successful_witnesses/case_07_pre_failure_candidate_05_trac_100ms_r3.json
case_07_pre_failure_candidate_04_trac_5ms_r3,case_07_pre_failure,case_07,4cc5ef5c4c9aa6bf49a51ea1b0c183d22a3ad3076219f3fdaaa33a4c97b7085d,successful_control,near_singular,matched_control,90,candidate_04,"['common_input_trac_0', 'common_input_trac_1', 'common_input_trac_2', 'common_input_trac_3', 'common_input_trac_4']",False,3,trac_5ms,30,True,30,,,30,0.03133733480687664,11588837,successful_witnesses/case_07_pre_failure_candidate_04_trac_5ms_r3.json
case_07_pre_failure_candidate_05_trac_5ms_interior_r0,case_07_pre_failure,case_07,4cc5ef5c4c9aa6bf49a51ea1b0c183d22a3ad3076219f3fdaaa33a4c97b7085d,successful_control,near_singular,matched_control,90,candidate_05,['previous_first_dls'],True,0,trac_5ms_interior,30,True,30,,,30,0.029033575624938385,11483724,successful_witnesses/case_07_pre_failure_candidate_05_trac_5ms_interior_r0.json
case_07_pre_failure_candidate_02_trac_5ms_r1,case_07_pre_failure,case_07,4cc5ef5c4c9aa6bf49a51ea1b0c183d22a3ad3076219f3fdaaa33a4c97b7085d,successful_control,near_singular,matched_control,90,candidate_02,['original_trac_ik_5ms'],False,1,trac_5ms,30,True,30,,,30,0.031310206400592816,11128439,successful_witnesses/case_07_pre_failure_candidate_02_trac_5ms_r1.json
case_07_pre_failure_candidate_00_trac_5ms_interior_r4,case_07_pre_failure,case_07,4cc5ef5c4c9aa6bf49a51ea1b0c183d22a3ad3076219f3fdaaa33a4c97b7085d,successful_control,near_singular,matched_control,90,candidate_00,"['original_focal', 'common_input_always_hard']",False,4,trac_5ms_interior,30,True,30,,,30,0.031431422688876914,11856956,successful_witnesses/case_07_pre_failure_candidate_00_trac_5ms_interior_r4.json
case_07_pre_failure_candidate_06_trac_100ms_r0,case_07_pre_failure,case_07,4cc5ef5c4c9aa6bf49a51ea1b0c183d22a3ad3076219f3fdaaa33a4c97b7085d,successful_control,near_singular,matched_control,90,candidate_06,['refined_focal'],False,0,trac_100ms,30,True,30,,,30,0.03143143139735119,11321179,successful_witnesses/case_07_pre_failure_candidate_06_trac_100ms_r0.json
case_07_pre_failure_candidate_00_trac_5ms_interior_r0,case_07_pre_failure,case_07,4cc5ef5c4c9aa6bf49a51ea1b0c183d22a3ad3076219f3fdaaa33a4c97b7085d,successful_control,near_singular,matched_control,90,candidate_00,"['original_focal', 'common_input_always_hard']",False,0,trac_5ms_interior,30,True,30,,,30,0.031431422688876914,11394799,successful_witnesses/case_07_pre_failure_candidate_00_trac_5ms_interior_r0.json
case_07_pre_failure_candidate_00_trac_5ms_r2,case_07_pre_failure,case_07,4cc5ef5c4c9aa6bf49a51ea1b0c183d22a3ad3076219f3fdaaa33a4c97b7085d,successful_control,near_singular,matched_control,90,candidate_00,"['original_focal', 'common_input_always_hard']",False,2,trac_5ms,30,True,30,,,30,0.031431422688876914,11421241,successful_witnesses/case_07_pre_failure_candidate_00_trac_5ms_r2.json
case_07_pre_failure_candidate_06_trac_100ms_r2,case_07_pre_failure,case_07,4cc5ef5c4c9aa6bf49a51ea1b0c183d22a3ad3076219f3fdaaa33a4c97b7085d,successful_control,near_singular,matched_control,90,candidate_06,['refined_focal'],False,2,trac_100ms,30,True,30,,,30,0.03143143139735119,11220456,successful_witnesses/case_07_pre_failure_candidate_06_trac_100ms_r2.json
case_07_pre_failure_candidate_06_trac_5ms_interior_r0,case_07_pre_failure,case_07,4cc5ef5c4c9aa6bf49a51ea1b0c183d22a3ad3076219f3fdaaa33a4c97b7085d,successful_control,near_singular,matched_control,90,candidate_06,['refined_focal'],False,0,trac_5ms_interior,30,True,30,,,30,0.03143143139735119,11698797,successful_witnesses/case_07_pre_failure_candidate_06_trac_5ms_interior_r0.json
case_07_pre_failure_candidate_05_trac_100ms_r4,case_07_pre_failure,case_07,4cc5ef5c4c9aa6bf49a51ea1b0c183d22a3ad3076219f3fdaaa33a4c97b7085d,successful_control,near_singular,matched_control,90,candidate_05,['previous_first_dls'],True,4,trac_100ms,30,True,30,,,30,0.029033575624938385,11237043,successful_witnesses/case_07_pre_failure_candidate_05_trac_100ms_r4.json
case_07_pre_failure_candidate_06_trac_5ms_r0,case_07_pre_failure,case_07,4cc5ef5c4c9aa6bf49a51ea1b0c183d22a3ad3076219f3fdaaa33a4c97b7085d,successful_control,near_singular,matched_control,90,candidate_06,['refined_focal'],False,0,trac_5ms,30,True,30,,,30,0.03143143139735119,11280253,successful_witnesses/case_07_pre_failure_candidate_06_trac_5ms_r0.json
case_07_pre_failure_candidate_01_trac_5ms_r2,case_07_pre_failure,case_07,4cc5ef5c4c9aa6bf49a51ea1b0c183d22a3ad3076219f3fdaaa33a4c97b7085d,successful_control,near_singular,matched_control,90,candidate_01,['original_full_cghik'],False,2,trac_5ms,30,True,30,,,30,0.031405802131505595,12017361,successful_witnesses/case_07_pre_failure_candidate_01_trac_5ms_r2.json
case_07_pre_failure_candidate_03_trac_5ms_r4,case_07_pre_failure,case_07,4cc5ef5c4c9aa6bf49a51ea1b0c183d22a3ad3076219f3fdaaa33a4c97b7085d,successful_control,near_singular,matched_control,90,candidate_03,['common_input_full_cghik'],False,4,trac_5ms,30,True,30,,,30,0.031431217901420255,11345342,successful_witnesses/case_07_pre_failure_candidate_03_trac_5ms_r4.json
case_08_first_divergence_candidate_03_trac_5ms_r1,case_08_first_divergence,case_08,34d461249b6c84388a8a925d2ced5254dc7a9ea2526b13b9a7a34604308cc719,successful_control,smooth,initial_control,0,candidate_03,['previous_first_dls'],True,1,trac_5ms,30,True,30,,,30,0.03162806372014823,11452886,successful_witnesses/case_08_first_divergence_candidate_03_trac_5ms_r1.json
case_08_first_divergence_candidate_02_trac_5ms_r2,case_08_first_divergence,case_08,34d461249b6c84388a8a925d2ced5254dc7a9ea2526b13b9a7a34604308cc719,successful_control,smooth,initial_control,0,candidate_02,['offline_reference'],False,2,trac_5ms,30,True,30,,,30,0.03162458275800825,11175187,successful_witnesses/case_08_first_divergence_candidate_02_trac_5ms_r2.json
case_08_first_divergence_candidate_04_trac_5ms_r4,case_08_first_divergence,case_08,34d461249b6c84388a8a925d2ced5254dc7a9ea2526b13b9a7a34604308cc719,successful_control,smooth,initial_control,0,candidate_04,['refined_focal'],False,4,trac_5ms,30,True,30,,,30,0.03162840861795943,11136014,successful_witnesses/case_08_first_divergence_candidate_04_trac_5ms_r4.json
case_08_first_divergence_candidate_04_trac_5ms_r3,case_08_first_divergence,case_08,34d461249b6c84388a8a925d2ced5254dc7a9ea2526b13b9a7a34604308cc719,successful_control,smooth,initial_control,0,candidate_04,['refined_focal'],False,3,trac_5ms,30,True,30,,,30,0.03162840861795943,11233656,successful_witnesses/case_08_first_divergence_candidate_04_trac_5ms_r3.json
case_08_first_divergence_candidate_04_trac_5ms_r1,case_08_first_divergence,case_08,34d461249b6c84388a8a925d2ced5254dc7a9ea2526b13b9a7a34604308cc719,successful_control,smooth,initial_control,0,candidate_04,['refined_focal'],False,1,trac_5ms,30,True,30,,,30,0.03162840861795943,11289378,successful_witnesses/case_08_first_divergence_candidate_04_trac_5ms_r1.json
case_08_first_divergence_candidate_01_trac_5ms_r0,case_08_first_divergence,case_08,34d461249b6c84388a8a925d2ced5254dc7a9ea2526b13b9a7a34604308cc719,successful_control,smooth,initial_control,0,candidate_01,"['original_trac_ik_5ms', 'common_input_trac_0', 'common_input_trac_1', 'common_input_trac_2', 'common_input_trac_3', 'common_input_trac_4']",False,0,trac_5ms,30,True,30,,,30,0.03162806887132527,11318729,successful_witnesses/case_08_first_divergence_candidate_01_trac_5ms_r0.json
case_08_first_divergence_candidate_02_trac_5ms_r3,case_08_first_divergence,case_08,34d461249b6c84388a8a925d2ced5254dc7a9ea2526b13b9a7a34604308cc719,successful_control,smooth,initial_control,0,candidate_02,['offline_reference'],False,3,trac_5ms,30,True,30,,,30,0.03162458275800825,11312316,successful_witnesses/case_08_first_divergence_candidate_02_trac_5ms_r3.json
case_08_first_divergence_candidate_01_trac_5ms_r3,case_08_first_divergence,case_08,34d461249b6c84388a8a925d2ced5254dc7a9ea2526b13b9a7a34604308cc719,successful_control,smooth,initial_control,0,candidate_01,"['original_trac_ik_5ms', 'common_input_trac_0', 'common_input_trac_1', 'common_input_trac_2', 'common_input_trac_3', 'common_input_trac_4']",False,3,trac_5ms,30,True,30,,,30,0.03162806887132527,11497869,successful_witnesses/case_08_first_divergence_candidate_01_trac_5ms_r3.json
case_08_first_divergence_candidate_02_trac_5ms_r1,case_08_first_divergence,case_08,34d461249b6c84388a8a925d2ced5254dc7a9ea2526b13b9a7a34604308cc719,successful_control,smooth,initial_control,0,candidate_02,['offline_reference'],False,1,trac_5ms,30,True,30,,,30,0.03162458275800825,11137384,successful_witnesses/case_08_first_divergence_candidate_02_trac_5ms_r1.json
case_08_first_divergence_candidate_03_trac_5ms_r2,case_08_first_divergence,case_08,34d461249b6c84388a8a925d2ced5254dc7a9ea2526b13b9a7a34604308cc719,successful_control,smooth,initial_control,0,candidate_03,['previous_first_dls'],True,2,trac_5ms,30,True,30,,,30,0.03162806372014823,11025355,successful_witnesses/case_08_first_divergence_candidate_03_trac_5ms_r2.json
case_08_first_divergence_candidate_01_trac_5ms_r2,case_08_first_divergence,case_08,34d461249b6c84388a8a925d2ced5254dc7a9ea2526b13b9a7a34604308cc719,successful_control,smooth,initial_control,0,candidate_01,"['original_trac_ik_5ms', 'common_input_trac_0', 'common_input_trac_1', 'common_input_trac_2', 'common_input_trac_3', 'common_input_trac_4']",False,2,trac_5ms,30,True,30,,,30,0.03162806887132527,11342199,successful_witnesses/case_08_first_divergence_candidate_01_trac_5ms_r2.json
case_08_first_divergence_candidate_04_trac_5ms_r0,case_08_first_divergence,case_08,34d461249b6c84388a8a925d2ced5254dc7a9ea2526b13b9a7a34604308cc719,successful_control,smooth,initial_control,0,candidate_04,['refined_focal'],False,0,trac_5ms,30,True,30,,,30,0.03162840861795943,11892220,successful_witnesses/case_08_first_divergence_candidate_04_trac_5ms_r0.json
case_08_first_divergence_candidate_04_trac_5ms_r2,case_08_first_divergence,case_08,34d461249b6c84388a8a925d2ced5254dc7a9ea2526b13b9a7a34604308cc719,successful_control,smooth,initial_control,0,candidate_04,['refined_focal'],False,2,trac_5ms,30,True,30,,,30,0.03162840861795943,11938154,successful_witnesses/case_08_first_divergence_candidate_04_trac_5ms_r2.json
case_08_first_divergence_candidate_00_trac_5ms_r1,case_08_first_divergence,case_08,34d461249b6c84388a8a925d2ced5254dc7a9ea2526b13b9a7a34604308cc719,successful_control,smooth,initial_control,0,candidate_00,"['original_focal', 'original_full_cghik', 'common_input_always_hard', 'common_input_full_cghik']",False,1,trac_5ms,30,True,30,,,30,0.03162840989080187,11412608,successful_witnesses/case_08_first_divergence_candidate_00_trac_5ms_r1.json
case_08_first_divergence_candidate_02_trac_5ms_r4,case_08_first_divergence,case_08,34d461249b6c84388a8a925d2ced5254dc7a9ea2526b13b9a7a34604308cc719,successful_control,smooth,initial_control,0,candidate_02,['offline_reference'],False,4,trac_5ms,30,True,30,,,30,0.03162458275800825,11284328,successful_witnesses/case_08_first_divergence_candidate_02_trac_5ms_r4.json
case_08_first_divergence_candidate_00_trac_5ms_r4,case_08_first_divergence,case_08,34d461249b6c84388a8a925d2ced5254dc7a9ea2526b13b9a7a34604308cc719,successful_control,smooth,initial_control,0,candidate_00,"['original_focal', 'original_full_cghik', 'common_input_always_hard', 'common_input_full_cghik']",False,4,trac_5ms,30,True,30,,,30,0.03162840989080187,11634289,successful_witnesses/case_08_first_divergence_candidate_00_trac_5ms_r4.json
case_08_first_divergence_candidate_00_trac_5ms_r2,case_08_first_divergence,case_08,34d461249b6c84388a8a925d2ced5254dc7a9ea2526b13b9a7a34604308cc719,successful_control,smooth,initial_control,0,candidate_00,"['original_focal', 'original_full_cghik', 'common_input_always_hard', 'common_input_full_cghik']",False,2,trac_5ms,30,True,30,,,30,0.03162840989080187,11495586,successful_witnesses/case_08_first_divergence_candidate_00_trac_5ms_r2.json
case_08_first_divergence_candidate_02_trac_5ms_r0,case_08_first_divergence,case_08,34d461249b6c84388a8a925d2ced5254dc7a9ea2526b13b9a7a34604308cc719,successful_control,smooth,initial_control,0,candidate_02,['offline_reference'],False,0,trac_5ms,30,True,30,,,30,0.03162458275800825,11403009,successful_witnesses/case_08_first_divergence_candidate_02_trac_5ms_r0.json
case_08_first_divergence_candidate_03_trac_5ms_r4,case_08_first_divergence,case_08,34d461249b6c84388a8a925d2ced5254dc7a9ea2526b13b9a7a34604308cc719,successful_control,smooth,initial_control,0,candidate_03,['previous_first_dls'],True,4,trac_5ms,30,True,30,,,30,0.03162806372014823,11508593,successful_witnesses/case_08_first_divergence_candidate_03_trac_5ms_r4.json
case_08_first_divergence_candidate_01_trac_5ms_r1,case_08_first_divergence,case_08,34d461249b6c84388a8a925d2ced5254dc7a9ea2526b13b9a7a34604308cc719,successful_control,smooth,initial_control,0,candidate_01,"['original_trac_ik_5ms', 'common_input_trac_0', 'common_input_trac_1', 'common_input_trac_2', 'common_input_trac_3', 'common_input_trac_4']",False,1,trac_5ms,30,True,30,,,30,0.03162806887132527,11594877,successful_witnesses/case_08_first_divergence_candidate_01_trac_5ms_r1.json
case_08_first_divergence_candidate_01_trac_5ms_r4,case_08_first_divergence,case_08,34d461249b6c84388a8a925d2ced5254dc7a9ea2526b13b9a7a34604308cc719,successful_control,smooth,initial_control,0,candidate_01,"['original_trac_ik_5ms', 'common_input_trac_0', 'common_input_trac_1', 'common_input_trac_2', 'common_input_trac_3', 'common_input_trac_4']",False,4,trac_5ms,30,True,30,,,30,0.03162806887132527,11480258,successful_witnesses/case_08_first_divergence_candidate_01_trac_5ms_r4.json
case_08_first_divergence_candidate_00_trac_5ms_r0,case_08_first_divergence,case_08,34d461249b6c84388a8a925d2ced5254dc7a9ea2526b13b9a7a34604308cc719,successful_control,smooth,initial_control,0,candidate_00,"['original_focal', 'original_full_cghik', 'common_input_always_hard', 'common_input_full_cghik']",False,0,trac_5ms,30,True,30,,,30,0.03162840989080187,11377448,successful_witnesses/case_08_first_divergence_candidate_00_trac_5ms_r0.json
case_08_first_divergence_candidate_00_trac_5ms_r3,case_08_first_divergence,case_08,34d461249b6c84388a8a925d2ced5254dc7a9ea2526b13b9a7a34604308cc719,successful_control,smooth,initial_control,0,candidate_00,"['original_focal', 'original_full_cghik', 'common_input_always_hard', 'common_input_full_cghik']",False,3,trac_5ms,30,True,30,,,30,0.03162840989080187,11252872,successful_witnesses/case_08_first_divergence_candidate_00_trac_5ms_r3.json
case_08_first_divergence_candidate_03_trac_5ms_r0,case_08_first_divergence,case_08,34d461249b6c84388a8a925d2ced5254dc7a9ea2526b13b9a7a34604308cc719,successful_control,smooth,initial_control,0,candidate_03,['previous_first_dls'],True,0,trac_5ms,30,True,30,,,30,0.03162806372014823,11609336,successful_witnesses/case_08_first_divergence_candidate_03_trac_5ms_r0.json
case_08_first_divergence_candidate_03_trac_5ms_r3,case_08_first_divergence,case_08,34d461249b6c84388a8a925d2ced5254dc7a9ea2526b13b9a7a34604308cc719,successful_control,smooth,initial_control,0,candidate_03,['previous_first_dls'],True,3,trac_5ms,30,True,30,,,30,0.03162805209299738,11746439,successful_witnesses/case_08_first_divergence_candidate_03_trac_5ms_r3.json
case_08_pre_failure_candidate_04_trac_100ms_r3,case_08_pre_failure,case_08,34d461249b6c84388a8a925d2ced5254dc7a9ea2526b13b9a7a34604308cc719,successful_control,smooth,matched_control,33,candidate_04,['refined_focal'],False,3,trac_100ms,30,True,30,,,30,0.03173945801561198,11399103,successful_witnesses/case_08_pre_failure_candidate_04_trac_100ms_r3.json
case_08_pre_failure_candidate_00_trac_5ms_interior_r2,case_08_pre_failure,case_08,34d461249b6c84388a8a925d2ced5254dc7a9ea2526b13b9a7a34604308cc719,successful_control,smooth,matched_control,33,candidate_00,"['original_focal', 'original_full_cghik', 'common_input_always_hard', 'common_input_full_cghik']",False,2,trac_5ms_interior,30,True,30,,,30,0.03174258011943201,11835022,successful_witnesses/case_08_pre_failure_candidate_00_trac_5ms_interior_r2.json
case_08_pre_failure_candidate_02_trac_100ms_r3,case_08_pre_failure,case_08,34d461249b6c84388a8a925d2ced5254dc7a9ea2526b13b9a7a34604308cc719,successful_control,smooth,matched_control,33,candidate_02,"['common_input_trac_0', 'common_input_trac_1', 'common_input_trac_2', 'common_input_trac_3', 'common_input_trac_4']",True,3,trac_100ms,30,True,30,,,30,0.03168579880231284,11434669,successful_witnesses/case_08_pre_failure_candidate_02_trac_100ms_r3.json
case_08_pre_failure_candidate_03_trac_5ms_r4,case_08_pre_failure,case_08,34d461249b6c84388a8a925d2ced5254dc7a9ea2526b13b9a7a34604308cc719,successful_control,smooth,matched_control,33,candidate_03,['previous_first_dls'],False,4,trac_5ms,30,True,30,,,30,0.03174260066979942,11729835,successful_witnesses/case_08_pre_failure_candidate_03_trac_5ms_r4.json
case_08_pre_failure_candidate_04_trac_5ms_r4,case_08_pre_failure,case_08,34d461249b6c84388a8a925d2ced5254dc7a9ea2526b13b9a7a34604308cc719,successful_control,smooth,matched_control,33,candidate_04,['refined_focal'],False,4,trac_5ms,30,True,30,,,30,0.03173945801561198,11563565,successful_witnesses/case_08_pre_failure_candidate_04_trac_5ms_r4.json
case_08_pre_failure_candidate_00_trac_5ms_interior_r4,case_08_pre_failure,case_08,34d461249b6c84388a8a925d2ced5254dc7a9ea2526b13b9a7a34604308cc719,successful_control,smooth,matched_control,33,candidate_00,"['original_focal', 'original_full_cghik', 'common_input_always_hard', 'common_input_full_cghik']",False,4,trac_5ms_interior,30,True,30,,,30,0.03174258011943201,11724870,successful_witnesses/case_08_pre_failure_candidate_00_trac_5ms_interior_r4.json
case_08_pre_failure_candidate_00_trac_5ms_interior_r0,case_08_pre_failure,case_08,34d461249b6c84388a8a925d2ced5254dc7a9ea2526b13b9a7a34604308cc719,successful_control,smooth,matched_control,33,candidate_00,"['original_focal', 'original_full_cghik', 'common_input_always_hard', 'common_input_full_cghik']",False,0,trac_5ms_interior,30,True,30,,,30,0.03174258011943201,11945574,successful_witnesses/case_08_pre_failure_candidate_00_trac_5ms_interior_r0.json
case_08_pre_failure_candidate_04_trac_5ms_interior_r2,case_08_pre_failure,case_08,34d461249b6c84388a8a925d2ced5254dc7a9ea2526b13b9a7a34604308cc719,successful_control,smooth,matched_control,33,candidate_04,['refined_focal'],False,2,trac_5ms_interior,30,True,30,,,30,0.03173945801561198,11790567,successful_witnesses/case_08_pre_failure_candidate_04_trac_5ms_interior_r2.json
case_08_pre_failure_candidate_03_trac_5ms_r2,case_08_pre_failure,case_08,34d461249b6c84388a8a925d2ced5254dc7a9ea2526b13b9a7a34604308cc719,successful_control,smooth,matched_control,33,candidate_03,['previous_first_dls'],False,2,trac_5ms,30,True,30,,,30,0.03174260066979942,11753348,successful_witnesses/case_08_pre_failure_candidate_03_trac_5ms_r2.json
case_08_pre_failure_candidate_02_trac_5ms_r3,case_08_pre_failure,case_08,34d461249b6c84388a8a925d2ced5254dc7a9ea2526b13b9a7a34604308cc719,successful_control,smooth,matched_control,33,candidate_02,"['common_input_trac_0', 'common_input_trac_1', 'common_input_trac_2', 'common_input_trac_3', 'common_input_trac_4']",True,3,trac_5ms,30,True,30,,,30,0.03168579880231284,11465650,successful_witnesses/case_08_pre_failure_candidate_02_trac_5ms_r3.json
case_08_pre_failure_candidate_00_trac_100ms_r2,case_08_pre_failure,case_08,34d461249b6c84388a8a925d2ced5254dc7a9ea2526b13b9a7a34604308cc719,successful_control,smooth,matched_control,33,candidate_00,"['original_focal', 'original_full_cghik', 'common_input_always_hard', 'common_input_full_cghik']",False,2,trac_100ms,30,True,30,,,30,0.03174258011943201,11736403,successful_witnesses/case_08_pre_failure_candidate_00_trac_100ms_r2.json
case_08_pre_failure_candidate_04_trac_100ms_r2,case_08_pre_failure,case_08,34d461249b6c84388a8a925d2ced5254dc7a9ea2526b13b9a7a34604308cc719,successful_control,smooth,matched_control,33,candidate_04,['refined_focal'],False,2,trac_100ms,30,True,30,,,30,0.03173945801561198,11357333,successful_witnesses/case_08_pre_failure_candidate_04_trac_100ms_r2.json
case_08_pre_failure_candidate_00_trac_5ms_interior_r1,case_08_pre_failure,case_08,34d461249b6c84388a8a925d2ced5254dc7a9ea2526b13b9a7a34604308cc719,successful_control,smooth,matched_control,33,candidate_00,"['original_focal', 'original_full_cghik', 'common_input_always_hard', 'common_input_full_cghik']",False,1,trac_5ms_interior,30,True,30,,,30,0.03174258011943201,11917068,successful_witnesses/case_08_pre_failure_candidate_00_trac_5ms_interior_r1.json
case_08_pre_failure_candidate_00_trac_100ms_r4,case_08_pre_failure,case_08,34d461249b6c84388a8a925d2ced5254dc7a9ea2526b13b9a7a34604308cc719,successful_control,smooth,matched_control,33,candidate_00,"['original_focal', 'original_full_cghik', 'common_input_always_hard', 'common_input_full_cghik']",False,4,trac_100ms,30,True,30,,,30,0.03174258011943201,11446958,successful_witnesses/case_08_pre_failure_candidate_00_trac_100ms_r4.json
case_08_pre_failure_candidate_03_trac_5ms_r1,case_08_pre_failure,case_08,34d461249b6c84388a8a925d2ced5254dc7a9ea2526b13b9a7a34604308cc719,successful_control,smooth,matched_control,33,candidate_03,['previous_first_dls'],False,1,trac_5ms,30,True,30,,,30,0.03174260066979942,11467283,successful_witnesses/case_08_pre_failure_candidate_03_trac_5ms_r1.json
case_08_pre_failure_candidate_00_trac_100ms_r0,case_08_pre_failure,case_08,34d461249b6c84388a8a925d2ced5254dc7a9ea2526b13b9a7a34604308cc719,successful_control,smooth,matched_control,33,candidate_00,"['original_focal', 'original_full_cghik', 'common_input_always_hard', 'common_input_full_cghik']",False,0,trac_100ms,30,True,30,,,30,0.03174258011943201,11426537,successful_witnesses/case_08_pre_failure_candidate_00_trac_100ms_r0.json
case_08_pre_failure_candidate_02_trac_5ms_r4,case_08_pre_failure,case_08,34d461249b6c84388a8a925d2ced5254dc7a9ea2526b13b9a7a34604308cc719,successful_control,smooth,matched_control,33,candidate_02,"['common_input_trac_0', 'common_input_trac_1', 'common_input_trac_2', 'common_input_trac_3', 'common_input_trac_4']",True,4,trac_5ms,30,True,30,,,30,0.03168579880231284,11877937,successful_witnesses/case_08_pre_failure_candidate_02_trac_5ms_r4.json
case_08_pre_failure_candidate_03_trac_5ms_r3,case_08_pre_failure,case_08,34d461249b6c84388a8a925d2ced5254dc7a9ea2526b13b9a7a34604308cc719,successful_control,smooth,matched_control,33,candidate_03,['previous_first_dls'],False,3,trac_5ms,30,True,30,,,30,0.03174260066979942,11622721,successful_witnesses/case_08_pre_failure_candidate_03_trac_5ms_r3.json
case_08_pre_failure_candidate_03_trac_5ms_r0,case_08_pre_failure,case_08,34d461249b6c84388a8a925d2ced5254dc7a9ea2526b13b9a7a34604308cc719,successful_control,smooth,matched_control,33,candidate_03,['previous_first_dls'],False,0,trac_5ms,30,True,30,,,30,0.03174260066979942,11362738,successful_witnesses/case_08_pre_failure_candidate_03_trac_5ms_r0.json
case_08_pre_failure_candidate_02_trac_100ms_r1,case_08_pre_failure,case_08,34d461249b6c84388a8a925d2ced5254dc7a9ea2526b13b9a7a34604308cc719,successful_control,smooth,matched_control,33,candidate_02,"['common_input_trac_0', 'common_input_trac_1', 'common_input_trac_2', 'common_input_trac_3', 'common_input_trac_4']",True,1,trac_100ms,30,True,30,,,30,0.03168579880231284,11391622,successful_witnesses/case_08_pre_failure_candidate_02_trac_100ms_r1.json
case_08_pre_failure_candidate_01_trac_5ms_r3,case_08_pre_failure,case_08,34d461249b6c84388a8a925d2ced5254dc7a9ea2526b13b9a7a34604308cc719,successful_control,smooth,matched_control,33,candidate_01,['original_trac_ik_5ms'],False,3,trac_5ms,30,True,30,,,30,0.03168603306379439,11597850,successful_witnesses/case_08_pre_failure_candidate_01_trac_5ms_r3.json
case_08_pre_failure_candidate_04_trac_5ms_interior_r0,case_08_pre_failure,case_08,34d461249b6c84388a8a925d2ced5254dc7a9ea2526b13b9a7a34604308cc719,successful_control,smooth,matched_control,33,candidate_04,['refined_focal'],False,0,trac_5ms_interior,30,True,30,,,30,0.03173945801561198,11649990,successful_witnesses/case_08_pre_failure_candidate_04_trac_5ms_interior_r0.json
case_08_pre_failure_candidate_02_trac_100ms_r0,case_08_pre_failure,case_08,34d461249b6c84388a8a925d2ced5254dc7a9ea2526b13b9a7a34604308cc719,successful_control,smooth,matched_control,33,candidate_02,"['common_input_trac_0', 'common_input_trac_1', 'common_input_trac_2', 'common_input_trac_3', 'common_input_trac_4']",True,0,trac_100ms,30,True,30,,,30,0.03168579880231284,11416620,successful_witnesses/case_08_pre_failure_candidate_02_trac_100ms_r0.json
case_08_pre_failure_candidate_04_trac_5ms_interior_r3,case_08_pre_failure,case_08,34d461249b6c84388a8a925d2ced5254dc7a9ea2526b13b9a7a34604308cc719,successful_control,smooth,matched_control,33,candidate_04,['refined_focal'],False,3,trac_5ms_interior,30,True,30,,,30,0.03173945801561198,12110961,successful_witnesses/case_08_pre_failure_candidate_04_trac_5ms_interior_r3.json
case_08_pre_failure_candidate_02_trac_5ms_r0,case_08_pre_failure,case_08,34d461249b6c84388a8a925d2ced5254dc7a9ea2526b13b9a7a34604308cc719,successful_control,smooth,matched_control,33,candidate_02,"['common_input_trac_0', 'common_input_trac_1', 'common_input_trac_2', 'common_input_trac_3', 'common_input_trac_4']",True,0,trac_5ms,30,True,30,,,30,0.03168579880231284,11358584,successful_witnesses/case_08_pre_failure_candidate_02_trac_5ms_r0.json
case_08_pre_failure_candidate_02_trac_5ms_interior_r4,case_08_pre_failure,case_08,34d461249b6c84388a8a925d2ced5254dc7a9ea2526b13b9a7a34604308cc719,successful_control,smooth,matched_control,33,candidate_02,"['common_input_trac_0', 'common_input_trac_1', 'common_input_trac_2', 'common_input_trac_3', 'common_input_trac_4']",True,4,trac_5ms_interior,30,True,30,,,30,0.03168579880231284,11863790,successful_witnesses/case_08_pre_failure_candidate_02_trac_5ms_interior_r4.json
case_08_pre_failure_candidate_01_trac_5ms_r1,case_08_pre_failure,case_08,34d461249b6c84388a8a925d2ced5254dc7a9ea2526b13b9a7a34604308cc719,successful_control,smooth,matched_control,33,candidate_01,['original_trac_ik_5ms'],False,1,trac_5ms,30,True,30,,,30,0.03168603306379439,11464519,successful_witnesses/case_08_pre_failure_candidate_01_trac_5ms_r1.json
case_08_pre_failure_candidate_04_trac_100ms_r4,case_08_pre_failure,case_08,34d461249b6c84388a8a925d2ced5254dc7a9ea2526b13b9a7a34604308cc719,successful_control,smooth,matched_control,33,candidate_04,['refined_focal'],False,4,trac_100ms,30,True,30,,,30,0.03173945801561198,11395200,successful_witnesses/case_08_pre_failure_candidate_04_trac_100ms_r4.json
case_08_pre_failure_candidate_00_trac_5ms_interior_r3,case_08_pre_failure,case_08,34d461249b6c84388a8a925d2ced5254dc7a9ea2526b13b9a7a34604308cc719,successful_control,smooth,matched_control,33,candidate_00,"['original_focal', 'original_full_cghik', 'common_input_always_hard', 'common_input_full_cghik']",False,3,trac_5ms_interior,30,True,30,,,30,0.03174258011943201,11774346,successful_witnesses/case_08_pre_failure_candidate_00_trac_5ms_interior_r3.json
case_08_pre_failure_candidate_02_trac_5ms_r1,case_08_pre_failure,case_08,34d461249b6c84388a8a925d2ced5254dc7a9ea2526b13b9a7a34604308cc719,successful_control,smooth,matched_control,33,candidate_02,"['common_input_trac_0', 'common_input_trac_1', 'common_input_trac_2', 'common_input_trac_3', 'common_input_trac_4']",True,1,trac_5ms,30,True,30,,,30,0.03168579880231284,11381833,successful_witnesses/case_08_pre_failure_candidate_02_trac_5ms_r1.json
case_08_pre_failure_candidate_00_trac_100ms_r1,case_08_pre_failure,case_08,34d461249b6c84388a8a925d2ced5254dc7a9ea2526b13b9a7a34604308cc719,successful_control,smooth,matched_control,33,candidate_00,"['original_focal', 'original_full_cghik', 'common_input_always_hard', 'common_input_full_cghik']",False,1,trac_100ms,30,True,30,,,30,0.03174258011943201,11362622,successful_witnesses/case_08_pre_failure_candidate_00_trac_100ms_r1.json
case_08_pre_failure_candidate_04_trac_5ms_r1,case_08_pre_failure,case_08,34d461249b6c84388a8a925d2ced5254dc7a9ea2526b13b9a7a34604308cc719,successful_control,smooth,matched_control,33,candidate_04,['refined_focal'],False,1,trac_5ms,30,True,30,,,30,0.03173945801561198,11311043,successful_witnesses/case_08_pre_failure_candidate_04_trac_5ms_r1.json
case_08_pre_failure_candidate_04_trac_5ms_interior_r1,case_08_pre_failure,case_08,34d461249b6c84388a8a925d2ced5254dc7a9ea2526b13b9a7a34604308cc719,successful_control,smooth,matched_control,33,candidate_04,['refined_focal'],False,1,trac_5ms_interior,30,True,30,,,30,0.03171153358705728,11672649,successful_witnesses/case_08_pre_failure_candidate_04_trac_5ms_interior_r1.json
case_08_pre_failure_candidate_00_trac_5ms_r4,case_08_pre_failure,case_08,34d461249b6c84388a8a925d2ced5254dc7a9ea2526b13b9a7a34604308cc719,successful_control,smooth,matched_control,33,candidate_00,"['original_focal', 'original_full_cghik', 'common_input_always_hard', 'common_input_full_cghik']",False,4,trac_5ms,30,True,30,,,30,0.03174258011943201,11601264,successful_witnesses/case_08_pre_failure_candidate_00_trac_5ms_r4.json
case_08_pre_failure_candidate_00_trac_100ms_r3,case_08_pre_failure,case_08,34d461249b6c84388a8a925d2ced5254dc7a9ea2526b13b9a7a34604308cc719,successful_control,smooth,matched_control,33,candidate_00,"['original_focal', 'original_full_cghik', 'common_input_always_hard', 'common_input_full_cghik']",False,3,trac_100ms,30,True,30,,,30,0.03174258011943201,11453147,successful_witnesses/case_08_pre_failure_candidate_00_trac_100ms_r3.json
case_08_pre_failure_candidate_02_trac_5ms_interior_r0,case_08_pre_failure,case_08,34d461249b6c84388a8a925d2ced5254dc7a9ea2526b13b9a7a34604308cc719,successful_control,smooth,matched_control,33,candidate_02,"['common_input_trac_0', 'common_input_trac_1', 'common_input_trac_2', 'common_input_trac_3', 'common_input_trac_4']",True,0,trac_5ms_interior,30,True,30,,,30,0.03168579880231284,11657515,successful_witnesses/case_08_pre_failure_candidate_02_trac_5ms_interior_r0.json
case_08_pre_failure_candidate_00_trac_5ms_r0,case_08_pre_failure,case_08,34d461249b6c84388a8a925d2ced5254dc7a9ea2526b13b9a7a34604308cc719,successful_control,smooth,matched_control,33,candidate_00,"['original_focal', 'original_full_cghik', 'common_input_always_hard', 'common_input_full_cghik']",False,0,trac_5ms,30,True,30,,,30,0.03174258011943201,11502404,successful_witnesses/case_08_pre_failure_candidate_00_trac_5ms_r0.json
case_08_pre_failure_candidate_02_trac_5ms_interior_r3,case_08_pre_failure,case_08,34d461249b6c84388a8a925d2ced5254dc7a9ea2526b13b9a7a34604308cc719,successful_control,smooth,matched_control,33,candidate_02,"['common_input_trac_0', 'common_input_trac_1', 'common_input_trac_2', 'common_input_trac_3', 'common_input_trac_4']",True,3,trac_5ms_interior,30,True,30,,,30,0.03168579880231284,11738205,successful_witnesses/case_08_pre_failure_candidate_02_trac_5ms_interior_r3.json
case_08_pre_failure_candidate_01_trac_5ms_r2,case_08_pre_failure,case_08,34d461249b6c84388a8a925d2ced5254dc7a9ea2526b13b9a7a34604308cc719,successful_control,smooth,matched_control,33,candidate_01,['original_trac_ik_5ms'],False,2,trac_5ms,30,True,30,,,30,0.03168603306379439,11528928,successful_witnesses/case_08_pre_failure_candidate_01_trac_5ms_r2.json
case_08_pre_failure_candidate_00_trac_5ms_r1,case_08_pre_failure,case_08,34d461249b6c84388a8a925d2ced5254dc7a9ea2526b13b9a7a34604308cc719,successful_control,smooth,matched_control,33,candidate_00,"['original_focal', 'original_full_cghik', 'common_input_always_hard', 'common_input_full_cghik']",False,1,trac_5ms,30,True,30,,,30,0.03174258011943201,11146411,successful_witnesses/case_08_pre_failure_candidate_00_trac_5ms_r1.json
case_08_pre_failure_candidate_01_trac_5ms_r4,case_08_pre_failure,case_08,34d461249b6c84388a8a925d2ced5254dc7a9ea2526b13b9a7a34604308cc719,successful_control,smooth,matched_control,33,candidate_01,['original_trac_ik_5ms'],False,4,trac_5ms,30,True,30,,,30,0.03168603306379439,11500198,successful_witnesses/case_08_pre_failure_candidate_01_trac_5ms_r4.json
case_08_pre_failure_candidate_02_trac_5ms_interior_r1,case_08_pre_failure,case_08,34d461249b6c84388a8a925d2ced5254dc7a9ea2526b13b9a7a34604308cc719,successful_control,smooth,matched_control,33,candidate_02,"['common_input_trac_0', 'common_input_trac_1', 'common_input_trac_2', 'common_input_trac_3', 'common_input_trac_4']",True,1,trac_5ms_interior,30,True,30,,,30,0.03168579880231284,11629929,successful_witnesses/case_08_pre_failure_candidate_02_trac_5ms_interior_r1.json
case_08_pre_failure_candidate_00_trac_5ms_r2,case_08_pre_failure,case_08,34d461249b6c84388a8a925d2ced5254dc7a9ea2526b13b9a7a34604308cc719,successful_control,smooth,matched_control,33,candidate_00,"['original_focal', 'original_full_cghik', 'common_input_always_hard', 'common_input_full_cghik']",False,2,trac_5ms,30,True,30,,,30,0.03174258011943201,11287484,successful_witnesses/case_08_pre_failure_candidate_00_trac_5ms_r2.json
case_08_pre_failure_candidate_04_trac_100ms_r0,case_08_pre_failure,case_08,34d461249b6c84388a8a925d2ced5254dc7a9ea2526b13b9a7a34604308cc719,successful_control,smooth,matched_control,33,candidate_04,['refined_focal'],False,0,trac_100ms,30,True,30,,,30,0.03173945801561198,11403939,successful_witnesses/case_08_pre_failure_candidate_04_trac_100ms_r0.json
case_08_pre_failure_candidate_04_trac_5ms_r3,case_08_pre_failure,case_08,34d461249b6c84388a8a925d2ced5254dc7a9ea2526b13b9a7a34604308cc719,successful_control,smooth,matched_control,33,candidate_04,['refined_focal'],False,3,trac_5ms,30,True,30,,,30,0.03173945801561198,11772783,successful_witnesses/case_08_pre_failure_candidate_04_trac_5ms_r3.json
case_08_pre_failure_candidate_04_trac_5ms_r2,case_08_pre_failure,case_08,34d461249b6c84388a8a925d2ced5254dc7a9ea2526b13b9a7a34604308cc719,successful_control,smooth,matched_control,33,candidate_04,['refined_focal'],False,2,trac_5ms,30,True,30,,,30,0.03173945801561198,11239963,successful_witnesses/case_08_pre_failure_candidate_04_trac_5ms_r2.json
case_08_pre_failure_candidate_00_trac_5ms_r3,case_08_pre_failure,case_08,34d461249b6c84388a8a925d2ced5254dc7a9ea2526b13b9a7a34604308cc719,successful_control,smooth,matched_control,33,candidate_00,"['original_focal', 'original_full_cghik', 'common_input_always_hard', 'common_input_full_cghik']",False,3,trac_5ms,30,True,30,,,30,0.03174258011943201,11257773,successful_witnesses/case_08_pre_failure_candidate_00_trac_5ms_r3.json
case_08_pre_failure_candidate_01_trac_5ms_r0,case_08_pre_failure,case_08,34d461249b6c84388a8a925d2ced5254dc7a9ea2526b13b9a7a34604308cc719,successful_control,smooth,matched_control,33,candidate_01,['original_trac_ik_5ms'],False,0,trac_5ms,30,True,30,,,30,0.03168603306379439,12085783,successful_witnesses/case_08_pre_failure_candidate_01_trac_5ms_r0.json
case_08_pre_failure_candidate_04_trac_100ms_r1,case_08_pre_failure,case_08,34d461249b6c84388a8a925d2ced5254dc7a9ea2526b13b9a7a34604308cc719,successful_control,smooth,matched_control,33,candidate_04,['refined_focal'],False,1,trac_100ms,30,True,30,,,30,0.03173945801561198,11208009,successful_witnesses/case_08_pre_failure_candidate_04_trac_100ms_r1.json
case_08_pre_failure_candidate_02_trac_5ms_interior_r2,case_08_pre_failure,case_08,34d461249b6c84388a8a925d2ced5254dc7a9ea2526b13b9a7a34604308cc719,successful_control,smooth,matched_control,33,candidate_02,"['common_input_trac_0', 'common_input_trac_1', 'common_input_trac_2', 'common_input_trac_3', 'common_input_trac_4']",True,2,trac_5ms_interior,30,True,30,,,30,0.03168579880231284,12489028,successful_witnesses/case_08_pre_failure_candidate_02_trac_5ms_interior_r2.json
case_08_pre_failure_candidate_04_trac_5ms_interior_r4,case_08_pre_failure,case_08,34d461249b6c84388a8a925d2ced5254dc7a9ea2526b13b9a7a34604308cc719,successful_control,smooth,matched_control,33,candidate_04,['refined_focal'],False,4,trac_5ms_interior,30,True,30,,,30,0.03173945801561198,12408424,successful_witnesses/case_08_pre_failure_candidate_04_trac_5ms_interior_r4.json
case_08_pre_failure_candidate_02_trac_100ms_r2,case_08_pre_failure,case_08,34d461249b6c84388a8a925d2ced5254dc7a9ea2526b13b9a7a34604308cc719,successful_control,smooth,matched_control,33,candidate_02,"['common_input_trac_0', 'common_input_trac_1', 'common_input_trac_2', 'common_input_trac_3', 'common_input_trac_4']",True,2,trac_100ms,30,True,30,,,30,0.03168579880231284,11917162,successful_witnesses/case_08_pre_failure_candidate_02_trac_100ms_r2.json
case_08_pre_failure_candidate_02_trac_100ms_r4,case_08_pre_failure,case_08,34d461249b6c84388a8a925d2ced5254dc7a9ea2526b13b9a7a34604308cc719,successful_control,smooth,matched_control,33,candidate_02,"['common_input_trac_0', 'common_input_trac_1', 'common_input_trac_2', 'common_input_trac_3', 'common_input_trac_4']",True,4,trac_100ms,30,True,30,,,30,0.03168579880231284,12037054,successful_witnesses/case_08_pre_failure_candidate_02_trac_100ms_r4.json
case_08_pre_failure_candidate_04_trac_5ms_r0,case_08_pre_failure,case_08,34d461249b6c84388a8a925d2ced5254dc7a9ea2526b13b9a7a34604308cc719,successful_control,smooth,matched_control,33,candidate_04,['refined_focal'],False,0,trac_5ms,30,True,30,,,30,0.03173945801561198,11295919,successful_witnesses/case_08_pre_failure_candidate_04_trac_5ms_r0.json
case_08_pre_failure_candidate_02_trac_5ms_r2,case_08_pre_failure,case_08,34d461249b6c84388a8a925d2ced5254dc7a9ea2526b13b9a7a34604308cc719,successful_control,smooth,matched_control,33,candidate_02,"['common_input_trac_0', 'common_input_trac_1', 'common_input_trac_2', 'common_input_trac_3', 'common_input_trac_4']",True,2,trac_5ms,30,True,30,,,30,0.03168579880231284,11627522,successful_witnesses/case_08_pre_failure_candidate_02_trac_5ms_r2.json
