site_id,uid,role,family,frame,current_query_hash,candidate_id,aliases,variant,current_verifier_accepted,current_q,initial_position_error,initial_orientation_error,initial_velocity_margin_rad,initial_joint_limit_margin,initial_sigma_min,initial_reference_distance,distance_to_previous,next_target_linearized_pseudoinverse_velocity_utilization,nearest,repeats,completed,horizon,first_failure_frames,contiguous_success_frames,minimum_velocity_margins,first_failure_kinds
case_00_first_divergence,05fed739bf62f4fdcb2405ecaae33d1d21420a4ab0f81376b77841fb57661365,cghik_lost,near_singular,0,924c6eac2cbc15cc1de01b3d57f38f87b060c66e1406101e98eaedf1b6dfbca4,candidate_00,"['original_focal', 'common_input_full_cghik', 'previous_first_dls']",trac_5ms,True,"[-2.7691007452021363, 0.5098014821322331, 0.10439499060029356, -0.2505595781332633, -1.7511606198845608, 2.747537522868634, -2.4941311133416035]",5.508465738265792e-05,8.817695159586652e-05,0.0436,0.12819925479786365,0.018450359834107814,5.65963942452119e-05,0.0,0.0046661773632024365,True,5,5,30,"[None, None, None, None, None]","[30, 30, 30, 30, 30]","[0.040961534257714566, 0.040961534257714566, 0.040961534257714566, 0.04096153426820928, 0.040961534257714566]",{}
case_00_first_divergence,05fed739bf62f4fdcb2405ecaae33d1d21420a4ab0f81376b77841fb57661365,cghik_lost,near_singular,0,924c6eac2cbc15cc1de01b3d57f38f87b060c66e1406101e98eaedf1b6dfbca4,candidate_01,"['original_always_hard', 'common_input_always_hard']",trac_5ms,True,"[-2.7680182892299268, 0.509063131981592, 0.1062642615275663, -0.25106415665520415, -1.7514597966096541, 2.7473045598171035, -2.493428224986013]",0.0009765062372761943,0.003147381182887141,0.04173072907272726,0.12928171077007322,0.018395214269459056,0.001925867321517949,0.0024705213412790977,0.028486119286422768,False,5,5,30,"[None, None, None, None, None]","[30, 30, 30, 30, 30]","[0.04096123269212684, 0.040961232705249456, 0.040961232705249456, 0.040961232705249456, 0.040961232715869295]",{}
case_00_first_divergence,05fed739bf62f4fdcb2405ecaae33d1d21420a4ab0f81376b77841fb57661365,cghik_lost,near_singular,0,924c6eac2cbc15cc1de01b3d57f38f87b060c66e1406101e98eaedf1b6dfbca4,candidate_02,['original_trac_ik_5ms'],trac_5ms,True,"[-2.769105831930254, 0.5098455593190636, 0.1044087663418494, -0.2505902154797024, -1.751136366284565, 2.7474966588596574, -2.494116321079643]",1.0898682324691854e-05,4.676747235542937e-06,0.04355592281316947,0.12819416806974582,0.01844741744287096,7.037213580105006e-05,7.465927009017088e-05,0.0038849661773128655,False,5,5,30,"[None, None, None, None, None]","[30, 30, 30, 30, 30]","[0.04096153425563445, 0.04096153425563445, 0.04096153425563445, 0.04096153425563445, 0.04096153425563445]",{}
case_00_first_divergence,05fed739bf62f4fdcb2405ecaae33d1d21420a4ab0f81376b77841fb57661365,cghik_lost,near_singular,0,924c6eac2cbc15cc1de01b3d57f38f87b060c66e1406101e98eaedf1b6dfbca4,candidate_03,['offline_reference'],trac_5ms,True,"[-2.7690648182934368, 0.5098463832624072, 0.10433839420604835, -0.25059320410618685, -1.7511145173837595, 2.7474816895468113, -2.4941010448656757]",0.0,0.0,0.04354340360575479,0.12823518170656323,0.01844721207077606,0.0,0.00011742072136877401,0.00349957096021762,False,5,5,30,"[None, None, None, None, None]","[30, 30, 30, 30, 30]","[0.040961550036092614, 0.040961550036092614, 0.040961550036092614, 0.040961550036092614, 0.040961550036092614]",{}
case_00_first_divergence,05fed739bf62f4fdcb2405ecaae33d1d21420a4ab0f81376b77841fb57661365,cghik_lost,near_singular,0,924c6eac2cbc15cc1de01b3d57f38f87b060c66e1406101e98eaedf1b6dfbca4,candidate_04,"['common_input_trac_0', 'common_input_trac_1', 'common_input_trac_2', 'common_input_trac_3', 'common_input_trac_4']",trac_5ms,True,"[-2.769077895441902, 0.5098477334451014, 0.10439641637925269, -0.2505925133764414, -1.7511589772808427, 2.747476504531221, -2.494103540707367]",2.3809413983291645e-09,3.1135944799460235e-09,0.043553748687131716,0.1282221045580978,0.01844769058192119,5.802217320434455e-05,9.074273734030792e-05,0.0034996303219429264,False,5,5,30,"[None, None, None, None, None]","[30, 30, 30, 30, 30]","[0.040961534257951376, 0.040961534257951376, 0.040961534257951376, 0.040961534257951376, 0.040961534257951376]",{}
case_00_first_divergence,05fed739bf62f4fdcb2405ecaae33d1d21420a4ab0f81376b77841fb57661365,cghik_lost,near_singular,0,924c6eac2cbc15cc1de01b3d57f38f87b060c66e1406101e98eaedf1b6dfbca4,candidate_05,['refined_focal'],trac_5ms,True,"[-2.769077842429257, 0.5098540523811522, 0.1043995251422522, -0.2505828633438755, -1.7511541147344625, 2.74747693159723, -2.4941122778270035]",2.890867233338015e-07,2.0082692166881677e-08,0.04354742975108086,0.12822215757074318,0.018448963029235193,6.113093620385701e-05,8.899060028705718e-05,0.0035077283177467303,False,5,5,30,"[None, None, None, None, None]","[30, 30, 30, 30, 30]","[0.040961534257205306, 0.0409615342679899, 0.0409615342679899, 0.0409615342679899, 0.0409615342679899]",{}
case_00_pre_failure,05fed739bf62f4fdcb2405ecaae33d1d21420a4ab0f81376b77841fb57661365,cghik_lost,near_singular,119,8829e3f17af5b2a401d380d7639db5911ffa3875f5e5a89bef37f8562ae7a6c8,candidate_00,"['original_focal', 'common_input_always_hard', 'common_input_full_cghik']",trac_5ms,True,"[-2.6079751820393042, 0.9134472834046279, 0.09148757144933903, -0.448275987660695, -1.7210855120009896, 2.20239967120982, -2.283235892620581]",0.0009964227901341487,0.0002523716095368108,0.03856438063185316,0.28932481796069576,0.004096585113363696,0.4539239741415486,0.007925415783346566,4.534728039797828,True,5,0,30,"[120, 120, 120, 120, 120]","[0, 0, 0, 0, 0]","[None, None, None, None, None]",{'solver_failure': 5}
case_00_pre_failure,05fed739bf62f4fdcb2405ecaae33d1d21420a4ab0f81376b77841fb57661365,cghik_lost,near_singular,119,8829e3f17af5b2a401d380d7639db5911ffa3875f5e5a89bef37f8562ae7a6c8,candidate_00,"['original_focal', 'common_input_always_hard', 'common_input_full_cghik']",trac_100ms,True,"[-2.6079751820393042, 0.9134472834046279, 0.09148757144933903, -0.448275987660695, -1.7210855120009896, 2.20239967120982, -2.283235892620581]",0.0009964227901341487,0.0002523716095368108,0.03856438063185316,0.28932481796069576,0.004096585113363696,0.4539239741415486,0.007925415783346566,4.534728039797828,True,5,0,30,"[120, 120, 120, 120, 120]","[0, 0, 0, 0, 0]","[None, None, None, None, None]",{'solver_failure': 5}
case_00_pre_failure,05fed739bf62f4fdcb2405ecaae33d1d21420a4ab0f81376b77841fb57661365,cghik_lost,near_singular,119,8829e3f17af5b2a401d380d7639db5911ffa3875f5e5a89bef37f8562ae7a6c8,candidate_00,"['original_focal', 'common_input_always_hard', 'common_input_full_cghik']",trac_5ms_interior,True,"[-2.6079751820393042, 0.9134472834046279, 0.09148757144933903, -0.448275987660695, -1.7210855120009896, 2.20239967120982, -2.283235892620581]",0.0009964227901341487,0.0002523716095368108,0.03856438063185316,0.28932481796069576,0.004096585113363696,0.4539239741415486,0.007925415783346566,4.534728039797828,True,5,0,30,"[120, 120, 120, 120, 120]","[0, 0, 0, 0, 0]","[None, None, None, None, None]",{'solver_failure': 5}
case_00_pre_failure,05fed739bf62f4fdcb2405ecaae33d1d21420a4ab0f81376b77841fb57661365,cghik_lost,near_singular,119,8829e3f17af5b2a401d380d7639db5911ffa3875f5e5a89bef37f8562ae7a6c8,candidate_01,['refined_focal'],trac_5ms,True,"[-2.5979742384999733, 0.8894008984653249, 0.05001429332149801, -0.48684036829254607, -1.697173988185783, 2.207857386176326, -2.2633033147675623]",0.0006352896070353977,1.9276943506127664e-05,2.0816681711721685e-15,0.29932576150002665,0.010049417082049164,0.41245069601370754,0.07514283829199904,1.1989332914052373,False,5,5,30,"[None, None, None, None, None]","[30, 30, 30, 30, 30]","[0.003112626064557117, 0.003112626064557117, 0.003112626064557117, 0.003112626064557117, 0.003112626064557117]",{}
case_00_pre_failure,05fed739bf62f4fdcb2405ecaae33d1d21420a4ab0f81376b77841fb57661365,cghik_lost,near_singular,119,8829e3f17af5b2a401d380d7639db5911ffa3875f5e5a89bef37f8562ae7a6c8,candidate_01,['refined_focal'],trac_100ms,True,"[-2.5979742384999733, 0.8894008984653249, 0.05001429332149801, -0.48684036829254607, -1.697173988185783, 2.207857386176326, -2.2633033147675623]",0.0006352896070353977,1.9276943506127664e-05,2.0816681711721685e-15,0.29932576150002665,0.010049417082049164,0.41245069601370754,0.07514283829199904,1.1989332914052373,False,5,5,30,"[None, None, None, None, None]","[30, 30, 30, 30, 30]","[0.003112626064557117, 0.003112626064557117, 0.003112626064557117, 0.003112626064557117, 0.003112626064557117]",{}
case_00_pre_failure,05fed739bf62f4fdcb2405ecaae33d1d21420a4ab0f81376b77841fb57661365,cghik_lost,near_singular,119,8829e3f17af5b2a401d380d7639db5911ffa3875f5e5a89bef37f8562ae7a6c8,candidate_01,['refined_focal'],trac_5ms_interior,True,"[-2.5979742384999733, 0.8894008984653249, 0.05001429332149801, -0.48684036829254607, -1.697173988185783, 2.207857386176326, -2.2633033147675623]",0.0006352896070353977,1.9276943506127664e-05,2.0816681711721685e-15,0.29932576150002665,0.010049417082049164,0.41245069601370754,0.07514283829199904,1.1989332914052373,False,5,5,30,"[None, None, None, None, None]","[30, 30, 30, 30, 30]","[0.0031126260645492343, 0.0031126260645492343, 0.0031126260645492343, 0.0031126260645492343, 0.0031126260645492343]",{}
case_01_first_divergence,8007124479c3c7bc724a1818507bb840030dd31b60be2b3793048463dfa14ffc,trac_failed,smooth,0,fd8c36aeb79bb60b545fa229f8a8c0d52f95ddd3aaa3fe83eb518302f85c0cc8,candidate_00,"['original_focal', 'common_input_trac_0', 'common_input_trac_1', 'common_input_trac_2', 'common_input_trac_3', 'common_input_trac_4']",trac_5ms,True,"[-1.280097110117912, -0.268797981180957, -1.1576110482384108, -2.0274012555994356, -0.9627085782681762, 1.805014260306789, -1.4315626784557438]",9.971795332561256e-09,3.308704396145785e-08,0.03649897672356764,1.0443987444005645,0.09769639170367762,0.0017883180709403756,0.018054807334858924,0.2424253493861808,False,5,5,30,"[None, None, None, None, None]","[30, 30, 30, 30, 30]","[0.026966617051981695, 0.026970272955993663, 0.026970272955993663, 0.026970272955993663, 0.026968842116017605]",{}
case_01_first_divergence,8007124479c3c7bc724a1818507bb840030dd31b60be2b3793048463dfa14ffc,trac_failed,smooth,0,fd8c36aeb79bb60b545fa229f8a8c0d52f95ddd3aaa3fe83eb518302f85c0cc8,candidate_01,"['original_full_cghik', 'common_input_full_cghik', 'previous_first_dls']",trac_5ms,True,"[-1.280210284361249, -0.2689211583248266, -1.1574454955240356, -2.0274607334204133, -0.9628607619996147, 1.8048538478800988, -1.4315272925298075]",3.242936138532137e-05,0.00010687245340533521,0.036558454544545343,1.0443392665795868,0.09773583583075202,0.0016751438276032538,0.017942688623299972,0.24309037552999177,True,5,5,30,"[None, None, None, None, None]","[30, 30, 30, 30, 30]","[0.026970248415960768, 0.026968353733182543, 0.026970248415960768, 0.026970248415960768, 0.026967445429564224]",{}
case_01_first_divergence,8007124479c3c7bc724a1818507bb840030dd31b60be2b3793048463dfa14ffc,trac_failed,smooth,0,fd8c36aeb79bb60b545fa229f8a8c0d52f95ddd3aaa3fe83eb518302f85c0cc8,candidate_02,"['original_always_hard', 'common_input_always_hard']",trac_5ms,True,"[-1.2800256478556258, -0.2689819055950196, -1.1575847101805448, -2.0274287497888435, -0.9629078504883839, 1.804801986804578, -1.4315005183631024]",2.5810986201838528e-05,9.295095221105691e-05,0.03652647091297548,1.0443712502111566,0.09771952507735011,0.001859780333226535,0.017970165516023862,0.2427918329812808,False,5,5,30,"[None, None, None, None, None]","[30, 30, 30, 30, 30]","[0.026954299599112025, 0.026954299599112025, 0.026954299599112025, 0.026954299599112025, 0.026954299599112025]",{}
case_01_first_divergence,8007124479c3c7bc724a1818507bb840030dd31b60be2b3793048463dfa14ffc,trac_failed,smooth,0,fd8c36aeb79bb60b545fa229f8a8c0d52f95ddd3aaa3fe83eb518302f85c0cc8,candidate_03,['offline_reference'],trac_5ms,True,"[-1.2818854281888523, -0.2677735284072065, -1.1563724164282476, -2.0275091856784435, -0.9617990396352152, 1.805829312067121, -1.4320390527996498]",0.0,0.0,0.03660690680257553,1.0442908143215566,0.0977902540051637,0.0,0.018262940244462778,0.24247378946718393,False,5,5,30,"[None, None, None, None, None]","[30, 30, 30, 30, 30]","[0.027160824320808713, 0.027156791107419004, 0.027160824320808713, 0.027158239753735464, 0.027157111897969127]",{}
case_01_first_divergence,8007124479c3c7bc724a1818507bb840030dd31b60be2b3793048463dfa14ffc,trac_failed,smooth,0,fd8c36aeb79bb60b545fa229f8a8c0d52f95ddd3aaa3fe83eb518302f85c0cc8,candidate_04,['refined_focal'],trac_5ms,True,"[-1.2800970922972446, -0.2687979575336485, -1.1576110776148278, -2.027401259589622, -0.9627085442942479, 1.805014274317449, -1.431562701753216]",3.463988213542108e-10,3.0234042907297426e-11,0.03649898071375404,1.044398740410378,0.09769638507480034,0.0017883358916077619,0.018054826905450606,0.24242491626200996,False,5,5,30,"[None, None, None, None, None]","[30, 30, 30, 30, 30]","[0.026970273202174516, 0.026970273202174516, 0.02696719414752083, 0.026970273202174516, 0.026968620746863486]",{}
case_01_pre_failure,8007124479c3c7bc724a1818507bb840030dd31b60be2b3793048463dfa14ffc,trac_failed,smooth,33,77e6efdcd131605c671a134db0400b65f98b404df00debb376a60a91276c8bf1,candidate_00,"['original_focal', 'common_input_trac_0', 'common_input_trac_1', 'common_input_trac_2', 'common_input_trac_3', 'common_input_trac_4']",trac_5ms,True,"[-1.2914180546906595, -0.037589982794440834, -1.5313244762610967, -2.019454763082975, -1.0775894169894442, 1.86932830876188, -1.8392081849571111]",4.797061527757626e-08,1.1204994302359846e-07,0.013963475825982036,1.052345236917025,0.013263412453708696,0.21019283153921164,0.04470946473863865,0.7841856496773837,False,5,0,30,"[34, 34, 34, 34, 34]","[0, 0, 0, 0, 0]","[None, None, None, None, None]",{'solver_failure': 5}
case_01_pre_failure,8007124479c3c7bc724a1818507bb840030dd31b60be2b3793048463dfa14ffc,trac_failed,smooth,33,77e6efdcd131605c671a134db0400b65f98b404df00debb376a60a91276c8bf1,candidate_00,"['original_focal', 'common_input_trac_0', 'common_input_trac_1', 'common_input_trac_2', 'common_input_trac_3', 'common_input_trac_4']",trac_100ms,True,"[-1.2914180546906595, -0.037589982794440834, -1.5313244762610967, -2.019454763082975, -1.0775894169894442, 1.86932830876188, -1.8392081849571111]",4.797061527757626e-08,1.1204994302359846e-07,0.013963475825982036,1.052345236917025,0.013263412453708696,0.21019283153921164,0.04470946473863865,0.7841856496773837,False,5,0,30,"[34, 34, 34, 34, 34]","[0, 0, 0, 0, 0]","[None, None, None, None, None]",{'solver_failure': 5}
case_01_pre_failure,8007124479c3c7bc724a1818507bb840030dd31b60be2b3793048463dfa14ffc,trac_failed,smooth,33,77e6efdcd131605c671a134db0400b65f98b404df00debb376a60a91276c8bf1,candidate_00,"['original_focal', 'common_input_trac_0', 'common_input_trac_1', 'common_input_trac_2', 'common_input_trac_3', 'common_input_trac_4']",trac_5ms_interior,True,"[-1.2914180546906595, -0.037589982794440834, -1.5313244762610967, -2.019454763082975, -1.0775894169894442, 1.86932830876188, -1.8392081849571111]",4.797061527757626e-08,1.1204994302359846e-07,0.013963475825982036,1.052345236917025,0.013263412453708696,0.21019283153921164,0.04470946473863865,0.7841856496773837,False,5,0,30,"[34, 34, 34, 34, 34]","[0, 0, 0, 0, 0]","[None, None, None, None, None]",{'solver_failure': 5}
case_01_pre_failure,8007124479c3c7bc724a1818507bb840030dd31b60be2b3793048463dfa14ffc,trac_failed,smooth,33,77e6efdcd131605c671a134db0400b65f98b404df00debb376a60a91276c8bf1,candidate_01,['original_full_cghik'],trac_5ms,True,"[-1.284988198844716, -0.05272945225995254, -1.5310092118333611, -2.018260030185098, -1.0896627818183109, 1.8575754483035067, -1.833986765789358]",0.0002913531534525693,0.0004591612358663298,0.014278740253717587,1.053539969814902,0.01531676374920191,0.2166226873851551,0.03686962151743932,0.9387419364270841,False,5,0,30,"[34, 34, 34, 34, 34]","[0, 0, 0, 0, 0]","[None, None, None, None, None]",{'solver_failure': 5}
case_01_pre_failure,8007124479c3c7bc724a1818507bb840030dd31b60be2b3793048463dfa14ffc,trac_failed,smooth,33,77e6efdcd131605c671a134db0400b65f98b404df00debb376a60a91276c8bf1,candidate_02,['original_always_hard'],trac_5ms,True,"[-1.280788154718452, -0.05664013857389736, -1.5334224656040043, -2.017931411960723, -1.0928048853554497, 1.8545301932915468, -1.8326498377903953]",0.0002843083849314536,0.000440973187303991,0.011865486483074422,1.0538685880392773,0.01563957072353136,0.22082273151141907,0.04050301297752501,0.9443292562482987,False,5,0,30,"[34, 34, 34, 34, 34]","[0, 0, 0, 0, 0]","[None, None, None, None, None]",{'solver_failure': 5}
case_01_pre_failure,8007124479c3c7bc724a1818507bb840030dd31b60be2b3793048463dfa14ffc,trac_failed,smooth,33,77e6efdcd131605c671a134db0400b65f98b404df00debb376a60a91276c8bf1,candidate_03,"['common_input_always_hard', 'common_input_full_cghik']",trac_5ms,True,"[-1.2952425226198747, -0.04320821324724142, -1.5250716563641369, -2.019066235392833, -1.0819818203591778, 1.864965647178846, -1.837292050771576]",0.00024636802823378885,0.0003894819208121822,0.02021629572294184,1.0527337646071673,0.014876442177665062,0.20636836360999644,0.03425064891167538,0.8492993354598359,False,5,0,30,"[34, 34, 34, 34, 34]","[0, 0, 0, 0, 0]","[None, None, None, None, None]",{'solver_failure': 5}
case_01_pre_failure,8007124479c3c7bc724a1818507bb840030dd31b60be2b3793048463dfa14ffc,trac_failed,smooth,33,77e6efdcd131605c671a134db0400b65f98b404df00debb376a60a91276c8bf1,candidate_04,['previous_first_dls'],trac_5ms,True,"[-1.3042590881774443, -0.05371801165195698, -1.5112999687132591, -2.0196926517881475, -1.0904886005728491, 1.857226282714356, -1.8335933541235585]",0.0005161377627944948,0.0003532011672265263,0.033987983373819614,1.0521073482118526,0.018226568840212874,0.19735179805242686,0.016908120350344804,0.9795871164524431,True,5,0,30,"[34, 34, 34, 34, 34]","[0, 0, 0, 0, 0]","[None, None, None, None, None]",{'solver_failure': 5}
case_01_pre_failure,8007124479c3c7bc724a1818507bb840030dd31b60be2b3793048463dfa14ffc,trac_failed,smooth,33,77e6efdcd131605c671a134db0400b65f98b404df00debb376a60a91276c8bf1,candidate_04,['previous_first_dls'],trac_100ms,True,"[-1.3042590881774443, -0.05371801165195698, -1.5112999687132591, -2.0196926517881475, -1.0904886005728491, 1.857226282714356, -1.8335933541235585]",0.0005161377627944948,0.0003532011672265263,0.033987983373819614,1.0521073482118526,0.018226568840212874,0.19735179805242686,0.016908120350344804,0.9795871164524431,True,5,0,30,"[34, 34, 34, 34, 34]","[0, 0, 0, 0, 0]","[None, None, None, None, None]",{'solver_failure': 5}
case_01_pre_failure,8007124479c3c7bc724a1818507bb840030dd31b60be2b3793048463dfa14ffc,trac_failed,smooth,33,77e6efdcd131605c671a134db0400b65f98b404df00debb376a60a91276c8bf1,candidate_04,['previous_first_dls'],trac_5ms_interior,True,"[-1.3042590881774443, -0.05371801165195698, -1.5112999687132591, -2.0196926517881475, -1.0904886005728491, 1.857226282714356, -1.8335933541235585]",0.0005161377627944948,0.0003532011672265263,0.033987983373819614,1.0521073482118526,0.018226568840212874,0.19735179805242686,0.016908120350344804,0.9795871164524431,True,5,0,30,"[34, 34, 34, 34, 34]","[0, 0, 0, 0, 0]","[None, None, None, None, None]",{'solver_failure': 5}
case_01_pre_failure,8007124479c3c7bc724a1818507bb840030dd31b60be2b3793048463dfa14ffc,trac_failed,smooth,33,77e6efdcd131605c671a134db0400b65f98b404df00debb376a60a91276c8bf1,candidate_05,['refined_focal'],trac_5ms,True,"[-1.2914180068763617, -0.037589883577423426, -1.5313245601712437, -2.019454846184302, -1.0775893164925046, 1.869328375377989, -1.8392082479830762]",2.3081185164291658e-08,1.8900722185177956e-09,0.013963391915834983,1.0523451538156983,0.013263388569686124,0.2101928793535095,0.044709655832895524,0.78418464999957,False,5,0,30,"[34, 34, 34, 34, 34]","[0, 0, 0, 0, 0]","[None, None, None, None, None]",{'solver_failure': 5}
case_01_pre_failure,8007124479c3c7bc724a1818507bb840030dd31b60be2b3793048463dfa14ffc,trac_failed,smooth,33,77e6efdcd131605c671a134db0400b65f98b404df00debb376a60a91276c8bf1,candidate_05,['refined_focal'],trac_100ms,True,"[-1.2914180068763617, -0.037589883577423426, -1.5313245601712437, -2.019454846184302, -1.0775893164925046, 1.869328375377989, -1.8392082479830762]",2.3081185164291658e-08,1.8900722185177956e-09,0.013963391915834983,1.0523451538156983,0.013263388569686124,0.2101928793535095,0.044709655832895524,0.78418464999957,False,5,0,30,"[34, 34, 34, 34, 34]","[0, 0, 0, 0, 0]","[None, None, None, None, None]",{'solver_failure': 5}
case_01_pre_failure,8007124479c3c7bc724a1818507bb840030dd31b60be2b3793048463dfa14ffc,trac_failed,smooth,33,77e6efdcd131605c671a134db0400b65f98b404df00debb376a60a91276c8bf1,candidate_05,['refined_focal'],trac_5ms_interior,True,"[-1.2914180068763617, -0.037589883577423426, -1.5313245601712437, -2.019454846184302, -1.0775893164925046, 1.869328375377989, -1.8392082479830762]",2.3081185164291658e-08,1.8900722185177956e-09,0.013963391915834983,1.0523451538156983,0.013263388569686124,0.2101928793535095,0.044709655832895524,0.78418464999957,False,5,0,30,"[34, 34, 34, 34, 34]","[0, 0, 0, 0, 0]","[None, None, None, None, None]",{'solver_failure': 5}
case_02_first_divergence,a5b1761b74cefaee8b9e8d58bc938cbc4d6d190674ad988e14e10767e8f38c28,trac_failed,near_singular,0,a673acf4bb866bfae6359f79b8e28107fff7a753ba67d29ca112a5b02c504c8e,candidate_00,"['original_focal', 'common_input_trac_0', 'common_input_trac_1', 'common_input_trac_2']",trac_5ms,True,"[0.20435488273937163, -1.2634709212699162, -2.4148781129482173, -1.1972780397739577, 1.4909298802181061, 3.203516368966096, 1.3297726992305747]",3.324941196140058e-09,1.3417236184925504e-09,0.04353193240000022,0.4824218870517827,0.042937410223619604,1.1220705439685119e-05,0.00012002714088664803,0.004682185640424605,False,5,5,30,"[None, None, None, None, None]","[30, 30, 30, 30, 30]","[0.039734162482301244, 0.039734162482301244, 0.039734162482301244, 0.039734162482301244, 0.039734162482301244]",{}
case_02_first_divergence,a5b1761b74cefaee8b9e8d58bc938cbc4d6d190674ad988e14e10767e8f38c28,trac_failed,near_singular,0,a673acf4bb866bfae6359f79b8e28107fff7a753ba67d29ca112a5b02c504c8e,candidate_01,"['original_full_cghik', 'common_input_full_cghik', 'previous_first_dls']",trac_5ms,True,"[0.20438705422153192, -1.2634217628804079, -2.4148442456937835, -1.1973461073739575, 1.4908980671019785, 3.2034616258880892, 1.3297385540261388]",6.282830796546311e-05,0.0001643845024370403,0.0436,0.48245575430621646,0.04295002571213599,6.733052524166006e-05,0.0,0.0062424491429853,True,5,5,30,"[None, None, None, None, None]","[30, 30, 30, 30, 30]","[0.03973416248560327, 0.03973416248560327, 0.03973416248560327, 0.03973416248560327, 0.03973416248560327]",{}
case_02_first_divergence,a5b1761b74cefaee8b9e8d58bc938cbc4d6d190674ad988e14e10767e8f38c28,trac_failed,near_singular,0,a673acf4bb866bfae6359f79b8e28107fff7a753ba67d29ca112a5b02c504c8e,candidate_02,"['original_always_hard', 'common_input_always_hard']",trac_5ms,True,"[0.20407656834357618, -1.2636897050613365, -2.4143474891328562, -1.1973226860252424, 1.4903359594211851, 3.203809229517268, 1.3298852146460087]",1.0376865979001809e-06,2.131115777857959e-06,0.04310324343907271,0.48295251086714375,0.0429136417232464,0.0005827000914813141,0.0009347795453348367,0.004796852402306912,False,5,5,30,"[None, None, None, None, None]","[30, 30, 30, 30, 30]","[0.039733653035755184, 0.039733653035755184, 0.039733653035755184, 0.039733653035755184, 0.039733653035755184]",{}
case_02_first_divergence,a5b1761b74cefaee8b9e8d58bc938cbc4d6d190674ad988e14e10767e8f38c28,trac_failed,near_singular,0,a673acf4bb866bfae6359f79b8e28107fff7a753ba67d29ca112a5b02c504c8e,candidate_03,['offline_reference'],trac_5ms,True,"[0.20434969357527208, -1.2634750932075027, -2.4148681713688784, -1.1972787768487159, 1.4909186595126664, 3.203521832372624, 1.3297748475891986]",0.0,0.0,0.04353266947475834,0.48243182863112155,0.04293697048951685,0.0,0.00012129249817121136,0.004682060180009576,False,5,5,30,"[None, None, None, None, None]","[30, 30, 30, 30, 30]","[0.0397341528289922, 0.0397341528289922, 0.0397341528289922, 0.03973415238275116, 0.0397341528289922]",{}
case_02_first_divergence,a5b1761b74cefaee8b9e8d58bc938cbc4d6d190674ad988e14e10767e8f38c28,trac_failed,near_singular,0,a673acf4bb866bfae6359f79b8e28107fff7a753ba67d29ca112a5b02c504c8e,candidate_04,"['common_input_trac_3', 'common_input_trac_4']",trac_5ms,True,"[0.20432555943606978, -1.2634428100604558, -2.4148777351721336, -1.1973240213979741, 1.4909311280223498, 3.2035056926792813, 1.3297725645831382]",1.1537642023875366e-05,7.51417613261186e-06,0.043538505214537865,0.48242226482786643,0.042940255501227036,4.524454925824983e-05,0.0001001276807455048,0.0057367432296153015,False,5,5,30,"[None, None, None, None, None]","[30, 30, 30, 30, 30]","[0.03973416246895836, 0.03973416246895836, 0.03973416209141703, 0.039734161873320156, 0.03973416246895836]",{}
case_02_first_divergence,a5b1761b74cefaee8b9e8d58bc938cbc4d6d190674ad988e14e10767e8f38c28,trac_failed,near_singular,0,a673acf4bb866bfae6359f79b8e28107fff7a753ba67d29ca112a5b02c504c8e,candidate_05,['refined_focal'],trac_5ms,True,"[0.20435488877194413, -1.2634709216795066, -2.4148781212228734, -1.1972780360537765, 1.4909298694425097, 3.2035163654413696, 1.3297727167901656]",2.1757150116054305e-09,7.278483706173329e-10,0.04353192867981895,0.4824218787771266,0.04293741123090906,1.1209929843269961e-05,0.00012003067016755814,0.004682098933006653,False,5,5,30,"[None, None, None, None, None]","[30, 30, 30, 30, 30]","[0.03973416248157027, 0.03973416248157027, 0.03973416248157027, 0.03973416248157027, 0.03973416248157027]",{}
case_02_pre_failure,a5b1761b74cefaee8b9e8d58bc938cbc4d6d190674ad988e14e10767e8f38c28,trac_failed,near_singular,86,4b867099b853a697c8cfbedddf723fae985c90e1b4ab11e164d0e46edb92af02,candidate_00,"['original_focal', 'common_input_trac_0', 'common_input_trac_1', 'common_input_trac_2', 'common_input_trac_3', 'common_input_trac_4']",trac_5ms,True,"[0.1339159760878378, -1.4362053789811409, -2.8963581400399048, -1.0285045822736745, 1.505862407238179, 3.3895163866779106, 2.0116520599769645]",2.801267437542129e-07,4.956764969979489e-07,0.018645897063469516,0.0009418599600952149,0.010166478641879738,0.47527424276758334,0.04353251223010024,0.6069219236475819,False,5,0,30,"[87, 87, 87, 87, 87]","[0, 0, 0, 0, 0]","[None, None, None, None, None]",{'solver_failure': 5}
case_02_pre_failure,a5b1761b74cefaee8b9e8d58bc938cbc4d6d190674ad988e14e10767e8f38c28,trac_failed,near_singular,86,4b867099b853a697c8cfbedddf723fae985c90e1b4ab11e164d0e46edb92af02,candidate_00,"['original_focal', 'common_input_trac_0', 'common_input_trac_1', 'common_input_trac_2', 'common_input_trac_3', 'common_input_trac_4']",trac_100ms,True,"[0.1339159760878378, -1.4362053789811409, -2.8963581400399048, -1.0285045822736745, 1.505862407238179, 3.3895163866779106, 2.0116520599769645]",2.801267437542129e-07,4.956764969979489e-07,0.018645897063469516,0.0009418599600952149,0.010166478641879738,0.47527424276758334,0.04353251223010024,0.6069219236475819,False,5,0,30,"[87, 87, 87, 87, 87]","[0, 0, 0, 0, 0]","[None, None, None, None, None]",{'solver_failure': 5}
case_02_pre_failure,a5b1761b74cefaee8b9e8d58bc938cbc4d6d190674ad988e14e10767e8f38c28,trac_failed,near_singular,86,4b867099b853a697c8cfbedddf723fae985c90e1b4ab11e164d0e46edb92af02,candidate_00,"['original_focal', 'common_input_trac_0', 'common_input_trac_1', 'common_input_trac_2', 'common_input_trac_3', 'common_input_trac_4']",trac_5ms_interior,True,"[0.1339159760878378, -1.4362053789811409, -2.8963581400399048, -1.0285045822736745, 1.505862407238179, 3.3895163866779106, 2.0116520599769645]",2.801267437542129e-07,4.956764969979489e-07,0.018645897063469516,0.0009418599600952149,0.010166478641879738,0.47527424276758334,0.04353251223010024,0.6069219236475819,False,5,0,30,"[87, 87, 87, 87, 87]","[0, 0, 0, 0, 0]","[None, None, None, None, None]",{'solver_failure': 5}
case_02_pre_failure,a5b1761b74cefaee8b9e8d58bc938cbc4d6d190674ad988e14e10767e8f38c28,trac_failed,near_singular,86,4b867099b853a697c8cfbedddf723fae985c90e1b4ab11e164d0e46edb92af02,candidate_01,['common_input_always_hard'],trac_5ms,True,"[0.12555167309174572, -1.439678927371401, -2.880800628242258, -1.021940498554399, 1.511387866505251, 3.3968304203067414, 1.9902285398763206]",0.00017360383181132084,0.0004378030918652386,0.0346027340622829,0.016499371757741965,0.008926822444484835,0.4538507226669395,0.01558128236904559,1.0692533833454065,False,5,0,30,"[87, 87, 87, 87, 87]","[0, 0, 0, 0, 0]","[None, None, None, None, None]",{'solver_failure': 5}
case_02_pre_failure,a5b1761b74cefaee8b9e8d58bc938cbc4d6d190674ad988e14e10767e8f38c28,trac_failed,near_singular,86,4b867099b853a697c8cfbedddf723fae985c90e1b4ab11e164d0e46edb92af02,candidate_02,['common_input_full_cghik'],trac_5ms,True,"[0.12661309619172795, -1.439178292548525, -2.8828031655548183, -1.0228810751006057, 1.510462128638481, 3.3959008222764306, 1.993216019462576]",0.0001486605470217068,0.00039968775269791146,0.032600196749722615,0.014496834445181683,0.009092747847001188,0.45683820225319494,0.01898528163076854,1.0023739190562857,False,5,0,30,"[87, 87, 87, 87, 87]","[0, 0, 0, 0, 0]","[None, None, None, None, None]",{'solver_failure': 5}
case_02_pre_failure,a5b1761b74cefaee8b9e8d58bc938cbc4d6d190674ad988e14e10767e8f38c28,trac_failed,near_singular,86,4b867099b853a697c8cfbedddf723fae985c90e1b4ab11e164d0e46edb92af02,candidate_03,['previous_first_dls'],trac_5ms,True,"[0.12207997354135901, -1.4408357050322766, -2.8744727938014156, -1.0197980718665582, 1.5132457991027564, 3.3995532979433967, 1.9818115841882704]",0.00026174741956751316,0.00057635111478146,0.03916347622441023,0.02282720619858436,0.008480524181356986,0.44543376697888926,0.009282373242642902,1.2654973661778646,True,5,0,30,"[87, 87, 87, 87, 87]","[0, 0, 0, 0, 0]","[None, None, None, None, None]",{'solver_failure': 5}
case_02_pre_failure,a5b1761b74cefaee8b9e8d58bc938cbc4d6d190674ad988e14e10767e8f38c28,trac_failed,near_singular,86,4b867099b853a697c8cfbedddf723fae985c90e1b4ab11e164d0e46edb92af02,candidate_03,['previous_first_dls'],trac_100ms,True,"[0.12207997354135901, -1.4408357050322766, -2.8744727938014156, -1.0197980718665582, 1.5132457991027564, 3.3995532979433967, 1.9818115841882704]",0.00026174741956751316,0.00057635111478146,0.03916347622441023,0.02282720619858436,0.008480524181356986,0.44543376697888926,0.009282373242642902,1.2654973661778646,True,5,0,30,"[87, 87, 87, 87, 87]","[0, 0, 0, 0, 0]","[None, None, None, None, None]",{'solver_failure': 5}
case_02_pre_failure,a5b1761b74cefaee8b9e8d58bc938cbc4d6d190674ad988e14e10767e8f38c28,trac_failed,near_singular,86,4b867099b853a697c8cfbedddf723fae985c90e1b4ab11e164d0e46edb92af02,candidate_03,['previous_first_dls'],trac_5ms_interior,True,"[0.12207997354135901, -1.4408357050322766, -2.8744727938014156, -1.0197980718665582, 1.5132457991027564, 3.3995532979433967, 1.9818115841882704]",0.00026174741956751316,0.00057635111478146,0.03916347622441023,0.02282720619858436,0.008480524181356986,0.44543376697888926,0.009282373242642902,1.2654973661778646,True,5,0,30,"[87, 87, 87, 87, 87]","[0, 0, 0, 0, 0]","[None, None, None, None, None]",{'solver_failure': 5}
case_02_pre_failure,a5b1761b74cefaee8b9e8d58bc938cbc4d6d190674ad988e14e10767e8f38c28,trac_failed,near_singular,86,4b867099b853a697c8cfbedddf723fae985c90e1b4ab11e164d0e46edb92af02,candidate_04,['refined_focal'],trac_5ms,True,"[0.13391623808719288, -1.436206401385364, -2.896357870576206, -1.02850323753735, 1.5058621646088304, 3.38951638542389, 2.011651829666365]",1.1432922792336689e-07,3.398258268109271e-08,0.018646127374068996,0.0009421294237941247,0.010166501246567641,0.47527401245698386,0.043531974905250244,0.6069244568913956,False,5,0,30,"[87, 87, 87, 87, 87]","[0, 0, 0, 0, 0]","[None, None, None, None, None]",{'solver_failure': 5}
case_02_pre_failure,a5b1761b74cefaee8b9e8d58bc938cbc4d6d190674ad988e14e10767e8f38c28,trac_failed,near_singular,86,4b867099b853a697c8cfbedddf723fae985c90e1b4ab11e164d0e46edb92af02,candidate_04,['refined_focal'],trac_100ms,True,"[0.13391623808719288, -1.436206401385364, -2.896357870576206, -1.02850323753735, 1.5058621646088304, 3.38951638542389, 2.011651829666365]",1.1432922792336689e-07,3.398258268109271e-08,0.018646127374068996,0.0009421294237941247,0.010166501246567641,0.47527401245698386,0.043531974905250244,0.6069244568913956,False,5,0,30,"[87, 87, 87, 87, 87]","[0, 0, 0, 0, 0]","[None, None, None, None, None]",{'solver_failure': 5}
case_02_pre_failure,a5b1761b74cefaee8b9e8d58bc938cbc4d6d190674ad988e14e10767e8f38c28,trac_failed,near_singular,86,4b867099b853a697c8cfbedddf723fae985c90e1b4ab11e164d0e46edb92af02,candidate_04,['refined_focal'],trac_5ms_interior,True,"[0.13391623808719288, -1.436206401385364, -2.896357870576206, -1.02850323753735, 1.5058621646088304, 3.38951638542389, 2.011651829666365]",1.1432922792336689e-07,3.398258268109271e-08,0.018646127374068996,0.0009421294237941247,0.010166501246567641,0.47527401245698386,0.043531974905250244,0.6069244568913956,False,5,0,30,"[87, 87, 87, 87, 87]","[0, 0, 0, 0, 0]","[None, None, None, None, None]",{'solver_failure': 5}
case_03_first_divergence,b82acfb0f8aeca32d455788ace0eae3c1ac31cfac5269c5a38c8b080b1192218,trac_failed,near_singular,0,fb87d31cb6bf5fb8f7ff0dad1d373f19d33a57ce0a66e717bee8e949106be457,candidate_00,"['original_focal', 'common_input_trac_0', 'common_input_trac_1', 'common_input_trac_2', 'common_input_trac_3']",trac_5ms,True,"[-2.504949778291923, -0.24192249941025776, -1.1367520792869639, -0.6404758293466724, 1.8483534093441356, 0.4584074910074925, -0.9128981669019437]",4.058734514247816e-10,1.6976624440956206e-09,0.04354974553679783,0.3923502217080772,0.013624370235939084,2.9877904111907938e-05,0.00010825899339861081,0.0034567073270990478,False,5,5,30,"[None, None, None, None, None]","[30, 30, 30, 30, 30]","[0.040741704432156106, 0.040741704432156106, 0.040741704432156106, 0.040741704432156106, 0.040741704432156106]",{}
case_03_first_divergence,b82acfb0f8aeca32d455788ace0eae3c1ac31cfac5269c5a38c8b080b1192218,trac_failed,near_singular,0,fb87d31cb6bf5fb8f7ff0dad1d373f19d33a57ce0a66e717bee8e949106be457,candidate_01,"['original_full_cghik', 'common_input_full_cghik', 'previous_first_dls']",trac_5ms,True,"[-2.5049632783701505, -0.241956484604905, -1.1367095106305023, -0.6405260838098745, 1.8483792282351552, 0.45845798166166185, -0.9129513575139697]",1.5136034114571372e-05,0.0001322111914963572,0.0436,0.39233672162984945,0.013628793156380839,5.569679513151016e-05,0.0,0.0046084038886043295,True,5,5,30,"[None, None, None, None, None]","[30, 30, 30, 30, 30]","[0.04074170443062711, 0.04074170443062711, 0.04074170443062711, 0.04074170443062711, 0.04074170443062711]",{}
case_03_first_divergence,b82acfb0f8aeca32d455788ace0eae3c1ac31cfac5269c5a38c8b080b1192218,trac_failed,near_singular,0,fb87d31cb6bf5fb8f7ff0dad1d373f19d33a57ce0a66e717bee8e949106be457,candidate_02,"['original_always_hard', 'common_input_always_hard']",trac_5ms,True,"[-2.5048812253588673, -0.24185116215712493, -1.136138727995607, -0.6407205380117209, 1.8493435336569584, 0.45784559498471333, -0.9133046658503133]",0.00014561394492133525,0.0020907279467028902,0.043029217365104705,0.39241877464113273,0.01364055888031801,0.0010200022169346568,0.001345793422756127,0.020020019532986134,False,5,5,30,"[None, None, None, None, None]","[30, 30, 30, 30, 30]","[0.04074189888789495, 0.04074189888955029, 0.04074189888955029, 0.04074189888955029, 0.04074189888955029]",{}
case_03_first_divergence,b82acfb0f8aeca32d455788ace0eae3c1ac31cfac5269c5a38c8b080b1192218,trac_failed,near_singular,0,fb87d31cb6bf5fb8f7ff0dad1d373f19d33a57ce0a66e717bee8e949106be457,candidate_03,['offline_reference'],trac_5ms,True,"[-2.5049292791458604, -0.2419312056799593, -1.136744939389585, -0.6404738585148823, 1.8483235314400237, 0.4584156706549477, -0.9129006675138082]",0.0,0.0,0.04354777470500773,0.3923707208541396,0.013624681786202245,0.0,0.0001150629397302855,0.0034565814963818135,False,5,5,30,"[None, None, None, None, None]","[30, 30, 30, 30, 30]","[0.04074169419558385, 0.04074169410926812, 0.04074169410926812, 0.04074169410926812, 0.04074169410926812]",{}
case_03_first_divergence,b82acfb0f8aeca32d455788ace0eae3c1ac31cfac5269c5a38c8b080b1192218,trac_failed,near_singular,0,fb87d31cb6bf5fb8f7ff0dad1d373f19d33a57ce0a66e717bee8e949106be457,candidate_04,['common_input_trac_4'],trac_5ms,True,"[-2.5049839576407127, -0.24192118880149044, -1.1367179867387074, -0.6404981716665734, 1.8483389465270064, 0.45841083407016553, -0.912919368668709]",6.31543880110546e-06,7.921780358451609e-06,0.04356470419658545,0.3923160423592873,0.01362579936312739,5.4678494852300474e-05,8.598346201469139e-05,0.00396890849831549,False,5,5,30,"[None, None, None, None, None]","[30, 30, 30, 30, 30]","[0.0407417044262223, 0.0407417044262223, 0.0407417044262223, 0.0407417044262223, 0.0407417044262223]",{}
case_03_first_divergence,b82acfb0f8aeca32d455788ace0eae3c1ac31cfac5269c5a38c8b080b1192218,trac_failed,near_singular,0,fb87d31cb6bf5fb8f7ff0dad1d373f19d33a57ce0a66e717bee8e949106be457,candidate_05,['refined_focal'],trac_5ms,True,"[-2.504949777756803, -0.24192249977621574, -1.1367520790362373, -0.6404758299498716, 1.8483534098910304, 0.4584074907633846, -0.9128981671554693]",3.3841451369822226e-10,5.4779914762907644e-11,0.0435497461399971,0.39235022224319716,0.013624370288441852,2.9878451006659645e-05,0.00010825842550769451,0.0034567210608483934,False,5,5,30,"[None, None, None, None, None]","[30, 30, 30, 30, 30]","[0.040741704432177644, 0.040741704432177644, 0.040741704432177644, 0.040741704433107456, 0.040741704432177644]",{}
case_03_pre_failure,b82acfb0f8aeca32d455788ace0eae3c1ac31cfac5269c5a38c8b080b1192218,trac_failed,near_singular,86,c65c8fabc9ce4b2502a3fd76b1bd4d142281197ba4734fed6019de61d6e9d137,candidate_00,['original_focal'],trac_5ms,True,"[-2.5349211704867685, -0.0892611422010342, -1.189669151620736, -0.3673078744945731, 1.5725777802751864, 0.20570825140077728, -0.658067130862223]",7.696901722026089e-06,8.760032423609952e-06,0.012707235724513627,0.22320825140077727,0.0002493249099799507,0.22353421981299704,0.046737202864593076,1.862951528917517,False,5,0,30,"[87, 87, 87, 87, 87]","[0, 0, 0, 0, 0]","[None, None, None, None, None]",{'solver_failure': 5}
case_03_pre_failure,b82acfb0f8aeca32d455788ace0eae3c1ac31cfac5269c5a38c8b080b1192218,trac_failed,near_singular,86,c65c8fabc9ce4b2502a3fd76b1bd4d142281197ba4734fed6019de61d6e9d137,candidate_00,['original_focal'],trac_100ms,True,"[-2.5349211704867685, -0.0892611422010342, -1.189669151620736, -0.3673078744945731, 1.5725777802751864, 0.20570825140077728, -0.658067130862223]",7.696901722026089e-06,8.760032423609952e-06,0.012707235724513627,0.22320825140077727,0.0002493249099799507,0.22353421981299704,0.046737202864593076,1.862951528917517,False,5,0,30,"[87, 87, 87, 87, 87]","[0, 0, 0, 0, 0]","[None, None, None, None, None]","{'solver_failure': 3, 'velocity_violation': 2}"
case_03_pre_failure,b82acfb0f8aeca32d455788ace0eae3c1ac31cfac5269c5a38c8b080b1192218,trac_failed,near_singular,86,c65c8fabc9ce4b2502a3fd76b1bd4d142281197ba4734fed6019de61d6e9d137,candidate_00,['original_focal'],trac_5ms_interior,True,"[-2.5349211704867685, -0.0892611422010342, -1.189669151620736, -0.3673078744945731, 1.5725777802751864, 0.20570825140077728, -0.658067130862223]",7.696901722026089e-06,8.760032423609952e-06,0.012707235724513627,0.22320825140077727,0.0002493249099799507,0.22353421981299704,0.046737202864593076,1.862951528917517,False,5,0,30,"[87, 87, 87, 87, 87]","[0, 0, 0, 0, 0]","[None, None, None, None, None]",{'solver_failure': 5}
case_03_pre_failure,b82acfb0f8aeca32d455788ace0eae3c1ac31cfac5269c5a38c8b080b1192218,trac_failed,near_singular,86,c65c8fabc9ce4b2502a3fd76b1bd4d142281197ba4734fed6019de61d6e9d137,candidate_01,['common_input_always_hard'],trac_5ms,True,"[-2.528710082226894, -0.08338303788401653, -1.2222101501739109, -0.36391497181330434, 1.6039659167939055, 0.20140277860745343, -0.6533914238009632]",9.642337840301654e-05,0.0003441261365431521,0.03861094543608248,0.21890277860745344,0.00028624882904059454,0.21732313155312255,0.008741015335158968,1.8498018643371517,False,5,0,30,"[87, 87, 87, 87, 87]","[0, 0, 0, 0, 0]","[None, None, None, None, None]",{'solver_failure': 5}
case_03_pre_failure,b82acfb0f8aeca32d455788ace0eae3c1ac31cfac5269c5a38c8b080b1192218,trac_failed,near_singular,86,c65c8fabc9ce4b2502a3fd76b1bd4d142281197ba4734fed6019de61d6e9d137,candidate_02,['common_input_full_cghik'],trac_5ms,True,"[-2.529334782318345, -0.08340566375526158, -1.2216001320502665, -0.3640158112283314, 1.6037277433310686, 0.20150417841750531, -0.653631709393563]",0.00011999078866618652,0.000392306490227181,0.038711784851109515,0.2190041784175053,0.0002866770547688403,0.21794783164457376,0.008618640175613994,1.8497655220020763,False,5,0,30,"[87, 87, 87, 87, 87]","[0, 0, 0, 0, 0]","[None, None, None, None, None]",{'solver_failure': 5}
case_03_pre_failure,b82acfb0f8aeca32d455788ace0eae3c1ac31cfac5269c5a38c8b080b1192218,trac_failed,near_singular,86,c65c8fabc9ce4b2502a3fd76b1bd4d142281197ba4734fed6019de61d6e9d137,candidate_03,['common_input_trac_0'],trac_5ms,True,"[-2.5507671430090397, -0.08411505927221458, -1.1998834291908715, -0.36649507833763145, 1.600038483094284, 0.20133055378709389, -0.6567452394387779]",1.0058986237072196e-05,1.2829951417660266e-06,0.02025183991752258,0.21883055378709387,0.00032595627287302525,0.2393801923352683,0.032299860444439034,1.5207156578326484,False,5,0,30,"[87, 87, 87, 87, 87]","[0, 0, 0, 0, 0]","[None, None, None, None, None]",{'solver_failure': 5}
case_03_pre_failure,b82acfb0f8aeca32d455788ace0eae3c1ac31cfac5269c5a38c8b080b1192218,trac_failed,near_singular,86,c65c8fabc9ce4b2502a3fd76b1bd4d142281197ba4734fed6019de61d6e9d137,candidate_04,['common_input_trac_1'],trac_5ms,True,"[-2.531512819240757, -0.08750697162942088, -1.2005469422573007, -0.3660268227637271, 1.581868099346793, 0.2044559492891491, -0.6562679119728616]",8.61493424330386e-06,8.764717922293213e-07,0.023585026361078315,0.22195594928914908,0.00024240027911772067,0.2201258685669858,0.032309955917823895,2.0714718511122365,False,5,0,30,"[87, 87, 87, 87, 87]","[0, 0, 0, 0, 0]","[None, None, None, None, None]",{'solver_failure': 5}
case_03_pre_failure,b82acfb0f8aeca32d455788ace0eae3c1ac31cfac5269c5a38c8b080b1192218,trac_failed,near_singular,86,c65c8fabc9ce4b2502a3fd76b1bd4d142281197ba4734fed6019de61d6e9d137,candidate_05,['common_input_trac_2'],trac_5ms,True,"[-2.5433440208569817, -0.08523877548381668, -1.2010169293360258, -0.36622972352107314, 1.594029734397335, 0.20238504531401103, -0.6564437044893415]",9.963942424742873e-06,2.0326709489743167e-06,0.024055013439803347,0.21988504531401104,0.0002934182033252739,0.23195707018321032,0.028510813353316417,1.6980654917430724,False,5,0,30,"[87, 87, 87, 87, 87]","[0, 0, 0, 0, 0]","[None, None, None, None, None]",{'solver_failure': 5}
case_03_pre_failure,b82acfb0f8aeca32d455788ace0eae3c1ac31cfac5269c5a38c8b080b1192218,trac_failed,near_singular,86,c65c8fabc9ce4b2502a3fd76b1bd4d142281197ba4734fed6019de61d6e9d137,candidate_06,['common_input_trac_3'],trac_5ms,True,"[-2.528477404408162, -0.08786365850673133, -1.2014675172217166, -0.3658666417596663, 1.579924074800165, 0.20480808253201907, -0.656092290248597]",1.0257220165230309e-05,2.6777622283461055e-06,0.024505601325494203,0.22230808253201906,0.00023225002167007872,0.21709045373439073,0.03308160184832123,2.178303641157628,False,5,0,30,"[87, 87, 87, 87, 87]","[0, 0, 0, 0, 0]","[None, None, None, None, None]",{'solver_failure': 5}
case_03_pre_failure,b82acfb0f8aeca32d455788ace0eae3c1ac31cfac5269c5a38c8b080b1192218,trac_failed,near_singular,86,c65c8fabc9ce4b2502a3fd76b1bd4d142281197ba4734fed6019de61d6e9d137,candidate_07,['common_input_trac_4'],trac_5ms,True,"[-2.5173815741383136, -0.08816259707658582, -1.2093995127249058, -0.3647280213446155, 1.5783841320469059, 0.20534004410487536, -0.654457410074446]",1.2278883904473427e-05,1.3097386867472108e-06,0.024040351539284396,0.22284004410487535,0.00019950068720402955,0.20599462346454223,0.0324782867727004,2.6377155703493456,False,5,0,30,"[87, 87, 87, 87, 87]","[0, 0, 0, 0, 0]","[None, None, None, None, None]",{'solver_failure': 5}
case_03_pre_failure,b82acfb0f8aeca32d455788ace0eae3c1ac31cfac5269c5a38c8b080b1192218,trac_failed,near_singular,86,c65c8fabc9ce4b2502a3fd76b1bd4d142281197ba4734fed6019de61d6e9d137,candidate_08,['previous_first_dls'],trac_5ms,True,"[-2.5293365810307753, -0.08340744942955287, -1.2216109910089912, -0.36403473292596605, 1.6037275602784078, 0.20151872410669536, -0.6536678311232419]",0.00012743603131497782,0.00042568178738599675,0.03873070654874419,0.21901872410669537,0.0002869275231561069,0.21794963035700388,0.008586508273151439,1.8504475886600487,True,5,0,30,"[87, 87, 87, 87, 87]","[0, 0, 0, 0, 0]","[None, None, None, None, None]",{'solver_failure': 5}
case_03_pre_failure,b82acfb0f8aeca32d455788ace0eae3c1ac31cfac5269c5a38c8b080b1192218,trac_failed,near_singular,86,c65c8fabc9ce4b2502a3fd76b1bd4d142281197ba4734fed6019de61d6e9d137,candidate_08,['previous_first_dls'],trac_100ms,True,"[-2.5293365810307753, -0.08340744942955287, -1.2216109910089912, -0.36403473292596605, 1.6037275602784078, 0.20151872410669536, -0.6536678311232419]",0.00012743603131497782,0.00042568178738599675,0.03873070654874419,0.21901872410669537,0.0002869275231561069,0.21794963035700388,0.008586508273151439,1.8504475886600487,True,5,0,30,"[87, 87, 87, 87, 87]","[0, 0, 0, 0, 0]","[None, None, None, None, None]",{'solver_failure': 5}
case_03_pre_failure,b82acfb0f8aeca32d455788ace0eae3c1ac31cfac5269c5a38c8b080b1192218,trac_failed,near_singular,86,c65c8fabc9ce4b2502a3fd76b1bd4d142281197ba4734fed6019de61d6e9d137,candidate_08,['previous_first_dls'],trac_5ms_interior,True,"[-2.5293365810307753, -0.08340744942955287, -1.2216109910089912, -0.36403473292596605, 1.6037275602784078, 0.20151872410669536, -0.6536678311232419]",0.00012743603131497782,0.00042568178738599675,0.03873070654874419,0.21901872410669537,0.0002869275231561069,0.21794963035700388,0.008586508273151439,1.8504475886600487,True,5,0,30,"[87, 87, 87, 87, 87]","[0, 0, 0, 0, 0]","[None, None, None, None, None]",{'solver_failure': 5}
case_03_pre_failure,b82acfb0f8aeca32d455788ace0eae3c1ac31cfac5269c5a38c8b080b1192218,trac_failed,near_singular,86,c65c8fabc9ce4b2502a3fd76b1bd4d142281197ba4734fed6019de61d6e9d137,candidate_09,['refined_focal'],trac_5ms,True,"[-2.552623167477403, -0.08880765663354132, -1.177019656447354, -0.3691154977395197, 1.5751000687517562, 0.20486835842983628, -0.6606100115249115]",3.5247562401155557e-08,1.7449655726685776e-09,5.7740551131640894e-05,0.22236835842983627,0.0003024363950231297,0.24123621680363172,0.059531516095794934,1.3636507809694842,False,5,0,30,"[88, 88, 87, 87, 88]","[1, 1, 0, 0, 1]","[0.004300194621600278, None, 0.010585869491487238, 0.004602201946712597, None]",{'solver_failure': 5}
case_03_pre_failure,b82acfb0f8aeca32d455788ace0eae3c1ac31cfac5269c5a38c8b080b1192218,trac_failed,near_singular,86,c65c8fabc9ce4b2502a3fd76b1bd4d142281197ba4734fed6019de61d6e9d137,candidate_09,['refined_focal'],trac_100ms,True,"[-2.552623167477403, -0.08880765663354132, -1.177019656447354, -0.3691154977395197, 1.5751000687517562, 0.20486835842983628, -0.6606100115249115]",3.5247562401155557e-08,1.7449655726685776e-09,5.7740551131640894e-05,0.22236835842983627,0.0003024363950231297,0.24123621680363172,0.059531516095794934,1.3636507809694842,False,5,0,30,"[88, 87, 87, 87, 87]","[1, 0, 0, 0, 0]","[None, None, None, 0.005647745718479064, None]","{'velocity_violation': 4, 'solver_failure': 1}"
case_03_pre_failure,b82acfb0f8aeca32d455788ace0eae3c1ac31cfac5269c5a38c8b080b1192218,trac_failed,near_singular,86,c65c8fabc9ce4b2502a3fd76b1bd4d142281197ba4734fed6019de61d6e9d137,candidate_09,['refined_focal'],trac_5ms_interior,True,"[-2.552623167477403, -0.08880765663354132, -1.177019656447354, -0.3691154977395197, 1.5751000687517562, 0.20486835842983628, -0.6606100115249115]",3.5247562401155557e-08,1.7449655726685776e-09,5.7740551131640894e-05,0.22236835842983627,0.0003024363950231297,0.24123621680363172,0.059531516095794934,1.3636507809694842,False,5,0,30,"[87, 88, 87, 88, 88]","[0, 1, 0, 1, 1]","[0.002153661595517914, None, None, 1.3877787807814457e-16, 0.005091378382705486]",{'solver_failure': 5}
case_04_first_divergence,c27ce734147fac572ca1ddd088565aeb5f022220251ef6f10a5d3db6670559b0,cghik_lost,near_singular,0,e9a8a66b66f3cf9f4b559642af7d7a6e4236d472817666322f4ac770b8f6ecdc,candidate_00,"['original_focal', 'common_input_full_cghik', 'previous_first_dls']",trac_5ms,True,"[-2.152995687987356, 0.014755304669894664, -1.9239560078813482, -0.6338345672497372, -0.8235175465456726, 2.6820017398225584, 0.904646526131038]",3.38434638082115e-05,0.0001272413945737425,0.0436,0.5640345672497372,0.002938804516530445,5.807579478256386e-05,0.0,0.004746566461501486,True,5,5,30,"[None, None, None, None, None]","[30, 30, 30, 30, 30]","[0.04124159759692006, 0.04124159759692006, 0.04124159759692006, 0.04124159759692006, 0.04124159759692006]",{}
case_04_first_divergence,c27ce734147fac572ca1ddd088565aeb5f022220251ef6f10a5d3db6670559b0,cghik_lost,near_singular,0,e9a8a66b66f3cf9f4b559642af7d7a6e4236d472817666322f4ac770b8f6ecdc,candidate_01,"['original_always_hard', 'common_input_always_hard']",trac_5ms,True,"[-2.152826920840823, 0.014585653814653321, -1.923590636560253, -0.6336164782200786, -0.8233077518603116, 2.680355880608081, 0.9033149853751105]",0.00012645148817808257,0.0015861675586513245,0.043234628678904846,0.5638164782200786,0.002931059410359606,0.0015877834196946772,0.0021827024392140283,0.02769169047906693,False,5,5,30,"[None, None, None, None, None]","[30, 30, 30, 30, 30]","[0.04124080838934482, 0.04124080838934482, 0.04124080838934482, 0.04124080838934482, 0.041240740055369714]",{}
case_04_first_divergence,c27ce734147fac572ca1ddd088565aeb5f022220251ef6f10a5d3db6670559b0,cghik_lost,near_singular,0,e9a8a66b66f3cf9f4b559642af7d7a6e4236d472817666322f4ac770b8f6ecdc,candidate_02,"['original_trac_ik_5ms', 'common_input_trac_0', 'common_input_trac_1', 'common_input_trac_2', 'common_input_trac_3', 'common_input_trac_4']",trac_5ms,True,"[-2.1529964323085817, 0.014724371586567956, -1.923966838934454, -0.6338018500567796, -0.8234561523698438, 2.681945664399065, 0.9046785388229517]",1.116170603116768e-09,1.3203244942388585e-09,0.04356728280704239,0.5640018500567796,0.002938266732329428,3.3639354449999104e-05,0.00010041736141630664,0.0035400466702799945,False,5,5,30,"[None, None, None, None, None]","[30, 30, 30, 30, 30]","[0.04124159719793431, 0.04124159719793431, 0.04124159719793431, 0.04124159719793431, 0.04124159630224353]",{}
case_04_first_divergence,c27ce734147fac572ca1ddd088565aeb5f022220251ef6f10a5d3db6670559b0,cghik_lost,near_singular,0,e9a8a66b66f3cf9f4b559642af7d7a6e4236d472817666322f4ac770b8f6ecdc,candidate_03,['offline_reference'],trac_5ms,True,"[-2.1529627929541317, 0.01472157181153047, -1.923993201731546, -0.6338006195386894, -0.8234654127308066, 2.681943664027776, 0.9046804834147895]",0.0,0.0,0.04356280614980226,0.5640006195386894,0.0029387612393542597,0.0,0.00010954290590471407,0.0035458506175964142,False,5,5,30,"[None, None, None, None, None]","[30, 30, 30, 30, 30]","[0.041241930378565606, 0.041241930378565606, 0.041241930378565606, 0.041241930378565606, 0.041241930378565606]",{}
case_04_first_divergence,c27ce734147fac572ca1ddd088565aeb5f022220251ef6f10a5d3db6670559b0,cghik_lost,near_singular,0,e9a8a66b66f3cf9f4b559642af7d7a6e4236d472817666322f4ac770b8f6ecdc,candidate_04,['refined_focal'],trac_5ms,True,"[-2.152994292860587, 0.014719224602963807, -1.9239561585915628, -0.6337983377159466, -0.8234718464603749, 2.681941765699859, 0.9046813285966445]",7.618408693749641e-08,2.1336061022788574e-08,0.043563770466209434,0.5639983377159467,0.0029380684462765325,3.7043139983206075e-05,9.753422088034012e-05,0.003843486152099362,False,5,5,30,"[None, None, None, None, None]","[30, 30, 30, 30, 30]","[0.04124159041811877, 0.04124159041811877, 0.04124159041811877, 0.04124159041811877, 0.04124159041811877]",{}
case_04_pre_failure,c27ce734147fac572ca1ddd088565aeb5f022220251ef6f10a5d3db6670559b0,cghik_lost,near_singular,124,df6731b5c9cba3dfd36c632947b7b76985627b231c74a150e8927870e3026c0c,candidate_00,"['original_focal', 'common_input_full_cghik']",trac_5ms,True,"[-2.1531834674543964, -0.26628328539241786, -1.8637367943725776, -0.4664376354614646, -0.5164281169577526, 2.2284708011743852, 1.2389487574361246]",0.0009890055494388382,0.00030253147015793394,0.042200152548332676,0.3966376354614646,0.0010326173670638012,0.376678127329775,0.003625056879794672,17.15767713123252,False,5,0,25,"[125, 125, 125, 125, 125]","[0, 0, 0, 0, 0]","[None, None, None, None, None]",{'solver_failure': 5}
case_04_pre_failure,c27ce734147fac572ca1ddd088565aeb5f022220251ef6f10a5d3db6670559b0,cghik_lost,near_singular,124,df6731b5c9cba3dfd36c632947b7b76985627b231c74a150e8927870e3026c0c,candidate_00,"['original_focal', 'common_input_full_cghik']",trac_100ms,True,"[-2.1531834674543964, -0.26628328539241786, -1.8637367943725776, -0.4664376354614646, -0.5164281169577526, 2.2284708011743852, 1.2389487574361246]",0.0009890055494388382,0.00030253147015793394,0.042200152548332676,0.3966376354614646,0.0010326173670638012,0.376678127329775,0.003625056879794672,17.15767713123252,False,5,0,25,"[125, 125, 125, 125, 125]","[0, 0, 0, 0, 0]","[None, None, None, None, None]",{'solver_failure': 5}
case_04_pre_failure,c27ce734147fac572ca1ddd088565aeb5f022220251ef6f10a5d3db6670559b0,cghik_lost,near_singular,124,df6731b5c9cba3dfd36c632947b7b76985627b231c74a150e8927870e3026c0c,candidate_00,"['original_focal', 'common_input_full_cghik']",trac_5ms_interior,True,"[-2.1531834674543964, -0.26628328539241786, -1.8637367943725776, -0.4664376354614646, -0.5164281169577526, 2.2284708011743852, 1.2389487574361246]",0.0009890055494388382,0.00030253147015793394,0.042200152548332676,0.3966376354614646,0.0010326173670638012,0.376678127329775,0.003625056879794672,17.15767713123252,False,5,0,25,"[125, 125, 125, 125, 125]","[0, 0, 0, 0, 0]","[None, None, None, None, None]",{'solver_failure': 5}
case_04_pre_failure,c27ce734147fac572ca1ddd088565aeb5f022220251ef6f10a5d3db6670559b0,cghik_lost,near_singular,124,df6731b5c9cba3dfd36c632947b7b76985627b231c74a150e8927870e3026c0c,candidate_01,['common_input_always_hard'],trac_5ms,True,"[-2.1528364334957817, -0.26642416583581224, -1.8636182263186944, -0.4660661992344587, -0.5167879647423478, 2.228064430687688, 1.2387996824235643]",0.0009805396425976054,0.0004653433264568912,0.04205927210493829,0.3962661992344587,0.0010303553491383568,0.3767966953836581,0.003824381225850364,17.06982735886282,False,5,0,25,"[125, 125, 125, 125, 125]","[0, 0, 0, 0, 0]","[None, None, None, None, None]",{'solver_failure': 5}
case_04_pre_failure,c27ce734147fac572ca1ddd088565aeb5f022220251ef6f10a5d3db6670559b0,cghik_lost,near_singular,124,df6731b5c9cba3dfd36c632947b7b76985627b231c74a150e8927870e3026c0c,candidate_02,['previous_first_dls'],trac_5ms,True,"[-2.153166088937826, -0.26628800078109877, -1.8637659755434357, -0.4664517817652231, -0.5164279024036565, 2.228528850729824, 1.2389267932206884]",0.0009912304817911455,0.00028310570213943066,0.042195437159651766,0.3966517817652231,0.0010327562929250639,0.37664894615891686,0.0035741801956133343,17.16069699562666,True,5,0,25,"[125, 125, 125, 125, 125]","[0, 0, 0, 0, 0]","[None, None, None, None, None]",{'solver_failure': 5}
case_04_pre_failure,c27ce734147fac572ca1ddd088565aeb5f022220251ef6f10a5d3db6670559b0,cghik_lost,near_singular,124,df6731b5c9cba3dfd36c632947b7b76985627b231c74a150e8927870e3026c0c,candidate_02,['previous_first_dls'],trac_100ms,True,"[-2.153166088937826, -0.26628800078109877, -1.8637659755434357, -0.4664517817652231, -0.5164279024036565, 2.228528850729824, 1.2389267932206884]",0.0009912304817911455,0.00028310570213943066,0.042195437159651766,0.3966517817652231,0.0010327562929250639,0.37664894615891686,0.0035741801956133343,17.16069699562666,True,5,0,25,"[125, 125, 125, 125, 125]","[0, 0, 0, 0, 0]","[None, None, None, None, None]",{'solver_failure': 5}
case_04_pre_failure,c27ce734147fac572ca1ddd088565aeb5f022220251ef6f10a5d3db6670559b0,cghik_lost,near_singular,124,df6731b5c9cba3dfd36c632947b7b76985627b231c74a150e8927870e3026c0c,candidate_02,['previous_first_dls'],trac_5ms_interior,True,"[-2.153166088937826, -0.26628800078109877, -1.8637659755434357, -0.4664517817652231, -0.5164279024036565, 2.228528850729824, 1.2389267932206884]",0.0009912304817911455,0.00028310570213943066,0.042195437159651766,0.3966517817652231,0.0010327562929250639,0.37664894615891686,0.0035741801956133343,17.16069699562666,True,5,0,25,"[125, 125, 125, 125, 125]","[0, 0, 0, 0, 0]","[None, None, None, None, None]",{'solver_failure': 5}
case_04_pre_failure,c27ce734147fac572ca1ddd088565aeb5f022220251ef6f10a5d3db6670559b0,cghik_lost,near_singular,124,df6731b5c9cba3dfd36c632947b7b76985627b231c74a150e8927870e3026c0c,candidate_03,['refined_focal'],trac_5ms,True,"[-2.1967924668105736, -0.2639664074576945, -1.8207775271474487, -0.48717378096803493, -0.5208826398444627, 2.2367786332264656, 1.2444203902507334]",0.0009149433969345716,4.894817029071172e-05,1.8748030905513247e-11,0.4173737809680349,0.0019100257700827303,0.4196373945549039,0.06578601214572792,7.7628960447390805,False,5,0,25,"[125, 125, 125, 125, 125]","[0, 0, 0, 0, 0]","[None, None, None, None, None]",{'solver_failure': 5}
case_04_pre_failure,c27ce734147fac572ca1ddd088565aeb5f022220251ef6f10a5d3db6670559b0,cghik_lost,near_singular,124,df6731b5c9cba3dfd36c632947b7b76985627b231c74a150e8927870e3026c0c,candidate_03,['refined_focal'],trac_100ms,True,"[-2.1967924668105736, -0.2639664074576945, -1.8207775271474487, -0.48717378096803493, -0.5208826398444627, 2.2367786332264656, 1.2444203902507334]",0.0009149433969345716,4.894817029071172e-05,1.8748030905513247e-11,0.4173737809680349,0.0019100257700827303,0.4196373945549039,0.06578601214572792,7.7628960447390805,False,5,0,25,"[125, 125, 125, 125, 125]","[0, 0, 0, 0, 0]","[None, None, None, None, None]",{'solver_failure': 5}
case_04_pre_failure,c27ce734147fac572ca1ddd088565aeb5f022220251ef6f10a5d3db6670559b0,cghik_lost,near_singular,124,df6731b5c9cba3dfd36c632947b7b76985627b231c74a150e8927870e3026c0c,candidate_03,['refined_focal'],trac_5ms_interior,True,"[-2.1967924668105736, -0.2639664074576945, -1.8207775271474487, -0.48717378096803493, -0.5208826398444627, 2.2367786332264656, 1.2444203902507334]",0.0009149433969345716,4.894817029071172e-05,1.8748030905513247e-11,0.4173737809680349,0.0019100257700827303,0.4196373945549039,0.06578601214572792,7.7628960447390805,False,5,0,25,"[125, 125, 125, 125, 125]","[0, 0, 0, 0, 0]","[None, None, None, None, None]",{'solver_failure': 5}
case_05_first_divergence,d13cc08f12e083b576378a71eba2a5f5856319a74339c4d99b24a4e6647cfc6e,trac_failed,near_singular,0,845488e2e8baefef3f9d6f13095e98c2d0d37f78405f692571c68467a13d2bec,candidate_00,"['original_focal', 'common_input_trac_0', 'common_input_trac_1', 'common_input_trac_2', 'common_input_trac_3', 'common_input_trac_4']",trac_5ms,True,"[-2.1963246703239494, -0.06428920836425396, 1.6974083009971161, -0.5398203608395774, 0.3082830506133163, 2.33302617209149, -1.62587637862539]",2.0787616627022468e-09,1.874068854596019e-09,0.04354943296177241,0.47002036083957743,0.0011724486151278599,3.311935496302931e-05,0.00011704164711932661,0.0035397488137682517,False,5,5,30,"[None, None, None, None, None]","[30, 30, 30, 30, 30]","[0.039710765900931394, 0.039710765900931394, 0.036488166354931156, 0.039710765900931394, 0.03627626878596982]",{}
case_05_first_divergence,d13cc08f12e083b576378a71eba2a5f5856319a74339c4d99b24a4e6647cfc6e,trac_failed,near_singular,0,845488e2e8baefef3f9d6f13095e98c2d0d37f78405f692571c68467a13d2bec,candidate_01,"['original_full_cghik', 'common_input_full_cghik', 'previous_first_dls']",trac_5ms,True,"[-2.1963748716455553, -0.06432807252360587, 1.6974588680353437, -0.5398572886368689, 0.3082865927183878, 2.333081146357113, -1.6259284626693025]",3.4350605460751415e-05,7.576547466400438e-05,0.0436,0.4700572886368689,0.0011738785790881114,6.879348555655085e-05,0.0,0.004771890762059795,True,5,5,30,"[None, None, None, None, None]","[30, 30, 30, 30, 30]","[0.03971075375004643, 0.03922950923078519, 0.03971075375004643, 0.03971075375004643, 0.03971075375004643]",{}
case_05_first_divergence,d13cc08f12e083b576378a71eba2a5f5856319a74339c4d99b24a4e6647cfc6e,trac_failed,near_singular,0,845488e2e8baefef3f9d6f13095e98c2d0d37f78405f692571c68467a13d2bec,candidate_02,"['original_always_hard', 'common_input_always_hard']",trac_5ms,True,"[-2.1962671439990187, -0.06437987617766563, 1.6981157914309253, -0.5400725625694227, 0.308804937992419, 2.3343245739857643, -1.6256353559264007]",0.00025604952711368327,0.0015959316453454634,0.042943076604418456,0.47027256256942274,0.0011792560169933961,0.0013021137152504636,0.0015468955141314637,0.02771711181971124,False,5,5,30,"[None, None, None, None, None]","[30, 30, 30, 30, 30]","[0.03970530394030228, 0.03970530394030228, 0.038726962942529225, 0.03970530394030228, 0.03970530394030228]",{}
case_05_first_divergence,d13cc08f12e083b576378a71eba2a5f5856319a74339c4d99b24a4e6647cfc6e,trac_failed,near_singular,0,845488e2e8baefef3f9d6f13095e98c2d0d37f78405f692571c68467a13d2bec,candidate_03,['offline_reference'],trac_5ms,True,"[-2.196333718955717, -0.06429853016728981, 1.6973900745497872, -0.5398166651589685, 0.3083161699682793, 2.333022460270514, -1.625883653699304]",0.0,0.0,0.04353120651444345,0.47001666515896856,0.0011725426826754072,0.0,0.0001235953865368214,0.0035492684667857996,False,5,5,30,"[None, None, None, None, None]","[30, 30, 30, 30, 30]","[0.039713607478759766, 0.039713607478759766, 0.03774621800953351, 0.039713607478759766, 0.039713607478759766]",{}
case_05_first_divergence,d13cc08f12e083b576378a71eba2a5f5856319a74339c4d99b24a4e6647cfc6e,trac_failed,near_singular,0,845488e2e8baefef3f9d6f13095e98c2d0d37f78405f692571c68467a13d2bec,candidate_04,['refined_focal'],trac_5ms,True,"[-2.196324669998576, -0.06428920878168252, 1.6974083008457383, -0.5398203571475008, 0.3082830500042796, 2.3330261704696, -1.625876377713414]",8.601917624606708e-10,7.085406153067779e-11,0.04354943281039461,0.4700203571475008,0.0011724485592316818,3.3119963999739266e-05,0.00011704406447261694,0.0035397427261582375,False,5,5,30,"[None, None, None, None, None]","[30, 30, 30, 30, 30]","[0.037742138848126855, 0.039710765895702466, 0.039710765895702466, 0.039710765895702466, 0.039710765895702466]",{}
case_05_pre_failure,d13cc08f12e083b576378a71eba2a5f5856319a74339c4d99b24a4e6647cfc6e,trac_failed,near_singular,71,e1aa83e9279582566d0458f4e96b9a4de7462faf5e2b299d280486d88258aeea,candidate_00,"['original_focal', 'common_input_trac_0', 'common_input_trac_1', 'common_input_trac_2', 'common_input_trac_3', 'common_input_trac_4']",trac_5ms,True,"[-2.319914974180064, -0.014757641392266097, 1.381483784512772, -0.3970932871828437, 0.7865294046852186, 2.0612270771794208, -1.4887443455289047]",2.568169412507148e-07,1.2108945585121973e-06,0.0010235274834918678,0.3272932871828437,0.0007975074201634503,0.3518497871592675,0.06302047983624151,1.116690140681378,False,5,0,30,"[72, 72, 72, 72, 72]","[0, 0, 0, 0, 0]","[None, None, None, None, None]",{'velocity_violation': 5}
case_05_pre_failure,d13cc08f12e083b576378a71eba2a5f5856319a74339c4d99b24a4e6647cfc6e,trac_failed,near_singular,71,e1aa83e9279582566d0458f4e96b9a4de7462faf5e2b299d280486d88258aeea,candidate_00,"['original_focal', 'common_input_trac_0', 'common_input_trac_1', 'common_input_trac_2', 'common_input_trac_3', 'common_input_trac_4']",trac_100ms,True,"[-2.319914974180064, -0.014757641392266097, 1.381483784512772, -0.3970932871828437, 0.7865294046852186, 2.0612270771794208, -1.4887443455289047]",2.568169412507148e-07,1.2108945585121973e-06,0.0010235274834918678,0.3272932871828437,0.0007975074201634503,0.3518497871592675,0.06302047983624151,1.116690140681378,False,5,0,30,"[72, 72, 72, 73, 72]","[0, 0, 0, 1, 0]","[None, None, 0.002658292483646116, None, None]",{'velocity_violation': 5}
case_05_pre_failure,d13cc08f12e083b576378a71eba2a5f5856319a74339c4d99b24a4e6647cfc6e,trac_failed,near_singular,71,e1aa83e9279582566d0458f4e96b9a4de7462faf5e2b299d280486d88258aeea,candidate_00,"['original_focal', 'common_input_trac_0', 'common_input_trac_1', 'common_input_trac_2', 'common_input_trac_3', 'common_input_trac_4']",trac_5ms_interior,True,"[-2.319914974180064, -0.014757641392266097, 1.381483784512772, -0.3970932871828437, 0.7865294046852186, 2.0612270771794208, -1.4887443455289047]",2.568169412507148e-07,1.2108945585121973e-06,0.0010235274834918678,0.3272932871828437,0.0007975074201634503,0.3518497871592675,0.06302047983624151,1.116690140681378,False,5,0,30,"[73, 73, 75, 74, 73]","[1, 1, 3, 2, 1]","[9.71445146547012e-17, 0.008420009702165485, 9.71445146547012e-17, 9.71445146547012e-17, 9.71445146547012e-17]",{'solver_failure': 5}
case_05_pre_failure,d13cc08f12e083b576378a71eba2a5f5856319a74339c4d99b24a4e6647cfc6e,trac_failed,near_singular,71,e1aa83e9279582566d0458f4e96b9a4de7462faf5e2b299d280486d88258aeea,candidate_01,['common_input_always_hard'],trac_5ms,True,"[-2.292049807909174, -0.0037387183222245515, 1.4008614267683814, -0.39543232403857437, 0.7357535346823374, 2.067311771327477, -1.4823659205177384]",0.0001734741298736779,0.00048208785374215685,0.04019030883507881,0.32563232403857434,0.0007303399489444741,0.3010739171563863,0.0066795769937206045,2.207713901231404,False,5,0,30,"[72, 72, 72, 72, 72]","[0, 0, 0, 0, 0]","[None, None, None, None, None]",{'solver_failure': 5}
case_05_pre_failure,d13cc08f12e083b576378a71eba2a5f5856319a74339c4d99b24a4e6647cfc6e,trac_failed,near_singular,71,e1aa83e9279582566d0458f4e96b9a4de7462faf5e2b299d280486d88258aeea,candidate_02,['common_input_full_cghik'],trac_5ms,True,"[-2.2915362516813254, -0.003775662756140084, 1.4001228261603096, -0.39539782298214954, 0.7359331531447468, 2.0671757958137484, -1.482387746631372]",0.00015965457918111758,0.0004327896045172444,0.040227253268994345,0.32559782298214957,0.0007279899211995576,0.30125353561879575,0.006703160735429082,2.2096644526531115,False,5,0,30,"[72, 72, 72, 72, 72]","[0, 0, 0, 0, 0]","[None, None, None, None, None]",{'solver_failure': 5}
case_05_pre_failure,d13cc08f12e083b576378a71eba2a5f5856319a74339c4d99b24a4e6647cfc6e,trac_failed,near_singular,71,e1aa83e9279582566d0458f4e96b9a4de7462faf5e2b299d280486d88258aeea,candidate_03,['previous_first_dls'],trac_5ms,True,"[-2.291521036980763, -0.0037890514169973367, 1.4001396477473471, -0.3954651832719332, 0.7359418222355354, 2.0672966054440245, -1.4824694831796454]",0.00018186919385142724,0.0005058282352585223,0.0402406419298516,0.32566518327193317,0.0007289498176571039,0.3012622047095843,0.006563540066820593,2.2088230991815054,True,5,0,30,"[72, 72, 72, 72, 72]","[0, 0, 0, 0, 0]","[None, None, None, None, None]",{'solver_failure': 5}
case_05_pre_failure,d13cc08f12e083b576378a71eba2a5f5856319a74339c4d99b24a4e6647cfc6e,trac_failed,near_singular,71,e1aa83e9279582566d0458f4e96b9a4de7462faf5e2b299d280486d88258aeea,candidate_03,['previous_first_dls'],trac_100ms,True,"[-2.291521036980763, -0.0037890514169973367, 1.4001396477473471, -0.3954651832719332, 0.7359418222355354, 2.0672966054440245, -1.4824694831796454]",0.00018186919385142724,0.0005058282352585223,0.0402406419298516,0.32566518327193317,0.0007289498176571039,0.3012622047095843,0.006563540066820593,2.2088230991815054,True,5,0,30,"[72, 72, 72, 72, 72]","[0, 0, 0, 0, 0]","[None, None, None, None, None]",{'solver_failure': 5}
case_05_pre_failure,d13cc08f12e083b576378a71eba2a5f5856319a74339c4d99b24a4e6647cfc6e,trac_failed,near_singular,71,e1aa83e9279582566d0458f4e96b9a4de7462faf5e2b299d280486d88258aeea,candidate_03,['previous_first_dls'],trac_5ms_interior,True,"[-2.291521036980763, -0.0037890514169973367, 1.4001396477473471, -0.3954651832719332, 0.7359418222355354, 2.0672966054440245, -1.4824694831796454]",0.00018186919385142724,0.0005058282352585223,0.0402406419298516,0.32566518327193317,0.0007289498176571039,0.3012622047095843,0.006563540066820593,2.2088230991815054,True,5,0,30,"[72, 72, 72, 72, 72]","[0, 0, 0, 0, 0]","[None, None, None, None, None]",{'solver_failure': 5}
case_05_pre_failure,d13cc08f12e083b576378a71eba2a5f5856319a74339c4d99b24a4e6647cfc6e,trac_failed,near_singular,71,e1aa83e9279582566d0458f4e96b9a4de7462faf5e2b299d280486d88258aeea,candidate_04,['refined_focal'],trac_5ms,True,"[-2.319914730811505, -0.014757797132449617, 1.3814839639797112, -0.39709307534708466, 0.7865291714404722, 2.0612281791610716, -1.4887445611009962]",5.990602479814875e-08,4.2774369407046145e-09,0.0010237607282382738,0.3272930753470846,0.0007975076679307004,0.3518495539145211,0.06301998047524016,1.116707544861008,False,5,0,30,"[72, 72, 72, 72, 72]","[0, 0, 0, 0, 0]","[None, None, None, None, None]",{'velocity_violation': 5}
case_05_pre_failure,d13cc08f12e083b576378a71eba2a5f5856319a74339c4d99b24a4e6647cfc6e,trac_failed,near_singular,71,e1aa83e9279582566d0458f4e96b9a4de7462faf5e2b299d280486d88258aeea,candidate_04,['refined_focal'],trac_100ms,True,"[-2.319914730811505, -0.014757797132449617, 1.3814839639797112, -0.39709307534708466, 0.7865291714404722, 2.0612281791610716, -1.4887445611009962]",5.990602479814875e-08,4.2774369407046145e-09,0.0010237607282382738,0.3272930753470846,0.0007975076679307004,0.3518495539145211,0.06301998047524016,1.116707544861008,False,5,0,30,"[72, 72, 72, 72, 73]","[0, 0, 0, 0, 1]","[None, None, None, 0.004246717159507446, None]",{'velocity_violation': 5}
case_05_pre_failure,d13cc08f12e083b576378a71eba2a5f5856319a74339c4d99b24a4e6647cfc6e,trac_failed,near_singular,71,e1aa83e9279582566d0458f4e96b9a4de7462faf5e2b299d280486d88258aeea,candidate_04,['refined_focal'],trac_5ms_interior,True,"[-2.319914730811505, -0.014757797132449617, 1.3814839639797112, -0.39709307534708466, 0.7865291714404722, 2.0612281791610716, -1.4887445611009962]",5.990602479814875e-08,4.2774369407046145e-09,0.0010237607282382738,0.3272930753470846,0.0007975076679307004,0.3518495539145211,0.06301998047524016,1.116707544861008,False,5,0,30,"[75, 74, 74, 74, 75]","[3, 2, 2, 2, 3]","[9.71445146547012e-17, 9.71445146547012e-17, 9.71445146547012e-17, 9.71445146547012e-17, 9.71445146547012e-17]",{'solver_failure': 5}
case_06_first_divergence,f69a8f1f6eef07cefc66000053424135c5ec7250cc78d7cb2319c6615f8a8060,cghik_lost,near_singular,0,4d45caacfd8704fbcf39b672dd9f45e0412329efb170302bd84f4771b96d655b,candidate_00,"['original_focal', 'common_input_full_cghik', 'previous_first_dls']",trac_5ms,True,"[-1.5868546577525084, -0.6290177913810366, -1.6157562011453994, -0.10907552781285151, -0.1925311723973696, 2.859027136905126, 2.3329625607949014]",4.736129905238453e-05,8.485605106732368e-05,0.0436,0.03927552781285151,0.041774531043777915,7.542476658467523e-05,0.0,0.006657064573265244,True,5,5,30,"[None, None, None, None, None]","[30, 30, 30, 30, 30]","[0.03945225216395806, 0.03945225216395806, 0.03945225216395806, 0.03945225216395806, 0.03945225216395806]",{}
case_06_first_divergence,f69a8f1f6eef07cefc66000053424135c5ec7250cc78d7cb2319c6615f8a8060,cghik_lost,near_singular,0,4d45caacfd8704fbcf39b672dd9f45e0412329efb170302bd84f4771b96d655b,candidate_01,"['original_always_hard', 'common_input_always_hard']",trac_5ms,True,"[-1.5866316599834935, -0.6283413787800127, -1.6149588077628725, -0.10901641793319389, -0.19392876476218002, 2.8581648485581463, 2.3312349380940462]",0.0006922418816550276,0.0025545949806745293,0.042802606617473066,0.03921641793319389,0.04175992341179009,0.0016538848137495066,0.0026130591275751658,0.030044272939544776,False,5,5,30,"[None, None, None, None, None]","[30, 30, 30, 30, 30]","[0.039451975010683316, 0.039451975010683316, 0.039451975010683316, 0.039451975010683316, 0.039451975010683316]",{}
case_06_first_divergence,f69a8f1f6eef07cefc66000053424135c5ec7250cc78d7cb2319c6615f8a8060,cghik_lost,near_singular,0,4d45caacfd8704fbcf39b672dd9f45e0412329efb170302bd84f4771b96d655b,candidate_02,"['original_trac_ik_5ms', 'common_input_trac_0', 'common_input_trac_1', 'common_input_trac_2', 'common_input_trac_3', 'common_input_trac_4']",trac_5ms,True,"[-1.586903170140049, -0.6290707211936111, -1.615742685829337, -0.10914818643909088, -0.19252222381041195, 2.8590546881681704, 2.3328959951164774]",2.616884741664821e-09,2.4226313701090026e-09,0.04352734137376063,0.03934818643909088,0.041767749251329686,6.647617962701746e-05,0.00012604402162426842,0.004995345491939774,False,5,5,30,"[None, None, None, None, None]","[30, 30, 30, 30, 30]","[0.03945225216252288, 0.03945225216252288, 0.03945225216252288, 0.03945225216252288, 0.03945225216252288]",{}
case_06_first_divergence,f69a8f1f6eef07cefc66000053424135c5ec7250cc78d7cb2319c6615f8a8060,cghik_lost,near_singular,0,4d45caacfd8704fbcf39b672dd9f45e0412329efb170302bd84f4771b96d655b,candidate_03,['offline_reference'],trac_5ms,True,"[-1.5869024781324037, -0.629066296654281, -1.6158027064908227, -0.10914812218523084, -0.19245574763078493, 2.85905522427604, 2.3328888229077958]",0.0,0.0,0.04352740562762067,0.039348122185230844,0.041767638922566276,0.0,0.00015487837852309392,0.004994655468235711,False,5,5,30,"[None, None, None, None, None]","[30, 30, 30, 30, 30]","[0.03945226995249129, 0.03945226995249129, 0.03945226995249129, 0.03945226995249129, 0.03945226995249129]",{}
case_06_first_divergence,f69a8f1f6eef07cefc66000053424135c5ec7250cc78d7cb2319c6615f8a8060,cghik_lost,near_singular,0,4d45caacfd8704fbcf39b672dd9f45e0412329efb170302bd84f4771b96d655b,candidate_04,['refined_focal'],trac_5ms,True,"[-1.5868590608115096, -0.62907202834012, -1.6157580077836888, -0.1091016561568471, -0.19253661357974758, 2.859034016721532, 2.332889802882779]",2.96385342166484e-06,2.2089231621949014e-07,0.043545763040916646,0.039301656156847095,0.04177320054735377,8.086594896264399e-05,9.496126092715456e-05,0.006061822887485768,False,5,5,30,"[None, None, None, None, None]","[30, 30, 30, 30, 30]","[0.039452252222983875, 0.039452252222983875, 0.039452252222983875, 0.039452252222983875, 0.039452252222983875]",{}
case_06_pre_failure,f69a8f1f6eef07cefc66000053424135c5ec7250cc78d7cb2319c6615f8a8060,cghik_lost,near_singular,95,8c58f3846e9880206392e7cd4cc87d5dbcbf11250b23c168fcca04dd391a15fd,candidate_00,"['original_focal', 'common_input_always_hard', 'common_input_full_cghik']",trac_5ms,True,"[-1.8054307204487714, -1.06946523235442, -1.701845632538265, -0.38784042510674116, -0.22929581197300172, 2.956684536045871, 2.099999025902528]",0.0009829120866916383,0.0003749662225927549,0.0366380076404397,0.31804042510674113,0.010540983166954815,0.5271019280760477,0.008374279321751185,2.0073719917565884,False,5,0,30,"[96, 96, 96, 96, 96]","[0, 0, 0, 0, 0]","[None, None, None, None, None]",{'solver_failure': 5}
case_06_pre_failure,f69a8f1f6eef07cefc66000053424135c5ec7250cc78d7cb2319c6615f8a8060,cghik_lost,near_singular,95,8c58f3846e9880206392e7cd4cc87d5dbcbf11250b23c168fcca04dd391a15fd,candidate_00,"['original_focal', 'common_input_always_hard', 'common_input_full_cghik']",trac_100ms,True,"[-1.8054307204487714, -1.06946523235442, -1.701845632538265, -0.38784042510674116, -0.22929581197300172, 2.956684536045871, 2.099999025902528]",0.0009829120866916383,0.0003749662225927549,0.0366380076404397,0.31804042510674113,0.010540983166954815,0.5271019280760477,0.008374279321751185,2.0073719917565884,False,5,0,30,"[96, 96, 96, 96, 96]","[0, 0, 0, 0, 0]","[None, None, None, None, None]",{'solver_failure': 5}
case_06_pre_failure,f69a8f1f6eef07cefc66000053424135c5ec7250cc78d7cb2319c6615f8a8060,cghik_lost,near_singular,95,8c58f3846e9880206392e7cd4cc87d5dbcbf11250b23c168fcca04dd391a15fd,candidate_00,"['original_focal', 'common_input_always_hard', 'common_input_full_cghik']",trac_5ms_interior,True,"[-1.8054307204487714, -1.06946523235442, -1.701845632538265, -0.38784042510674116, -0.22929581197300172, 2.956684536045871, 2.099999025902528]",0.0009829120866916383,0.0003749662225927549,0.0366380076404397,0.31804042510674113,0.010540983166954815,0.5271019280760477,0.008374279321751185,2.0073719917565884,False,5,0,30,"[96, 96, 96, 96, 96]","[0, 0, 0, 0, 0]","[None, None, None, None, None]",{'solver_failure': 5}
case_06_pre_failure,f69a8f1f6eef07cefc66000053424135c5ec7250cc78d7cb2319c6615f8a8060,cghik_lost,near_singular,95,8c58f3846e9880206392e7cd4cc87d5dbcbf11250b23c168fcca04dd391a15fd,candidate_01,['previous_first_dls'],trac_5ms,True,"[-1.805350237601041, -1.0696412602348229, -1.7010788043866603, -0.38765235969697026, -0.23058349172283488, 2.9565499048826864, 2.1005389458410586]",0.0009799029438675485,0.00037019117112850245,0.03646197976003687,0.31785235969697023,0.010559880454313435,0.5283896078258808,0.008281097412510012,1.997167234443165,True,5,0,30,"[96, 96, 96, 96, 96]","[0, 0, 0, 0, 0]","[None, None, None, None, None]",{'solver_failure': 5}
case_06_pre_failure,f69a8f1f6eef07cefc66000053424135c5ec7250cc78d7cb2319c6615f8a8060,cghik_lost,near_singular,95,8c58f3846e9880206392e7cd4cc87d5dbcbf11250b23c168fcca04dd391a15fd,candidate_01,['previous_first_dls'],trac_100ms,True,"[-1.805350237601041, -1.0696412602348229, -1.7010788043866603, -0.38765235969697026, -0.23058349172283488, 2.9565499048826864, 2.1005389458410586]",0.0009799029438675485,0.00037019117112850245,0.03646197976003687,0.31785235969697023,0.010559880454313435,0.5283896078258808,0.008281097412510012,1.997167234443165,True,5,0,30,"[96, 96, 96, 96, 96]","[0, 0, 0, 0, 0]","[None, None, None, None, None]",{'solver_failure': 5}
case_06_pre_failure,f69a8f1f6eef07cefc66000053424135c5ec7250cc78d7cb2319c6615f8a8060,cghik_lost,near_singular,95,8c58f3846e9880206392e7cd4cc87d5dbcbf11250b23c168fcca04dd391a15fd,candidate_01,['previous_first_dls'],trac_5ms_interior,True,"[-1.805350237601041, -1.0696412602348229, -1.7010788043866603, -0.38765235969697026, -0.23058349172283488, 2.9565499048826864, 2.1005389458410586]",0.0009799029438675485,0.00037019117112850245,0.03646197976003687,0.31785235969697023,0.010559880454313435,0.5283896078258808,0.008281097412510012,1.997167234443165,True,5,0,30,"[96, 96, 96, 96, 96]","[0, 0, 0, 0, 0]","[None, None, None, None, None]",{'solver_failure': 5}
case_06_pre_failure,f69a8f1f6eef07cefc66000053424135c5ec7250cc78d7cb2319c6615f8a8060,cghik_lost,near_singular,95,8c58f3846e9880206392e7cd4cc87d5dbcbf11250b23c168fcca04dd391a15fd,candidate_02,['refined_focal'],trac_5ms,True,"[-1.781193693522209, -1.0818544150253666, -1.6693150021229664, -0.3459108239564363, -0.28144692646398634, 2.9359673480338135, 2.107647791730531]",0.00022305981499567073,1.0111146853612038e-05,1.249000902703301e-16,0.27611082395643627,0.016027385357749835,0.5792530425670324,0.08309217938187247,0.4566385940816786,False,5,5,30,"[None, None, None, None, None]","[30, 30, 30, 30, 30]","[0.02615915924209153, 0.02615915924209153, 0.02615915924209153, 0.02615915924209153, 0.02615915924209153]",{}
case_06_pre_failure,f69a8f1f6eef07cefc66000053424135c5ec7250cc78d7cb2319c6615f8a8060,cghik_lost,near_singular,95,8c58f3846e9880206392e7cd4cc87d5dbcbf11250b23c168fcca04dd391a15fd,candidate_02,['refined_focal'],trac_100ms,True,"[-1.781193693522209, -1.0818544150253666, -1.6693150021229664, -0.3459108239564363, -0.28144692646398634, 2.9359673480338135, 2.107647791730531]",0.00022305981499567073,1.0111146853612038e-05,1.249000902703301e-16,0.27611082395643627,0.016027385357749835,0.5792530425670324,0.08309217938187247,0.4566385940816786,False,5,5,30,"[None, None, None, None, None]","[30, 30, 30, 30, 30]","[0.02615915924209153, 0.02615915924209153, 0.02615915924209153, 0.02615915924209153, 0.02615915924209153]",{}
case_06_pre_failure,f69a8f1f6eef07cefc66000053424135c5ec7250cc78d7cb2319c6615f8a8060,cghik_lost,near_singular,95,8c58f3846e9880206392e7cd4cc87d5dbcbf11250b23c168fcca04dd391a15fd,candidate_02,['refined_focal'],trac_5ms_interior,True,"[-1.781193693522209, -1.0818544150253666, -1.6693150021229664, -0.3459108239564363, -0.28144692646398634, 2.9359673480338135, 2.107647791730531]",0.00022305981499567073,1.0111146853612038e-05,1.249000902703301e-16,0.27611082395643627,0.016027385357749835,0.5792530425670324,0.08309217938187247,0.4566385940816786,False,5,5,30,"[None, None, None, None, None]","[30, 30, 30, 30, 30]","[0.02615915924209153, 0.02615915924209153, 0.02615915924209153, 0.02615915924209153, 0.02615915924209153]",{}
case_07_first_divergence,4cc5ef5c4c9aa6bf49a51ea1b0c183d22a3ad3076219f3fdaaa33a4c97b7085d,successful_control,near_singular,0,b9f51b699b06669d7de234ea2f2851a2f068d23f2de6a41fad549476b678f27b,candidate_00,"['original_focal', 'common_input_always_hard']",trac_5ms,True,"[-2.357574974373081, 0.31688819285660774, -0.04972658559083121, -0.15018491507581883, 0.6622083534536138, 0.8026339597643128, 1.91766347978224]",0.00022174191771768862,0.0008635848850877363,0.04299297419041395,0.08038491507581882,0.04207498929564054,0.0009057989557741397,0.0014644190634341444,0.019774221678472273,False,5,5,30,"[None, None, None, None, None]","[30, 30, 30, 30, 30]","[0.03964422112795549, 0.03964422112795549, 0.03964422112795549, 0.03964422112795549, 0.03964422112795549]",{}
case_07_first_divergence,4cc5ef5c4c9aa6bf49a51ea1b0c183d22a3ad3076219f3fdaaa33a4c97b7085d,successful_control,near_singular,0,b9f51b699b06669d7de234ea2f2851a2f068d23f2de6a41fad549476b678f27b,candidate_01,"['original_full_cghik', 'common_input_full_cghik', 'previous_first_dls']",trac_5ms,True,"[-2.356967948563495, 0.3167720138651601, -0.0501694749934517, -0.15049976584342756, 0.6623630878099427, 0.8033772805581576, 1.9186072990177847]",7.216743578735561e-05,9.988271298920282e-05,0.0436,0.08069976584342756,0.04202804906737677,7.023760026614312e-05,0.0,0.00638163618086832,True,5,5,30,"[None, None, None, None, None]","[30, 30, 30, 30, 30]","[0.039644342657165016, 0.03964434455442942, 0.039644342657165016, 0.039644342657165016, 0.03964434269259662]",{}
case_07_first_divergence,4cc5ef5c4c9aa6bf49a51ea1b0c183d22a3ad3076219f3fdaaa33a4c97b7085d,successful_control,near_singular,0,b9f51b699b06669d7de234ea2f2851a2f068d23f2de6a41fad549476b678f27b,candidate_02,"['original_trac_ik_5ms', 'common_input_trac_0', 'common_input_trac_1', 'common_input_trac_2', 'common_input_trac_3', 'common_input_trac_4']",trac_5ms,True,"[-2.356938203320031, 0.31684144221178595, -0.050155563743721744, -0.15056847920580457, 0.6623732174604463, 0.8034471187872073, 1.9185734128036307]",4.824107526509537e-09,3.3114489667208587e-09,0.04353057165337412,0.08076847920580457,0.04201938356378277,7.997340194112329e-05,0.00012941556099615732,0.004781803926618269,False,5,5,30,"[None, None, None, None, None]","[30, 30, 30, 30, 30]","[0.03964434265680036, 0.03964434265680036, 0.03964434265680036, 0.03964434267150016, 0.03964434265680036]",{}
case_07_first_divergence,4cc5ef5c4c9aa6bf49a51ea1b0c183d22a3ad3076219f3fdaaa33a4c97b7085d,successful_control,near_singular,0,b9f51b699b06669d7de234ea2f2851a2f068d23f2de6a41fad549476b678f27b,candidate_03,['offline_reference'],trac_5ms,True,"[-2.3569201792790158, 0.316841218417779, -0.05023553714566287, -0.15056882890557072, 0.6624333254102088, 0.8034446012647387, 1.9185692787380142]",0.0,0.0,0.04353079544738106,0.08076882890557072,0.04201777832737112,0.0,0.00016466945329887963,0.0047828503429948625,False,5,5,30,"[None, None, None, None, None]","[30, 30, 30, 30, 30]","[0.03964436781321731, 0.039644367848620216, 0.03964436781321731, 0.03964436781321731, 0.03964436781321731]",{}
case_07_first_divergence,4cc5ef5c4c9aa6bf49a51ea1b0c183d22a3ad3076219f3fdaaa33a4c97b7085d,successful_control,near_singular,0,b9f51b699b06669d7de234ea2f2851a2f068d23f2de6a41fad549476b678f27b,candidate_04,['refined_focal'],trac_5ms,True,"[-2.357075486631148, 0.31698811809230093, -0.04972692185070257, -0.1503111194727012, 0.6621454719560733, 0.8033690681408425, 1.9186775493799106]",1.385242100897434e-05,1.8016863532627113e-06,0.04315744685725087,0.0805111194727012,0.042063167775377136,0.0005086152949602962,0.0005848635972261495,0.010583831584437086,False,5,5,30,"[None, None, None, None, None]","[30, 30, 30, 30, 30]","[0.03964421922605513, 0.03964421922605513, 0.03964421926154579, 0.03964421922605513, 0.03964421922605513]",{}
case_07_pre_failure,4cc5ef5c4c9aa6bf49a51ea1b0c183d22a3ad3076219f3fdaaa33a4c97b7085d,successful_control,near_singular,90,37058a9de4cb3305c690cd5fb995d00ca37d045f906ee32f2dc85aba3ba67599,candidate_00,"['original_focal', 'common_input_always_hard']",trac_5ms,True,"[-2.248605597194994, 0.8777108964473446, 0.05637611164468334, -0.28745840081597934, 0.749645202516096, 1.1950261593080551, 1.826199335571958]",3.329133194566426e-05,2.0998276062495066e-05,0.03128147032020004,0.21765840081597934,0.02378477634423302,0.5068245470280104,0.014459699738832993,0.28018622886277594,False,5,5,30,"[None, None, None, None, None]","[30, 30, 30, 30, 30]","[0.031431422688876914, 0.031431422688876914, 0.031431422688876914, 0.031431422688876914, 0.031431422688876914]",{}
case_07_pre_failure,4cc5ef5c4c9aa6bf49a51ea1b0c183d22a3ad3076219f3fdaaa33a4c97b7085d,successful_control,near_singular,90,37058a9de4cb3305c690cd5fb995d00ca37d045f906ee32f2dc85aba3ba67599,candidate_00,"['original_focal', 'common_input_always_hard']",trac_100ms,True,"[-2.248605597194994, 0.8777108964473446, 0.05637611164468334, -0.28745840081597934, 0.749645202516096, 1.1950261593080551, 1.826199335571958]",3.329133194566426e-05,2.0998276062495066e-05,0.03128147032020004,0.21765840081597934,0.02378477634423302,0.5068245470280104,0.014459699738832993,0.28018622886277594,False,5,5,30,"[None, None, None, None, None]","[30, 30, 30, 30, 30]","[0.031431422688876914, 0.031431422688876914, 0.031431422688876914, 0.031431422688876914, 0.031431422688876914]",{}
case_07_pre_failure,4cc5ef5c4c9aa6bf49a51ea1b0c183d22a3ad3076219f3fdaaa33a4c97b7085d,successful_control,near_singular,90,37058a9de4cb3305c690cd5fb995d00ca37d045f906ee32f2dc85aba3ba67599,candidate_00,"['original_focal', 'common_input_always_hard']",trac_5ms_interior,True,"[-2.248605597194994, 0.8777108964473446, 0.05637611164468334, -0.28745840081597934, 0.749645202516096, 1.1950261593080551, 1.826199335571958]",3.329133194566426e-05,2.0998276062495066e-05,0.03128147032020004,0.21765840081597934,0.02378477634423302,0.5068245470280104,0.014459699738832993,0.28018622886277594,False,5,5,30,"[None, None, None, None, None]","[30, 30, 30, 30, 30]","[0.031431422688876914, 0.031431422688876914, 0.031431422688876914, 0.031431422688876914, 0.031431422688876914]",{}
case_07_pre_failure,4cc5ef5c4c9aa6bf49a51ea1b0c183d22a3ad3076219f3fdaaa33a4c97b7085d,successful_control,near_singular,90,37058a9de4cb3305c690cd5fb995d00ca37d045f906ee32f2dc85aba3ba67599,candidate_01,['original_full_cghik'],trac_5ms,True,"[-2.2436785902928746, 0.8770451608643257, 0.03045877381349274, -0.28803084763944103, 0.7717397227049272, 1.1931464208947986, 1.8239617624503695]",3.2407822869165076e-05,1.887419075340118e-05,0.01853807219574715,0.21823084763944103,0.02359222968825705,0.48090720919681973,0.037222577083426016,0.2811187266326217,False,5,5,30,"[None, None, None, None, None]","[30, 30, 30, 30, 30]","[0.031405802131505595, 0.031405802131505595, 0.031405802131505595, 0.031405802131505595, 0.031405802131505595]",{}
case_07_pre_failure,4cc5ef5c4c9aa6bf49a51ea1b0c183d22a3ad3076219f3fdaaa33a4c97b7085d,successful_control,near_singular,90,37058a9de4cb3305c690cd5fb995d00ca37d045f906ee32f2dc85aba3ba67599,candidate_02,['original_trac_ik_5ms'],trac_5ms,True,"[-2.2435892772246997, 0.8763979636360302, 0.030044387544656475, -0.2891560853700183, 0.7719755460576143, 1.1934745394435446, 1.8235727929967058]",1.28097775925408e-07,7.074908656376356e-08,0.018123685926910885,0.2193560853700183,0.02342375850009708,0.4804928229279835,0.037369341174743664,0.296340284237856,False,5,5,30,"[None, None, None, None, None]","[30, 30, 30, 30, 30]","[0.031310206400592816, 0.031310206400592816, 0.031310206400592816, 0.031310206400592816, 0.031310206400592816]",{}
case_07_pre_failure,4cc5ef5c4c9aa6bf49a51ea1b0c183d22a3ad3076219f3fdaaa33a4c97b7085d,successful_control,near_singular,90,37058a9de4cb3305c690cd5fb995d00ca37d045f906ee32f2dc85aba3ba67599,candidate_03,['common_input_full_cghik'],trac_5ms,True,"[-2.2485682420295716, 0.877691144200042, 0.05617143454137205, -0.2874875700598883, 0.7498185807473359, 1.1950193853310886, 1.8261722621666714]",3.2429172429375605e-05,1.9346039131248298e-05,0.03130122256750259,0.21768757005988829,0.023779616663150087,0.5066198699246991,0.014437019751075704,0.28052951134233617,False,5,5,30,"[None, None, None, None, None]","[30, 30, 30, 30, 30]","[0.031431217901420255, 0.031431217901420255, 0.031431217901420255, 0.031431217901420255, 0.031431217901420255]",{}
case_07_pre_failure,4cc5ef5c4c9aa6bf49a51ea1b0c183d22a3ad3076219f3fdaaa33a4c97b7085d,successful_control,near_singular,90,37058a9de4cb3305c690cd5fb995d00ca37d045f906ee32f2dc85aba3ba67599,candidate_04,"['common_input_trac_0', 'common_input_trac_1', 'common_input_trac_2', 'common_input_trac_3', 'common_input_trac_4']",trac_5ms,True,"[-2.2485736420384326, 0.8770597486573725, 0.056147719520349484, -0.2885943403920289, 0.7497397919152101, 1.1953793548935439, 1.825826342925276]",1.1473862758091467e-07,6.88880262735407e-08,0.031932618110172145,0.2187943403920289,0.023615601032402945,0.5065961549036765,0.01357501054521704,0.295570566947505,False,5,5,30,"[None, None, None, None, None]","[30, 30, 30, 30, 30]","[0.03133733480687664, 0.03133733480687664, 0.03133733480687664, 0.03133733480687664, 0.03133733480687664]",{}
case_07_pre_failure,4cc5ef5c4c9aa6bf49a51ea1b0c183d22a3ad3076219f3fdaaa33a4c97b7085d,successful_control,near_singular,90,37058a9de4cb3305c690cd5fb995d00ca37d045f906ee32f2dc85aba3ba67599,candidate_05,['previous_first_dls'],trac_5ms,True,"[-2.248590838829514, 0.8747567072504623, 0.05604613968490649, -0.29257375166155164, 0.7494105604047158, 1.1964883084232156, 1.8246646840088023]",9.308913145974354e-05,0.00017973876988904402,0.03423565951708232,0.22277375166155164,0.023025735542334596,0.5064945750682335,0.011202833868892426,0.3514285294951975,True,5,5,30,"[None, None, None, None, None]","[30, 30, 30, 30, 30]","[0.029033575624938385, 0.029033575624938385, 0.029033575624938385, 0.029033575624938385, 0.029033575624938385]",{}
case_07_pre_failure,4cc5ef5c4c9aa6bf49a51ea1b0c183d22a3ad3076219f3fdaaa33a4c97b7085d,successful_control,near_singular,90,37058a9de4cb3305c690cd5fb995d00ca37d045f906ee32f2dc85aba3ba67599,candidate_05,['previous_first_dls'],trac_100ms,True,"[-2.248590838829514, 0.8747567072504623, 0.05604613968490649, -0.29257375166155164, 0.7494105604047158, 1.1964883084232156, 1.8246646840088023]",9.308913145974354e-05,0.00017973876988904402,0.03423565951708232,0.22277375166155164,0.023025735542334596,0.5064945750682335,0.011202833868892426,0.3514285294951975,True,5,5,30,"[None, None, None, None, None]","[30, 30, 30, 30, 30]","[0.029033575624938385, 0.029033575624938385, 0.029033575624938385, 0.029033575624938385, 0.029033575624938385]",{}
case_07_pre_failure,4cc5ef5c4c9aa6bf49a51ea1b0c183d22a3ad3076219f3fdaaa33a4c97b7085d,successful_control,near_singular,90,37058a9de4cb3305c690cd5fb995d00ca37d045f906ee32f2dc85aba3ba67599,candidate_05,['previous_first_dls'],trac_5ms_interior,True,"[-2.248590838829514, 0.8747567072504623, 0.05604613968490649, -0.29257375166155164, 0.7494105604047158, 1.1964883084232156, 1.8246646840088023]",9.308913145974354e-05,0.00017973876988904402,0.03423565951708232,0.22277375166155164,0.023025735542334596,0.5064945750682335,0.011202833868892426,0.3514285294951975,True,5,5,30,"[None, None, None, None, None]","[30, 30, 30, 30, 30]","[0.029033575624938385, 0.029033575624938385, 0.029033575624938385, 0.029033575624938385, 0.029033575624938385]",{}
case_07_pre_failure,4cc5ef5c4c9aa6bf49a51ea1b0c183d22a3ad3076219f3fdaaa33a4c97b7085d,successful_control,near_singular,90,37058a9de4cb3305c690cd5fb995d00ca37d045f906ee32f2dc85aba3ba67599,candidate_06,['refined_focal'],trac_5ms,True,"[-2.2486107011850667, 0.8776664939114986, 0.05637871945559894, -0.2875381778797469, 0.7496449225331054, 1.1950518672624064, 1.8261567074077991]",3.0639752629550556e-05,4.0969146231405625e-06,0.03132587285604596,0.2177381778797469,0.02377293078847608,0.5068271548389259,0.014394793249480486,0.2812377037897867,False,5,5,30,"[None, None, None, None, None]","[30, 30, 30, 30, 30]","[0.03143143139735119, 0.03143143139735119, 0.03143143139735119, 0.03143143139735119, 0.03143143139735119]",{}
case_07_pre_failure,4cc5ef5c4c9aa6bf49a51ea1b0c183d22a3ad3076219f3fdaaa33a4c97b7085d,successful_control,near_singular,90,37058a9de4cb3305c690cd5fb995d00ca37d045f906ee32f2dc85aba3ba67599,candidate_06,['refined_focal'],trac_100ms,True,"[-2.2486107011850667, 0.8776664939114986, 0.05637871945559894, -0.2875381778797469, 0.7496449225331054, 1.1950518672624064, 1.8261567074077991]",3.0639752629550556e-05,4.0969146231405625e-06,0.03132587285604596,0.2177381778797469,0.02377293078847608,0.5068271548389259,0.014394793249480486,0.2812377037897867,False,5,5,30,"[None, None, None, None, None]","[30, 30, 30, 30, 30]","[0.03143143139735119, 0.03143143139735119, 0.03143143139735119, 0.03143143139735119, 0.03143143139735119]",{}
case_07_pre_failure,4cc5ef5c4c9aa6bf49a51ea1b0c183d22a3ad3076219f3fdaaa33a4c97b7085d,successful_control,near_singular,90,37058a9de4cb3305c690cd5fb995d00ca37d045f906ee32f2dc85aba3ba67599,candidate_06,['refined_focal'],trac_5ms_interior,True,"[-2.2486107011850667, 0.8776664939114986, 0.05637871945559894, -0.2875381778797469, 0.7496449225331054, 1.1950518672624064, 1.8261567074077991]",3.0639752629550556e-05,4.0969146231405625e-06,0.03132587285604596,0.2177381778797469,0.02377293078847608,0.5068271548389259,0.014394793249480486,0.2812377037897867,False,5,5,30,"[None, None, None, None, None]","[30, 30, 30, 30, 30]","[0.03143143139735119, 0.03143143139735119, 0.03143143139735119, 0.03143143139735119, 0.03143143139735119]",{}
case_08_first_divergence,34d461249b6c84388a8a925d2ced5254dc7a9ea2526b13b9a7a34604308cc719,successful_control,smooth,0,82c4a9f0c4567b97b1a1bd7450b6fc224b98e6bdcecf27292aba451b65b75388,candidate_00,"['original_focal', 'original_full_cghik', 'common_input_always_hard', 'common_input_full_cghik']",trac_5ms,True,"[-1.5095058764512188, -0.2153556863097335, -1.0806654589976215, -0.8825272436999196, -1.6625767449560944, 2.1945603259752233, -1.0593991132933984]",3.303235301146869e-05,3.942936778772245e-05,0.03783515003934848,0.8127272436999197,0.02648654280560818,0.006693333933377454,0.013167989788514198,0.12732326910599287,False,5,5,30,"[None, None, None, None, None]","[30, 30, 30, 30, 30]","[0.03162840989080187, 0.03162840989080187, 0.03162840989080187, 0.03162840989080187, 0.03162840989080187]",{}
case_08_first_divergence,34d461249b6c84388a8a925d2ced5254dc7a9ea2526b13b9a7a34604308cc719,successful_control,smooth,0,82c4a9f0c4567b97b1a1bd7450b6fc224b98e6bdcecf27292aba451b65b75388,candidate_01,"['original_trac_ik_5ms', 'common_input_trac_0', 'common_input_trac_1', 'common_input_trac_2', 'common_input_trac_3', 'common_input_trac_4']",trac_5ms,True,"[-1.5098805786321587, -0.21495380624232657, -1.0809717159927332, -0.8823313127458227, -1.661849959043622, 2.194853017896204, -1.059426603782014]",3.1844323344163116e-08,4.899015375550913e-08,0.038141407034460256,0.8125313127458227,0.02644307284506635,0.00631863175243752,0.013067860392733026,0.13548321450609732,False,5,5,30,"[None, None, None, None, None]","[30, 30, 30, 30, 30]","[0.03162806887132527, 0.03162806887132527, 0.03162806887132527, 0.03162806887132527, 0.03162806887132527]",{}
case_08_first_divergence,34d461249b6c84388a8a925d2ced5254dc7a9ea2526b13b9a7a34604308cc719,successful_control,smooth,0,82c4a9f0c4567b97b1a1bd7450b6fc224b98e6bdcecf27292aba451b65b75388,candidate_02,['offline_reference'],trac_5ms,True,"[-1.5161992103845963, -0.21238666964166306, -1.0803219576149692, -0.8822437414940341, -1.6562136766027784, 2.197275609650311, -1.059238066211262]",0.0,0.0,0.037491648656696214,0.8124437414940341,0.026324259087450053,0.0,0.015970375575389547,0.13288695450115998,False,5,5,30,"[None, None, None, None, None]","[30, 30, 30, 30, 30]","[0.03162458275800825, 0.03162458275800825, 0.03162458275800825, 0.03162458275800825, 0.03162458275800825]",{}
case_08_first_divergence,34d461249b6c84388a8a925d2ced5254dc7a9ea2526b13b9a7a34604308cc719,successful_control,smooth,0,82c4a9f0c4567b97b1a1bd7450b6fc224b98e6bdcecf27292aba451b65b75388,candidate_03,['previous_first_dls'],trac_5ms,True,"[-1.509698374695329, -0.2148899612135404, -1.0813295913108583, -0.8822423546902619, -1.6616712158291485, 2.1949776830356758, -1.0594956443210544]",3.6120514407255304e-05,4.3004338492660784e-05,0.03823349534915413,0.8124423546902619,0.026423280493137816,0.0065008356892672925,0.012967158912533472,0.14383672268900405,True,5,5,30,"[None, None, None, None, None]","[30, 30, 30, 30, 30]","[0.03162806372014823, 0.03162806372014823, 0.03162806372014823, 0.03162806372014823, 0.03162805209299738]",{}
case_08_first_divergence,34d461249b6c84388a8a925d2ced5254dc7a9ea2526b13b9a7a34604308cc719,successful_control,smooth,0,82c4a9f0c4567b97b1a1bd7450b6fc224b98e6bdcecf27292aba451b65b75388,candidate_04,['refined_focal'],trac_5ms,True,"[-1.509474202901703, -0.2152975731491317, -1.0807077223925938, -0.8824733758466591, -1.6625574772706184, 2.1945574962826644, -1.0593895019800472]",1.1951188218153583e-05,3.964678188371066e-07,0.037877413434320856,0.8126733758466591,0.02647839235927102,0.006725007482893286,0.013166469781326238,0.12829214220618515,False,5,5,30,"[None, None, None, None, None]","[30, 30, 30, 30, 30]","[0.03162840861795943, 0.03162840861795943, 0.03162840861795943, 0.03162840861795943, 0.03162840861795943]",{}
case_08_pre_failure,34d461249b6c84388a8a925d2ced5254dc7a9ea2526b13b9a7a34604308cc719,successful_control,smooth,33,bab4bba317138f18612fc5baf35ce1108c89dbf75450e91c98e84f1e6530324d,candidate_00,"['original_focal', 'original_full_cghik', 'common_input_always_hard', 'common_input_full_cghik']",trac_5ms,True,"[-1.4800212368955994, -0.5380555136306305, -0.8572123292697647, -0.9267459356063322, -1.4600416017636582, 2.118621889043055, -1.1154008143297087]",3.106377614282999e-05,0.0001075115429662725,0.031603208630039764,0.8569459356063323,0.05786805948714344,0.23093743635760533,0.017390711080048794,0.27301577343793776,False,5,5,30,"[None, None, None, None, None]","[30, 30, 30, 30, 30]","[0.03174258011943201, 0.03174258011943201, 0.03174258011943201, 0.03174258011943201, 0.03174258011943201]",{}
case_08_pre_failure,34d461249b6c84388a8a925d2ced5254dc7a9ea2526b13b9a7a34604308cc719,successful_control,smooth,33,bab4bba317138f18612fc5baf35ce1108c89dbf75450e91c98e84f1e6530324d,candidate_00,"['original_focal', 'original_full_cghik', 'common_input_always_hard', 'common_input_full_cghik']",trac_100ms,True,"[-1.4800212368955994, -0.5380555136306305, -0.8572123292697647, -0.9267459356063322, -1.4600416017636582, 2.118621889043055, -1.1154008143297087]",3.106377614282999e-05,0.0001075115429662725,0.031603208630039764,0.8569459356063323,0.05786805948714344,0.23093743635760533,0.017390711080048794,0.27301577343793776,False,5,5,30,"[None, None, None, None, None]","[30, 30, 30, 30, 30]","[0.03174258011943201, 0.03174258011943201, 0.03174258011943201, 0.03174258011943201, 0.03174258011943201]",{}
case_08_pre_failure,34d461249b6c84388a8a925d2ced5254dc7a9ea2526b13b9a7a34604308cc719,successful_control,smooth,33,bab4bba317138f18612fc5baf35ce1108c89dbf75450e91c98e84f1e6530324d,candidate_00,"['original_focal', 'original_full_cghik', 'common_input_always_hard', 'common_input_full_cghik']",trac_5ms_interior,True,"[-1.4800212368955994, -0.5380555136306305, -0.8572123292697647, -0.9267459356063322, -1.4600416017636582, 2.118621889043055, -1.1154008143297087]",3.106377614282999e-05,0.0001075115429662725,0.031603208630039764,0.8569459356063323,0.05786805948714344,0.23093743635760533,0.017390711080048794,0.27301577343793776,False,5,5,30,"[None, None, None, None, None]","[30, 30, 30, 30, 30]","[0.03174258011943201, 0.03174258011943201, 0.03174258011943201, 0.03174258011943201, 0.03174258011943201]",{}
case_08_pre_failure,34d461249b6c84388a8a925d2ced5254dc7a9ea2526b13b9a7a34604308cc719,successful_control,smooth,33,bab4bba317138f18612fc5baf35ce1108c89dbf75450e91c98e84f1e6530324d,candidate_01,['original_trac_ik_5ms'],trac_5ms,True,"[-1.4865150418478053, -0.5340721119034152, -0.8609851059270319, -0.9266983900136304, -1.4499691255390825, 2.122863850360178, -1.1159780610436572]",1.5837934180671093e-08,2.0923311710337855e-08,0.035586610357255105,0.8568983900136304,0.05755679530797991,0.2208649601330297,0.022036376901109062,0.27500358860342894,False,5,5,30,"[None, None, None, None, None]","[30, 30, 30, 30, 30]","[0.03168603306379439, 0.03168603306379439, 0.03168603306379439, 0.03168603306379439, 0.03168603306379439]",{}
case_08_pre_failure,34d461249b6c84388a8a925d2ced5254dc7a9ea2526b13b9a7a34604308cc719,successful_control,smooth,33,bab4bba317138f18612fc5baf35ce1108c89dbf75450e91c98e84f1e6530324d,candidate_02,"['common_input_trac_0', 'common_input_trac_1', 'common_input_trac_2', 'common_input_trac_3', 'common_input_trac_4']",trac_5ms,True,"[-1.4798723310249795, -0.5379234153079552, -0.8574624562056676, -0.9265106760941555, -1.4598416283385751, 2.1185761649209387, -1.1155502395395165]",1.5051921490874088e-08,1.9695073215271672e-08,0.03173530695271512,0.8567106760941555,0.05782971055998333,0.23073746293252229,0.01726071666262329,0.2750149220114572,True,5,5,30,"[None, None, None, None, None]","[30, 30, 30, 30, 30]","[0.03168579880231284, 0.03168579880231284, 0.03168579880231284, 0.03168579880231284, 0.03168579880231284]",{}
case_08_pre_failure,34d461249b6c84388a8a925d2ced5254dc7a9ea2526b13b9a7a34604308cc719,successful_control,smooth,33,bab4bba317138f18612fc5baf35ce1108c89dbf75450e91c98e84f1e6530324d,candidate_02,"['common_input_trac_0', 'common_input_trac_1', 'common_input_trac_2', 'common_input_trac_3', 'common_input_trac_4']",trac_100ms,True,"[-1.4798723310249795, -0.5379234153079552, -0.8574624562056676, -0.9265106760941555, -1.4598416283385751, 2.1185761649209387, -1.1155502395395165]",1.5051921490874088e-08,1.9695073215271672e-08,0.03173530695271512,0.8567106760941555,0.05782971055998333,0.23073746293252229,0.01726071666262329,0.2750149220114572,True,5,5,30,"[None, None, None, None, None]","[30, 30, 30, 30, 30]","[0.03168579880231284, 0.03168579880231284, 0.03168579880231284, 0.03168579880231284, 0.03168579880231284]",{}
case_08_pre_failure,34d461249b6c84388a8a925d2ced5254dc7a9ea2526b13b9a7a34604308cc719,successful_control,smooth,33,bab4bba317138f18612fc5baf35ce1108c89dbf75450e91c98e84f1e6530324d,candidate_02,"['common_input_trac_0', 'common_input_trac_1', 'common_input_trac_2', 'common_input_trac_3', 'common_input_trac_4']",trac_5ms_interior,True,"[-1.4798723310249795, -0.5379234153079552, -0.8574624562056676, -0.9265106760941555, -1.4598416283385751, 2.1185761649209387, -1.1155502395395165]",1.5051921490874088e-08,1.9695073215271672e-08,0.03173530695271512,0.8567106760941555,0.05782971055998333,0.23073746293252229,0.01726071666262329,0.2750149220114572,True,5,5,30,"[None, None, None, None, None]","[30, 30, 30, 30, 30]","[0.03168579880231284, 0.03168579880231284, 0.03168579880231284, 0.03168579880231284, 0.03168579880231284]",{}
case_08_pre_failure,34d461249b6c84388a8a925d2ced5254dc7a9ea2526b13b9a7a34604308cc719,successful_control,smooth,33,bab4bba317138f18612fc5baf35ce1108c89dbf75450e91c98e84f1e6530324d,candidate_03,['previous_first_dls'],trac_5ms,True,"[-1.480081299183801, -0.5380004983244457, -0.8572692567501556, -0.9267318195221271, -1.4599204418343101, 2.1186668837075264, -1.1154100488217786]",3.060476296415119e-05,0.00010302615482000377,0.031658223936224555,0.8569318195221272,0.05786220972299583,0.2308162764282573,0.01737535721506964,0.2732427224758229,False,5,5,30,"[None, None, None, None, None]","[30, 30, 30, 30, 30]","[0.03174260066979942, 0.03174260066979942, 0.03174260066979942, 0.03174260066979942, 0.03174260066979942]",{}
case_08_pre_failure,34d461249b6c84388a8a925d2ced5254dc7a9ea2526b13b9a7a34604308cc719,successful_control,smooth,33,bab4bba317138f18612fc5baf35ce1108c89dbf75450e91c98e84f1e6530324d,candidate_04,['refined_focal'],trac_5ms,True,"[-1.479925473645335, -0.5380200099699565, -0.8573161800172047, -0.9266445686757601, -1.45998057552589, 2.118534795246329, -1.1154845129244744]",1.3371590735421769e-05,1.1030888096309051e-06,0.03163871229071383,0.8568445686757601,0.05785286332107413,0.23087641011983706,0.017345548588886987,0.27377178703632926,False,5,5,30,"[None, None, None, None, None]","[30, 30, 30, 30, 30]","[0.03173945801561198, 0.03173945801561198, 0.03173945801561198, 0.03173945801561198, 0.03173945801561198]",{}
case_08_pre_failure,34d461249b6c84388a8a925d2ced5254dc7a9ea2526b13b9a7a34604308cc719,successful_control,smooth,33,bab4bba317138f18612fc5baf35ce1108c89dbf75450e91c98e84f1e6530324d,candidate_04,['refined_focal'],trac_100ms,True,"[-1.479925473645335, -0.5380200099699565, -0.8573161800172047, -0.9266445686757601, -1.45998057552589, 2.118534795246329, -1.1154845129244744]",1.3371590735421769e-05,1.1030888096309051e-06,0.03163871229071383,0.8568445686757601,0.05785286332107413,0.23087641011983706,0.017345548588886987,0.27377178703632926,False,5,5,30,"[None, None, None, None, None]","[30, 30, 30, 30, 30]","[0.03173945801561198, 0.03173945801561198, 0.03173945801561198, 0.03173945801561198, 0.03173945801561198]",{}
case_08_pre_failure,34d461249b6c84388a8a925d2ced5254dc7a9ea2526b13b9a7a34604308cc719,successful_control,smooth,33,bab4bba317138f18612fc5baf35ce1108c89dbf75450e91c98e84f1e6530324d,candidate_04,['refined_focal'],trac_5ms_interior,True,"[-1.479925473645335, -0.5380200099699565, -0.8573161800172047, -0.9266445686757601, -1.45998057552589, 2.118534795246329, -1.1154845129244744]",1.3371590735421769e-05,1.1030888096309051e-06,0.03163871229071383,0.8568445686757601,0.05785286332107413,0.23087641011983706,0.017345548588886987,0.27377178703632926,False,5,5,30,"[None, None, None, None, None]","[30, 30, 30, 30, 30]","[0.03173945801561198, 0.03173945801561198, 0.03173945801561198, 0.03171153358705728, 0.03173945801561198]",{}
