scene_uid,slot,cluster,robot,family,placement,direction,method,repeat,implementation_ready,planner_feasible,execution_completed,quality_completed,T_init,T_smooth,T_opt,T_retime,T_validate,total_plan_wall_s,predicted_execution_s,physical_run,status,reason,initialization_success,initialization_residual_evaluations,initialization_nodes,tb_dual_continuation_calls,initialization_node_process_legal,dense_geometry_feasible,dense_min_clearance_m,smoothing_displacement_rms_rad,planning_cost_scope,simulated_completion_time_s,elapsed_until_stop_s,simulation_wall_s,valid_coverage_fraction,raw_coverage_fraction,max_hole_diameter_upper_bound_m,max_along_scan_gap_m,collision_steps,velocity_utilization_max,acceleration_utilization_max,tracking_error_max_rad,torque_saturation_fraction,torque_requested_utilization_max,velocity_exceed_duration_s,acceleration_exceed_duration_s,scan_duration_s,transition_duration_s,settling_duration_s,sample_state_dt_s,physical_extrema_dt_s,acceleration_rms_rad_s2,jerk_rms_rad_s3,hole_measurement,standoff_m_p95,standoff_m_max,standoff_m_min,center_error_m_p95,center_error_m_max,center_error_m_min,incidence_rad_p95,incidence_rad_max,incidence_rad_min,line_error_rad_p95,line_error_rad_max,line_error_rad_min,profile_process_violation_duration_s,standoff_error_p95_m,standoff_error_max_m,incidence_p95_deg,incidence_max_deg,center_ray_path_error_max_m,line_orientation_error_max_deg,valid_profile_count,profile_count,tracking_joint_error_p95_rad,actual_clearance_sampled_5ms_min_m,actual_feedback_source,solver_return_status,checkpoint_selected,feasible_checkpoint_count
1d626ca03a345e6601c064a6a0c00a1a9212ee8924f6c3978e4ae4fa19bcc8eb,panda_cylinder_p0_u,panda_cylinder_p0,panda,cylinder,0,u,B0,0,True,False,,,,,,,,,,False,common_reference_unavailable,,,,,,,,,,,,,,,,,,,,,,,,,,,,,,,,,,,,,,,,,,,,,,,,,,,,,,,,,,,,
1d626ca03a345e6601c064a6a0c00a1a9212ee8924f6c3978e4ae4fa19bcc8eb,panda_cylinder_p0_u,panda_cylinder_p0,panda,cylinder,0,u,B0,1,True,False,,,,,,,,,,False,common_reference_unavailable,,,,,,,,,,,,,,,,,,,,,,,,,,,,,,,,,,,,,,,,,,,,,,,,,,,,,,,,,,,,
1d626ca03a345e6601c064a6a0c00a1a9212ee8924f6c3978e4ae4fa19bcc8eb,panda_cylinder_p0_u,panda_cylinder_p0,panda,cylinder,0,u,B0,2,True,False,,,,,,,,,,False,common_reference_unavailable,,,,,,,,,,,,,,,,,,,,,,,,,,,,,,,,,,,,,,,,,,,,,,,,,,,,,,,,,,,,
1d626ca03a345e6601c064a6a0c00a1a9212ee8924f6c3978e4ae4fa19bcc8eb,panda_cylinder_p0_u,panda_cylinder_p0,panda,cylinder,0,u,B1,0,True,False,,,,,,,,,,False,common_reference_unavailable,,,,,,,,,,,,,,,,,,,,,,,,,,,,,,,,,,,,,,,,,,,,,,,,,,,,,,,,,,,,
1d626ca03a345e6601c064a6a0c00a1a9212ee8924f6c3978e4ae4fa19bcc8eb,panda_cylinder_p0_u,panda_cylinder_p0,panda,cylinder,0,u,B1,1,True,False,,,,,,,,,,False,common_reference_unavailable,,,,,,,,,,,,,,,,,,,,,,,,,,,,,,,,,,,,,,,,,,,,,,,,,,,,,,,,,,,,
1d626ca03a345e6601c064a6a0c00a1a9212ee8924f6c3978e4ae4fa19bcc8eb,panda_cylinder_p0_u,panda_cylinder_p0,panda,cylinder,0,u,B1,2,True,False,,,,,,,,,,False,common_reference_unavailable,,,,,,,,,,,,,,,,,,,,,,,,,,,,,,,,,,,,,,,,,,,,,,,,,,,,,,,,,,,,
1d626ca03a345e6601c064a6a0c00a1a9212ee8924f6c3978e4ae4fa19bcc8eb,panda_cylinder_p0_u,panda_cylinder_p0,panda,cylinder,0,u,B2,0,True,False,,,,,,,,,,False,common_reference_unavailable,,,,,,,,,,,,,,,,,,,,,,,,,,,,,,,,,,,,,,,,,,,,,,,,,,,,,,,,,,,,
1d626ca03a345e6601c064a6a0c00a1a9212ee8924f6c3978e4ae4fa19bcc8eb,panda_cylinder_p0_u,panda_cylinder_p0,panda,cylinder,0,u,B2,1,True,False,,,,,,,,,,False,common_reference_unavailable,,,,,,,,,,,,,,,,,,,,,,,,,,,,,,,,,,,,,,,,,,,,,,,,,,,,,,,,,,,,
1d626ca03a345e6601c064a6a0c00a1a9212ee8924f6c3978e4ae4fa19bcc8eb,panda_cylinder_p0_u,panda_cylinder_p0,panda,cylinder,0,u,B2,2,True,False,,,,,,,,,,False,common_reference_unavailable,,,,,,,,,,,,,,,,,,,,,,,,,,,,,,,,,,,,,,,,,,,,,,,,,,,,,,,,,,,,
1d626ca03a345e6601c064a6a0c00a1a9212ee8924f6c3978e4ae4fa19bcc8eb,panda_cylinder_p0_u,panda_cylinder_p0,panda,cylinder,0,u,B3,0,False,False,,,,,,,,,,False,not_evaluable,Official example ran; upstream seven-joint IIWA state packing and decoupled Cartesian error box are not yet verified against Panda/UR5e scanner-ray constraints. No surrogate MPC substituted.,,,,,,,,,,,,,,,,,,,,,,,,,,,,,,,,,,,,,,,,,,,,,,,,,,,,,,,,,,,
1d626ca03a345e6601c064a6a0c00a1a9212ee8924f6c3978e4ae4fa19bcc8eb,panda_cylinder_p0_u,panda_cylinder_p0,panda,cylinder,0,u,B3,1,False,False,,,,,,,,,,False,not_evaluable,Official example ran; upstream seven-joint IIWA state packing and decoupled Cartesian error box are not yet verified against Panda/UR5e scanner-ray constraints. No surrogate MPC substituted.,,,,,,,,,,,,,,,,,,,,,,,,,,,,,,,,,,,,,,,,,,,,,,,,,,,,,,,,,,,
1d626ca03a345e6601c064a6a0c00a1a9212ee8924f6c3978e4ae4fa19bcc8eb,panda_cylinder_p0_u,panda_cylinder_p0,panda,cylinder,0,u,B3,2,False,False,,,,,,,,,,False,not_evaluable,Official example ran; upstream seven-joint IIWA state packing and decoupled Cartesian error box are not yet verified against Panda/UR5e scanner-ray constraints. No surrogate MPC substituted.,,,,,,,,,,,,,,,,,,,,,,,,,,,,,,,,,,,,,,,,,,,,,,,,,,,,,,,,,,,
1d626ca03a345e6601c064a6a0c00a1a9212ee8924f6c3978e4ae4fa19bcc8eb,panda_cylinder_p0_u,panda_cylinder_p0,panda,cylinder,0,u,G,0,True,False,,,,,,,,,,False,common_reference_unavailable,,,,,,,,,,,,,,,,,,,,,,,,,,,,,,,,,,,,,,,,,,,,,,,,,,,,,,,,,,,,
1d626ca03a345e6601c064a6a0c00a1a9212ee8924f6c3978e4ae4fa19bcc8eb,panda_cylinder_p0_u,panda_cylinder_p0,panda,cylinder,0,u,G,1,True,False,,,,,,,,,,False,common_reference_unavailable,,,,,,,,,,,,,,,,,,,,,,,,,,,,,,,,,,,,,,,,,,,,,,,,,,,,,,,,,,,,
1d626ca03a345e6601c064a6a0c00a1a9212ee8924f6c3978e4ae4fa19bcc8eb,panda_cylinder_p0_u,panda_cylinder_p0,panda,cylinder,0,u,G,2,True,False,,,,,,,,,,False,common_reference_unavailable,,,,,,,,,,,,,,,,,,,,,,,,,,,,,,,,,,,,,,,,,,,,,,,,,,,,,,,,,,,,
84054da21481d1359c181b6fcd2262b0249f857876c17df848868534df6762c8,panda_cylinder_p0_v,panda_cylinder_p0,panda,cylinder,0,v,B0,0,True,True,True,True,0.28115389800223056,,,0.0299739660040359,1.0277983630003291,1.400506399004371,20.60746147855565,True,planner_feasible,,True,1116,421,0,421,True,0.021402257118462845,0.0006400843740416161,"All measured work including 30 s checkpoint experiment and validation; selected path is the verified 10 s incumbent, not a 10 s return-time guarantee.",20.807000000002446,20.807000000002446,3.501501370999904,0.999999999999979,0.999999999999979,0.0,0.0008911631305663732,0,0.6139215341528258,0.9669316316916567,0.00011799178278698585,0.0,0.5082556609234473,0.0,0.0,12.471,8.137,0.2,0.005,0.001,0.6070258628606936,27.055879023664083,conservative_3d_component_bounding_box_diagonal,0.1501391660268385,0.15062044258588125,0.1498221689126622,0.0001365993384322215,0.00023397677087708252,2.6208218193969463e-12,0.00034474936229122284,0.0008147304056387951,5.16191365590357e-08,5.9006648360517615e-05,0.00024039828663551752,0.0,0.0,0.0001718603416665852,0.000620442585881259,0.019752683449113642,0.04668061368408453,0.00023397677087708252,0.013773807226391377,2494,2494,8.041602235582257e-05,0.021402266169270767,execution.h5 and actual scan timestamps; no new solve or simulation,,,
84054da21481d1359c181b6fcd2262b0249f857876c17df848868534df6762c8,panda_cylinder_p0_v,panda_cylinder_p0,panda,cylinder,0,v,B0,1,True,True,,,0.2816518379986519,,,0.029895114996179473,1.0229058740005712,1.3966911320021609,20.60746147855565,False,planner_feasible,,True,1116,421,0,421,True,0.021402257118462845,0.0006400843740416161,"All measured work including 30 s checkpoint experiment and validation; selected path is the verified 10 s incumbent, not a 10 s return-time guarantee.",,,,,,,,,,,,,,,,,,,,,,,,,,,,,,,,,,,,,,,,,,,,,,,,,,
84054da21481d1359c181b6fcd2262b0249f857876c17df848868534df6762c8,panda_cylinder_p0_v,panda_cylinder_p0,panda,cylinder,0,v,B0,2,True,True,,,0.28090210299706087,,,0.030036251999263186,1.0276449259981746,1.4002965889958432,20.60746147855565,False,planner_feasible,,True,1116,421,0,421,True,0.021402257118462845,0.0006400843740416161,"All measured work including 30 s checkpoint experiment and validation; selected path is the verified 10 s incumbent, not a 10 s return-time guarantee.",,,,,,,,,,,,,,,,,,,,,,,,,,,,,,,,,,,,,,,,,,,,,,,,,,
84054da21481d1359c181b6fcd2262b0249f857876c17df848868534df6762c8,panda_cylinder_p0_v,panda_cylinder_p0,panda,cylinder,0,v,B1,0,True,True,True,True,0.22377873199729947,30.203372039999522,,0.0300518140065833,1.034033043004456,31.800128676004533,20.489939057271176,True,planner_feasible,,True,842,421,0,421,True,0.021402279687178442,0.0004989009402965106,"All measured work including 30 s checkpoint experiment and validation; selected path is the verified 10 s incumbent, not a 10 s return-time guarantee.",20.689000000002302,20.689000000002302,3.469641301999218,0.999999999999979,0.999999999999979,0.0,0.0008924791294271918,0,0.6111635745340207,0.9666797332659363,0.00010220894272697234,0.0,0.5078871356503356,0.0,0.0,12.386000000000001,8.104000000000001,0.2,0.005,0.001,0.6018322068292471,27.56543109847196,conservative_3d_component_bounding_box_diagonal,0.15003368013404944,0.15014363355721927,0.1498458500139816,0.00013773197445246242,0.0003244825165339715,2.6208218193969463e-12,0.0002968689479944607,0.00046582287551848005,5.16191365590357e-08,4.5204888789454235e-05,8.221563065794287e-05,0.0,0.0,5.864099657614669e-05,0.00015414998601839813,0.017009337788571322,0.026689684767856825,0.0003244825165339715,0.004710608646706506,2476,2476,7.793603831400817e-05,0.021402282203551976,execution.h5 and actual scan timestamps; no new solve or simulation,User_Requested_Stop,10.0,3
84054da21481d1359c181b6fcd2262b0249f857876c17df848868534df6762c8,panda_cylinder_p0_v,panda_cylinder_p0,panda,cylinder,0,v,B1,1,True,True,,,0.22450755900354125,30.28479328499816,,0.02984832299989648,1.0406200439974782,31.886010774003807,20.489939057271176,False,planner_feasible,,True,842,421,0,421,True,0.021402279687178442,0.0004989009402965106,"All measured work including 30 s checkpoint experiment and validation; selected path is the verified 10 s incumbent, not a 10 s return-time guarantee.",,,,,,,,,,,,,,,,,,,,,,,,,,,,,,,,,,,,,,,,,,,,,,,,User_Requested_Stop,10.0,3
84054da21481d1359c181b6fcd2262b0249f857876c17df848868534df6762c8,panda_cylinder_p0_v,panda_cylinder_p0,panda,cylinder,0,v,B1,2,True,True,,,0.22532496500207344,30.38211727099406,,0.030444862000877038,1.0316541840002174,31.977953113993863,20.489939057271176,False,planner_feasible,,True,842,421,0,421,True,0.021402279687178442,0.0004989009402965106,"All measured work including 30 s checkpoint experiment and validation; selected path is the verified 10 s incumbent, not a 10 s return-time guarantee.",,,,,,,,,,,,,,,,,,,,,,,,,,,,,,,,,,,,,,,,,,,,,,,,User_Requested_Stop,10.0,3
84054da21481d1359c181b6fcd2262b0249f857876c17df848868534df6762c8,panda_cylinder_p0_v,panda_cylinder_p0,panda,cylinder,0,v,B2,0,True,True,True,True,31.800128676004533,,30.67491498900199,0.030265377994510345,1.0311104460051865,64.0943145380079,20.489939057271176,True,planner_feasible,,,,,,,True,0.021402279687178442,,"All measured work including 30 s checkpoint experiment and validation; selected path is the verified 10 s incumbent, not a 10 s return-time guarantee.",20.689000000002302,20.689000000002302,3.4769893909979146,0.999999999999979,0.999999999999979,0.0,0.0008924791294271918,0,0.6111635745340207,0.9666797332659363,0.00010220894272697234,0.0,0.5078871356503356,0.0,0.0,12.386000000000001,8.104000000000001,0.2,0.005,0.001,0.6018322068292471,27.56543109847196,conservative_3d_component_bounding_box_diagonal,0.15003368013404944,0.15014363355721927,0.1498458500139816,0.00013773197445246242,0.0003244825165339715,2.6208218193969463e-12,0.0002968689479944607,0.00046582287551848005,5.16191365590357e-08,4.5204888789454235e-05,8.221563065794287e-05,0.0,0.0,5.864099657614669e-05,0.00015414998601839813,0.017009337788571322,0.026689684767856825,0.0003244825165339715,0.004710608646706506,2476,2476,7.793603831400817e-05,0.021402282203551976,execution.h5 and actual scan timestamps; no new solve or simulation,User_Requested_Stop,10.0,3
84054da21481d1359c181b6fcd2262b0249f857876c17df848868534df6762c8,panda_cylinder_p0_v,panda_cylinder_p0,panda,cylinder,0,v,B2,1,True,True,,,31.800128676004533,,30.527233478002017,0.03005451400531456,1.039079745998606,63.95343054700788,20.489939057271176,False,planner_feasible,,,,,,,True,0.021402279687178442,,"All measured work including 30 s checkpoint experiment and validation; selected path is the verified 10 s incumbent, not a 10 s return-time guarantee.",,,,,,,,,,,,,,,,,,,,,,,,,,,,,,,,,,,,,,,,,,,,,,,,User_Requested_Stop,10.0,3
84054da21481d1359c181b6fcd2262b0249f857876c17df848868534df6762c8,panda_cylinder_p0_v,panda_cylinder_p0,panda,cylinder,0,v,B2,2,True,True,,,31.800128676004533,,30.616181107005104,0.030415150999033358,1.0251735439960612,64.03068447800615,20.489939057271176,False,planner_feasible,,,,,,,True,0.021402279687178442,,"All measured work including 30 s checkpoint experiment and validation; selected path is the verified 10 s incumbent, not a 10 s return-time guarantee.",,,,,,,,,,,,,,,,,,,,,,,,,,,,,,,,,,,,,,,,,,,,,,,,User_Requested_Stop,10.0,3
84054da21481d1359c181b6fcd2262b0249f857876c17df848868534df6762c8,panda_cylinder_p0_v,panda_cylinder_p0,panda,cylinder,0,v,B3,0,False,False,,,,,,,,,,False,not_evaluable,Official example ran; upstream seven-joint IIWA state packing and decoupled Cartesian error box are not yet verified against Panda/UR5e scanner-ray constraints. No surrogate MPC substituted.,,,,,,,,,,,,,,,,,,,,,,,,,,,,,,,,,,,,,,,,,,,,,,,,,,,,,,,,,,,
84054da21481d1359c181b6fcd2262b0249f857876c17df848868534df6762c8,panda_cylinder_p0_v,panda_cylinder_p0,panda,cylinder,0,v,B3,1,False,False,,,,,,,,,,False,not_evaluable,Official example ran; upstream seven-joint IIWA state packing and decoupled Cartesian error box are not yet verified against Panda/UR5e scanner-ray constraints. No surrogate MPC substituted.,,,,,,,,,,,,,,,,,,,,,,,,,,,,,,,,,,,,,,,,,,,,,,,,,,,,,,,,,,,
84054da21481d1359c181b6fcd2262b0249f857876c17df848868534df6762c8,panda_cylinder_p0_v,panda_cylinder_p0,panda,cylinder,0,v,B3,2,False,False,,,,,,,,,,False,not_evaluable,Official example ran; upstream seven-joint IIWA state packing and decoupled Cartesian error box are not yet verified against Panda/UR5e scanner-ray constraints. No surrogate MPC substituted.,,,,,,,,,,,,,,,,,,,,,,,,,,,,,,,,,,,,,,,,,,,,,,,,,,,,,,,,,,,
84054da21481d1359c181b6fcd2262b0249f857876c17df848868534df6762c8,panda_cylinder_p0_v,panda_cylinder_p0,panda,cylinder,0,v,G,0,True,True,True,True,0.22323282700381242,30.148230872000568,,0.03002700299839489,1.0279606740004965,31.73793409800419,20.489939057271176,True,planner_feasible,,True,842,421,0,421,True,0.021402279687178442,0.0004989009402965106,"All measured work including 30 s checkpoint experiment and validation; selected path is the verified 10 s incumbent, not a 10 s return-time guarantee.",20.689000000002302,20.689000000002302,3.4645292350032832,0.999999999999979,0.999999999999979,0.0,0.0008924791294271918,0,0.6111635745340207,0.9666797332659363,0.00010220894272697234,0.0,0.5078871356503356,0.0,0.0,12.386000000000001,8.104000000000001,0.2,0.005,0.001,0.6018322068292471,27.56543109847196,conservative_3d_component_bounding_box_diagonal,0.15003368013404944,0.15014363355721927,0.1498458500139816,0.00013773197445246242,0.0003244825165339715,2.6208218193969463e-12,0.0002968689479944607,0.00046582287551848005,5.16191365590357e-08,4.5204888789454235e-05,8.221563065794287e-05,0.0,0.0,5.864099657614669e-05,0.00015414998601839813,0.017009337788571322,0.026689684767856825,0.0003244825165339715,0.004710608646706506,2476,2476,7.793603831400817e-05,0.021402282203551976,execution.h5 and actual scan timestamps; no new solve or simulation,User_Requested_Stop,10.0,3
84054da21481d1359c181b6fcd2262b0249f857876c17df848868534df6762c8,panda_cylinder_p0_v,panda_cylinder_p0,panda,cylinder,0,v,G,1,True,True,,,0.22266444800334284,30.18092011900444,,0.029813398999976926,1.029665087997273,31.76670175500476,20.489939057271176,False,planner_feasible,,True,842,421,0,421,True,0.021402279687178442,0.0004989009402965106,"All measured work including 30 s checkpoint experiment and validation; selected path is the verified 10 s incumbent, not a 10 s return-time guarantee.",,,,,,,,,,,,,,,,,,,,,,,,,,,,,,,,,,,,,,,,,,,,,,,,User_Requested_Stop,10.0,3
84054da21481d1359c181b6fcd2262b0249f857876c17df848868534df6762c8,panda_cylinder_p0_v,panda_cylinder_p0,panda,cylinder,0,v,G,2,True,True,,,0.22417558899905998,30.227628687003744,,0.029876150998461526,1.027346007002052,31.81546604299365,20.489939057271176,False,planner_feasible,,True,842,421,0,421,True,0.021402279687178442,0.0004989009402965106,"All measured work including 30 s checkpoint experiment and validation; selected path is the verified 10 s incumbent, not a 10 s return-time guarantee.",,,,,,,,,,,,,,,,,,,,,,,,,,,,,,,,,,,,,,,,,,,,,,,,User_Requested_Stop,10.0,3
406af3b20ab059ba4ba3b0119a5c6adf254d03bdeae9dfa5c1b0f474ba4cf06d,panda_cylinder_p1_u,panda_cylinder_p1,panda,cylinder,1,u,B0,0,True,False,,,,,,,,,,False,common_reference_unavailable,,,,,,,,,,,,,,,,,,,,,,,,,,,,,,,,,,,,,,,,,,,,,,,,,,,,,,,,,,,,
406af3b20ab059ba4ba3b0119a5c6adf254d03bdeae9dfa5c1b0f474ba4cf06d,panda_cylinder_p1_u,panda_cylinder_p1,panda,cylinder,1,u,B0,1,True,False,,,,,,,,,,False,common_reference_unavailable,,,,,,,,,,,,,,,,,,,,,,,,,,,,,,,,,,,,,,,,,,,,,,,,,,,,,,,,,,,,
406af3b20ab059ba4ba3b0119a5c6adf254d03bdeae9dfa5c1b0f474ba4cf06d,panda_cylinder_p1_u,panda_cylinder_p1,panda,cylinder,1,u,B0,2,True,False,,,,,,,,,,False,common_reference_unavailable,,,,,,,,,,,,,,,,,,,,,,,,,,,,,,,,,,,,,,,,,,,,,,,,,,,,,,,,,,,,
406af3b20ab059ba4ba3b0119a5c6adf254d03bdeae9dfa5c1b0f474ba4cf06d,panda_cylinder_p1_u,panda_cylinder_p1,panda,cylinder,1,u,B1,0,True,False,,,,,,,,,,False,common_reference_unavailable,,,,,,,,,,,,,,,,,,,,,,,,,,,,,,,,,,,,,,,,,,,,,,,,,,,,,,,,,,,,
406af3b20ab059ba4ba3b0119a5c6adf254d03bdeae9dfa5c1b0f474ba4cf06d,panda_cylinder_p1_u,panda_cylinder_p1,panda,cylinder,1,u,B1,1,True,False,,,,,,,,,,False,common_reference_unavailable,,,,,,,,,,,,,,,,,,,,,,,,,,,,,,,,,,,,,,,,,,,,,,,,,,,,,,,,,,,,
406af3b20ab059ba4ba3b0119a5c6adf254d03bdeae9dfa5c1b0f474ba4cf06d,panda_cylinder_p1_u,panda_cylinder_p1,panda,cylinder,1,u,B1,2,True,False,,,,,,,,,,False,common_reference_unavailable,,,,,,,,,,,,,,,,,,,,,,,,,,,,,,,,,,,,,,,,,,,,,,,,,,,,,,,,,,,,
406af3b20ab059ba4ba3b0119a5c6adf254d03bdeae9dfa5c1b0f474ba4cf06d,panda_cylinder_p1_u,panda_cylinder_p1,panda,cylinder,1,u,B2,0,True,False,,,,,,,,,,False,common_reference_unavailable,,,,,,,,,,,,,,,,,,,,,,,,,,,,,,,,,,,,,,,,,,,,,,,,,,,,,,,,,,,,
406af3b20ab059ba4ba3b0119a5c6adf254d03bdeae9dfa5c1b0f474ba4cf06d,panda_cylinder_p1_u,panda_cylinder_p1,panda,cylinder,1,u,B2,1,True,False,,,,,,,,,,False,common_reference_unavailable,,,,,,,,,,,,,,,,,,,,,,,,,,,,,,,,,,,,,,,,,,,,,,,,,,,,,,,,,,,,
406af3b20ab059ba4ba3b0119a5c6adf254d03bdeae9dfa5c1b0f474ba4cf06d,panda_cylinder_p1_u,panda_cylinder_p1,panda,cylinder,1,u,B2,2,True,False,,,,,,,,,,False,common_reference_unavailable,,,,,,,,,,,,,,,,,,,,,,,,,,,,,,,,,,,,,,,,,,,,,,,,,,,,,,,,,,,,
406af3b20ab059ba4ba3b0119a5c6adf254d03bdeae9dfa5c1b0f474ba4cf06d,panda_cylinder_p1_u,panda_cylinder_p1,panda,cylinder,1,u,B3,0,False,False,,,,,,,,,,False,not_evaluable,Official example ran; upstream seven-joint IIWA state packing and decoupled Cartesian error box are not yet verified against Panda/UR5e scanner-ray constraints. No surrogate MPC substituted.,,,,,,,,,,,,,,,,,,,,,,,,,,,,,,,,,,,,,,,,,,,,,,,,,,,,,,,,,,,
406af3b20ab059ba4ba3b0119a5c6adf254d03bdeae9dfa5c1b0f474ba4cf06d,panda_cylinder_p1_u,panda_cylinder_p1,panda,cylinder,1,u,B3,1,False,False,,,,,,,,,,False,not_evaluable,Official example ran; upstream seven-joint IIWA state packing and decoupled Cartesian error box are not yet verified against Panda/UR5e scanner-ray constraints. No surrogate MPC substituted.,,,,,,,,,,,,,,,,,,,,,,,,,,,,,,,,,,,,,,,,,,,,,,,,,,,,,,,,,,,
406af3b20ab059ba4ba3b0119a5c6adf254d03bdeae9dfa5c1b0f474ba4cf06d,panda_cylinder_p1_u,panda_cylinder_p1,panda,cylinder,1,u,B3,2,False,False,,,,,,,,,,False,not_evaluable,Official example ran; upstream seven-joint IIWA state packing and decoupled Cartesian error box are not yet verified against Panda/UR5e scanner-ray constraints. No surrogate MPC substituted.,,,,,,,,,,,,,,,,,,,,,,,,,,,,,,,,,,,,,,,,,,,,,,,,,,,,,,,,,,,
406af3b20ab059ba4ba3b0119a5c6adf254d03bdeae9dfa5c1b0f474ba4cf06d,panda_cylinder_p1_u,panda_cylinder_p1,panda,cylinder,1,u,G,0,True,False,,,,,,,,,,False,common_reference_unavailable,,,,,,,,,,,,,,,,,,,,,,,,,,,,,,,,,,,,,,,,,,,,,,,,,,,,,,,,,,,,
406af3b20ab059ba4ba3b0119a5c6adf254d03bdeae9dfa5c1b0f474ba4cf06d,panda_cylinder_p1_u,panda_cylinder_p1,panda,cylinder,1,u,G,1,True,False,,,,,,,,,,False,common_reference_unavailable,,,,,,,,,,,,,,,,,,,,,,,,,,,,,,,,,,,,,,,,,,,,,,,,,,,,,,,,,,,,
406af3b20ab059ba4ba3b0119a5c6adf254d03bdeae9dfa5c1b0f474ba4cf06d,panda_cylinder_p1_u,panda_cylinder_p1,panda,cylinder,1,u,G,2,True,False,,,,,,,,,,False,common_reference_unavailable,,,,,,,,,,,,,,,,,,,,,,,,,,,,,,,,,,,,,,,,,,,,,,,,,,,,,,,,,,,,
be62d5dee820b8e320fc3af1c85548a704ca13694693c4f95b1ee71fb14e2609,panda_cylinder_p1_v,panda_cylinder_p1,panda,cylinder,1,v,B0,0,True,False,,,,,,,,,,False,common_reference_unavailable,,,,,,,,,,,,,,,,,,,,,,,,,,,,,,,,,,,,,,,,,,,,,,,,,,,,,,,,,,,,
be62d5dee820b8e320fc3af1c85548a704ca13694693c4f95b1ee71fb14e2609,panda_cylinder_p1_v,panda_cylinder_p1,panda,cylinder,1,v,B0,1,True,False,,,,,,,,,,False,common_reference_unavailable,,,,,,,,,,,,,,,,,,,,,,,,,,,,,,,,,,,,,,,,,,,,,,,,,,,,,,,,,,,,
be62d5dee820b8e320fc3af1c85548a704ca13694693c4f95b1ee71fb14e2609,panda_cylinder_p1_v,panda_cylinder_p1,panda,cylinder,1,v,B0,2,True,False,,,,,,,,,,False,common_reference_unavailable,,,,,,,,,,,,,,,,,,,,,,,,,,,,,,,,,,,,,,,,,,,,,,,,,,,,,,,,,,,,
be62d5dee820b8e320fc3af1c85548a704ca13694693c4f95b1ee71fb14e2609,panda_cylinder_p1_v,panda_cylinder_p1,panda,cylinder,1,v,B1,0,True,False,,,,,,,,,,False,common_reference_unavailable,,,,,,,,,,,,,,,,,,,,,,,,,,,,,,,,,,,,,,,,,,,,,,,,,,,,,,,,,,,,
be62d5dee820b8e320fc3af1c85548a704ca13694693c4f95b1ee71fb14e2609,panda_cylinder_p1_v,panda_cylinder_p1,panda,cylinder,1,v,B1,1,True,False,,,,,,,,,,False,common_reference_unavailable,,,,,,,,,,,,,,,,,,,,,,,,,,,,,,,,,,,,,,,,,,,,,,,,,,,,,,,,,,,,
be62d5dee820b8e320fc3af1c85548a704ca13694693c4f95b1ee71fb14e2609,panda_cylinder_p1_v,panda_cylinder_p1,panda,cylinder,1,v,B1,2,True,False,,,,,,,,,,False,common_reference_unavailable,,,,,,,,,,,,,,,,,,,,,,,,,,,,,,,,,,,,,,,,,,,,,,,,,,,,,,,,,,,,
be62d5dee820b8e320fc3af1c85548a704ca13694693c4f95b1ee71fb14e2609,panda_cylinder_p1_v,panda_cylinder_p1,panda,cylinder,1,v,B2,0,True,False,,,,,,,,,,False,common_reference_unavailable,,,,,,,,,,,,,,,,,,,,,,,,,,,,,,,,,,,,,,,,,,,,,,,,,,,,,,,,,,,,
be62d5dee820b8e320fc3af1c85548a704ca13694693c4f95b1ee71fb14e2609,panda_cylinder_p1_v,panda_cylinder_p1,panda,cylinder,1,v,B2,1,True,False,,,,,,,,,,False,common_reference_unavailable,,,,,,,,,,,,,,,,,,,,,,,,,,,,,,,,,,,,,,,,,,,,,,,,,,,,,,,,,,,,
be62d5dee820b8e320fc3af1c85548a704ca13694693c4f95b1ee71fb14e2609,panda_cylinder_p1_v,panda_cylinder_p1,panda,cylinder,1,v,B2,2,True,False,,,,,,,,,,False,common_reference_unavailable,,,,,,,,,,,,,,,,,,,,,,,,,,,,,,,,,,,,,,,,,,,,,,,,,,,,,,,,,,,,
be62d5dee820b8e320fc3af1c85548a704ca13694693c4f95b1ee71fb14e2609,panda_cylinder_p1_v,panda_cylinder_p1,panda,cylinder,1,v,B3,0,False,False,,,,,,,,,,False,not_evaluable,Official example ran; upstream seven-joint IIWA state packing and decoupled Cartesian error box are not yet verified against Panda/UR5e scanner-ray constraints. No surrogate MPC substituted.,,,,,,,,,,,,,,,,,,,,,,,,,,,,,,,,,,,,,,,,,,,,,,,,,,,,,,,,,,,
be62d5dee820b8e320fc3af1c85548a704ca13694693c4f95b1ee71fb14e2609,panda_cylinder_p1_v,panda_cylinder_p1,panda,cylinder,1,v,B3,1,False,False,,,,,,,,,,False,not_evaluable,Official example ran; upstream seven-joint IIWA state packing and decoupled Cartesian error box are not yet verified against Panda/UR5e scanner-ray constraints. No surrogate MPC substituted.,,,,,,,,,,,,,,,,,,,,,,,,,,,,,,,,,,,,,,,,,,,,,,,,,,,,,,,,,,,
be62d5dee820b8e320fc3af1c85548a704ca13694693c4f95b1ee71fb14e2609,panda_cylinder_p1_v,panda_cylinder_p1,panda,cylinder,1,v,B3,2,False,False,,,,,,,,,,False,not_evaluable,Official example ran; upstream seven-joint IIWA state packing and decoupled Cartesian error box are not yet verified against Panda/UR5e scanner-ray constraints. No surrogate MPC substituted.,,,,,,,,,,,,,,,,,,,,,,,,,,,,,,,,,,,,,,,,,,,,,,,,,,,,,,,,,,,
be62d5dee820b8e320fc3af1c85548a704ca13694693c4f95b1ee71fb14e2609,panda_cylinder_p1_v,panda_cylinder_p1,panda,cylinder,1,v,G,0,True,False,,,,,,,,,,False,common_reference_unavailable,,,,,,,,,,,,,,,,,,,,,,,,,,,,,,,,,,,,,,,,,,,,,,,,,,,,,,,,,,,,
be62d5dee820b8e320fc3af1c85548a704ca13694693c4f95b1ee71fb14e2609,panda_cylinder_p1_v,panda_cylinder_p1,panda,cylinder,1,v,G,1,True,False,,,,,,,,,,False,common_reference_unavailable,,,,,,,,,,,,,,,,,,,,,,,,,,,,,,,,,,,,,,,,,,,,,,,,,,,,,,,,,,,,
be62d5dee820b8e320fc3af1c85548a704ca13694693c4f95b1ee71fb14e2609,panda_cylinder_p1_v,panda_cylinder_p1,panda,cylinder,1,v,G,2,True,False,,,,,,,,,,False,common_reference_unavailable,,,,,,,,,,,,,,,,,,,,,,,,,,,,,,,,,,,,,,,,,,,,,,,,,,,,,,,,,,,,
5d5a023d5f637f0869c78b3e99c42c4dfd57402d820a31236667cdffd46ab609,panda_plane_p0_u,panda_plane_p0,panda,plane,0,u,B0,0,True,True,True,True,0.39427086600335315,,,0.02906769100081874,1.001039431001118,1.4857500200014329,16.897499564919215,True,planner_feasible,,True,1696,417,0,417,True,0.022038856974783836,0.006272941471849263,"All measured work including 30 s checkpoint experiment and validation; selected path is the verified 10 s incumbent, not a 10 s return-time guarantee.",17.096999999997912,17.096999999997912,2.938583782997739,1.0,1.0,0.0,0.0009498999166806055,0,0.7997049062917717,0.9838092457943731,0.00016447279137264854,0.0,0.38411400812288765,0.0,0.0,13.112,3.786,0.2,0.005,0.001,0.7394648290245921,17.89238484244579,conservative_3d_component_bounding_box_diagonal,0.1504090715064344,0.15321864960908807,0.14883678702909042,0.00040541907617974607,0.0005499025068200945,6.27973364026673e-13,0.0028561286125435266,0.005621097840425612,4.712160915387242e-08,0.0008479579166095185,0.0013675812487907951,0.0,0.0,0.001030473434207673,0.0032186496090880756,0.16364411524529962,0.3220651824864891,0.0005499025068200945,0.07835663369694318,2622,2622,0.00010712284094584465,0.022038896819549778,execution.h5 and actual scan timestamps; no new solve or simulation,,,
5d5a023d5f637f0869c78b3e99c42c4dfd57402d820a31236667cdffd46ab609,panda_plane_p0_u,panda_plane_p0,panda,plane,0,u,B0,1,True,True,,,0.3964474140011589,,,0.029458990997227374,1.0124276730057318,1.499929006997263,16.897499564919215,False,planner_feasible,,True,1696,417,0,417,True,0.022038856974783836,0.006272941471849263,"All measured work including 30 s checkpoint experiment and validation; selected path is the verified 10 s incumbent, not a 10 s return-time guarantee.",,,,,,,,,,,,,,,,,,,,,,,,,,,,,,,,,,,,,,,,,,,,,,,,,,
5d5a023d5f637f0869c78b3e99c42c4dfd57402d820a31236667cdffd46ab609,panda_plane_p0_u,panda_plane_p0,panda,plane,0,u,B0,2,True,True,,,0.396932456002105,,,0.02977509699849179,1.005173195997486,1.5106590499999584,16.897499564919215,False,planner_feasible,,True,1696,417,0,417,True,0.022038856974783836,0.006272941471849263,"All measured work including 30 s checkpoint experiment and validation; selected path is the verified 10 s incumbent, not a 10 s return-time guarantee.",,,,,,,,,,,,,,,,,,,,,,,,,,,,,,,,,,,,,,,,,,,,,,,,,,
5d5a023d5f637f0869c78b3e99c42c4dfd57402d820a31236667cdffd46ab609,panda_plane_p0_u,panda_plane_p0,panda,plane,0,u,B1,0,True,True,False,False,0.22015385099803098,30.67094998399989,,0.02942819700547261,1.014327229000628,32.24527847600257,15.95746675663842,True,planner_feasible,,True,834,417,0,417,True,0.022061088942352983,0.0037534207096703727,"All measured work including 30 s checkpoint experiment and validation; selected path is the verified 10 s incumbent, not a 10 s return-time guarantee.",,16.156999999996764,2.7441863299973193,1.0,1.0,0.0,0.0009682976875163671,0,0.7227104440535159,1.0220996079356677,0.00013432796542456327,0.0,0.38421698928421916,0.0,0.013000000000000001,12.249,3.709,0.2,0.005,0.001,0.7266523212100346,18.07937337362003,conservative_3d_component_bounding_box_diagonal,0.14999180859698402,0.1500155106721857,0.14956722458954158,0.00015794857057721074,0.0003260877955356521,6.27973364026673e-13,0.0014933337641478226,0.0031528739232787053,4.712160915387242e-08,0.00026398748037085153,0.0010293602787800897,0.0,0.0,0.00011433168468224231,0.0004327754104584136,0.08556172209005493,0.18064636914072352,0.0003260877955356521,0.058977999572508974,2452,2452,0.00011031804830722996,0.02206112352654225,execution.h5 and actual scan timestamps; no new solve or simulation,User_Requested_Stop,10.0,3
5d5a023d5f637f0869c78b3e99c42c4dfd57402d820a31236667cdffd46ab609,panda_plane_p0_u,panda_plane_p0,panda,plane,0,u,B1,1,True,True,,,0.22031567700469168,30.528004833999148,,0.02925194799900055,1.013933246002125,32.096531322000374,15.95746675663842,False,planner_feasible,,True,834,417,0,417,True,0.022061088942352983,0.0037534207096703727,"All measured work including 30 s checkpoint experiment and validation; selected path is the verified 10 s incumbent, not a 10 s return-time guarantee.",,,,,,,,,,,,,,,,,,,,,,,,,,,,,,,,,,,,,,,,,,,,,,,,User_Requested_Stop,10.0,3
5d5a023d5f637f0869c78b3e99c42c4dfd57402d820a31236667cdffd46ab609,panda_plane_p0_u,panda_plane_p0,panda,plane,0,u,B1,2,True,True,,,0.2215916460045264,30.682403965998674,,0.029475393996108323,1.0033355620034854,32.25960226399911,15.95746675663842,False,planner_feasible,,True,834,417,0,417,True,0.022061088942352983,0.0037534207096703727,"All measured work including 30 s checkpoint experiment and validation; selected path is the verified 10 s incumbent, not a 10 s return-time guarantee.",,,,,,,,,,,,,,,,,,,,,,,,,,,,,,,,,,,,,,,,,,,,,,,,User_Requested_Stop,10.0,3
5d5a023d5f637f0869c78b3e99c42c4dfd57402d820a31236667cdffd46ab609,panda_plane_p0_u,panda_plane_p0,panda,plane,0,u,B2,0,True,True,False,False,32.24527847600257,,32.104151277999335,0.029348763993766624,1.0158925049981917,65.96557066399691,15.95746675663842,True,planner_feasible,,,,,,,True,0.022061088942352983,,"All measured work including 30 s checkpoint experiment and validation; selected path is the verified 10 s incumbent, not a 10 s return-time guarantee.",,16.156999999996764,2.760175759998674,1.0,1.0,0.0,0.0009682976875163671,0,0.7227104440535159,1.0220996079356677,0.00013432796542456327,0.0,0.38421698928421916,0.0,0.013000000000000001,12.249,3.709,0.2,0.005,0.001,0.7266523212100346,18.07937337362003,conservative_3d_component_bounding_box_diagonal,0.14999180859698402,0.1500155106721857,0.14956722458954158,0.00015794857057721074,0.0003260877955356521,6.27973364026673e-13,0.0014933337641478226,0.0031528739232787053,4.712160915387242e-08,0.00026398748037085153,0.0010293602787800897,0.0,0.0,0.00011433168468224231,0.0004327754104584136,0.08556172209005493,0.18064636914072352,0.0003260877955356521,0.058977999572508974,2452,2452,0.00011031804830722996,0.02206112352654225,execution.h5 and actual scan timestamps; no new solve or simulation,User_Requested_Stop,10.0,3
5d5a023d5f637f0869c78b3e99c42c4dfd57402d820a31236667cdffd46ab609,panda_plane_p0_u,panda_plane_p0,panda,plane,0,u,B2,1,True,True,,,32.24527847600257,,31.89683388300182,0.0293789610004751,1.006658968006377,65.74960139299947,15.95746675663842,False,planner_feasible,,,,,,,True,0.022061088942352983,,"All measured work including 30 s checkpoint experiment and validation; selected path is the verified 10 s incumbent, not a 10 s return-time guarantee.",,,,,,,,,,,,,,,,,,,,,,,,,,,,,,,,,,,,,,,,,,,,,,,,User_Requested_Stop,10.0,3
5d5a023d5f637f0869c78b3e99c42c4dfd57402d820a31236667cdffd46ab609,panda_plane_p0_u,panda_plane_p0,panda,plane,0,u,B2,2,True,True,,,32.24527847600257,,32.03314002600382,0.029513661000237335,1.0158060870016925,65.89439135200519,15.95746675663842,False,planner_feasible,,,,,,,True,0.022061088942352983,,"All measured work including 30 s checkpoint experiment and validation; selected path is the verified 10 s incumbent, not a 10 s return-time guarantee.",,,,,,,,,,,,,,,,,,,,,,,,,,,,,,,,,,,,,,,,,,,,,,,,User_Requested_Stop,10.0,3
5d5a023d5f637f0869c78b3e99c42c4dfd57402d820a31236667cdffd46ab609,panda_plane_p0_u,panda_plane_p0,panda,plane,0,u,B3,0,False,False,,,,,,,,,,False,not_evaluable,Official example ran; upstream seven-joint IIWA state packing and decoupled Cartesian error box are not yet verified against Panda/UR5e scanner-ray constraints. No surrogate MPC substituted.,,,,,,,,,,,,,,,,,,,,,,,,,,,,,,,,,,,,,,,,,,,,,,,,,,,,,,,,,,,
5d5a023d5f637f0869c78b3e99c42c4dfd57402d820a31236667cdffd46ab609,panda_plane_p0_u,panda_plane_p0,panda,plane,0,u,B3,1,False,False,,,,,,,,,,False,not_evaluable,Official example ran; upstream seven-joint IIWA state packing and decoupled Cartesian error box are not yet verified against Panda/UR5e scanner-ray constraints. No surrogate MPC substituted.,,,,,,,,,,,,,,,,,,,,,,,,,,,,,,,,,,,,,,,,,,,,,,,,,,,,,,,,,,,
5d5a023d5f637f0869c78b3e99c42c4dfd57402d820a31236667cdffd46ab609,panda_plane_p0_u,panda_plane_p0,panda,plane,0,u,B3,2,False,False,,,,,,,,,,False,not_evaluable,Official example ran; upstream seven-joint IIWA state packing and decoupled Cartesian error box are not yet verified against Panda/UR5e scanner-ray constraints. No surrogate MPC substituted.,,,,,,,,,,,,,,,,,,,,,,,,,,,,,,,,,,,,,,,,,,,,,,,,,,,,,,,,,,,
5d5a023d5f637f0869c78b3e99c42c4dfd57402d820a31236667cdffd46ab609,panda_plane_p0_u,panda_plane_p0,panda,plane,0,u,G,0,True,True,False,False,0.22458527900016634,30.771333250995667,,0.029564142001618166,1.0257010659988737,32.35748862000037,15.95746675663842,True,planner_feasible,,True,834,417,0,417,True,0.022061088942352983,0.0037534207096703727,"All measured work including 30 s checkpoint experiment and validation; selected path is the verified 10 s incumbent, not a 10 s return-time guarantee.",,16.156999999996764,2.7675765809981385,1.0,1.0,0.0,0.0009682976875163671,0,0.7227104440535159,1.0220996079356677,0.00013432796542456327,0.0,0.38421698928421916,0.0,0.013000000000000001,12.249,3.709,0.2,0.005,0.001,0.7266523212100346,18.07937337362003,conservative_3d_component_bounding_box_diagonal,0.14999180859698402,0.1500155106721857,0.14956722458954158,0.00015794857057721074,0.0003260877955356521,6.27973364026673e-13,0.0014933337641478226,0.0031528739232787053,4.712160915387242e-08,0.00026398748037085153,0.0010293602787800897,0.0,0.0,0.00011433168468224231,0.0004327754104584136,0.08556172209005493,0.18064636914072352,0.0003260877955356521,0.058977999572508974,2452,2452,0.00011031804830722996,0.02206112352654225,execution.h5 and actual scan timestamps; no new solve or simulation,User_Requested_Stop,10.0,3
5d5a023d5f637f0869c78b3e99c42c4dfd57402d820a31236667cdffd46ab609,panda_plane_p0_u,panda_plane_p0,panda,plane,0,u,G,1,True,True,,,0.220190875006665,30.56774565899832,,0.02965100500296103,1.01477463899937,32.14138023099804,15.95746675663842,False,planner_feasible,,True,834,417,0,417,True,0.022061088942352983,0.0037534207096703727,"All measured work including 30 s checkpoint experiment and validation; selected path is the verified 10 s incumbent, not a 10 s return-time guarantee.",,,,,,,,,,,,,,,,,,,,,,,,,,,,,,,,,,,,,,,,,,,,,,,,User_Requested_Stop,10.0,3
5d5a023d5f637f0869c78b3e99c42c4dfd57402d820a31236667cdffd46ab609,panda_plane_p0_u,panda_plane_p0,panda,plane,0,u,G,2,True,True,,,0.22037368699966464,30.594407878998027,,0.03024337499664398,1.0183962049995898,32.17294784300611,15.95746675663842,False,planner_feasible,,True,834,417,0,417,True,0.022061088942352983,0.0037534207096703727,"All measured work including 30 s checkpoint experiment and validation; selected path is the verified 10 s incumbent, not a 10 s return-time guarantee.",,,,,,,,,,,,,,,,,,,,,,,,,,,,,,,,,,,,,,,,,,,,,,,,User_Requested_Stop,10.0,3
f3f3897b5f524fd2bf769f27b0ff33b7489cd38286aa0a3aef7bd1de2cff55db,panda_plane_p0_v,panda_plane_p0,panda,plane,0,v,B0,0,True,True,True,True,0.24780103999364655,,,0.02924042200174881,0.9979500850022305,1.3348101419978775,17.093424865695106,True,planner_feasible,,True,970,421,0,421,True,0.02206616908653258,0.0006900978029061906,"All measured work including 30 s checkpoint experiment and validation; selected path is the verified 10 s incumbent, not a 10 s return-time guarantee.",17.292999999998152,17.292999999998152,2.8756055510020815,1.0,1.0,0.0,0.0009329015449942473,0,0.6724521467491976,0.9620065970000174,0.00011423584067879466,0.0,0.372910249273701,0.0,0.0,11.801,5.293,0.2,0.005,0.001,0.6214632791171961,26.036384867179567,conservative_3d_component_bounding_box_diagonal,0.15004471837107428,0.15042281838491053,0.14992448619883827,0.00014151732862441595,0.00021417653735432887,2.627709166793866e-12,0.0003069250769558066,0.00115027964940939,4.712160915387242e-08,0.00013563327821444727,0.0004308498538049394,0.0,0.0,5.5075342511939896e-05,0.00042281838491053936,0.017585511536295718,0.06590616917094604,0.00021417653735432887,0.024685878226851563,2358,2360,7.737289630491694e-05,0.02206619851968055,execution.h5 and actual scan timestamps; no new solve or simulation,,,
f3f3897b5f524fd2bf769f27b0ff33b7489cd38286aa0a3aef7bd1de2cff55db,panda_plane_p0_v,panda_plane_p0,panda,plane,0,v,B0,1,True,True,,,0.24904816500202287,,,0.029413285999908112,1.0078106439978,1.3460396389928064,17.093424865695106,False,planner_feasible,,True,970,421,0,421,True,0.02206616908653258,0.0006900978029061906,"All measured work including 30 s checkpoint experiment and validation; selected path is the verified 10 s incumbent, not a 10 s return-time guarantee.",,,,,,,,,,,,,,,,,,,,,,,,,,,,,,,,,,,,,,,,,,,,,,,,,,
f3f3897b5f524fd2bf769f27b0ff33b7489cd38286aa0a3aef7bd1de2cff55db,panda_plane_p0_v,panda_plane_p0,panda,plane,0,v,B0,2,True,True,,,0.2490475430022343,,,0.02926879100414226,1.0002711519991863,1.3384993349973229,17.093424865695106,False,planner_feasible,,True,970,421,0,421,True,0.02206616908653258,0.0006900978029061906,"All measured work including 30 s checkpoint experiment and validation; selected path is the verified 10 s incumbent, not a 10 s return-time guarantee.",,,,,,,,,,,,,,,,,,,,,,,,,,,,,,,,,,,,,,,,,,,,,,,,,,
f3f3897b5f524fd2bf769f27b0ff33b7489cd38286aa0a3aef7bd1de2cff55db,panda_plane_p0_v,panda_plane_p0,panda,plane,0,v,B1,0,True,True,True,True,0.22594641699834028,31.136533828997926,,0.029437606994179077,1.0070366189975175,32.71282007799891,16.922908875039717,True,planner_feasible,,True,842,421,0,421,True,0.022066226728413976,0.0001771920191780923,"All measured work including 30 s checkpoint experiment and validation; selected path is the verified 10 s incumbent, not a 10 s return-time guarantee.",17.121999999997943,17.121999999997943,2.817573430998891,1.0,1.0,0.0,0.0009303388830520554,0,0.5227392334677375,0.9620562983355108,9.80487723176715e-05,0.0,0.3726978735982848,0.0,0.0,11.667,5.256,0.2,0.005,0.001,0.6114914691495236,26.498939560431715,conservative_3d_component_bounding_box_diagonal,0.15001294805979973,0.15006541300277287,0.1499728471244469,0.00012608881578811014,0.00020119829742637558,2.627709166793866e-12,8.348431831478786e-05,0.00033040114052175365,4.712160915387242e-08,5.1914634369167864e-05,0.00010349839948020554,0.0,0.0,1.7277596791415142e-05,6.541300277287942e-05,0.004783299094964066,0.018930590898205327,0.00020119829742637558,0.005930021476574771,2332,2334,7.936726360844303e-05,0.022066244285631278,execution.h5 and actual scan timestamps; no new solve or simulation,User_Requested_Stop,10.0,3
f3f3897b5f524fd2bf769f27b0ff33b7489cd38286aa0a3aef7bd1de2cff55db,panda_plane_p0_v,panda_plane_p0,panda,plane,0,v,B1,1,True,True,,,0.22629315900121583,31.09007497600396,,0.02938899799482897,1.0016411769975093,32.66157021500112,16.922908875039717,False,planner_feasible,,True,842,421,0,421,True,0.022066226728413976,0.0001771920191780923,"All measured work including 30 s checkpoint experiment and validation; selected path is the verified 10 s incumbent, not a 10 s return-time guarantee.",,,,,,,,,,,,,,,,,,,,,,,,,,,,,,,,,,,,,,,,,,,,,,,,User_Requested_Stop,10.0,3
f3f3897b5f524fd2bf769f27b0ff33b7489cd38286aa0a3aef7bd1de2cff55db,panda_plane_p0_v,panda_plane_p0,panda,plane,0,v,B1,2,True,True,,,0.2261134270011098,31.141949559998466,,0.02944194599695038,1.0102479600027436,32.71932111500064,16.922908875039717,False,planner_feasible,,True,842,421,0,421,True,0.022066226728413976,0.0001771920191780923,"All measured work including 30 s checkpoint experiment and validation; selected path is the verified 10 s incumbent, not a 10 s return-time guarantee.",,,,,,,,,,,,,,,,,,,,,,,,,,,,,,,,,,,,,,,,,,,,,,,,User_Requested_Stop,10.0,3
f3f3897b5f524fd2bf769f27b0ff33b7489cd38286aa0a3aef7bd1de2cff55db,panda_plane_p0_v,panda_plane_p0,panda,plane,0,v,B2,0,True,True,True,True,32.71282007799891,,31.978729532995203,0.02942968400020618,1.0023969639951247,66.28502015699632,16.922908875039717,True,planner_feasible,,,,,,,True,0.022066226728413976,,"All measured work including 30 s checkpoint experiment and validation; selected path is the verified 10 s incumbent, not a 10 s return-time guarantee.",17.121999999997943,17.121999999997943,2.8071720149964676,1.0,1.0,0.0,0.0009303388830520554,0,0.5227392334677375,0.9620562983355108,9.80487723176715e-05,0.0,0.3726978735982848,0.0,0.0,11.667,5.256,0.2,0.005,0.001,0.6114914691495236,26.498939560431715,conservative_3d_component_bounding_box_diagonal,0.15001294805979973,0.15006541300277287,0.1499728471244469,0.00012608881578811014,0.00020119829742637558,2.627709166793866e-12,8.348431831478786e-05,0.00033040114052175365,4.712160915387242e-08,5.1914634369167864e-05,0.00010349839948020554,0.0,0.0,1.7277596791415142e-05,6.541300277287942e-05,0.004783299094964066,0.018930590898205327,0.00020119829742637558,0.005930021476574771,2332,2334,7.936726360844303e-05,0.022066244285631278,execution.h5 and actual scan timestamps; no new solve or simulation,User_Requested_Stop,10.0,3
f3f3897b5f524fd2bf769f27b0ff33b7489cd38286aa0a3aef7bd1de2cff55db,panda_plane_p0_v,panda_plane_p0,panda,plane,0,v,B2,1,True,True,,,32.71282007799891,,32.2361327020044,0.029342237998207565,1.0301714619999984,66.56922790799581,16.922908875039717,False,planner_feasible,,,,,,,True,0.022066226728413976,,"All measured work including 30 s checkpoint experiment and validation; selected path is the verified 10 s incumbent, not a 10 s return-time guarantee.",,,,,,,,,,,,,,,,,,,,,,,,,,,,,,,,,,,,,,,,,,,,,,,,User_Requested_Stop,10.0,3
f3f3897b5f524fd2bf769f27b0ff33b7489cd38286aa0a3aef7bd1de2cff55db,panda_plane_p0_v,panda_plane_p0,panda,plane,0,v,B2,2,True,True,,,32.71282007799891,,31.812578527998994,0.02949818899651291,1.0085636490039178,66.12406237200048,16.922908875039717,False,planner_feasible,,,,,,,True,0.022066226728413976,,"All measured work including 30 s checkpoint experiment and validation; selected path is the verified 10 s incumbent, not a 10 s return-time guarantee.",,,,,,,,,,,,,,,,,,,,,,,,,,,,,,,,,,,,,,,,,,,,,,,,User_Requested_Stop,10.0,3
f3f3897b5f524fd2bf769f27b0ff33b7489cd38286aa0a3aef7bd1de2cff55db,panda_plane_p0_v,panda_plane_p0,panda,plane,0,v,B3,0,False,False,,,,,,,,,,False,not_evaluable,Official example ran; upstream seven-joint IIWA state packing and decoupled Cartesian error box are not yet verified against Panda/UR5e scanner-ray constraints. No surrogate MPC substituted.,,,,,,,,,,,,,,,,,,,,,,,,,,,,,,,,,,,,,,,,,,,,,,,,,,,,,,,,,,,
f3f3897b5f524fd2bf769f27b0ff33b7489cd38286aa0a3aef7bd1de2cff55db,panda_plane_p0_v,panda_plane_p0,panda,plane,0,v,B3,1,False,False,,,,,,,,,,False,not_evaluable,Official example ran; upstream seven-joint IIWA state packing and decoupled Cartesian error box are not yet verified against Panda/UR5e scanner-ray constraints. No surrogate MPC substituted.,,,,,,,,,,,,,,,,,,,,,,,,,,,,,,,,,,,,,,,,,,,,,,,,,,,,,,,,,,,
f3f3897b5f524fd2bf769f27b0ff33b7489cd38286aa0a3aef7bd1de2cff55db,panda_plane_p0_v,panda_plane_p0,panda,plane,0,v,B3,2,False,False,,,,,,,,,,False,not_evaluable,Official example ran; upstream seven-joint IIWA state packing and decoupled Cartesian error box are not yet verified against Panda/UR5e scanner-ray constraints. No surrogate MPC substituted.,,,,,,,,,,,,,,,,,,,,,,,,,,,,,,,,,,,,,,,,,,,,,,,,,,,,,,,,,,,
f3f3897b5f524fd2bf769f27b0ff33b7489cd38286aa0a3aef7bd1de2cff55db,panda_plane_p0_v,panda_plane_p0,panda,plane,0,v,G,0,True,True,True,True,0.22425984700385015,31.327270327994484,,0.02962295500037726,1.0114042939967476,32.90670768299606,16.922908875039717,True,planner_feasible,,True,842,421,0,421,True,0.022066226728413976,0.0001771920191780923,"All measured work including 30 s checkpoint experiment and validation; selected path is the verified 10 s incumbent, not a 10 s return-time guarantee.",17.121999999997943,17.121999999997943,2.855507349995605,1.0,1.0,0.0,0.0009303388830520554,0,0.5227392334677375,0.9620562983355108,9.80487723176715e-05,0.0,0.3726978735982848,0.0,0.0,11.667,5.256,0.2,0.005,0.001,0.6114914691495236,26.498939560431715,conservative_3d_component_bounding_box_diagonal,0.15001294805979973,0.15006541300277287,0.1499728471244469,0.00012608881578811014,0.00020119829742637558,2.627709166793866e-12,8.348431831478786e-05,0.00033040114052175365,4.712160915387242e-08,5.1914634369167864e-05,0.00010349839948020554,0.0,0.0,1.7277596791415142e-05,6.541300277287942e-05,0.004783299094964066,0.018930590898205327,0.00020119829742637558,0.005930021476574771,2332,2334,7.936726360844303e-05,0.022066244285631278,execution.h5 and actual scan timestamps; no new solve or simulation,User_Requested_Stop,10.0,3
f3f3897b5f524fd2bf769f27b0ff33b7489cd38286aa0a3aef7bd1de2cff55db,panda_plane_p0_v,panda_plane_p0,panda,plane,0,v,G,1,True,True,,,0.22500537899759365,31.08815571499872,,0.029404016997432336,1.0035637900000438,32.65976159999991,16.922908875039717,False,planner_feasible,,True,842,421,0,421,True,0.022066226728413976,0.0001771920191780923,"All measured work including 30 s checkpoint experiment and validation; selected path is the verified 10 s incumbent, not a 10 s return-time guarantee.",,,,,,,,,,,,,,,,,,,,,,,,,,,,,,,,,,,,,,,,,,,,,,,,User_Requested_Stop,10.0,3
f3f3897b5f524fd2bf769f27b0ff33b7489cd38286aa0a3aef7bd1de2cff55db,panda_plane_p0_v,panda_plane_p0,panda,plane,0,v,G,2,True,True,,,0.22436911100521684,31.11799006199726,,0.02944793400092749,1.0091745739991893,32.6948324469995,16.922908875039717,False,planner_feasible,,True,842,421,0,421,True,0.022066226728413976,0.0001771920191780923,"All measured work including 30 s checkpoint experiment and validation; selected path is the verified 10 s incumbent, not a 10 s return-time guarantee.",,,,,,,,,,,,,,,,,,,,,,,,,,,,,,,,,,,,,,,,,,,,,,,,User_Requested_Stop,10.0,3
dc500163bea8d607c8f6676fccd669f938cace853f762bdc955d3710e5f2bae9,panda_plane_p1_u,panda_plane_p1,panda,plane,1,u,B0,0,True,True,True,True,0.37758074900193606,,,0.029581737995613366,1.0081133970015799,1.4766519639961189,16.44411815073015,True,planner_feasible,,True,1580,417,0,417,True,0.02203232039213316,0.0008953773383602795,"All measured work including 30 s checkpoint experiment and validation; selected path is the verified 10 s incumbent, not a 10 s return-time guarantee.",16.64399999999736,16.64399999999736,2.8295827619949705,1.0,1.0,0.0,0.0009517832224218701,0,0.786057592676462,0.9705043480304294,0.00014719602374535512,0.0,0.42104951870546636,0.0,0.0,12.530000000000001,3.915,0.2,0.005,0.001,0.7352673966517105,17.89148085342017,conservative_3d_component_bounding_box_diagonal,0.1501629443299762,0.15032086808344047,0.14979070145016024,0.00012482025518638002,0.00017650694834646277,2.6704390436209007e-11,0.0006564361750522209,0.0008405055956958724,4.712160915387242e-08,0.00029646431723487593,0.00041508451315959893,0.0,0.0,0.00017635885213761887,0.0003208680834404787,0.03761102235020316,0.04815742329050262,0.00017650694834646277,0.023782590745287498,2505,2506,0.00010930654898508862,0.022032369565338165,execution.h5 and actual scan timestamps; no new solve or simulation,,,
dc500163bea8d607c8f6676fccd669f938cace853f762bdc955d3710e5f2bae9,panda_plane_p1_u,panda_plane_p1,panda,plane,1,u,B0,1,True,True,,,0.3754933849995723,,,0.029460085002938285,1.0102233500001603,1.4763023699997575,16.44411815073015,False,planner_feasible,,True,1580,417,0,417,True,0.02203232039213316,0.0008953773383602795,"All measured work including 30 s checkpoint experiment and validation; selected path is the verified 10 s incumbent, not a 10 s return-time guarantee.",,,,,,,,,,,,,,,,,,,,,,,,,,,,,,,,,,,,,,,,,,,,,,,,,,
dc500163bea8d607c8f6676fccd669f938cace853f762bdc955d3710e5f2bae9,panda_plane_p1_u,panda_plane_p1,panda,plane,1,u,B0,2,True,True,,,0.3768420810010866,,,0.029753872004221193,1.0070784889976494,1.491132037997886,16.44411815073015,False,planner_feasible,,True,1580,417,0,417,True,0.02203232039213316,0.0008953773383602795,"All measured work including 30 s checkpoint experiment and validation; selected path is the verified 10 s incumbent, not a 10 s return-time guarantee.",,,,,,,,,,,,,,,,,,,,,,,,,,,,,,,,,,,,,,,,,,,,,,,,,,
dc500163bea8d607c8f6676fccd669f938cace853f762bdc955d3710e5f2bae9,panda_plane_p1_u,panda_plane_p1,panda,plane,1,u,B1,0,True,True,False,False,0.2243480190008995,30.05240226099704,,0.029578383000625763,1.0024508310016245,31.62563684899942,16.052328815567463,True,planner_feasible,,True,834,417,0,417,True,0.022039250105578233,0.0036080508725120177,"All measured work including 30 s checkpoint experiment and validation; selected path is the verified 10 s incumbent, not a 10 s return-time guarantee.",,16.25199999999688,2.775955454002542,1.0,1.0,0.0,0.0009654432187054482,0,0.7957449541683378,1.0110420024737425,0.00016171221159216875,0.0,0.4227651738882563,0.0,0.009000000000000001,12.246,3.807,0.2,0.005,0.001,0.7203880195437345,18.811662094917594,conservative_3d_component_bounding_box_diagonal,0.14999488402393574,0.15002645651247604,0.1493788560838493,0.00016934553364386933,0.00032298587727230707,2.6704390436209007e-11,0.0015189440830407342,0.003297227126107083,4.712160915387242e-08,0.0003450427823192412,0.0013401901402745637,0.0,0.0,0.0001148722835756843,0.0006211439161507015,0.08702908527460292,0.1889171984219855,0.00032298587727230707,0.07678723878277827,2448,2449,0.00011558317557483488,0.022039283960648918,execution.h5 and actual scan timestamps; no new solve or simulation,User_Requested_Stop,10.0,3
dc500163bea8d607c8f6676fccd669f938cace853f762bdc955d3710e5f2bae9,panda_plane_p1_u,panda_plane_p1,panda,plane,1,u,B1,1,True,True,,,0.22239432399510406,30.98553242500202,,0.02930496599583421,1.0106417040005908,32.56371145400044,16.052328815567463,False,planner_feasible,,True,834,417,0,417,True,0.022039250105578233,0.0036080508725120177,"All measured work including 30 s checkpoint experiment and validation; selected path is the verified 10 s incumbent, not a 10 s return-time guarantee.",,,,,,,,,,,,,,,,,,,,,,,,,,,,,,,,,,,,,,,,,,,,,,,,User_Requested_Stop,10.0,3
dc500163bea8d607c8f6676fccd669f938cace853f762bdc955d3710e5f2bae9,panda_plane_p1_u,panda_plane_p1,panda,plane,1,u,B1,2,True,True,,,0.22132601399789564,31.007687823002925,,0.029566758996224962,1.0114723419974325,32.58865874900221,16.052328815567463,False,planner_feasible,,True,834,417,0,417,True,0.022039250105578233,0.0036080508725120177,"All measured work including 30 s checkpoint experiment and validation; selected path is the verified 10 s incumbent, not a 10 s return-time guarantee.",,,,,,,,,,,,,,,,,,,,,,,,,,,,,,,,,,,,,,,,,,,,,,,,User_Requested_Stop,10.0,3
dc500163bea8d607c8f6676fccd669f938cace853f762bdc955d3710e5f2bae9,panda_plane_p1_u,panda_plane_p1,panda,plane,1,u,B2,0,True,True,False,False,31.62563684899942,,30.55385467800079,0.029433793999487534,1.0205753469999763,63.8054415680017,16.052328815567463,True,planner_feasible,,,,,,,True,0.022039250105578233,,"All measured work including 30 s checkpoint experiment and validation; selected path is the verified 10 s incumbent, not a 10 s return-time guarantee.",,16.25199999999688,2.756468039005995,1.0,1.0,0.0,0.0009654432187054482,0,0.7957449541683378,1.0110420024737425,0.00016171221159216875,0.0,0.4227651738882563,0.0,0.009000000000000001,12.246,3.807,0.2,0.005,0.001,0.7203880195437345,18.811662094917594,conservative_3d_component_bounding_box_diagonal,0.14999488402393574,0.15002645651247604,0.1493788560838493,0.00016934553364386933,0.00032298587727230707,2.6704390436209007e-11,0.0015189440830407342,0.003297227126107083,4.712160915387242e-08,0.0003450427823192412,0.0013401901402745637,0.0,0.0,0.0001148722835756843,0.0006211439161507015,0.08702908527460292,0.1889171984219855,0.00032298587727230707,0.07678723878277827,2448,2449,0.00011558317557483488,0.022039283960648918,execution.h5 and actual scan timestamps; no new solve or simulation,User_Requested_Stop,10.0,3
dc500163bea8d607c8f6676fccd669f938cace853f762bdc955d3710e5f2bae9,panda_plane_p1_u,panda_plane_p1,panda,plane,1,u,B2,1,True,True,,,31.62563684899942,,30.518222876002255,0.029529709994676523,1.0137766070038197,63.762047525000526,16.052328815567463,False,planner_feasible,,,,,,,True,0.022039250105578233,,"All measured work including 30 s checkpoint experiment and validation; selected path is the verified 10 s incumbent, not a 10 s return-time guarantee.",,,,,,,,,,,,,,,,,,,,,,,,,,,,,,,,,,,,,,,,,,,,,,,,User_Requested_Stop,10.0,3
dc500163bea8d607c8f6676fccd669f938cace853f762bdc955d3710e5f2bae9,panda_plane_p1_u,panda_plane_p1,panda,plane,1,u,B2,2,True,True,,,31.62563684899942,,30.577412552003807,0.02962160899915034,1.0184768209946924,63.826180297000974,16.052328815567463,False,planner_feasible,,,,,,,True,0.022039250105578233,,"All measured work including 30 s checkpoint experiment and validation; selected path is the verified 10 s incumbent, not a 10 s return-time guarantee.",,,,,,,,,,,,,,,,,,,,,,,,,,,,,,,,,,,,,,,,,,,,,,,,User_Requested_Stop,10.0,3
dc500163bea8d607c8f6676fccd669f938cace853f762bdc955d3710e5f2bae9,panda_plane_p1_u,panda_plane_p1,panda,plane,1,u,B3,0,False,False,,,,,,,,,,False,not_evaluable,Official example ran; upstream seven-joint IIWA state packing and decoupled Cartesian error box are not yet verified against Panda/UR5e scanner-ray constraints. No surrogate MPC substituted.,,,,,,,,,,,,,,,,,,,,,,,,,,,,,,,,,,,,,,,,,,,,,,,,,,,,,,,,,,,
dc500163bea8d607c8f6676fccd669f938cace853f762bdc955d3710e5f2bae9,panda_plane_p1_u,panda_plane_p1,panda,plane,1,u,B3,1,False,False,,,,,,,,,,False,not_evaluable,Official example ran; upstream seven-joint IIWA state packing and decoupled Cartesian error box are not yet verified against Panda/UR5e scanner-ray constraints. No surrogate MPC substituted.,,,,,,,,,,,,,,,,,,,,,,,,,,,,,,,,,,,,,,,,,,,,,,,,,,,,,,,,,,,
dc500163bea8d607c8f6676fccd669f938cace853f762bdc955d3710e5f2bae9,panda_plane_p1_u,panda_plane_p1,panda,plane,1,u,B3,2,False,False,,,,,,,,,,False,not_evaluable,Official example ran; upstream seven-joint IIWA state packing and decoupled Cartesian error box are not yet verified against Panda/UR5e scanner-ray constraints. No surrogate MPC substituted.,,,,,,,,,,,,,,,,,,,,,,,,,,,,,,,,,,,,,,,,,,,,,,,,,,,,,,,,,,,
dc500163bea8d607c8f6676fccd669f938cace853f762bdc955d3710e5f2bae9,panda_plane_p1_u,panda_plane_p1,panda,plane,1,u,G,0,True,True,False,False,0.22054378499888116,30.060647316997347,,0.029488285006664228,1.004980320998584,31.633508750004694,16.052328815567463,True,planner_feasible,,True,834,417,0,417,True,0.022039250105578233,0.0036080508725120177,"All measured work including 30 s checkpoint experiment and validation; selected path is the verified 10 s incumbent, not a 10 s return-time guarantee.",,16.25199999999688,2.766160421000677,1.0,1.0,0.0,0.0009654432187054482,0,0.7957449541683378,1.0110420024737425,0.00016171221159216875,0.0,0.4227651738882563,0.0,0.009000000000000001,12.246,3.807,0.2,0.005,0.001,0.7203880195437345,18.811662094917594,conservative_3d_component_bounding_box_diagonal,0.14999488402393574,0.15002645651247604,0.1493788560838493,0.00016934553364386933,0.00032298587727230707,2.6704390436209007e-11,0.0015189440830407342,0.003297227126107083,4.712160915387242e-08,0.0003450427823192412,0.0013401901402745637,0.0,0.0,0.0001148722835756843,0.0006211439161507015,0.08702908527460292,0.1889171984219855,0.00032298587727230707,0.07678723878277827,2448,2449,0.00011558317557483488,0.022039283960648918,execution.h5 and actual scan timestamps; no new solve or simulation,User_Requested_Stop,10.0,3
dc500163bea8d607c8f6676fccd669f938cace853f762bdc955d3710e5f2bae9,panda_plane_p1_u,panda_plane_p1,panda,plane,1,u,G,1,True,True,,,0.2195271699965815,30.044502853997983,,0.029548961996624712,1.0172957480026525,31.647383880001144,16.052328815567463,False,planner_feasible,,True,834,417,0,417,True,0.022039250105578233,0.0036080508725120177,"All measured work including 30 s checkpoint experiment and validation; selected path is the verified 10 s incumbent, not a 10 s return-time guarantee.",,,,,,,,,,,,,,,,,,,,,,,,,,,,,,,,,,,,,,,,,,,,,,,,User_Requested_Stop,10.0,3
dc500163bea8d607c8f6676fccd669f938cace853f762bdc955d3710e5f2bae9,panda_plane_p1_u,panda_plane_p1,panda,plane,1,u,G,2,True,True,,,0.22045144200092182,31.008319713000674,,0.029579683003248647,1.0088538080017315,32.58911558899854,16.052328815567463,False,planner_feasible,,True,834,417,0,417,True,0.022039250105578233,0.0036080508725120177,"All measured work including 30 s checkpoint experiment and validation; selected path is the verified 10 s incumbent, not a 10 s return-time guarantee.",,,,,,,,,,,,,,,,,,,,,,,,,,,,,,,,,,,,,,,,,,,,,,,,User_Requested_Stop,10.0,3
e283b88390fe538a85d2694079d62454b1b3aa046d100f8504b4a66d9736b8d5,panda_plane_p1_v,panda_plane_p1,panda,plane,1,v,B0,0,True,True,True,True,0.2422603849990992,,,0.02935655900364509,1.0075370900012786,1.3399660829963977,16.968130025293338,True,planner_feasible,,True,936,421,0,421,True,0.02203057790631529,0.00020891727627776792,"All measured work including 30 s checkpoint experiment and validation; selected path is the verified 10 s incumbent, not a 10 s return-time guarantee.",17.167999999998,17.167999999998,2.8309891299941228,1.0,1.0,0.0,0.0009333653872388083,0,0.3675899959830082,0.9740274196614119,9.10566127039214e-05,0.0,0.4131457185658053,0.0,0.0,11.571,5.398,0.2,0.005,0.001,0.6052003595685642,25.10023144777008,conservative_3d_component_bounding_box_diagonal,0.15000388655875946,0.15000735670433385,0.14998846062076737,0.00012442056215046046,0.00019471149713979398,3.269571499878086e-12,5.158487536567341e-05,0.00013896738576024616,2.580956827951785e-08,4.634825711339843e-05,7.141738710626418e-05,0.0,0.0,8.161977557336052e-06,1.1539379232622382e-05,0.0029555956451614556,0.00796224469402852,0.00019471149713979398,0.004091914865040961,2314,2315,7.391827093820025e-05,0.022030590844220318,execution.h5 and actual scan timestamps; no new solve or simulation,,,
e283b88390fe538a85d2694079d62454b1b3aa046d100f8504b4a66d9736b8d5,panda_plane_p1_v,panda_plane_p1,panda,plane,1,v,B0,1,True,True,,,0.24453089999587974,,,0.029538305003370624,1.0080740470002638,1.3426644669962116,16.968130025293338,False,planner_feasible,,True,936,421,0,421,True,0.02203057790631529,0.00020891727627776792,"All measured work including 30 s checkpoint experiment and validation; selected path is the verified 10 s incumbent, not a 10 s return-time guarantee.",,,,,,,,,,,,,,,,,,,,,,,,,,,,,,,,,,,,,,,,,,,,,,,,,,
e283b88390fe538a85d2694079d62454b1b3aa046d100f8504b4a66d9736b8d5,panda_plane_p1_v,panda_plane_p1,panda,plane,1,v,B0,2,True,True,,,0.24303821599460207,,,0.02996574799908558,1.0135017749998951,1.3628166619964759,16.968130025293338,False,planner_feasible,,True,936,421,0,421,True,0.02203057790631529,0.00020891727627776792,"All measured work including 30 s checkpoint experiment and validation; selected path is the verified 10 s incumbent, not a 10 s return-time guarantee.",,,,,,,,,,,,,,,,,,,,,,,,,,,,,,,,,,,,,,,,,,,,,,,,,,
e283b88390fe538a85d2694079d62454b1b3aa046d100f8504b4a66d9736b8d5,panda_plane_p1_v,panda_plane_p1,panda,plane,1,v,B1,0,True,True,True,True,0.22469518199795857,31.219532511997386,,0.029575535998446867,1.0132769240008201,32.793439331995614,16.945261153163717,True,planner_feasible,,True,842,421,0,421,True,0.022030694085946174,0.000162492976607554,"All measured work including 30 s checkpoint experiment and validation; selected path is the verified 10 s incumbent, not a 10 s return-time guarantee.",17.14499999999797,17.14499999999797,2.840837500996713,1.0,1.0,0.0,0.0009347303155918945,0,0.36803982521877115,0.974509756660935,0.00014066551229863222,0.0,0.41276142614011163,0.0,0.0,11.555,5.391,0.2,0.005,0.001,0.6057023123043627,25.109814272053253,conservative_3d_component_bounding_box_diagonal,0.15000352063519135,0.1500066920186861,0.14998500640355897,0.000127084845875848,0.0001977199909585146,3.269571499878086e-12,5.210673173139436e-05,8.008130250782308e-05,2.580956827951785e-08,4.737996639381808e-05,7.424530295870218e-05,0.0,0.0,8.618796851317388e-06,1.499359644102638e-05,0.0029854958124293017,0.0045883206516086775,0.0001977199909585146,0.004253942508203799,2313,2314,7.619879533515839e-05,0.022030699389305762,execution.h5 and actual scan timestamps; no new solve or simulation,User_Requested_Stop,10.0,3
e283b88390fe538a85d2694079d62454b1b3aa046d100f8504b4a66d9736b8d5,panda_plane_p1_v,panda_plane_p1,panda,plane,1,v,B1,1,True,True,,,0.22509362299751956,31.185991815000307,,0.029313961997104343,1.0075783199936268,32.751783046005585,16.945261153163717,False,planner_feasible,,True,842,421,0,421,True,0.022030694085946174,0.000162492976607554,"All measured work including 30 s checkpoint experiment and validation; selected path is the verified 10 s incumbent, not a 10 s return-time guarantee.",,,,,,,,,,,,,,,,,,,,,,,,,,,,,,,,,,,,,,,,,,,,,,,,User_Requested_Stop,10.0,3
e283b88390fe538a85d2694079d62454b1b3aa046d100f8504b4a66d9736b8d5,panda_plane_p1_v,panda_plane_p1,panda,plane,1,v,B1,2,True,True,,,0.2265469909980311,31.159398418996716,,0.029441173996019643,1.0094470610056305,32.738925637997454,16.945261153163717,False,planner_feasible,,True,842,421,0,421,True,0.022030694085946174,0.000162492976607554,"All measured work including 30 s checkpoint experiment and validation; selected path is the verified 10 s incumbent, not a 10 s return-time guarantee.",,,,,,,,,,,,,,,,,,,,,,,,,,,,,,,,,,,,,,,,,,,,,,,,User_Requested_Stop,10.0,3
e283b88390fe538a85d2694079d62454b1b3aa046d100f8504b4a66d9736b8d5,panda_plane_p1_v,panda_plane_p1,panda,plane,1,v,B2,0,True,True,True,True,32.793439331995614,,32.34942388899799,0.030392452994419727,1.008882526999514,66.73789814699558,16.945261153163717,True,planner_feasible,,,,,,,True,0.022030694085946174,,"All measured work including 30 s checkpoint experiment and validation; selected path is the verified 10 s incumbent, not a 10 s return-time guarantee.",17.14499999999797,17.14499999999797,2.8496899180026958,1.0,1.0,0.0,0.0009347303155918945,0,0.36803982521877115,0.974509756660935,0.00014066551229863222,0.0,0.41276142614011163,0.0,0.0,11.555,5.391,0.2,0.005,0.001,0.6057023123043627,25.109814272053253,conservative_3d_component_bounding_box_diagonal,0.15000352063519135,0.1500066920186861,0.14998500640355897,0.000127084845875848,0.0001977199909585146,3.269571499878086e-12,5.210673173139436e-05,8.008130250782308e-05,2.580956827951785e-08,4.737996639381808e-05,7.424530295870218e-05,0.0,0.0,8.618796851317388e-06,1.499359644102638e-05,0.0029854958124293017,0.0045883206516086775,0.0001977199909585146,0.004253942508203799,2313,2314,7.619879533515839e-05,0.022030699389305762,execution.h5 and actual scan timestamps; no new solve or simulation,User_Requested_Stop,10.0,3
e283b88390fe538a85d2694079d62454b1b3aa046d100f8504b4a66d9736b8d5,panda_plane_p1_v,panda_plane_p1,panda,plane,1,v,B2,1,True,True,,,32.793439331995614,,32.3492749529978,0.02931116100080544,1.0126270540058613,66.74295428599726,16.945261153163717,False,planner_feasible,,,,,,,True,0.022030694085946174,,"All measured work including 30 s checkpoint experiment and validation; selected path is the verified 10 s incumbent, not a 10 s return-time guarantee.",,,,,,,,,,,,,,,,,,,,,,,,,,,,,,,,,,,,,,,,,,,,,,,,User_Requested_Stop,10.0,3
e283b88390fe538a85d2694079d62454b1b3aa046d100f8504b4a66d9736b8d5,panda_plane_p1_v,panda_plane_p1,panda,plane,1,v,B2,2,True,True,,,32.793439331995614,,32.35879637699691,0.029363574998569675,1.0130655570028466,66.7521953109972,16.945261153163717,False,planner_feasible,,,,,,,True,0.022030694085946174,,"All measured work including 30 s checkpoint experiment and validation; selected path is the verified 10 s incumbent, not a 10 s return-time guarantee.",,,,,,,,,,,,,,,,,,,,,,,,,,,,,,,,,,,,,,,,,,,,,,,,User_Requested_Stop,10.0,3
e283b88390fe538a85d2694079d62454b1b3aa046d100f8504b4a66d9736b8d5,panda_plane_p1_v,panda_plane_p1,panda,plane,1,v,B3,0,False,False,,,,,,,,,,False,not_evaluable,Official example ran; upstream seven-joint IIWA state packing and decoupled Cartesian error box are not yet verified against Panda/UR5e scanner-ray constraints. No surrogate MPC substituted.,,,,,,,,,,,,,,,,,,,,,,,,,,,,,,,,,,,,,,,,,,,,,,,,,,,,,,,,,,,
e283b88390fe538a85d2694079d62454b1b3aa046d100f8504b4a66d9736b8d5,panda_plane_p1_v,panda_plane_p1,panda,plane,1,v,B3,1,False,False,,,,,,,,,,False,not_evaluable,Official example ran; upstream seven-joint IIWA state packing and decoupled Cartesian error box are not yet verified against Panda/UR5e scanner-ray constraints. No surrogate MPC substituted.,,,,,,,,,,,,,,,,,,,,,,,,,,,,,,,,,,,,,,,,,,,,,,,,,,,,,,,,,,,
e283b88390fe538a85d2694079d62454b1b3aa046d100f8504b4a66d9736b8d5,panda_plane_p1_v,panda_plane_p1,panda,plane,1,v,B3,2,False,False,,,,,,,,,,False,not_evaluable,Official example ran; upstream seven-joint IIWA state packing and decoupled Cartesian error box are not yet verified against Panda/UR5e scanner-ray constraints. No surrogate MPC substituted.,,,,,,,,,,,,,,,,,,,,,,,,,,,,,,,,,,,,,,,,,,,,,,,,,,,,,,,,,,,
e283b88390fe538a85d2694079d62454b1b3aa046d100f8504b4a66d9736b8d5,panda_plane_p1_v,panda_plane_p1,panda,plane,1,v,G,0,True,True,True,True,0.22505353000451578,31.119950701999187,,0.029573370004072785,1.0125971579982433,32.68961277500057,16.945261153163717,True,planner_feasible,,True,842,421,0,421,True,0.022030694085946174,0.000162492976607554,"All measured work including 30 s checkpoint experiment and validation; selected path is the verified 10 s incumbent, not a 10 s return-time guarantee.",17.14499999999797,17.14499999999797,2.837224935996346,1.0,1.0,0.0,0.0009347303155918945,0,0.36803982521877115,0.974509756660935,0.00014066551229863222,0.0,0.41276142614011163,0.0,0.0,11.555,5.391,0.2,0.005,0.001,0.6057023123043627,25.109814272053253,conservative_3d_component_bounding_box_diagonal,0.15000352063519135,0.1500066920186861,0.14998500640355897,0.000127084845875848,0.0001977199909585146,3.269571499878086e-12,5.210673173139436e-05,8.008130250782308e-05,2.580956827951785e-08,4.737996639381808e-05,7.424530295870218e-05,0.0,0.0,8.618796851317388e-06,1.499359644102638e-05,0.0029854958124293017,0.0045883206516086775,0.0001977199909585146,0.004253942508203799,2313,2314,7.619879533515839e-05,0.022030699389305762,execution.h5 and actual scan timestamps; no new solve or simulation,User_Requested_Stop,10.0,3
e283b88390fe538a85d2694079d62454b1b3aa046d100f8504b4a66d9736b8d5,panda_plane_p1_v,panda_plane_p1,panda,plane,1,v,G,1,True,True,,,0.22592349699698389,31.277939031999267,,0.029386625996266957,1.0065072709985543,32.844802908999554,16.945261153163717,False,planner_feasible,,True,842,421,0,421,True,0.022030694085946174,0.000162492976607554,"All measured work including 30 s checkpoint experiment and validation; selected path is the verified 10 s incumbent, not a 10 s return-time guarantee.",,,,,,,,,,,,,,,,,,,,,,,,,,,,,,,,,,,,,,,,,,,,,,,,User_Requested_Stop,10.0,3
e283b88390fe538a85d2694079d62454b1b3aa046d100f8504b4a66d9736b8d5,panda_plane_p1_v,panda_plane_p1,panda,plane,1,v,G,2,True,True,,,0.22499688100651838,31.178903090003587,,0.0299261230029515,1.0071996319966274,32.74852460800321,16.945261153163717,False,planner_feasible,,True,842,421,0,421,True,0.022030694085946174,0.000162492976607554,"All measured work including 30 s checkpoint experiment and validation; selected path is the verified 10 s incumbent, not a 10 s return-time guarantee.",,,,,,,,,,,,,,,,,,,,,,,,,,,,,,,,,,,,,,,,,,,,,,,,User_Requested_Stop,10.0,3
f6c31864e2ce3e5c2e19b914f5e5b132c9658310d934a68e88ca62a1b777611b,panda_saddle_p0_u,panda_saddle_p0,panda,saddle,0,u,B0,0,True,True,True,True,0.22787531500216573,,,0.03015404300094815,1.0105014840009972,1.328308317999472,15.881110877493654,True,planner_feasible,,True,860,417,0,417,True,0.02125442008321121,0.0005911731200926916,"All measured work including 30 s checkpoint experiment and validation; selected path is the verified 10 s incumbent, not a 10 s return-time guarantee.",16.08099999999667,16.08099999999667,2.8725593679992016,0.9999999999999961,0.9999999999999961,0.0,0.0009366604888518037,0,0.48089100618306957,0.9799818921892312,0.00010793678096432391,0.0,0.31001317591088257,0.0,0.0,12.137,3.745,0.2,0.005,0.001,0.5645524548065938,20.586476648647263,conservative_3d_component_bounding_box_diagonal,0.15001691946176626,0.15002229278757975,0.1499880132295028,8.265436801650457e-05,0.0001728601432813668,6.375660881139168e-12,0.00017309004456493698,0.0003129652341510502,4.712160915387242e-08,5.2169691717259746e-05,7.721478498625332e-05,0.0,0.0,1.6919461766254362e-05,2.22927875797585e-05,0.009917329029302223,0.017931587051178755,0.0001728601432813668,0.00442408129572243,2426,2426,6.215170777053022e-05,0.021254473131594325,execution.h5 and actual scan timestamps; no new solve or simulation,,,
f6c31864e2ce3e5c2e19b914f5e5b132c9658310d934a68e88ca62a1b777611b,panda_saddle_p0_u,panda_saddle_p0,panda,saddle,0,u,B0,1,True,True,,,0.22763282600499224,,,0.03012822500022594,1.0114307769981679,1.329095719003817,15.881110877493654,False,planner_feasible,,True,860,417,0,417,True,0.02125442008321121,0.0005911731200926916,"All measured work including 30 s checkpoint experiment and validation; selected path is the verified 10 s incumbent, not a 10 s return-time guarantee.",,,,,,,,,,,,,,,,,,,,,,,,,,,,,,,,,,,,,,,,,,,,,,,,,,
f6c31864e2ce3e5c2e19b914f5e5b132c9658310d934a68e88ca62a1b777611b,panda_saddle_p0_u,panda_saddle_p0,panda,saddle,0,u,B0,2,True,True,,,0.22744632099784212,,,0.03014032399369171,1.0124335439977585,1.329709122001077,15.881110877493654,False,planner_feasible,,True,860,417,0,417,True,0.02125442008321121,0.0005911731200926916,"All measured work including 30 s checkpoint experiment and validation; selected path is the verified 10 s incumbent, not a 10 s return-time guarantee.",,,,,,,,,,,,,,,,,,,,,,,,,,,,,,,,,,,,,,,,,,,,,,,,,,
f6c31864e2ce3e5c2e19b914f5e5b132c9658310d934a68e88ca62a1b777611b,panda_saddle_p0_u,panda_saddle_p0,panda,saddle,0,u,B1,0,True,True,True,False,0.22214927000459284,30.407556473001023,,0.030358684998645913,1.0095862259986461,31.996314039002755,14.704211672861309,True,planner_feasible,,True,834,417,0,413,True,0.02125608353630873,0.003710439600309231,"All measured work including 30 s checkpoint experiment and validation; selected path is the verified 10 s incumbent, not a 10 s return-time guarantee.",14.903999999997179,14.903999999997179,2.724774834001437,0.999450875115128,0.999503178980916,0.020003999600079984,0.0009603836573906616,0,0.4882974624833492,0.9697306772265954,0.0001120283678168188,0.0,0.31030575910809016,0.0,0.0,11.791,2.914,0.2,0.005,0.001,0.5512546618452547,17.457210685690548,conservative_3d_component_bounding_box_diagonal,0.15004754905909523,0.15011264298115515,0.14994894236895068,0.00039895752624814486,0.0005762995314219588,6.375660881139168e-12,0.008241044747547652,0.013333686772789689,4.712160915387242e-08,0.0025698654219940015,0.00726737975264593,0.0,0.0,4.918134539891593e-05,0.00011264298115515325,0.4721770828129354,0.7639639774302602,0.0005762995314219588,0.41639018794543997,2359,2359,6.863590428407562e-05,0.02125608451895231,execution.h5 and actual scan timestamps; no new solve or simulation,User_Requested_Stop,10.0,3
f6c31864e2ce3e5c2e19b914f5e5b132c9658310d934a68e88ca62a1b777611b,panda_saddle_p0_u,panda_saddle_p0,panda,saddle,0,u,B1,1,True,True,,,0.2227593200004776,30.744615101000818,,0.030333494003571104,1.0272895699963556,32.35549724200246,14.704211672861309,False,planner_feasible,,True,834,417,0,413,True,0.02125608353630873,0.003710439600309231,"All measured work including 30 s checkpoint experiment and validation; selected path is the verified 10 s incumbent, not a 10 s return-time guarantee.",,,,,,,,,,,,,,,,,,,,,,,,,,,,,,,,,,,,,,,,,,,,,,,,User_Requested_Stop,10.0,3
f6c31864e2ce3e5c2e19b914f5e5b132c9658310d934a68e88ca62a1b777611b,panda_saddle_p0_u,panda_saddle_p0,panda,saddle,0,u,B1,2,True,True,,,0.22205671600386268,30.44834706200345,,0.03053233600076055,1.0163471639971249,32.047167365999485,14.704211672861309,False,planner_feasible,,True,834,417,0,413,True,0.02125608353630873,0.003710439600309231,"All measured work including 30 s checkpoint experiment and validation; selected path is the verified 10 s incumbent, not a 10 s return-time guarantee.",,,,,,,,,,,,,,,,,,,,,,,,,,,,,,,,,,,,,,,,,,,,,,,,User_Requested_Stop,10.0,3
f6c31864e2ce3e5c2e19b914f5e5b132c9658310d934a68e88ca62a1b777611b,panda_saddle_p0_u,panda_saddle_p0,panda,saddle,0,u,B2,0,True,True,True,False,31.996314039002755,,31.30635444499785,0.030381141004909296,1.0182062460007728,64.92349873499916,14.704211672861309,True,planner_feasible,,,,,,,True,0.02125608353630873,,"All measured work including 30 s checkpoint experiment and validation; selected path is the verified 10 s incumbent, not a 10 s return-time guarantee.",14.903999999997179,14.903999999997179,2.7051760090034804,0.999450875115128,0.999503178980916,0.020003999600079984,0.0009603836573906616,0,0.4882974624833492,0.9697306772265954,0.0001120283678168188,0.0,0.31030575910809016,0.0,0.0,11.791,2.914,0.2,0.005,0.001,0.5512546618452547,17.457210685690548,conservative_3d_component_bounding_box_diagonal,0.15004754905909523,0.15011264298115515,0.14994894236895068,0.00039895752624814486,0.0005762995314219588,6.375660881139168e-12,0.008241044747547652,0.013333686772789689,4.712160915387242e-08,0.0025698654219940015,0.00726737975264593,0.0,0.0,4.918134539891593e-05,0.00011264298115515325,0.4721770828129354,0.7639639774302602,0.0005762995314219588,0.41639018794543997,2359,2359,6.863590428407562e-05,0.02125608451895231,execution.h5 and actual scan timestamps; no new solve or simulation,User_Requested_Stop,10.0,3
f6c31864e2ce3e5c2e19b914f5e5b132c9658310d934a68e88ca62a1b777611b,panda_saddle_p0_u,panda_saddle_p0,panda,saddle,0,u,B2,1,True,True,,,31.996314039002755,,31.240956850000657,0.03039650999562582,1.0069613960004062,64.8425537370058,14.704211672861309,False,planner_feasible,,,,,,,True,0.02125608353630873,,"All measured work including 30 s checkpoint experiment and validation; selected path is the verified 10 s incumbent, not a 10 s return-time guarantee.",,,,,,,,,,,,,,,,,,,,,,,,,,,,,,,,,,,,,,,,,,,,,,,,User_Requested_Stop,10.0,3
f6c31864e2ce3e5c2e19b914f5e5b132c9658310d934a68e88ca62a1b777611b,panda_saddle_p0_u,panda_saddle_p0,panda,saddle,0,u,B2,2,True,True,,,31.996314039002755,,31.242051779001486,0.030313231000036467,1.0127904869950726,64.84662957400724,14.704211672861309,False,planner_feasible,,,,,,,True,0.02125608353630873,,"All measured work including 30 s checkpoint experiment and validation; selected path is the verified 10 s incumbent, not a 10 s return-time guarantee.",,,,,,,,,,,,,,,,,,,,,,,,,,,,,,,,,,,,,,,,,,,,,,,,User_Requested_Stop,10.0,3
f6c31864e2ce3e5c2e19b914f5e5b132c9658310d934a68e88ca62a1b777611b,panda_saddle_p0_u,panda_saddle_p0,panda,saddle,0,u,B3,0,False,False,,,,,,,,,,False,not_evaluable,Official example ran; upstream seven-joint IIWA state packing and decoupled Cartesian error box are not yet verified against Panda/UR5e scanner-ray constraints. No surrogate MPC substituted.,,,,,,,,,,,,,,,,,,,,,,,,,,,,,,,,,,,,,,,,,,,,,,,,,,,,,,,,,,,
f6c31864e2ce3e5c2e19b914f5e5b132c9658310d934a68e88ca62a1b777611b,panda_saddle_p0_u,panda_saddle_p0,panda,saddle,0,u,B3,1,False,False,,,,,,,,,,False,not_evaluable,Official example ran; upstream seven-joint IIWA state packing and decoupled Cartesian error box are not yet verified against Panda/UR5e scanner-ray constraints. No surrogate MPC substituted.,,,,,,,,,,,,,,,,,,,,,,,,,,,,,,,,,,,,,,,,,,,,,,,,,,,,,,,,,,,
f6c31864e2ce3e5c2e19b914f5e5b132c9658310d934a68e88ca62a1b777611b,panda_saddle_p0_u,panda_saddle_p0,panda,saddle,0,u,B3,2,False,False,,,,,,,,,,False,not_evaluable,Official example ran; upstream seven-joint IIWA state packing and decoupled Cartesian error box are not yet verified against Panda/UR5e scanner-ray constraints. No surrogate MPC substituted.,,,,,,,,,,,,,,,,,,,,,,,,,,,,,,,,,,,,,,,,,,,,,,,,,,,,,,,,,,,
f6c31864e2ce3e5c2e19b914f5e5b132c9658310d934a68e88ca62a1b777611b,panda_saddle_p0_u,panda_saddle_p0,panda,saddle,0,u,G,0,True,True,True,False,0.22095622399501735,30.445162531999813,,0.030392394997761585,1.0140625560015906,32.03993663199799,14.704211672861309,True,planner_feasible,,True,834,417,0,413,True,0.02125608353630873,0.003710439600309231,"All measured work including 30 s checkpoint experiment and validation; selected path is the verified 10 s incumbent, not a 10 s return-time guarantee.",14.903999999997179,14.903999999997179,2.700013608999143,0.999450875115128,0.999503178980916,0.020003999600079984,0.0009603836573906616,0,0.4882974624833492,0.9697306772265954,0.0001120283678168188,0.0,0.31030575910809016,0.0,0.0,11.791,2.914,0.2,0.005,0.001,0.5512546618452547,17.457210685690548,conservative_3d_component_bounding_box_diagonal,0.15004754905909523,0.15011264298115515,0.14994894236895068,0.00039895752624814486,0.0005762995314219588,6.375660881139168e-12,0.008241044747547652,0.013333686772789689,4.712160915387242e-08,0.0025698654219940015,0.00726737975264593,0.0,0.0,4.918134539891593e-05,0.00011264298115515325,0.4721770828129354,0.7639639774302602,0.0005762995314219588,0.41639018794543997,2359,2359,6.863590428407562e-05,0.02125608451895231,execution.h5 and actual scan timestamps; no new solve or simulation,User_Requested_Stop,10.0,3
f6c31864e2ce3e5c2e19b914f5e5b132c9658310d934a68e88ca62a1b777611b,panda_saddle_p0_u,panda_saddle_p0,panda,saddle,0,u,G,1,True,True,,,0.22118433399737114,30.532940580997092,,0.030476517997158226,1.0123332260045572,32.12435309099965,14.704211672861309,False,planner_feasible,,True,834,417,0,413,True,0.02125608353630873,0.003710439600309231,"All measured work including 30 s checkpoint experiment and validation; selected path is the verified 10 s incumbent, not a 10 s return-time guarantee.",,,,,,,,,,,,,,,,,,,,,,,,,,,,,,,,,,,,,,,,,,,,,,,,User_Requested_Stop,10.0,3
f6c31864e2ce3e5c2e19b914f5e5b132c9658310d934a68e88ca62a1b777611b,panda_saddle_p0_u,panda_saddle_p0,panda,saddle,0,u,G,2,True,True,,,0.22076448199368315,30.289434598002117,,0.030305738000606652,1.0099218930045026,31.87825324900041,14.704211672861309,False,planner_feasible,,True,834,417,0,413,True,0.02125608353630873,0.003710439600309231,"All measured work including 30 s checkpoint experiment and validation; selected path is the verified 10 s incumbent, not a 10 s return-time guarantee.",,,,,,,,,,,,,,,,,,,,,,,,,,,,,,,,,,,,,,,,,,,,,,,,User_Requested_Stop,10.0,3
ddbaccae4d1e1e90b7da2315bf852ee615b4daba879473cd6ddfe24006fb6108,panda_saddle_p0_v,panda_saddle_p0,panda,saddle,0,v,B0,0,True,True,False,False,0.3617477810039418,,,0.029800349002471194,1.0159580249965074,1.4870800819990109,17.48264267221105,True,planner_feasible,,True,1494,421,0,421,True,0.02129804967117556,0.0005750423444113235,"All measured work including 30 s checkpoint experiment and validation; selected path is the verified 10 s incumbent, not a 10 s return-time guarantee.",,17.681999999998627,3.0860156060007284,0.9999999999999961,0.9999999999999961,0.0,0.0009692430057601335,0,0.6423610743359693,1.0096901704001113,0.00010650722034855065,0.0,0.311396930203051,0.0,0.005,12.131,5.352,0.2,0.005,0.001,0.7957699757436383,16.738157666779934,conservative_3d_component_bounding_box_diagonal,0.15004381690725613,0.1501857250810455,0.14992305061681158,0.00012350271498259998,0.0001890432884495162,5.392768905776672e-13,0.00042447416068431876,0.0012615878430507815,3.6500241499888574e-08,0.00013935757081626473,0.0004961092161951615,0.0,0.0,6.64112434249145e-05,0.00018572508104550134,0.024320577919569406,0.07228365889182269,0.0001890432884495162,0.028424964265526063,2426,2426,6.500273925149623e-05,0.021297975401531763,execution.h5 and actual scan timestamps; no new solve or simulation,,,
ddbaccae4d1e1e90b7da2315bf852ee615b4daba879473cd6ddfe24006fb6108,panda_saddle_p0_v,panda_saddle_p0,panda,saddle,0,v,B0,1,True,True,,,0.3634268819951103,,,0.02996094400441507,1.018066467004246,1.474462300997402,17.48264267221105,False,planner_feasible,,True,1494,421,0,421,True,0.02129804967117556,0.0005750423444113235,"All measured work including 30 s checkpoint experiment and validation; selected path is the verified 10 s incumbent, not a 10 s return-time guarantee.",,,,,,,,,,,,,,,,,,,,,,,,,,,,,,,,,,,,,,,,,,,,,,,,,,
ddbaccae4d1e1e90b7da2315bf852ee615b4daba879473cd6ddfe24006fb6108,panda_saddle_p0_v,panda_saddle_p0,panda,saddle,0,v,B0,2,True,True,,,0.3632721539979684,,,0.02983738700277172,1.0189665840007365,1.4741306139985682,17.48264267221105,False,planner_feasible,,True,1494,421,0,421,True,0.02129804967117556,0.0005750423444113235,"All measured work including 30 s checkpoint experiment and validation; selected path is the verified 10 s incumbent, not a 10 s return-time guarantee.",,,,,,,,,,,,,,,,,,,,,,,,,,,,,,,,,,,,,,,,,,,,,,,,,,
ddbaccae4d1e1e90b7da2315bf852ee615b4daba879473cd6ddfe24006fb6108,panda_saddle_p0_v,panda_saddle_p0,panda,saddle,0,v,B1,0,True,True,False,False,0.22413560100540053,30.269948985995143,,0.02999743100372143,1.012810038999305,31.86713921100454,17.367333751998217,True,planner_feasible,,True,842,421,0,421,True,0.021297863103191907,0.00021506694858123535,"All measured work including 30 s checkpoint experiment and validation; selected path is the verified 10 s incumbent, not a 10 s return-time guarantee.",,17.566999999998487,3.072604576998856,0.9999999999999961,0.9999999999999961,0.0,0.000971605302087831,0,0.6266313106051493,1.0256905990558116,0.00010046852144773855,0.0,0.311096407044697,0.0,0.025,12.040000000000001,5.328,0.2,0.005,0.001,0.7991302061913351,16.67126111841475,conservative_3d_component_bounding_box_diagonal,0.15003284983622864,0.15003807020725457,0.14995230014033292,0.00012355707293393962,0.00019162969778351477,5.392768905776672e-13,0.00039937861469760107,0.0005180606728396052,3.6500241499888574e-08,0.00011537322742404444,0.00019342537826689456,0.0,0.0,3.6660305893085314e-05,4.769985966707191e-05,0.02288270904995401,0.029682690085417095,0.00019162969778351477,0.011082457825414536,2407,2407,6.661651286651304e-05,0.02129786804089144,execution.h5 and actual scan timestamps; no new solve or simulation,User_Requested_Stop,10.0,3
ddbaccae4d1e1e90b7da2315bf852ee615b4daba879473cd6ddfe24006fb6108,panda_saddle_p0_v,panda_saddle_p0,panda,saddle,0,v,B1,1,True,True,,,0.22630049900180893,30.537203072999546,,0.0299306169981719,1.021840979999979,32.14940902100352,17.367333751998217,False,planner_feasible,,True,842,421,0,421,True,0.021297863103191907,0.00021506694858123535,"All measured work including 30 s checkpoint experiment and validation; selected path is the verified 10 s incumbent, not a 10 s return-time guarantee.",,,,,,,,,,,,,,,,,,,,,,,,,,,,,,,,,,,,,,,,,,,,,,,,User_Requested_Stop,10.0,3
ddbaccae4d1e1e90b7da2315bf852ee615b4daba879473cd6ddfe24006fb6108,panda_saddle_p0_v,panda_saddle_p0,panda,saddle,0,v,B1,2,True,True,,,0.2252560179986176,30.384699004003778,,0.030202693000319414,1.0158119089974207,31.986044783996476,17.367333751998217,False,planner_feasible,,True,842,421,0,421,True,0.021297863103191907,0.00021506694858123535,"All measured work including 30 s checkpoint experiment and validation; selected path is the verified 10 s incumbent, not a 10 s return-time guarantee.",,,,,,,,,,,,,,,,,,,,,,,,,,,,,,,,,,,,,,,,,,,,,,,,User_Requested_Stop,10.0,3
ddbaccae4d1e1e90b7da2315bf852ee615b4daba879473cd6ddfe24006fb6108,panda_saddle_p0_v,panda_saddle_p0,panda,saddle,0,v,B2,0,True,True,False,False,31.86713921100454,,31.17649025600258,0.029846846002328675,1.0136129839956993,64.66312100900541,17.367333751998217,True,planner_feasible,,,,,,,True,0.021297863103191907,,"All measured work including 30 s checkpoint experiment and validation; selected path is the verified 10 s incumbent, not a 10 s return-time guarantee.",,17.566999999998487,3.0628383590010344,0.9999999999999961,0.9999999999999961,0.0,0.000971605302087831,0,0.6266313106051493,1.0256905990558116,0.00010046852144773855,0.0,0.311096407044697,0.0,0.025,12.040000000000001,5.328,0.2,0.005,0.001,0.7991302061913351,16.67126111841475,conservative_3d_component_bounding_box_diagonal,0.15003284983622864,0.15003807020725457,0.14995230014033292,0.00012355707293393962,0.00019162969778351477,5.392768905776672e-13,0.00039937861469760107,0.0005180606728396052,3.6500241499888574e-08,0.00011537322742404444,0.00019342537826689456,0.0,0.0,3.6660305893085314e-05,4.769985966707191e-05,0.02288270904995401,0.029682690085417095,0.00019162969778351477,0.011082457825414536,2407,2407,6.661651286651304e-05,0.02129786804089144,execution.h5 and actual scan timestamps; no new solve or simulation,User_Requested_Stop,10.0,3
ddbaccae4d1e1e90b7da2315bf852ee615b4daba879473cd6ddfe24006fb6108,panda_saddle_p0_v,panda_saddle_p0,panda,saddle,0,v,B2,1,True,True,,,31.86713921100454,,31.22250998299569,0.030452193997916766,1.0138674609988811,64.71162197100057,17.367333751998217,False,planner_feasible,,,,,,,True,0.021297863103191907,,"All measured work including 30 s checkpoint experiment and validation; selected path is the verified 10 s incumbent, not a 10 s return-time guarantee.",,,,,,,,,,,,,,,,,,,,,,,,,,,,,,,,,,,,,,,,,,,,,,,,User_Requested_Stop,10.0,3
ddbaccae4d1e1e90b7da2315bf852ee615b4daba879473cd6ddfe24006fb6108,panda_saddle_p0_v,panda_saddle_p0,panda,saddle,0,v,B2,2,True,True,,,31.86713921100454,,31.487175281996315,0.02987509399827104,1.023452792003809,64.9823429080061,17.367333751998217,False,planner_feasible,,,,,,,True,0.021297863103191907,,"All measured work including 30 s checkpoint experiment and validation; selected path is the verified 10 s incumbent, not a 10 s return-time guarantee.",,,,,,,,,,,,,,,,,,,,,,,,,,,,,,,,,,,,,,,,,,,,,,,,User_Requested_Stop,10.0,3
ddbaccae4d1e1e90b7da2315bf852ee615b4daba879473cd6ddfe24006fb6108,panda_saddle_p0_v,panda_saddle_p0,panda,saddle,0,v,B3,0,False,False,,,,,,,,,,False,not_evaluable,Official example ran; upstream seven-joint IIWA state packing and decoupled Cartesian error box are not yet verified against Panda/UR5e scanner-ray constraints. No surrogate MPC substituted.,,,,,,,,,,,,,,,,,,,,,,,,,,,,,,,,,,,,,,,,,,,,,,,,,,,,,,,,,,,
ddbaccae4d1e1e90b7da2315bf852ee615b4daba879473cd6ddfe24006fb6108,panda_saddle_p0_v,panda_saddle_p0,panda,saddle,0,v,B3,1,False,False,,,,,,,,,,False,not_evaluable,Official example ran; upstream seven-joint IIWA state packing and decoupled Cartesian error box are not yet verified against Panda/UR5e scanner-ray constraints. No surrogate MPC substituted.,,,,,,,,,,,,,,,,,,,,,,,,,,,,,,,,,,,,,,,,,,,,,,,,,,,,,,,,,,,
ddbaccae4d1e1e90b7da2315bf852ee615b4daba879473cd6ddfe24006fb6108,panda_saddle_p0_v,panda_saddle_p0,panda,saddle,0,v,B3,2,False,False,,,,,,,,,,False,not_evaluable,Official example ran; upstream seven-joint IIWA state packing and decoupled Cartesian error box are not yet verified against Panda/UR5e scanner-ray constraints. No surrogate MPC substituted.,,,,,,,,,,,,,,,,,,,,,,,,,,,,,,,,,,,,,,,,,,,,,,,,,,,,,,,,,,,
ddbaccae4d1e1e90b7da2315bf852ee615b4daba879473cd6ddfe24006fb6108,panda_saddle_p0_v,panda_saddle_p0,panda,saddle,0,v,G,0,True,True,False,False,0.22485096500167856,30.426908087996708,,0.029877237997425254,1.0142006230016705,32.023945857996296,17.367333751998217,True,planner_feasible,,True,842,421,0,421,True,0.021297863103191907,0.00021506694858123535,"All measured work including 30 s checkpoint experiment and validation; selected path is the verified 10 s incumbent, not a 10 s return-time guarantee.",,17.566999999998487,3.0665563689981354,0.9999999999999961,0.9999999999999961,0.0,0.000971605302087831,0,0.6266313106051493,1.0256905990558116,0.00010046852144773855,0.0,0.311096407044697,0.0,0.025,12.040000000000001,5.328,0.2,0.005,0.001,0.7991302061913351,16.67126111841475,conservative_3d_component_bounding_box_diagonal,0.15003284983622864,0.15003807020725457,0.14995230014033292,0.00012355707293393962,0.00019162969778351477,5.392768905776672e-13,0.00039937861469760107,0.0005180606728396052,3.6500241499888574e-08,0.00011537322742404444,0.00019342537826689456,0.0,0.0,3.6660305893085314e-05,4.769985966707191e-05,0.02288270904995401,0.029682690085417095,0.00019162969778351477,0.011082457825414536,2407,2407,6.661651286651304e-05,0.02129786804089144,execution.h5 and actual scan timestamps; no new solve or simulation,User_Requested_Stop,10.0,3
ddbaccae4d1e1e90b7da2315bf852ee615b4daba879473cd6ddfe24006fb6108,panda_saddle_p0_v,panda_saddle_p0,panda,saddle,0,v,G,1,True,True,,,0.22364590499637416,30.512844677999965,,0.03008645299996715,1.0235035530058667,32.121042814003886,17.367333751998217,False,planner_feasible,,True,842,421,0,421,True,0.021297863103191907,0.00021506694858123535,"All measured work including 30 s checkpoint experiment and validation; selected path is the verified 10 s incumbent, not a 10 s return-time guarantee.",,,,,,,,,,,,,,,,,,,,,,,,,,,,,,,,,,,,,,,,,,,,,,,,User_Requested_Stop,10.0,3
ddbaccae4d1e1e90b7da2315bf852ee615b4daba879473cd6ddfe24006fb6108,panda_saddle_p0_v,panda_saddle_p0,panda,saddle,0,v,G,2,True,True,,,0.22528458400483942,30.41213875500398,,0.029842616997484583,1.020631705003325,32.01911366599961,17.367333751998217,False,planner_feasible,,True,842,421,0,421,True,0.021297863103191907,0.00021506694858123535,"All measured work including 30 s checkpoint experiment and validation; selected path is the verified 10 s incumbent, not a 10 s return-time guarantee.",,,,,,,,,,,,,,,,,,,,,,,,,,,,,,,,,,,,,,,,,,,,,,,,User_Requested_Stop,10.0,3
9ced85a1ec2cd96c165d3ed941ec82457e30e182c4d037796ec472ed639f71b3,panda_saddle_p1_u,panda_saddle_p1,panda,saddle,1,u,B0,0,True,True,True,True,0.23428259000502294,,,0.030960885997046717,1.0231861489955918,1.3491334290010855,16.429378295939497,True,planner_feasible,,True,897,417,0,417,True,0.02125829774172976,0.006330371053338863,"All measured work including 30 s checkpoint experiment and validation; selected path is the verified 10 s incumbent, not a 10 s return-time guarantee.",16.62899999999734,16.62899999999734,2.984312909997243,0.9999999999999961,0.9999999999999961,0.0,0.0009369397497185332,0,0.7662913105880378,0.9765907728453035,0.00013421944944164155,0.0,0.3567277255339186,0.0,0.0,12.779,3.6510000000000002,0.2,0.005,0.001,0.6066322515856989,22.354425774978793,conservative_3d_component_bounding_box_diagonal,0.15039839578507624,0.1513565197945976,0.14937333122208468,0.00010969118204658983,0.0001949191343886891,1.028022604901349e-12,0.0015238664659432387,0.003316209706139251,2.1073424255447017e-08,0.00021926088246786908,0.0005852236872041452,0.0,0.0,0.0004960154671896246,0.0013565197945976104,0.08731111704006378,0.19000482014209805,0.0001949191343886891,0.03353084734788176,2557,2557,7.34667541120726e-05,0.021258311670693593,execution.h5 and actual scan timestamps; no new solve or simulation,,,
9ced85a1ec2cd96c165d3ed941ec82457e30e182c4d037796ec472ed639f71b3,panda_saddle_p1_u,panda_saddle_p1,panda,saddle,1,u,B0,1,True,True,,,0.23441382899909513,,,0.030593632996897213,1.016043980998802,1.3409146690028138,16.429378295939497,False,planner_feasible,,True,897,417,0,417,True,0.02125829774172976,0.006330371053338863,"All measured work including 30 s checkpoint experiment and validation; selected path is the verified 10 s incumbent, not a 10 s return-time guarantee.",,,,,,,,,,,,,,,,,,,,,,,,,,,,,,,,,,,,,,,,,,,,,,,,,,
9ced85a1ec2cd96c165d3ed941ec82457e30e182c4d037796ec472ed639f71b3,panda_saddle_p1_u,panda_saddle_p1,panda,saddle,1,u,B0,2,True,True,,,0.23431642700597877,,,0.03009195500635542,1.0165887330003898,1.3411098700016737,16.429378295939497,False,planner_feasible,,True,897,417,0,417,True,0.02125829774172976,0.006330371053338863,"All measured work including 30 s checkpoint experiment and validation; selected path is the verified 10 s incumbent, not a 10 s return-time guarantee.",,,,,,,,,,,,,,,,,,,,,,,,,,,,,,,,,,,,,,,,,,,,,,,,,,
9ced85a1ec2cd96c165d3ed941ec82457e30e182c4d037796ec472ed639f71b3,panda_saddle_p1_u,panda_saddle_p1,panda,saddle,1,u,B1,0,True,True,True,True,0.22275467999861576,31.66884986700461,,0.03078749500127742,1.01481832099671,33.26958081399789,15.801462157622678,True,planner_feasible,,True,834,417,0,413,True,0.021259888755896905,0.0006363632861447026,"All measured work including 30 s checkpoint experiment and validation; selected path is the verified 10 s incumbent, not a 10 s return-time guarantee.",16.000999999996573,16.000999999996573,2.883122225997795,0.9999999999999961,0.9999999999999961,0.0,0.0009382884105277071,0,0.7250989465964133,0.968867949994582,0.00019111902992674512,0.0,0.35798165032261287,0.0,0.0,12.19,3.612,0.2,0.005,0.001,0.5854255631851497,20.632590060272705,conservative_3d_component_bounding_box_diagonal,0.1500174725804526,0.15002605698136331,0.14989707819769843,0.0001001488301449863,0.0002735619744605897,1.028022604901349e-12,0.0002349616873839074,0.0005278731509547696,2.1073424255447017e-08,5.355099831217202e-05,8.588370706799425e-05,0.0,0.0,2.1645176867474134e-05,0.00010292180230156434,0.013462313034370135,0.0302449036679805,0.0002735619744605897,0.004920773943933948,2437,2437,7.116407425833415e-05,0.021259951227273182,execution.h5 and actual scan timestamps; no new solve or simulation,User_Requested_Stop,10.0,3
9ced85a1ec2cd96c165d3ed941ec82457e30e182c4d037796ec472ed639f71b3,panda_saddle_p1_u,panda_saddle_p1,panda,saddle,1,u,B1,1,True,True,,,0.22084354399703443,31.711453112002346,,0.03029301300557563,1.016360389003239,33.310612455999944,15.801462157622678,False,planner_feasible,,True,834,417,0,413,True,0.021259888755896905,0.0006363632861447026,"All measured work including 30 s checkpoint experiment and validation; selected path is the verified 10 s incumbent, not a 10 s return-time guarantee.",,,,,,,,,,,,,,,,,,,,,,,,,,,,,,,,,,,,,,,,,,,,,,,,User_Requested_Stop,10.0,3
9ced85a1ec2cd96c165d3ed941ec82457e30e182c4d037796ec472ed639f71b3,panda_saddle_p1_u,panda_saddle_p1,panda,saddle,1,u,B1,2,True,True,,,0.22141640100016957,31.633485721002216,,0.03038307500537485,1.0140809639997315,33.2311787869985,15.801462157622678,False,planner_feasible,,True,834,417,0,413,True,0.021259888755896905,0.0006363632861447026,"All measured work including 30 s checkpoint experiment and validation; selected path is the verified 10 s incumbent, not a 10 s return-time guarantee.",,,,,,,,,,,,,,,,,,,,,,,,,,,,,,,,,,,,,,,,,,,,,,,,User_Requested_Stop,10.0,3
9ced85a1ec2cd96c165d3ed941ec82457e30e182c4d037796ec472ed639f71b3,panda_saddle_p1_u,panda_saddle_p1,panda,saddle,1,u,B2,0,True,True,True,True,33.26958081399789,,31.280795206999755,0.030135687004076317,1.015715811001428,66.18472766999912,15.801462157622678,True,planner_feasible,,,,,,,True,0.021259888755896905,,"All measured work including 30 s checkpoint experiment and validation; selected path is the verified 10 s incumbent, not a 10 s return-time guarantee.",16.000999999996573,16.000999999996573,2.8701868439966347,0.9999999999999961,0.9999999999999961,0.0,0.0009382884105277071,0,0.7250989465964133,0.968867949994582,0.00019111902992674512,0.0,0.35798165032261287,0.0,0.0,12.19,3.612,0.2,0.005,0.001,0.5854255631851497,20.632590060272705,conservative_3d_component_bounding_box_diagonal,0.1500174725804526,0.15002605698136331,0.14989707819769843,0.0001001488301449863,0.0002735619744605897,1.028022604901349e-12,0.0002349616873839074,0.0005278731509547696,2.1073424255447017e-08,5.355099831217202e-05,8.588370706799425e-05,0.0,0.0,2.1645176867474134e-05,0.00010292180230156434,0.013462313034370135,0.0302449036679805,0.0002735619744605897,0.004920773943933948,2437,2437,7.116407425833415e-05,0.021259951227273182,execution.h5 and actual scan timestamps; no new solve or simulation,User_Requested_Stop,10.0,3
9ced85a1ec2cd96c165d3ed941ec82457e30e182c4d037796ec472ed639f71b3,panda_saddle_p1_u,panda_saddle_p1,panda,saddle,1,u,B2,1,True,True,,,33.26958081399789,,31.035491595001076,0.030398757000511978,1.0136522070024512,65.94170718199894,15.801462157622678,False,planner_feasible,,,,,,,True,0.021259888755896905,,"All measured work including 30 s checkpoint experiment and validation; selected path is the verified 10 s incumbent, not a 10 s return-time guarantee.",,,,,,,,,,,,,,,,,,,,,,,,,,,,,,,,,,,,,,,,,,,,,,,,User_Requested_Stop,10.0,3
9ced85a1ec2cd96c165d3ed941ec82457e30e182c4d037796ec472ed639f71b3,panda_saddle_p1_u,panda_saddle_p1,panda,saddle,1,u,B2,2,True,True,,,33.26958081399789,,31.254707377003797,0.03083165700081736,1.0212645409992547,66.17068422400189,15.801462157622678,False,planner_feasible,,,,,,,True,0.021259888755896905,,"All measured work including 30 s checkpoint experiment and validation; selected path is the verified 10 s incumbent, not a 10 s return-time guarantee.",,,,,,,,,,,,,,,,,,,,,,,,,,,,,,,,,,,,,,,,,,,,,,,,User_Requested_Stop,10.0,3
9ced85a1ec2cd96c165d3ed941ec82457e30e182c4d037796ec472ed639f71b3,panda_saddle_p1_u,panda_saddle_p1,panda,saddle,1,u,B3,0,False,False,,,,,,,,,,False,not_evaluable,Official example ran; upstream seven-joint IIWA state packing and decoupled Cartesian error box are not yet verified against Panda/UR5e scanner-ray constraints. No surrogate MPC substituted.,,,,,,,,,,,,,,,,,,,,,,,,,,,,,,,,,,,,,,,,,,,,,,,,,,,,,,,,,,,
9ced85a1ec2cd96c165d3ed941ec82457e30e182c4d037796ec472ed639f71b3,panda_saddle_p1_u,panda_saddle_p1,panda,saddle,1,u,B3,1,False,False,,,,,,,,,,False,not_evaluable,Official example ran; upstream seven-joint IIWA state packing and decoupled Cartesian error box are not yet verified against Panda/UR5e scanner-ray constraints. No surrogate MPC substituted.,,,,,,,,,,,,,,,,,,,,,,,,,,,,,,,,,,,,,,,,,,,,,,,,,,,,,,,,,,,
9ced85a1ec2cd96c165d3ed941ec82457e30e182c4d037796ec472ed639f71b3,panda_saddle_p1_u,panda_saddle_p1,panda,saddle,1,u,B3,2,False,False,,,,,,,,,,False,not_evaluable,Official example ran; upstream seven-joint IIWA state packing and decoupled Cartesian error box are not yet verified against Panda/UR5e scanner-ray constraints. No surrogate MPC substituted.,,,,,,,,,,,,,,,,,,,,,,,,,,,,,,,,,,,,,,,,,,,,,,,,,,,,,,,,,,,
9ced85a1ec2cd96c165d3ed941ec82457e30e182c4d037796ec472ed639f71b3,panda_saddle_p1_u,panda_saddle_p1,panda,saddle,1,u,G,0,True,True,True,True,0.22150305399554782,31.7377751219974,,0.03057362599793123,1.021442768003908,33.343511204002425,15.801462157622678,True,planner_feasible,,True,834,417,0,413,True,0.021259888755896905,0.0006363632861447026,"All measured work including 30 s checkpoint experiment and validation; selected path is the verified 10 s incumbent, not a 10 s return-time guarantee.",16.000999999996573,16.000999999996573,2.889062042006117,0.9999999999999961,0.9999999999999961,0.0,0.0009382884105277071,0,0.7250989465964133,0.968867949994582,0.00019111902992674512,0.0,0.35798165032261287,0.0,0.0,12.19,3.612,0.2,0.005,0.001,0.5854255631851497,20.632590060272705,conservative_3d_component_bounding_box_diagonal,0.1500174725804526,0.15002605698136331,0.14989707819769843,0.0001001488301449863,0.0002735619744605897,1.028022604901349e-12,0.0002349616873839074,0.0005278731509547696,2.1073424255447017e-08,5.355099831217202e-05,8.588370706799425e-05,0.0,0.0,2.1645176867474134e-05,0.00010292180230156434,0.013462313034370135,0.0302449036679805,0.0002735619744605897,0.004920773943933948,2437,2437,7.116407425833415e-05,0.021259951227273182,execution.h5 and actual scan timestamps; no new solve or simulation,User_Requested_Stop,10.0,3
9ced85a1ec2cd96c165d3ed941ec82457e30e182c4d037796ec472ed639f71b3,panda_saddle_p1_u,panda_saddle_p1,panda,saddle,1,u,G,1,True,True,,,0.22141261499928078,31.976458830999036,,0.0301540699947509,1.0243148840017966,33.58453282400296,15.801462157622678,False,planner_feasible,,True,834,417,0,413,True,0.021259888755896905,0.0006363632861447026,"All measured work including 30 s checkpoint experiment and validation; selected path is the verified 10 s incumbent, not a 10 s return-time guarantee.",,,,,,,,,,,,,,,,,,,,,,,,,,,,,,,,,,,,,,,,,,,,,,,,User_Requested_Stop,10.0,3
9ced85a1ec2cd96c165d3ed941ec82457e30e182c4d037796ec472ed639f71b3,panda_saddle_p1_u,panda_saddle_p1,panda,saddle,1,u,G,2,True,True,,,0.21967904399934923,31.80432879699947,,0.030284241001936607,1.0172456780055654,33.42726560000301,15.801462157622678,False,planner_feasible,,True,834,417,0,413,True,0.021259888755896905,0.0006363632861447026,"All measured work including 30 s checkpoint experiment and validation; selected path is the verified 10 s incumbent, not a 10 s return-time guarantee.",,,,,,,,,,,,,,,,,,,,,,,,,,,,,,,,,,,,,,,,,,,,,,,,User_Requested_Stop,10.0,3
5f43b4d6461fcea3fe8ed7073c7de83186d13133f6cb072fc4eb2c12336a6b6c,panda_saddle_p1_v,panda_saddle_p1,panda,saddle,1,v,B0,0,True,True,True,True,0.35290744899975834,,,0.0306261869991431,1.01426121500117,1.4600349059983273,17.364849196220284,True,planner_feasible,,True,1450,421,0,421,True,0.021307917961120366,0.00027542799794039576,"All measured work including 30 s checkpoint experiment and validation; selected path is the verified 10 s incumbent, not a 10 s return-time guarantee.",17.563999999998483,17.563999999998483,3.071538354997756,0.9999999999999961,0.9999999999999961,0.0,0.0009628715927172881,0,0.603879077436729,0.9989495146540076,9.42726361365942e-05,0.0,0.3632440593914625,0.0,0.0,12.057,5.308,0.2,0.005,0.001,0.8075198646065683,17.56822692899757,conservative_3d_component_bounding_box_diagonal,0.15003418978336308,0.15006559138557032,0.1499638411284329,0.0001208417820465278,0.00019645943986228688,5.726146073072635e-13,0.00034709373538484496,0.0006692157096777578,5.372690074837192e-08,0.00015240215341150612,0.00023728847105227102,0.0,0.0,3.5016429086559556e-05,6.55913855703294e-05,0.019887006132982218,0.03834323574838772,0.00019645943986228688,0.013595627918407339,2413,2413,7.333333049321167e-05,0.021307966464763895,execution.h5 and actual scan timestamps; no new solve or simulation,,,
5f43b4d6461fcea3fe8ed7073c7de83186d13133f6cb072fc4eb2c12336a6b6c,panda_saddle_p1_v,panda_saddle_p1,panda,saddle,1,v,B0,1,True,True,,,0.35698294999747304,,,0.029962208995129913,1.0209834740016959,1.470342446002178,17.364849196220284,False,planner_feasible,,True,1450,421,0,421,True,0.021307917961120366,0.00027542799794039576,"All measured work including 30 s checkpoint experiment and validation; selected path is the verified 10 s incumbent, not a 10 s return-time guarantee.",,,,,,,,,,,,,,,,,,,,,,,,,,,,,,,,,,,,,,,,,,,,,,,,,,
5f43b4d6461fcea3fe8ed7073c7de83186d13133f6cb072fc4eb2c12336a6b6c,panda_saddle_p1_v,panda_saddle_p1,panda,saddle,1,v,B0,2,True,True,,,0.35526930799824186,,,0.030303583000204526,1.024169455995434,1.472190396001679,17.364849196220284,False,planner_feasible,,True,1450,421,0,421,True,0.021307917961120366,0.00027542799794039576,"All measured work including 30 s checkpoint experiment and validation; selected path is the verified 10 s incumbent, not a 10 s return-time guarantee.",,,,,,,,,,,,,,,,,,,,,,,,,,,,,,,,,,,,,,,,,,,,,,,,,,
5f43b4d6461fcea3fe8ed7073c7de83186d13133f6cb072fc4eb2c12336a6b6c,panda_saddle_p1_v,panda_saddle_p1,panda,saddle,1,v,B1,0,True,True,True,True,0.22569209399807733,31.6557807509962,,0.030252549004217144,1.0334145829983754,33.276033226000436,17.294683845189386,True,planner_feasible,,True,842,421,0,421,True,0.021308423307462753,0.00017473294707435834,"All measured work including 30 s checkpoint experiment and validation; selected path is the verified 10 s incumbent, not a 10 s return-time guarantee.",17.493999999998397,17.493999999998397,3.0711443789987243,0.9999999999999961,0.9999999999999961,0.0,0.0009667555072295255,0,0.6064822101724806,0.9917562331547543,9.924103155922737e-05,0.0,0.36323438002270714,0.0,0.0,12.013,5.282,0.2,0.005,0.001,0.8135809781431119,17.764981260688387,conservative_3d_component_bounding_box_diagonal,0.15004266058420454,0.150064582674807,0.14995431393560585,0.00012553751361369002,0.000204071204422024,5.726146073072635e-13,0.0004471711543014704,0.0006188205985886938,5.372690074837192e-08,0.00018083974288987719,0.0003118895731995527,0.0,0.0,4.396914028225312e-05,6.458267480699553e-05,0.025621019861467562,0.03545580857489142,0.000204071204422024,0.01786995621847092,2402,2402,7.302372105584445e-05,0.021308532744566972,execution.h5 and actual scan timestamps; no new solve or simulation,User_Requested_Stop,10.0,3
5f43b4d6461fcea3fe8ed7073c7de83186d13133f6cb072fc4eb2c12336a6b6c,panda_saddle_p1_v,panda_saddle_p1,panda,saddle,1,v,B1,1,True,True,,,0.22526500200183364,31.378705600000103,,0.029977100995893124,1.0223817529986263,32.98291342899756,17.294683845189386,False,planner_feasible,,True,842,421,0,421,True,0.021308423307462753,0.00017473294707435834,"All measured work including 30 s checkpoint experiment and validation; selected path is the verified 10 s incumbent, not a 10 s return-time guarantee.",,,,,,,,,,,,,,,,,,,,,,,,,,,,,,,,,,,,,,,,,,,,,,,,User_Requested_Stop,10.0,3
5f43b4d6461fcea3fe8ed7073c7de83186d13133f6cb072fc4eb2c12336a6b6c,panda_saddle_p1_v,panda_saddle_p1,panda,saddle,1,v,B1,2,True,True,,,0.22472827199817402,31.4319524159946,,0.03000648700253805,1.0113042130033136,33.01699322999775,17.294683845189386,False,planner_feasible,,True,842,421,0,421,True,0.021308423307462753,0.00017473294707435834,"All measured work including 30 s checkpoint experiment and validation; selected path is the verified 10 s incumbent, not a 10 s return-time guarantee.",,,,,,,,,,,,,,,,,,,,,,,,,,,,,,,,,,,,,,,,,,,,,,,,User_Requested_Stop,10.0,3
5f43b4d6461fcea3fe8ed7073c7de83186d13133f6cb072fc4eb2c12336a6b6c,panda_saddle_p1_v,panda_saddle_p1,panda,saddle,1,v,B2,0,True,True,True,False,33.276033226000436,,31.841507248005655,0.030090748994552996,1.0252862439956516,66.78465669599973,17.24969797935169,True,planner_feasible,,,,,,,True,0.02133476589813818,,"All measured work including 30 s checkpoint experiment and validation; selected path is the verified 10 s incumbent, not a 10 s return-time guarantee.",17.448999999998343,17.448999999998343,3.049742964998586,0.9993789539189691,0.9993789539189691,0.016026889404996882,0.0009694376093582872,0,0.6447942768916329,0.9990041574404127,9.135150825948998e-05,0.0,0.3670703672592799,0.0,0.0,11.971,5.279,0.2,0.005,0.001,0.833167401166767,17.827872487403518,conservative_3d_component_bounding_box_diagonal,0.1502200158414805,0.15027696489663067,0.14977906016175427,0.000495298692663441,0.0005732164553802859,5.726146073072635e-13,0.03520895481776817,0.037449269524613055,5.372690074837192e-08,0.007826712709729886,0.010631272166901747,0.0,0.0,0.0002201442120148805,0.000276964896630677,2.017324512124923,2.145685089608223,0.0005732164553802859,0.6091270260183714,2394,2395,7.202790205058624e-05,0.021334789153753222,execution.h5 and actual scan timestamps; no new solve or simulation,User_Requested_Stop,10.0,3
5f43b4d6461fcea3fe8ed7073c7de83186d13133f6cb072fc4eb2c12336a6b6c,panda_saddle_p1_v,panda_saddle_p1,panda,saddle,1,v,B2,1,True,True,,,33.276033226000436,,32.014310586004285,0.03007669899670873,1.0245671860029688,66.95506449100503,17.24969797935169,False,planner_feasible,,,,,,,True,0.02133476589813818,,"All measured work including 30 s checkpoint experiment and validation; selected path is the verified 10 s incumbent, not a 10 s return-time guarantee.",,,,,,,,,,,,,,,,,,,,,,,,,,,,,,,,,,,,,,,,,,,,,,,,User_Requested_Stop,10.0,3
5f43b4d6461fcea3fe8ed7073c7de83186d13133f6cb072fc4eb2c12336a6b6c,panda_saddle_p1_v,panda_saddle_p1,panda,saddle,1,v,B2,2,True,True,,,33.276033226000436,,32.19663897599821,0.0308589740016032,1.0222138919998542,67.1432802989948,17.24969797935169,False,planner_feasible,,,,,,,True,0.02133476589813818,,"All measured work including 30 s checkpoint experiment and validation; selected path is the verified 10 s incumbent, not a 10 s return-time guarantee.",,,,,,,,,,,,,,,,,,,,,,,,,,,,,,,,,,,,,,,,,,,,,,,,User_Requested_Stop,10.0,3
5f43b4d6461fcea3fe8ed7073c7de83186d13133f6cb072fc4eb2c12336a6b6c,panda_saddle_p1_v,panda_saddle_p1,panda,saddle,1,v,B3,0,False,False,,,,,,,,,,False,not_evaluable,Official example ran; upstream seven-joint IIWA state packing and decoupled Cartesian error box are not yet verified against Panda/UR5e scanner-ray constraints. No surrogate MPC substituted.,,,,,,,,,,,,,,,,,,,,,,,,,,,,,,,,,,,,,,,,,,,,,,,,,,,,,,,,,,,
5f43b4d6461fcea3fe8ed7073c7de83186d13133f6cb072fc4eb2c12336a6b6c,panda_saddle_p1_v,panda_saddle_p1,panda,saddle,1,v,B3,1,False,False,,,,,,,,,,False,not_evaluable,Official example ran; upstream seven-joint IIWA state packing and decoupled Cartesian error box are not yet verified against Panda/UR5e scanner-ray constraints. No surrogate MPC substituted.,,,,,,,,,,,,,,,,,,,,,,,,,,,,,,,,,,,,,,,,,,,,,,,,,,,,,,,,,,,
5f43b4d6461fcea3fe8ed7073c7de83186d13133f6cb072fc4eb2c12336a6b6c,panda_saddle_p1_v,panda_saddle_p1,panda,saddle,1,v,B3,2,False,False,,,,,,,,,,False,not_evaluable,Official example ran; upstream seven-joint IIWA state packing and decoupled Cartesian error box are not yet verified against Panda/UR5e scanner-ray constraints. No surrogate MPC substituted.,,,,,,,,,,,,,,,,,,,,,,,,,,,,,,,,,,,,,,,,,,,,,,,,,,,,,,,,,,,
5f43b4d6461fcea3fe8ed7073c7de83186d13133f6cb072fc4eb2c12336a6b6c,panda_saddle_p1_v,panda_saddle_p1,panda,saddle,1,v,G,0,True,True,True,True,0.2247345649957424,31.46853027799807,,0.030334874005347956,1.0331659799994668,33.094118093998986,17.294683845189386,True,planner_feasible,,True,842,421,0,421,True,0.021308423307462753,0.00017473294707435834,"All measured work including 30 s checkpoint experiment and validation; selected path is the verified 10 s incumbent, not a 10 s return-time guarantee.",17.493999999998397,17.493999999998397,3.063494793997961,0.9999999999999961,0.9999999999999961,0.0,0.0009667555072295255,0,0.6064822101724806,0.9917562331547543,9.924103155922737e-05,0.0,0.36323438002270714,0.0,0.0,12.013,5.282,0.2,0.005,0.001,0.8135809781431119,17.764981260688387,conservative_3d_component_bounding_box_diagonal,0.15004266058420454,0.150064582674807,0.14995431393560585,0.00012553751361369002,0.000204071204422024,5.726146073072635e-13,0.0004471711543014704,0.0006188205985886938,5.372690074837192e-08,0.00018083974288987719,0.0003118895731995527,0.0,0.0,4.396914028225312e-05,6.458267480699553e-05,0.025621019861467562,0.03545580857489142,0.000204071204422024,0.01786995621847092,2402,2402,7.302372105584445e-05,0.021308532744566972,execution.h5 and actual scan timestamps; no new solve or simulation,User_Requested_Stop,10.0,3
5f43b4d6461fcea3fe8ed7073c7de83186d13133f6cb072fc4eb2c12336a6b6c,panda_saddle_p1_v,panda_saddle_p1,panda,saddle,1,v,G,1,True,True,,,0.22426569999515777,31.393309448001673,,0.03026076699461555,1.0261144359974423,32.994490927994775,17.294683845189386,False,planner_feasible,,True,842,421,0,421,True,0.021308423307462753,0.00017473294707435834,"All measured work including 30 s checkpoint experiment and validation; selected path is the verified 10 s incumbent, not a 10 s return-time guarantee.",,,,,,,,,,,,,,,,,,,,,,,,,,,,,,,,,,,,,,,,,,,,,,,,User_Requested_Stop,10.0,3
5f43b4d6461fcea3fe8ed7073c7de83186d13133f6cb072fc4eb2c12336a6b6c,panda_saddle_p1_v,panda_saddle_p1,panda,saddle,1,v,G,2,True,True,,,0.22716214699903503,31.577181623004435,,0.03065586400043685,1.023757379000017,33.18158316699555,17.294683845189386,False,planner_feasible,,True,842,421,0,421,True,0.021308423307462753,0.00017473294707435834,"All measured work including 30 s checkpoint experiment and validation; selected path is the verified 10 s incumbent, not a 10 s return-time guarantee.",,,,,,,,,,,,,,,,,,,,,,,,,,,,,,,,,,,,,,,,,,,,,,,,User_Requested_Stop,10.0,3
5d9aac3d7faa587a77b4ef01338725dc9ae7ca13f0a04df57de39f2cb095a9ac,ur5e_cylinder_p0_u,ur5e_cylinder_p0,ur5e,cylinder,0,u,B0,0,True,True,False,False,0.36737396500393515,,,0.03055396299896529,1.0343607219983824,1.4942149659982533,19.211679785124172,True,planner_feasible,,True,1626,417,0,417,True,0.01712450445391541,0.0004936430496301107,"All measured work including 30 s checkpoint experiment and validation; selected path is the verified 10 s incumbent, not a 10 s return-time guarantee.",,19.41100000000074,3.4815804480022052,0.999999999999979,0.999999999999979,0.0,0.0009565184201459793,0,0.8034082597105165,1.006599136272546,0.00015438383119570354,0.0,0.28364748092006337,0.0,0.002,13.69,5.522,0.2,0.005,0.001,0.9163079740843193,19.564278989677703,conservative_3d_component_bounding_box_diagonal,0.1502711571733371,0.1503390017760385,0.1497232649908778,0.0004504171244059202,0.000648744159511874,2.254403808159372e-16,0.0004840961060463219,0.0008645909164233691,1.4901161193847656e-08,0.0001092532406837448,0.00023082088202850976,0.0,0.0,0.00027429688096196336,0.00033900177603851667,0.027736663755171777,0.04953741051640714,0.000648744159511874,0.013225062363720681,2738,2739,0.00011655952204390196,0.017124498748268928,execution.h5 and actual scan timestamps; no new solve or simulation,,,
5d9aac3d7faa587a77b4ef01338725dc9ae7ca13f0a04df57de39f2cb095a9ac,ur5e_cylinder_p0_u,ur5e_cylinder_p0,ur5e,cylinder,0,u,B0,1,True,True,,,0.36766153600183316,,,0.03052684900467284,1.030959987998358,1.490434744002414,19.211679785124172,False,planner_feasible,,True,1626,417,0,417,True,0.01712450445391541,0.0004936430496301107,"All measured work including 30 s checkpoint experiment and validation; selected path is the verified 10 s incumbent, not a 10 s return-time guarantee.",,,,,,,,,,,,,,,,,,,,,,,,,,,,,,,,,,,,,,,,,,,,,,,,,,
5d9aac3d7faa587a77b4ef01338725dc9ae7ca13f0a04df57de39f2cb095a9ac,ur5e_cylinder_p0_u,ur5e_cylinder_p0,ur5e,cylinder,0,u,B0,2,True,True,,,0.3677902970011928,,,0.030369574000360444,1.040354896998906,1.4997633259990835,19.211679785124172,False,planner_feasible,,True,1626,417,0,417,True,0.01712450445391541,0.0004936430496301107,"All measured work including 30 s checkpoint experiment and validation; selected path is the verified 10 s incumbent, not a 10 s return-time guarantee.",,,,,,,,,,,,,,,,,,,,,,,,,,,,,,,,,,,,,,,,,,,,,,,,,,
5d9aac3d7faa587a77b4ef01338725dc9ae7ca13f0a04df57de39f2cb095a9ac,ur5e_cylinder_p0_u,ur5e_cylinder_p0,ur5e,cylinder,0,u,B1,0,True,True,True,True,0.2101516319962684,30.209293631000037,,0.03093957000237424,1.024575964001997,31.773088233996532,19.211729306423504,True,planner_feasible,,True,834,417,0,417,True,0.0171243711877889,0.0005505287459746772,"All measured work including 30 s checkpoint experiment and validation; selected path is the verified 10 s incumbent, not a 10 s return-time guarantee.",19.41100000000074,19.41100000000074,3.453904207999585,0.999999999999979,0.999999999999979,0.0,0.0009572814963319985,0,0.8023714568250467,0.9892565054478042,0.0001605367945372027,0.0,0.28345844493351796,0.0,0.0,13.667,5.545,0.2,0.005,0.001,0.9172946057320277,21.14031157972353,conservative_3d_component_bounding_box_diagonal,0.15011201041469863,0.15024047848357847,0.14954380433414918,0.0004246178705827659,0.0006437462438376182,2.254403808159372e-16,0.0005382520006830368,0.0009823615072582575,1.4901161193847656e-08,0.0001826509657509556,0.00023321767497133073,0.0,0.0,0.0003953164040882834,0.0004561956658508115,0.03083956795361071,0.05628516832200834,0.0006437462438376182,0.013362388483711064,2735,2736,0.0001169732662633871,0.017124435639808394,execution.h5 and actual scan timestamps; no new solve or simulation,User_Requested_Stop,10.0,3
5d9aac3d7faa587a77b4ef01338725dc9ae7ca13f0a04df57de39f2cb095a9ac,ur5e_cylinder_p0_u,ur5e_cylinder_p0,ur5e,cylinder,0,u,B1,1,True,True,,,0.21034818000043742,30.21458359999815,,0.030408197002543602,1.0295594739945955,31.778354221998597,19.211729306423504,False,planner_feasible,,True,834,417,0,417,True,0.0171243711877889,0.0005505287459746772,"All measured work including 30 s checkpoint experiment and validation; selected path is the verified 10 s incumbent, not a 10 s return-time guarantee.",,,,,,,,,,,,,,,,,,,,,,,,,,,,,,,,,,,,,,,,,,,,,,,,User_Requested_Stop,10.0,3
5d9aac3d7faa587a77b4ef01338725dc9ae7ca13f0a04df57de39f2cb095a9ac,ur5e_cylinder_p0_u,ur5e_cylinder_p0,ur5e,cylinder,0,u,B1,2,True,True,,,0.21014425499743083,30.185471677999885,,0.030587280001782347,1.0335204689981765,31.751152542005002,19.211729306423504,False,planner_feasible,,True,834,417,0,417,True,0.0171243711877889,0.0005505287459746772,"All measured work including 30 s checkpoint experiment and validation; selected path is the verified 10 s incumbent, not a 10 s return-time guarantee.",,,,,,,,,,,,,,,,,,,,,,,,,,,,,,,,,,,,,,,,,,,,,,,,User_Requested_Stop,10.0,3
5d9aac3d7faa587a77b4ef01338725dc9ae7ca13f0a04df57de39f2cb095a9ac,ur5e_cylinder_p0_u,ur5e_cylinder_p0,ur5e,cylinder,0,u,B2,0,True,True,True,True,31.773088233996532,,31.672447406002902,0.030557034006051254,1.0256255459971726,65.02677887099708,19.211729306423504,True,planner_feasible,,,,,,,True,0.0171243711877889,,"All measured work including 30 s checkpoint experiment and validation; selected path is the verified 10 s incumbent, not a 10 s return-time guarantee.",19.41100000000074,19.41100000000074,3.436687040004472,0.999999999999979,0.999999999999979,0.0,0.0009572814963319985,0,0.8023714568250467,0.9892565054478042,0.0001605367945372027,0.0,0.28345844493351796,0.0,0.0,13.667,5.545,0.2,0.005,0.001,0.9172946057320277,21.14031157972353,conservative_3d_component_bounding_box_diagonal,0.15011201041469863,0.15024047848357847,0.14954380433414918,0.0004246178705827659,0.0006437462438376182,2.254403808159372e-16,0.0005382520006830368,0.0009823615072582575,1.4901161193847656e-08,0.0001826509657509556,0.00023321767497133073,0.0,0.0,0.0003953164040882834,0.0004561956658508115,0.03083956795361071,0.05628516832200834,0.0006437462438376182,0.013362388483711064,2735,2736,0.0001169732662633871,0.017124435639808394,execution.h5 and actual scan timestamps; no new solve or simulation,User_Requested_Stop,10.0,3
5d9aac3d7faa587a77b4ef01338725dc9ae7ca13f0a04df57de39f2cb095a9ac,ur5e_cylinder_p0_u,ur5e_cylinder_p0,ur5e,cylinder,0,u,B2,1,True,True,,,31.773088233996532,,32.03479815500032,0.030946571001550183,1.0565164729996468,65.41614248299447,19.211729306423504,False,planner_feasible,,,,,,,True,0.0171243711877889,,"All measured work including 30 s checkpoint experiment and validation; selected path is the verified 10 s incumbent, not a 10 s return-time guarantee.",,,,,,,,,,,,,,,,,,,,,,,,,,,,,,,,,,,,,,,,,,,,,,,,User_Requested_Stop,10.0,3
5d9aac3d7faa587a77b4ef01338725dc9ae7ca13f0a04df57de39f2cb095a9ac,ur5e_cylinder_p0_u,ur5e_cylinder_p0,ur5e,cylinder,0,u,B2,2,True,True,,,31.773088233996532,,31.863363561998995,0.03063639200263424,1.034927485998196,65.22747849299776,19.211729306423504,False,planner_feasible,,,,,,,True,0.0171243711877889,,"All measured work including 30 s checkpoint experiment and validation; selected path is the verified 10 s incumbent, not a 10 s return-time guarantee.",,,,,,,,,,,,,,,,,,,,,,,,,,,,,,,,,,,,,,,,,,,,,,,,User_Requested_Stop,10.0,3
5d9aac3d7faa587a77b4ef01338725dc9ae7ca13f0a04df57de39f2cb095a9ac,ur5e_cylinder_p0_u,ur5e_cylinder_p0,ur5e,cylinder,0,u,B3,0,False,False,,,,,,,,,,False,not_evaluable,Official example ran; upstream seven-joint IIWA state packing and decoupled Cartesian error box are not yet verified against Panda/UR5e scanner-ray constraints. No surrogate MPC substituted.,,,,,,,,,,,,,,,,,,,,,,,,,,,,,,,,,,,,,,,,,,,,,,,,,,,,,,,,,,,
5d9aac3d7faa587a77b4ef01338725dc9ae7ca13f0a04df57de39f2cb095a9ac,ur5e_cylinder_p0_u,ur5e_cylinder_p0,ur5e,cylinder,0,u,B3,1,False,False,,,,,,,,,,False,not_evaluable,Official example ran; upstream seven-joint IIWA state packing and decoupled Cartesian error box are not yet verified against Panda/UR5e scanner-ray constraints. No surrogate MPC substituted.,,,,,,,,,,,,,,,,,,,,,,,,,,,,,,,,,,,,,,,,,,,,,,,,,,,,,,,,,,,
5d9aac3d7faa587a77b4ef01338725dc9ae7ca13f0a04df57de39f2cb095a9ac,ur5e_cylinder_p0_u,ur5e_cylinder_p0,ur5e,cylinder,0,u,B3,2,False,False,,,,,,,,,,False,not_evaluable,Official example ran; upstream seven-joint IIWA state packing and decoupled Cartesian error box are not yet verified against Panda/UR5e scanner-ray constraints. No surrogate MPC substituted.,,,,,,,,,,,,,,,,,,,,,,,,,,,,,,,,,,,,,,,,,,,,,,,,,,,,,,,,,,,
5d9aac3d7faa587a77b4ef01338725dc9ae7ca13f0a04df57de39f2cb095a9ac,ur5e_cylinder_p0_u,ur5e_cylinder_p0,ur5e,cylinder,0,u,G,0,True,True,True,True,0.20820191399980104,30.22418661499978,,0.03055686799780233,1.0345608589996118,31.78863106099743,19.211729306423504,True,planner_feasible,,True,834,417,0,417,True,0.0171243711877889,0.0005505287459746772,"All measured work including 30 s checkpoint experiment and validation; selected path is the verified 10 s incumbent, not a 10 s return-time guarantee.",19.41100000000074,19.41100000000074,3.480151677002141,0.999999999999979,0.999999999999979,0.0,0.0009572814963319985,0,0.8023714568250467,0.9892565054478042,0.0001605367945372027,0.0,0.28345844493351796,0.0,0.0,13.667,5.545,0.2,0.005,0.001,0.9172946057320277,21.14031157972353,conservative_3d_component_bounding_box_diagonal,0.15011201041469863,0.15024047848357847,0.14954380433414918,0.0004246178705827659,0.0006437462438376182,2.254403808159372e-16,0.0005382520006830368,0.0009823615072582575,1.4901161193847656e-08,0.0001826509657509556,0.00023321767497133073,0.0,0.0,0.0003953164040882834,0.0004561956658508115,0.03083956795361071,0.05628516832200834,0.0006437462438376182,0.013362388483711064,2735,2736,0.0001169732662633871,0.017124435639808394,execution.h5 and actual scan timestamps; no new solve or simulation,User_Requested_Stop,10.0,3
5d9aac3d7faa587a77b4ef01338725dc9ae7ca13f0a04df57de39f2cb095a9ac,ur5e_cylinder_p0_u,ur5e_cylinder_p0,ur5e,cylinder,0,u,G,1,True,True,,,0.20792509199964115,30.249587607999274,,0.030542545995558612,1.0282378170013544,31.809212979998847,19.211729306423504,False,planner_feasible,,True,834,417,0,417,True,0.0171243711877889,0.0005505287459746772,"All measured work including 30 s checkpoint experiment and validation; selected path is the verified 10 s incumbent, not a 10 s return-time guarantee.",,,,,,,,,,,,,,,,,,,,,,,,,,,,,,,,,,,,,,,,,,,,,,,,User_Requested_Stop,10.0,3
5d9aac3d7faa587a77b4ef01338725dc9ae7ca13f0a04df57de39f2cb095a9ac,ur5e_cylinder_p0_u,ur5e_cylinder_p0,ur5e,cylinder,0,u,G,2,True,True,,,0.208287877998373,30.191055408002285,,0.03038512700004503,1.0302390399956494,31.749802415994054,19.211729306423504,False,planner_feasible,,True,834,417,0,417,True,0.0171243711877889,0.0005505287459746772,"All measured work including 30 s checkpoint experiment and validation; selected path is the verified 10 s incumbent, not a 10 s return-time guarantee.",,,,,,,,,,,,,,,,,,,,,,,,,,,,,,,,,,,,,,,,,,,,,,,,User_Requested_Stop,10.0,3
b181f4aea3dacadfb66671a2eea89b411650ea76f729a02a7b8c5f249579c5f5,ur5e_cylinder_p0_v,ur5e_cylinder_p0,ur5e,cylinder,0,v,B0,0,True,True,True,True,0.2576281889996608,,,0.029937683000753168,1.0231846170063363,1.3712934850045713,18.94182099720625,True,planner_feasible,,True,1082,421,0,421,True,0.01712528297296261,0.0003041177521403926,"All measured work including 30 s checkpoint experiment and validation; selected path is the verified 10 s incumbent, not a 10 s return-time guarantee.",19.14100000000041,19.14100000000041,3.2545480379994842,0.999999999999979,0.999999999999979,0.0,0.0009192768136957659,0,0.4530997058549071,0.9762597774505066,0.00010915140948219992,0.0,0.27042682238448873,0.0,0.0,12.01,6.932,0.2,0.005,0.001,0.7347228815900341,32.069400983689825,conservative_3d_component_bounding_box_diagonal,0.15003191648453879,0.15009280141582174,0.1499649278277878,0.0001217270520193145,0.00018674888125964242,1.9784669540293647e-16,0.0002976598424675067,0.00043904981663839916,0.0,4.862342874294911e-05,7.467264630025385e-05,0.0,0.0,3.366411966684718e-05,9.280141582174162e-05,0.01705465270391708,0.02515570148937294,0.00018674888125964242,0.004278427478077727,2403,2404,8.184777900743789e-05,0.017125227458648605,execution.h5 and actual scan timestamps; no new solve or simulation,,,
b181f4aea3dacadfb66671a2eea89b411650ea76f729a02a7b8c5f249579c5f5,ur5e_cylinder_p0_v,ur5e_cylinder_p0,ur5e,cylinder,0,v,B0,1,True,True,,,0.2592321970005287,,,0.03023719700286165,1.0247411620002822,1.375058217003243,18.94182099720625,False,planner_feasible,,True,1082,421,0,421,True,0.01712528297296261,0.0003041177521403926,"All measured work including 30 s checkpoint experiment and validation; selected path is the verified 10 s incumbent, not a 10 s return-time guarantee.",,,,,,,,,,,,,,,,,,,,,,,,,,,,,,,,,,,,,,,,,,,,,,,,,,
b181f4aea3dacadfb66671a2eea89b411650ea76f729a02a7b8c5f249579c5f5,ur5e_cylinder_p0_v,ur5e_cylinder_p0,ur5e,cylinder,0,v,B0,2,True,True,,,0.26125322400184814,,,0.030039858000236563,1.0250353770024958,1.3769041479972657,18.94182099720625,False,planner_feasible,,True,1082,421,0,421,True,0.01712528297296261,0.0003041177521403926,"All measured work including 30 s checkpoint experiment and validation; selected path is the verified 10 s incumbent, not a 10 s return-time guarantee.",,,,,,,,,,,,,,,,,,,,,,,,,,,,,,,,,,,,,,,,,,,,,,,,,,
b181f4aea3dacadfb66671a2eea89b411650ea76f729a02a7b8c5f249579c5f5,ur5e_cylinder_p0_v,ur5e_cylinder_p0,ur5e,cylinder,0,v,B1,0,True,True,True,True,0.2276547150031547,31.14825658599875,,0.029914658996858634,1.0259033230031491,32.72701172000234,18.972529789993924,True,planner_feasible,,True,842,421,0,421,True,0.017125284348410142,0.00032000764587091727,"All measured work including 30 s checkpoint experiment and validation; selected path is the verified 10 s incumbent, not a 10 s return-time guarantee.",19.17200000000045,19.17200000000045,3.27079825400142,0.999999999999979,0.999999999999979,0.0,0.0009194856458322243,0,0.4522036995472904,0.9760300851522045,0.0001323157210159076,0.0,0.27019998406940293,0.0,0.0,12.034,6.939,0.2,0.005,0.001,0.7324795812787551,32.01129682553883,conservative_3d_component_bounding_box_diagonal,0.15004647212444067,0.1501059043374054,0.14995844899539734,0.00012627301335504219,0.00020436306702428908,1.9784669540293647e-16,0.0002964237370303117,0.0004618383653572706,0.0,5.075236733507351e-05,8.434977058329212e-05,0.0,0.0,4.647212444066627e-05,0.00010590433740539917,0.016983829079332637,0.026461389152192535,0.00020436306702428908,0.0048328858573193825,2408,2409,8.303697061862181e-05,0.017125249396410823,execution.h5 and actual scan timestamps; no new solve or simulation,User_Requested_Stop,10.0,3
b181f4aea3dacadfb66671a2eea89b411650ea76f729a02a7b8c5f249579c5f5,ur5e_cylinder_p0_v,ur5e_cylinder_p0,ur5e,cylinder,0,v,B1,1,True,True,,,0.21051441500458168,31.289700258996163,,0.030563995998818427,1.0263699600036489,32.86523796199617,18.972529789993924,False,planner_feasible,,True,842,421,0,421,True,0.017125284348410142,0.00032000764587091727,"All measured work including 30 s checkpoint experiment and validation; selected path is the verified 10 s incumbent, not a 10 s return-time guarantee.",,,,,,,,,,,,,,,,,,,,,,,,,,,,,,,,,,,,,,,,,,,,,,,,User_Requested_Stop,10.0,3
b181f4aea3dacadfb66671a2eea89b411650ea76f729a02a7b8c5f249579c5f5,ur5e_cylinder_p0_v,ur5e_cylinder_p0,ur5e,cylinder,0,v,B1,2,True,True,,,0.2098158759981743,31.168958528003714,,0.029995834003784694,1.025427751999814,32.73123831200064,18.972529789993924,False,planner_feasible,,True,842,421,0,421,True,0.017125284348410142,0.00032000764587091727,"All measured work including 30 s checkpoint experiment and validation; selected path is the verified 10 s incumbent, not a 10 s return-time guarantee.",,,,,,,,,,,,,,,,,,,,,,,,,,,,,,,,,,,,,,,,,,,,,,,,User_Requested_Stop,10.0,3
b181f4aea3dacadfb66671a2eea89b411650ea76f729a02a7b8c5f249579c5f5,ur5e_cylinder_p0_v,ur5e_cylinder_p0,ur5e,cylinder,0,v,B2,0,True,True,True,True,32.72701172000234,,30.038515328997164,0.029899077999289148,1.0231507860007696,64.31611417399836,18.972529789993924,True,planner_feasible,,,,,,,True,0.017125284348410142,,"All measured work including 30 s checkpoint experiment and validation; selected path is the verified 10 s incumbent, not a 10 s return-time guarantee.",19.17200000000045,19.17200000000045,3.268949549004901,0.999999999999979,0.999999999999979,0.0,0.0009194856458322243,0,0.4522036995472904,0.9760300851522045,0.0001323157210159076,0.0,0.27019998406940293,0.0,0.0,12.034,6.939,0.2,0.005,0.001,0.7324795812787551,32.01129682553883,conservative_3d_component_bounding_box_diagonal,0.15004647212444067,0.1501059043374054,0.14995844899539734,0.00012627301335504219,0.00020436306702428908,1.9784669540293647e-16,0.0002964237370303117,0.0004618383653572706,0.0,5.075236733507351e-05,8.434977058329212e-05,0.0,0.0,4.647212444066627e-05,0.00010590433740539917,0.016983829079332637,0.026461389152192535,0.00020436306702428908,0.0048328858573193825,2408,2409,8.303697061862181e-05,0.017125249396410823,execution.h5 and actual scan timestamps; no new solve or simulation,User_Requested_Stop,10.0,3
b181f4aea3dacadfb66671a2eea89b411650ea76f729a02a7b8c5f249579c5f5,ur5e_cylinder_p0_v,ur5e_cylinder_p0,ur5e,cylinder,0,v,B2,1,True,True,,,32.72701172000234,,30.241366613001446,0.030228822004573885,1.0192722960055107,64.5265603900043,18.972529789993924,False,planner_feasible,,,,,,,True,0.017125284348410142,,"All measured work including 30 s checkpoint experiment and validation; selected path is the verified 10 s incumbent, not a 10 s return-time guarantee.",,,,,,,,,,,,,,,,,,,,,,,,,,,,,,,,,,,,,,,,,,,,,,,,User_Requested_Stop,10.0,3
b181f4aea3dacadfb66671a2eea89b411650ea76f729a02a7b8c5f249579c5f5,ur5e_cylinder_p0_v,ur5e_cylinder_p0,ur5e,cylinder,0,v,B2,2,True,True,,,32.72701172000234,,30.338860101001046,0.030056138995860238,1.031732015995658,64.62989658900187,18.972529789993924,False,planner_feasible,,,,,,,True,0.017125284348410142,,"All measured work including 30 s checkpoint experiment and validation; selected path is the verified 10 s incumbent, not a 10 s return-time guarantee.",,,,,,,,,,,,,,,,,,,,,,,,,,,,,,,,,,,,,,,,,,,,,,,,User_Requested_Stop,10.0,3
b181f4aea3dacadfb66671a2eea89b411650ea76f729a02a7b8c5f249579c5f5,ur5e_cylinder_p0_v,ur5e_cylinder_p0,ur5e,cylinder,0,v,B3,0,False,False,,,,,,,,,,False,not_evaluable,Official example ran; upstream seven-joint IIWA state packing and decoupled Cartesian error box are not yet verified against Panda/UR5e scanner-ray constraints. No surrogate MPC substituted.,,,,,,,,,,,,,,,,,,,,,,,,,,,,,,,,,,,,,,,,,,,,,,,,,,,,,,,,,,,
b181f4aea3dacadfb66671a2eea89b411650ea76f729a02a7b8c5f249579c5f5,ur5e_cylinder_p0_v,ur5e_cylinder_p0,ur5e,cylinder,0,v,B3,1,False,False,,,,,,,,,,False,not_evaluable,Official example ran; upstream seven-joint IIWA state packing and decoupled Cartesian error box are not yet verified against Panda/UR5e scanner-ray constraints. No surrogate MPC substituted.,,,,,,,,,,,,,,,,,,,,,,,,,,,,,,,,,,,,,,,,,,,,,,,,,,,,,,,,,,,
b181f4aea3dacadfb66671a2eea89b411650ea76f729a02a7b8c5f249579c5f5,ur5e_cylinder_p0_v,ur5e_cylinder_p0,ur5e,cylinder,0,v,B3,2,False,False,,,,,,,,,,False,not_evaluable,Official example ran; upstream seven-joint IIWA state packing and decoupled Cartesian error box are not yet verified against Panda/UR5e scanner-ray constraints. No surrogate MPC substituted.,,,,,,,,,,,,,,,,,,,,,,,,,,,,,,,,,,,,,,,,,,,,,,,,,,,,,,,,,,,
b181f4aea3dacadfb66671a2eea89b411650ea76f729a02a7b8c5f249579c5f5,ur5e_cylinder_p0_v,ur5e_cylinder_p0,ur5e,cylinder,0,v,G,0,True,True,True,True,0.20999748599570012,31.183155368998996,,0.02997757199773332,1.022131937002996,32.74195874099678,18.972529789993924,True,planner_feasible,,True,842,421,0,421,True,0.017125284348410142,0.00032000764587091727,"All measured work including 30 s checkpoint experiment and validation; selected path is the verified 10 s incumbent, not a 10 s return-time guarantee.",19.17200000000045,19.17200000000045,3.281942934001563,0.999999999999979,0.999999999999979,0.0,0.0009194856458322243,0,0.4522036995472904,0.9760300851522045,0.0001323157210159076,0.0,0.27019998406940293,0.0,0.0,12.034,6.939,0.2,0.005,0.001,0.7324795812787551,32.01129682553883,conservative_3d_component_bounding_box_diagonal,0.15004647212444067,0.1501059043374054,0.14995844899539734,0.00012627301335504219,0.00020436306702428908,1.9784669540293647e-16,0.0002964237370303117,0.0004618383653572706,0.0,5.075236733507351e-05,8.434977058329212e-05,0.0,0.0,4.647212444066627e-05,0.00010590433740539917,0.016983829079332637,0.026461389152192535,0.00020436306702428908,0.0048328858573193825,2408,2409,8.303697061862181e-05,0.017125249396410823,execution.h5 and actual scan timestamps; no new solve or simulation,User_Requested_Stop,10.0,3
b181f4aea3dacadfb66671a2eea89b411650ea76f729a02a7b8c5f249579c5f5,ur5e_cylinder_p0_v,ur5e_cylinder_p0,ur5e,cylinder,0,v,G,1,True,True,,,0.2108201429946348,31.327089241996873,,0.029924649999884423,1.0291368510006578,32.89741298300214,18.972529789993924,False,planner_feasible,,True,842,421,0,421,True,0.017125284348410142,0.00032000764587091727,"All measured work including 30 s checkpoint experiment and validation; selected path is the verified 10 s incumbent, not a 10 s return-time guarantee.",,,,,,,,,,,,,,,,,,,,,,,,,,,,,,,,,,,,,,,,,,,,,,,,User_Requested_Stop,10.0,3
b181f4aea3dacadfb66671a2eea89b411650ea76f729a02a7b8c5f249579c5f5,ur5e_cylinder_p0_v,ur5e_cylinder_p0,ur5e,cylinder,0,v,G,2,True,True,,,0.2108533639984671,31.36353165199398,,0.03059864699753234,1.0392118519957876,32.94198182800028,18.972529789993924,False,planner_feasible,,True,842,421,0,421,True,0.017125284348410142,0.00032000764587091727,"All measured work including 30 s checkpoint experiment and validation; selected path is the verified 10 s incumbent, not a 10 s return-time guarantee.",,,,,,,,,,,,,,,,,,,,,,,,,,,,,,,,,,,,,,,,,,,,,,,,User_Requested_Stop,10.0,3
78356a8fe9f1e85ce2b8185467eefe91275f3763ead11629ba2fd1962fc65f9a,ur5e_cylinder_p1_u,ur5e_cylinder_p1,ur5e,cylinder,1,u,B0,0,True,True,False,False,0.36453057100152364,,,0.03058351700019557,1.0232532379959594,1.479526941999211,19.638584486802145,True,planner_feasible,,True,1624,417,0,417,True,0.017125258776502117,0.000772372298957652,"All measured work including 30 s checkpoint experiment and validation; selected path is the verified 10 s incumbent, not a 10 s return-time guarantee.",,19.838000000001262,3.481419409996306,0.999999999999979,0.999999999999979,0.0,0.0009571322821598649,0,0.8988714784133076,1.0166396068717416,0.00014721368357628606,0.0,0.3050260177087444,0.0,0.008,13.772,5.867,0.2,0.005,0.001,0.9311058713356343,22.185072532014793,conservative_3d_component_bounding_box_diagonal,0.15044632096827187,0.15060700729580564,0.14953705243146542,0.0005647641003364614,0.0009108735629348275,1.086108692045682e-16,0.0005341493200297822,0.0008271994510985092,1.4901161193847656e-08,8.864593629042544e-05,0.0001517114665312028,0.0,0.0,0.000455553311336751,0.0006070072958056505,0.03060450166748925,0.047395037363482904,0.0009108735629348275,0.008692426735978163,2753,2754,0.00011900878721166629,0.017125276705923898,execution.h5 and actual scan timestamps; no new solve or simulation,,,
78356a8fe9f1e85ce2b8185467eefe91275f3763ead11629ba2fd1962fc65f9a,ur5e_cylinder_p1_u,ur5e_cylinder_p1,ur5e,cylinder,1,u,B0,1,True,True,,,0.3681841759971576,,,0.030525061003572773,1.0369524210036616,1.4970113290037261,19.638584486802145,False,planner_feasible,,True,1624,417,0,417,True,0.017125258776502117,0.000772372298957652,"All measured work including 30 s checkpoint experiment and validation; selected path is the verified 10 s incumbent, not a 10 s return-time guarantee.",,,,,,,,,,,,,,,,,,,,,,,,,,,,,,,,,,,,,,,,,,,,,,,,,,
78356a8fe9f1e85ce2b8185467eefe91275f3763ead11629ba2fd1962fc65f9a,ur5e_cylinder_p1_u,ur5e_cylinder_p1,ur5e,cylinder,1,u,B0,2,True,True,,,0.3687349599931622,,,0.03072345400141785,1.0241518640032155,1.4850245819980046,19.638584486802145,False,planner_feasible,,True,1624,417,0,417,True,0.017125258776502117,0.000772372298957652,"All measured work including 30 s checkpoint experiment and validation; selected path is the verified 10 s incumbent, not a 10 s return-time guarantee.",,,,,,,,,,,,,,,,,,,,,,,,,,,,,,,,,,,,,,,,,,,,,,,,,,
78356a8fe9f1e85ce2b8185467eefe91275f3763ead11629ba2fd1962fc65f9a,ur5e_cylinder_p1_u,ur5e_cylinder_p1,ur5e,cylinder,1,u,B1,0,True,True,True,True,0.20902979699894786,30.83181008700194,,0.030642502002592664,1.0415011680015596,32.404500594995625,19.65212055751888,True,planner_feasible,,True,834,417,0,417,True,0.01712523283439497,0.0008295786828307092,"All measured work including 30 s checkpoint experiment and validation; selected path is the verified 10 s incumbent, not a 10 s return-time guarantee.",19.85200000000128,19.85200000000128,3.502829388999089,0.999999999999979,0.999999999999979,0.0,0.0009561420717305416,0,0.8968757455583503,0.9978281331486509,0.00017765099832978137,0.0,0.30476887822662796,0.0,0.0,13.753,5.9,0.2,0.005,0.001,0.9305409817356192,22.537394312948823,conservative_3d_component_bounding_box_diagonal,0.15024940815012458,0.1505132533269971,0.1493580915597371,0.0005408064490878894,0.0009067785608691319,1.086108692045682e-16,0.0005393484329595877,0.0009284823046656647,1.4901161193847656e-08,0.00018380686527682557,0.00022827279973276166,0.0,0.0,0.0004995951315926173,0.0006419084402629061,0.030902388895579,0.053198117409922446,0.0009067785608691319,0.01307906800232231,2750,2751,0.00012074500389586129,0.01712490274255376,execution.h5 and actual scan timestamps; no new solve or simulation,User_Requested_Stop,10.0,3
78356a8fe9f1e85ce2b8185467eefe91275f3763ead11629ba2fd1962fc65f9a,ur5e_cylinder_p1_u,ur5e_cylinder_p1,ur5e,cylinder,1,u,B1,1,True,True,,,0.2090854380003293,31.07786466900143,,0.03056606400059536,1.0439070030042785,32.65166548200068,19.65212055751888,False,planner_feasible,,True,834,417,0,417,True,0.01712523283439497,0.0008295786828307092,"All measured work including 30 s checkpoint experiment and validation; selected path is the verified 10 s incumbent, not a 10 s return-time guarantee.",,,,,,,,,,,,,,,,,,,,,,,,,,,,,,,,,,,,,,,,,,,,,,,,User_Requested_Stop,10.0,3
78356a8fe9f1e85ce2b8185467eefe91275f3763ead11629ba2fd1962fc65f9a,ur5e_cylinder_p1_u,ur5e_cylinder_p1,ur5e,cylinder,1,u,B1,2,True,True,,,0.20902928199939197,30.72231687099702,,0.030434097003308125,1.0367855959993904,32.288200579998374,19.65212055751888,False,planner_feasible,,True,834,417,0,417,True,0.01712523283439497,0.0008295786828307092,"All measured work including 30 s checkpoint experiment and validation; selected path is the verified 10 s incumbent, not a 10 s return-time guarantee.",,,,,,,,,,,,,,,,,,,,,,,,,,,,,,,,,,,,,,,,,,,,,,,,User_Requested_Stop,10.0,3
78356a8fe9f1e85ce2b8185467eefe91275f3763ead11629ba2fd1962fc65f9a,ur5e_cylinder_p1_u,ur5e_cylinder_p1,ur5e,cylinder,1,u,B2,0,True,True,True,True,32.404500594995625,,33.65843286499876,0.030599006000556983,1.0263106229976984,67.63699015699967,19.65212055751888,True,planner_feasible,,,,,,,True,0.01712523283439497,,"All measured work including 30 s checkpoint experiment and validation; selected path is the verified 10 s incumbent, not a 10 s return-time guarantee.",19.85200000000128,19.85200000000128,3.510600098001305,0.999999999999979,0.999999999999979,0.0,0.0009561420717305416,0,0.8968757455583503,0.9978281331486509,0.00017765099832978137,0.0,0.30476887822662796,0.0,0.0,13.753,5.9,0.2,0.005,0.001,0.9305409817356192,22.537394312948823,conservative_3d_component_bounding_box_diagonal,0.15024940815012458,0.1505132533269971,0.1493580915597371,0.0005408064490878894,0.0009067785608691319,1.086108692045682e-16,0.0005393484329595877,0.0009284823046656647,1.4901161193847656e-08,0.00018380686527682557,0.00022827279973276166,0.0,0.0,0.0004995951315926173,0.0006419084402629061,0.030902388895579,0.053198117409922446,0.0009067785608691319,0.01307906800232231,2750,2751,0.00012074500389586129,0.01712490274255376,execution.h5 and actual scan timestamps; no new solve or simulation,Maximum_WallTime_Exceeded,10.0,3
78356a8fe9f1e85ce2b8185467eefe91275f3763ead11629ba2fd1962fc65f9a,ur5e_cylinder_p1_u,ur5e_cylinder_p1,ur5e,cylinder,1,u,B2,1,True,True,,,32.404500594995625,,33.68946280900127,0.030537090999132488,1.0311992580027436,67.67642461200012,19.65212055751888,False,planner_feasible,,,,,,,True,0.01712523283439497,,"All measured work including 30 s checkpoint experiment and validation; selected path is the verified 10 s incumbent, not a 10 s return-time guarantee.",,,,,,,,,,,,,,,,,,,,,,,,,,,,,,,,,,,,,,,,,,,,,,,,Maximum_WallTime_Exceeded,10.0,3
78356a8fe9f1e85ce2b8185467eefe91275f3763ead11629ba2fd1962fc65f9a,ur5e_cylinder_p1_u,ur5e_cylinder_p1,ur5e,cylinder,1,u,B2,2,True,True,,,32.404500594995625,,30.033603201001824,0.03069829999731155,1.0388529929987271,64.03262903900031,19.65212055751888,False,planner_feasible,,,,,,,True,0.01712523283439497,,"All measured work including 30 s checkpoint experiment and validation; selected path is the verified 10 s incumbent, not a 10 s return-time guarantee.",,,,,,,,,,,,,,,,,,,,,,,,,,,,,,,,,,,,,,,,,,,,,,,,User_Requested_Stop,10.0,3
78356a8fe9f1e85ce2b8185467eefe91275f3763ead11629ba2fd1962fc65f9a,ur5e_cylinder_p1_u,ur5e_cylinder_p1,ur5e,cylinder,1,u,B3,0,False,False,,,,,,,,,,False,not_evaluable,Official example ran; upstream seven-joint IIWA state packing and decoupled Cartesian error box are not yet verified against Panda/UR5e scanner-ray constraints. No surrogate MPC substituted.,,,,,,,,,,,,,,,,,,,,,,,,,,,,,,,,,,,,,,,,,,,,,,,,,,,,,,,,,,,
78356a8fe9f1e85ce2b8185467eefe91275f3763ead11629ba2fd1962fc65f9a,ur5e_cylinder_p1_u,ur5e_cylinder_p1,ur5e,cylinder,1,u,B3,1,False,False,,,,,,,,,,False,not_evaluable,Official example ran; upstream seven-joint IIWA state packing and decoupled Cartesian error box are not yet verified against Panda/UR5e scanner-ray constraints. No surrogate MPC substituted.,,,,,,,,,,,,,,,,,,,,,,,,,,,,,,,,,,,,,,,,,,,,,,,,,,,,,,,,,,,
78356a8fe9f1e85ce2b8185467eefe91275f3763ead11629ba2fd1962fc65f9a,ur5e_cylinder_p1_u,ur5e_cylinder_p1,ur5e,cylinder,1,u,B3,2,False,False,,,,,,,,,,False,not_evaluable,Official example ran; upstream seven-joint IIWA state packing and decoupled Cartesian error box are not yet verified against Panda/UR5e scanner-ray constraints. No surrogate MPC substituted.,,,,,,,,,,,,,,,,,,,,,,,,,,,,,,,,,,,,,,,,,,,,,,,,,,,,,,,,,,,
78356a8fe9f1e85ce2b8185467eefe91275f3763ead11629ba2fd1962fc65f9a,ur5e_cylinder_p1_u,ur5e_cylinder_p1,ur5e,cylinder,1,u,G,0,True,True,True,True,0.20993389999784995,30.70321409499593,,0.030626585998106748,1.024525344997528,32.26179379799578,19.65212055751888,True,planner_feasible,,True,834,417,0,417,True,0.01712523283439497,0.0008295786828307092,"All measured work including 30 s checkpoint experiment and validation; selected path is the verified 10 s incumbent, not a 10 s return-time guarantee.",19.85200000000128,19.85200000000128,3.4993920029955916,0.999999999999979,0.999999999999979,0.0,0.0009561420717305416,0,0.8968757455583503,0.9978281331486509,0.00017765099832978137,0.0,0.30476887822662796,0.0,0.0,13.753,5.9,0.2,0.005,0.001,0.9305409817356192,22.537394312948823,conservative_3d_component_bounding_box_diagonal,0.15024940815012458,0.1505132533269971,0.1493580915597371,0.0005408064490878894,0.0009067785608691319,1.086108692045682e-16,0.0005393484329595877,0.0009284823046656647,1.4901161193847656e-08,0.00018380686527682557,0.00022827279973276166,0.0,0.0,0.0004995951315926173,0.0006419084402629061,0.030902388895579,0.053198117409922446,0.0009067785608691319,0.01307906800232231,2750,2751,0.00012074500389586129,0.01712490274255376,execution.h5 and actual scan timestamps; no new solve or simulation,User_Requested_Stop,10.0,3
78356a8fe9f1e85ce2b8185467eefe91275f3763ead11629ba2fd1962fc65f9a,ur5e_cylinder_p1_u,ur5e_cylinder_p1,ur5e,cylinder,1,u,G,1,True,True,,,0.20916248400317272,30.637977503000002,,0.030721593997441232,1.025683817002573,32.19532026100205,19.65212055751888,False,planner_feasible,,True,834,417,0,417,True,0.01712523283439497,0.0008295786828307092,"All measured work including 30 s checkpoint experiment and validation; selected path is the verified 10 s incumbent, not a 10 s return-time guarantee.",,,,,,,,,,,,,,,,,,,,,,,,,,,,,,,,,,,,,,,,,,,,,,,,User_Requested_Stop,10.0,3
78356a8fe9f1e85ce2b8185467eefe91275f3763ead11629ba2fd1962fc65f9a,ur5e_cylinder_p1_u,ur5e_cylinder_p1,ur5e,cylinder,1,u,G,2,True,True,,,0.20937105299526593,30.649801452003885,,0.03040168800362153,1.0177016589950654,32.19995039400237,19.65212055751888,False,planner_feasible,,True,834,417,0,417,True,0.01712523283439497,0.0008295786828307092,"All measured work including 30 s checkpoint experiment and validation; selected path is the verified 10 s incumbent, not a 10 s return-time guarantee.",,,,,,,,,,,,,,,,,,,,,,,,,,,,,,,,,,,,,,,,,,,,,,,,User_Requested_Stop,10.0,3
2d20f99cf6c82aa207e523443bbea9c8b2f83a71121fed63556e715ac9a2a97f,ur5e_cylinder_p1_v,ur5e_cylinder_p1,ur5e,cylinder,1,v,B0,0,True,True,True,True,0.25568996900256025,,,0.030284970998764038,1.0326106150023406,1.379028837000078,18.937460293204428,True,planner_feasible,,True,1072,421,0,421,True,0.017130398129213822,0.0003257507297569469,"All measured work including 30 s checkpoint experiment and validation; selected path is the verified 10 s incumbent, not a 10 s return-time guarantee.",19.137000000000405,19.137000000000405,3.249453493001056,0.999999999999979,0.999999999999979,0.0,0.0009250025299668824,0,0.3772543658397474,0.9717610728073689,0.00010572256371288447,0.0,0.29170678624540564,0.0,0.0,11.841000000000001,7.097,0.2,0.005,0.001,0.7336599962516446,34.31490370251823,conservative_3d_component_bounding_box_diagonal,0.15001470246452445,0.15002407247024852,0.14998020912833543,0.00012117896347251374,0.00018846665920154037,1.0591761858187545e-16,0.0002960394826319398,0.00044577753755816124,2.580956827951785e-08,4.515561828246296e-05,6.271408749591697e-05,0.0,0.0,1.7320203402823586e-05,2.407247024852066e-05,0.016961812924046585,0.02554117150381718,0.00018846665920154037,0.003593252529530212,2367,2367,8.625803568242937e-05,0.017130419831950513,execution.h5 and actual scan timestamps; no new solve or simulation,,,
2d20f99cf6c82aa207e523443bbea9c8b2f83a71121fed63556e715ac9a2a97f,ur5e_cylinder_p1_v,ur5e_cylinder_p1,ur5e,cylinder,1,v,B0,1,True,True,,,0.2557289420001325,,,0.03091346099972725,1.0374238789954688,1.384942532000423,18.937460293204428,False,planner_feasible,,True,1072,421,0,421,True,0.017130398129213822,0.0003257507297569469,"All measured work including 30 s checkpoint experiment and validation; selected path is the verified 10 s incumbent, not a 10 s return-time guarantee.",,,,,,,,,,,,,,,,,,,,,,,,,,,,,,,,,,,,,,,,,,,,,,,,,,
2d20f99cf6c82aa207e523443bbea9c8b2f83a71121fed63556e715ac9a2a97f,ur5e_cylinder_p1_v,ur5e_cylinder_p1,ur5e,cylinder,1,v,B0,2,True,True,,,0.25588860100106103,,,0.030080758995609358,1.0258607619980467,1.3720300720015075,18.937460293204428,False,planner_feasible,,True,1072,421,0,421,True,0.017130398129213822,0.0003257507297569469,"All measured work including 30 s checkpoint experiment and validation; selected path is the verified 10 s incumbent, not a 10 s return-time guarantee.",,,,,,,,,,,,,,,,,,,,,,,,,,,,,,,,,,,,,,,,,,,,,,,,,,
2d20f99cf6c82aa207e523443bbea9c8b2f83a71121fed63556e715ac9a2a97f,ur5e_cylinder_p1_v,ur5e_cylinder_p1,ur5e,cylinder,1,v,B1,0,True,True,True,True,0.21097359799750848,31.608969077002257,,0.0304145689951838,1.0359649099991657,33.17206098300085,18.937902322929975,True,planner_feasible,,True,842,421,0,421,True,0.017130400150699894,0.00035366274353488804,"All measured work including 30 s checkpoint experiment and validation; selected path is the verified 10 s incumbent, not a 10 s return-time guarantee.",19.137000000000405,19.137000000000405,3.234109905002697,0.999999999999979,0.999999999999979,0.0,0.0009261289149159552,0,0.3774674448044716,0.965615030799132,0.00011724695962334053,0.0,0.29174749241626813,0.0,0.0,11.846,7.0920000000000005,0.2,0.005,0.001,0.7322928458325612,33.87360809518013,conservative_3d_component_bounding_box_diagonal,0.150024416118272,0.15004073741405957,0.14993735699734875,0.00012925220777828037,0.00022155337968235016,1.0591761858187545e-16,0.0002923937343919063,0.0004601991551986303,2.580956827951785e-08,4.517931266930198e-05,7.00552511795326e-05,0.0,0.0,2.8027426483180566e-05,6.264300265124145e-05,0.016752926936725417,0.026367469328367477,0.00022155337968235016,0.0040138702253161,2370,2370,8.715315546586332e-05,0.01713041791990343,execution.h5 and actual scan timestamps; no new solve or simulation,User_Requested_Stop,10.0,3
2d20f99cf6c82aa207e523443bbea9c8b2f83a71121fed63556e715ac9a2a97f,ur5e_cylinder_p1_v,ur5e_cylinder_p1,ur5e,cylinder,1,v,B1,1,True,True,,,0.21132186400063802,31.204786629998125,,0.030161858994688373,1.0170252600000822,32.74884013499832,18.937902322929975,False,planner_feasible,,True,842,421,0,421,True,0.017130400150699894,0.00035366274353488804,"All measured work including 30 s checkpoint experiment and validation; selected path is the verified 10 s incumbent, not a 10 s return-time guarantee.",,,,,,,,,,,,,,,,,,,,,,,,,,,,,,,,,,,,,,,,,,,,,,,,User_Requested_Stop,10.0,3
2d20f99cf6c82aa207e523443bbea9c8b2f83a71121fed63556e715ac9a2a97f,ur5e_cylinder_p1_v,ur5e_cylinder_p1,ur5e,cylinder,1,v,B1,2,True,True,,,0.21056790600414388,31.208805959999154,,0.030380408999917563,1.0227463970004464,32.76192366599571,18.937902322929975,False,planner_feasible,,True,842,421,0,421,True,0.017130400150699894,0.00035366274353488804,"All measured work including 30 s checkpoint experiment and validation; selected path is the verified 10 s incumbent, not a 10 s return-time guarantee.",,,,,,,,,,,,,,,,,,,,,,,,,,,,,,,,,,,,,,,,,,,,,,,,User_Requested_Stop,10.0,3
2d20f99cf6c82aa207e523443bbea9c8b2f83a71121fed63556e715ac9a2a97f,ur5e_cylinder_p1_v,ur5e_cylinder_p1,ur5e,cylinder,1,v,B2,0,True,True,True,True,33.17206098300085,,30.926100725999277,0.030094624999037478,1.019601945001341,65.65595202700206,18.937902322929975,True,planner_feasible,,,,,,,True,0.017130400150699894,,"All measured work including 30 s checkpoint experiment and validation; selected path is the verified 10 s incumbent, not a 10 s return-time guarantee.",19.137000000000405,19.137000000000405,3.218015436999849,0.999999999999979,0.999999999999979,0.0,0.0009261289149159552,0,0.3774674448044716,0.965615030799132,0.00011724695962334053,0.0,0.29174749241626813,0.0,0.0,11.846,7.0920000000000005,0.2,0.005,0.001,0.7322928458325612,33.87360809518013,conservative_3d_component_bounding_box_diagonal,0.150024416118272,0.15004073741405957,0.14993735699734875,0.00012925220777828037,0.00022155337968235016,1.0591761858187545e-16,0.0002923937343919063,0.0004601991551986303,2.580956827951785e-08,4.517931266930198e-05,7.00552511795326e-05,0.0,0.0,2.8027426483180566e-05,6.264300265124145e-05,0.016752926936725417,0.026367469328367477,0.00022155337968235016,0.0040138702253161,2370,2370,8.715315546586332e-05,0.01713041791990343,execution.h5 and actual scan timestamps; no new solve or simulation,User_Requested_Stop,10.0,3
2d20f99cf6c82aa207e523443bbea9c8b2f83a71121fed63556e715ac9a2a97f,ur5e_cylinder_p1_v,ur5e_cylinder_p1,ur5e,cylinder,1,v,B2,1,True,True,,,33.17206098300085,,30.986170239004423,0.03406102099688724,1.0180044480002834,65.72084770500078,18.937902322929975,False,planner_feasible,,,,,,,True,0.017130400150699894,,"All measured work including 30 s checkpoint experiment and validation; selected path is the verified 10 s incumbent, not a 10 s return-time guarantee.",,,,,,,,,,,,,,,,,,,,,,,,,,,,,,,,,,,,,,,,,,,,,,,,User_Requested_Stop,10.0,3
2d20f99cf6c82aa207e523443bbea9c8b2f83a71121fed63556e715ac9a2a97f,ur5e_cylinder_p1_v,ur5e_cylinder_p1,ur5e,cylinder,1,v,B2,2,True,True,,,33.17206098300085,,30.34669890999794,0.030064292004681192,1.037893171000178,65.09133883699542,18.937902322929975,False,planner_feasible,,,,,,,True,0.017130400150699894,,"All measured work including 30 s checkpoint experiment and validation; selected path is the verified 10 s incumbent, not a 10 s return-time guarantee.",,,,,,,,,,,,,,,,,,,,,,,,,,,,,,,,,,,,,,,,,,,,,,,,User_Requested_Stop,10.0,3
2d20f99cf6c82aa207e523443bbea9c8b2f83a71121fed63556e715ac9a2a97f,ur5e_cylinder_p1_v,ur5e_cylinder_p1,ur5e,cylinder,1,v,B3,0,False,False,,,,,,,,,,False,not_evaluable,Official example ran; upstream seven-joint IIWA state packing and decoupled Cartesian error box are not yet verified against Panda/UR5e scanner-ray constraints. No surrogate MPC substituted.,,,,,,,,,,,,,,,,,,,,,,,,,,,,,,,,,,,,,,,,,,,,,,,,,,,,,,,,,,,
2d20f99cf6c82aa207e523443bbea9c8b2f83a71121fed63556e715ac9a2a97f,ur5e_cylinder_p1_v,ur5e_cylinder_p1,ur5e,cylinder,1,v,B3,1,False,False,,,,,,,,,,False,not_evaluable,Official example ran; upstream seven-joint IIWA state packing and decoupled Cartesian error box are not yet verified against Panda/UR5e scanner-ray constraints. No surrogate MPC substituted.,,,,,,,,,,,,,,,,,,,,,,,,,,,,,,,,,,,,,,,,,,,,,,,,,,,,,,,,,,,
2d20f99cf6c82aa207e523443bbea9c8b2f83a71121fed63556e715ac9a2a97f,ur5e_cylinder_p1_v,ur5e_cylinder_p1,ur5e,cylinder,1,v,B3,2,False,False,,,,,,,,,,False,not_evaluable,Official example ran; upstream seven-joint IIWA state packing and decoupled Cartesian error box are not yet verified against Panda/UR5e scanner-ray constraints. No surrogate MPC substituted.,,,,,,,,,,,,,,,,,,,,,,,,,,,,,,,,,,,,,,,,,,,,,,,,,,,,,,,,,,,
2d20f99cf6c82aa207e523443bbea9c8b2f83a71121fed63556e715ac9a2a97f,ur5e_cylinder_p1_v,ur5e_cylinder_p1,ur5e,cylinder,1,v,G,0,True,True,True,True,0.21027546599361813,31.123066426996957,,0.030094418994849548,1.017994854999415,32.669452556998294,18.937902322929975,True,planner_feasible,,True,842,421,0,421,True,0.017130400150699894,0.00035366274353488804,"All measured work including 30 s checkpoint experiment and validation; selected path is the verified 10 s incumbent, not a 10 s return-time guarantee.",19.137000000000405,19.137000000000405,3.2265007729947683,0.999999999999979,0.999999999999979,0.0,0.0009261289149159552,0,0.3774674448044716,0.965615030799132,0.00011724695962334053,0.0,0.29174749241626813,0.0,0.0,11.846,7.0920000000000005,0.2,0.005,0.001,0.7322928458325612,33.87360809518013,conservative_3d_component_bounding_box_diagonal,0.150024416118272,0.15004073741405957,0.14993735699734875,0.00012925220777828037,0.00022155337968235016,1.0591761858187545e-16,0.0002923937343919063,0.0004601991551986303,2.580956827951785e-08,4.517931266930198e-05,7.00552511795326e-05,0.0,0.0,2.8027426483180566e-05,6.264300265124145e-05,0.016752926936725417,0.026367469328367477,0.00022155337968235016,0.0040138702253161,2370,2370,8.715315546586332e-05,0.01713041791990343,execution.h5 and actual scan timestamps; no new solve or simulation,User_Requested_Stop,10.0,3
2d20f99cf6c82aa207e523443bbea9c8b2f83a71121fed63556e715ac9a2a97f,ur5e_cylinder_p1_v,ur5e_cylinder_p1,ur5e,cylinder,1,v,G,1,True,True,,,0.20983158000308322,31.201292355006444,,0.030102238000836223,1.0127128780004568,32.741326351999305,18.937902322929975,False,planner_feasible,,True,842,421,0,421,True,0.017130400150699894,0.00035366274353488804,"All measured work including 30 s checkpoint experiment and validation; selected path is the verified 10 s incumbent, not a 10 s return-time guarantee.",,,,,,,,,,,,,,,,,,,,,,,,,,,,,,,,,,,,,,,,,,,,,,,,User_Requested_Stop,10.0,3
2d20f99cf6c82aa207e523443bbea9c8b2f83a71121fed63556e715ac9a2a97f,ur5e_cylinder_p1_v,ur5e_cylinder_p1,ur5e,cylinder,1,v,G,2,True,True,,,0.20947300500120036,31.183664732998295,,0.030353005000506528,1.0189981139992597,32.73430200700386,18.937902322929975,False,planner_feasible,,True,842,421,0,421,True,0.017130400150699894,0.00035366274353488804,"All measured work including 30 s checkpoint experiment and validation; selected path is the verified 10 s incumbent, not a 10 s return-time guarantee.",,,,,,,,,,,,,,,,,,,,,,,,,,,,,,,,,,,,,,,,,,,,,,,,User_Requested_Stop,10.0,3
74c4b355832ae88369ec214894ab6b8c7e91246fa0de0bbe376637861cd8eed7,ur5e_plane_p0_u,ur5e_plane_p0,ur5e,plane,0,u,B0,0,True,True,True,True,0.34398429399880115,,,0.03006223799457075,1.0016945239985944,1.4348758209962398,15.475815308708343,True,planner_feasible,,True,1512,417,0,417,True,0.01712458734970237,7.91149580861755e-05,"All measured work including 30 s checkpoint experiment and validation; selected path is the verified 10 s incumbent, not a 10 s return-time guarantee.",15.674999999996752,15.674999999996752,2.6878861709992634,1.0,1.0,0.0,0.000946496249579294,0,0.3721869492075801,0.9779060260875151,0.00012315902616366614,0.0,0.20572330116930534,0.0,0.0,12.047,3.4290000000000003,0.2,0.005,0.001,0.6353616287448904,17.09713046449318,conservative_3d_component_bounding_box_diagonal,0.15001056496182139,0.150013372015585,0.14995199421503883,8.735664540008226e-05,0.00015106449401090696,1.9810904945026357e-16,1.4492035584959815e-05,1.5415904832622505e-05,1.4901161193847656e-08,2.373284524343977e-05,3.985839463539262e-05,0.0,0.0,1.2965408954997149e-05,4.800578496116925e-05,0.0008303324755716006,0.0008832662842845993,0.00015106449401090696,0.002283717790774879,2409,2410,9.132253683546976e-05,0.017124616089327787,execution.h5 and actual scan timestamps; no new solve or simulation,,,
74c4b355832ae88369ec214894ab6b8c7e91246fa0de0bbe376637861cd8eed7,ur5e_plane_p0_u,ur5e_plane_p0,ur5e,plane,0,u,B0,1,True,True,,,0.34176284799468704,,,0.029540666997490916,1.0039819939993322,1.4349065520000295,15.475815308708343,False,planner_feasible,,True,1512,417,0,417,True,0.01712458734970237,7.91149580861755e-05,"All measured work including 30 s checkpoint experiment and validation; selected path is the verified 10 s incumbent, not a 10 s return-time guarantee.",,,,,,,,,,,,,,,,,,,,,,,,,,,,,,,,,,,,,,,,,,,,,,,,,,
74c4b355832ae88369ec214894ab6b8c7e91246fa0de0bbe376637861cd8eed7,ur5e_plane_p0_u,ur5e_plane_p0,ur5e,plane,0,u,B0,2,True,True,,,0.3423419660030049,,,0.02961422799853608,1.0054613489992335,1.4369047000000137,15.475815308708343,False,planner_feasible,,True,1512,417,0,417,True,0.01712458734970237,7.91149580861755e-05,"All measured work including 30 s checkpoint experiment and validation; selected path is the verified 10 s incumbent, not a 10 s return-time guarantee.",,,,,,,,,,,,,,,,,,,,,,,,,,,,,,,,,,,,,,,,,,,,,,,,,,
74c4b355832ae88369ec214894ab6b8c7e91246fa0de0bbe376637861cd8eed7,ur5e_plane_p0_u,ur5e_plane_p0,ur5e,plane,0,u,B1,0,True,True,True,True,0.20954574100323953,31.477299910999136,,0.029774426002404653,1.0114262679999229,33.01681772300071,15.47188199587654,True,planner_feasible,,True,834,417,0,417,True,0.017124545275672316,0.00013723991614237425,"All measured work including 30 s checkpoint experiment and validation; selected path is the verified 10 s incumbent, not a 10 s return-time guarantee.",15.670999999996754,15.670999999996754,2.6906833190005273,1.0,1.0,0.0,0.0009472531943360115,0,0.3723284737011302,0.9770491037998479,0.00012585301568202034,0.0,0.20583655284506433,0.0,0.0,12.047,3.4250000000000003,0.2,0.005,0.001,0.6367783117385037,17.161556786722535,conservative_3d_component_bounding_box_diagonal,0.14997488536426093,0.1500026867384451,0.14994175219846123,9.489508152307829e-05,0.00025280108406547646,1.9810904945026357e-16,1.2880806401847926e-05,1.3694467102936225e-05,1.4901161193847656e-08,2.3532256052970318e-05,4.1309206439659035e-05,0.0,0.0,5.5813328111462e-05,5.82478015387633e-05,0.000738015843550978,0.0007846351676789932,0.00025280108406547646,0.0023668431840271043,2408,2410,9.999280016785849e-05,0.017124658207843594,execution.h5 and actual scan timestamps; no new solve or simulation,User_Requested_Stop,10.0,3
74c4b355832ae88369ec214894ab6b8c7e91246fa0de0bbe376637861cd8eed7,ur5e_plane_p0_u,ur5e_plane_p0,ur5e,plane,0,u,B1,1,True,True,,,0.20900007800082676,31.558917646005284,,0.029964610002934933,1.0116739549994236,33.13336228199478,15.47188199587654,False,planner_feasible,,True,834,417,0,417,True,0.017124545275672316,0.00013723991614237425,"All measured work including 30 s checkpoint experiment and validation; selected path is the verified 10 s incumbent, not a 10 s return-time guarantee.",,,,,,,,,,,,,,,,,,,,,,,,,,,,,,,,,,,,,,,,,,,,,,,,User_Requested_Stop,10.0,3
74c4b355832ae88369ec214894ab6b8c7e91246fa0de0bbe376637861cd8eed7,ur5e_plane_p0_u,ur5e_plane_p0,ur5e,plane,0,u,B1,2,True,True,,,0.2083665629979805,31.58428493500105,,0.029761229998257477,1.0098136279993923,33.1208233599973,15.47188199587654,False,planner_feasible,,True,834,417,0,417,True,0.017124545275672316,0.00013723991614237425,"All measured work including 30 s checkpoint experiment and validation; selected path is the verified 10 s incumbent, not a 10 s return-time guarantee.",,,,,,,,,,,,,,,,,,,,,,,,,,,,,,,,,,,,,,,,,,,,,,,,User_Requested_Stop,10.0,3
74c4b355832ae88369ec214894ab6b8c7e91246fa0de0bbe376637861cd8eed7,ur5e_plane_p0_u,ur5e_plane_p0,ur5e,plane,0,u,B2,0,True,True,True,True,33.01681772300071,,32.14872069499688,0.029567596000561025,1.0121025280022877,66.72818142599863,15.47188199587654,True,planner_feasible,,,,,,,True,0.017124545275672316,,"All measured work including 30 s checkpoint experiment and validation; selected path is the verified 10 s incumbent, not a 10 s return-time guarantee.",15.670999999996754,15.670999999996754,2.68282483999792,1.0,1.0,0.0,0.0009472531943360115,0,0.3723284737011302,0.9770491037998479,0.00012585301568202034,0.0,0.20583655284506433,0.0,0.0,12.047,3.4250000000000003,0.2,0.005,0.001,0.6367783117385037,17.161556786722535,conservative_3d_component_bounding_box_diagonal,0.14997488536426093,0.1500026867384451,0.14994175219846123,9.489508152307829e-05,0.00025280108406547646,1.9810904945026357e-16,1.2880806401847926e-05,1.3694467102936225e-05,1.4901161193847656e-08,2.3532256052970318e-05,4.1309206439659035e-05,0.0,0.0,5.5813328111462e-05,5.82478015387633e-05,0.000738015843550978,0.0007846351676789932,0.00025280108406547646,0.0023668431840271043,2408,2410,9.999280016785849e-05,0.017124658207843594,execution.h5 and actual scan timestamps; no new solve or simulation,User_Requested_Stop,10.0,3
74c4b355832ae88369ec214894ab6b8c7e91246fa0de0bbe376637861cd8eed7,ur5e_plane_p0_u,ur5e_plane_p0,ur5e,plane,0,u,B2,1,True,True,,,33.01681772300071,,32.13723776000552,0.02968116400006693,1.0167630869982531,66.72008018199995,15.47188199587654,False,planner_feasible,,,,,,,True,0.017124545275672316,,"All measured work including 30 s checkpoint experiment and validation; selected path is the verified 10 s incumbent, not a 10 s return-time guarantee.",,,,,,,,,,,,,,,,,,,,,,,,,,,,,,,,,,,,,,,,,,,,,,,,User_Requested_Stop,10.0,3
74c4b355832ae88369ec214894ab6b8c7e91246fa0de0bbe376637861cd8eed7,ur5e_plane_p0_u,ur5e_plane_p0,ur5e,plane,0,u,B2,2,True,True,,,33.01681772300071,,32.17315382500237,0.029609072000312153,1.0099790660024155,66.74516697700165,15.47188199587654,False,planner_feasible,,,,,,,True,0.017124545275672316,,"All measured work including 30 s checkpoint experiment and validation; selected path is the verified 10 s incumbent, not a 10 s return-time guarantee.",,,,,,,,,,,,,,,,,,,,,,,,,,,,,,,,,,,,,,,,,,,,,,,,User_Requested_Stop,10.0,3
74c4b355832ae88369ec214894ab6b8c7e91246fa0de0bbe376637861cd8eed7,ur5e_plane_p0_u,ur5e_plane_p0,ur5e,plane,0,u,B3,0,False,False,,,,,,,,,,False,not_evaluable,Official example ran; upstream seven-joint IIWA state packing and decoupled Cartesian error box are not yet verified against Panda/UR5e scanner-ray constraints. No surrogate MPC substituted.,,,,,,,,,,,,,,,,,,,,,,,,,,,,,,,,,,,,,,,,,,,,,,,,,,,,,,,,,,,
74c4b355832ae88369ec214894ab6b8c7e91246fa0de0bbe376637861cd8eed7,ur5e_plane_p0_u,ur5e_plane_p0,ur5e,plane,0,u,B3,1,False,False,,,,,,,,,,False,not_evaluable,Official example ran; upstream seven-joint IIWA state packing and decoupled Cartesian error box are not yet verified against Panda/UR5e scanner-ray constraints. No surrogate MPC substituted.,,,,,,,,,,,,,,,,,,,,,,,,,,,,,,,,,,,,,,,,,,,,,,,,,,,,,,,,,,,
74c4b355832ae88369ec214894ab6b8c7e91246fa0de0bbe376637861cd8eed7,ur5e_plane_p0_u,ur5e_plane_p0,ur5e,plane,0,u,B3,2,False,False,,,,,,,,,,False,not_evaluable,Official example ran; upstream seven-joint IIWA state packing and decoupled Cartesian error box are not yet verified against Panda/UR5e scanner-ray constraints. No surrogate MPC substituted.,,,,,,,,,,,,,,,,,,,,,,,,,,,,,,,,,,,,,,,,,,,,,,,,,,,,,,,,,,,
74c4b355832ae88369ec214894ab6b8c7e91246fa0de0bbe376637861cd8eed7,ur5e_plane_p0_u,ur5e_plane_p0,ur5e,plane,0,u,G,0,True,True,True,True,0.20973103500000434,31.39174571899639,,0.029657325998414308,1.0058040479998454,32.92436956799793,15.47188199587654,True,planner_feasible,,True,834,417,0,417,True,0.017124545275672316,0.00013723991614237425,"All measured work including 30 s checkpoint experiment and validation; selected path is the verified 10 s incumbent, not a 10 s return-time guarantee.",15.670999999996754,15.670999999996754,2.6613499390005018,1.0,1.0,0.0,0.0009472531943360115,0,0.3723284737011302,0.9770491037998479,0.00012585301568202034,0.0,0.20583655284506433,0.0,0.0,12.047,3.4250000000000003,0.2,0.005,0.001,0.6367783117385037,17.161556786722535,conservative_3d_component_bounding_box_diagonal,0.14997488536426093,0.1500026867384451,0.14994175219846123,9.489508152307829e-05,0.00025280108406547646,1.9810904945026357e-16,1.2880806401847926e-05,1.3694467102936225e-05,1.4901161193847656e-08,2.3532256052970318e-05,4.1309206439659035e-05,0.0,0.0,5.5813328111462e-05,5.82478015387633e-05,0.000738015843550978,0.0007846351676789932,0.00025280108406547646,0.0023668431840271043,2408,2410,9.999280016785849e-05,0.017124658207843594,execution.h5 and actual scan timestamps; no new solve or simulation,User_Requested_Stop,10.0,3
74c4b355832ae88369ec214894ab6b8c7e91246fa0de0bbe376637861cd8eed7,ur5e_plane_p0_u,ur5e_plane_p0,ur5e,plane,0,u,G,1,True,True,,,0.20816426999954274,31.554876678004803,,0.029645578004419804,1.0089943779967143,33.09020257999509,15.47188199587654,False,planner_feasible,,True,834,417,0,417,True,0.017124545275672316,0.00013723991614237425,"All measured work including 30 s checkpoint experiment and validation; selected path is the verified 10 s incumbent, not a 10 s return-time guarantee.",,,,,,,,,,,,,,,,,,,,,,,,,,,,,,,,,,,,,,,,,,,,,,,,User_Requested_Stop,10.0,3
74c4b355832ae88369ec214894ab6b8c7e91246fa0de0bbe376637861cd8eed7,ur5e_plane_p0_u,ur5e_plane_p0,ur5e,plane,0,u,G,2,True,True,,,0.208840859006159,31.636262346997682,,0.029688398994039744,1.010849985999812,33.17681020299642,15.47188199587654,False,planner_feasible,,True,834,417,0,417,True,0.017124545275672316,0.00013723991614237425,"All measured work including 30 s checkpoint experiment and validation; selected path is the verified 10 s incumbent, not a 10 s return-time guarantee.",,,,,,,,,,,,,,,,,,,,,,,,,,,,,,,,,,,,,,,,,,,,,,,,User_Requested_Stop,10.0,3
b4cbe6298b4c8842e3d61c4c05cef1b634d1de760788b1ccb4c7c2647062845b,ur5e_plane_p0_v,ur5e_plane_p0,ur5e,plane,0,v,B0,0,True,True,True,True,0.2335355620016344,,,0.02982008200342534,0.9984145069975057,1.3214798970002448,16.532615528318917,True,planner_feasible,,True,962,421,0,421,True,0.017125079285149745,0.00012280508204737267,"All measured work including 30 s checkpoint experiment and validation; selected path is the verified 10 s incumbent, not a 10 s return-time guarantee.",16.731999999997466,16.731999999997466,2.8077048269988154,1.0,1.0,0.0,0.0009330407210197794,0,0.31827319651478303,0.9643210092002946,0.00011647647584656085,0.0,0.20299585408295692,0.0,0.0,11.628,4.905,0.2,0.005,0.001,0.6882033596443865,26.925001687404748,conservative_3d_component_bounding_box_diagonal,0.15001020561312353,0.15002303524288846,0.1499896599210273,0.00012709433701462287,0.00019940501366859045,3.399349888776296e-16,3.1050744456218468e-06,7.412395376753794e-06,0.0,5.260117796451039e-05,6.03766679218306e-05,0.0,0.0,1.0214983837225632e-05,2.3035242888463925e-05,0.00017790766080805567,0.00042469897117027613,0.00019940501366859045,0.0034593282529837965,2324,2325,8.158043923169044e-05,0.017125051582447155,execution.h5 and actual scan timestamps; no new solve or simulation,,,
b4cbe6298b4c8842e3d61c4c05cef1b634d1de760788b1ccb4c7c2647062845b,ur5e_plane_p0_v,ur5e_plane_p0,ur5e,plane,0,v,B0,1,True,True,,,0.23497664499882376,,,0.029437504999805242,1.0045145619951654,1.3278784539943445,16.532615528318917,False,planner_feasible,,True,962,421,0,421,True,0.017125079285149745,0.00012280508204737267,"All measured work including 30 s checkpoint experiment and validation; selected path is the verified 10 s incumbent, not a 10 s return-time guarantee.",,,,,,,,,,,,,,,,,,,,,,,,,,,,,,,,,,,,,,,,,,,,,,,,,,
b4cbe6298b4c8842e3d61c4c05cef1b634d1de760788b1ccb4c7c2647062845b,ur5e_plane_p0_v,ur5e_plane_p0,ur5e,plane,0,v,B0,2,True,True,,,0.23483831199700944,,,0.029663223001989536,1.02200175300095,1.3450989089978975,16.532615528318917,False,planner_feasible,,True,962,421,0,421,True,0.017125079285149745,0.00012280508204737267,"All measured work including 30 s checkpoint experiment and validation; selected path is the verified 10 s incumbent, not a 10 s return-time guarantee.",,,,,,,,,,,,,,,,,,,,,,,,,,,,,,,,,,,,,,,,,,,,,,,,,,
b4cbe6298b4c8842e3d61c4c05cef1b634d1de760788b1ccb4c7c2647062845b,ur5e_plane_p0_v,ur5e_plane_p0,ur5e,plane,0,v,B1,0,True,True,True,True,0.2116009339952143,30.41200006299914,,0.029585845994006377,1.013646991996211,31.966181728996162,16.532587697969102,True,planner_feasible,,True,842,421,0,421,True,0.01712507900227409,0.0001234912576891288,"All measured work including 30 s checkpoint experiment and validation; selected path is the verified 10 s incumbent, not a 10 s return-time guarantee.",16.731999999997466,16.731999999997466,2.814724258001661,1.0,1.0,0.0,0.0009301439426778659,0,0.31831852640968167,0.9638269720176006,0.00010145004867537222,0.0,0.20299618122858465,0.0,0.0,11.626,4.907,0.2,0.005,0.001,0.68855725981738,26.96282681669614,conservative_3d_component_bounding_box_diagonal,0.15001031024807648,0.15002194013370654,0.14998851827172152,0.0001281254190530326,0.00020151777732574713,3.399349888776296e-16,5.721289317091789e-06,1.0775724000976658e-05,0.0,5.357321271535489e-05,6.176527181611842e-05,0.0,0.0,1.063567139771293e-05,2.1940133706543907e-05,0.0003278057312426445,0.0006174035064537879,0.00020151777732574713,0.0035388893955419186,2324,2325,8.0283034518569e-05,0.017125051410586706,execution.h5 and actual scan timestamps; no new solve or simulation,User_Requested_Stop,10.0,3
b4cbe6298b4c8842e3d61c4c05cef1b634d1de760788b1ccb4c7c2647062845b,ur5e_plane_p0_v,ur5e_plane_p0,ur5e,plane,0,v,B1,1,True,True,,,0.21110215099906782,30.154738511999312,,0.02970824699877994,1.0087094890041044,31.704212528995413,16.532587697969102,False,planner_feasible,,True,842,421,0,421,True,0.01712507900227409,0.0001234912576891288,"All measured work including 30 s checkpoint experiment and validation; selected path is the verified 10 s incumbent, not a 10 s return-time guarantee.",,,,,,,,,,,,,,,,,,,,,,,,,,,,,,,,,,,,,,,,,,,,,,,,User_Requested_Stop,10.0,3
b4cbe6298b4c8842e3d61c4c05cef1b634d1de760788b1ccb4c7c2647062845b,ur5e_plane_p0_v,ur5e_plane_p0,ur5e,plane,0,v,B1,2,True,True,,,0.21309731200017268,30.282453619998705,,0.029520700001739897,1.0078344049979933,31.83116855499975,16.532587697969102,False,planner_feasible,,True,842,421,0,421,True,0.01712507900227409,0.0001234912576891288,"All measured work including 30 s checkpoint experiment and validation; selected path is the verified 10 s incumbent, not a 10 s return-time guarantee.",,,,,,,,,,,,,,,,,,,,,,,,,,,,,,,,,,,,,,,,,,,,,,,,User_Requested_Stop,10.0,3
b4cbe6298b4c8842e3d61c4c05cef1b634d1de760788b1ccb4c7c2647062845b,ur5e_plane_p0_v,ur5e_plane_p0,ur5e,plane,0,v,B2,0,True,True,True,True,31.966181728996162,,32.425804063001124,0.02941758900124114,1.0255284359955112,65.95074409699737,16.532587697969102,True,planner_feasible,,,,,,,True,0.01712507900227409,,"All measured work including 30 s checkpoint experiment and validation; selected path is the verified 10 s incumbent, not a 10 s return-time guarantee.",16.731999999997466,16.731999999997466,2.783013063002727,1.0,1.0,0.0,0.0009301439426778659,0,0.31831852640968167,0.9638269720176006,0.00010145004867537222,0.0,0.20299618122858465,0.0,0.0,11.626,4.907,0.2,0.005,0.001,0.68855725981738,26.96282681669614,conservative_3d_component_bounding_box_diagonal,0.15001031024807648,0.15002194013370654,0.14998851827172152,0.0001281254190530326,0.00020151777732574713,3.399349888776296e-16,5.721289317091789e-06,1.0775724000976658e-05,0.0,5.357321271535489e-05,6.176527181611842e-05,0.0,0.0,1.063567139771293e-05,2.1940133706543907e-05,0.0003278057312426445,0.0006174035064537879,0.00020151777732574713,0.0035388893955419186,2324,2325,8.0283034518569e-05,0.017125051410586706,execution.h5 and actual scan timestamps; no new solve or simulation,User_Requested_Stop,10.0,3
b4cbe6298b4c8842e3d61c4c05cef1b634d1de760788b1ccb4c7c2647062845b,ur5e_plane_p0_v,ur5e_plane_p0,ur5e,plane,0,v,B2,1,True,True,,,31.966181728996162,,31.821985048998613,0.0294490259984741,1.0056669490004424,65.32775479699922,16.532587697969102,False,planner_feasible,,,,,,,True,0.01712507900227409,,"All measured work including 30 s checkpoint experiment and validation; selected path is the verified 10 s incumbent, not a 10 s return-time guarantee.",,,,,,,,,,,,,,,,,,,,,,,,,,,,,,,,,,,,,,,,,,,,,,,,User_Requested_Stop,10.0,3
b4cbe6298b4c8842e3d61c4c05cef1b634d1de760788b1ccb4c7c2647062845b,ur5e_plane_p0_v,ur5e_plane_p0,ur5e,plane,0,v,B2,2,True,True,,,31.966181728996162,,32.236016023001866,0.0300538309966214,1.008624073001556,65.74756084399996,16.532587697969102,False,planner_feasible,,,,,,,True,0.01712507900227409,,"All measured work including 30 s checkpoint experiment and validation; selected path is the verified 10 s incumbent, not a 10 s return-time guarantee.",,,,,,,,,,,,,,,,,,,,,,,,,,,,,,,,,,,,,,,,,,,,,,,,User_Requested_Stop,10.0,3
b4cbe6298b4c8842e3d61c4c05cef1b634d1de760788b1ccb4c7c2647062845b,ur5e_plane_p0_v,ur5e_plane_p0,ur5e,plane,0,v,B3,0,False,False,,,,,,,,,,False,not_evaluable,Official example ran; upstream seven-joint IIWA state packing and decoupled Cartesian error box are not yet verified against Panda/UR5e scanner-ray constraints. No surrogate MPC substituted.,,,,,,,,,,,,,,,,,,,,,,,,,,,,,,,,,,,,,,,,,,,,,,,,,,,,,,,,,,,
b4cbe6298b4c8842e3d61c4c05cef1b634d1de760788b1ccb4c7c2647062845b,ur5e_plane_p0_v,ur5e_plane_p0,ur5e,plane,0,v,B3,1,False,False,,,,,,,,,,False,not_evaluable,Official example ran; upstream seven-joint IIWA state packing and decoupled Cartesian error box are not yet verified against Panda/UR5e scanner-ray constraints. No surrogate MPC substituted.,,,,,,,,,,,,,,,,,,,,,,,,,,,,,,,,,,,,,,,,,,,,,,,,,,,,,,,,,,,
b4cbe6298b4c8842e3d61c4c05cef1b634d1de760788b1ccb4c7c2647062845b,ur5e_plane_p0_v,ur5e_plane_p0,ur5e,plane,0,v,B3,2,False,False,,,,,,,,,,False,not_evaluable,Official example ran; upstream seven-joint IIWA state packing and decoupled Cartesian error box are not yet verified against Panda/UR5e scanner-ray constraints. No surrogate MPC substituted.,,,,,,,,,,,,,,,,,,,,,,,,,,,,,,,,,,,,,,,,,,,,,,,,,,,,,,,,,,,
b4cbe6298b4c8842e3d61c4c05cef1b634d1de760788b1ccb4c7c2647062845b,ur5e_plane_p0_v,ur5e_plane_p0,ur5e,plane,0,v,G,0,True,True,True,True,0.21070708600018406,30.266843167002662,,0.029503775003831834,1.0045622390025528,31.809416819000035,16.532587697969102,True,planner_feasible,,True,842,421,0,421,True,0.01712507900227409,0.0001234912576891288,"All measured work including 30 s checkpoint experiment and validation; selected path is the verified 10 s incumbent, not a 10 s return-time guarantee.",16.731999999997466,16.731999999997466,2.8127942080027424,1.0,1.0,0.0,0.0009301439426778659,0,0.31831852640968167,0.9638269720176006,0.00010145004867537222,0.0,0.20299618122858465,0.0,0.0,11.626,4.907,0.2,0.005,0.001,0.68855725981738,26.96282681669614,conservative_3d_component_bounding_box_diagonal,0.15001031024807648,0.15002194013370654,0.14998851827172152,0.0001281254190530326,0.00020151777732574713,3.399349888776296e-16,5.721289317091789e-06,1.0775724000976658e-05,0.0,5.357321271535489e-05,6.176527181611842e-05,0.0,0.0,1.063567139771293e-05,2.1940133706543907e-05,0.0003278057312426445,0.0006174035064537879,0.00020151777732574713,0.0035388893955419186,2324,2325,8.0283034518569e-05,0.017125051410586706,execution.h5 and actual scan timestamps; no new solve or simulation,User_Requested_Stop,10.0,3
b4cbe6298b4c8842e3d61c4c05cef1b634d1de760788b1ccb4c7c2647062845b,ur5e_plane_p0_v,ur5e_plane_p0,ur5e,plane,0,v,G,1,True,True,,,0.21151667900267057,30.297970517000067,,0.029411621995677706,1.0105910779966507,31.846103809999477,16.532587697969102,False,planner_feasible,,True,842,421,0,421,True,0.01712507900227409,0.0001234912576891288,"All measured work including 30 s checkpoint experiment and validation; selected path is the verified 10 s incumbent, not a 10 s return-time guarantee.",,,,,,,,,,,,,,,,,,,,,,,,,,,,,,,,,,,,,,,,,,,,,,,,User_Requested_Stop,10.0,3
b4cbe6298b4c8842e3d61c4c05cef1b634d1de760788b1ccb4c7c2647062845b,ur5e_plane_p0_v,ur5e_plane_p0,ur5e,plane,0,v,G,2,True,True,,,0.21227326700318372,30.41921604199888,,0.02960605899716029,1.0114710140042007,31.97207055999752,16.532587697969102,False,planner_feasible,,True,842,421,0,421,True,0.01712507900227409,0.0001234912576891288,"All measured work including 30 s checkpoint experiment and validation; selected path is the verified 10 s incumbent, not a 10 s return-time guarantee.",,,,,,,,,,,,,,,,,,,,,,,,,,,,,,,,,,,,,,,,,,,,,,,,User_Requested_Stop,10.0,3
403cb6773f1a1675c7f7f184c8e8c74848c8e1cd56930a8f81eb78de27e1428a,ur5e_plane_p1_u,ur5e_plane_p1,ur5e,plane,1,u,B0,0,True,True,True,True,0.34922833499877015,,,0.02968543600582052,1.0055270470038522,1.4441024110055878,15.555960610546956,True,planner_feasible,,True,1542,417,0,417,True,0.01712500241064191,7.498810059932692e-05,"All measured work including 30 s checkpoint experiment and validation; selected path is the verified 10 s incumbent, not a 10 s return-time guarantee.",15.754999999996707,15.754999999996707,2.679632491999655,1.0,1.0,0.0,0.0009492139758318841,0,0.4067465918420579,0.9780265612982294,0.00013681611291072038,0.0,0.2264146161915155,0.0,0.0,12.064,3.492,0.2,0.005,0.001,0.640341045820266,17.514087848326525,conservative_3d_component_bounding_box_diagonal,0.15001420373566768,0.1500269611702775,0.14998302011582335,8.764496651572739e-05,0.00015305996656277983,1.5629805324860718e-16,1.3385229204930932e-05,1.4673490529834676e-05,0.0,2.463047597444915e-05,4.104388725997764e-05,0.0,0.0,1.4321667603896246e-05,2.696117027750633e-05,0.0007669171412577929,0.0008407290780847091,0.00015305996656277983,0.0023516415148074872,2414,2414,9.369901450384521e-05,0.01712492334944647,execution.h5 and actual scan timestamps; no new solve or simulation,,,
403cb6773f1a1675c7f7f184c8e8c74848c8e1cd56930a8f81eb78de27e1428a,ur5e_plane_p1_u,ur5e_plane_p1,ur5e,plane,1,u,B0,1,True,True,,,0.3495952400044189,,,0.029684369001188315,1.0086420389998239,1.4476348399985,15.555960610546956,False,planner_feasible,,True,1542,417,0,417,True,0.01712500241064191,7.498810059932692e-05,"All measured work including 30 s checkpoint experiment and validation; selected path is the verified 10 s incumbent, not a 10 s return-time guarantee.",,,,,,,,,,,,,,,,,,,,,,,,,,,,,,,,,,,,,,,,,,,,,,,,,,
403cb6773f1a1675c7f7f184c8e8c74848c8e1cd56930a8f81eb78de27e1428a,ur5e_plane_p1_u,ur5e_plane_p1,ur5e,plane,1,u,B0,2,True,True,,,0.3499368199991295,,,0.029640708002261817,1.017075889998523,1.4562930730025982,15.555960610546956,False,planner_feasible,,True,1542,417,0,417,True,0.01712500241064191,7.498810059932692e-05,"All measured work including 30 s checkpoint experiment and validation; selected path is the verified 10 s incumbent, not a 10 s return-time guarantee.",,,,,,,,,,,,,,,,,,,,,,,,,,,,,,,,,,,,,,,,,,,,,,,,,,
403cb6773f1a1675c7f7f184c8e8c74848c8e1cd56930a8f81eb78de27e1428a,ur5e_plane_p1_u,ur5e_plane_p1,ur5e,plane,1,u,B1,0,True,True,True,True,0.2099244849960087,32.654765220002446,,0.02982183200219879,1.0054321249990608,34.219087956000294,15.549831778255303,True,planner_feasible,,True,834,417,0,417,True,0.017125048664357,0.00013995904540642113,"All measured work including 30 s checkpoint experiment and validation; selected path is the verified 10 s incumbent, not a 10 s return-time guarantee.",15.74899999999671,15.74899999999671,2.6979648220003583,1.0,1.0,0.0,0.0009490015719067611,0,0.4065470719114935,0.9828853740738526,0.00012222078823209692,0.0,0.22649566129384358,0.0,0.0,12.061,3.489,0.2,0.005,0.001,0.6404057302252639,17.614079988278604,conservative_3d_component_bounding_box_diagonal,0.149976864813491,0.1500057159932103,0.14993901617191446,9.551259142303909e-05,0.00024978244368870865,1.5629805324860718e-16,1.1783865146624674e-05,1.4121238539954181e-05,0.0,2.4047928055024413e-05,4.246731075469141e-05,0.0,0.0,5.6162204128518134e-05,6.0983828085531266e-05,0.0006751657392529028,0.0008090873698368554,0.00024978244368870865,0.0024331976735143487,2411,2411,9.876951684471002e-05,0.01712498105015445,execution.h5 and actual scan timestamps; no new solve or simulation,Maximum_WallTime_Exceeded,10.0,3
403cb6773f1a1675c7f7f184c8e8c74848c8e1cd56930a8f81eb78de27e1428a,ur5e_plane_p1_u,ur5e_plane_p1,ur5e,plane,1,u,B1,1,True,True,,,0.2100958779992652,32.316865294997115,,0.030040793993975967,1.0327384970005369,33.90971280600206,15.549831778255303,False,planner_feasible,,True,834,417,0,417,True,0.017125048664357,0.00013995904540642113,"All measured work including 30 s checkpoint experiment and validation; selected path is the verified 10 s incumbent, not a 10 s return-time guarantee.",,,,,,,,,,,,,,,,,,,,,,,,,,,,,,,,,,,,,,,,,,,,,,,,Maximum_WallTime_Exceeded,10.0,3
403cb6773f1a1675c7f7f184c8e8c74848c8e1cd56930a8f81eb78de27e1428a,ur5e_plane_p1_u,ur5e_plane_p1,ur5e,plane,1,u,B1,2,True,True,,,0.21000066999840783,32.67255525899964,,0.029638587999215815,1.0201293229984003,34.26661177499773,15.549831778255303,False,planner_feasible,,True,834,417,0,417,True,0.017125048664357,0.00013995904540642113,"All measured work including 30 s checkpoint experiment and validation; selected path is the verified 10 s incumbent, not a 10 s return-time guarantee.",,,,,,,,,,,,,,,,,,,,,,,,,,,,,,,,,,,,,,,,,,,,,,,,Maximum_WallTime_Exceeded,10.0,3
403cb6773f1a1675c7f7f184c8e8c74848c8e1cd56930a8f81eb78de27e1428a,ur5e_plane_p1_u,ur5e_plane_p1,ur5e,plane,1,u,B2,0,True,True,True,True,34.219087956000294,,32.04345396500139,0.0299055209979997,1.0047661089993198,67.81570029100112,15.549831778255303,True,planner_feasible,,,,,,,True,0.017125048664357,,"All measured work including 30 s checkpoint experiment and validation; selected path is the verified 10 s incumbent, not a 10 s return-time guarantee.",15.74899999999671,15.74899999999671,2.6893193959986093,1.0,1.0,0.0,0.0009490015719067611,0,0.4065470719114935,0.9828853740738526,0.00012222078823209692,0.0,0.22649566129384358,0.0,0.0,12.061,3.489,0.2,0.005,0.001,0.6404057302252639,17.614079988278604,conservative_3d_component_bounding_box_diagonal,0.149976864813491,0.1500057159932103,0.14993901617191446,9.551259142303909e-05,0.00024978244368870865,1.5629805324860718e-16,1.1783865146624674e-05,1.4121238539954181e-05,0.0,2.4047928055024413e-05,4.246731075469141e-05,0.0,0.0,5.6162204128518134e-05,6.0983828085531266e-05,0.0006751657392529028,0.0008090873698368554,0.00024978244368870865,0.0024331976735143487,2411,2411,9.876951684471002e-05,0.01712498105015445,execution.h5 and actual scan timestamps; no new solve or simulation,User_Requested_Stop,10.0,3
403cb6773f1a1675c7f7f184c8e8c74848c8e1cd56930a8f81eb78de27e1428a,ur5e_plane_p1_u,ur5e_plane_p1,ur5e,plane,1,u,B2,1,True,True,,,34.219087956000294,,32.34029152400035,0.029676024001673795,1.0139466239998,68.12557099699916,15.549831778255303,False,planner_feasible,,,,,,,True,0.017125048664357,,"All measured work including 30 s checkpoint experiment and validation; selected path is the verified 10 s incumbent, not a 10 s return-time guarantee.",,,,,,,,,,,,,,,,,,,,,,,,,,,,,,,,,,,,,,,,,,,,,,,,User_Requested_Stop,10.0,3
403cb6773f1a1675c7f7f184c8e8c74848c8e1cd56930a8f81eb78de27e1428a,ur5e_plane_p1_u,ur5e_plane_p1,ur5e,plane,1,u,B2,2,True,True,,,34.219087956000294,,32.17409601499821,0.029605645999254193,1.0139525679987855,67.95624950899946,15.549831778255303,False,planner_feasible,,,,,,,True,0.017125048664357,,"All measured work including 30 s checkpoint experiment and validation; selected path is the verified 10 s incumbent, not a 10 s return-time guarantee.",,,,,,,,,,,,,,,,,,,,,,,,,,,,,,,,,,,,,,,,,,,,,,,,User_Requested_Stop,10.0,3
403cb6773f1a1675c7f7f184c8e8c74848c8e1cd56930a8f81eb78de27e1428a,ur5e_plane_p1_u,ur5e_plane_p1,ur5e,plane,1,u,B3,0,False,False,,,,,,,,,,False,not_evaluable,Official example ran; upstream seven-joint IIWA state packing and decoupled Cartesian error box are not yet verified against Panda/UR5e scanner-ray constraints. No surrogate MPC substituted.,,,,,,,,,,,,,,,,,,,,,,,,,,,,,,,,,,,,,,,,,,,,,,,,,,,,,,,,,,,
403cb6773f1a1675c7f7f184c8e8c74848c8e1cd56930a8f81eb78de27e1428a,ur5e_plane_p1_u,ur5e_plane_p1,ur5e,plane,1,u,B3,1,False,False,,,,,,,,,,False,not_evaluable,Official example ran; upstream seven-joint IIWA state packing and decoupled Cartesian error box are not yet verified against Panda/UR5e scanner-ray constraints. No surrogate MPC substituted.,,,,,,,,,,,,,,,,,,,,,,,,,,,,,,,,,,,,,,,,,,,,,,,,,,,,,,,,,,,
403cb6773f1a1675c7f7f184c8e8c74848c8e1cd56930a8f81eb78de27e1428a,ur5e_plane_p1_u,ur5e_plane_p1,ur5e,plane,1,u,B3,2,False,False,,,,,,,,,,False,not_evaluable,Official example ran; upstream seven-joint IIWA state packing and decoupled Cartesian error box are not yet verified against Panda/UR5e scanner-ray constraints. No surrogate MPC substituted.,,,,,,,,,,,,,,,,,,,,,,,,,,,,,,,,,,,,,,,,,,,,,,,,,,,,,,,,,,,
403cb6773f1a1675c7f7f184c8e8c74848c8e1cd56930a8f81eb78de27e1428a,ur5e_plane_p1_u,ur5e_plane_p1,ur5e,plane,1,u,G,0,True,True,True,True,0.20794688299793052,32.60376055499364,,0.03003102899674559,1.0023490809981013,34.16404667700408,15.549831778255303,True,planner_feasible,,True,834,417,0,417,True,0.017125048664357,0.00013995904540642113,"All measured work including 30 s checkpoint experiment and validation; selected path is the verified 10 s incumbent, not a 10 s return-time guarantee.",15.74899999999671,15.74899999999671,2.703969228998176,1.0,1.0,0.0,0.0009490015719067611,0,0.4065470719114935,0.9828853740738526,0.00012222078823209692,0.0,0.22649566129384358,0.0,0.0,12.061,3.489,0.2,0.005,0.001,0.6404057302252639,17.614079988278604,conservative_3d_component_bounding_box_diagonal,0.149976864813491,0.1500057159932103,0.14993901617191446,9.551259142303909e-05,0.00024978244368870865,1.5629805324860718e-16,1.1783865146624674e-05,1.4121238539954181e-05,0.0,2.4047928055024413e-05,4.246731075469141e-05,0.0,0.0,5.6162204128518134e-05,6.0983828085531266e-05,0.0006751657392529028,0.0008090873698368554,0.00024978244368870865,0.0024331976735143487,2411,2411,9.876951684471002e-05,0.01712498105015445,execution.h5 and actual scan timestamps; no new solve or simulation,Maximum_WallTime_Exceeded,10.0,3
403cb6773f1a1675c7f7f184c8e8c74848c8e1cd56930a8f81eb78de27e1428a,ur5e_plane_p1_u,ur5e_plane_p1,ur5e,plane,1,u,G,1,True,True,,,0.20941191200108733,32.539942467999936,,0.02971725100360345,1.0099423329957062,34.1085570810028,15.549831778255303,False,planner_feasible,,True,834,417,0,417,True,0.017125048664357,0.00013995904540642113,"All measured work including 30 s checkpoint experiment and validation; selected path is the verified 10 s incumbent, not a 10 s return-time guarantee.",,,,,,,,,,,,,,,,,,,,,,,,,,,,,,,,,,,,,,,,,,,,,,,,Maximum_WallTime_Exceeded,10.0,3
403cb6773f1a1675c7f7f184c8e8c74848c8e1cd56930a8f81eb78de27e1428a,ur5e_plane_p1_u,ur5e_plane_p1,ur5e,plane,1,u,G,2,True,True,,,0.21019412799796555,32.75501668999641,,0.029964312998345122,1.0091055060038343,34.324427031002415,15.549831778255303,False,planner_feasible,,True,834,417,0,417,True,0.017125048664357,0.00013995904540642113,"All measured work including 30 s checkpoint experiment and validation; selected path is the verified 10 s incumbent, not a 10 s return-time guarantee.",,,,,,,,,,,,,,,,,,,,,,,,,,,,,,,,,,,,,,,,,,,,,,,,Maximum_WallTime_Exceeded,10.0,3
26227b24cb54fbd1ee1f9a2ff9548fd6b42ce382e7b92e4713c9a7c4eba0431e,ur5e_plane_p1_v,ur5e_plane_p1,ur5e,plane,1,v,B0,0,True,True,True,True,0.22190081200096756,,,0.029483639002137352,1.015714825996838,1.3260141490027308,16.310658488992996,True,planner_feasible,,True,900,421,0,421,True,0.017124014356202213,0.00012711465274003024,"All measured work including 30 s checkpoint experiment and validation; selected path is the verified 10 s incumbent, not a 10 s return-time guarantee.",16.509999999997195,16.509999999997195,2.7702239669961273,1.0,1.0,0.0,0.0009463603782737126,0,0.28925229352042536,0.9643497440670524,0.00010877092012573364,0.0,0.2239827462665741,0.0,0.0,11.417,4.894,0.2,0.005,0.001,0.6925007306007729,28.373689142331273,conservative_3d_component_bounding_box_diagonal,0.15000629527158107,0.15001014347526123,0.14998827701876494,0.0001273161112040137,0.0002030609566678445,2.5574981479655277e-16,4.205966149393945e-06,8.684974055120267e-06,0.0,5.204791204842537e-05,5.9729330222572984e-05,0.0,0.0,7.6140933714885486e-06,1.1722981235057217e-05,0.00024098410913516333,0.0004976123585390113,0.0002030609566678445,0.003422238534896626,2285,2285,8.347060403402078e-05,0.017124023135008413,execution.h5 and actual scan timestamps; no new solve or simulation,,,
26227b24cb54fbd1ee1f9a2ff9548fd6b42ce382e7b92e4713c9a7c4eba0431e,ur5e_plane_p1_v,ur5e_plane_p1,ur5e,plane,1,v,B0,1,True,True,,,0.22174663100304315,,,0.02973640599520877,1.007554686999356,1.3186083559994586,16.310658488992996,False,planner_feasible,,True,900,421,0,421,True,0.017124014356202213,0.00012711465274003024,"All measured work including 30 s checkpoint experiment and validation; selected path is the verified 10 s incumbent, not a 10 s return-time guarantee.",,,,,,,,,,,,,,,,,,,,,,,,,,,,,,,,,,,,,,,,,,,,,,,,,,
26227b24cb54fbd1ee1f9a2ff9548fd6b42ce382e7b92e4713c9a7c4eba0431e,ur5e_plane_p1_v,ur5e_plane_p1,ur5e,plane,1,v,B0,2,True,True,,,0.22168798799975775,,,0.029441378996125422,1.0052534110000124,1.3148917210055515,16.310658488992996,False,planner_feasible,,True,900,421,0,421,True,0.017124014356202213,0.00012711465274003024,"All measured work including 30 s checkpoint experiment and validation; selected path is the verified 10 s incumbent, not a 10 s return-time guarantee.",,,,,,,,,,,,,,,,,,,,,,,,,,,,,,,,,,,,,,,,,,,,,,,,,,
26227b24cb54fbd1ee1f9a2ff9548fd6b42ce382e7b92e4713c9a7c4eba0431e,ur5e_plane_p1_v,ur5e_plane_p1,ur5e,plane,1,v,B1,0,True,True,True,True,0.2130107679986395,30.960925478997524,,0.02967192300275201,1.0100535390010918,32.521294354999554,16.309168073356023,True,planner_feasible,,True,842,421,0,421,True,0.01712401322049917,0.00012825392761645928,"All measured work including 30 s checkpoint experiment and validation; selected path is the verified 10 s incumbent, not a 10 s return-time guarantee.",16.508999999997194,16.508999999997194,2.7485793540035957,1.0,1.0,0.0,0.0009447718085704657,0,0.28943572619262703,0.9652635759251338,0.00010614892852042757,0.0,0.2238287355376553,0.0,0.0,11.419,4.891,0.2,0.005,0.001,0.6932560116480422,28.724348826820236,conservative_3d_component_bounding_box_diagonal,0.15000630737276838,0.1500086366029427,0.1499903576206521,0.0001282877418339882,0.0002045353026877441,2.5574981479655277e-16,6.4537684179020774e-06,1.2138767977372325e-05,0.0,5.268013376046211e-05,6.11126378650112e-05,0.0,0.0,7.5314513118041035e-06,9.642379347890584e-06,0.0003697736923006116,0.000695500173591989,0.0002045353026877441,0.0035014962245765277,2285,2285,8.548003746795227e-05,0.01712399450599751,execution.h5 and actual scan timestamps; no new solve or simulation,User_Requested_Stop,10.0,3
26227b24cb54fbd1ee1f9a2ff9548fd6b42ce382e7b92e4713c9a7c4eba0431e,ur5e_plane_p1_v,ur5e_plane_p1,ur5e,plane,1,v,B1,1,True,True,,,0.21200242299528327,30.98533692699857,,0.029492893001588527,1.0042378369980725,32.5385908390017,16.309168073356023,False,planner_feasible,,True,842,421,0,421,True,0.01712401322049917,0.00012825392761645928,"All measured work including 30 s checkpoint experiment and validation; selected path is the verified 10 s incumbent, not a 10 s return-time guarantee.",,,,,,,,,,,,,,,,,,,,,,,,,,,,,,,,,,,,,,,,,,,,,,,,User_Requested_Stop,10.0,3
26227b24cb54fbd1ee1f9a2ff9548fd6b42ce382e7b92e4713c9a7c4eba0431e,ur5e_plane_p1_v,ur5e_plane_p1,ur5e,plane,1,v,B1,2,True,True,,,0.21275101500214078,30.94697929299582,,0.029673500001081266,1.0090412749996176,32.52196555199771,16.309168073356023,False,planner_feasible,,True,842,421,0,421,True,0.01712401322049917,0.00012825392761645928,"All measured work including 30 s checkpoint experiment and validation; selected path is the verified 10 s incumbent, not a 10 s return-time guarantee.",,,,,,,,,,,,,,,,,,,,,,,,,,,,,,,,,,,,,,,,,,,,,,,,User_Requested_Stop,10.0,3
26227b24cb54fbd1ee1f9a2ff9548fd6b42ce382e7b92e4713c9a7c4eba0431e,ur5e_plane_p1_v,ur5e_plane_p1,ur5e,plane,1,v,B2,0,True,True,True,True,32.521294354999554,,31.253549137996743,0.03012165999825811,1.007891096000094,65.31472841599316,16.309168073356023,True,planner_feasible,,,,,,,True,0.01712401322049917,,"All measured work including 30 s checkpoint experiment and validation; selected path is the verified 10 s incumbent, not a 10 s return-time guarantee.",16.508999999997194,16.508999999997194,2.7789145179995103,1.0,1.0,0.0,0.0009447718085704657,0,0.28943572619262703,0.9652635759251338,0.00010614892852042757,0.0,0.2238287355376553,0.0,0.0,11.419,4.891,0.2,0.005,0.001,0.6932560116480422,28.724348826820236,conservative_3d_component_bounding_box_diagonal,0.15000630737276838,0.1500086366029427,0.1499903576206521,0.0001282877418339882,0.0002045353026877441,2.5574981479655277e-16,6.4537684179020774e-06,1.2138767977372325e-05,0.0,5.268013376046211e-05,6.11126378650112e-05,0.0,0.0,7.5314513118041035e-06,9.642379347890584e-06,0.0003697736923006116,0.000695500173591989,0.0002045353026877441,0.0035014962245765277,2285,2285,8.548003746795227e-05,0.01712399450599751,execution.h5 and actual scan timestamps; no new solve or simulation,User_Requested_Stop,10.0,3
26227b24cb54fbd1ee1f9a2ff9548fd6b42ce382e7b92e4713c9a7c4eba0431e,ur5e_plane_p1_v,ur5e_plane_p1,ur5e,plane,1,v,B2,1,True,True,,,32.521294354999554,,31.199253571001464,0.02956857499520993,1.0171703860032721,65.27470421500038,16.309168073356023,False,planner_feasible,,,,,,,True,0.01712401322049917,,"All measured work including 30 s checkpoint experiment and validation; selected path is the verified 10 s incumbent, not a 10 s return-time guarantee.",,,,,,,,,,,,,,,,,,,,,,,,,,,,,,,,,,,,,,,,,,,,,,,,User_Requested_Stop,10.0,3
26227b24cb54fbd1ee1f9a2ff9548fd6b42ce382e7b92e4713c9a7c4eba0431e,ur5e_plane_p1_v,ur5e_plane_p1,ur5e,plane,1,v,B2,2,True,True,,,32.521294354999554,,31.291924636003387,0.02964629200141644,1.0147351249979693,65.36355996399652,16.309168073356023,False,planner_feasible,,,,,,,True,0.01712401322049917,,"All measured work including 30 s checkpoint experiment and validation; selected path is the verified 10 s incumbent, not a 10 s return-time guarantee.",,,,,,,,,,,,,,,,,,,,,,,,,,,,,,,,,,,,,,,,,,,,,,,,User_Requested_Stop,10.0,3
26227b24cb54fbd1ee1f9a2ff9548fd6b42ce382e7b92e4713c9a7c4eba0431e,ur5e_plane_p1_v,ur5e_plane_p1,ur5e,plane,1,v,B3,0,False,False,,,,,,,,,,False,not_evaluable,Official example ran; upstream seven-joint IIWA state packing and decoupled Cartesian error box are not yet verified against Panda/UR5e scanner-ray constraints. No surrogate MPC substituted.,,,,,,,,,,,,,,,,,,,,,,,,,,,,,,,,,,,,,,,,,,,,,,,,,,,,,,,,,,,
26227b24cb54fbd1ee1f9a2ff9548fd6b42ce382e7b92e4713c9a7c4eba0431e,ur5e_plane_p1_v,ur5e_plane_p1,ur5e,plane,1,v,B3,1,False,False,,,,,,,,,,False,not_evaluable,Official example ran; upstream seven-joint IIWA state packing and decoupled Cartesian error box are not yet verified against Panda/UR5e scanner-ray constraints. No surrogate MPC substituted.,,,,,,,,,,,,,,,,,,,,,,,,,,,,,,,,,,,,,,,,,,,,,,,,,,,,,,,,,,,
26227b24cb54fbd1ee1f9a2ff9548fd6b42ce382e7b92e4713c9a7c4eba0431e,ur5e_plane_p1_v,ur5e_plane_p1,ur5e,plane,1,v,B3,2,False,False,,,,,,,,,,False,not_evaluable,Official example ran; upstream seven-joint IIWA state packing and decoupled Cartesian error box are not yet verified against Panda/UR5e scanner-ray constraints. No surrogate MPC substituted.,,,,,,,,,,,,,,,,,,,,,,,,,,,,,,,,,,,,,,,,,,,,,,,,,,,,,,,,,,,
26227b24cb54fbd1ee1f9a2ff9548fd6b42ce382e7b92e4713c9a7c4eba0431e,ur5e_plane_p1_v,ur5e_plane_p1,ur5e,plane,1,v,G,0,True,True,True,True,0.2109316670030239,31.283204693005246,,0.029854813001293223,1.020925721997628,32.85776555100165,16.309168073356023,True,planner_feasible,,True,842,421,0,421,True,0.01712401322049917,0.00012825392761645928,"All measured work including 30 s checkpoint experiment and validation; selected path is the verified 10 s incumbent, not a 10 s return-time guarantee.",16.508999999997194,16.508999999997194,2.753588622996176,1.0,1.0,0.0,0.0009447718085704657,0,0.28943572619262703,0.9652635759251338,0.00010614892852042757,0.0,0.2238287355376553,0.0,0.0,11.419,4.891,0.2,0.005,0.001,0.6932560116480422,28.724348826820236,conservative_3d_component_bounding_box_diagonal,0.15000630737276838,0.1500086366029427,0.1499903576206521,0.0001282877418339882,0.0002045353026877441,2.5574981479655277e-16,6.4537684179020774e-06,1.2138767977372325e-05,0.0,5.268013376046211e-05,6.11126378650112e-05,0.0,0.0,7.5314513118041035e-06,9.642379347890584e-06,0.0003697736923006116,0.000695500173591989,0.0002045353026877441,0.0035014962245765277,2285,2285,8.548003746795227e-05,0.01712399450599751,execution.h5 and actual scan timestamps; no new solve or simulation,User_Requested_Stop,10.0,3
26227b24cb54fbd1ee1f9a2ff9548fd6b42ce382e7b92e4713c9a7c4eba0431e,ur5e_plane_p1_v,ur5e_plane_p1,ur5e,plane,1,v,G,1,True,True,,,0.21157447899895487,31.140871993993642,,0.03009161999943899,1.013516396000341,32.708004995998635,16.309168073356023,False,planner_feasible,,True,842,421,0,421,True,0.01712401322049917,0.00012825392761645928,"All measured work including 30 s checkpoint experiment and validation; selected path is the verified 10 s incumbent, not a 10 s return-time guarantee.",,,,,,,,,,,,,,,,,,,,,,,,,,,,,,,,,,,,,,,,,,,,,,,,User_Requested_Stop,10.0,3
26227b24cb54fbd1ee1f9a2ff9548fd6b42ce382e7b92e4713c9a7c4eba0431e,ur5e_plane_p1_v,ur5e_plane_p1,ur5e,plane,1,v,G,2,True,True,,,0.21136322999518597,30.870751937000023,,0.029473565002263058,1.0038693629976478,32.43057726299594,16.309168073356023,False,planner_feasible,,True,842,421,0,421,True,0.01712401322049917,0.00012825392761645928,"All measured work including 30 s checkpoint experiment and validation; selected path is the verified 10 s incumbent, not a 10 s return-time guarantee.",,,,,,,,,,,,,,,,,,,,,,,,,,,,,,,,,,,,,,,,,,,,,,,,User_Requested_Stop,10.0,3
512f782109f8188da0d9abc0c832e86278e011a39690b19c4fd78abb5a46d0f5,ur5e_saddle_p0_u,ur5e_saddle_p0,ur5e,saddle,0,u,B0,0,True,True,True,True,0.21391262100223685,,,0.030379800002265256,1.01184487700084,1.3153037480005878,15.546118300179574,True,planner_feasible,,True,860,417,0,417,True,0.01712314215125613,0.00013362551016537932,"All measured work including 30 s checkpoint experiment and validation; selected path is the verified 10 s incumbent, not a 10 s return-time guarantee.",15.745999999996712,15.745999999996712,2.8257579320052173,0.9999999999999961,0.9999999999999961,0.0,0.0009381004680222986,0,0.31097948539671755,0.9762670543442428,0.00010118897730426735,0.0,0.16697931173656008,0.0,0.0,12.064,3.483,0.2,0.005,0.001,0.5952904819125662,21.51736596085642,conservative_3d_component_bounding_box_diagonal,0.15001665825605215,0.1500208444418271,0.149998546755013,8.579755103363538e-05,0.00016165056991048832,2.4019500181425534e-16,0.0001482355502418404,0.0003043231978369575,0.0,3.690432625713724e-05,5.7477701888597704e-05,0.0,0.0,1.665825605214888e-05,2.0844441827094773e-05,0.008493271402656925,0.017436434843982447,0.00016165056991048832,0.0032932297343277695,2413,2413,6.839292248209671e-05,0.017123156052610226,execution.h5 and actual scan timestamps; no new solve or simulation,,,
512f782109f8188da0d9abc0c832e86278e011a39690b19c4fd78abb5a46d0f5,ur5e_saddle_p0_u,ur5e_saddle_p0,ur5e,saddle,0,u,B0,1,True,True,,,0.21373448400117923,,,0.03044910399330547,1.0097086099995067,1.3127785230026348,15.546118300179574,False,planner_feasible,,True,860,417,0,417,True,0.01712314215125613,0.00013362551016537932,"All measured work including 30 s checkpoint experiment and validation; selected path is the verified 10 s incumbent, not a 10 s return-time guarantee.",,,,,,,,,,,,,,,,,,,,,,,,,,,,,,,,,,,,,,,,,,,,,,,,,,
512f782109f8188da0d9abc0c832e86278e011a39690b19c4fd78abb5a46d0f5,ur5e_saddle_p0_u,ur5e_saddle_p0,ur5e,saddle,0,u,B0,2,True,True,,,0.21393900800467236,,,0.030193423997843638,1.0124025360055384,1.315370525997423,15.546118300179574,False,planner_feasible,,True,860,417,0,417,True,0.01712314215125613,0.00013362551016537932,"All measured work including 30 s checkpoint experiment and validation; selected path is the verified 10 s incumbent, not a 10 s return-time guarantee.",,,,,,,,,,,,,,,,,,,,,,,,,,,,,,,,,,,,,,,,,,,,,,,,,,
512f782109f8188da0d9abc0c832e86278e011a39690b19c4fd78abb5a46d0f5,ur5e_saddle_p0_u,ur5e_saddle_p0,ur5e,saddle,0,u,B1,0,True,True,True,False,0.20860220300528454,32.451133241003845,,0.03028535799967358,1.0125756429988542,34.0314342940037,14.637103378575876,True,planner_feasible,,True,834,417,0,413,True,0.017123126813501213,0.0031588968954905177,"All measured work including 30 s checkpoint experiment and validation; selected path is the verified 10 s incumbent, not a 10 s return-time guarantee.",14.836999999997216,14.836999999997216,2.7006183129997225,0.9999213248405687,0.9999475458690698,0.002006712734797885,0.0009620075290876774,0,0.320686960023583,1.0009077186428896,8.988054424791114e-05,0.0,0.16368027621510683,0.0,0.0,11.713000000000001,2.9250000000000003,0.2,0.005,0.001,0.5426665585073582,17.589145001913398,conservative_3d_component_bounding_box_diagonal,0.1500199934027617,0.1500228952980911,0.1499972146815286,0.0001464793870010457,0.0002526069505969145,2.4019500181425534e-16,0.007600601969925899,0.012239556874558551,0.0,0.0031562501440707677,0.009207409597670795,0.0,0.0,1.9993402761714354e-05,2.2895298091102356e-05,0.43548241463557347,0.7012749520225378,0.0002526069505969145,0.5275457101947839,2343,2343,6.761632070528822e-05,0.0171231257314813,execution.h5 and actual scan timestamps; no new solve or simulation,Maximum_WallTime_Exceeded,10.0,3
512f782109f8188da0d9abc0c832e86278e011a39690b19c4fd78abb5a46d0f5,ur5e_saddle_p0_u,ur5e_saddle_p0,ur5e,saddle,0,u,B1,1,True,True,,,0.2086024419986643,32.5606989240041,,0.030469578996417113,1.0253155079990393,34.154883499999414,14.637103378575876,False,planner_feasible,,True,834,417,0,413,True,0.017123126813501213,0.0031588968954905177,"All measured work including 30 s checkpoint experiment and validation; selected path is the verified 10 s incumbent, not a 10 s return-time guarantee.",,,,,,,,,,,,,,,,,,,,,,,,,,,,,,,,,,,,,,,,,,,,,,,,Maximum_WallTime_Exceeded,10.0,3
512f782109f8188da0d9abc0c832e86278e011a39690b19c4fd78abb5a46d0f5,ur5e_saddle_p0_u,ur5e_saddle_p0,ur5e,saddle,0,u,B1,2,True,True,,,0.20940783599507995,32.4493434879987,,0.030331370995554607,1.0107864669989794,34.02851319000183,14.637103378575876,False,planner_feasible,,True,834,417,0,413,True,0.017123126813501213,0.0031588968954905177,"All measured work including 30 s checkpoint experiment and validation; selected path is the verified 10 s incumbent, not a 10 s return-time guarantee.",,,,,,,,,,,,,,,,,,,,,,,,,,,,,,,,,,,,,,,,,,,,,,,,Maximum_WallTime_Exceeded,10.0,3
512f782109f8188da0d9abc0c832e86278e011a39690b19c4fd78abb5a46d0f5,ur5e_saddle_p0_u,ur5e_saddle_p0,ur5e,saddle,0,u,B2,0,True,True,True,False,34.0314342940037,,30.84169077000115,0.030396547001146246,1.0220681900027557,66.44398250400263,14.637103378575876,True,planner_feasible,,,,,,,True,0.017123126813501213,,"All measured work including 30 s checkpoint experiment and validation; selected path is the verified 10 s incumbent, not a 10 s return-time guarantee.",14.836999999997216,14.836999999997216,2.685655974004476,0.9999213248405687,0.9999475458690698,0.002006712734797885,0.0009620075290876774,0,0.320686960023583,1.0009077186428896,8.988054424791114e-05,0.0,0.16368027621510683,0.0,0.0,11.713000000000001,2.9250000000000003,0.2,0.005,0.001,0.5426665585073582,17.589145001913398,conservative_3d_component_bounding_box_diagonal,0.1500199934027617,0.1500228952980911,0.1499972146815286,0.0001464793870010457,0.0002526069505969145,2.4019500181425534e-16,0.007600601969925899,0.012239556874558551,0.0,0.0031562501440707677,0.009207409597670795,0.0,0.0,1.9993402761714354e-05,2.2895298091102356e-05,0.43548241463557347,0.7012749520225378,0.0002526069505969145,0.5275457101947839,2343,2343,6.761632070528822e-05,0.0171231257314813,execution.h5 and actual scan timestamps; no new solve or simulation,User_Requested_Stop,10.0,3
512f782109f8188da0d9abc0c832e86278e011a39690b19c4fd78abb5a46d0f5,ur5e_saddle_p0_u,ur5e_saddle_p0,ur5e,saddle,0,u,B2,1,True,True,,,34.0314342940037,,31.03233026700036,0.030499535001581535,1.020911896994221,66.62998138700641,14.637103378575876,False,planner_feasible,,,,,,,True,0.017123126813501213,,"All measured work including 30 s checkpoint experiment and validation; selected path is the verified 10 s incumbent, not a 10 s return-time guarantee.",,,,,,,,,,,,,,,,,,,,,,,,,,,,,,,,,,,,,,,,,,,,,,,,User_Requested_Stop,10.0,3
512f782109f8188da0d9abc0c832e86278e011a39690b19c4fd78abb5a46d0f5,ur5e_saddle_p0_u,ur5e_saddle_p0,ur5e,saddle,0,u,B2,2,True,True,,,34.0314342940037,,30.631065894995118,0.03037074099847814,1.005243033003353,66.2127488170081,14.637103378575876,False,planner_feasible,,,,,,,True,0.017123126813501213,,"All measured work including 30 s checkpoint experiment and validation; selected path is the verified 10 s incumbent, not a 10 s return-time guarantee.",,,,,,,,,,,,,,,,,,,,,,,,,,,,,,,,,,,,,,,,,,,,,,,,User_Requested_Stop,10.0,3
512f782109f8188da0d9abc0c832e86278e011a39690b19c4fd78abb5a46d0f5,ur5e_saddle_p0_u,ur5e_saddle_p0,ur5e,saddle,0,u,B3,0,False,False,,,,,,,,,,False,not_evaluable,Official example ran; upstream seven-joint IIWA state packing and decoupled Cartesian error box are not yet verified against Panda/UR5e scanner-ray constraints. No surrogate MPC substituted.,,,,,,,,,,,,,,,,,,,,,,,,,,,,,,,,,,,,,,,,,,,,,,,,,,,,,,,,,,,
512f782109f8188da0d9abc0c832e86278e011a39690b19c4fd78abb5a46d0f5,ur5e_saddle_p0_u,ur5e_saddle_p0,ur5e,saddle,0,u,B3,1,False,False,,,,,,,,,,False,not_evaluable,Official example ran; upstream seven-joint IIWA state packing and decoupled Cartesian error box are not yet verified against Panda/UR5e scanner-ray constraints. No surrogate MPC substituted.,,,,,,,,,,,,,,,,,,,,,,,,,,,,,,,,,,,,,,,,,,,,,,,,,,,,,,,,,,,
512f782109f8188da0d9abc0c832e86278e011a39690b19c4fd78abb5a46d0f5,ur5e_saddle_p0_u,ur5e_saddle_p0,ur5e,saddle,0,u,B3,2,False,False,,,,,,,,,,False,not_evaluable,Official example ran; upstream seven-joint IIWA state packing and decoupled Cartesian error box are not yet verified against Panda/UR5e scanner-ray constraints. No surrogate MPC substituted.,,,,,,,,,,,,,,,,,,,,,,,,,,,,,,,,,,,,,,,,,,,,,,,,,,,,,,,,,,,
512f782109f8188da0d9abc0c832e86278e011a39690b19c4fd78abb5a46d0f5,ur5e_saddle_p0_u,ur5e_saddle_p0,ur5e,saddle,0,u,G,0,True,True,True,False,0.20786769900587387,32.645793772993784,,0.03023061199928634,1.0111852050031302,34.224521324002126,14.637103378575876,True,planner_feasible,,True,834,417,0,413,True,0.017123126813501213,0.0031588968954905177,"All measured work including 30 s checkpoint experiment and validation; selected path is the verified 10 s incumbent, not a 10 s return-time guarantee.",14.836999999997216,14.836999999997216,2.6880565829997067,0.9999213248405687,0.9999475458690698,0.002006712734797885,0.0009620075290876774,0,0.320686960023583,1.0009077186428896,8.988054424791114e-05,0.0,0.16368027621510683,0.0,0.0,11.713000000000001,2.9250000000000003,0.2,0.005,0.001,0.5426665585073582,17.589145001913398,conservative_3d_component_bounding_box_diagonal,0.1500199934027617,0.1500228952980911,0.1499972146815286,0.0001464793870010457,0.0002526069505969145,2.4019500181425534e-16,0.007600601969925899,0.012239556874558551,0.0,0.0031562501440707677,0.009207409597670795,0.0,0.0,1.9993402761714354e-05,2.2895298091102356e-05,0.43548241463557347,0.7012749520225378,0.0002526069505969145,0.5275457101947839,2343,2343,6.761632070528822e-05,0.0171231257314813,execution.h5 and actual scan timestamps; no new solve or simulation,Maximum_WallTime_Exceeded,10.0,3
512f782109f8188da0d9abc0c832e86278e011a39690b19c4fd78abb5a46d0f5,ur5e_saddle_p0_u,ur5e_saddle_p0,ur5e,saddle,0,u,G,1,True,True,,,0.20777831700252136,32.440007097997295,,0.03038277899759123,1.0197756190027576,34.0277072799945,14.637103378575876,False,planner_feasible,,True,834,417,0,413,True,0.017123126813501213,0.0031588968954905177,"All measured work including 30 s checkpoint experiment and validation; selected path is the verified 10 s incumbent, not a 10 s return-time guarantee.",,,,,,,,,,,,,,,,,,,,,,,,,,,,,,,,,,,,,,,,,,,,,,,,Maximum_WallTime_Exceeded,10.0,3
512f782109f8188da0d9abc0c832e86278e011a39690b19c4fd78abb5a46d0f5,ur5e_saddle_p0_u,ur5e_saddle_p0,ur5e,saddle,0,u,G,2,True,True,,,0.20765027399465907,32.61016325699893,,0.03035766699758824,1.0282835329999216,34.20674064299965,14.637103378575876,False,planner_feasible,,True,834,417,0,413,True,0.017123126813501213,0.0031588968954905177,"All measured work including 30 s checkpoint experiment and validation; selected path is the verified 10 s incumbent, not a 10 s return-time guarantee.",,,,,,,,,,,,,,,,,,,,,,,,,,,,,,,,,,,,,,,,,,,,,,,,Maximum_WallTime_Exceeded,10.0,3
36b3d3486fc1b60616750c9293d770932ac4609219d8fed3920864fd4b552a68,ur5e_saddle_p0_v,ur5e_saddle_p0,ur5e,saddle,0,v,B0,0,True,True,False,False,0.34667663300206186,,,0.03005370599566959,1.0148331259988481,1.4539705839997623,16.851450216352816,True,planner_feasible,,True,1522,421,0,421,True,0.017122884847550444,0.00012461243086716526,"All measured work including 30 s checkpoint experiment and validation; selected path is the verified 10 s incumbent, not a 10 s return-time guarantee.",,17.050999999997856,3.0333520780041,0.9999999999999961,0.9999999999999961,0.0,0.0009695345916338626,0,0.4899448564936128,1.0115477430224598,0.00010795661186707717,0.0,0.16946802840405753,0.0,0.004,11.784,5.0680000000000005,0.2,0.005,0.001,0.8949135708373895,20.736691850232937,conservative_3d_component_bounding_box_diagonal,0.15007139722847923,0.15009943067654502,0.14992868335216966,0.00011488768903379042,0.0001991495574001607,1.8580176062982074e-16,0.00027135486949467143,0.0004497639601450897,0.0,0.00016268857124554135,0.00022036738040733073,0.0,0.0,7.139722847924885e-05,9.943067654502591e-05,0.015547488772367923,0.025769576693403802,0.0001991495574001607,0.01262612083969396,2358,2358,9.129626380137423e-05,0.017122873277520267,execution.h5 and actual scan timestamps; no new solve or simulation,,,
36b3d3486fc1b60616750c9293d770932ac4609219d8fed3920864fd4b552a68,ur5e_saddle_p0_v,ur5e_saddle_p0,ur5e,saddle,0,v,B0,1,True,True,,,0.34669790499901865,,,0.02995427900168579,1.0113487250055186,1.4495817190036178,16.851450216352816,False,planner_feasible,,True,1522,421,0,421,True,0.017122884847550444,0.00012461243086716526,"All measured work including 30 s checkpoint experiment and validation; selected path is the verified 10 s incumbent, not a 10 s return-time guarantee.",,,,,,,,,,,,,,,,,,,,,,,,,,,,,,,,,,,,,,,,,,,,,,,,,,
36b3d3486fc1b60616750c9293d770932ac4609219d8fed3920864fd4b552a68,ur5e_saddle_p0_v,ur5e_saddle_p0,ur5e,saddle,0,v,B0,2,True,True,,,0.3470512499989127,,,0.0301536849947297,1.0134827719957684,1.4522667510027532,16.851450216352816,False,planner_feasible,,True,1522,421,0,421,True,0.017122884847550444,0.00012461243086716526,"All measured work including 30 s checkpoint experiment and validation; selected path is the verified 10 s incumbent, not a 10 s return-time guarantee.",,,,,,,,,,,,,,,,,,,,,,,,,,,,,,,,,,,,,,,,,,,,,,,,,,
36b3d3486fc1b60616750c9293d770932ac4609219d8fed3920864fd4b552a68,ur5e_saddle_p0_v,ur5e_saddle_p0,ur5e,saddle,0,v,B1,0,True,True,True,True,0.21055922700179508,31.629062335996423,,0.03023255399602931,1.0197412409979734,33.212842932996864,16.988564741865556,True,planner_feasible,,True,842,421,0,421,True,0.017122904204956196,0.00043517083170386086,"All measured work including 30 s checkpoint experiment and validation; selected path is the verified 10 s incumbent, not a 10 s return-time guarantee.",17.187999999998024,17.187999999998024,3.037397489999421,0.9999999999999961,0.9999999999999961,0.0,0.0009606447239217324,0,0.4856198718821835,0.987862933573796,0.00011800839853104428,0.0,0.16913236119734074,0.0,0.0,11.912,5.077,0.2,0.005,0.001,0.8843885870256821,20.59063712812812,conservative_3d_component_bounding_box_diagonal,0.150089827916231,0.15012226047513516,0.14993669863708184,0.00011698935033773438,0.00021002065602675725,1.8580176062982074e-16,0.0008524590553241303,0.0014005114443934482,0.0,0.0011125885354239327,0.0014570914939324954,0.0,0.0,8.982791623099448e-05,0.00012226047513516636,0.04884230607778182,0.08024339492351545,0.00021002065602675725,0.08348519296674399,2384,2384,9.340910044630183e-05,0.017122911528429825,execution.h5 and actual scan timestamps; no new solve or simulation,User_Requested_Stop,10.0,3
36b3d3486fc1b60616750c9293d770932ac4609219d8fed3920864fd4b552a68,ur5e_saddle_p0_v,ur5e_saddle_p0,ur5e,saddle,0,v,B1,1,True,True,,,0.21181287299987162,31.824365785003465,,0.03006335499958368,1.0112678829973447,33.395006564998766,16.988564741865556,False,planner_feasible,,True,842,421,0,421,True,0.017122904204956196,0.00043517083170386086,"All measured work including 30 s checkpoint experiment and validation; selected path is the verified 10 s incumbent, not a 10 s return-time guarantee.",,,,,,,,,,,,,,,,,,,,,,,,,,,,,,,,,,,,,,,,,,,,,,,,User_Requested_Stop,10.0,3
36b3d3486fc1b60616750c9293d770932ac4609219d8fed3920864fd4b552a68,ur5e_saddle_p0_v,ur5e_saddle_p0,ur5e,saddle,0,v,B1,2,True,True,,,0.21042689699970651,31.822001127002295,,0.030049829998461064,1.0187760789995082,33.40059725800529,16.988564741865556,False,planner_feasible,,True,842,421,0,421,True,0.017122904204956196,0.00043517083170386086,"All measured work including 30 s checkpoint experiment and validation; selected path is the verified 10 s incumbent, not a 10 s return-time guarantee.",,,,,,,,,,,,,,,,,,,,,,,,,,,,,,,,,,,,,,,,,,,,,,,,User_Requested_Stop,10.0,3
36b3d3486fc1b60616750c9293d770932ac4609219d8fed3920864fd4b552a68,ur5e_saddle_p0_v,ur5e_saddle_p0,ur5e,saddle,0,v,B2,0,True,True,True,True,33.212842932996864,,32.39734489800321,0.03019369300454855,1.0072519430032116,67.15044605899311,16.988564741865556,True,planner_feasible,,,,,,,True,0.017122904204956196,,"All measured work including 30 s checkpoint experiment and validation; selected path is the verified 10 s incumbent, not a 10 s return-time guarantee.",17.187999999998024,17.187999999998024,3.0046693140029674,0.9999999999999961,0.9999999999999961,0.0,0.0009606447239217324,0,0.4856198718821835,0.987862933573796,0.00011800839853104428,0.0,0.16913236119734074,0.0,0.0,11.912,5.077,0.2,0.005,0.001,0.8843885870256821,20.59063712812812,conservative_3d_component_bounding_box_diagonal,0.150089827916231,0.15012226047513516,0.14993669863708184,0.00011698935033773438,0.00021002065602675725,1.8580176062982074e-16,0.0008524590553241303,0.0014005114443934482,0.0,0.0011125885354239327,0.0014570914939324954,0.0,0.0,8.982791623099448e-05,0.00012226047513516636,0.04884230607778182,0.08024339492351545,0.00021002065602675725,0.08348519296674399,2384,2384,9.340910044630183e-05,0.017122911528429825,execution.h5 and actual scan timestamps; no new solve or simulation,User_Requested_Stop,10.0,3
36b3d3486fc1b60616750c9293d770932ac4609219d8fed3920864fd4b552a68,ur5e_saddle_p0_v,ur5e_saddle_p0,ur5e,saddle,0,v,B2,1,True,True,,,33.212842932996864,,32.30333368299762,0.03084201700403355,1.0149133640006767,67.06122793500253,16.988564741865556,False,planner_feasible,,,,,,,True,0.017122904204956196,,"All measured work including 30 s checkpoint experiment and validation; selected path is the verified 10 s incumbent, not a 10 s return-time guarantee.",,,,,,,,,,,,,,,,,,,,,,,,,,,,,,,,,,,,,,,,,,,,,,,,User_Requested_Stop,10.0,3
36b3d3486fc1b60616750c9293d770932ac4609219d8fed3920864fd4b552a68,ur5e_saddle_p0_v,ur5e_saddle_p0,ur5e,saddle,0,v,B2,2,True,True,,,33.212842932996864,,32.389500593002595,0.030451059006736614,1.0224027869990095,67.16364606599382,16.988564741865556,False,planner_feasible,,,,,,,True,0.017122904204956196,,"All measured work including 30 s checkpoint experiment and validation; selected path is the verified 10 s incumbent, not a 10 s return-time guarantee.",,,,,,,,,,,,,,,,,,,,,,,,,,,,,,,,,,,,,,,,,,,,,,,,User_Requested_Stop,10.0,3
36b3d3486fc1b60616750c9293d770932ac4609219d8fed3920864fd4b552a68,ur5e_saddle_p0_v,ur5e_saddle_p0,ur5e,saddle,0,v,B3,0,False,False,,,,,,,,,,False,not_evaluable,Official example ran; upstream seven-joint IIWA state packing and decoupled Cartesian error box are not yet verified against Panda/UR5e scanner-ray constraints. No surrogate MPC substituted.,,,,,,,,,,,,,,,,,,,,,,,,,,,,,,,,,,,,,,,,,,,,,,,,,,,,,,,,,,,
36b3d3486fc1b60616750c9293d770932ac4609219d8fed3920864fd4b552a68,ur5e_saddle_p0_v,ur5e_saddle_p0,ur5e,saddle,0,v,B3,1,False,False,,,,,,,,,,False,not_evaluable,Official example ran; upstream seven-joint IIWA state packing and decoupled Cartesian error box are not yet verified against Panda/UR5e scanner-ray constraints. No surrogate MPC substituted.,,,,,,,,,,,,,,,,,,,,,,,,,,,,,,,,,,,,,,,,,,,,,,,,,,,,,,,,,,,
36b3d3486fc1b60616750c9293d770932ac4609219d8fed3920864fd4b552a68,ur5e_saddle_p0_v,ur5e_saddle_p0,ur5e,saddle,0,v,B3,2,False,False,,,,,,,,,,False,not_evaluable,Official example ran; upstream seven-joint IIWA state packing and decoupled Cartesian error box are not yet verified against Panda/UR5e scanner-ray constraints. No surrogate MPC substituted.,,,,,,,,,,,,,,,,,,,,,,,,,,,,,,,,,,,,,,,,,,,,,,,,,,,,,,,,,,,
36b3d3486fc1b60616750c9293d770932ac4609219d8fed3920864fd4b552a68,ur5e_saddle_p0_v,ur5e_saddle_p0,ur5e,saddle,0,v,G,0,True,True,False,False,0.21188506099861115,31.828868413002056,,0.030086079001193866,1.009135154003161,33.3966383750012,16.842311717117997,True,planner_feasible,,True,842,421,0,421,True,0.01712287712253335,0.0001193325941796918,"All measured work including 30 s checkpoint experiment and validation; selected path is the verified 10 s incumbent, not a 10 s return-time guarantee.",,17.041999999997845,2.9652164399958565,0.9999999999999961,0.9999999999999961,0.0,0.0009675208151231505,0,0.490153445212951,1.0063570986786572,0.00011795649004761599,0.0,0.1694643324503402,0.0,0.002,11.78,5.063,0.2,0.005,0.001,0.8963016059621777,20.8253332201965,conservative_3d_component_bounding_box_diagonal,0.1500891568039619,0.1501215789751424,0.14993572271010802,0.00011616997190809466,0.00021160646491911455,1.8580176062982074e-16,0.00047742927109140635,0.0005821879961946109,0.0,0.00017446925033344312,0.00022798662482137824,0.0,0.0,8.915680396190673e-05,0.00012157897514239457,0.027354682249544827,0.03335691506512964,0.00021160646491911455,0.01306267138769751,2355,2355,9.110432563593646e-05,0.0171228992009624,execution.h5 and actual scan timestamps; no new solve or simulation,User_Requested_Stop,10.0,3
36b3d3486fc1b60616750c9293d770932ac4609219d8fed3920864fd4b552a68,ur5e_saddle_p0_v,ur5e_saddle_p0,ur5e,saddle,0,v,G,1,True,True,,,0.21034412999870256,31.719211126001028,,0.030454956999165006,1.0089488019948476,33.2877218690046,16.988564741865556,False,planner_feasible,,True,842,421,0,421,True,0.017122904204956196,0.00043517083170386086,"All measured work including 30 s checkpoint experiment and validation; selected path is the verified 10 s incumbent, not a 10 s return-time guarantee.",,,,,,,,,,,,,,,,,,,,,,,,,,,,,,,,,,,,,,,,,,,,,,,,User_Requested_Stop,10.0,3
36b3d3486fc1b60616750c9293d770932ac4609219d8fed3920864fd4b552a68,ur5e_saddle_p0_v,ur5e_saddle_p0,ur5e,saddle,0,v,G,2,True,True,,,0.21094224599801237,31.739931812997384,,0.029946647002361715,1.012304066993238,33.30948506099958,16.988564741865556,False,planner_feasible,,True,842,421,0,421,True,0.017122904204956196,0.00043517083170386086,"All measured work including 30 s checkpoint experiment and validation; selected path is the verified 10 s incumbent, not a 10 s return-time guarantee.",,,,,,,,,,,,,,,,,,,,,,,,,,,,,,,,,,,,,,,,,,,,,,,,User_Requested_Stop,10.0,3
131c413eea68307c7e2869678e592255d46b9ff65ebdafcb0874ee15554f5ed5,ur5e_saddle_p1_u,ur5e_saddle_p1,ur5e,saddle,1,u,B0,0,True,True,True,True,0.2140463730029296,,,0.03071350200480083,1.0261460639958386,1.3296774400005233,15.419454228579829,True,planner_feasible,,True,858,417,0,417,True,0.017122905739044115,0.0001280030797490266,"All measured work including 30 s checkpoint experiment and validation; selected path is the verified 10 s incumbent, not a 10 s return-time guarantee.",15.618999999996783,15.618999999996783,2.8010337009982322,0.9999737667017415,0.9999737667017415,0.0,0.0009397886047816856,0,0.302736400211372,0.975745415861017,8.826829162100758e-05,0.0,0.19355163819159568,0.0,0.0,12.022,3.398,0.2,0.005,0.001,0.5975780917649135,20.867868203984475,conservative_3d_component_bounding_box_diagonal,0.1500167182750654,0.15002127752676303,0.1499985581923568,8.44231274651192e-05,0.00016202682735994646,3.722225068959357e-16,0.0001497606859466002,0.0003188005733468812,0.0,3.9445354224925995e-05,6.576226845420464e-05,0.0,0.0,1.6718275065408237e-05,2.127752676303607e-05,0.008580655241724371,0.018265927359127136,0.00016202682735994646,0.003767900433632238,2405,2405,6.554192473869301e-05,0.017122915425080543,execution.h5 and actual scan timestamps; no new solve or simulation,,,
131c413eea68307c7e2869678e592255d46b9ff65ebdafcb0874ee15554f5ed5,ur5e_saddle_p1_u,ur5e_saddle_p1,ur5e,saddle,1,u,B0,1,True,True,,,0.21424293200107059,,,0.030750229001569096,1.0190498619995196,1.3225055739967502,15.419454228579829,False,planner_feasible,,True,858,417,0,417,True,0.017122905739044115,0.0001280030797490266,"All measured work including 30 s checkpoint experiment and validation; selected path is the verified 10 s incumbent, not a 10 s return-time guarantee.",,,,,,,,,,,,,,,,,,,,,,,,,,,,,,,,,,,,,,,,,,,,,,,,,,
131c413eea68307c7e2869678e592255d46b9ff65ebdafcb0874ee15554f5ed5,ur5e_saddle_p1_u,ur5e_saddle_p1,ur5e,saddle,1,u,B0,2,True,True,,,0.21445142300217412,,,0.03108038999926066,1.0097838810033863,1.3139236280039768,15.419454228579829,False,planner_feasible,,True,858,417,0,417,True,0.017122905739044115,0.0001280030797490266,"All measured work including 30 s checkpoint experiment and validation; selected path is the verified 10 s incumbent, not a 10 s return-time guarantee.",,,,,,,,,,,,,,,,,,,,,,,,,,,,,,,,,,,,,,,,,,,,,,,,,,
131c413eea68307c7e2869678e592255d46b9ff65ebdafcb0874ee15554f5ed5,ur5e_saddle_p1_u,ur5e_saddle_p1,ur5e,saddle,1,u,B1,0,True,True,True,False,0.2071096560030128,30.837875888995768,,0.030618894001236185,1.0128840140023385,32.39936779400159,14.764379656977711,True,planner_feasible,,True,834,417,0,413,True,0.017122862772270087,0.0034926542628357362,"All measured work including 30 s checkpoint experiment and validation; selected path is the verified 10 s incumbent, not a 10 s return-time guarantee.",14.963999999997146,14.963999999997146,2.720065772999078,0.9997118640972217,0.9997118640972217,0.009011696899030731,0.0009545671625355931,0,0.31142394366305054,0.974596160819582,8.646189537153681e-05,0.0,0.1852113768463456,0.0,0.0,11.783,2.982,0.2,0.005,0.001,0.5333832360482382,17.845799863519,conservative_3d_component_bounding_box_diagonal,0.1500187368087641,0.15002331554358125,0.14999835060994607,0.00016892874489666854,0.0002792774144944454,3.722225068959357e-16,0.006527454824787984,0.012427797350332,0.0,0.005075123010359866,0.01105494728519538,0.0,0.0,1.8736808764116538e-05,2.3315543581259313e-05,0.3739956124226577,0.712060336817891,0.0002792774144944454,0.6334018221813025,2355,2355,6.665911200650077e-05,0.017122879146273695,execution.h5 and actual scan timestamps; no new solve or simulation,User_Requested_Stop,10.0,3
131c413eea68307c7e2869678e592255d46b9ff65ebdafcb0874ee15554f5ed5,ur5e_saddle_p1_u,ur5e_saddle_p1,ur5e,saddle,1,u,B1,1,True,True,,,0.2080375660007121,31.614524796001206,,0.030725712997082155,1.0293930740008364,33.198735940000915,15.416965021166774,False,planner_feasible,,True,834,417,0,413,True,0.017122905855721245,0.00017131268705122463,"All measured work including 30 s checkpoint experiment and validation; selected path is the verified 10 s incumbent, not a 10 s return-time guarantee.",,,,,,,,,,,,,,,,,,,,,,,,,,,,,,,,,,,,,,,,,,,,,,,,User_Requested_Stop,10.0,3
131c413eea68307c7e2869678e592255d46b9ff65ebdafcb0874ee15554f5ed5,ur5e_saddle_p1_u,ur5e_saddle_p1,ur5e,saddle,1,u,B1,2,True,True,,,0.20772474000114016,30.916881119002937,,0.030764647999603767,1.0088858809976955,32.47212209799909,14.764379656977711,False,planner_feasible,,True,834,417,0,413,True,0.017122862772270087,0.0034926542628357362,"All measured work including 30 s checkpoint experiment and validation; selected path is the verified 10 s incumbent, not a 10 s return-time guarantee.",,,,,,,,,,,,,,,,,,,,,,,,,,,,,,,,,,,,,,,,,,,,,,,,User_Requested_Stop,10.0,3
131c413eea68307c7e2869678e592255d46b9ff65ebdafcb0874ee15554f5ed5,ur5e_saddle_p1_u,ur5e_saddle_p1,ur5e,saddle,1,u,B2,0,True,True,True,False,32.39936779400159,,31.192870616003347,0.0304217119992245,1.007861470003263,65.15226871200139,14.764379656977711,True,planner_feasible,,,,,,,True,0.017122862772270087,,"All measured work including 30 s checkpoint experiment and validation; selected path is the verified 10 s incumbent, not a 10 s return-time guarantee.",14.963999999997146,14.963999999997146,2.707415957003832,0.9997118640972217,0.9997118640972217,0.009011696899030731,0.0009545671625355931,0,0.31142394366305054,0.974596160819582,8.646189537153681e-05,0.0,0.1852113768463456,0.0,0.0,11.783,2.982,0.2,0.005,0.001,0.5333832360482382,17.845799863519,conservative_3d_component_bounding_box_diagonal,0.1500187368087641,0.15002331554358125,0.14999835060994607,0.00016892874489666854,0.0002792774144944454,3.722225068959357e-16,0.006527454824787984,0.012427797350332,0.0,0.005075123010359866,0.01105494728519538,0.0,0.0,1.8736808764116538e-05,2.3315543581259313e-05,0.3739956124226577,0.712060336817891,0.0002792774144944454,0.6334018221813025,2355,2355,6.665911200650077e-05,0.017122879146273695,execution.h5 and actual scan timestamps; no new solve or simulation,User_Requested_Stop,10.0,3
131c413eea68307c7e2869678e592255d46b9ff65ebdafcb0874ee15554f5ed5,ur5e_saddle_p1_u,ur5e_saddle_p1,ur5e,saddle,1,u,B2,1,True,True,,,32.39936779400159,,31.296841506002238,0.03057093000097666,1.0082954860044993,65.24993510600325,14.764379656977711,False,planner_feasible,,,,,,,True,0.017122862772270087,,"All measured work including 30 s checkpoint experiment and validation; selected path is the verified 10 s incumbent, not a 10 s return-time guarantee.",,,,,,,,,,,,,,,,,,,,,,,,,,,,,,,,,,,,,,,,,,,,,,,,User_Requested_Stop,10.0,3
131c413eea68307c7e2869678e592255d46b9ff65ebdafcb0874ee15554f5ed5,ur5e_saddle_p1_u,ur5e_saddle_p1,ur5e,saddle,1,u,B2,2,True,True,,,32.39936779400159,,31.380986746997223,0.030765859999519307,1.018233512993902,65.3528867020068,14.764379656977711,False,planner_feasible,,,,,,,True,0.017122862772270087,,"All measured work including 30 s checkpoint experiment and validation; selected path is the verified 10 s incumbent, not a 10 s return-time guarantee.",,,,,,,,,,,,,,,,,,,,,,,,,,,,,,,,,,,,,,,,,,,,,,,,User_Requested_Stop,10.0,3
131c413eea68307c7e2869678e592255d46b9ff65ebdafcb0874ee15554f5ed5,ur5e_saddle_p1_u,ur5e_saddle_p1,ur5e,saddle,1,u,B3,0,False,False,,,,,,,,,,False,not_evaluable,Official example ran; upstream seven-joint IIWA state packing and decoupled Cartesian error box are not yet verified against Panda/UR5e scanner-ray constraints. No surrogate MPC substituted.,,,,,,,,,,,,,,,,,,,,,,,,,,,,,,,,,,,,,,,,,,,,,,,,,,,,,,,,,,,
131c413eea68307c7e2869678e592255d46b9ff65ebdafcb0874ee15554f5ed5,ur5e_saddle_p1_u,ur5e_saddle_p1,ur5e,saddle,1,u,B3,1,False,False,,,,,,,,,,False,not_evaluable,Official example ran; upstream seven-joint IIWA state packing and decoupled Cartesian error box are not yet verified against Panda/UR5e scanner-ray constraints. No surrogate MPC substituted.,,,,,,,,,,,,,,,,,,,,,,,,,,,,,,,,,,,,,,,,,,,,,,,,,,,,,,,,,,,
131c413eea68307c7e2869678e592255d46b9ff65ebdafcb0874ee15554f5ed5,ur5e_saddle_p1_u,ur5e_saddle_p1,ur5e,saddle,1,u,B3,2,False,False,,,,,,,,,,False,not_evaluable,Official example ran; upstream seven-joint IIWA state packing and decoupled Cartesian error box are not yet verified against Panda/UR5e scanner-ray constraints. No surrogate MPC substituted.,,,,,,,,,,,,,,,,,,,,,,,,,,,,,,,,,,,,,,,,,,,,,,,,,,,,,,,,,,,
131c413eea68307c7e2869678e592255d46b9ff65ebdafcb0874ee15554f5ed5,ur5e_saddle_p1_u,ur5e_saddle_p1,ur5e,saddle,1,u,G,0,True,True,True,False,0.2073511850030627,30.924625248997472,,0.030514783997205086,1.0180678559991065,32.48912137000298,14.764379656977711,True,planner_feasible,,True,834,417,0,413,True,0.017122862772270087,0.0034926542628357362,"All measured work including 30 s checkpoint experiment and validation; selected path is the verified 10 s incumbent, not a 10 s return-time guarantee.",14.963999999997146,14.963999999997146,2.706454954997753,0.9997118640972217,0.9997118640972217,0.009011696899030731,0.0009545671625355931,0,0.31142394366305054,0.974596160819582,8.646189537153681e-05,0.0,0.1852113768463456,0.0,0.0,11.783,2.982,0.2,0.005,0.001,0.5333832360482382,17.845799863519,conservative_3d_component_bounding_box_diagonal,0.1500187368087641,0.15002331554358125,0.14999835060994607,0.00016892874489666854,0.0002792774144944454,3.722225068959357e-16,0.006527454824787984,0.012427797350332,0.0,0.005075123010359866,0.01105494728519538,0.0,0.0,1.8736808764116538e-05,2.3315543581259313e-05,0.3739956124226577,0.712060336817891,0.0002792774144944454,0.6334018221813025,2355,2355,6.665911200650077e-05,0.017122879146273695,execution.h5 and actual scan timestamps; no new solve or simulation,User_Requested_Stop,10.0,3
131c413eea68307c7e2869678e592255d46b9ff65ebdafcb0874ee15554f5ed5,ur5e_saddle_p1_u,ur5e_saddle_p1,ur5e,saddle,1,u,G,1,True,True,,,0.20748570199793903,30.695401821001724,,0.03125110999826575,1.014014769003552,32.25651390099665,14.764379656977711,False,planner_feasible,,True,834,417,0,413,True,0.017122862772270087,0.0034926542628357362,"All measured work including 30 s checkpoint experiment and validation; selected path is the verified 10 s incumbent, not a 10 s return-time guarantee.",,,,,,,,,,,,,,,,,,,,,,,,,,,,,,,,,,,,,,,,,,,,,,,,User_Requested_Stop,10.0,3
131c413eea68307c7e2869678e592255d46b9ff65ebdafcb0874ee15554f5ed5,ur5e_saddle_p1_u,ur5e_saddle_p1,ur5e,saddle,1,u,G,2,True,True,,,0.20905554600176401,31.01029510400258,,0.03076244499970926,1.0285760839979048,32.586874684006034,14.764379656977711,False,planner_feasible,,True,834,417,0,413,True,0.017122862772270087,0.0034926542628357362,"All measured work including 30 s checkpoint experiment and validation; selected path is the verified 10 s incumbent, not a 10 s return-time guarantee.",,,,,,,,,,,,,,,,,,,,,,,,,,,,,,,,,,,,,,,,,,,,,,,,User_Requested_Stop,10.0,3
88778a5202fca058c5e99dc6c571ebc77b922de005dac1eb6c79648bfb8c2dc8,ur5e_saddle_p1_v,ur5e_saddle_p1,ur5e,saddle,1,v,B0,0,True,True,True,True,0.3446104029935668,,,0.03058236599463271,1.0208463430026313,1.4574654489988461,16.886095507310127,True,planner_feasible,,True,1518,421,0,421,True,0.01712303635808273,0.00011942445024998642,"All measured work including 30 s checkpoint experiment and validation; selected path is the verified 10 s incumbent, not a 10 s return-time guarantee.",17.0859999999979,17.0859999999979,2.983530001001782,0.9999999999999961,0.9999999999999961,0.0,0.0009529540295423474,0,0.448390078694308,0.9721765804026572,0.00012122041135924355,0.0,0.19707443834061053,0.0,0.0,11.832,5.055,0.2,0.005,0.001,0.87123939877572,21.57008652460158,conservative_3d_component_bounding_box_diagonal,0.15005974371511044,0.15008023109316626,0.14993776447248455,0.00011689249924382939,0.0001925103501036596,1.2509268882771003e-16,0.0002292368280162908,0.0003787500716118977,0.0,0.00015824667864828697,0.00021807520726380343,0.0,0.0,6.022919099080565e-05,8.023109316626642e-05,0.01313430275429977,0.02170078059363943,0.0001925103501036596,0.01249478899265661,2368,2368,8.717044925557678e-05,0.01712294092034024,execution.h5 and actual scan timestamps; no new solve or simulation,,,
88778a5202fca058c5e99dc6c571ebc77b922de005dac1eb6c79648bfb8c2dc8,ur5e_saddle_p1_v,ur5e_saddle_p1,ur5e,saddle,1,v,B0,1,True,True,,,0.347624148002069,,,0.03030662400124129,1.0075915360066574,1.4468243179944693,16.886095507310127,False,planner_feasible,,True,1518,421,0,421,True,0.01712303635808273,0.00011942445024998642,"All measured work including 30 s checkpoint experiment and validation; selected path is the verified 10 s incumbent, not a 10 s return-time guarantee.",,,,,,,,,,,,,,,,,,,,,,,,,,,,,,,,,,,,,,,,,,,,,,,,,,
88778a5202fca058c5e99dc6c571ebc77b922de005dac1eb6c79648bfb8c2dc8,ur5e_saddle_p1_v,ur5e_saddle_p1,ur5e,saddle,1,v,B0,2,True,True,,,0.34567682100168895,,,0.03049062000354752,1.009287429995311,1.44661655100208,16.886095507310127,False,planner_feasible,,True,1518,421,0,421,True,0.01712303635808273,0.00011942445024998642,"All measured work including 30 s checkpoint experiment and validation; selected path is the verified 10 s incumbent, not a 10 s return-time guarantee.",,,,,,,,,,,,,,,,,,,,,,,,,,,,,,,,,,,,,,,,,,,,,,,,,,
88778a5202fca058c5e99dc6c571ebc77b922de005dac1eb6c79648bfb8c2dc8,ur5e_saddle_p1_v,ur5e_saddle_p1,ur5e,saddle,1,v,B1,0,True,True,True,True,0.2108755699955509,30.44883877999382,,0.030591085000196472,1.0060109170008218,32.00353487800021,16.883715417394747,True,planner_feasible,,True,842,421,0,421,True,0.017122963889045814,0.00011641388969715282,"All measured work including 30 s checkpoint experiment and validation; selected path is the verified 10 s incumbent, not a 10 s return-time guarantee.",17.082999999997895,17.082999999997895,2.9980677729981835,0.9999999999999961,0.9999999999999961,0.0,0.0009529373717253014,0,0.44838917933445255,0.9677622497171633,0.00010397522779903579,0.0,0.19728541002455038,0.0,0.0,11.832,5.0520000000000005,0.2,0.005,0.001,0.872243014522595,21.491460744062707,conservative_3d_component_bounding_box_diagonal,0.15007468129924081,0.15010202616639376,0.14994650121092765,0.0001233650059917057,0.0002119625434361356,1.2509268882771003e-16,0.000416466183515726,0.0004908724663009302,0.0,0.00017576325612529147,0.0002319347368604523,0.0,0.0,7.4681299240828e-05,0.00010202616639376494,0.023861754625371916,0.02812492059822103,0.0002119625434361356,0.013288881544581244,2367,2367,8.680922466305362e-05,0.01712289851666051,execution.h5 and actual scan timestamps; no new solve or simulation,User_Requested_Stop,10.0,3
88778a5202fca058c5e99dc6c571ebc77b922de005dac1eb6c79648bfb8c2dc8,ur5e_saddle_p1_v,ur5e_saddle_p1,ur5e,saddle,1,v,B1,1,True,True,,,0.21124519399745623,30.375553955993382,,0.030578824000258464,1.0101648940035375,31.936571117999847,16.883715417394747,False,planner_feasible,,True,842,421,0,421,True,0.017122963889045814,0.00011641388969715282,"All measured work including 30 s checkpoint experiment and validation; selected path is the verified 10 s incumbent, not a 10 s return-time guarantee.",,,,,,,,,,,,,,,,,,,,,,,,,,,,,,,,,,,,,,,,,,,,,,,,User_Requested_Stop,10.0,3
88778a5202fca058c5e99dc6c571ebc77b922de005dac1eb6c79648bfb8c2dc8,ur5e_saddle_p1_v,ur5e_saddle_p1,ur5e,saddle,1,v,B1,2,True,True,,,0.21180678100063233,30.253659217996756,,0.030836519006697927,1.0168450910059619,31.82906555900263,16.883715417394747,False,planner_feasible,,True,842,421,0,421,True,0.017122963889045814,0.00011641388969715282,"All measured work including 30 s checkpoint experiment and validation; selected path is the verified 10 s incumbent, not a 10 s return-time guarantee.",,,,,,,,,,,,,,,,,,,,,,,,,,,,,,,,,,,,,,,,,,,,,,,,User_Requested_Stop,10.0,3
88778a5202fca058c5e99dc6c571ebc77b922de005dac1eb6c79648bfb8c2dc8,ur5e_saddle_p1_v,ur5e_saddle_p1,ur5e,saddle,1,v,B2,0,True,True,True,True,32.00353487800021,,32.2308278490018,0.03048162200138904,1.006005722003465,65.77425315700384,16.883715417394747,True,planner_feasible,,,,,,,True,0.017122963889045814,,"All measured work including 30 s checkpoint experiment and validation; selected path is the verified 10 s incumbent, not a 10 s return-time guarantee.",17.082999999997895,17.082999999997895,2.9833627990010427,0.9999999999999961,0.9999999999999961,0.0,0.0009529373717253014,0,0.44838917933445255,0.9677622497171633,0.00010397522779903579,0.0,0.19728541002455038,0.0,0.0,11.832,5.0520000000000005,0.2,0.005,0.001,0.872243014522595,21.491460744062707,conservative_3d_component_bounding_box_diagonal,0.15007468129924081,0.15010202616639376,0.14994650121092765,0.0001233650059917057,0.0002119625434361356,1.2509268882771003e-16,0.000416466183515726,0.0004908724663009302,0.0,0.00017576325612529147,0.0002319347368604523,0.0,0.0,7.4681299240828e-05,0.00010202616639376494,0.023861754625371916,0.02812492059822103,0.0002119625434361356,0.013288881544581244,2367,2367,8.680922466305362e-05,0.01712289851666051,execution.h5 and actual scan timestamps; no new solve or simulation,User_Requested_Stop,10.0,3
88778a5202fca058c5e99dc6c571ebc77b922de005dac1eb6c79648bfb8c2dc8,ur5e_saddle_p1_v,ur5e_saddle_p1,ur5e,saddle,1,v,B2,1,True,True,,,32.00353487800021,,32.13789531500515,0.03042204099619994,1.0121752730046865,65.687607535001,16.883715417394747,False,planner_feasible,,,,,,,True,0.017122963889045814,,"All measured work including 30 s checkpoint experiment and validation; selected path is the verified 10 s incumbent, not a 10 s return-time guarantee.",,,,,,,,,,,,,,,,,,,,,,,,,,,,,,,,,,,,,,,,,,,,,,,,User_Requested_Stop,10.0,3
88778a5202fca058c5e99dc6c571ebc77b922de005dac1eb6c79648bfb8c2dc8,ur5e_saddle_p1_v,ur5e_saddle_p1,ur5e,saddle,1,v,B2,2,True,True,,,32.00353487800021,,32.18473114900553,0.030650893997517414,1.0097093820004375,65.74657319400285,16.883715417394747,False,planner_feasible,,,,,,,True,0.017122963889045814,,"All measured work including 30 s checkpoint experiment and validation; selected path is the verified 10 s incumbent, not a 10 s return-time guarantee.",,,,,,,,,,,,,,,,,,,,,,,,,,,,,,,,,,,,,,,,,,,,,,,,User_Requested_Stop,10.0,3
88778a5202fca058c5e99dc6c571ebc77b922de005dac1eb6c79648bfb8c2dc8,ur5e_saddle_p1_v,ur5e_saddle_p1,ur5e,saddle,1,v,B3,0,False,False,,,,,,,,,,False,not_evaluable,Official example ran; upstream seven-joint IIWA state packing and decoupled Cartesian error box are not yet verified against Panda/UR5e scanner-ray constraints. No surrogate MPC substituted.,,,,,,,,,,,,,,,,,,,,,,,,,,,,,,,,,,,,,,,,,,,,,,,,,,,,,,,,,,,
88778a5202fca058c5e99dc6c571ebc77b922de005dac1eb6c79648bfb8c2dc8,ur5e_saddle_p1_v,ur5e_saddle_p1,ur5e,saddle,1,v,B3,1,False,False,,,,,,,,,,False,not_evaluable,Official example ran; upstream seven-joint IIWA state packing and decoupled Cartesian error box are not yet verified against Panda/UR5e scanner-ray constraints. No surrogate MPC substituted.,,,,,,,,,,,,,,,,,,,,,,,,,,,,,,,,,,,,,,,,,,,,,,,,,,,,,,,,,,,
88778a5202fca058c5e99dc6c571ebc77b922de005dac1eb6c79648bfb8c2dc8,ur5e_saddle_p1_v,ur5e_saddle_p1,ur5e,saddle,1,v,B3,2,False,False,,,,,,,,,,False,not_evaluable,Official example ran; upstream seven-joint IIWA state packing and decoupled Cartesian error box are not yet verified against Panda/UR5e scanner-ray constraints. No surrogate MPC substituted.,,,,,,,,,,,,,,,,,,,,,,,,,,,,,,,,,,,,,,,,,,,,,,,,,,,,,,,,,,,
88778a5202fca058c5e99dc6c571ebc77b922de005dac1eb6c79648bfb8c2dc8,ur5e_saddle_p1_v,ur5e_saddle_p1,ur5e,saddle,1,v,G,0,True,True,True,True,0.21048540499759838,30.42124129000149,,0.030571197996323463,1.014348308002809,31.984410487006244,16.883715417394747,True,planner_feasible,,True,842,421,0,421,True,0.017122963889045814,0.00011641388969715282,"All measured work including 30 s checkpoint experiment and validation; selected path is the verified 10 s incumbent, not a 10 s return-time guarantee.",17.082999999997895,17.082999999997895,2.9802369250028278,0.9999999999999961,0.9999999999999961,0.0,0.0009529373717253014,0,0.44838917933445255,0.9677622497171633,0.00010397522779903579,0.0,0.19728541002455038,0.0,0.0,11.832,5.0520000000000005,0.2,0.005,0.001,0.872243014522595,21.491460744062707,conservative_3d_component_bounding_box_diagonal,0.15007468129924081,0.15010202616639376,0.14994650121092765,0.0001233650059917057,0.0002119625434361356,1.2509268882771003e-16,0.000416466183515726,0.0004908724663009302,0.0,0.00017576325612529147,0.0002319347368604523,0.0,0.0,7.4681299240828e-05,0.00010202616639376494,0.023861754625371916,0.02812492059822103,0.0002119625434361356,0.013288881544581244,2367,2367,8.680922466305362e-05,0.01712289851666051,execution.h5 and actual scan timestamps; no new solve or simulation,User_Requested_Stop,10.0,3
88778a5202fca058c5e99dc6c571ebc77b922de005dac1eb6c79648bfb8c2dc8,ur5e_saddle_p1_v,ur5e_saddle_p1,ur5e,saddle,1,v,G,1,True,True,,,0.2102292359995772,30.333425484001054,,0.030622808997577522,1.011908571999811,31.89309788399987,16.883715417394747,False,planner_feasible,,True,842,421,0,421,True,0.017122963889045814,0.00011641388969715282,"All measured work including 30 s checkpoint experiment and validation; selected path is the verified 10 s incumbent, not a 10 s return-time guarantee.",,,,,,,,,,,,,,,,,,,,,,,,,,,,,,,,,,,,,,,,,,,,,,,,User_Requested_Stop,10.0,3
88778a5202fca058c5e99dc6c571ebc77b922de005dac1eb6c79648bfb8c2dc8,ur5e_saddle_p1_v,ur5e_saddle_p1,ur5e,saddle,1,v,G,2,True,True,,,0.21171991900337161,30.456731063000916,,0.030430740996962413,1.0185573220005608,32.02416334000009,16.883715417394747,False,planner_feasible,,True,842,421,0,421,True,0.017122963889045814,0.00011641388969715282,"All measured work including 30 s checkpoint experiment and validation; selected path is the verified 10 s incumbent, not a 10 s return-time guarantee.",,,,,,,,,,,,,,,,,,,,,,,,,,,,,,,,,,,,,,,,,,,,,,,,User_Requested_Stop,10.0,3
