robot,method,uid,family,site_id,completion,deadline_completion,total_latency_ns,frame_success,acceleration_rms,successful_prefix
panda,single_gn_k1,62749969a81aa229bd98bbc6a77941b40960bf5ae0886a5dfe36f5eff62e5c1c,joint_limit_return,trajectory_27,1.0,1.0,40693663.666666664,1.0,0.5832145507760536,150.0
panda,balance_cached_k0,e7257c22abc9d850802582540365f4bc972868280e40708e45700776b6ad2aca,high_curvature,trajectory_35,1.0,1.0,38025118.0,1.0,6.304303104654356,150.0
panda,balance_progress_k0,ba9bbb877bd562764b9ad1fe612339400f4396f8e4e3ccdd742d4a4326684c27,smooth,trajectory_00,1.0,1.0,36676651.666666664,1.0,0.7643183388935593,150.0
panda,balance_progress_k1,972b6c7f62ad2d88a1171405175e002fe4dad516aaa6300e4c090613265f4592,smooth,trajectory_05,1.0,1.0,37150909.0,1.0,1.0125556746158961,150.0
panda,balance_progress_k1,16ab30a670ddc1bb59f64aa11421a7a95e2a13b391b17e7261a85fb14178c0bc,joint_limit_return,trajectory_29,1.0,1.0,37004442.666666664,1.0,0.6603329790822209,150.0
panda,task_balance_k1,5560810f9d87891ba612f00a19811ec608860538b5dbf8f478a2cc168f4d1547,joint_limit_return,trajectory_20,1.0,1.0,74152040.33333333,1.0,0.811887457056142,150.0
panda,pink_qp,cdb906e5ffe0888b5856461ef6bee1b8809232e928fd853beb25f1903a7d798a,smooth,trajectory_07,1.0,1.0,137220004.0,1.0,0.6442190054329557,150.0
panda,task_balance_k1,e928208c5cfa766679be750c366c336bdeb1caea1f8283ea513bc5392401481b,smooth,trajectory_03,1.0,1.0,74267009.66666667,1.0,0.6778726426008607,150.0
panda,single_gn_k0,fd96ca4300b705b343cbde5bb7d97076acca0d187b1d78fc9094c6cac23b640b,high_curvature,trajectory_36,1.0,1.0,40771693.0,1.0,6.25840856957178,150.0
panda,balance_cached_k0,a74d26d3694c4e4d15b8817c29ef75a4bd43cb4d8d1ebf3ae4154e26d80ab4a4,smooth,trajectory_08,1.0,1.0,36575144.333333336,1.0,0.7052512314110809,150.0
panda,balance_progress_k1,ea5e2ac9bfe24625cf9368e4931dfe5a7f878c028b94ce7ca271455c05bad4e6,smooth,trajectory_04,1.0,1.0,36770178.0,1.0,0.5712854544727238,150.0
panda,balance_cached_k1,16ab30a670ddc1bb59f64aa11421a7a95e2a13b391b17e7261a85fb14178c0bc,joint_limit_return,trajectory_29,1.0,1.0,36594436.0,1.0,0.6603329790822209,150.0
panda,single_gn_k1,41c501982d64297056fe7d1239938d5f0fb508b8c32ed74b2b5c72d3bf1ddba1,joint_limit_return,trajectory_28,1.0,1.0,40968675.0,1.0,0.6843366659494864,150.0
panda,task_balance_k0,972b6c7f62ad2d88a1171405175e002fe4dad516aaa6300e4c090613265f4592,smooth,trajectory_05,1.0,1.0,74261040.33333333,1.0,0.7635320771314529,150.0
panda,balance_progress_k0,0c2a95a498c1bf13c2df4295db29a5367cf069e157e300d36211ce1951b2bf0e,smooth,trajectory_06,1.0,1.0,37219333.0,1.0,0.6574379714823209,150.0
panda,balance_progress_k0,5560810f9d87891ba612f00a19811ec608860538b5dbf8f478a2cc168f4d1547,joint_limit_return,trajectory_20,1.0,1.0,36901818.0,1.0,0.7749956521491373,150.0
panda,task_balance_k0,ea5503530085a4b7fba1457389f090742de31c9aa6ebe8907aa867289b032370,near_singular,trajectory_12,1.0,1.0,71685372.33333333,1.0,1.9947244982312293,150.0
panda,single_gn_k0,d8e06950cec2579c739f7f6d3dbb3628755dfd76be5740fad3bec38b4ef94cc6,near_singular,trajectory_11,1.0,1.0,34612322.333333336,1.0,11.10500795463632,150.0
panda,balance_progress_k1,e928208c5cfa766679be750c366c336bdeb1caea1f8283ea513bc5392401481b,smooth,trajectory_03,1.0,1.0,36755795.333333336,1.0,0.6778726426007479,150.0
panda,pink_qp,bb2d7133de7083285ff7ede00b959e62fc3bf5dc626bfa521b77361d0f3f759e,high_curvature,trajectory_34,1.0,1.0,128208185.0,1.0,6.32317632666306,150.0
panda,pink_qp,6f61a4f090c2631561aee85944d25bbb3ec9ae75f330ddc67dd8f755fa60ea51,joint_limit_return,trajectory_25,1.0,1.0,129057691.33333333,1.0,1.6428450857843753,150.0
panda,balance_progress_k1,6b43e53a09d43b068012e38e4082dc1a83a7da4ac12d3b1a7c10621fab8498a4,smooth,trajectory_09,1.0,1.0,36429104.333333336,1.0,0.6014510211572096,150.0
panda,single_gn_k1,b47f91198895baa3999a406c9c32516cd3e78dd7e42a8bccccc4cd058a03020a,joint_limit_return,trajectory_26,1.0,1.0,40541731.333333336,1.0,5.496886886682039,150.0
panda,task_balance_k1,6f61a4f090c2631561aee85944d25bbb3ec9ae75f330ddc67dd8f755fa60ea51,joint_limit_return,trajectory_25,1.0,1.0,73248107.66666667,1.0,4.428732957087083,150.0
panda,single_gn_k0,4e626ba28da6a8d45d22f023c3732e2d796c83a0e74df2aa41168fe26f6dccab,near_singular,trajectory_14,0.0,0.0,141237587.33333334,0.8133333333333334,5.869964540599192,122.0
panda,task_balance_k1,a62f788b8607be02b7f7a70f0234d741c3a3ffbce60a66d892cb748dca4ac32c,smooth,trajectory_01,1.0,1.0,73806652.33333333,1.0,0.7811608770289421,150.0
panda,balance_cached_k1,1742dca2b4e66648ef384a591bc48af258b7ccf01a3b1f0930d212a06b1f978c,near_singular,trajectory_15,1.0,1.0,35246270.333333336,1.0,2.055618193045454,150.0
panda,pink_qp,1742dca2b4e66648ef384a591bc48af258b7ccf01a3b1f0930d212a06b1f978c,near_singular,trajectory_15,1.0,1.0,116746571.66666667,1.0,8.02606031186952,150.0
panda,single_gn_k0,1742dca2b4e66648ef384a591bc48af258b7ccf01a3b1f0930d212a06b1f978c,near_singular,trajectory_15,1.0,1.0,39237591.333333336,1.0,1.025189620210495,150.0
panda,single_gn_k1,5560810f9d87891ba612f00a19811ec608860538b5dbf8f478a2cc168f4d1547,joint_limit_return,trajectory_20,1.0,1.0,40614228.333333336,1.0,0.8118874570563666,150.0
panda,task_balance_k0,40c3eae024871d71025c88c09b1bbffc1b50b311548d53112ed8d4118883654a,near_singular,trajectory_16,1.0,1.0,65444475.666666664,1.0,7.408221780561852,150.0
panda,balance_cached_k0,125d0ba81f8f99703f34ce79c430375e614edd8d7281141ad9df7e9828fed992,joint_limit_return,trajectory_24,1.0,1.0,36698553.333333336,1.0,0.6780255027989138,150.0
panda,pink_qp,4e626ba28da6a8d45d22f023c3732e2d796c83a0e74df2aa41168fe26f6dccab,near_singular,trajectory_14,0.0,0.0,144109353.33333334,0.8133333333333334,5.6003883010872,122.0
panda,task_balance_k0,4afc296390cd2da8318a4ba9544aebe6e73de828b20fea6cbaeedda3bf7a189f,joint_limit_return,trajectory_21,1.0,1.0,74213453.33333333,1.0,0.7085798603943516,150.0
panda,balance_cached_k1,125d0ba81f8f99703f34ce79c430375e614edd8d7281141ad9df7e9828fed992,joint_limit_return,trajectory_24,1.0,1.0,36543547.0,1.0,0.7305322160150866,150.0
panda,pink_qp,ea5503530085a4b7fba1457389f090742de31c9aa6ebe8907aa867289b032370,near_singular,trajectory_12,1.0,1.0,150041927.66666666,1.0,5.8338940486519535,150.0
panda,balance_progress_k0,a74d26d3694c4e4d15b8817c29ef75a4bd43cb4d8d1ebf3ae4154e26d80ab4a4,smooth,trajectory_08,1.0,1.0,36947005.666666664,1.0,0.7052512314110809,150.0
panda,balance_cached_k1,a74d26d3694c4e4d15b8817c29ef75a4bd43cb4d8d1ebf3ae4154e26d80ab4a4,smooth,trajectory_08,1.0,1.0,36934241.666666664,1.0,0.7389855951065226,150.0
panda,task_balance_k0,ba9bbb877bd562764b9ad1fe612339400f4396f8e4e3ccdd742d4a4326684c27,smooth,trajectory_00,1.0,1.0,73619102.66666667,1.0,0.7643183388935685,150.0
panda,single_gn_k1,9a94337fb5b3319c8ba9dcce20e827630b16d9a348f1f3aa8709c5d0df3406af,near_singular,trajectory_19,1.0,1.0,39415463.333333336,1.0,2.9727122105010024,150.0
panda,task_balance_k1,c27c85dfc1ac902402f2c27d5ecd007325d528654413acef4dab0af30af48583,high_curvature,trajectory_37,1.0,1.0,73746542.33333333,1.0,6.9129785131976265,150.0
panda,pink_qp,49e505b5dd8506da453322d27fabacda172e9baf611dd7b1ccac4b4220f68113,near_singular,trajectory_13,1.0,1.0,142297582.0,1.0,12.062483469837437,150.0
panda,pink_qp,fd96ca4300b705b343cbde5bb7d97076acca0d187b1d78fc9094c6cac23b640b,high_curvature,trajectory_36,1.0,1.0,145867149.0,1.0,6.6012661805033055,150.0
panda,balance_progress_k1,a62f788b8607be02b7f7a70f0234d741c3a3ffbce60a66d892cb748dca4ac32c,smooth,trajectory_01,1.0,1.0,37066871.333333336,1.0,0.7811608770288648,150.0
panda,balance_progress_k0,525ed23e41917cce27c978b0c676be43016f2541aa51a8185bbab7e6ce610192,near_singular,trajectory_10,1.0,1.0,35682558.333333336,1.0,0.6621002759805037,150.0
panda,task_balance_k1,ea5503530085a4b7fba1457389f090742de31c9aa6ebe8907aa867289b032370,near_singular,trajectory_12,1.0,1.0,72387729.33333333,1.0,2.3950420960560583,150.0
panda,single_gn_k0,827f4c481262ed599d5a62ea92d72f83f9d2baecaa5e733c4c0018e796d573d5,high_curvature,trajectory_38,1.0,1.0,40788525.666666664,1.0,6.616783920225601,150.0
panda,single_gn_k1,703e80ee1a10cacc408a225bf4b9b1d1a8b7cd7c18ef82408fe61c8b6b1a1fa4,joint_limit_return,trajectory_23,1.0,1.0,41040198.666666664,1.0,1.55037358824852,150.0
panda,balance_progress_k1,98b02d6a697ef616fb15325aca1f5748ceba5d966785b4f1677767ebff16420f,smooth,trajectory_02,1.0,1.0,36853895.666666664,1.0,0.7200396927714937,150.0
panda,balance_progress_k0,f786741c9f59d7d552811f1959141226fb4d169d5c149b34b1fb99edb7839b2c,high_curvature,trajectory_32,1.0,1.0,37478731.333333336,1.0,7.430537891619131,150.0
panda,single_gn_k1,125d0ba81f8f99703f34ce79c430375e614edd8d7281141ad9df7e9828fed992,joint_limit_return,trajectory_24,1.0,1.0,40900669.666666664,1.0,0.7305322160150866,150.0
panda,pink_qp,a74d26d3694c4e4d15b8817c29ef75a4bd43cb4d8d1ebf3ae4154e26d80ab4a4,smooth,trajectory_08,1.0,1.0,151522380.0,1.0,0.8836881236719779,150.0
panda,task_balance_k0,525ed23e41917cce27c978b0c676be43016f2541aa51a8185bbab7e6ce610192,near_singular,trajectory_10,1.0,1.0,72075300.66666667,1.0,0.6621002759761924,150.0
panda,single_gn_k0,98b02d6a697ef616fb15325aca1f5748ceba5d966785b4f1677767ebff16420f,smooth,trajectory_02,1.0,1.0,40688907.666666664,1.0,0.724096352211599,150.0
panda,task_balance_k0,8ffc69b10a990e9806b11a88aa9d56ad2edaf960a5dbd463eff00cf8c0b24859,high_curvature,trajectory_33,1.0,1.0,80168661.0,1.0,8.101019891655039,150.0
panda,task_balance_k0,cdb906e5ffe0888b5856461ef6bee1b8809232e928fd853beb25f1903a7d798a,smooth,trajectory_07,1.0,1.0,73996545.33333333,1.0,0.6342139643864091,150.0
panda,single_gn_k0,a74d26d3694c4e4d15b8817c29ef75a4bd43cb4d8d1ebf3ae4154e26d80ab4a4,smooth,trajectory_08,1.0,1.0,40496482.0,1.0,0.7052512314110809,150.0
panda,balance_progress_k0,1742dca2b4e66648ef384a591bc48af258b7ccf01a3b1f0930d212a06b1f978c,near_singular,trajectory_15,1.0,1.0,35677876.666666664,1.0,1.025189620210495,150.0
panda,task_balance_k0,4e626ba28da6a8d45d22f023c3732e2d796c83a0e74df2aa41168fe26f6dccab,near_singular,trajectory_14,0.0,0.0,461079010.0,0.8133333333333334,5.869964540596409,122.0
panda,balance_cached_k1,ba9bbb877bd562764b9ad1fe612339400f4396f8e4e3ccdd742d4a4326684c27,smooth,trajectory_00,1.0,1.0,36601693.666666664,1.0,0.7971990321424749,150.0
panda,balance_cached_k0,4e626ba28da6a8d45d22f023c3732e2d796c83a0e74df2aa41168fe26f6dccab,near_singular,trajectory_14,0.0,0.0,272640332.0,0.8133333333333334,5.869964540599192,122.0
panda,task_balance_k1,9a94337fb5b3319c8ba9dcce20e827630b16d9a348f1f3aa8709c5d0df3406af,near_singular,trajectory_19,1.0,1.0,71300789.66666667,1.0,2.9727122105030825,150.0
panda,single_gn_k1,6f61a4f090c2631561aee85944d25bbb3ec9ae75f330ddc67dd8f755fa60ea51,joint_limit_return,trajectory_25,1.0,1.0,40385179.0,1.0,4.428732957097844,150.0
panda,pink_qp,380513eac133b886f7e375e39250059ba16f3133d3a5d3b8ff244470af2eb5ae,high_curvature,trajectory_39,1.0,1.0,106094960.0,1.0,5.536935280663696,150.0
panda,pink_qp,f77f30aad07c01747cccac5f99de0454266b5b9453dc6357da97f2c8d2529cfc,high_curvature,trajectory_30,1.0,1.0,149714440.66666666,1.0,5.52201960832949,150.0
panda,balance_cached_k0,6b43e53a09d43b068012e38e4082dc1a83a7da4ac12d3b1a7c10621fab8498a4,smooth,trajectory_09,1.0,1.0,37016273.333333336,1.0,0.5888362814118456,150.0
panda,balance_cached_k0,b47f91198895baa3999a406c9c32516cd3e78dd7e42a8bccccc4cd058a03020a,joint_limit_return,trajectory_26,1.0,1.0,36954293.0,1.0,3.2004198529189765,150.0
panda,task_balance_k0,ca9065ec04392f64d1cce7cea6e6ae7ba224495be6a41fa0902e34ddeb925465,near_singular,trajectory_17,1.0,1.0,69731291.33333333,1.0,3.1954339525321536,150.0
panda,balance_cached_k1,62749969a81aa229bd98bbc6a77941b40960bf5ae0886a5dfe36f5eff62e5c1c,joint_limit_return,trajectory_27,1.0,1.0,37209568.666666664,1.0,0.5832145507760536,150.0
panda,balance_progress_k1,5560810f9d87891ba612f00a19811ec608860538b5dbf8f478a2cc168f4d1547,joint_limit_return,trajectory_20,1.0,1.0,37145920.333333336,1.0,0.8118874570563666,150.0
panda,task_balance_k0,f786741c9f59d7d552811f1959141226fb4d169d5c149b34b1fb99edb7839b2c,high_curvature,trajectory_32,1.0,1.0,76779622.33333333,1.0,7.430536899700264,150.0
panda,balance_cached_k1,6b43e53a09d43b068012e38e4082dc1a83a7da4ac12d3b1a7c10621fab8498a4,smooth,trajectory_09,1.0,1.0,37371437.0,1.0,0.6014510211572096,150.0
panda,balance_progress_k0,e928208c5cfa766679be750c366c336bdeb1caea1f8283ea513bc5392401481b,smooth,trajectory_03,1.0,1.0,36932235.666666664,1.0,0.6645666568580575,150.0
panda,task_balance_k1,c99e2c9b46eb1858a0dd2f525833e49b6f0b7c25001781f1b00044934372d935,near_singular,trajectory_18,1.0,1.0,72408755.33333333,1.0,1.0224659786298778,150.0
panda,balance_cached_k1,a62f788b8607be02b7f7a70f0234d741c3a3ffbce60a66d892cb748dca4ac32c,smooth,trajectory_01,1.0,1.0,36564655.666666664,1.0,0.7811608770288648,150.0
panda,single_gn_k0,166f9f9c01b7bdb7e23bb78eb834aa40e45e3eac2d5c263419996286861ad9dc,joint_limit_return,trajectory_22,1.0,1.0,40678685.666666664,1.0,0.727612464890036,150.0
panda,balance_cached_k1,cdb906e5ffe0888b5856461ef6bee1b8809232e928fd853beb25f1903a7d798a,smooth,trajectory_07,1.0,1.0,36816181.666666664,1.0,0.6175829368778354,150.0
panda,single_gn_k0,125d0ba81f8f99703f34ce79c430375e614edd8d7281141ad9df7e9828fed992,joint_limit_return,trajectory_24,1.0,1.0,40763914.333333336,1.0,0.6780255027989138,150.0
panda,balance_progress_k1,49e505b5dd8506da453322d27fabacda172e9baf611dd7b1ccac4b4220f68113,near_singular,trajectory_13,1.0,1.0,35707437.333333336,1.0,2.464423059861715,150.0
panda,task_balance_k1,e7257c22abc9d850802582540365f4bc972868280e40708e45700776b6ad2aca,high_curvature,trajectory_35,1.0,1.0,77956235.0,1.0,6.612037568368397,150.0
panda,task_balance_k0,e7257c22abc9d850802582540365f4bc972868280e40708e45700776b6ad2aca,high_curvature,trajectory_35,1.0,1.0,76043224.0,1.0,6.304303104655275,150.0
panda,single_gn_k0,ea5e2ac9bfe24625cf9368e4931dfe5a7f878c028b94ce7ca271455c05bad4e6,smooth,trajectory_04,1.0,1.0,40648326.666666664,1.0,0.5701619072762077,150.0
panda,balance_progress_k1,e7257c22abc9d850802582540365f4bc972868280e40708e45700776b6ad2aca,high_curvature,trajectory_35,1.0,1.0,38015700.666666664,1.0,6.6120378998215115,150.0
panda,task_balance_k1,62749969a81aa229bd98bbc6a77941b40960bf5ae0886a5dfe36f5eff62e5c1c,joint_limit_return,trajectory_27,1.0,1.0,73506673.0,1.0,0.5832145507760803,150.0
panda,balance_cached_k0,41c501982d64297056fe7d1239938d5f0fb508b8c32ed74b2b5c72d3bf1ddba1,joint_limit_return,trajectory_28,1.0,1.0,36582510.0,1.0,0.6738482607611996,150.0
panda,balance_cached_k1,972b6c7f62ad2d88a1171405175e002fe4dad516aaa6300e4c090613265f4592,smooth,trajectory_05,1.0,1.0,36821983.333333336,1.0,1.0125556746158961,150.0
panda,single_gn_k0,6b43e53a09d43b068012e38e4082dc1a83a7da4ac12d3b1a7c10621fab8498a4,smooth,trajectory_09,1.0,1.0,40324346.666666664,1.0,0.5888362814118456,150.0
panda,task_balance_k0,98b02d6a697ef616fb15325aca1f5748ceba5d966785b4f1677767ebff16420f,smooth,trajectory_02,1.0,1.0,73336840.66666667,1.0,0.724096352211363,150.0
panda,task_balance_k1,41c501982d64297056fe7d1239938d5f0fb508b8c32ed74b2b5c72d3bf1ddba1,joint_limit_return,trajectory_28,1.0,1.0,73654140.33333333,1.0,0.6843366659496136,150.0
panda,balance_progress_k0,a62f788b8607be02b7f7a70f0234d741c3a3ffbce60a66d892cb748dca4ac32c,smooth,trajectory_01,1.0,1.0,36722558.0,1.0,0.780923646563579,150.0
panda,balance_progress_k1,380513eac133b886f7e375e39250059ba16f3133d3a5d3b8ff244470af2eb5ae,high_curvature,trajectory_39,1.0,1.0,36717721.0,1.0,5.518062885121327,150.0
panda,balance_cached_k1,b47f91198895baa3999a406c9c32516cd3e78dd7e42a8bccccc4cd058a03020a,joint_limit_return,trajectory_26,1.0,1.0,37299901.333333336,1.0,5.496886886682039,150.0
panda,pink_qp,98b02d6a697ef616fb15325aca1f5748ceba5d966785b4f1677767ebff16420f,smooth,trajectory_02,1.0,1.0,139427317.66666666,1.0,1.0144205628195009,150.0
panda,pink_qp,ea5e2ac9bfe24625cf9368e4931dfe5a7f878c028b94ce7ca271455c05bad4e6,smooth,trajectory_04,1.0,1.0,124504433.0,1.0,0.5702198343853782,150.0
panda,balance_cached_k0,cdb906e5ffe0888b5856461ef6bee1b8809232e928fd853beb25f1903a7d798a,smooth,trajectory_07,1.0,1.0,36746403.666666664,1.0,0.6342139643864704,150.0
panda,balance_cached_k0,5560810f9d87891ba612f00a19811ec608860538b5dbf8f478a2cc168f4d1547,joint_limit_return,trajectory_20,1.0,1.0,36903648.333333336,1.0,0.7749956521491373,150.0
panda,single_gn_k0,40c3eae024871d71025c88c09b1bbffc1b50b311548d53112ed8d4118883654a,near_singular,trajectory_16,1.0,1.0,36345731.0,1.0,7.40822178060759,150.0
panda,task_balance_k1,ba9bbb877bd562764b9ad1fe612339400f4396f8e4e3ccdd742d4a4326684c27,smooth,trajectory_00,1.0,1.0,73116627.33333333,1.0,0.797199032142473,150.0
panda,single_gn_k1,e7257c22abc9d850802582540365f4bc972868280e40708e45700776b6ad2aca,high_curvature,trajectory_35,1.0,1.0,41855577.333333336,1.0,6.6120378998215115,150.0
panda,single_gn_k0,9a94337fb5b3319c8ba9dcce20e827630b16d9a348f1f3aa8709c5d0df3406af,near_singular,trajectory_19,1.0,1.0,39297674.0,1.0,1.2540898600450565,150.0
panda,task_balance_k1,ea5e2ac9bfe24625cf9368e4931dfe5a7f878c028b94ce7ca271455c05bad4e6,smooth,trajectory_04,1.0,1.0,74096875.33333333,1.0,0.5712854544727273,150.0
panda,balance_progress_k1,ca9065ec04392f64d1cce7cea6e6ae7ba224495be6a41fa0902e34ddeb925465,near_singular,trajectory_17,1.0,1.0,34923215.0,1.0,2.9475452711093353,150.0
panda,single_gn_k1,f77f30aad07c01747cccac5f99de0454266b5b9453dc6357da97f2c8d2529cfc,high_curvature,trajectory_30,1.0,1.0,40554224.333333336,1.0,5.428278342244997,150.0
panda,single_gn_k0,e928208c5cfa766679be750c366c336bdeb1caea1f8283ea513bc5392401481b,smooth,trajectory_03,1.0,1.0,40780370.666666664,1.0,0.6645666568580575,150.0
panda,balance_progress_k0,ca9065ec04392f64d1cce7cea6e6ae7ba224495be6a41fa0902e34ddeb925465,near_singular,trajectory_17,1.0,1.0,35003621.333333336,1.0,3.1954339525291204,150.0
panda,single_gn_k1,16ab30a670ddc1bb59f64aa11421a7a95e2a13b391b17e7261a85fb14178c0bc,joint_limit_return,trajectory_29,1.0,1.0,40641008.666666664,1.0,0.6603329790822209,150.0
panda,task_balance_k1,49e505b5dd8506da453322d27fabacda172e9baf611dd7b1ccac4b4220f68113,near_singular,trajectory_13,1.0,1.0,71071862.66666667,1.0,2.4644230598593593,150.0
panda,balance_cached_k0,1742dca2b4e66648ef384a591bc48af258b7ccf01a3b1f0930d212a06b1f978c,near_singular,trajectory_15,1.0,1.0,35035015.0,1.0,1.025189620210495,150.0
panda,balance_cached_k0,bb2d7133de7083285ff7ede00b959e62fc3bf5dc626bfa521b77361d0f3f759e,high_curvature,trajectory_34,1.0,1.0,36809417.0,1.0,6.347260511943346,150.0
panda,balance_progress_k1,9a94337fb5b3319c8ba9dcce20e827630b16d9a348f1f3aa8709c5d0df3406af,near_singular,trajectory_19,1.0,1.0,35675395.666666664,1.0,2.9727122105010024,150.0
panda,balance_progress_k0,9a94337fb5b3319c8ba9dcce20e827630b16d9a348f1f3aa8709c5d0df3406af,near_singular,trajectory_19,1.0,1.0,36030298.666666664,1.0,1.2540898600450565,150.0
panda,single_gn_k1,c99e2c9b46eb1858a0dd2f525833e49b6f0b7c25001781f1b00044934372d935,near_singular,trajectory_18,1.0,1.0,39293760.666666664,1.0,1.0224659786266785,150.0
panda,balance_cached_k1,166f9f9c01b7bdb7e23bb78eb834aa40e45e3eac2d5c263419996286861ad9dc,joint_limit_return,trajectory_22,1.0,1.0,36745002.666666664,1.0,0.7295443579552737,150.0
panda,single_gn_k1,525ed23e41917cce27c978b0c676be43016f2541aa51a8185bbab7e6ce610192,near_singular,trajectory_10,1.0,1.0,39626969.666666664,1.0,1.8352900232752074,150.0
panda,balance_progress_k1,bb2d7133de7083285ff7ede00b959e62fc3bf5dc626bfa521b77361d0f3f759e,high_curvature,trajectory_34,1.0,1.0,36782098.333333336,1.0,6.420446661618587,150.0
panda,task_balance_k1,bb2d7133de7083285ff7ede00b959e62fc3bf5dc626bfa521b77361d0f3f759e,high_curvature,trajectory_34,1.0,1.0,73593440.0,1.0,6.420446661619359,150.0
panda,single_gn_k1,ba9bbb877bd562764b9ad1fe612339400f4396f8e4e3ccdd742d4a4326684c27,smooth,trajectory_00,1.0,1.0,41021921.333333336,1.0,0.7971990321424749,150.0
panda,balance_progress_k1,c99e2c9b46eb1858a0dd2f525833e49b6f0b7c25001781f1b00044934372d935,near_singular,trajectory_18,1.0,1.0,36010229.666666664,1.0,1.0224659786266785,150.0
panda,balance_progress_k1,f786741c9f59d7d552811f1959141226fb4d169d5c149b34b1fb99edb7839b2c,high_curvature,trajectory_32,1.0,1.0,36859206.666666664,1.0,7.451561313178097,150.0
panda,task_balance_k0,49e505b5dd8506da453322d27fabacda172e9baf611dd7b1ccac4b4220f68113,near_singular,trajectory_13,1.0,1.0,71491764.33333333,1.0,1.5201747965476056,150.0
panda,task_balance_k0,6f61a4f090c2631561aee85944d25bbb3ec9ae75f330ddc67dd8f755fa60ea51,joint_limit_return,trajectory_25,1.0,1.0,73483565.0,1.0,3.6940364507344428,150.0
panda,task_balance_k0,5560810f9d87891ba612f00a19811ec608860538b5dbf8f478a2cc168f4d1547,joint_limit_return,trajectory_20,1.0,1.0,73755064.33333333,1.0,0.7749956521496116,150.0
panda,balance_cached_k0,16ab30a670ddc1bb59f64aa11421a7a95e2a13b391b17e7261a85fb14178c0bc,joint_limit_return,trajectory_29,1.0,1.0,36905468.666666664,1.0,1.27107318488309,150.0
panda,task_balance_k0,827f4c481262ed599d5a62ea92d72f83f9d2baecaa5e733c4c0018e796d573d5,high_curvature,trajectory_38,1.0,1.0,73715086.66666667,1.0,6.6167839202253775,150.0
panda,task_balance_k0,41c501982d64297056fe7d1239938d5f0fb508b8c32ed74b2b5c72d3bf1ddba1,joint_limit_return,trajectory_28,1.0,1.0,73073910.66666667,1.0,0.6738482607613717,150.0
panda,balance_progress_k1,525ed23e41917cce27c978b0c676be43016f2541aa51a8185bbab7e6ce610192,near_singular,trajectory_10,1.0,1.0,35707627.0,1.0,1.8352900232752074,150.0
panda,task_balance_k1,b47f91198895baa3999a406c9c32516cd3e78dd7e42a8bccccc4cd058a03020a,joint_limit_return,trajectory_26,1.0,1.0,73831257.0,1.0,5.4968868866608736,150.0
panda,balance_cached_k0,8ffc69b10a990e9806b11a88aa9d56ad2edaf960a5dbd463eff00cf8c0b24859,high_curvature,trajectory_33,1.0,1.0,39864528.333333336,1.0,8.101019891657824,150.0
panda,single_gn_k1,49e505b5dd8506da453322d27fabacda172e9baf611dd7b1ccac4b4220f68113,near_singular,trajectory_13,1.0,1.0,38954414.333333336,1.0,2.464423059861715,150.0
panda,task_balance_k1,703e80ee1a10cacc408a225bf4b9b1d1a8b7cd7c18ef82408fe61c8b6b1a1fa4,joint_limit_return,trajectory_23,1.0,1.0,73265919.33333333,1.0,1.5503735882473892,150.0
panda,pink_qp,a62f788b8607be02b7f7a70f0234d741c3a3ffbce60a66d892cb748dca4ac32c,smooth,trajectory_01,1.0,1.0,130756212.66666667,1.0,0.7872605637968085,150.0
panda,single_gn_k1,e928208c5cfa766679be750c366c336bdeb1caea1f8283ea513bc5392401481b,smooth,trajectory_03,1.0,1.0,40149388.333333336,1.0,0.6778726426007479,150.0
panda,balance_cached_k1,40c3eae024871d71025c88c09b1bbffc1b50b311548d53112ed8d4118883654a,near_singular,trajectory_16,1.0,1.0,33187092.0,1.0,6.822430251512789,150.0
panda,single_gn_k0,f786741c9f59d7d552811f1959141226fb4d169d5c149b34b1fb99edb7839b2c,high_curvature,trajectory_32,1.0,1.0,40750892.333333336,1.0,7.430537891619131,150.0
panda,pink_qp,e928208c5cfa766679be750c366c336bdeb1caea1f8283ea513bc5392401481b,smooth,trajectory_03,1.0,1.0,149197544.0,1.0,0.7304703424418265,150.0
panda,single_gn_k0,b88225558b53c7528d4fc1a56455ceac395ea6a65306515006580362af026e1e,high_curvature,trajectory_31,1.0,1.0,42233782.666666664,1.0,8.597701506595294,150.0
panda,balance_progress_k1,827f4c481262ed599d5a62ea92d72f83f9d2baecaa5e733c4c0018e796d573d5,high_curvature,trajectory_38,1.0,1.0,36788894.0,1.0,6.552760851788023,150.0
panda,task_balance_k1,16ab30a670ddc1bb59f64aa11421a7a95e2a13b391b17e7261a85fb14178c0bc,joint_limit_return,trajectory_29,1.0,1.0,74300417.0,1.0,0.6603329790824677,150.0
panda,single_gn_k1,98b02d6a697ef616fb15325aca1f5748ceba5d966785b4f1677767ebff16420f,smooth,trajectory_02,1.0,1.0,40762243.666666664,1.0,0.7200396927714937,150.0
panda,balance_cached_k0,f786741c9f59d7d552811f1959141226fb4d169d5c149b34b1fb99edb7839b2c,high_curvature,trajectory_32,1.0,1.0,39042754.0,1.0,7.430536899700297,150.0
panda,task_balance_k1,a74d26d3694c4e4d15b8817c29ef75a4bd43cb4d8d1ebf3ae4154e26d80ab4a4,smooth,trajectory_08,1.0,1.0,73397500.33333333,1.0,0.7389855951069754,150.0
panda,balance_cached_k1,9a94337fb5b3319c8ba9dcce20e827630b16d9a348f1f3aa8709c5d0df3406af,near_singular,trajectory_19,1.0,1.0,35534417.333333336,1.0,2.9727122105010024,150.0
panda,task_balance_k0,c27c85dfc1ac902402f2c27d5ecd007325d528654413acef4dab0af30af48583,high_curvature,trajectory_37,1.0,1.0,74080186.0,1.0,6.953002522972246,150.0
panda,single_gn_k1,cdb906e5ffe0888b5856461ef6bee1b8809232e928fd853beb25f1903a7d798a,smooth,trajectory_07,1.0,1.0,40213863.333333336,1.0,0.6175829368778354,150.0
panda,single_gn_k1,8ffc69b10a990e9806b11a88aa9d56ad2edaf960a5dbd463eff00cf8c0b24859,high_curvature,trajectory_33,1.0,1.0,41889483.333333336,1.0,8.237653269798528,150.0
panda,balance_progress_k0,8ffc69b10a990e9806b11a88aa9d56ad2edaf960a5dbd463eff00cf8c0b24859,high_curvature,trajectory_33,1.0,1.0,38289817.0,1.0,8.101018623189114,150.0
panda,balance_cached_k0,ea5503530085a4b7fba1457389f090742de31c9aa6ebe8907aa867289b032370,near_singular,trajectory_12,1.0,1.0,35752763.333333336,1.0,1.9947244982382528,150.0
panda,balance_cached_k1,4e626ba28da6a8d45d22f023c3732e2d796c83a0e74df2aa41168fe26f6dccab,near_singular,trajectory_14,1.0,1.0,34857164.0,1.0,3.3420234882726674,150.0
panda,task_balance_k0,a62f788b8607be02b7f7a70f0234d741c3a3ffbce60a66d892cb748dca4ac32c,smooth,trajectory_01,1.0,1.0,73516736.33333333,1.0,0.7809236465636648,150.0
panda,pink_qp,f786741c9f59d7d552811f1959141226fb4d169d5c149b34b1fb99edb7839b2c,high_curvature,trajectory_32,1.0,1.0,146180826.0,1.0,8.037221038946448,150.0
panda,balance_progress_k0,bb2d7133de7083285ff7ede00b959e62fc3bf5dc626bfa521b77361d0f3f759e,high_curvature,trajectory_34,1.0,0.6666666666666666,53014304.333333336,1.0,6.347260511943346,150.0
panda,balance_progress_k0,703e80ee1a10cacc408a225bf4b9b1d1a8b7cd7c18ef82408fe61c8b6b1a1fa4,joint_limit_return,trajectory_23,1.0,1.0,36841988.666666664,1.0,2.3105983897239093,150.0
panda,balance_cached_k1,ca9065ec04392f64d1cce7cea6e6ae7ba224495be6a41fa0902e34ddeb925465,near_singular,trajectory_17,1.0,1.0,34652373.0,1.0,2.9475452711093353,150.0
panda,pink_qp,c99e2c9b46eb1858a0dd2f525833e49b6f0b7c25001781f1b00044934372d935,near_singular,trajectory_18,1.0,1.0,138484301.66666666,1.0,2.5554068605522184,150.0
panda,balance_progress_k1,6f61a4f090c2631561aee85944d25bbb3ec9ae75f330ddc67dd8f755fa60ea51,joint_limit_return,trajectory_25,1.0,1.0,36979904.0,1.0,4.428732957097844,150.0
panda,pink_qp,4afc296390cd2da8318a4ba9544aebe6e73de828b20fea6cbaeedda3bf7a189f,joint_limit_return,trajectory_21,1.0,1.0,149457348.33333334,1.0,0.8109637297348004,150.0
panda,task_balance_k0,1742dca2b4e66648ef384a591bc48af258b7ccf01a3b1f0930d212a06b1f978c,near_singular,trajectory_15,1.0,1.0,71141189.33333333,1.0,1.0251896202102562,150.0
panda,balance_progress_k0,b47f91198895baa3999a406c9c32516cd3e78dd7e42a8bccccc4cd058a03020a,joint_limit_return,trajectory_26,1.0,1.0,37007957.0,1.0,3.2004198529189765,150.0
panda,balance_progress_k1,41c501982d64297056fe7d1239938d5f0fb508b8c32ed74b2b5c72d3bf1ddba1,joint_limit_return,trajectory_28,1.0,1.0,36850482.333333336,1.0,0.6843366659494864,150.0
panda,task_balance_k0,d8e06950cec2579c739f7f6d3dbb3628755dfd76be5740fad3bec38b4ef94cc6,near_singular,trajectory_11,1.0,1.0,62495431.0,1.0,11.105007954635388,150.0
panda,single_gn_k0,41c501982d64297056fe7d1239938d5f0fb508b8c32ed74b2b5c72d3bf1ddba1,joint_limit_return,trajectory_28,1.0,1.0,40319205.333333336,1.0,0.6738482607611996,150.0
panda,task_balance_k0,bb2d7133de7083285ff7ede00b959e62fc3bf5dc626bfa521b77361d0f3f759e,high_curvature,trajectory_34,1.0,1.0,74633844.33333333,1.0,6.347260511942955,150.0
panda,balance_progress_k0,4e626ba28da6a8d45d22f023c3732e2d796c83a0e74df2aa41168fe26f6dccab,near_singular,trajectory_14,0.0,0.0,272875944.3333333,0.8133333333333334,5.869964540599192,122.0
panda,task_balance_k0,125d0ba81f8f99703f34ce79c430375e614edd8d7281141ad9df7e9828fed992,joint_limit_return,trajectory_24,1.0,1.0,73486153.33333333,1.0,0.6780255027988473,150.0
panda,balance_progress_k1,125d0ba81f8f99703f34ce79c430375e614edd8d7281141ad9df7e9828fed992,joint_limit_return,trajectory_24,1.0,1.0,36843986.333333336,1.0,0.7305322160150866,150.0
panda,single_gn_k0,16ab30a670ddc1bb59f64aa11421a7a95e2a13b391b17e7261a85fb14178c0bc,joint_limit_return,trajectory_29,1.0,1.0,40773057.333333336,1.0,1.27107318488309,150.0
panda,balance_progress_k1,166f9f9c01b7bdb7e23bb78eb834aa40e45e3eac2d5c263419996286861ad9dc,joint_limit_return,trajectory_22,1.0,1.0,37177486.0,1.0,0.7295443579552737,150.0
panda,task_balance_k1,4e626ba28da6a8d45d22f023c3732e2d796c83a0e74df2aa41168fe26f6dccab,near_singular,trajectory_14,0.6666666666666666,0.6666666666666666,86743244.0,0.9977777777777778,3.69913152957648,128.0
panda,balance_cached_k1,f786741c9f59d7d552811f1959141226fb4d169d5c149b34b1fb99edb7839b2c,high_curvature,trajectory_32,1.0,1.0,38752908.0,1.0,7.451563684619695,150.0
panda,balance_cached_k1,ea5503530085a4b7fba1457389f090742de31c9aa6ebe8907aa867289b032370,near_singular,trajectory_12,1.0,1.0,36045140.666666664,1.0,2.3950420960552603,150.0
panda,single_gn_k1,0c2a95a498c1bf13c2df4295db29a5367cf069e157e300d36211ce1951b2bf0e,smooth,trajectory_06,1.0,1.0,40901733.0,1.0,0.7146861831544493,150.0
panda,task_balance_k1,f786741c9f59d7d552811f1959141226fb4d169d5c149b34b1fb99edb7839b2c,high_curvature,trajectory_32,1.0,1.0,76279364.33333333,1.0,7.451563684621688,150.0
panda,balance_cached_k0,972b6c7f62ad2d88a1171405175e002fe4dad516aaa6300e4c090613265f4592,smooth,trajectory_05,1.0,1.0,37142155.333333336,1.0,0.7635320771316249,150.0
panda,task_balance_k0,c99e2c9b46eb1858a0dd2f525833e49b6f0b7c25001781f1b00044934372d935,near_singular,trajectory_18,1.0,1.0,72459669.66666667,1.0,0.6638108646707703,150.0
panda,single_gn_k1,d8e06950cec2579c739f7f6d3dbb3628755dfd76be5740fad3bec38b4ef94cc6,near_singular,trajectory_11,1.0,1.0,35255035.333333336,1.0,11.110068307177846,150.0
panda,single_gn_k1,ea5e2ac9bfe24625cf9368e4931dfe5a7f878c028b94ce7ca271455c05bad4e6,smooth,trajectory_04,1.0,1.0,40417807.0,1.0,0.5712854544727238,150.0
panda,balance_progress_k0,4afc296390cd2da8318a4ba9544aebe6e73de828b20fea6cbaeedda3bf7a189f,joint_limit_return,trajectory_21,1.0,1.0,37168397.333333336,1.0,0.7085798603943708,150.0
panda,balance_progress_k1,0c2a95a498c1bf13c2df4295db29a5367cf069e157e300d36211ce1951b2bf0e,smooth,trajectory_06,1.0,1.0,37212331.666666664,1.0,0.7146861831544493,150.0
panda,balance_cached_k1,98b02d6a697ef616fb15325aca1f5748ceba5d966785b4f1677767ebff16420f,smooth,trajectory_02,1.0,1.0,36775229.666666664,1.0,0.7200396927714937,150.0
panda,balance_progress_k1,a74d26d3694c4e4d15b8817c29ef75a4bd43cb4d8d1ebf3ae4154e26d80ab4a4,smooth,trajectory_08,1.0,1.0,37008725.333333336,1.0,0.7389855951065226,150.0
panda,task_balance_k0,62749969a81aa229bd98bbc6a77941b40960bf5ae0886a5dfe36f5eff62e5c1c,joint_limit_return,trajectory_27,1.0,1.0,74025459.33333333,1.0,0.5912781024856456,150.0
panda,pink_qp,5560810f9d87891ba612f00a19811ec608860538b5dbf8f478a2cc168f4d1547,joint_limit_return,trajectory_20,1.0,1.0,149678567.0,1.0,1.7294671874173717,150.0
panda,balance_cached_k0,49e505b5dd8506da453322d27fabacda172e9baf611dd7b1ccac4b4220f68113,near_singular,trajectory_13,1.0,1.0,35718817.0,1.0,1.520174796545372,150.0
panda,task_balance_k1,166f9f9c01b7bdb7e23bb78eb834aa40e45e3eac2d5c263419996286861ad9dc,joint_limit_return,trajectory_22,1.0,1.0,73981073.33333333,1.0,0.7295443579551858,150.0
panda,single_gn_k0,380513eac133b886f7e375e39250059ba16f3133d3a5d3b8ff244470af2eb5ae,high_curvature,trajectory_39,1.0,1.0,40512614.0,1.0,5.52016328584602,150.0
panda,single_gn_k1,c27c85dfc1ac902402f2c27d5ecd007325d528654413acef4dab0af30af48583,high_curvature,trajectory_37,1.0,1.0,40611803.333333336,1.0,6.912978513197525,150.0
panda,task_balance_k0,166f9f9c01b7bdb7e23bb78eb834aa40e45e3eac2d5c263419996286861ad9dc,joint_limit_return,trajectory_22,1.0,1.0,73462686.0,1.0,0.7276124649000973,150.0
panda,balance_cached_k0,a62f788b8607be02b7f7a70f0234d741c3a3ffbce60a66d892cb748dca4ac32c,smooth,trajectory_01,1.0,1.0,36730649.0,1.0,0.780923646563579,150.0
panda,task_balance_k0,b88225558b53c7528d4fc1a56455ceac395ea6a65306515006580362af026e1e,high_curvature,trajectory_31,1.0,1.0,79508699.66666667,1.0,8.597701510588003,150.0
panda,task_balance_k1,525ed23e41917cce27c978b0c676be43016f2541aa51a8185bbab7e6ce610192,near_singular,trajectory_10,1.0,1.0,71677280.33333333,1.0,1.8352900232669087,150.0
panda,pink_qp,125d0ba81f8f99703f34ce79c430375e614edd8d7281141ad9df7e9828fed992,joint_limit_return,trajectory_24,1.0,1.0,147360779.0,1.0,0.6981899370518191,150.0
panda,single_gn_k1,fd96ca4300b705b343cbde5bb7d97076acca0d187b1d78fc9094c6cac23b640b,high_curvature,trajectory_36,1.0,1.0,40292443.333333336,1.0,6.062948517556353,150.0
panda,balance_cached_k0,98b02d6a697ef616fb15325aca1f5748ceba5d966785b4f1677767ebff16420f,smooth,trajectory_02,1.0,1.0,36750688.333333336,1.0,0.724096352211599,150.0
panda,pink_qp,6b43e53a09d43b068012e38e4082dc1a83a7da4ac12d3b1a7c10621fab8498a4,smooth,trajectory_09,1.0,1.0,136400232.33333334,1.0,0.5909815334562702,150.0
panda,balance_cached_k1,41c501982d64297056fe7d1239938d5f0fb508b8c32ed74b2b5c72d3bf1ddba1,joint_limit_return,trajectory_28,1.0,1.0,36928072.333333336,1.0,0.6843366659494864,150.0
panda,balance_cached_k1,0c2a95a498c1bf13c2df4295db29a5367cf069e157e300d36211ce1951b2bf0e,smooth,trajectory_06,1.0,1.0,36600418.666666664,1.0,0.7146861831544493,150.0
panda,balance_cached_k0,703e80ee1a10cacc408a225bf4b9b1d1a8b7cd7c18ef82408fe61c8b6b1a1fa4,joint_limit_return,trajectory_23,1.0,1.0,36577254.666666664,1.0,2.3105983897239093,150.0
panda,single_gn_k0,ba9bbb877bd562764b9ad1fe612339400f4396f8e4e3ccdd742d4a4326684c27,smooth,trajectory_00,1.0,1.0,40311808.0,1.0,0.7643183388935593,150.0
panda,task_balance_k1,1742dca2b4e66648ef384a591bc48af258b7ccf01a3b1f0930d212a06b1f978c,near_singular,trajectory_15,1.0,1.0,70080001.0,1.0,2.0556181930444697,150.0
panda,balance_cached_k1,f77f30aad07c01747cccac5f99de0454266b5b9453dc6357da97f2c8d2529cfc,high_curvature,trajectory_30,1.0,1.0,36744220.666666664,1.0,5.428278342244997,150.0
panda,pink_qp,525ed23e41917cce27c978b0c676be43016f2541aa51a8185bbab7e6ce610192,near_singular,trajectory_10,1.0,1.0,137518785.66666666,1.0,14.618887942733318,150.0
panda,balance_cached_k0,b88225558b53c7528d4fc1a56455ceac395ea6a65306515006580362af026e1e,high_curvature,trajectory_31,1.0,1.0,39385324.666666664,1.0,8.597701510587928,150.0
panda,balance_progress_k0,166f9f9c01b7bdb7e23bb78eb834aa40e45e3eac2d5c263419996286861ad9dc,joint_limit_return,trajectory_22,1.0,1.0,36919247.666666664,1.0,0.727612464890036,150.0
panda,single_gn_k0,ea5503530085a4b7fba1457389f090742de31c9aa6ebe8907aa867289b032370,near_singular,trajectory_12,1.0,1.0,39586451.333333336,1.0,1.9947244982382528,150.0
panda,balance_progress_k0,fd96ca4300b705b343cbde5bb7d97076acca0d187b1d78fc9094c6cac23b640b,high_curvature,trajectory_36,1.0,1.0,36944772.666666664,1.0,6.25840856957178,150.0
panda,balance_cached_k1,e928208c5cfa766679be750c366c336bdeb1caea1f8283ea513bc5392401481b,smooth,trajectory_03,1.0,1.0,36852911.0,1.0,0.6778726426007479,150.0
panda,single_gn_k0,62749969a81aa229bd98bbc6a77941b40960bf5ae0886a5dfe36f5eff62e5c1c,joint_limit_return,trajectory_27,1.0,1.0,40139439.333333336,1.0,0.5912781024857772,150.0
panda,balance_cached_k0,9a94337fb5b3319c8ba9dcce20e827630b16d9a348f1f3aa8709c5d0df3406af,near_singular,trajectory_19,1.0,1.0,35664429.333333336,1.0,1.2540898600450565,150.0
panda,single_gn_k0,703e80ee1a10cacc408a225bf4b9b1d1a8b7cd7c18ef82408fe61c8b6b1a1fa4,joint_limit_return,trajectory_23,1.0,1.0,40841061.666666664,1.0,2.3105983897239093,150.0
panda,single_gn_k0,bb2d7133de7083285ff7ede00b959e62fc3bf5dc626bfa521b77361d0f3f759e,high_curvature,trajectory_34,1.0,1.0,41142012.666666664,1.0,6.347260511943346,150.0
panda,task_balance_k1,b88225558b53c7528d4fc1a56455ceac395ea6a65306515006580362af026e1e,high_curvature,trajectory_31,1.0,1.0,81999294.66666667,1.0,8.621278584026308,150.0
panda,single_gn_k1,ca9065ec04392f64d1cce7cea6e6ae7ba224495be6a41fa0902e34ddeb925465,near_singular,trajectory_17,1.0,1.0,38024034.0,1.0,2.9475452711093353,150.0
panda,single_gn_k1,4e626ba28da6a8d45d22f023c3732e2d796c83a0e74df2aa41168fe26f6dccab,near_singular,trajectory_14,1.0,1.0,38168008.666666664,1.0,3.3420234882726674,150.0
panda,balance_progress_k1,4e626ba28da6a8d45d22f023c3732e2d796c83a0e74df2aa41168fe26f6dccab,near_singular,trajectory_14,1.0,1.0,34921878.666666664,1.0,3.3420234882726674,150.0
panda,balance_cached_k0,c99e2c9b46eb1858a0dd2f525833e49b6f0b7c25001781f1b00044934372d935,near_singular,trajectory_18,1.0,1.0,35993391.666666664,1.0,0.6638108646714567,150.0
panda,balance_cached_k1,c99e2c9b46eb1858a0dd2f525833e49b6f0b7c25001781f1b00044934372d935,near_singular,trajectory_18,1.0,1.0,35671844.333333336,1.0,1.0224659786266785,150.0
panda,single_gn_k0,49e505b5dd8506da453322d27fabacda172e9baf611dd7b1ccac4b4220f68113,near_singular,trajectory_13,1.0,1.0,39369313.0,1.0,1.520174796545372,150.0
panda,balance_cached_k0,827f4c481262ed599d5a62ea92d72f83f9d2baecaa5e733c4c0018e796d573d5,high_curvature,trajectory_38,1.0,1.0,36624799.0,1.0,6.616783920225601,150.0
panda,balance_progress_k1,f77f30aad07c01747cccac5f99de0454266b5b9453dc6357da97f2c8d2529cfc,high_curvature,trajectory_30,1.0,1.0,36674340.333333336,1.0,5.428278342244997,150.0
panda,pink_qp,e7257c22abc9d850802582540365f4bc972868280e40708e45700776b6ad2aca,high_curvature,trajectory_35,1.0,1.0,143174878.66666666,1.0,6.390171803485504,150.0
panda,balance_progress_k0,ea5e2ac9bfe24625cf9368e4931dfe5a7f878c028b94ce7ca271455c05bad4e6,smooth,trajectory_04,1.0,1.0,36932720.666666664,1.0,0.5701619072762077,150.0
panda,balance_cached_k0,ba9bbb877bd562764b9ad1fe612339400f4396f8e4e3ccdd742d4a4326684c27,smooth,trajectory_00,1.0,1.0,36759030.0,1.0,0.7643183388935593,150.0
panda,single_gn_k0,e7257c22abc9d850802582540365f4bc972868280e40708e45700776b6ad2aca,high_curvature,trajectory_35,1.0,1.0,41178787.666666664,1.0,6.304303146524425,150.0
panda,single_gn_k0,6f61a4f090c2631561aee85944d25bbb3ec9ae75f330ddc67dd8f755fa60ea51,joint_limit_return,trajectory_25,1.0,1.0,40060095.333333336,1.0,3.694036450733654,150.0
panda,balance_cached_k1,49e505b5dd8506da453322d27fabacda172e9baf611dd7b1ccac4b4220f68113,near_singular,trajectory_13,1.0,1.0,35424483.333333336,1.0,2.464423059861715,150.0
panda,single_gn_k0,525ed23e41917cce27c978b0c676be43016f2541aa51a8185bbab7e6ce610192,near_singular,trajectory_10,1.0,1.0,39266724.0,1.0,0.6621002759805037,150.0
panda,balance_progress_k0,6f61a4f090c2631561aee85944d25bbb3ec9ae75f330ddc67dd8f755fa60ea51,joint_limit_return,trajectory_25,1.0,1.0,36592488.666666664,1.0,3.694036450733654,150.0
panda,task_balance_k1,cdb906e5ffe0888b5856461ef6bee1b8809232e928fd853beb25f1903a7d798a,smooth,trajectory_07,1.0,1.0,73766115.33333333,1.0,0.6175829368778466,150.0
panda,balance_progress_k0,b88225558b53c7528d4fc1a56455ceac395ea6a65306515006580362af026e1e,high_curvature,trajectory_31,1.0,1.0,38521307.0,1.0,8.597701506595294,150.0
panda,task_balance_k0,703e80ee1a10cacc408a225bf4b9b1d1a8b7cd7c18ef82408fe61c8b6b1a1fa4,joint_limit_return,trajectory_23,1.0,1.0,74009087.33333333,1.0,2.3105983897031557,150.0
panda,single_gn_k1,1742dca2b4e66648ef384a591bc48af258b7ccf01a3b1f0930d212a06b1f978c,near_singular,trajectory_15,1.0,1.0,38871126.0,1.0,2.055618193045454,150.0
panda,balance_progress_k0,6b43e53a09d43b068012e38e4082dc1a83a7da4ac12d3b1a7c10621fab8498a4,smooth,trajectory_09,1.0,1.0,36839595.0,1.0,0.5888362814118456,150.0
panda,single_gn_k1,166f9f9c01b7bdb7e23bb78eb834aa40e45e3eac2d5c263419996286861ad9dc,joint_limit_return,trajectory_22,1.0,1.0,40503632.666666664,1.0,0.7295443579552737,150.0
panda,task_balance_k0,a74d26d3694c4e4d15b8817c29ef75a4bd43cb4d8d1ebf3ae4154e26d80ab4a4,smooth,trajectory_08,1.0,1.0,73598874.66666667,1.0,0.7052512314112381,150.0
panda,task_balance_k0,0c2a95a498c1bf13c2df4295db29a5367cf069e157e300d36211ce1951b2bf0e,smooth,trajectory_06,1.0,1.0,73747624.66666667,1.0,0.657437971482303,150.0
panda,task_balance_k1,827f4c481262ed599d5a62ea92d72f83f9d2baecaa5e733c4c0018e796d573d5,high_curvature,trajectory_38,1.0,1.0,73963030.66666667,1.0,6.552760851787692,150.0
panda,single_gn_k0,ca9065ec04392f64d1cce7cea6e6ae7ba224495be6a41fa0902e34ddeb925465,near_singular,trajectory_17,1.0,1.0,38607750.666666664,1.0,3.1954339525291204,150.0
panda,balance_cached_k1,ea5e2ac9bfe24625cf9368e4931dfe5a7f878c028b94ce7ca271455c05bad4e6,smooth,trajectory_04,1.0,1.0,37175732.0,1.0,0.5712854544727238,150.0
panda,balance_cached_k0,62749969a81aa229bd98bbc6a77941b40960bf5ae0886a5dfe36f5eff62e5c1c,joint_limit_return,trajectory_27,1.0,1.0,36932699.0,1.0,0.5912781024857772,150.0
panda,pink_qp,9a94337fb5b3319c8ba9dcce20e827630b16d9a348f1f3aa8709c5d0df3406af,near_singular,trajectory_19,1.0,1.0,147870966.33333334,1.0,0.7689519509256314,150.0
panda,task_balance_k0,9a94337fb5b3319c8ba9dcce20e827630b16d9a348f1f3aa8709c5d0df3406af,near_singular,trajectory_19,1.0,1.0,71264815.33333333,1.0,1.2540898600491959,150.0
panda,balance_cached_k1,bb2d7133de7083285ff7ede00b959e62fc3bf5dc626bfa521b77361d0f3f759e,high_curvature,trajectory_34,1.0,1.0,36856662.0,1.0,6.420446661618587,150.0
panda,balance_progress_k1,ea5503530085a4b7fba1457389f090742de31c9aa6ebe8907aa867289b032370,near_singular,trajectory_12,1.0,1.0,36017218.666666664,1.0,2.3950420960552603,150.0
panda,single_gn_k0,972b6c7f62ad2d88a1171405175e002fe4dad516aaa6300e4c090613265f4592,smooth,trajectory_05,1.0,1.0,40414399.666666664,1.0,0.7635320771316249,150.0
panda,single_gn_k1,827f4c481262ed599d5a62ea92d72f83f9d2baecaa5e733c4c0018e796d573d5,high_curvature,trajectory_38,1.0,1.0,40352787.666666664,1.0,6.552760851788023,150.0
panda,balance_progress_k0,ea5503530085a4b7fba1457389f090742de31c9aa6ebe8907aa867289b032370,near_singular,trajectory_12,1.0,1.0,35960399.333333336,1.0,1.9947244982382528,150.0
panda,pink_qp,40c3eae024871d71025c88c09b1bbffc1b50b311548d53112ed8d4118883654a,near_singular,trajectory_16,1.0,1.0,148153854.33333334,1.0,0.4995676857806554,150.0
panda,balance_progress_k1,b88225558b53c7528d4fc1a56455ceac395ea6a65306515006580362af026e1e,high_curvature,trajectory_31,1.0,1.0,38661741.333333336,1.0,8.621277394176985,150.0
panda,balance_cached_k1,380513eac133b886f7e375e39250059ba16f3133d3a5d3b8ff244470af2eb5ae,high_curvature,trajectory_39,1.0,1.0,36817858.333333336,1.0,5.518062885121327,150.0
panda,balance_progress_k0,c99e2c9b46eb1858a0dd2f525833e49b6f0b7c25001781f1b00044934372d935,near_singular,trajectory_18,1.0,1.0,35902126.333333336,1.0,0.6638108646714567,150.0
panda,pink_qp,166f9f9c01b7bdb7e23bb78eb834aa40e45e3eac2d5c263419996286861ad9dc,joint_limit_return,trajectory_22,1.0,1.0,101793854.33333333,1.0,0.7364915305379321,150.0
panda,task_balance_k1,f77f30aad07c01747cccac5f99de0454266b5b9453dc6357da97f2c8d2529cfc,high_curvature,trajectory_30,1.0,1.0,73971192.0,1.0,5.428278342245502,150.0
panda,pink_qp,0c2a95a498c1bf13c2df4295db29a5367cf069e157e300d36211ce1951b2bf0e,smooth,trajectory_06,1.0,1.0,153431126.33333334,1.0,0.8146854997603413,150.0
panda,task_balance_k1,98b02d6a697ef616fb15325aca1f5748ceba5d966785b4f1677767ebff16420f,smooth,trajectory_02,1.0,1.0,73605600.66666667,1.0,0.7200396927716549,150.0
panda,balance_cached_k1,d8e06950cec2579c739f7f6d3dbb3628755dfd76be5740fad3bec38b4ef94cc6,near_singular,trajectory_11,1.0,1.0,31691028.666666668,1.0,11.110068307177846,150.0
panda,balance_cached_k1,4afc296390cd2da8318a4ba9544aebe6e73de828b20fea6cbaeedda3bf7a189f,joint_limit_return,trajectory_21,1.0,1.0,36908958.666666664,1.0,0.8797367333301392,150.0
panda,task_balance_k1,6b43e53a09d43b068012e38e4082dc1a83a7da4ac12d3b1a7c10621fab8498a4,smooth,trajectory_09,1.0,1.0,73130190.66666667,1.0,0.6014510211571276,150.0
panda,pink_qp,ba9bbb877bd562764b9ad1fe612339400f4396f8e4e3ccdd742d4a4326684c27,smooth,trajectory_00,1.0,1.0,114680171.33333333,1.0,0.7648179489753625,150.0
panda,balance_progress_k0,c27c85dfc1ac902402f2c27d5ecd007325d528654413acef4dab0af30af48583,high_curvature,trajectory_37,1.0,1.0,36645502.666666664,1.0,6.953002522971768,150.0
panda,balance_progress_k1,4afc296390cd2da8318a4ba9544aebe6e73de828b20fea6cbaeedda3bf7a189f,joint_limit_return,trajectory_21,1.0,1.0,36746926.666666664,1.0,0.8797367333301392,150.0
panda,pink_qp,b88225558b53c7528d4fc1a56455ceac395ea6a65306515006580362af026e1e,high_curvature,trajectory_31,1.0,1.0,113001904.33333333,1.0,8.516079573520747,150.0
panda,task_balance_k0,f77f30aad07c01747cccac5f99de0454266b5b9453dc6357da97f2c8d2529cfc,high_curvature,trajectory_30,1.0,1.0,73426020.33333333,1.0,5.42175342782468,150.0
panda,task_balance_k1,d8e06950cec2579c739f7f6d3dbb3628755dfd76be5740fad3bec38b4ef94cc6,near_singular,trajectory_11,1.0,1.0,61964809.666666664,1.0,11.110068307177658,150.0
panda,balance_progress_k0,62749969a81aa229bd98bbc6a77941b40960bf5ae0886a5dfe36f5eff62e5c1c,joint_limit_return,trajectory_27,1.0,1.0,36652624.0,1.0,0.5912781024857772,150.0
panda,single_gn_k0,4afc296390cd2da8318a4ba9544aebe6e73de828b20fea6cbaeedda3bf7a189f,joint_limit_return,trajectory_21,1.0,1.0,40482802.666666664,1.0,0.7085798603943708,150.0
panda,balance_cached_k0,166f9f9c01b7bdb7e23bb78eb834aa40e45e3eac2d5c263419996286861ad9dc,joint_limit_return,trajectory_22,1.0,1.0,36973185.0,1.0,0.727612464890036,150.0
panda,balance_progress_k0,d8e06950cec2579c739f7f6d3dbb3628755dfd76be5740fad3bec38b4ef94cc6,near_singular,trajectory_11,1.0,1.0,31770697.0,1.0,11.10500795463632,150.0
panda,balance_progress_k1,8ffc69b10a990e9806b11a88aa9d56ad2edaf960a5dbd463eff00cf8c0b24859,high_curvature,trajectory_33,1.0,1.0,38363802.0,1.0,8.237653269798528,150.0
panda,task_balance_k1,0c2a95a498c1bf13c2df4295db29a5367cf069e157e300d36211ce1951b2bf0e,smooth,trajectory_06,1.0,1.0,73468015.66666667,1.0,0.7146861831543498,150.0
panda,task_balance_k0,6b43e53a09d43b068012e38e4082dc1a83a7da4ac12d3b1a7c10621fab8498a4,smooth,trajectory_09,1.0,1.0,73214785.33333333,1.0,0.5888362814118466,150.0
panda,pink_qp,41c501982d64297056fe7d1239938d5f0fb508b8c32ed74b2b5c72d3bf1ddba1,joint_limit_return,trajectory_28,1.0,1.0,151510913.33333334,1.0,0.9645233991116013,150.0
panda,balance_cached_k1,6f61a4f090c2631561aee85944d25bbb3ec9ae75f330ddc67dd8f755fa60ea51,joint_limit_return,trajectory_25,1.0,1.0,36815639.0,1.0,4.428732957097844,150.0
panda,balance_progress_k1,b47f91198895baa3999a406c9c32516cd3e78dd7e42a8bccccc4cd058a03020a,joint_limit_return,trajectory_26,1.0,1.0,37192794.666666664,1.0,5.496886886682039,150.0
panda,balance_cached_k1,c27c85dfc1ac902402f2c27d5ecd007325d528654413acef4dab0af30af48583,high_curvature,trajectory_37,1.0,1.0,36280673.0,1.0,6.912978513197525,150.0
panda,balance_progress_k0,98b02d6a697ef616fb15325aca1f5748ceba5d966785b4f1677767ebff16420f,smooth,trajectory_02,1.0,1.0,36570377.0,1.0,0.724096352211599,150.0
panda,balance_cached_k0,fd96ca4300b705b343cbde5bb7d97076acca0d187b1d78fc9094c6cac23b640b,high_curvature,trajectory_36,1.0,1.0,36749165.666666664,1.0,6.25840856957178,150.0
panda,balance_progress_k1,cdb906e5ffe0888b5856461ef6bee1b8809232e928fd853beb25f1903a7d798a,smooth,trajectory_07,1.0,1.0,36447214.666666664,1.0,0.6175829368778354,150.0
panda,balance_cached_k0,380513eac133b886f7e375e39250059ba16f3133d3a5d3b8ff244470af2eb5ae,high_curvature,trajectory_39,1.0,1.0,36964312.666666664,1.0,5.52016328584602,150.0
panda,balance_cached_k1,e7257c22abc9d850802582540365f4bc972868280e40708e45700776b6ad2aca,high_curvature,trajectory_35,1.0,1.0,38610626.666666664,1.0,6.612037568380372,150.0
panda,balance_cached_k0,c27c85dfc1ac902402f2c27d5ecd007325d528654413acef4dab0af30af48583,high_curvature,trajectory_37,1.0,1.0,36917984.0,1.0,6.953002522971768,150.0
panda,task_balance_k1,ca9065ec04392f64d1cce7cea6e6ae7ba224495be6a41fa0902e34ddeb925465,near_singular,trajectory_17,1.0,1.0,69371734.66666667,1.0,2.9475452711131727,150.0
panda,task_balance_k0,b47f91198895baa3999a406c9c32516cd3e78dd7e42a8bccccc4cd058a03020a,joint_limit_return,trajectory_26,0.6666666666666666,0.6666666666666666,90126953.0,0.9977777777777778,3.819488590305584,126.33333333333333
panda,balance_progress_k0,827f4c481262ed599d5a62ea92d72f83f9d2baecaa5e733c4c0018e796d573d5,high_curvature,trajectory_38,1.0,1.0,36988876.0,1.0,6.616783920225601,150.0
panda,task_balance_k1,fd96ca4300b705b343cbde5bb7d97076acca0d187b1d78fc9094c6cac23b640b,high_curvature,trajectory_36,1.0,1.0,73579062.66666667,1.0,6.0629485175559354,150.0
panda,single_gn_k0,a62f788b8607be02b7f7a70f0234d741c3a3ffbce60a66d892cb748dca4ac32c,smooth,trajectory_01,1.0,1.0,40416221.333333336,1.0,0.780923646563579,150.0
panda,balance_cached_k0,d8e06950cec2579c739f7f6d3dbb3628755dfd76be5740fad3bec38b4ef94cc6,near_singular,trajectory_11,1.0,1.0,31627789.333333332,1.0,11.10500795463632,150.0
panda,balance_cached_k1,fd96ca4300b705b343cbde5bb7d97076acca0d187b1d78fc9094c6cac23b640b,high_curvature,trajectory_36,1.0,1.0,36632999.666666664,1.0,6.062948517556353,150.0
panda,balance_cached_k0,f77f30aad07c01747cccac5f99de0454266b5b9453dc6357da97f2c8d2529cfc,high_curvature,trajectory_30,1.0,1.0,36407286.333333336,1.0,5.421753427825114,150.0
panda,pink_qp,c27c85dfc1ac902402f2c27d5ecd007325d528654413acef4dab0af30af48583,high_curvature,trajectory_37,1.0,1.0,139444078.33333334,1.0,6.9663474845003,150.0
panda,balance_progress_k0,40c3eae024871d71025c88c09b1bbffc1b50b311548d53112ed8d4118883654a,near_singular,trajectory_16,1.0,1.0,32854402.666666668,1.0,7.40822178060759,150.0
panda,task_balance_k0,e928208c5cfa766679be750c366c336bdeb1caea1f8283ea513bc5392401481b,smooth,trajectory_03,1.0,1.0,73512496.0,1.0,0.6645666568581687,150.0
panda,balance_progress_k0,16ab30a670ddc1bb59f64aa11421a7a95e2a13b391b17e7261a85fb14178c0bc,joint_limit_return,trajectory_29,1.0,1.0,36932288.333333336,1.0,1.27107318488309,150.0
panda,single_gn_k0,b47f91198895baa3999a406c9c32516cd3e78dd7e42a8bccccc4cd058a03020a,joint_limit_return,trajectory_26,1.0,1.0,40653431.0,1.0,3.2004198529189765,150.0
panda,balance_progress_k1,40c3eae024871d71025c88c09b1bbffc1b50b311548d53112ed8d4118883654a,near_singular,trajectory_16,1.0,1.0,32959291.666666668,1.0,6.822430251512789,150.0
panda,balance_progress_k0,cdb906e5ffe0888b5856461ef6bee1b8809232e928fd853beb25f1903a7d798a,smooth,trajectory_07,1.0,1.0,36791494.0,1.0,0.6342139643864704,150.0
panda,task_balance_k1,125d0ba81f8f99703f34ce79c430375e614edd8d7281141ad9df7e9828fed992,joint_limit_return,trajectory_24,1.0,1.0,73560569.33333333,1.0,0.7305322160150834,150.0
panda,single_gn_k0,5560810f9d87891ba612f00a19811ec608860538b5dbf8f478a2cc168f4d1547,joint_limit_return,trajectory_20,1.0,1.0,40583791.333333336,1.0,0.7749956521491373,150.0
panda,task_balance_k1,40c3eae024871d71025c88c09b1bbffc1b50b311548d53112ed8d4118883654a,near_singular,trajectory_16,1.0,1.0,65210746.666666664,1.0,6.822430251515468,150.0
panda,pink_qp,8ffc69b10a990e9806b11a88aa9d56ad2edaf960a5dbd463eff00cf8c0b24859,high_curvature,trajectory_33,1.0,1.0,141703393.0,1.0,7.8431550889652755,150.0
panda,balance_progress_k1,d8e06950cec2579c739f7f6d3dbb3628755dfd76be5740fad3bec38b4ef94cc6,near_singular,trajectory_11,1.0,1.0,31952859.333333332,1.0,11.110068307177846,150.0
panda,balance_progress_k1,703e80ee1a10cacc408a225bf4b9b1d1a8b7cd7c18ef82408fe61c8b6b1a1fa4,joint_limit_return,trajectory_23,1.0,1.0,36970759.0,1.0,1.55037358824852,150.0
panda,task_balance_k1,4afc296390cd2da8318a4ba9544aebe6e73de828b20fea6cbaeedda3bf7a189f,joint_limit_return,trajectory_21,1.0,1.0,73501257.0,1.0,0.8797367333301053,150.0
panda,balance_cached_k0,0c2a95a498c1bf13c2df4295db29a5367cf069e157e300d36211ce1951b2bf0e,smooth,trajectory_06,1.0,1.0,36841912.333333336,1.0,0.6574379714823209,150.0
panda,single_gn_k0,cdb906e5ffe0888b5856461ef6bee1b8809232e928fd853beb25f1903a7d798a,smooth,trajectory_07,1.0,1.0,40816412.0,1.0,0.6342139643864704,150.0
panda,single_gn_k1,972b6c7f62ad2d88a1171405175e002fe4dad516aaa6300e4c090613265f4592,smooth,trajectory_05,1.0,1.0,40419017.0,1.0,1.0125556746158961,150.0
panda,pink_qp,62749969a81aa229bd98bbc6a77941b40960bf5ae0886a5dfe36f5eff62e5c1c,joint_limit_return,trajectory_27,1.0,1.0,127324154.0,1.0,0.5985978695703988,150.0
panda,task_balance_k0,16ab30a670ddc1bb59f64aa11421a7a95e2a13b391b17e7261a85fb14178c0bc,joint_limit_return,trajectory_29,1.0,1.0,73761895.66666667,1.0,1.271073184868667,150.0
panda,pink_qp,703e80ee1a10cacc408a225bf4b9b1d1a8b7cd7c18ef82408fe61c8b6b1a1fa4,joint_limit_return,trajectory_23,1.0,1.0,146427936.33333334,1.0,2.961173026746098,150.0
panda,pink_qp,d8e06950cec2579c739f7f6d3dbb3628755dfd76be5740fad3bec38b4ef94cc6,near_singular,trajectory_11,1.0,1.0,141409203.0,1.0,0.5049156230253834,150.0
panda,single_gn_k1,a74d26d3694c4e4d15b8817c29ef75a4bd43cb4d8d1ebf3ae4154e26d80ab4a4,smooth,trajectory_08,1.0,1.0,40481891.0,1.0,0.7389855951065226,150.0
panda,task_balance_k1,380513eac133b886f7e375e39250059ba16f3133d3a5d3b8ff244470af2eb5ae,high_curvature,trajectory_39,1.0,1.0,73602260.66666667,1.0,5.5180628851213696,150.0
panda,balance_cached_k0,ca9065ec04392f64d1cce7cea6e6ae7ba224495be6a41fa0902e34ddeb925465,near_singular,trajectory_17,1.0,1.0,34866810.0,1.0,3.1954339525291204,150.0
panda,balance_cached_k0,ea5e2ac9bfe24625cf9368e4931dfe5a7f878c028b94ce7ca271455c05bad4e6,smooth,trajectory_04,1.0,1.0,36782109.0,1.0,0.5701619072762077,150.0
panda,balance_cached_k0,e928208c5cfa766679be750c366c336bdeb1caea1f8283ea513bc5392401481b,smooth,trajectory_03,1.0,1.0,36518787.333333336,1.0,0.6645666568580575,150.0
panda,balance_progress_k1,c27c85dfc1ac902402f2c27d5ecd007325d528654413acef4dab0af30af48583,high_curvature,trajectory_37,1.0,1.0,36877631.333333336,1.0,6.912978513197525,150.0
panda,balance_cached_k0,4afc296390cd2da8318a4ba9544aebe6e73de828b20fea6cbaeedda3bf7a189f,joint_limit_return,trajectory_21,1.0,1.0,36680633.666666664,1.0,0.7085798603943708,150.0
panda,pink_qp,972b6c7f62ad2d88a1171405175e002fe4dad516aaa6300e4c090613265f4592,smooth,trajectory_05,1.0,1.0,151672309.66666666,1.0,0.7878705333797553,150.0
panda,single_gn_k1,4afc296390cd2da8318a4ba9544aebe6e73de828b20fea6cbaeedda3bf7a189f,joint_limit_return,trajectory_21,1.0,1.0,40132486.333333336,1.0,0.8797367333301392,150.0
panda,single_gn_k1,b88225558b53c7528d4fc1a56455ceac395ea6a65306515006580362af026e1e,high_curvature,trajectory_31,1.0,1.0,41825228.333333336,1.0,8.621277394176985,150.0
panda,balance_progress_k1,62749969a81aa229bd98bbc6a77941b40960bf5ae0886a5dfe36f5eff62e5c1c,joint_limit_return,trajectory_27,1.0,1.0,36569986.0,1.0,0.5832145507760536,150.0
panda,balance_progress_k0,380513eac133b886f7e375e39250059ba16f3133d3a5d3b8ff244470af2eb5ae,high_curvature,trajectory_39,1.0,1.0,36818484.666666664,1.0,5.52016328584602,150.0
panda,single_gn_k1,bb2d7133de7083285ff7ede00b959e62fc3bf5dc626bfa521b77361d0f3f759e,high_curvature,trajectory_34,1.0,1.0,40314866.666666664,1.0,6.420446661618587,150.0
panda,single_gn_k1,6b43e53a09d43b068012e38e4082dc1a83a7da4ac12d3b1a7c10621fab8498a4,smooth,trajectory_09,1.0,1.0,40343753.666666664,1.0,0.6014510211572096,150.0
panda,task_balance_k0,ea5e2ac9bfe24625cf9368e4931dfe5a7f878c028b94ce7ca271455c05bad4e6,smooth,trajectory_04,1.0,1.0,73076923.0,1.0,0.5701619072761888,150.0
panda,pink_qp,827f4c481262ed599d5a62ea92d72f83f9d2baecaa5e733c4c0018e796d573d5,high_curvature,trajectory_38,0.0,0.0,129121092.33333333,0.6999999999999998,12.569781595621395,105.0
panda,balance_progress_k0,972b6c7f62ad2d88a1171405175e002fe4dad516aaa6300e4c090613265f4592,smooth,trajectory_05,1.0,1.0,36649389.666666664,1.0,0.7635320771316249,150.0
panda,balance_cached_k1,827f4c481262ed599d5a62ea92d72f83f9d2baecaa5e733c4c0018e796d573d5,high_curvature,trajectory_38,1.0,1.0,36806283.0,1.0,6.552760851788023,150.0
panda,single_gn_k0,f77f30aad07c01747cccac5f99de0454266b5b9453dc6357da97f2c8d2529cfc,high_curvature,trajectory_30,1.0,1.0,40449573.0,1.0,5.421753427825114,150.0
panda,single_gn_k1,40c3eae024871d71025c88c09b1bbffc1b50b311548d53112ed8d4118883654a,near_singular,trajectory_16,1.0,1.0,36129910.333333336,1.0,6.822430251512789,150.0
panda,balance_cached_k0,6f61a4f090c2631561aee85944d25bbb3ec9ae75f330ddc67dd8f755fa60ea51,joint_limit_return,trajectory_25,1.0,1.0,36749229.666666664,1.0,3.694036450733654,150.0
panda,single_gn_k0,8ffc69b10a990e9806b11a88aa9d56ad2edaf960a5dbd463eff00cf8c0b24859,high_curvature,trajectory_33,1.0,1.0,42220418.666666664,1.0,8.101018623189114,150.0
panda,pink_qp,ca9065ec04392f64d1cce7cea6e6ae7ba224495be6a41fa0902e34ddeb925465,near_singular,trajectory_17,0.0,0.0,127750453.66666667,0.8133333333333334,21.92627750906463,122.0
panda,task_balance_k0,380513eac133b886f7e375e39250059ba16f3133d3a5d3b8ff244470af2eb5ae,high_curvature,trajectory_39,1.0,1.0,73306712.66666667,1.0,5.520163285846466,150.0
panda,single_gn_k1,380513eac133b886f7e375e39250059ba16f3133d3a5d3b8ff244470af2eb5ae,high_curvature,trajectory_39,1.0,1.0,40327730.666666664,1.0,5.518062885121327,150.0
panda,balance_progress_k1,fd96ca4300b705b343cbde5bb7d97076acca0d187b1d78fc9094c6cac23b640b,high_curvature,trajectory_36,1.0,1.0,36670996.666666664,1.0,6.062948517556353,150.0
panda,single_gn_k1,f786741c9f59d7d552811f1959141226fb4d169d5c149b34b1fb99edb7839b2c,high_curvature,trajectory_32,1.0,1.0,41047348.333333336,1.0,7.451561313178097,150.0
panda,single_gn_k0,c99e2c9b46eb1858a0dd2f525833e49b6f0b7c25001781f1b00044934372d935,near_singular,trajectory_18,1.0,1.0,39635138.333333336,1.0,0.6638108646714567,150.0
panda,balance_cached_k1,b88225558b53c7528d4fc1a56455ceac395ea6a65306515006580362af026e1e,high_curvature,trajectory_31,1.0,1.0,42176261.666666664,1.0,8.621278584023274,150.0
panda,balance_progress_k0,e7257c22abc9d850802582540365f4bc972868280e40708e45700776b6ad2aca,high_curvature,trajectory_35,1.0,1.0,37417598.333333336,1.0,6.304303146524425,150.0
panda,pink_qp,b47f91198895baa3999a406c9c32516cd3e78dd7e42a8bccccc4cd058a03020a,joint_limit_return,trajectory_26,1.0,1.0,151700464.0,1.0,1.1460322191025802,150.0
panda,balance_progress_k0,f77f30aad07c01747cccac5f99de0454266b5b9453dc6357da97f2c8d2529cfc,high_curvature,trajectory_30,1.0,1.0,36666280.333333336,1.0,5.421753427825114,150.0
panda,balance_cached_k0,40c3eae024871d71025c88c09b1bbffc1b50b311548d53112ed8d4118883654a,near_singular,trajectory_16,1.0,1.0,32763523.0,1.0,7.40822178060759,150.0
panda,single_gn_k0,c27c85dfc1ac902402f2c27d5ecd007325d528654413acef4dab0af30af48583,high_curvature,trajectory_37,1.0,1.0,40194633.0,1.0,6.953002522971768,150.0
panda,balance_progress_k0,41c501982d64297056fe7d1239938d5f0fb508b8c32ed74b2b5c72d3bf1ddba1,joint_limit_return,trajectory_28,1.0,1.0,36677863.666666664,1.0,0.6738482607611996,150.0
panda,single_gn_k1,a62f788b8607be02b7f7a70f0234d741c3a3ffbce60a66d892cb748dca4ac32c,smooth,trajectory_01,1.0,1.0,40345743.666666664,1.0,0.7811608770288648,150.0
panda,balance_cached_k1,5560810f9d87891ba612f00a19811ec608860538b5dbf8f478a2cc168f4d1547,joint_limit_return,trajectory_20,1.0,1.0,36586743.333333336,1.0,0.8118874570563666,150.0
panda,task_balance_k0,fd96ca4300b705b343cbde5bb7d97076acca0d187b1d78fc9094c6cac23b640b,high_curvature,trajectory_36,1.0,1.0,73712885.0,1.0,6.2584085695719835,150.0
panda,balance_progress_k0,49e505b5dd8506da453322d27fabacda172e9baf611dd7b1ccac4b4220f68113,near_singular,trajectory_13,1.0,1.0,35688586.666666664,1.0,1.520174796545372,150.0
panda,task_balance_k1,8ffc69b10a990e9806b11a88aa9d56ad2edaf960a5dbd463eff00cf8c0b24859,high_curvature,trajectory_33,1.0,1.0,79613827.0,1.0,8.237657074575601,150.0
panda,balance_cached_k1,703e80ee1a10cacc408a225bf4b9b1d1a8b7cd7c18ef82408fe61c8b6b1a1fa4,joint_limit_return,trajectory_23,1.0,1.0,36766972.0,1.0,1.55037358824852,150.0
panda,balance_progress_k1,1742dca2b4e66648ef384a591bc48af258b7ccf01a3b1f0930d212a06b1f978c,near_singular,trajectory_15,1.0,1.0,35550818.0,1.0,2.055618193045454,150.0
panda,single_gn_k1,ea5503530085a4b7fba1457389f090742de31c9aa6ebe8907aa867289b032370,near_singular,trajectory_12,1.0,1.0,39417063.0,1.0,2.3950420960552603,150.0
panda,single_gn_k0,0c2a95a498c1bf13c2df4295db29a5367cf069e157e300d36211ce1951b2bf0e,smooth,trajectory_06,1.0,1.0,40644783.333333336,1.0,0.6574379714823209,150.0
panda,task_balance_k1,972b6c7f62ad2d88a1171405175e002fe4dad516aaa6300e4c090613265f4592,smooth,trajectory_05,1.0,1.0,73312219.33333333,1.0,1.0125556746163527,150.0
panda,balance_cached_k1,525ed23e41917cce27c978b0c676be43016f2541aa51a8185bbab7e6ce610192,near_singular,trajectory_10,1.0,1.0,35958822.0,1.0,1.8352900232752074,150.0
panda,pink_qp,16ab30a670ddc1bb59f64aa11421a7a95e2a13b391b17e7261a85fb14178c0bc,joint_limit_return,trajectory_29,1.0,1.0,150853998.0,1.0,2.5980441197595994,150.0
panda,balance_progress_k1,ba9bbb877bd562764b9ad1fe612339400f4396f8e4e3ccdd742d4a4326684c27,smooth,trajectory_00,1.0,1.0,36582960.333333336,1.0,0.7971990321424749,150.0
panda,balance_cached_k0,525ed23e41917cce27c978b0c676be43016f2541aa51a8185bbab7e6ce610192,near_singular,trajectory_10,1.0,1.0,35977619.666666664,1.0,0.6621002759805037,150.0
panda,balance_cached_k1,8ffc69b10a990e9806b11a88aa9d56ad2edaf960a5dbd463eff00cf8c0b24859,high_curvature,trajectory_33,1.0,1.0,40487393.333333336,1.0,8.237657074579074,150.0
panda,balance_progress_k0,125d0ba81f8f99703f34ce79c430375e614edd8d7281141ad9df7e9828fed992,joint_limit_return,trajectory_24,1.0,1.0,36486381.666666664,1.0,0.6780255027989138,150.0
ur5e,single_gn_k1,5e7743615ad75a997da2a3dfac5ecbaa6539b43fd5db8ecf4d7f9cc7331b3e15,joint_limit_return,trajectory_27,1.0,1.0,39265401.666666664,1.0,2.722391483572474,150.0
ur5e,balance_cached_k0,118730753d57a2523105ec3ee6ba017c9c2775dda076f4c79f2396693e83c7a9,high_curvature,trajectory_35,1.0,1.0,35291103.0,1.0,8.19104494559606,150.0
ur5e,balance_progress_k0,9a5eaa5a533abb994b7505aca361cebaf65ef495d064d694df4c023580e9cd0b,smooth,trajectory_00,1.0,1.0,35156452.0,1.0,2.0743068898663806,150.0
ur5e,balance_progress_k1,386ce328d9e893da466d8af1dc09a15e66ae16a35efe9585b2d68e67da964fb7,smooth,trajectory_05,1.0,1.0,34894320.666666664,1.0,4.828930789005704,150.0
ur5e,balance_progress_k1,816b8a675263f8ec8337dc224a3ea9971c9a8387f6953eb1fd1c846b6d1a7c4a,joint_limit_return,trajectory_29,1.0,1.0,35257322.0,1.0,0.8193817955886861,150.0
ur5e,task_balance_k1,c0f0fa5983ead9bf72ff425c510b3208de5bd46dcc8efd876a735c868767ac8e,joint_limit_return,trajectory_20,1.0,1.0,69502878.0,1.0,2.865899104500299,150.0
ur5e,pink_qp,2136e60219e4240e7b97c87a2f481c6642991ff7128b97a75454ffcee69e4a9c,smooth,trajectory_07,1.0,1.0,96656739.33333333,1.0,0.7907816828614044,150.0
ur5e,task_balance_k1,b0e17067aaf6e660b04f8be634d639d569df55018bfb39821596146afb9736de,smooth,trajectory_03,1.0,1.0,69946286.66666667,1.0,1.0255135569444382,150.0
ur5e,single_gn_k0,3bd332b9ef08ab00b11a865fd161af952ecc92241dd59aeac869f7688ac64b79,high_curvature,trajectory_36,1.0,1.0,39114696.666666664,1.0,5.25362830629543,150.0
ur5e,balance_cached_k0,13896bc6c5f688854ad405268705ab3bb2a8fec56ac1e75c8a872707a3f652f8,smooth,trajectory_08,1.0,1.0,35211453.0,1.0,3.171000083991039,150.0
ur5e,balance_progress_k1,ae12f9762615d4c9ac155883dd03d430cba862223b3fb491a4a1d1189e10a2b8,smooth,trajectory_04,1.0,1.0,35341286.0,1.0,1.3140623301126206,150.0
ur5e,balance_cached_k1,816b8a675263f8ec8337dc224a3ea9971c9a8387f6953eb1fd1c846b6d1a7c4a,joint_limit_return,trajectory_29,1.0,1.0,35133759.666666664,1.0,0.8193817955886861,150.0
ur5e,single_gn_k1,a4d21e54d799674aa3de252efe1304776a18586a5f8d95b6f975dad09cacd372,joint_limit_return,trajectory_28,1.0,1.0,38893764.666666664,1.0,9.215767359359482,150.0
ur5e,task_balance_k0,386ce328d9e893da466d8af1dc09a15e66ae16a35efe9585b2d68e67da964fb7,smooth,trajectory_05,1.0,1.0,68936005.0,1.0,4.830706707308483,150.0
ur5e,balance_progress_k0,e2e620aa17071c959d153796e3b230f5780cc2b167c0a2e0b4bb029087169848,smooth,trajectory_06,1.0,1.0,35307623.666666664,1.0,0.7680825617494952,150.0
ur5e,balance_progress_k0,c0f0fa5983ead9bf72ff425c510b3208de5bd46dcc8efd876a735c868767ac8e,joint_limit_return,trajectory_20,1.0,1.0,35427003.666666664,1.0,2.053402933300667,150.0
ur5e,task_balance_k0,9ab3a7e22a338adf15a7eb240986a1d682820bcf958fc25dd9058bd66c51d502,near_singular,trajectory_12,1.0,1.0,68663934.0,1.0,1.1818788907890427,150.0
ur5e,single_gn_k0,e4188d53efbb54472d782b035a4214854136b6bb171d9aee6282590944abd39b,near_singular,trajectory_11,1.0,1.0,37604458.666666664,1.0,1.3718013878853677,150.0
ur5e,balance_progress_k1,b0e17067aaf6e660b04f8be634d639d569df55018bfb39821596146afb9736de,smooth,trajectory_03,1.0,1.0,35282374.666666664,1.0,1.0255135569438607,150.0
ur5e,pink_qp,ad91c93d906d04e8aa7467228cb161965123769d55ad38469161e7830e742868,high_curvature,trajectory_34,1.0,1.0,95461012.66666667,1.0,7.987277553619626,150.0
ur5e,pink_qp,d30c1e5c8c16af6e606ac7829229200ccae448efeb1a9cdad8b80da506691864,joint_limit_return,trajectory_25,1.0,1.0,95919218.0,1.0,0.6433872219295087,150.0
ur5e,balance_progress_k1,5de0f5ff5025c915a9ca0194e6813b77637e2059d947b69d324216690202559b,smooth,trajectory_09,1.0,1.0,35250792.0,1.0,0.8480680143330205,150.0
ur5e,single_gn_k1,234cd2a268d2d4ebc0f1b5ca1926ee196812079496ff3e6e19f17e48a5761d2c,joint_limit_return,trajectory_26,1.0,1.0,38680995.0,1.0,1.2350884541305247,150.0
ur5e,task_balance_k1,d30c1e5c8c16af6e606ac7829229200ccae448efeb1a9cdad8b80da506691864,joint_limit_return,trajectory_25,1.0,1.0,69647419.66666667,1.0,0.641956499202208,150.0
ur5e,single_gn_k0,68244e8dec0d66d1a48832b1992c69f7c4c907fc930b958710e9220ae46bd192,near_singular,trajectory_14,1.0,1.0,38367626.0,1.0,9.51128841092386,150.0
ur5e,task_balance_k1,2037257a8eb29f55e1baa50497e60c0cb87331a5da7e7a4344c8cded212a709f,smooth,trajectory_01,1.0,1.0,69562885.0,1.0,17.34363903288993,150.0
ur5e,balance_cached_k1,bf166cd6db08076d8c85cfd7e7364d2446c3c1ec592ea82609b812c0faa204ea,near_singular,trajectory_15,1.0,1.0,32894734.0,1.0,3.801749059978816,150.0
ur5e,pink_qp,bf166cd6db08076d8c85cfd7e7364d2446c3c1ec592ea82609b812c0faa204ea,near_singular,trajectory_15,1.0,1.0,95409508.66666667,1.0,7.984099048140724,150.0
ur5e,single_gn_k0,bf166cd6db08076d8c85cfd7e7364d2446c3c1ec592ea82609b812c0faa204ea,near_singular,trajectory_15,1.0,1.0,37427381.666666664,1.0,3.0094924023244896,150.0
ur5e,single_gn_k1,c0f0fa5983ead9bf72ff425c510b3208de5bd46dcc8efd876a735c868767ac8e,joint_limit_return,trajectory_20,1.0,1.0,39282797.333333336,1.0,2.8658991045025726,150.0
ur5e,task_balance_k0,ce26ff5e9952bacd57c54933b78db77a6ea0e1070f6563c04194dc00457f2656,near_singular,trajectory_16,1.0,1.0,68029890.33333333,1.0,0.7136302433398781,150.0
ur5e,balance_cached_k0,d1ef5ab32f38a93c076857d0eea5dc9836af8df3c2111b752fe4a419473c1ff4,joint_limit_return,trajectory_24,1.0,1.0,35267743.666666664,1.0,3.053370653380631,150.0
ur5e,pink_qp,68244e8dec0d66d1a48832b1992c69f7c4c907fc930b958710e9220ae46bd192,near_singular,trajectory_14,1.0,1.0,97344206.0,1.0,6.590886996035068,150.0
ur5e,task_balance_k0,28c799f101b845f2577d1584bde9de07634bcdda61cf814be0670f4c7adce911,joint_limit_return,trajectory_21,1.0,1.0,68868686.0,1.0,6.982636991096364,150.0
ur5e,balance_cached_k1,d1ef5ab32f38a93c076857d0eea5dc9836af8df3c2111b752fe4a419473c1ff4,joint_limit_return,trajectory_24,1.0,1.0,35170123.333333336,1.0,3.2070247522386635,150.0
ur5e,pink_qp,9ab3a7e22a338adf15a7eb240986a1d682820bcf958fc25dd9058bd66c51d502,near_singular,trajectory_12,1.0,1.0,95847631.33333333,1.0,21.61464275313161,150.0
ur5e,balance_progress_k0,13896bc6c5f688854ad405268705ab3bb2a8fec56ac1e75c8a872707a3f652f8,smooth,trajectory_08,1.0,1.0,36243772.333333336,1.0,3.171000083991039,150.0
ur5e,balance_cached_k1,13896bc6c5f688854ad405268705ab3bb2a8fec56ac1e75c8a872707a3f652f8,smooth,trajectory_08,1.0,1.0,35291676.666666664,1.0,2.488264861701504,150.0
ur5e,task_balance_k0,9a5eaa5a533abb994b7505aca361cebaf65ef495d064d694df4c023580e9cd0b,smooth,trajectory_00,1.0,1.0,69751625.66666667,1.0,2.074306889855562,150.0
ur5e,single_gn_k1,cf0b2892659faaddd69ba9d6172f4d41b4cbbe81ea9aa1fa891f59fcc8daec21,near_singular,trajectory_19,1.0,1.0,37371655.0,1.0,4.678992053288947,150.0
ur5e,task_balance_k1,1c73e520a3d5bd8f7e29cb08d559a6364a6bdec344a07acd40f2375a56459f79,high_curvature,trajectory_37,1.0,1.0,69685305.0,1.0,28.241290960060606,150.0
ur5e,pink_qp,929479d86d1af1569abbd00ff695f793876d0c13d1b6ef36f9f39dc04d36f80c,near_singular,trajectory_13,1.0,1.0,95908211.0,1.0,7.776803818040356,150.0
ur5e,pink_qp,3bd332b9ef08ab00b11a865fd161af952ecc92241dd59aeac869f7688ac64b79,high_curvature,trajectory_36,1.0,1.0,96014093.66666667,1.0,4.8831149253271775,150.0
ur5e,balance_progress_k1,2037257a8eb29f55e1baa50497e60c0cb87331a5da7e7a4344c8cded212a709f,smooth,trajectory_01,1.0,1.0,35877243.0,1.0,17.343639032850028,150.0
ur5e,balance_progress_k0,6105bc9f0df7e8baadfc8dd255f78c7bb3ddb066573e8f4fde9c385dbe5db694,near_singular,trajectory_10,1.0,1.0,33332330.0,1.0,2.418663703486158,150.0
ur5e,task_balance_k1,9ab3a7e22a338adf15a7eb240986a1d682820bcf958fc25dd9058bd66c51d502,near_singular,trajectory_12,1.0,1.0,66733426.666666664,1.0,1.0921923930765336,150.0
ur5e,single_gn_k0,5547871d76b6176b3e5dd5d8f20eebc72645f4fdb4a7e415a21928fb85392f9e,high_curvature,trajectory_38,1.0,1.0,39265932.0,1.0,28.070222583950425,150.0
ur5e,single_gn_k1,08f895e22c5162e0796964649a1fcdb582c61bccc5e4d0e8b349bbca35756523,joint_limit_return,trajectory_23,1.0,1.0,40744227.333333336,1.0,0.8144825017098168,150.0
ur5e,balance_progress_k1,f87cbb198e6aa95e16ea15160dd1d4f545d70b0d61622238ff991b3a2d27786a,smooth,trajectory_02,1.0,1.0,35292873.0,1.0,2.1933582051055365,150.0
ur5e,balance_progress_k0,da8a1e7a5ca60a1e40bacf3e76f1002ab39a7b3cb6f8290450d6356089897d78,high_curvature,trajectory_32,1.0,1.0,35256407.0,1.0,5.366948820401274,150.0
ur5e,single_gn_k1,d1ef5ab32f38a93c076857d0eea5dc9836af8df3c2111b752fe4a419473c1ff4,joint_limit_return,trajectory_24,1.0,1.0,38986104.0,1.0,3.2070247522386635,150.0
ur5e,pink_qp,13896bc6c5f688854ad405268705ab3bb2a8fec56ac1e75c8a872707a3f652f8,smooth,trajectory_08,1.0,1.0,95699845.0,1.0,8.31257429303549,150.0
ur5e,task_balance_k0,6105bc9f0df7e8baadfc8dd255f78c7bb3ddb066573e8f4fde9c385dbe5db694,near_singular,trajectory_10,1.0,1.0,64904129.666666664,1.0,2.4186637034866187,150.0
ur5e,single_gn_k0,f87cbb198e6aa95e16ea15160dd1d4f545d70b0d61622238ff991b3a2d27786a,smooth,trajectory_02,1.0,1.0,38736599.0,1.0,1.920055347117498,150.0
ur5e,task_balance_k0,a079baf3b1644afc829cc82c6747ab4482a4f1778e24be557741a87f9aefa38f,high_curvature,trajectory_33,1.0,1.0,71823338.33333333,1.0,8.218485929853554,150.0
ur5e,task_balance_k0,2136e60219e4240e7b97c87a2f481c6642991ff7128b97a75454ffcee69e4a9c,smooth,trajectory_07,1.0,1.0,70676079.66666667,1.0,0.7939589741715981,150.0
ur5e,single_gn_k0,13896bc6c5f688854ad405268705ab3bb2a8fec56ac1e75c8a872707a3f652f8,smooth,trajectory_08,1.0,1.0,38764721.0,1.0,3.171000083991039,150.0
ur5e,balance_progress_k0,bf166cd6db08076d8c85cfd7e7364d2446c3c1ec592ea82609b812c0faa204ea,near_singular,trajectory_15,1.0,1.0,32924116.666666668,1.0,3.0094924023244896,150.0
ur5e,task_balance_k0,68244e8dec0d66d1a48832b1992c69f7c4c907fc930b958710e9220ae46bd192,near_singular,trajectory_14,1.0,1.0,69915647.66666667,1.0,9.511288410929248,150.0
ur5e,balance_cached_k1,9a5eaa5a533abb994b7505aca361cebaf65ef495d064d694df4c023580e9cd0b,smooth,trajectory_00,1.0,1.0,35232104.666666664,1.0,1.909811132775631,150.0
ur5e,balance_cached_k0,68244e8dec0d66d1a48832b1992c69f7c4c907fc930b958710e9220ae46bd192,near_singular,trajectory_14,1.0,1.0,34318409.666666664,1.0,9.51128841092386,150.0
ur5e,task_balance_k1,cf0b2892659faaddd69ba9d6172f4d41b4cbbe81ea9aa1fa891f59fcc8daec21,near_singular,trajectory_19,1.0,1.0,65785167.0,1.0,4.678992053292599,150.0
ur5e,single_gn_k1,d30c1e5c8c16af6e606ac7829229200ccae448efeb1a9cdad8b80da506691864,joint_limit_return,trajectory_25,1.0,1.0,39246268.333333336,1.0,0.641956499202207,150.0
ur5e,pink_qp,a68ec605ba66c3e27686650c1fdc577d4ff40b0c237bb80f93dc329bed511c56,high_curvature,trajectory_39,1.0,1.0,95349634.0,1.0,7.255937848155331,150.0
ur5e,pink_qp,382307fdf25e31f8b1ae5c14a7545e81bf0c54489223c4626934c3dbe31a195e,high_curvature,trajectory_30,1.0,1.0,96297907.66666667,1.0,32.48988449807168,150.0
ur5e,balance_cached_k0,5de0f5ff5025c915a9ca0194e6813b77637e2059d947b69d324216690202559b,smooth,trajectory_09,1.0,1.0,35158727.0,1.0,0.8456037763209429,150.0
ur5e,balance_cached_k0,234cd2a268d2d4ebc0f1b5ca1926ee196812079496ff3e6e19f17e48a5761d2c,joint_limit_return,trajectory_26,1.0,1.0,34988964.333333336,1.0,0.8459099858581064,150.0
ur5e,task_balance_k0,5ff81edc43cf92c445ae661655f0f074229d3861bbbd0b57d14ad453615b9e25,near_singular,trajectory_17,1.0,1.0,64049017.0,1.0,4.147984221239631,150.0
ur5e,balance_cached_k1,5e7743615ad75a997da2a3dfac5ecbaa6539b43fd5db8ecf4d7f9cc7331b3e15,joint_limit_return,trajectory_27,1.0,1.0,35618576.333333336,1.0,2.722391483572474,150.0
ur5e,balance_progress_k1,c0f0fa5983ead9bf72ff425c510b3208de5bd46dcc8efd876a735c868767ac8e,joint_limit_return,trajectory_20,1.0,1.0,35116077.333333336,1.0,2.8658991045025726,150.0
ur5e,task_balance_k0,da8a1e7a5ca60a1e40bacf3e76f1002ab39a7b3cb6f8290450d6356089897d78,high_curvature,trajectory_32,1.0,1.0,70196778.66666667,1.0,5.366948820401274,150.0
ur5e,balance_cached_k1,5de0f5ff5025c915a9ca0194e6813b77637e2059d947b69d324216690202559b,smooth,trajectory_09,1.0,1.0,35341755.333333336,1.0,0.8480680143330205,150.0
ur5e,balance_progress_k0,b0e17067aaf6e660b04f8be634d639d569df55018bfb39821596146afb9736de,smooth,trajectory_03,1.0,1.0,35171464.333333336,1.0,1.0657566765909954,150.0
ur5e,task_balance_k1,17d92c7319719a45d08d673e5023c3f00687e4f5a57bdebde3dccc6370b94c3a,near_singular,trajectory_18,1.0,1.0,65909033.666666664,1.0,4.271601150405048,150.0
ur5e,balance_cached_k1,2037257a8eb29f55e1baa50497e60c0cb87331a5da7e7a4344c8cded212a709f,smooth,trajectory_01,1.0,1.0,35058023.333333336,1.0,17.343639032850028,150.0
ur5e,single_gn_k0,08551a27ac837f8ed54c41a0759eec98dbd199480066ac542298cbb032f6d99a,joint_limit_return,trajectory_22,1.0,1.0,39063542.666666664,1.0,2.1799375882485315,150.0
ur5e,balance_cached_k1,2136e60219e4240e7b97c87a2f481c6642991ff7128b97a75454ffcee69e4a9c,smooth,trajectory_07,1.0,1.0,35540458.0,1.0,0.7940591352406366,150.0
ur5e,single_gn_k0,d1ef5ab32f38a93c076857d0eea5dc9836af8df3c2111b752fe4a419473c1ff4,joint_limit_return,trajectory_24,1.0,1.0,38634635.0,1.0,3.053370653380631,150.0
ur5e,balance_progress_k1,929479d86d1af1569abbd00ff695f793876d0c13d1b6ef36f9f39dc04d36f80c,near_singular,trajectory_13,1.0,1.0,33018887.333333332,1.0,2.6477624120680936,150.0
ur5e,task_balance_k1,118730753d57a2523105ec3ee6ba017c9c2775dda076f4c79f2396693e83c7a9,high_curvature,trajectory_35,1.0,1.0,69507094.33333333,1.0,8.191051952545974,150.0
ur5e,task_balance_k0,118730753d57a2523105ec3ee6ba017c9c2775dda076f4c79f2396693e83c7a9,high_curvature,trajectory_35,1.0,1.0,70828295.66666667,1.0,8.191044945596065,150.0
ur5e,single_gn_k0,ae12f9762615d4c9ac155883dd03d430cba862223b3fb491a4a1d1189e10a2b8,smooth,trajectory_04,1.0,1.0,38524291.666666664,1.0,1.201036801322881,150.0
ur5e,balance_progress_k1,118730753d57a2523105ec3ee6ba017c9c2775dda076f4c79f2396693e83c7a9,high_curvature,trajectory_35,1.0,1.0,35215987.333333336,1.0,8.191051952545973,150.0
ur5e,task_balance_k1,5e7743615ad75a997da2a3dfac5ecbaa6539b43fd5db8ecf4d7f9cc7331b3e15,joint_limit_return,trajectory_27,1.0,1.0,69622854.66666667,1.0,2.7223914835719767,150.0
ur5e,balance_cached_k0,a4d21e54d799674aa3de252efe1304776a18586a5f8d95b6f975dad09cacd372,joint_limit_return,trajectory_28,1.0,1.0,35021343.0,1.0,8.103383785968804,150.0
ur5e,balance_cached_k1,386ce328d9e893da466d8af1dc09a15e66ae16a35efe9585b2d68e67da964fb7,smooth,trajectory_05,1.0,1.0,34756063.666666664,1.0,4.828930789005704,150.0
ur5e,single_gn_k0,5de0f5ff5025c915a9ca0194e6813b77637e2059d947b69d324216690202559b,smooth,trajectory_09,1.0,1.0,39025965.333333336,1.0,0.8456037763209429,150.0
ur5e,task_balance_k0,f87cbb198e6aa95e16ea15160dd1d4f545d70b0d61622238ff991b3a2d27786a,smooth,trajectory_02,1.0,1.0,70734697.33333333,1.0,1.9200553471260433,150.0
ur5e,task_balance_k1,a4d21e54d799674aa3de252efe1304776a18586a5f8d95b6f975dad09cacd372,joint_limit_return,trajectory_28,1.0,1.0,69663024.66666667,1.0,9.215767359330718,150.0
ur5e,balance_progress_k0,2037257a8eb29f55e1baa50497e60c0cb87331a5da7e7a4344c8cded212a709f,smooth,trajectory_01,1.0,1.0,35165995.666666664,1.0,16.93368569970191,150.0
ur5e,balance_progress_k1,a68ec605ba66c3e27686650c1fdc577d4ff40b0c237bb80f93dc329bed511c56,high_curvature,trajectory_39,1.0,1.0,34969855.0,1.0,7.255803867811184,150.0
ur5e,balance_cached_k1,234cd2a268d2d4ebc0f1b5ca1926ee196812079496ff3e6e19f17e48a5761d2c,joint_limit_return,trajectory_26,1.0,1.0,35378570.666666664,1.0,1.2350884541305247,150.0
ur5e,pink_qp,f87cbb198e6aa95e16ea15160dd1d4f545d70b0d61622238ff991b3a2d27786a,smooth,trajectory_02,1.0,1.0,96505163.0,1.0,16.498409709574368,150.0
ur5e,pink_qp,ae12f9762615d4c9ac155883dd03d430cba862223b3fb491a4a1d1189e10a2b8,smooth,trajectory_04,1.0,1.0,95328859.0,1.0,1.237271660082086,150.0
ur5e,balance_cached_k0,2136e60219e4240e7b97c87a2f481c6642991ff7128b97a75454ffcee69e4a9c,smooth,trajectory_07,1.0,1.0,35200615.333333336,1.0,0.7939589741715891,150.0
ur5e,balance_cached_k0,c0f0fa5983ead9bf72ff425c510b3208de5bd46dcc8efd876a735c868767ac8e,joint_limit_return,trajectory_20,1.0,1.0,35092999.666666664,1.0,2.053402933300667,150.0
ur5e,single_gn_k0,ce26ff5e9952bacd57c54933b78db77a6ea0e1070f6563c04194dc00457f2656,near_singular,trajectory_16,1.0,1.0,38777585.0,1.0,0.7136302433390975,150.0
ur5e,task_balance_k1,9a5eaa5a533abb994b7505aca361cebaf65ef495d064d694df4c023580e9cd0b,smooth,trajectory_00,1.0,1.0,69655370.66666667,1.0,1.9098111327730685,150.0
ur5e,single_gn_k1,118730753d57a2523105ec3ee6ba017c9c2775dda076f4c79f2396693e83c7a9,high_curvature,trajectory_35,1.0,1.0,39135928.666666664,1.0,8.191051952545973,150.0
ur5e,single_gn_k0,cf0b2892659faaddd69ba9d6172f4d41b4cbbe81ea9aa1fa891f59fcc8daec21,near_singular,trajectory_19,1.0,1.0,36684699.333333336,1.0,2.783832909248877,150.0
ur5e,task_balance_k1,ae12f9762615d4c9ac155883dd03d430cba862223b3fb491a4a1d1189e10a2b8,smooth,trajectory_04,1.0,1.0,69884617.0,1.0,1.3140623301240861,150.0
ur5e,balance_progress_k1,5ff81edc43cf92c445ae661655f0f074229d3861bbbd0b57d14ad453615b9e25,near_singular,trajectory_17,1.0,1.0,32847672.333333332,1.0,4.350314416962242,150.0
ur5e,single_gn_k1,382307fdf25e31f8b1ae5c14a7545e81bf0c54489223c4626934c3dbe31a195e,high_curvature,trajectory_30,1.0,1.0,39197809.666666664,1.0,32.09200980394435,150.0
ur5e,single_gn_k0,b0e17067aaf6e660b04f8be634d639d569df55018bfb39821596146afb9736de,smooth,trajectory_03,1.0,1.0,38768565.0,1.0,1.0657566765909954,150.0
ur5e,balance_progress_k0,5ff81edc43cf92c445ae661655f0f074229d3861bbbd0b57d14ad453615b9e25,near_singular,trajectory_17,1.0,1.0,33025330.0,1.0,4.147984221239468,150.0
ur5e,single_gn_k1,816b8a675263f8ec8337dc224a3ea9971c9a8387f6953eb1fd1c846b6d1a7c4a,joint_limit_return,trajectory_29,1.0,1.0,38756118.0,1.0,0.8193817955886861,150.0
ur5e,task_balance_k1,929479d86d1af1569abbd00ff695f793876d0c13d1b6ef36f9f39dc04d36f80c,near_singular,trajectory_13,1.0,1.0,64882439.666666664,1.0,2.647762412068107,150.0
ur5e,balance_cached_k0,bf166cd6db08076d8c85cfd7e7364d2446c3c1ec592ea82609b812c0faa204ea,near_singular,trajectory_15,1.0,1.0,32577905.333333332,1.0,3.0094924023244896,150.0
ur5e,balance_cached_k0,ad91c93d906d04e8aa7467228cb161965123769d55ad38469161e7830e742868,high_curvature,trajectory_34,1.0,1.0,35176647.666666664,1.0,7.986834842321801,150.0
ur5e,balance_progress_k1,cf0b2892659faaddd69ba9d6172f4d41b4cbbe81ea9aa1fa891f59fcc8daec21,near_singular,trajectory_19,1.0,1.0,33443263.0,1.0,4.678992053288947,150.0
ur5e,balance_progress_k0,cf0b2892659faaddd69ba9d6172f4d41b4cbbe81ea9aa1fa891f59fcc8daec21,near_singular,trajectory_19,1.0,1.0,33738904.0,1.0,2.783832909248877,150.0
ur5e,single_gn_k1,17d92c7319719a45d08d673e5023c3f00687e4f5a57bdebde3dccc6370b94c3a,near_singular,trajectory_18,1.0,1.0,37775474.666666664,1.0,4.271601150404648,150.0
ur5e,balance_cached_k1,08551a27ac837f8ed54c41a0759eec98dbd199480066ac542298cbb032f6d99a,joint_limit_return,trajectory_22,1.0,1.0,35003433.333333336,1.0,4.474817678815529,150.0
ur5e,single_gn_k1,6105bc9f0df7e8baadfc8dd255f78c7bb3ddb066573e8f4fde9c385dbe5db694,near_singular,trajectory_10,1.0,1.0,36534094.0,1.0,2.5886909983376474,150.0
ur5e,balance_progress_k1,ad91c93d906d04e8aa7467228cb161965123769d55ad38469161e7830e742868,high_curvature,trajectory_34,1.0,1.0,35320621.0,1.0,7.986828804087074,150.0
ur5e,task_balance_k1,ad91c93d906d04e8aa7467228cb161965123769d55ad38469161e7830e742868,high_curvature,trajectory_34,1.0,1.0,69722827.66666667,1.0,7.986828804087075,150.0
ur5e,single_gn_k1,9a5eaa5a533abb994b7505aca361cebaf65ef495d064d694df4c023580e9cd0b,smooth,trajectory_00,1.0,1.0,38991814.333333336,1.0,1.909811132775631,150.0
ur5e,balance_progress_k1,17d92c7319719a45d08d673e5023c3f00687e4f5a57bdebde3dccc6370b94c3a,near_singular,trajectory_18,1.0,1.0,34670104.666666664,1.0,4.271601150404648,150.0
ur5e,balance_progress_k1,da8a1e7a5ca60a1e40bacf3e76f1002ab39a7b3cb6f8290450d6356089897d78,high_curvature,trajectory_32,1.0,1.0,35114538.0,1.0,5.366947972719512,150.0
ur5e,task_balance_k0,929479d86d1af1569abbd00ff695f793876d0c13d1b6ef36f9f39dc04d36f80c,near_singular,trajectory_13,1.0,1.0,66286454.0,1.0,2.6558427142853165,150.0
ur5e,task_balance_k0,d30c1e5c8c16af6e606ac7829229200ccae448efeb1a9cdad8b80da506691864,joint_limit_return,trajectory_25,1.0,1.0,72437033.33333333,1.0,0.6423131081625086,150.0
ur5e,task_balance_k0,c0f0fa5983ead9bf72ff425c510b3208de5bd46dcc8efd876a735c868767ac8e,joint_limit_return,trajectory_20,1.0,1.0,71521429.0,1.0,2.05340293329972,150.0
ur5e,balance_cached_k0,816b8a675263f8ec8337dc224a3ea9971c9a8387f6953eb1fd1c846b6d1a7c4a,joint_limit_return,trajectory_29,1.0,1.0,35603177.0,1.0,0.81937289244329,150.0
ur5e,task_balance_k0,5547871d76b6176b3e5dd5d8f20eebc72645f4fdb4a7e415a21928fb85392f9e,high_curvature,trajectory_38,1.0,1.0,71257970.0,1.0,28.070222583964465,150.0
ur5e,task_balance_k0,a4d21e54d799674aa3de252efe1304776a18586a5f8d95b6f975dad09cacd372,joint_limit_return,trajectory_28,1.0,1.0,70906810.33333333,1.0,8.103383785998096,150.0
ur5e,balance_progress_k1,6105bc9f0df7e8baadfc8dd255f78c7bb3ddb066573e8f4fde9c385dbe5db694,near_singular,trajectory_10,1.0,1.0,33830696.0,1.0,2.5886909983376474,150.0
ur5e,task_balance_k1,234cd2a268d2d4ebc0f1b5ca1926ee196812079496ff3e6e19f17e48a5761d2c,joint_limit_return,trajectory_26,1.0,1.0,71672652.33333333,1.0,1.2350884541286828,150.0
ur5e,balance_cached_k0,a079baf3b1644afc829cc82c6747ab4482a4f1778e24be557741a87f9aefa38f,high_curvature,trajectory_33,1.0,1.0,36816081.666666664,1.0,8.21848592985355,150.0
ur5e,single_gn_k1,929479d86d1af1569abbd00ff695f793876d0c13d1b6ef36f9f39dc04d36f80c,near_singular,trajectory_13,1.0,1.0,37349476.333333336,1.0,2.6477624120680936,150.0
ur5e,task_balance_k1,08f895e22c5162e0796964649a1fcdb582c61bccc5e4d0e8b349bbca35756523,joint_limit_return,trajectory_23,1.0,1.0,73629734.66666667,1.0,0.8144825017098599,150.0
ur5e,pink_qp,2037257a8eb29f55e1baa50497e60c0cb87331a5da7e7a4344c8cded212a709f,smooth,trajectory_01,1.0,1.0,99280752.33333333,1.0,27.37046262718599,150.0
ur5e,single_gn_k1,b0e17067aaf6e660b04f8be634d639d569df55018bfb39821596146afb9736de,smooth,trajectory_03,1.0,1.0,39526180.0,1.0,1.0255135569438607,150.0
ur5e,balance_cached_k1,ce26ff5e9952bacd57c54933b78db77a6ea0e1070f6563c04194dc00457f2656,near_singular,trajectory_16,1.0,1.0,35610692.666666664,1.0,0.7212448485314815,150.0
ur5e,single_gn_k0,da8a1e7a5ca60a1e40bacf3e76f1002ab39a7b3cb6f8290450d6356089897d78,high_curvature,trajectory_32,1.0,1.0,39367456.333333336,1.0,5.366948820401274,150.0
ur5e,pink_qp,b0e17067aaf6e660b04f8be634d639d569df55018bfb39821596146afb9736de,smooth,trajectory_03,1.0,1.0,97023734.66666667,1.0,20.157487123000806,150.0
ur5e,single_gn_k0,1572bafea0edc3c6cc05d2a9eabd19a06035670328035c0b780d47b54a683769,high_curvature,trajectory_31,1.0,1.0,40110730.0,1.0,6.175777559355084,150.0
ur5e,balance_progress_k1,5547871d76b6176b3e5dd5d8f20eebc72645f4fdb4a7e415a21928fb85392f9e,high_curvature,trajectory_38,1.0,1.0,36282689.0,1.0,25.714348351533385,150.0
ur5e,task_balance_k1,816b8a675263f8ec8337dc224a3ea9971c9a8387f6953eb1fd1c846b6d1a7c4a,joint_limit_return,trajectory_29,1.0,1.0,71597052.33333333,1.0,0.8193817955886814,150.0
ur5e,single_gn_k1,f87cbb198e6aa95e16ea15160dd1d4f545d70b0d61622238ff991b3a2d27786a,smooth,trajectory_02,1.0,1.0,41664659.333333336,1.0,2.1933582051055365,150.0
ur5e,balance_cached_k0,da8a1e7a5ca60a1e40bacf3e76f1002ab39a7b3cb6f8290450d6356089897d78,high_curvature,trajectory_32,1.0,1.0,36948896.666666664,1.0,5.366948820401274,150.0
ur5e,task_balance_k1,13896bc6c5f688854ad405268705ab3bb2a8fec56ac1e75c8a872707a3f652f8,smooth,trajectory_08,1.0,1.0,71572837.33333333,1.0,2.4882648616996774,150.0
ur5e,balance_cached_k1,cf0b2892659faaddd69ba9d6172f4d41b4cbbe81ea9aa1fa891f59fcc8daec21,near_singular,trajectory_19,1.0,1.0,34186743.0,1.0,4.678992053288947,150.0
ur5e,task_balance_k0,1c73e520a3d5bd8f7e29cb08d559a6364a6bdec344a07acd40f2375a56459f79,high_curvature,trajectory_37,1.0,1.0,71581215.66666667,1.0,27.768562571575732,150.0
ur5e,single_gn_k1,2136e60219e4240e7b97c87a2f481c6642991ff7128b97a75454ffcee69e4a9c,smooth,trajectory_07,1.0,1.0,39844415.0,1.0,0.7940591352406366,150.0
ur5e,single_gn_k1,a079baf3b1644afc829cc82c6747ab4482a4f1778e24be557741a87f9aefa38f,high_curvature,trajectory_33,1.0,1.0,39574808.0,1.0,8.2185515497285,150.0
ur5e,balance_progress_k0,a079baf3b1644afc829cc82c6747ab4482a4f1778e24be557741a87f9aefa38f,high_curvature,trajectory_33,1.0,1.0,35872415.333333336,1.0,8.21848592985355,150.0
ur5e,balance_cached_k0,9ab3a7e22a338adf15a7eb240986a1d682820bcf958fc25dd9058bd66c51d502,near_singular,trajectory_12,1.0,1.0,35243084.666666664,1.0,1.18187889078657,150.0
ur5e,balance_cached_k1,68244e8dec0d66d1a48832b1992c69f7c4c907fc930b958710e9220ae46bd192,near_singular,trajectory_14,1.0,1.0,35730855.666666664,1.0,5.553645941888291,150.0
ur5e,task_balance_k0,2037257a8eb29f55e1baa50497e60c0cb87331a5da7e7a4344c8cded212a709f,smooth,trajectory_01,1.0,1.0,71661259.66666667,1.0,16.933685699727025,150.0
ur5e,pink_qp,da8a1e7a5ca60a1e40bacf3e76f1002ab39a7b3cb6f8290450d6356089897d78,high_curvature,trajectory_32,1.0,1.0,97811149.0,1.0,5.367671176104795,150.0
ur5e,balance_progress_k0,ad91c93d906d04e8aa7467228cb161965123769d55ad38469161e7830e742868,high_curvature,trajectory_34,1.0,0.6666666666666666,57414813.0,1.0,7.986834842321801,150.0
ur5e,balance_progress_k0,08f895e22c5162e0796964649a1fcdb582c61bccc5e4d0e8b349bbca35756523,joint_limit_return,trajectory_23,1.0,1.0,36643272.666666664,1.0,1.8600807872110467,150.0
ur5e,balance_cached_k1,5ff81edc43cf92c445ae661655f0f074229d3861bbbd0b57d14ad453615b9e25,near_singular,trajectory_17,1.0,1.0,33468518.666666668,1.0,4.350314416962242,150.0
ur5e,pink_qp,17d92c7319719a45d08d673e5023c3f00687e4f5a57bdebde3dccc6370b94c3a,near_singular,trajectory_18,1.0,1.0,101078815.0,1.0,24.5045520636521,150.0
ur5e,balance_progress_k1,d30c1e5c8c16af6e606ac7829229200ccae448efeb1a9cdad8b80da506691864,joint_limit_return,trajectory_25,1.0,1.0,35982609.666666664,1.0,0.641956499202207,150.0
ur5e,pink_qp,28c799f101b845f2577d1584bde9de07634bcdda61cf814be0670f4c7adce911,joint_limit_return,trajectory_21,1.0,1.0,100444112.33333333,1.0,18.19834678970561,150.0
ur5e,task_balance_k0,bf166cd6db08076d8c85cfd7e7364d2446c3c1ec592ea82609b812c0faa204ea,near_singular,trajectory_15,1.0,1.0,65844329.0,1.0,3.0094924023246805,150.0
ur5e,balance_progress_k0,234cd2a268d2d4ebc0f1b5ca1926ee196812079496ff3e6e19f17e48a5761d2c,joint_limit_return,trajectory_26,1.0,1.0,36458267.666666664,1.0,0.8459099858581064,150.0
ur5e,balance_progress_k1,a4d21e54d799674aa3de252efe1304776a18586a5f8d95b6f975dad09cacd372,joint_limit_return,trajectory_28,1.0,1.0,35939726.0,1.0,9.215767359359482,150.0
ur5e,task_balance_k0,e4188d53efbb54472d782b035a4214854136b6bb171d9aee6282590944abd39b,near_singular,trajectory_11,1.0,1.0,67052701.333333336,1.0,1.3718013878798818,150.0
ur5e,single_gn_k0,a4d21e54d799674aa3de252efe1304776a18586a5f8d95b6f975dad09cacd372,joint_limit_return,trajectory_28,1.0,1.0,39051181.0,1.0,8.103383785968804,150.0
ur5e,task_balance_k0,ad91c93d906d04e8aa7467228cb161965123769d55ad38469161e7830e742868,high_curvature,trajectory_34,1.0,1.0,69982618.66666667,1.0,7.986834842321802,150.0
ur5e,balance_progress_k0,68244e8dec0d66d1a48832b1992c69f7c4c907fc930b958710e9220ae46bd192,near_singular,trajectory_14,1.0,1.0,34381831.0,1.0,9.51128841092386,150.0
ur5e,task_balance_k0,d1ef5ab32f38a93c076857d0eea5dc9836af8df3c2111b752fe4a419473c1ff4,joint_limit_return,trajectory_24,1.0,1.0,69158205.33333333,1.0,3.053370653378734,150.0
ur5e,balance_progress_k1,d1ef5ab32f38a93c076857d0eea5dc9836af8df3c2111b752fe4a419473c1ff4,joint_limit_return,trajectory_24,1.0,1.0,34872265.333333336,1.0,3.2070247522386635,150.0
ur5e,single_gn_k0,816b8a675263f8ec8337dc224a3ea9971c9a8387f6953eb1fd1c846b6d1a7c4a,joint_limit_return,trajectory_29,1.0,1.0,39009636.333333336,1.0,0.81937289244329,150.0
ur5e,balance_progress_k1,08551a27ac837f8ed54c41a0759eec98dbd199480066ac542298cbb032f6d99a,joint_limit_return,trajectory_22,1.0,1.0,35152556.0,1.0,4.474817678815529,150.0
ur5e,task_balance_k1,68244e8dec0d66d1a48832b1992c69f7c4c907fc930b958710e9220ae46bd192,near_singular,trajectory_14,1.0,1.0,69379396.0,1.0,5.553645941907217,150.0
ur5e,balance_cached_k1,da8a1e7a5ca60a1e40bacf3e76f1002ab39a7b3cb6f8290450d6356089897d78,high_curvature,trajectory_32,1.0,1.0,35097651.333333336,1.0,5.366947972719512,150.0
ur5e,balance_cached_k1,9ab3a7e22a338adf15a7eb240986a1d682820bcf958fc25dd9058bd66c51d502,near_singular,trajectory_12,1.0,1.0,33804763.666666664,1.0,1.0921923930774782,150.0
ur5e,single_gn_k1,e2e620aa17071c959d153796e3b230f5780cc2b167c0a2e0b4bb029087169848,smooth,trajectory_06,1.0,1.0,38882860.333333336,1.0,0.7680669763033237,150.0
ur5e,task_balance_k1,da8a1e7a5ca60a1e40bacf3e76f1002ab39a7b3cb6f8290450d6356089897d78,high_curvature,trajectory_32,1.0,1.0,69217891.66666667,1.0,5.366947972719512,150.0
ur5e,balance_cached_k0,386ce328d9e893da466d8af1dc09a15e66ae16a35efe9585b2d68e67da964fb7,smooth,trajectory_05,1.0,1.0,34742396.666666664,1.0,4.830706707308558,150.0
ur5e,task_balance_k0,17d92c7319719a45d08d673e5023c3f00687e4f5a57bdebde3dccc6370b94c3a,near_singular,trajectory_18,1.0,1.0,65984593.666666664,1.0,2.7457547661029493,150.0
ur5e,single_gn_k1,e4188d53efbb54472d782b035a4214854136b6bb171d9aee6282590944abd39b,near_singular,trajectory_11,1.0,1.0,37668650.666666664,1.0,1.3309552458428808,150.0
ur5e,single_gn_k1,ae12f9762615d4c9ac155883dd03d430cba862223b3fb491a4a1d1189e10a2b8,smooth,trajectory_04,1.0,1.0,38797890.666666664,1.0,1.3140623301126206,150.0
ur5e,balance_progress_k0,28c799f101b845f2577d1584bde9de07634bcdda61cf814be0670f4c7adce911,joint_limit_return,trajectory_21,1.0,1.0,34933338.0,1.0,6.982636991096077,150.0
ur5e,balance_progress_k1,e2e620aa17071c959d153796e3b230f5780cc2b167c0a2e0b4bb029087169848,smooth,trajectory_06,1.0,1.0,35183550.666666664,1.0,0.7680669763033237,150.0
ur5e,balance_cached_k1,f87cbb198e6aa95e16ea15160dd1d4f545d70b0d61622238ff991b3a2d27786a,smooth,trajectory_02,1.0,1.0,34807267.666666664,1.0,2.1933582051055365,150.0
ur5e,balance_progress_k1,13896bc6c5f688854ad405268705ab3bb2a8fec56ac1e75c8a872707a3f652f8,smooth,trajectory_08,1.0,1.0,35184027.0,1.0,2.488264861701504,150.0
ur5e,task_balance_k0,5e7743615ad75a997da2a3dfac5ecbaa6539b43fd5db8ecf4d7f9cc7331b3e15,joint_limit_return,trajectory_27,1.0,1.0,69663775.0,1.0,2.6689384202044564,150.0
ur5e,pink_qp,c0f0fa5983ead9bf72ff425c510b3208de5bd46dcc8efd876a735c868767ac8e,joint_limit_return,trajectory_20,1.0,0.6666666666666666,113213549.33333333,1.0,20.09211721051614,150.0
ur5e,balance_cached_k0,929479d86d1af1569abbd00ff695f793876d0c13d1b6ef36f9f39dc04d36f80c,near_singular,trajectory_13,1.0,1.0,32867104.333333332,1.0,2.655842714285338,150.0
ur5e,task_balance_k1,08551a27ac837f8ed54c41a0759eec98dbd199480066ac542298cbb032f6d99a,joint_limit_return,trajectory_22,1.0,1.0,69497398.66666667,1.0,4.474817678824209,150.0
ur5e,single_gn_k0,a68ec605ba66c3e27686650c1fdc577d4ff40b0c237bb80f93dc329bed511c56,high_curvature,trajectory_39,1.0,1.0,38989493.333333336,1.0,7.255797513668394,150.0
ur5e,single_gn_k1,1c73e520a3d5bd8f7e29cb08d559a6364a6bdec344a07acd40f2375a56459f79,high_curvature,trajectory_37,1.0,1.0,38822877.333333336,1.0,28.24129096003683,150.0
ur5e,task_balance_k0,08551a27ac837f8ed54c41a0759eec98dbd199480066ac542298cbb032f6d99a,joint_limit_return,trajectory_22,1.0,1.0,69787270.66666667,1.0,2.179937588247133,150.0
ur5e,balance_cached_k0,2037257a8eb29f55e1baa50497e60c0cb87331a5da7e7a4344c8cded212a709f,smooth,trajectory_01,1.0,1.0,35158731.0,1.0,16.93368569970191,150.0
ur5e,task_balance_k0,1572bafea0edc3c6cc05d2a9eabd19a06035670328035c0b780d47b54a683769,high_curvature,trajectory_31,1.0,1.0,69290890.66666667,1.0,6.175777559355088,150.0
ur5e,task_balance_k1,6105bc9f0df7e8baadfc8dd255f78c7bb3ddb066573e8f4fde9c385dbe5db694,near_singular,trajectory_10,1.0,1.0,70569627.0,1.0,2.588690998337307,150.0
ur5e,pink_qp,d1ef5ab32f38a93c076857d0eea5dc9836af8df3c2111b752fe4a419473c1ff4,joint_limit_return,trajectory_24,1.0,1.0,95123177.66666667,1.0,4.1169926367570016,150.0
ur5e,single_gn_k1,3bd332b9ef08ab00b11a865fd161af952ecc92241dd59aeac869f7688ac64b79,high_curvature,trajectory_36,1.0,1.0,38583465.333333336,1.0,5.253230547269006,150.0
ur5e,balance_cached_k0,f87cbb198e6aa95e16ea15160dd1d4f545d70b0d61622238ff991b3a2d27786a,smooth,trajectory_02,1.0,1.0,35169343.666666664,1.0,1.920055347117498,150.0
ur5e,pink_qp,5de0f5ff5025c915a9ca0194e6813b77637e2059d947b69d324216690202559b,smooth,trajectory_09,1.0,1.0,94670210.0,1.0,0.8462150224287952,150.0
ur5e,balance_cached_k1,a4d21e54d799674aa3de252efe1304776a18586a5f8d95b6f975dad09cacd372,joint_limit_return,trajectory_28,1.0,1.0,34925768.0,1.0,9.215767359359482,150.0
ur5e,balance_cached_k1,e2e620aa17071c959d153796e3b230f5780cc2b167c0a2e0b4bb029087169848,smooth,trajectory_06,1.0,1.0,35002569.666666664,1.0,0.7680669763033237,150.0
ur5e,balance_cached_k0,08f895e22c5162e0796964649a1fcdb582c61bccc5e4d0e8b349bbca35756523,joint_limit_return,trajectory_23,1.0,1.0,35480189.333333336,1.0,1.8600807872110467,150.0
ur5e,single_gn_k0,9a5eaa5a533abb994b7505aca361cebaf65ef495d064d694df4c023580e9cd0b,smooth,trajectory_00,1.0,1.0,38811975.0,1.0,2.0743068898663806,150.0
ur5e,task_balance_k1,bf166cd6db08076d8c85cfd7e7364d2446c3c1ec592ea82609b812c0faa204ea,near_singular,trajectory_15,1.0,1.0,63894067.0,1.0,3.8017490599733943,150.0
ur5e,balance_cached_k1,382307fdf25e31f8b1ae5c14a7545e81bf0c54489223c4626934c3dbe31a195e,high_curvature,trajectory_30,1.0,1.0,36554751.666666664,1.0,32.11053129525644,150.0
ur5e,pink_qp,6105bc9f0df7e8baadfc8dd255f78c7bb3ddb066573e8f4fde9c385dbe5db694,near_singular,trajectory_10,1.0,1.0,95720740.33333333,1.0,8.837007331056807,150.0
ur5e,balance_cached_k0,1572bafea0edc3c6cc05d2a9eabd19a06035670328035c0b780d47b54a683769,high_curvature,trajectory_31,1.0,1.0,35145870.666666664,1.0,6.175777559355084,150.0
ur5e,balance_progress_k0,08551a27ac837f8ed54c41a0759eec98dbd199480066ac542298cbb032f6d99a,joint_limit_return,trajectory_22,1.0,1.0,35268268.0,1.0,2.1799375882485315,150.0
ur5e,single_gn_k0,9ab3a7e22a338adf15a7eb240986a1d682820bcf958fc25dd9058bd66c51d502,near_singular,trajectory_12,1.0,1.0,37514098.0,1.0,1.18187889078657,150.0
ur5e,balance_progress_k0,3bd332b9ef08ab00b11a865fd161af952ecc92241dd59aeac869f7688ac64b79,high_curvature,trajectory_36,1.0,1.0,35142378.0,1.0,5.25362830629543,150.0
ur5e,balance_cached_k1,b0e17067aaf6e660b04f8be634d639d569df55018bfb39821596146afb9736de,smooth,trajectory_03,1.0,1.0,35135664.333333336,1.0,1.0255135569438607,150.0
ur5e,single_gn_k0,5e7743615ad75a997da2a3dfac5ecbaa6539b43fd5db8ecf4d7f9cc7331b3e15,joint_limit_return,trajectory_27,1.0,1.0,38376902.333333336,1.0,2.6689384202065676,150.0
ur5e,balance_cached_k0,cf0b2892659faaddd69ba9d6172f4d41b4cbbe81ea9aa1fa891f59fcc8daec21,near_singular,trajectory_19,1.0,1.0,33522153.0,1.0,2.783832909248877,150.0
ur5e,single_gn_k0,08f895e22c5162e0796964649a1fcdb582c61bccc5e4d0e8b349bbca35756523,joint_limit_return,trajectory_23,1.0,1.0,39072989.0,1.0,1.8600807872110467,150.0
ur5e,single_gn_k0,ad91c93d906d04e8aa7467228cb161965123769d55ad38469161e7830e742868,high_curvature,trajectory_34,1.0,1.0,38713619.333333336,1.0,7.986834842321801,150.0
ur5e,task_balance_k1,1572bafea0edc3c6cc05d2a9eabd19a06035670328035c0b780d47b54a683769,high_curvature,trajectory_31,1.0,1.0,69614521.0,1.0,6.175770041466574,150.0
ur5e,single_gn_k1,5ff81edc43cf92c445ae661655f0f074229d3861bbbd0b57d14ad453615b9e25,near_singular,trajectory_17,1.0,1.0,36283815.0,1.0,4.350314416962242,150.0
ur5e,single_gn_k1,68244e8dec0d66d1a48832b1992c69f7c4c907fc930b958710e9220ae46bd192,near_singular,trajectory_14,1.0,1.0,37749899.666666664,1.0,5.553645941888291,150.0
ur5e,balance_progress_k1,68244e8dec0d66d1a48832b1992c69f7c4c907fc930b958710e9220ae46bd192,near_singular,trajectory_14,1.0,1.0,34520423.333333336,1.0,5.553645941888291,150.0
ur5e,balance_cached_k0,17d92c7319719a45d08d673e5023c3f00687e4f5a57bdebde3dccc6370b94c3a,near_singular,trajectory_18,1.0,1.0,33796307.333333336,1.0,2.7457547661030204,150.0
ur5e,balance_cached_k1,17d92c7319719a45d08d673e5023c3f00687e4f5a57bdebde3dccc6370b94c3a,near_singular,trajectory_18,1.0,1.0,33470556.333333332,1.0,4.271601150404648,150.0
ur5e,single_gn_k0,929479d86d1af1569abbd00ff695f793876d0c13d1b6ef36f9f39dc04d36f80c,near_singular,trajectory_13,1.0,1.0,36646824.333333336,1.0,2.655842714285338,150.0
ur5e,balance_cached_k0,5547871d76b6176b3e5dd5d8f20eebc72645f4fdb4a7e415a21928fb85392f9e,high_curvature,trajectory_38,1.0,1.0,35428310.0,1.0,28.070222583950425,150.0
ur5e,balance_progress_k1,382307fdf25e31f8b1ae5c14a7545e81bf0c54489223c4626934c3dbe31a195e,high_curvature,trajectory_30,1.0,1.0,35954700.666666664,1.0,32.09200980394435,150.0
ur5e,pink_qp,118730753d57a2523105ec3ee6ba017c9c2775dda076f4c79f2396693e83c7a9,high_curvature,trajectory_35,1.0,1.0,96711179.66666667,1.0,8.190145362200631,150.0
ur5e,balance_progress_k0,ae12f9762615d4c9ac155883dd03d430cba862223b3fb491a4a1d1189e10a2b8,smooth,trajectory_04,1.0,1.0,35525495.666666664,1.0,1.201036801322881,150.0
ur5e,balance_cached_k0,9a5eaa5a533abb994b7505aca361cebaf65ef495d064d694df4c023580e9cd0b,smooth,trajectory_00,1.0,1.0,35690497.666666664,1.0,2.0743068898663806,150.0
ur5e,single_gn_k0,118730753d57a2523105ec3ee6ba017c9c2775dda076f4c79f2396693e83c7a9,high_curvature,trajectory_35,1.0,1.0,39193989.333333336,1.0,8.19104494559606,150.0
ur5e,single_gn_k0,d30c1e5c8c16af6e606ac7829229200ccae448efeb1a9cdad8b80da506691864,joint_limit_return,trajectory_25,1.0,1.0,39025943.0,1.0,0.6423131081625044,150.0
ur5e,balance_cached_k1,929479d86d1af1569abbd00ff695f793876d0c13d1b6ef36f9f39dc04d36f80c,near_singular,trajectory_13,1.0,1.0,33154293.666666668,1.0,2.6477624120680936,150.0
ur5e,single_gn_k0,6105bc9f0df7e8baadfc8dd255f78c7bb3ddb066573e8f4fde9c385dbe5db694,near_singular,trajectory_10,1.0,1.0,36706755.333333336,1.0,2.418663703486158,150.0
ur5e,balance_progress_k0,d30c1e5c8c16af6e606ac7829229200ccae448efeb1a9cdad8b80da506691864,joint_limit_return,trajectory_25,1.0,1.0,35348076.0,1.0,0.6423131081625044,150.0
ur5e,task_balance_k1,2136e60219e4240e7b97c87a2f481c6642991ff7128b97a75454ffcee69e4a9c,smooth,trajectory_07,1.0,1.0,69938023.33333333,1.0,0.7940591352406517,150.0
ur5e,balance_progress_k0,1572bafea0edc3c6cc05d2a9eabd19a06035670328035c0b780d47b54a683769,high_curvature,trajectory_31,1.0,1.0,35325640.333333336,1.0,6.175777559355084,150.0
ur5e,task_balance_k0,08f895e22c5162e0796964649a1fcdb582c61bccc5e4d0e8b349bbca35756523,joint_limit_return,trajectory_23,1.0,1.0,70040324.33333333,1.0,1.8600807872115217,150.0
ur5e,single_gn_k1,bf166cd6db08076d8c85cfd7e7364d2446c3c1ec592ea82609b812c0faa204ea,near_singular,trajectory_15,1.0,1.0,36164406.0,1.0,3.801749059978816,150.0
ur5e,balance_progress_k0,5de0f5ff5025c915a9ca0194e6813b77637e2059d947b69d324216690202559b,smooth,trajectory_09,1.0,1.0,35196054.666666664,1.0,0.8456037763209429,150.0
ur5e,single_gn_k1,08551a27ac837f8ed54c41a0759eec98dbd199480066ac542298cbb032f6d99a,joint_limit_return,trajectory_22,1.0,1.0,39077625.333333336,1.0,4.474817678815529,150.0
ur5e,task_balance_k0,13896bc6c5f688854ad405268705ab3bb2a8fec56ac1e75c8a872707a3f652f8,smooth,trajectory_08,1.0,1.0,70219789.66666667,1.0,3.1710000839951817,150.0
ur5e,task_balance_k0,e2e620aa17071c959d153796e3b230f5780cc2b167c0a2e0b4bb029087169848,smooth,trajectory_06,1.0,1.0,70199722.0,1.0,0.7680825617495044,150.0
ur5e,task_balance_k1,5547871d76b6176b3e5dd5d8f20eebc72645f4fdb4a7e415a21928fb85392f9e,high_curvature,trajectory_38,1.0,1.0,70447816.66666667,1.0,25.71434835152876,150.0
ur5e,single_gn_k0,5ff81edc43cf92c445ae661655f0f074229d3861bbbd0b57d14ad453615b9e25,near_singular,trajectory_17,1.0,1.0,36375381.0,1.0,4.147984221239468,150.0
ur5e,balance_cached_k1,ae12f9762615d4c9ac155883dd03d430cba862223b3fb491a4a1d1189e10a2b8,smooth,trajectory_04,1.0,1.0,35314045.0,1.0,1.3140623301126206,150.0
ur5e,balance_cached_k0,5e7743615ad75a997da2a3dfac5ecbaa6539b43fd5db8ecf4d7f9cc7331b3e15,joint_limit_return,trajectory_27,1.0,1.0,34970993.666666664,1.0,2.6689384202065676,150.0
ur5e,pink_qp,cf0b2892659faaddd69ba9d6172f4d41b4cbbe81ea9aa1fa891f59fcc8daec21,near_singular,trajectory_19,1.0,1.0,95716591.33333333,1.0,17.10195381265139,150.0
ur5e,task_balance_k0,cf0b2892659faaddd69ba9d6172f4d41b4cbbe81ea9aa1fa891f59fcc8daec21,near_singular,trajectory_19,1.0,1.0,66102043.666666664,1.0,2.7838329092474776,150.0
ur5e,balance_cached_k1,ad91c93d906d04e8aa7467228cb161965123769d55ad38469161e7830e742868,high_curvature,trajectory_34,1.0,1.0,35031602.666666664,1.0,7.986828804087074,150.0
ur5e,balance_progress_k1,9ab3a7e22a338adf15a7eb240986a1d682820bcf958fc25dd9058bd66c51d502,near_singular,trajectory_12,1.0,1.0,33795584.666666664,1.0,1.0921923930774782,150.0
ur5e,single_gn_k0,386ce328d9e893da466d8af1dc09a15e66ae16a35efe9585b2d68e67da964fb7,smooth,trajectory_05,1.0,1.0,38396474.0,1.0,4.830706707308558,150.0
ur5e,single_gn_k1,5547871d76b6176b3e5dd5d8f20eebc72645f4fdb4a7e415a21928fb85392f9e,high_curvature,trajectory_38,1.0,1.0,38854971.333333336,1.0,25.714348351533385,150.0
ur5e,balance_progress_k0,9ab3a7e22a338adf15a7eb240986a1d682820bcf958fc25dd9058bd66c51d502,near_singular,trajectory_12,1.0,1.0,33723634.666666664,1.0,1.18187889078657,150.0
ur5e,pink_qp,ce26ff5e9952bacd57c54933b78db77a6ea0e1070f6563c04194dc00457f2656,near_singular,trajectory_16,1.0,1.0,95452793.33333333,1.0,6.442563867685372,150.0
ur5e,balance_progress_k1,1572bafea0edc3c6cc05d2a9eabd19a06035670328035c0b780d47b54a683769,high_curvature,trajectory_31,1.0,1.0,35186289.0,1.0,6.175770041466575,150.0
ur5e,balance_cached_k1,a68ec605ba66c3e27686650c1fdc577d4ff40b0c237bb80f93dc329bed511c56,high_curvature,trajectory_39,1.0,1.0,35224417.333333336,1.0,7.255803867811184,150.0
ur5e,balance_progress_k0,17d92c7319719a45d08d673e5023c3f00687e4f5a57bdebde3dccc6370b94c3a,near_singular,trajectory_18,1.0,1.0,33435841.0,1.0,2.7457547661030204,150.0
ur5e,pink_qp,08551a27ac837f8ed54c41a0759eec98dbd199480066ac542298cbb032f6d99a,joint_limit_return,trajectory_22,1.0,1.0,95726099.66666667,1.0,27.947951413687118,150.0
ur5e,task_balance_k1,382307fdf25e31f8b1ae5c14a7545e81bf0c54489223c4626934c3dbe31a195e,high_curvature,trajectory_30,1.0,1.0,71541963.0,1.0,32.11053129526962,150.0
ur5e,pink_qp,e2e620aa17071c959d153796e3b230f5780cc2b167c0a2e0b4bb029087169848,smooth,trajectory_06,1.0,1.0,95514018.0,1.0,0.7664541556589248,150.0
ur5e,task_balance_k1,f87cbb198e6aa95e16ea15160dd1d4f545d70b0d61622238ff991b3a2d27786a,smooth,trajectory_02,1.0,1.0,69083134.0,1.0,2.19335820509619,150.0
ur5e,balance_cached_k1,e4188d53efbb54472d782b035a4214854136b6bb171d9aee6282590944abd39b,near_singular,trajectory_11,1.0,1.0,33901072.666666664,1.0,1.3309552458428808,150.0
ur5e,balance_cached_k1,28c799f101b845f2577d1584bde9de07634bcdda61cf814be0670f4c7adce911,joint_limit_return,trajectory_21,1.0,1.0,34462081.333333336,1.0,6.797968296606808,150.0
ur5e,task_balance_k1,5de0f5ff5025c915a9ca0194e6813b77637e2059d947b69d324216690202559b,smooth,trajectory_09,1.0,1.0,69748678.66666667,1.0,0.8480680143329725,150.0
ur5e,pink_qp,9a5eaa5a533abb994b7505aca361cebaf65ef495d064d694df4c023580e9cd0b,smooth,trajectory_00,1.0,1.0,96864451.33333333,1.0,24.50904832694427,150.0
ur5e,balance_progress_k0,1c73e520a3d5bd8f7e29cb08d559a6364a6bdec344a07acd40f2375a56459f79,high_curvature,trajectory_37,1.0,1.0,35017492.666666664,1.0,27.7685625715451,150.0
ur5e,balance_progress_k1,28c799f101b845f2577d1584bde9de07634bcdda61cf814be0670f4c7adce911,joint_limit_return,trajectory_21,1.0,1.0,34724556.333333336,1.0,6.797968296606808,150.0
ur5e,pink_qp,1572bafea0edc3c6cc05d2a9eabd19a06035670328035c0b780d47b54a683769,high_curvature,trajectory_31,1.0,1.0,96710180.33333333,1.0,6.171233288713939,150.0
ur5e,task_balance_k0,382307fdf25e31f8b1ae5c14a7545e81bf0c54489223c4626934c3dbe31a195e,high_curvature,trajectory_30,1.0,1.0,71587053.0,1.0,32.13171183860134,150.0
ur5e,task_balance_k1,e4188d53efbb54472d782b035a4214854136b6bb171d9aee6282590944abd39b,near_singular,trajectory_11,1.0,1.0,67068572.0,1.0,1.3309552458371454,150.0
ur5e,balance_progress_k0,5e7743615ad75a997da2a3dfac5ecbaa6539b43fd5db8ecf4d7f9cc7331b3e15,joint_limit_return,trajectory_27,1.0,1.0,35112142.0,1.0,2.6689384202065676,150.0
ur5e,single_gn_k0,28c799f101b845f2577d1584bde9de07634bcdda61cf814be0670f4c7adce911,joint_limit_return,trajectory_21,1.0,1.0,38378104.0,1.0,6.982636991096077,150.0
ur5e,balance_cached_k0,08551a27ac837f8ed54c41a0759eec98dbd199480066ac542298cbb032f6d99a,joint_limit_return,trajectory_22,1.0,1.0,35375288.0,1.0,2.1799375882485315,150.0
ur5e,balance_progress_k0,e4188d53efbb54472d782b035a4214854136b6bb171d9aee6282590944abd39b,near_singular,trajectory_11,1.0,1.0,33830184.0,1.0,1.3718013878853677,150.0
ur5e,balance_progress_k1,a079baf3b1644afc829cc82c6747ab4482a4f1778e24be557741a87f9aefa38f,high_curvature,trajectory_33,1.0,1.0,35089226.666666664,1.0,8.2185515497285,150.0
ur5e,task_balance_k1,e2e620aa17071c959d153796e3b230f5780cc2b167c0a2e0b4bb029087169848,smooth,trajectory_06,1.0,1.0,69321536.0,1.0,0.7680669763033197,150.0
ur5e,task_balance_k0,5de0f5ff5025c915a9ca0194e6813b77637e2059d947b69d324216690202559b,smooth,trajectory_09,1.0,1.0,69182198.33333333,1.0,0.8456037763209409,150.0
ur5e,pink_qp,a4d21e54d799674aa3de252efe1304776a18586a5f8d95b6f975dad09cacd372,joint_limit_return,trajectory_28,1.0,1.0,96358569.66666667,1.0,27.221260012382732,150.0
ur5e,balance_cached_k1,d30c1e5c8c16af6e606ac7829229200ccae448efeb1a9cdad8b80da506691864,joint_limit_return,trajectory_25,1.0,1.0,35125320.333333336,1.0,0.641956499202207,150.0
ur5e,balance_progress_k1,234cd2a268d2d4ebc0f1b5ca1926ee196812079496ff3e6e19f17e48a5761d2c,joint_limit_return,trajectory_26,1.0,1.0,35046377.666666664,1.0,1.2350884541305247,150.0
ur5e,balance_cached_k1,1c73e520a3d5bd8f7e29cb08d559a6364a6bdec344a07acd40f2375a56459f79,high_curvature,trajectory_37,1.0,1.0,34926160.0,1.0,28.24129096003683,150.0
ur5e,balance_progress_k0,f87cbb198e6aa95e16ea15160dd1d4f545d70b0d61622238ff991b3a2d27786a,smooth,trajectory_02,1.0,1.0,35028067.333333336,1.0,1.920055347117498,150.0
ur5e,balance_cached_k0,3bd332b9ef08ab00b11a865fd161af952ecc92241dd59aeac869f7688ac64b79,high_curvature,trajectory_36,1.0,1.0,35037309.666666664,1.0,5.25362830629543,150.0
ur5e,balance_progress_k1,2136e60219e4240e7b97c87a2f481c6642991ff7128b97a75454ffcee69e4a9c,smooth,trajectory_07,1.0,1.0,35023714.0,1.0,0.7940591352406366,150.0
ur5e,balance_cached_k0,a68ec605ba66c3e27686650c1fdc577d4ff40b0c237bb80f93dc329bed511c56,high_curvature,trajectory_39,1.0,1.0,35201509.0,1.0,7.255797513668394,150.0
ur5e,balance_cached_k1,118730753d57a2523105ec3ee6ba017c9c2775dda076f4c79f2396693e83c7a9,high_curvature,trajectory_35,1.0,1.0,35240877.333333336,1.0,8.191051952545973,150.0
ur5e,balance_cached_k0,1c73e520a3d5bd8f7e29cb08d559a6364a6bdec344a07acd40f2375a56459f79,high_curvature,trajectory_37,1.0,1.0,35164924.333333336,1.0,27.7685625715451,150.0
ur5e,task_balance_k1,5ff81edc43cf92c445ae661655f0f074229d3861bbbd0b57d14ad453615b9e25,near_singular,trajectory_17,1.0,1.0,64016454.666666664,1.0,4.350314416961885,150.0
ur5e,task_balance_k0,234cd2a268d2d4ebc0f1b5ca1926ee196812079496ff3e6e19f17e48a5761d2c,joint_limit_return,trajectory_26,1.0,1.0,69754367.0,1.0,0.8459099858581084,150.0
ur5e,balance_progress_k0,5547871d76b6176b3e5dd5d8f20eebc72645f4fdb4a7e415a21928fb85392f9e,high_curvature,trajectory_38,1.0,1.0,35323818.666666664,1.0,28.070222583950425,150.0
ur5e,task_balance_k1,3bd332b9ef08ab00b11a865fd161af952ecc92241dd59aeac869f7688ac64b79,high_curvature,trajectory_36,1.0,1.0,69369060.0,1.0,5.253230547268526,150.0
ur5e,single_gn_k0,2037257a8eb29f55e1baa50497e60c0cb87331a5da7e7a4344c8cded212a709f,smooth,trajectory_01,1.0,1.0,38817233.0,1.0,16.93368569970191,150.0
ur5e,balance_cached_k0,e4188d53efbb54472d782b035a4214854136b6bb171d9aee6282590944abd39b,near_singular,trajectory_11,1.0,1.0,33889769.666666664,1.0,1.3718013878853677,150.0
ur5e,balance_cached_k1,3bd332b9ef08ab00b11a865fd161af952ecc92241dd59aeac869f7688ac64b79,high_curvature,trajectory_36,1.0,1.0,35111076.333333336,1.0,5.253230547269006,150.0
ur5e,balance_cached_k0,382307fdf25e31f8b1ae5c14a7545e81bf0c54489223c4626934c3dbe31a195e,high_curvature,trajectory_30,1.0,1.0,36625121.0,1.0,32.131711838593304,150.0
ur5e,pink_qp,1c73e520a3d5bd8f7e29cb08d559a6364a6bdec344a07acd40f2375a56459f79,high_curvature,trajectory_37,1.0,1.0,96274766.33333333,1.0,37.68858836658844,150.0
ur5e,balance_progress_k0,ce26ff5e9952bacd57c54933b78db77a6ea0e1070f6563c04194dc00457f2656,near_singular,trajectory_16,1.0,1.0,34403919.0,1.0,0.7136302433390975,150.0
ur5e,task_balance_k0,b0e17067aaf6e660b04f8be634d639d569df55018bfb39821596146afb9736de,smooth,trajectory_03,1.0,1.0,69781691.33333333,1.0,1.0657566765931126,150.0
ur5e,balance_progress_k0,816b8a675263f8ec8337dc224a3ea9971c9a8387f6953eb1fd1c846b6d1a7c4a,joint_limit_return,trajectory_29,1.0,1.0,35275286.666666664,1.0,0.81937289244329,150.0
ur5e,single_gn_k0,234cd2a268d2d4ebc0f1b5ca1926ee196812079496ff3e6e19f17e48a5761d2c,joint_limit_return,trajectory_26,1.0,1.0,38714988.333333336,1.0,0.8459099858581064,150.0
ur5e,balance_progress_k1,ce26ff5e9952bacd57c54933b78db77a6ea0e1070f6563c04194dc00457f2656,near_singular,trajectory_16,1.0,1.0,34361137.0,1.0,0.7212448485314815,150.0
ur5e,balance_progress_k0,2136e60219e4240e7b97c87a2f481c6642991ff7128b97a75454ffcee69e4a9c,smooth,trajectory_07,1.0,1.0,35454210.0,1.0,0.7939589741715891,150.0
ur5e,task_balance_k1,d1ef5ab32f38a93c076857d0eea5dc9836af8df3c2111b752fe4a419473c1ff4,joint_limit_return,trajectory_24,1.0,1.0,68894362.33333333,1.0,3.2070247522375266,150.0
ur5e,single_gn_k0,c0f0fa5983ead9bf72ff425c510b3208de5bd46dcc8efd876a735c868767ac8e,joint_limit_return,trajectory_20,1.0,1.0,39148980.0,1.0,2.053402933300667,150.0
ur5e,task_balance_k1,ce26ff5e9952bacd57c54933b78db77a6ea0e1070f6563c04194dc00457f2656,near_singular,trajectory_16,1.0,1.0,68582383.66666667,1.0,0.7212448485321038,150.0
ur5e,pink_qp,a079baf3b1644afc829cc82c6747ab4482a4f1778e24be557741a87f9aefa38f,high_curvature,trajectory_33,1.0,1.0,95527868.33333333,1.0,8.212473567789708,150.0
ur5e,balance_progress_k1,e4188d53efbb54472d782b035a4214854136b6bb171d9aee6282590944abd39b,near_singular,trajectory_11,1.0,1.0,34222126.333333336,1.0,1.3309552458428808,150.0
ur5e,balance_progress_k1,08f895e22c5162e0796964649a1fcdb582c61bccc5e4d0e8b349bbca35756523,joint_limit_return,trajectory_23,1.0,1.0,35093816.0,1.0,0.8144825017098168,150.0
ur5e,task_balance_k1,28c799f101b845f2577d1584bde9de07634bcdda61cf814be0670f4c7adce911,joint_limit_return,trajectory_21,1.0,1.0,68799367.66666667,1.0,6.797968296606353,150.0
ur5e,balance_cached_k0,e2e620aa17071c959d153796e3b230f5780cc2b167c0a2e0b4bb029087169848,smooth,trajectory_06,1.0,1.0,34897156.333333336,1.0,0.7680825617494952,150.0
ur5e,single_gn_k0,2136e60219e4240e7b97c87a2f481c6642991ff7128b97a75454ffcee69e4a9c,smooth,trajectory_07,1.0,1.0,38964669.0,1.0,0.7939589741715891,150.0
ur5e,single_gn_k1,386ce328d9e893da466d8af1dc09a15e66ae16a35efe9585b2d68e67da964fb7,smooth,trajectory_05,1.0,1.0,38727816.333333336,1.0,4.828930789005704,150.0
ur5e,pink_qp,5e7743615ad75a997da2a3dfac5ecbaa6539b43fd5db8ecf4d7f9cc7331b3e15,joint_limit_return,trajectory_27,1.0,1.0,96347133.33333333,1.0,4.8095061780366715,150.0
ur5e,task_balance_k0,816b8a675263f8ec8337dc224a3ea9971c9a8387f6953eb1fd1c846b6d1a7c4a,joint_limit_return,trajectory_29,1.0,1.0,69798790.66666667,1.0,0.8193728924432886,150.0
ur5e,pink_qp,08f895e22c5162e0796964649a1fcdb582c61bccc5e4d0e8b349bbca35756523,joint_limit_return,trajectory_23,1.0,1.0,96297487.0,1.0,0.9220917467049237,150.0
ur5e,pink_qp,e4188d53efbb54472d782b035a4214854136b6bb171d9aee6282590944abd39b,near_singular,trajectory_11,1.0,1.0,96414240.66666667,1.0,13.78409346165507,150.0
ur5e,single_gn_k1,13896bc6c5f688854ad405268705ab3bb2a8fec56ac1e75c8a872707a3f652f8,smooth,trajectory_08,1.0,1.0,38888674.0,1.0,2.488264861701504,150.0
ur5e,task_balance_k1,a68ec605ba66c3e27686650c1fdc577d4ff40b0c237bb80f93dc329bed511c56,high_curvature,trajectory_39,1.0,1.0,69106373.33333333,1.0,7.255803867811182,150.0
ur5e,balance_cached_k0,5ff81edc43cf92c445ae661655f0f074229d3861bbbd0b57d14ad453615b9e25,near_singular,trajectory_17,1.0,1.0,32739058.666666668,1.0,4.147984221239468,150.0
ur5e,balance_cached_k0,ae12f9762615d4c9ac155883dd03d430cba862223b3fb491a4a1d1189e10a2b8,smooth,trajectory_04,1.0,1.0,35021371.333333336,1.0,1.201036801322881,150.0
ur5e,balance_cached_k0,b0e17067aaf6e660b04f8be634d639d569df55018bfb39821596146afb9736de,smooth,trajectory_03,1.0,1.0,35337228.0,1.0,1.0657566765909954,150.0
ur5e,balance_progress_k1,1c73e520a3d5bd8f7e29cb08d559a6364a6bdec344a07acd40f2375a56459f79,high_curvature,trajectory_37,1.0,1.0,35228173.0,1.0,28.24129096003683,150.0
ur5e,balance_cached_k0,28c799f101b845f2577d1584bde9de07634bcdda61cf814be0670f4c7adce911,joint_limit_return,trajectory_21,1.0,1.0,34655334.666666664,1.0,6.982636991096077,150.0
ur5e,pink_qp,386ce328d9e893da466d8af1dc09a15e66ae16a35efe9585b2d68e67da964fb7,smooth,trajectory_05,1.0,1.0,96576249.0,1.0,0.7396093039834724,150.0
ur5e,single_gn_k1,28c799f101b845f2577d1584bde9de07634bcdda61cf814be0670f4c7adce911,joint_limit_return,trajectory_21,1.0,1.0,38075296.666666664,1.0,6.797968296606808,150.0
ur5e,single_gn_k1,1572bafea0edc3c6cc05d2a9eabd19a06035670328035c0b780d47b54a683769,high_curvature,trajectory_31,1.0,1.0,39026273.333333336,1.0,6.175770041466575,150.0
ur5e,balance_progress_k1,5e7743615ad75a997da2a3dfac5ecbaa6539b43fd5db8ecf4d7f9cc7331b3e15,joint_limit_return,trajectory_27,1.0,1.0,35155140.333333336,1.0,2.722391483572474,150.0
ur5e,balance_progress_k0,a68ec605ba66c3e27686650c1fdc577d4ff40b0c237bb80f93dc329bed511c56,high_curvature,trajectory_39,1.0,1.0,35182438.0,1.0,7.255797513668394,150.0
ur5e,single_gn_k1,ad91c93d906d04e8aa7467228cb161965123769d55ad38469161e7830e742868,high_curvature,trajectory_34,1.0,1.0,38872193.666666664,1.0,7.986828804087074,150.0
ur5e,single_gn_k1,5de0f5ff5025c915a9ca0194e6813b77637e2059d947b69d324216690202559b,smooth,trajectory_09,1.0,1.0,39139710.333333336,1.0,0.8480680143330205,150.0
ur5e,task_balance_k0,ae12f9762615d4c9ac155883dd03d430cba862223b3fb491a4a1d1189e10a2b8,smooth,trajectory_04,1.0,1.0,69716869.0,1.0,1.2010368013231905,150.0
ur5e,pink_qp,5547871d76b6176b3e5dd5d8f20eebc72645f4fdb4a7e415a21928fb85392f9e,high_curvature,trajectory_38,0.0,0.0,106506773.0,0.5133333333333333,26.644342435124017,77.0
ur5e,balance_progress_k0,386ce328d9e893da466d8af1dc09a15e66ae16a35efe9585b2d68e67da964fb7,smooth,trajectory_05,1.0,1.0,35063718.333333336,1.0,4.830706707308558,150.0
ur5e,balance_cached_k1,5547871d76b6176b3e5dd5d8f20eebc72645f4fdb4a7e415a21928fb85392f9e,high_curvature,trajectory_38,1.0,1.0,35600512.0,1.0,25.714348351533385,150.0
ur5e,single_gn_k0,382307fdf25e31f8b1ae5c14a7545e81bf0c54489223c4626934c3dbe31a195e,high_curvature,trajectory_30,1.0,1.0,39530288.666666664,1.0,32.113157957812206,150.0
ur5e,single_gn_k1,ce26ff5e9952bacd57c54933b78db77a6ea0e1070f6563c04194dc00457f2656,near_singular,trajectory_16,1.0,1.0,38410663.333333336,1.0,0.7212448485314815,150.0
ur5e,balance_cached_k0,d30c1e5c8c16af6e606ac7829229200ccae448efeb1a9cdad8b80da506691864,joint_limit_return,trajectory_25,1.0,1.0,35425978.333333336,1.0,0.6423131081625044,150.0
ur5e,single_gn_k0,a079baf3b1644afc829cc82c6747ab4482a4f1778e24be557741a87f9aefa38f,high_curvature,trajectory_33,1.0,1.0,39043261.0,1.0,8.21848592985355,150.0
ur5e,pink_qp,5ff81edc43cf92c445ae661655f0f074229d3861bbbd0b57d14ad453615b9e25,near_singular,trajectory_17,0.0,0.0,96841170.0,0.9933333333333333,17.81766101825688,73.0
ur5e,task_balance_k0,a68ec605ba66c3e27686650c1fdc577d4ff40b0c237bb80f93dc329bed511c56,high_curvature,trajectory_39,1.0,1.0,69947577.66666667,1.0,7.255797513668393,150.0
ur5e,single_gn_k1,a68ec605ba66c3e27686650c1fdc577d4ff40b0c237bb80f93dc329bed511c56,high_curvature,trajectory_39,1.0,1.0,38812445.333333336,1.0,7.255803867811184,150.0
ur5e,balance_progress_k1,3bd332b9ef08ab00b11a865fd161af952ecc92241dd59aeac869f7688ac64b79,high_curvature,trajectory_36,1.0,1.0,35040830.666666664,1.0,5.253230547269006,150.0
ur5e,single_gn_k1,da8a1e7a5ca60a1e40bacf3e76f1002ab39a7b3cb6f8290450d6356089897d78,high_curvature,trajectory_32,1.0,1.0,39218603.333333336,1.0,5.366947972719512,150.0
ur5e,single_gn_k0,17d92c7319719a45d08d673e5023c3f00687e4f5a57bdebde3dccc6370b94c3a,near_singular,trajectory_18,1.0,1.0,37125893.0,1.0,2.7457547661030204,150.0
ur5e,balance_cached_k1,1572bafea0edc3c6cc05d2a9eabd19a06035670328035c0b780d47b54a683769,high_curvature,trajectory_31,1.0,1.0,35246556.666666664,1.0,6.175770041466575,150.0
ur5e,balance_progress_k0,118730753d57a2523105ec3ee6ba017c9c2775dda076f4c79f2396693e83c7a9,high_curvature,trajectory_35,1.0,1.0,35364059.333333336,1.0,8.19104494559606,150.0
ur5e,pink_qp,234cd2a268d2d4ebc0f1b5ca1926ee196812079496ff3e6e19f17e48a5761d2c,joint_limit_return,trajectory_26,1.0,1.0,96967664.33333333,1.0,0.8821542494017126,150.0
ur5e,balance_progress_k0,382307fdf25e31f8b1ae5c14a7545e81bf0c54489223c4626934c3dbe31a195e,high_curvature,trajectory_30,1.0,1.0,35530423.333333336,1.0,32.113157957812206,150.0
ur5e,balance_cached_k0,ce26ff5e9952bacd57c54933b78db77a6ea0e1070f6563c04194dc00457f2656,near_singular,trajectory_16,1.0,1.0,34481770.0,1.0,0.7136302433390975,150.0
ur5e,single_gn_k0,1c73e520a3d5bd8f7e29cb08d559a6364a6bdec344a07acd40f2375a56459f79,high_curvature,trajectory_37,1.0,1.0,38672249.333333336,1.0,27.7685625715451,150.0
ur5e,balance_progress_k0,a4d21e54d799674aa3de252efe1304776a18586a5f8d95b6f975dad09cacd372,joint_limit_return,trajectory_28,1.0,1.0,35218897.0,1.0,8.103383785968804,150.0
ur5e,single_gn_k1,2037257a8eb29f55e1baa50497e60c0cb87331a5da7e7a4344c8cded212a709f,smooth,trajectory_01,1.0,1.0,39029087.666666664,1.0,17.343639032850028,150.0
ur5e,balance_cached_k1,c0f0fa5983ead9bf72ff425c510b3208de5bd46dcc8efd876a735c868767ac8e,joint_limit_return,trajectory_20,1.0,1.0,35109585.666666664,1.0,2.8658991045025726,150.0
ur5e,task_balance_k0,3bd332b9ef08ab00b11a865fd161af952ecc92241dd59aeac869f7688ac64b79,high_curvature,trajectory_36,1.0,1.0,69857021.33333333,1.0,5.253628306295424,150.0
ur5e,balance_progress_k0,929479d86d1af1569abbd00ff695f793876d0c13d1b6ef36f9f39dc04d36f80c,near_singular,trajectory_13,1.0,1.0,33528630.333333332,1.0,2.655842714285338,150.0
ur5e,task_balance_k1,a079baf3b1644afc829cc82c6747ab4482a4f1778e24be557741a87f9aefa38f,high_curvature,trajectory_33,1.0,1.0,70235341.33333333,1.0,8.218551549728499,150.0
ur5e,balance_cached_k1,08f895e22c5162e0796964649a1fcdb582c61bccc5e4d0e8b349bbca35756523,joint_limit_return,trajectory_23,1.0,1.0,35408000.666666664,1.0,0.8144825017098168,150.0
ur5e,balance_progress_k1,bf166cd6db08076d8c85cfd7e7364d2446c3c1ec592ea82609b812c0faa204ea,near_singular,trajectory_15,1.0,1.0,32723179.333333332,1.0,3.801749059978816,150.0
ur5e,single_gn_k1,9ab3a7e22a338adf15a7eb240986a1d682820bcf958fc25dd9058bd66c51d502,near_singular,trajectory_12,1.0,1.0,37439946.333333336,1.0,1.0921923930774782,150.0
ur5e,single_gn_k0,e2e620aa17071c959d153796e3b230f5780cc2b167c0a2e0b4bb029087169848,smooth,trajectory_06,1.0,1.0,38829810.0,1.0,0.7680825617494952,150.0
ur5e,task_balance_k1,386ce328d9e893da466d8af1dc09a15e66ae16a35efe9585b2d68e67da964fb7,smooth,trajectory_05,1.0,1.0,68208612.0,1.0,4.828930789005657,150.0
ur5e,balance_cached_k1,6105bc9f0df7e8baadfc8dd255f78c7bb3ddb066573e8f4fde9c385dbe5db694,near_singular,trajectory_10,1.0,1.0,33134859.0,1.0,2.5886909983376474,150.0
ur5e,pink_qp,816b8a675263f8ec8337dc224a3ea9971c9a8387f6953eb1fd1c846b6d1a7c4a,joint_limit_return,trajectory_29,1.0,1.0,97665931.66666667,1.0,0.8188331419501326,150.0
ur5e,balance_progress_k1,9a5eaa5a533abb994b7505aca361cebaf65ef495d064d694df4c023580e9cd0b,smooth,trajectory_00,1.0,1.0,35156344.333333336,1.0,1.909811132775631,150.0
ur5e,balance_cached_k0,6105bc9f0df7e8baadfc8dd255f78c7bb3ddb066573e8f4fde9c385dbe5db694,near_singular,trajectory_10,1.0,1.0,33168231.666666668,1.0,2.418663703486158,150.0
ur5e,balance_cached_k1,a079baf3b1644afc829cc82c6747ab4482a4f1778e24be557741a87f9aefa38f,high_curvature,trajectory_33,1.0,1.0,35322818.333333336,1.0,8.2185515497285,150.0
ur5e,balance_progress_k0,d1ef5ab32f38a93c076857d0eea5dc9836af8df3c2111b752fe4a419473c1ff4,joint_limit_return,trajectory_24,1.0,1.0,35251199.0,1.0,3.053370653380631,150.0
