input_id,robot,method,repeat,q,accepted,internal_status,internal_ok,native_status,iterations,evaluations,verification_calls,box_qp_updates,backtracking_evaluations,task_excess_objective,internal_radius,finite,joint_limit_ok,velocity_ok,position_error,orientation_error,verification_reasons,failure_kind,velocity_utilization,total_latency_ns,accepted_within_20ms
016894bfe7220eb5304b71d9dc330e9a2a7872794dd09c7fb3f449f4be61911d,panda,task_excess_lbfgsb,2,"[-0.38032301906992455,-0.14944033492918876,-0.7900981604488595,-1.7614271573189104,2.897299999999,1.9207459210017466,-0.8523411472154856]",False,optimizer_stop,False,"{""code"":1,""success"":false,""message"":""STOP: TOTAL NO. OF ITERATIONS REACHED LIMIT""}",30,37,38,0,0,0.0030722295512096995,0.999999,True,True,True,0.0009952845166490386,0.009410689665463587,"[""orientation_tolerance""]",orientation_tolerance,0.9674254648400084,6631538,False
016894bfe7220eb5304b71d9dc330e9a2a7872794dd09c7fb3f449f4be61911d,panda,single_gn_k0,2,"[-0.380856846714828,-0.1456240815058321,-0.7915184101817916,-1.7584102890493407,2.897299999999,1.9174127459789105,-0.8466715507098628]",False,stationary,False,,14,91,,17,,,,True,True,True,0.00026077928565498756,0.00952695583525228,"[""orientation_tolerance""]",orientation_tolerance,0.9999999999990011,3687210,False
016894bfe7220eb5304b71d9dc330e9a2a7872794dd09c7fb3f449f4be61911d,panda,task_excess_gn,0,"[-0.38171430606414236,-0.1463616066866208,-0.7915184101817916,-1.7586314408374126,2.897299999999,1.9158287522939204,-0.8467725392771702]",True,task_admissible,True,,4,8,9,5,4,2.6688837857685277e-13,0.999999,True,True,True,0.000999999679372339,0.00872663987869544,[],accepted,0.9999999999990011,1522004,True
016894bfe7220eb5304b71d9dc330e9a2a7872794dd09c7fb3f449f4be61911d,panda,single_gn_k1,1,"[-0.380857414745875,-0.14562302433872035,-0.7915184101817916,-1.7584094665421608,2.897299999999,1.917412278266467,-0.8466687247036406]",False,stationary,False,,14,91,,17,,,,True,True,True,0.0002606041880534105,0.009527321090061299,"[""orientation_tolerance""]",orientation_tolerance,0.9999999999990011,3578027,False
016894bfe7220eb5304b71d9dc330e9a2a7872794dd09c7fb3f449f4be61911d,panda,task_excess_isotropic,1,"[-0.38217071361530436,-0.14601164868096722,-0.791443717222819,-1.7582714004548854,2.897299999999,1.9177674790628616,-0.8454299475046048]",False,deadline,False,,19,137,138,36,118,9.560748001042733e-06,0.999999,True,True,True,0.0009999667027891439,0.008764797528029626,"[""orientation_tolerance""]",orientation_tolerance,0.9982868587381628,20109292,False
016894bfe7220eb5304b71d9dc330e9a2a7872794dd09c7fb3f449f4be61911d,panda,point_loop_control,2,"[-0.380856846789687,-0.14562408140509206,-0.7915184101817916,-1.7584102890604412,2.897299999999,1.917412745622782,-0.8466715505466824]",False,stationary,False,,22,136,137,25,114,0.0042053366853498485,0.999999,True,True,True,0.00026077927940220015,0.009526955848286613,"[""orientation_tolerance""]",orientation_tolerance,0.9999999999990011,18622344,False
016894bfe7220eb5304b71d9dc330e9a2a7872794dd09c7fb3f449f4be61911d,panda,task_excess_isotropic,0,"[-0.38217071361530436,-0.14601164868096722,-0.791443717222819,-1.7582714004548854,2.897299999999,1.9177674790628616,-0.8454299475046048]",False,deadline,False,,19,139,140,36,120,9.560748001042733e-06,0.999999,True,True,True,0.0009999667027891439,0.008764797528029626,"[""orientation_tolerance""]",orientation_tolerance,0.9982868587381628,20156538,False
016894bfe7220eb5304b71d9dc330e9a2a7872794dd09c7fb3f449f4be61911d,panda,single_gn_k0,1,"[-0.380856846714828,-0.1456240815058321,-0.7915184101817916,-1.7584102890493407,2.897299999999,1.9174127459789105,-0.8466715507098628]",False,stationary,False,,14,91,,17,,,,True,True,True,0.00026077928565498756,0.00952695583525228,"[""orientation_tolerance""]",orientation_tolerance,0.9999999999990011,3584056,False
016894bfe7220eb5304b71d9dc330e9a2a7872794dd09c7fb3f449f4be61911d,panda,single_gn_k1,0,"[-0.380857414745875,-0.14562302433872035,-0.7915184101817916,-1.7584094665421608,2.897299999999,1.917412278266467,-0.8466687247036406]",False,stationary,False,,14,91,,17,,,,True,True,True,0.0002606041880534105,0.009527321090061299,"[""orientation_tolerance""]",orientation_tolerance,0.9999999999990011,3533217,False
016894bfe7220eb5304b71d9dc330e9a2a7872794dd09c7fb3f449f4be61911d,panda,single_gn_k1,2,"[-0.380857414745875,-0.14562302433872035,-0.7915184101817916,-1.7584094665421608,2.897299999999,1.917412278266467,-0.8466687247036406]",False,stationary,False,,14,91,,17,,,,True,True,True,0.0002606041880534105,0.009527321090061299,"[""orientation_tolerance""]",orientation_tolerance,0.9999999999990011,3522315,False
016894bfe7220eb5304b71d9dc330e9a2a7872794dd09c7fb3f449f4be61911d,panda,point_loop_control,0,"[-0.380856846789687,-0.14562408140509206,-0.7915184101817916,-1.7584102890604412,2.897299999999,1.917412745622782,-0.8466715505466824]",False,stationary,False,,22,136,137,25,114,0.0042053366853498485,0.999999,True,True,True,0.00026077927940220015,0.009526955848286613,"[""orientation_tolerance""]",orientation_tolerance,0.9999999999990011,18658884,False
016894bfe7220eb5304b71d9dc330e9a2a7872794dd09c7fb3f449f4be61911d,panda,single_gn_k0,0,"[-0.380856846714828,-0.1456240815058321,-0.7915184101817916,-1.7584102890493407,2.897299999999,1.9174127459789105,-0.8466715507098628]",False,stationary,False,,14,91,,17,,,,True,True,True,0.00026077928565498756,0.00952695583525228,"[""orientation_tolerance""]",orientation_tolerance,0.9999999999990011,3576967,False
016894bfe7220eb5304b71d9dc330e9a2a7872794dd09c7fb3f449f4be61911d,panda,task_excess_isotropic,2,"[-0.38217071361530436,-0.14601164868096722,-0.791443717222819,-1.7582714004548854,2.897299999999,1.9177674790628616,-0.8454299475046048]",False,deadline,False,,19,138,139,36,119,9.560748001042733e-06,0.999999,True,True,True,0.0009999667027891439,0.008764797528029626,"[""orientation_tolerance""]",orientation_tolerance,0.9982868587381628,20146505,False
016894bfe7220eb5304b71d9dc330e9a2a7872794dd09c7fb3f449f4be61911d,panda,task_excess_gn,2,"[-0.38171430606414236,-0.1463616066866208,-0.7915184101817916,-1.7586314408374126,2.897299999999,1.9158287522939204,-0.8467725392771702]",True,task_admissible,True,,4,8,9,5,4,2.6688837857685277e-13,0.999999,True,True,True,0.000999999679372339,0.00872663987869544,[],accepted,0.9999999999990011,1501226,True
016894bfe7220eb5304b71d9dc330e9a2a7872794dd09c7fb3f449f4be61911d,panda,point_loop_control,1,"[-0.380856846789687,-0.14562408140509206,-0.7915184101817916,-1.7584102890604412,2.897299999999,1.917412745622782,-0.8466715505466824]",False,stationary,False,,22,136,137,25,114,0.0042053366853498485,0.999999,True,True,True,0.00026077927940220015,0.009526955848286613,"[""orientation_tolerance""]",orientation_tolerance,0.9999999999990011,18583831,False
016894bfe7220eb5304b71d9dc330e9a2a7872794dd09c7fb3f449f4be61911d,panda,task_excess_lbfgsb,0,"[-0.38032301906992455,-0.14944033492918876,-0.7900981604488595,-1.7614271573189104,2.897299999999,1.9207459210017466,-0.8523411472154856]",False,optimizer_stop,False,"{""code"":1,""success"":false,""message"":""STOP: TOTAL NO. OF ITERATIONS REACHED LIMIT""}",30,37,38,0,0,0.0030722295512096995,0.999999,True,True,True,0.0009952845166490386,0.009410689665463587,"[""orientation_tolerance""]",orientation_tolerance,0.9674254648400084,6545303,False
016894bfe7220eb5304b71d9dc330e9a2a7872794dd09c7fb3f449f4be61911d,panda,task_excess_gn,1,"[-0.38171430606414236,-0.1463616066866208,-0.7915184101817916,-1.7586314408374126,2.897299999999,1.9158287522939204,-0.8467725392771702]",True,task_admissible,True,,4,8,9,5,4,2.6688837857685277e-13,0.999999,True,True,True,0.000999999679372339,0.00872663987869544,[],accepted,0.9999999999990011,1529651,True
016894bfe7220eb5304b71d9dc330e9a2a7872794dd09c7fb3f449f4be61911d,panda,task_excess_lbfgsb,1,"[-0.38032301906992455,-0.14944033492918876,-0.7900981604488595,-1.7614271573189104,2.897299999999,1.9207459210017466,-0.8523411472154856]",False,optimizer_stop,False,"{""code"":1,""success"":false,""message"":""STOP: TOTAL NO. OF ITERATIONS REACHED LIMIT""}",30,37,38,0,0,0.0030722295512096995,0.999999,True,True,True,0.0009952845166490386,0.009410689665463587,"[""orientation_tolerance""]",orientation_tolerance,0.9674254648400084,6509550,False
01b3d371907cb3f346fff18bae595c23d7574141a7c95d86ab1006bcd4e9fabe,panda,task_excess_gn,0,"[-0.7135192185514497,-0.03546657026635482,-1.3675165977778028,-1.626441964491615,0.9461947547256389,1.5224373581072626,-0.27479497171473843]",False,stationary,False,,16,87,88,18,71,0.15559430360664633,0.999999,True,True,True,0.0013828127980170491,0.012267572549197267,"[""position_tolerance"",""orientation_tolerance""]",position_tolerance+orientation_tolerance,0.999999999999,13612092,False
01b3d371907cb3f346fff18bae595c23d7574141a7c95d86ab1006bcd4e9fabe,panda,task_excess_lbfgsb,1,"[-0.7135192183303034,-0.03546657026635482,-1.3675165977778028,-1.6264419638815943,0.9461947531161993,1.5224373578216726,-0.2747949728818326]",False,optimizer_stop,False,"{""code"":1,""success"":false,""message"":""STOP: TOTAL NO. OF ITERATIONS REACHED LIMIT""}",30,35,36,0,0,0.1555943036067084,0.999999,True,True,True,0.0013828128354107328,0.01226757224133194,"[""position_tolerance"",""orientation_tolerance""]",position_tolerance+orientation_tolerance,0.999999999999,6314665,False
01b3d371907cb3f346fff18bae595c23d7574141a7c95d86ab1006bcd4e9fabe,panda,single_gn_k0,0,"[-0.7134905465921689,-0.03546657026635482,-1.3675165977778028,-1.626463497660127,0.9462252697295794,1.5227174452476717,-0.27479510581254984]",False,stationary,False,,15,100,,17,,,,True,True,True,0.0013530044616016025,0.012513007307313178,"[""position_tolerance"",""orientation_tolerance""]",position_tolerance+orientation_tolerance,0.999999999999,3843997,False
01b3d371907cb3f346fff18bae595c23d7574141a7c95d86ab1006bcd4e9fabe,panda,task_excess_gn,2,"[-0.7135192185514497,-0.03546657026635482,-1.3675165977778028,-1.626441964491615,0.9461947547256389,1.5224373581072626,-0.27479497171473843]",False,stationary,False,,16,87,88,18,71,0.15559430360664633,0.999999,True,True,True,0.0013828127980170491,0.012267572549197267,"[""position_tolerance"",""orientation_tolerance""]",position_tolerance+orientation_tolerance,0.999999999999,13446498,False
01b3d371907cb3f346fff18bae595c23d7574141a7c95d86ab1006bcd4e9fabe,panda,single_gn_k1,0,"[-0.7134899063249106,-0.03546657026635482,-1.3675165977778028,-1.6264631049404072,0.946222713518026,1.5227189742469938,-0.27479394677879354]",False,no_descent,False,,16,118,,18,,,,True,True,True,0.0013528943289840922,0.012513914523861854,"[""position_tolerance"",""orientation_tolerance""]",position_tolerance+orientation_tolerance,0.999999999999,4405661,False
01b3d371907cb3f346fff18bae595c23d7574141a7c95d86ab1006bcd4e9fabe,panda,task_excess_lbfgsb,2,"[-0.7135192183303034,-0.03546657026635482,-1.3675165977778028,-1.6264419638815943,0.9461947531161993,1.5224373578216726,-0.2747949728818326]",False,optimizer_stop,False,"{""code"":1,""success"":false,""message"":""STOP: TOTAL NO. OF ITERATIONS REACHED LIMIT""}",30,35,36,0,0,0.1555943036067084,0.999999,True,True,True,0.0013828128354107328,0.01226757224133194,"[""position_tolerance"",""orientation_tolerance""]",position_tolerance+orientation_tolerance,0.999999999999,6268979,False
01b3d371907cb3f346fff18bae595c23d7574141a7c95d86ab1006bcd4e9fabe,panda,single_gn_k1,2,"[-0.7134899063249106,-0.03546657026635482,-1.3675165977778028,-1.6264631049404072,0.946222713518026,1.5227189742469938,-0.27479394677879354]",False,no_descent,False,,16,118,,18,,,,True,True,True,0.0013528943289840922,0.012513914523861854,"[""position_tolerance"",""orientation_tolerance""]",position_tolerance+orientation_tolerance,0.999999999999,4411853,False
01b3d371907cb3f346fff18bae595c23d7574141a7c95d86ab1006bcd4e9fabe,panda,task_excess_lbfgsb,0,"[-0.7135192183303034,-0.03546657026635482,-1.3675165977778028,-1.6264419638815943,0.9461947531161993,1.5224373578216726,-0.2747949728818326]",False,optimizer_stop,False,"{""code"":1,""success"":false,""message"":""STOP: TOTAL NO. OF ITERATIONS REACHED LIMIT""}",30,35,36,0,0,0.1555943036067084,0.999999,True,True,True,0.0013828128354107328,0.01226757224133194,"[""position_tolerance"",""orientation_tolerance""]",position_tolerance+orientation_tolerance,0.999999999999,6216043,False
01b3d371907cb3f346fff18bae595c23d7574141a7c95d86ab1006bcd4e9fabe,panda,single_gn_k0,1,"[-0.7134905465921689,-0.03546657026635482,-1.3675165977778028,-1.626463497660127,0.9462252697295794,1.5227174452476717,-0.27479510581254984]",False,stationary,False,,15,100,,17,,,,True,True,True,0.0013530044616016025,0.012513007307313178,"[""position_tolerance"",""orientation_tolerance""]",position_tolerance+orientation_tolerance,0.999999999999,3821550,False
01b3d371907cb3f346fff18bae595c23d7574141a7c95d86ab1006bcd4e9fabe,panda,single_gn_k1,1,"[-0.7134899063249106,-0.03546657026635482,-1.3675165977778028,-1.6264631049404072,0.946222713518026,1.5227189742469938,-0.27479394677879354]",False,no_descent,False,,16,118,,18,,,,True,True,True,0.0013528943289840922,0.012513914523861854,"[""position_tolerance"",""orientation_tolerance""]",position_tolerance+orientation_tolerance,0.999999999999,4396223,False
01b3d371907cb3f346fff18bae595c23d7574141a7c95d86ab1006bcd4e9fabe,panda,task_excess_isotropic,2,"[-0.7135191239309577,-0.03546657026635482,-1.3675165977778028,-1.6264420356780473,0.9461948553442936,1.5224382796671976,-0.2747949722384609]",False,iteration_limit,False,,30,89,90,32,59,0.15559431269916493,0.999999,True,True,True,0.001382714762139983,0.012268379690405472,"[""position_tolerance"",""orientation_tolerance""]",position_tolerance+orientation_tolerance,0.999999999999,13412434,False
01b3d371907cb3f346fff18bae595c23d7574141a7c95d86ab1006bcd4e9fabe,panda,single_gn_k0,2,"[-0.7134905465921689,-0.03546657026635482,-1.3675165977778028,-1.626463497660127,0.9462252697295794,1.5227174452476717,-0.27479510581254984]",False,stationary,False,,15,100,,17,,,,True,True,True,0.0013530044616016025,0.012513007307313178,"[""position_tolerance"",""orientation_tolerance""]",position_tolerance+orientation_tolerance,0.999999999999,3764990,False
01b3d371907cb3f346fff18bae595c23d7574141a7c95d86ab1006bcd4e9fabe,panda,task_excess_isotropic,1,"[-0.7135191239309577,-0.03546657026635482,-1.3675165977778028,-1.6264420356780473,0.9461948553442936,1.5224382796671976,-0.2747949722384609]",False,iteration_limit,False,,30,89,90,32,59,0.15559431269916493,0.999999,True,True,True,0.001382714762139983,0.012268379690405472,"[""position_tolerance"",""orientation_tolerance""]",position_tolerance+orientation_tolerance,0.999999999999,13388022,False
01b3d371907cb3f346fff18bae595c23d7574141a7c95d86ab1006bcd4e9fabe,panda,point_loop_control,0,"[-0.713490546632697,-0.03546657026635482,-1.3675165977778028,-1.6264634974653667,0.946225269440169,1.5227174448543868,-0.2747951053873824]",False,stationary,False,,17,96,97,19,79,0.15643496324915296,0.999999,True,True,True,0.0013530044954799436,0.012513007028344425,"[""position_tolerance"",""orientation_tolerance""]",position_tolerance+orientation_tolerance,0.999999999999,13251624,False
01b3d371907cb3f346fff18bae595c23d7574141a7c95d86ab1006bcd4e9fabe,panda,task_excess_isotropic,0,"[-0.7135191239309577,-0.03546657026635482,-1.3675165977778028,-1.6264420356780473,0.9461948553442936,1.5224382796671976,-0.2747949722384609]",False,iteration_limit,False,,30,89,90,32,59,0.15559431269916493,0.999999,True,True,True,0.001382714762139983,0.012268379690405472,"[""position_tolerance"",""orientation_tolerance""]",position_tolerance+orientation_tolerance,0.999999999999,13399192,False
01b3d371907cb3f346fff18bae595c23d7574141a7c95d86ab1006bcd4e9fabe,panda,task_excess_gn,1,"[-0.7135192185514497,-0.03546657026635482,-1.3675165977778028,-1.626441964491615,0.9461947547256389,1.5224373581072626,-0.27479497171473843]",False,stationary,False,,16,87,88,18,71,0.15559430360664633,0.999999,True,True,True,0.0013828127980170491,0.012267572549197267,"[""position_tolerance"",""orientation_tolerance""]",position_tolerance+orientation_tolerance,0.999999999999,13513119,False
01b3d371907cb3f346fff18bae595c23d7574141a7c95d86ab1006bcd4e9fabe,panda,point_loop_control,1,"[-0.713490546632697,-0.03546657026635482,-1.3675165977778028,-1.6264634974653667,0.946225269440169,1.5227174448543868,-0.2747951053873824]",False,stationary,False,,17,96,97,19,79,0.15643496324915296,0.999999,True,True,True,0.0013530044954799436,0.012513007028344425,"[""position_tolerance"",""orientation_tolerance""]",position_tolerance+orientation_tolerance,0.999999999999,13280004,False
01b3d371907cb3f346fff18bae595c23d7574141a7c95d86ab1006bcd4e9fabe,panda,point_loop_control,2,"[-0.713490546632697,-0.03546657026635482,-1.3675165977778028,-1.6264634974653667,0.946225269440169,1.5227174448543868,-0.2747951053873824]",False,stationary,False,,17,96,97,19,79,0.15643496324915296,0.999999,True,True,True,0.0013530044954799436,0.012513007028344425,"[""position_tolerance"",""orientation_tolerance""]",position_tolerance+orientation_tolerance,0.999999999999,13162347,False
051833cbe006de8ff0b74c24491dc92760ae8fa05993116db6211ab7fa33682b,ur5e,single_gn_k0,1,"[-2.081781543171953,1.4367599611749244,0.09518575068795057,1.2052697705968753,0.6600789490530781,2.275703822476913]",False,stationary,False,,15,100,,16,,,,True,True,True,0.0015165967921019197,0.007053610088858627,"[""position_tolerance""]",position_tolerance,0.9999999999990026,3839633,False
051833cbe006de8ff0b74c24491dc92760ae8fa05993116db6211ab7fa33682b,ur5e,task_excess_lbfgsb,0,"[-2.081781543171953,1.4474627109488298,0.0739409085826391,1.2182017321014706,0.6569484025153018,2.273812144464813]",False,optimizer_stop,False,"{""code"":1,""success"":false,""message"":""STOP: TOTAL NO. OF ITERATIONS REACHED LIMIT""}",30,33,34,0,0,0.0698504449634077,0.999999,True,True,True,0.0013280606138583128,0.010289571532868334,"[""position_tolerance"",""orientation_tolerance""]",position_tolerance+orientation_tolerance,0.9999999999990026,5724462,False
051833cbe006de8ff0b74c24491dc92760ae8fa05993116db6211ab7fa33682b,ur5e,point_loop_control,2,"[-2.081781543171953,1.4367599841197802,0.09518570396225846,1.2052697975890747,0.6600789466054239,2.275703821761344]",False,stationary,False,,20,122,123,21,102,0.1334365621787763,0.999999,True,True,True,0.0015165966426171074,0.0070536125365123215,"[""position_tolerance""]",position_tolerance,0.9999999999990026,15711415,False
051833cbe006de8ff0b74c24491dc92760ae8fa05993116db6211ab7fa33682b,ur5e,task_excess_lbfgsb,2,"[-2.081781543171953,1.4474627109488298,0.0739409085826391,1.2182017321014706,0.6569484025153018,2.273812144464813]",False,optimizer_stop,False,"{""code"":1,""success"":false,""message"":""STOP: TOTAL NO. OF ITERATIONS REACHED LIMIT""}",30,33,34,0,0,0.0698504449634077,0.999999,True,True,True,0.0013280606138583128,0.010289571532868334,"[""position_tolerance"",""orientation_tolerance""]",position_tolerance+orientation_tolerance,0.9999999999990026,5660577,False
051833cbe006de8ff0b74c24491dc92760ae8fa05993116db6211ab7fa33682b,ur5e,task_excess_gn,0,"[-2.081781543171953,1.4390132379844072,0.09109633219546509,1.207105915487501,0.6569081994903767,2.275703821764067]",False,stationary,False,,15,78,79,16,63,0.06700461135631275,0.999999,True,True,True,0.0013233465399101506,0.010224359651559572,"[""position_tolerance"",""orientation_tolerance""]",position_tolerance+orientation_tolerance,0.9999999999990026,11485734,False
051833cbe006de8ff0b74c24491dc92760ae8fa05993116db6211ab7fa33682b,ur5e,single_gn_k0,0,"[-2.081781543171953,1.4367599611749244,0.09518575068795057,1.2052697705968753,0.6600789490530781,2.275703822476913]",False,stationary,False,,15,100,,16,,,,True,True,True,0.0015165967921019197,0.007053610088858627,"[""position_tolerance""]",position_tolerance,0.9999999999990026,3731438,False
051833cbe006de8ff0b74c24491dc92760ae8fa05993116db6211ab7fa33682b,ur5e,task_excess_isotropic,0,"[-2.081781557061196,1.4390097939708277,0.09110261434240476,1.2071030702825483,0.6569129097135586,2.275703820750622]",False,iteration_limit,False,,30,107,108,59,77,0.06700494374552471,0.999999,True,True,True,0.0013236327058500853,0.010219662197424451,"[""position_tolerance"",""orientation_tolerance""]",position_tolerance+orientation_tolerance,0.9999997792960928,15740253,False
051833cbe006de8ff0b74c24491dc92760ae8fa05993116db6211ab7fa33682b,ur5e,task_excess_gn,2,"[-2.081781543171953,1.4390132379844072,0.09109633219546509,1.207105915487501,0.6569081994903767,2.275703821764067]",False,stationary,False,,15,78,79,16,63,0.06700461135631275,0.999999,True,True,True,0.0013233465399101506,0.010224359651559572,"[""position_tolerance"",""orientation_tolerance""]",position_tolerance+orientation_tolerance,0.9999999999990026,11474138,False
051833cbe006de8ff0b74c24491dc92760ae8fa05993116db6211ab7fa33682b,ur5e,task_excess_isotropic,1,"[-2.081781557061196,1.4390097939708277,0.09110261434240476,1.2071030702825483,0.6569129097135586,2.275703820750622]",False,iteration_limit,False,,30,107,108,59,77,0.06700494374552471,0.999999,True,True,True,0.0013236327058500853,0.010219662197424451,"[""position_tolerance"",""orientation_tolerance""]",position_tolerance+orientation_tolerance,0.9999997792960928,15565560,False
051833cbe006de8ff0b74c24491dc92760ae8fa05993116db6211ab7fa33682b,ur5e,single_gn_k1,2,"[-2.081781543171953,1.436741441783545,0.09522338435392626,1.2052459263719748,0.6600791477028365,2.2757064529831115]",False,stationary,False,,14,84,,15,,,,True,True,True,0.0015166089548618435,0.0070534121269976,"[""position_tolerance""]",position_tolerance,0.9999999999990026,3276384,False
051833cbe006de8ff0b74c24491dc92760ae8fa05993116db6211ab7fa33682b,ur5e,point_loop_control,1,"[-2.081781543171953,1.4367599841197802,0.09518570396225846,1.2052697975890747,0.6600789466054239,2.275703821761344]",False,stationary,False,,20,122,123,21,102,0.1334365621787763,0.999999,True,True,True,0.0015165966426171074,0.0070536125365123215,"[""position_tolerance""]",position_tolerance,0.9999999999990026,15705431,False
051833cbe006de8ff0b74c24491dc92760ae8fa05993116db6211ab7fa33682b,ur5e,task_excess_isotropic,2,"[-2.081781557061196,1.4390097939708277,0.09110261434240476,1.2071030702825483,0.6569129097135586,2.275703820750622]",False,iteration_limit,False,,30,107,108,59,77,0.06700494374552471,0.999999,True,True,True,0.0013236327058500853,0.010219662197424451,"[""position_tolerance"",""orientation_tolerance""]",position_tolerance+orientation_tolerance,0.9999997792960928,15569958,False
051833cbe006de8ff0b74c24491dc92760ae8fa05993116db6211ab7fa33682b,ur5e,single_gn_k0,2,"[-2.081781543171953,1.4367599611749244,0.09518575068795057,1.2052697705968753,0.6600789490530781,2.275703822476913]",False,stationary,False,,15,100,,16,,,,True,True,True,0.0015165967921019197,0.007053610088858627,"[""position_tolerance""]",position_tolerance,0.9999999999990026,3808191,False
051833cbe006de8ff0b74c24491dc92760ae8fa05993116db6211ab7fa33682b,ur5e,single_gn_k1,0,"[-2.081781543171953,1.436741441783545,0.09522338435392626,1.2052459263719748,0.6600791477028365,2.2757064529831115]",False,stationary,False,,14,84,,15,,,,True,True,True,0.0015166089548618435,0.0070534121269976,"[""position_tolerance""]",position_tolerance,0.9999999999990026,3241077,False
051833cbe006de8ff0b74c24491dc92760ae8fa05993116db6211ab7fa33682b,ur5e,task_excess_gn,1,"[-2.081781543171953,1.4390132379844072,0.09109633219546509,1.207105915487501,0.6569081994903767,2.275703821764067]",False,stationary,False,,15,78,79,16,63,0.06700461135631275,0.999999,True,True,True,0.0013233465399101506,0.010224359651559572,"[""position_tolerance"",""orientation_tolerance""]",position_tolerance+orientation_tolerance,0.9999999999990026,11450080,False
051833cbe006de8ff0b74c24491dc92760ae8fa05993116db6211ab7fa33682b,ur5e,task_excess_lbfgsb,1,"[-2.081781543171953,1.4474627109488298,0.0739409085826391,1.2182017321014706,0.6569484025153018,2.273812144464813]",False,optimizer_stop,False,"{""code"":1,""success"":false,""message"":""STOP: TOTAL NO. OF ITERATIONS REACHED LIMIT""}",30,33,34,0,0,0.0698504449634077,0.999999,True,True,True,0.0013280606138583128,0.010289571532868334,"[""position_tolerance"",""orientation_tolerance""]",position_tolerance+orientation_tolerance,0.9999999999990026,5628772,False
051833cbe006de8ff0b74c24491dc92760ae8fa05993116db6211ab7fa33682b,ur5e,point_loop_control,0,"[-2.081781543171953,1.4367599841197802,0.09518570396225846,1.2052697975890747,0.6600789466054239,2.275703821761344]",False,stationary,False,,20,122,123,21,102,0.1334365621787763,0.999999,True,True,True,0.0015165966426171074,0.0070536125365123215,"[""position_tolerance""]",position_tolerance,0.9999999999990026,15673447,False
051833cbe006de8ff0b74c24491dc92760ae8fa05993116db6211ab7fa33682b,ur5e,single_gn_k1,1,"[-2.081781543171953,1.436741441783545,0.09522338435392626,1.2052459263719748,0.6600791477028365,2.2757064529831115]",False,stationary,False,,14,84,,15,,,,True,True,True,0.0015166089548618435,0.0070534121269976,"[""position_tolerance""]",position_tolerance,0.9999999999990026,3199254,False
09356f4513b62701731efafd2203596a897cfefe0acf13426c5f18d02b61686e,panda,point_loop_control,1,"[-0.39133711508496866,-0.01507169500807465,-1.389043887558399,-1.6125680925840387,0.4810949964210193,2.112028836421933,1.4570653996436747]",False,stationary,False,,9,18,19,11,9,0.05513567027749892,0.999999,True,True,True,0.0013320702883629024,0.008052555146388331,"[""position_tolerance""]",position_tolerance,0.9999999999990005,2865739,False
09356f4513b62701731efafd2203596a897cfefe0acf13426c5f18d02b61686e,panda,task_excess_gn,2,"[-0.39163287849413725,-0.014255721735564289,-1.389043887558399,-1.6126954516442336,0.4810949964210193,2.1136929721263837,1.4571158080369857]",False,stationary,False,,20,111,112,22,91,0.02623982949809696,0.999999,True,True,True,0.001188413621915552,0.009863769744748476,"[""position_tolerance"",""orientation_tolerance""]",position_tolerance+orientation_tolerance,0.9999999999990005,17151523,False
09356f4513b62701731efafd2203596a897cfefe0acf13426c5f18d02b61686e,panda,task_excess_isotropic,2,"[-0.39163613086776927,-0.014246489625037927,-1.389043887558399,-1.6126971006017252,0.4810949964210193,2.113712747422316,1.4571163726114238]",False,iteration_limit,False,,30,116,117,32,86,0.026244164647168347,0.999999,True,True,True,0.001186739357290691,0.009884896209488096,"[""position_tolerance"",""orientation_tolerance""]",position_tolerance+orientation_tolerance,0.9999999999990005,17107968,False
09356f4513b62701731efafd2203596a897cfefe0acf13426c5f18d02b61686e,panda,single_gn_k1,1,"[-0.3913374987409215,-0.015071474495260183,-1.389043887558399,-1.6125676508271156,0.4810949964210193,2.112027065625866,1.4570620592025765]",False,stationary,False,,15,100,,17,,,,True,True,True,0.0013321462502901378,0.008051598942486901,"[""position_tolerance""]",position_tolerance,0.9999999999990005,3823137,False
09356f4513b62701731efafd2203596a897cfefe0acf13426c5f18d02b61686e,panda,point_loop_control,0,"[-0.39133711508496866,-0.01507169500807465,-1.389043887558399,-1.6125680925840387,0.4810949964210193,2.112028836421933,1.4570653996436747]",False,stationary,False,,9,18,19,11,9,0.05513567027749892,0.999999,True,True,True,0.0013320702883629024,0.008052555146388331,"[""position_tolerance""]",position_tolerance,0.9999999999990005,2810758,False
09356f4513b62701731efafd2203596a897cfefe0acf13426c5f18d02b61686e,panda,task_excess_gn,1,"[-0.39163287849413725,-0.014255721735564289,-1.389043887558399,-1.6126954516442336,0.4810949964210193,2.1136929721263837,1.4571158080369857]",False,stationary,False,,20,111,112,22,91,0.02623982949809696,0.999999,True,True,True,0.001188413621915552,0.009863769744748476,"[""position_tolerance"",""orientation_tolerance""]",position_tolerance+orientation_tolerance,0.9999999999990005,17037959,False
09356f4513b62701731efafd2203596a897cfefe0acf13426c5f18d02b61686e,panda,task_excess_isotropic,1,"[-0.39163613086776927,-0.014246489625037927,-1.389043887558399,-1.6126971006017252,0.4810949964210193,2.113712747422316,1.4571163726114238]",False,iteration_limit,False,,30,116,117,32,86,0.026244164647168347,0.999999,True,True,True,0.001186739357290691,0.009884896209488096,"[""position_tolerance"",""orientation_tolerance""]",position_tolerance+orientation_tolerance,0.9999999999990005,16984535,False
09356f4513b62701731efafd2203596a897cfefe0acf13426c5f18d02b61686e,panda,single_gn_k0,1,"[-0.3913371128282916,-0.01507169795691949,-1.389043887558399,-1.612568094796776,0.4810949964210193,2.112028842321825,1.457065399380776]",False,stationary,False,,15,100,,17,,,,True,True,True,0.0013320701764917508,0.00805255655569806,"[""position_tolerance""]",position_tolerance,0.9999999999990005,3823575,False
09356f4513b62701731efafd2203596a897cfefe0acf13426c5f18d02b61686e,panda,task_excess_lbfgsb,2,"[-0.3919254435539921,-0.013881331088324206,-1.389043887558399,-1.6124066931673224,0.4810949964210193,2.113151299735522,1.4561123670044063]",False,optimizer_stop,False,"{""code"":1,""success"":false,""message"":""STOP: TOTAL NO. OF ITERATIONS REACHED LIMIT""}",30,37,38,0,0,0.027407183267065025,0.999999,True,True,True,0.0011882327357673771,0.00994156808477508,"[""position_tolerance"",""orientation_tolerance""]",position_tolerance+orientation_tolerance,0.9999999999990005,6645113,False
09356f4513b62701731efafd2203596a897cfefe0acf13426c5f18d02b61686e,panda,point_loop_control,2,"[-0.39133711508496866,-0.01507169500807465,-1.389043887558399,-1.6125680925840387,0.4810949964210193,2.112028836421933,1.4570653996436747]",False,stationary,False,,9,18,19,11,9,0.05513567027749892,0.999999,True,True,True,0.0013320702883629024,0.008052555146388331,"[""position_tolerance""]",position_tolerance,0.9999999999990005,2821774,False
09356f4513b62701731efafd2203596a897cfefe0acf13426c5f18d02b61686e,panda,task_excess_lbfgsb,1,"[-0.3919254435539921,-0.013881331088324206,-1.389043887558399,-1.6124066931673224,0.4810949964210193,2.113151299735522,1.4561123670044063]",False,optimizer_stop,False,"{""code"":1,""success"":false,""message"":""STOP: TOTAL NO. OF ITERATIONS REACHED LIMIT""}",30,37,38,0,0,0.027407183267065025,0.999999,True,True,True,0.0011882327357673771,0.00994156808477508,"[""position_tolerance"",""orientation_tolerance""]",position_tolerance+orientation_tolerance,0.9999999999990005,6479943,False
09356f4513b62701731efafd2203596a897cfefe0acf13426c5f18d02b61686e,panda,single_gn_k1,0,"[-0.3913374987409215,-0.015071474495260183,-1.389043887558399,-1.6125676508271156,0.4810949964210193,2.112027065625866,1.4570620592025765]",False,stationary,False,,15,100,,17,,,,True,True,True,0.0013321462502901378,0.008051598942486901,"[""position_tolerance""]",position_tolerance,0.9999999999990005,3847382,False
09356f4513b62701731efafd2203596a897cfefe0acf13426c5f18d02b61686e,panda,task_excess_gn,0,"[-0.39163287849413725,-0.014255721735564289,-1.389043887558399,-1.6126954516442336,0.4810949964210193,2.1136929721263837,1.4571158080369857]",False,stationary,False,,20,111,112,22,91,0.02623982949809696,0.999999,True,True,True,0.001188413621915552,0.009863769744748476,"[""position_tolerance"",""orientation_tolerance""]",position_tolerance+orientation_tolerance,0.9999999999990005,16928193,False
09356f4513b62701731efafd2203596a897cfefe0acf13426c5f18d02b61686e,panda,task_excess_lbfgsb,0,"[-0.3919254435539921,-0.013881331088324206,-1.389043887558399,-1.6124066931673224,0.4810949964210193,2.113151299735522,1.4561123670044063]",False,optimizer_stop,False,"{""code"":1,""success"":false,""message"":""STOP: TOTAL NO. OF ITERATIONS REACHED LIMIT""}",30,37,38,0,0,0.027407183267065025,0.999999,True,True,True,0.0011882327357673771,0.00994156808477508,"[""position_tolerance"",""orientation_tolerance""]",position_tolerance+orientation_tolerance,0.9999999999990005,6549194,False
09356f4513b62701731efafd2203596a897cfefe0acf13426c5f18d02b61686e,panda,single_gn_k0,2,"[-0.3913371128282916,-0.01507169795691949,-1.389043887558399,-1.612568094796776,0.4810949964210193,2.112028842321825,1.457065399380776]",False,stationary,False,,15,100,,17,,,,True,True,True,0.0013320701764917508,0.00805255655569806,"[""position_tolerance""]",position_tolerance,0.9999999999990005,3800044,False
09356f4513b62701731efafd2203596a897cfefe0acf13426c5f18d02b61686e,panda,single_gn_k1,2,"[-0.3913374987409215,-0.015071474495260183,-1.389043887558399,-1.6125676508271156,0.4810949964210193,2.112027065625866,1.4570620592025765]",False,stationary,False,,15,100,,17,,,,True,True,True,0.0013321462502901378,0.008051598942486901,"[""position_tolerance""]",position_tolerance,0.9999999999990005,3820876,False
09356f4513b62701731efafd2203596a897cfefe0acf13426c5f18d02b61686e,panda,single_gn_k0,0,"[-0.3913371128282916,-0.01507169795691949,-1.389043887558399,-1.612568094796776,0.4810949964210193,2.112028842321825,1.457065399380776]",False,stationary,False,,15,100,,17,,,,True,True,True,0.0013320701764917508,0.00805255655569806,"[""position_tolerance""]",position_tolerance,0.9999999999990005,3767713,False
09356f4513b62701731efafd2203596a897cfefe0acf13426c5f18d02b61686e,panda,task_excess_isotropic,0,"[-0.39163613086776927,-0.014246489625037927,-1.389043887558399,-1.6126971006017252,0.4810949964210193,2.113712747422316,1.4571163726114238]",False,iteration_limit,False,,30,116,117,32,86,0.026244164647168347,0.999999,True,True,True,0.001186739357290691,0.009884896209488096,"[""position_tolerance"",""orientation_tolerance""]",position_tolerance+orientation_tolerance,0.9999999999990005,17078748,False
0d2f0b8c4906d449cde87c2f3b3eb6368cf63ec256a2ba134f1429a0a8661022,panda,task_excess_lbfgsb,0,"[-0.14248741704464185,-0.005277235490344718,0.964653722402697,-1.87323377600594,-0.9247272493814248,2.1224809373401743,2.897299999999]",True,task_admissible,True,,0,18,19,0,0,1.0746396365196653e-17,0.999999,True,True,True,0.0009754999639227291,0.008726637573810751,[],accepted,0.17011296011826335,3373855,True
0d2f0b8c4906d449cde87c2f3b3eb6368cf63ec256a2ba134f1429a0a8661022,panda,point_loop_control,2,"[-0.10388867990990966,0.00045546083433329053,0.929298781091272,-1.8682782155085282,-0.9278733235693197,2.1142718975411525,2.897299999999]",False,stationary,False,,10,19,20,11,9,0.00041898583643797056,0.999999,True,True,True,0.0002762352994064635,0.008979254223641358,"[""orientation_tolerance""]",orientation_tolerance,0.9999999999989999,2970400,False
0d2f0b8c4906d449cde87c2f3b3eb6368cf63ec256a2ba134f1429a0a8661022,panda,task_excess_isotropic,0,"[-0.14018038208990707,1.852418019980583e-05,0.9648699077577555,-1.8678661890061665,-0.9276517595310586,2.1145624261577045,2.897299999999]",True,task_admissible,True,,2,7,8,2,5,0.0,0.999999,True,True,True,0.0007482759654923591,0.00798630460027972,[],accepted,0.32151852766070654,1186032,True
0d2f0b8c4906d449cde87c2f3b3eb6368cf63ec256a2ba134f1429a0a8661022,panda,single_gn_k0,2,"[-0.10388867990990966,0.000455460024174559,0.9292987808730607,-1.8682782153872093,-0.9278733149167638,2.1142718967542646,2.897299999999]",False,stationary,False,,18,113,,19,,,,True,True,True,0.0002762353792739779,0.00897925403653239,"[""orientation_tolerance""]",orientation_tolerance,0.9999999999989999,4335328,False
0d2f0b8c4906d449cde87c2f3b3eb6368cf63ec256a2ba134f1429a0a8661022,panda,task_excess_lbfgsb,1,"[-0.14248741704464185,-0.005277235490344718,0.964653722402697,-1.87323377600594,-0.9247272493814248,2.1224809373401743,2.897299999999]",True,task_admissible,True,,0,18,19,0,0,1.0746396365196653e-17,0.999999,True,True,True,0.0009754999639227291,0.008726637573810751,[],accepted,0.17011296011826335,3280304,True
0d2f0b8c4906d449cde87c2f3b3eb6368cf63ec256a2ba134f1429a0a8661022,panda,single_gn_k1,0,"[-0.10388867990990966,0.0004563172540624515,0.9292994917095135,-1.8682768987146507,-0.9278714208132537,2.1142688057016854,2.897299999999]",False,stationary,False,,17,104,,18,,,,True,True,True,0.0002762757422738788,0.008979160018351265,"[""orientation_tolerance""]",orientation_tolerance,0.9999999999989999,4091871,False
0d2f0b8c4906d449cde87c2f3b3eb6368cf63ec256a2ba134f1429a0a8661022,panda,task_excess_gn,2,"[-0.14153104584345927,-0.0014544488539484021,0.9644133348152495,-1.8699225145118379,-0.923631722313803,2.1170579763193844,2.897299999999]",True,task_admissible,True,,5,10,11,5,5,3.373708016335161e-15,0.999999,True,True,True,0.0009999990117658267,0.008726638242792047,[],accepted,0.2738024633838441,1816941,True
0d2f0b8c4906d449cde87c2f3b3eb6368cf63ec256a2ba134f1429a0a8661022,panda,point_loop_control,1,"[-0.10388867990990966,0.00045546083433329053,0.929298781091272,-1.8682782155085282,-0.9278733235693197,2.1142718975411525,2.897299999999]",False,stationary,False,,10,19,20,11,9,0.00041898583643797056,0.999999,True,True,True,0.0002762352994064635,0.008979254223641358,"[""orientation_tolerance""]",orientation_tolerance,0.9999999999989999,2954633,False
0d2f0b8c4906d449cde87c2f3b3eb6368cf63ec256a2ba134f1429a0a8661022,panda,single_gn_k0,1,"[-0.10388867990990966,0.000455460024174559,0.9292987808730607,-1.8682782153872093,-0.9278733149167638,2.1142718967542646,2.897299999999]",False,stationary,False,,18,113,,19,,,,True,True,True,0.0002762353792739779,0.00897925403653239,"[""orientation_tolerance""]",orientation_tolerance,0.9999999999989999,4262329,False
0d2f0b8c4906d449cde87c2f3b3eb6368cf63ec256a2ba134f1429a0a8661022,panda,task_excess_lbfgsb,2,"[-0.14248741704464185,-0.005277235490344718,0.964653722402697,-1.87323377600594,-0.9247272493814248,2.1224809373401743,2.897299999999]",True,task_admissible,True,,0,18,19,0,0,1.0746396365196653e-17,0.999999,True,True,True,0.0009754999639227291,0.008726637573810751,[],accepted,0.17011296011826335,3323799,True
0d2f0b8c4906d449cde87c2f3b3eb6368cf63ec256a2ba134f1429a0a8661022,panda,single_gn_k0,0,"[-0.10388867990990966,0.000455460024174559,0.9292987808730607,-1.8682782153872093,-0.9278733149167638,2.1142718967542646,2.897299999999]",False,stationary,False,,18,113,,19,,,,True,True,True,0.0002762353792739779,0.00897925403653239,"[""orientation_tolerance""]",orientation_tolerance,0.9999999999989999,4300019,False
0d2f0b8c4906d449cde87c2f3b3eb6368cf63ec256a2ba134f1429a0a8661022,panda,task_excess_isotropic,1,"[-0.14018038208990707,1.852418019980583e-05,0.9648699077577555,-1.8678661890061665,-0.9276517595310586,2.1145624261577045,2.897299999999]",True,task_admissible,True,,2,7,8,2,5,0.0,0.999999,True,True,True,0.0007482759654923591,0.00798630460027972,[],accepted,0.32151852766070654,1204409,True
0d2f0b8c4906d449cde87c2f3b3eb6368cf63ec256a2ba134f1429a0a8661022,panda,single_gn_k1,1,"[-0.10388867990990966,0.0004563172540624515,0.9292994917095135,-1.8682768987146507,-0.9278714208132537,2.1142688057016854,2.897299999999]",False,stationary,False,,17,104,,18,,,,True,True,True,0.0002762757422738788,0.008979160018351265,"[""orientation_tolerance""]",orientation_tolerance,0.9999999999989999,3951971,False
0d2f0b8c4906d449cde87c2f3b3eb6368cf63ec256a2ba134f1429a0a8661022,panda,task_excess_gn,1,"[-0.14153104584345927,-0.0014544488539484021,0.9644133348152495,-1.8699225145118379,-0.923631722313803,2.1170579763193844,2.897299999999]",True,task_admissible,True,,5,10,11,5,5,3.373708016335161e-15,0.999999,True,True,True,0.0009999990117658267,0.008726638242792047,[],accepted,0.2738024633838441,1819414,True
0d2f0b8c4906d449cde87c2f3b3eb6368cf63ec256a2ba134f1429a0a8661022,panda,point_loop_control,0,"[-0.10388867990990966,0.00045546083433329053,0.929298781091272,-1.8682782155085282,-0.9278733235693197,2.1142718975411525,2.897299999999]",False,stationary,False,,10,19,20,11,9,0.00041898583643797056,0.999999,True,True,True,0.0002762352994064635,0.008979254223641358,"[""orientation_tolerance""]",orientation_tolerance,0.9999999999989999,2939328,False
0d2f0b8c4906d449cde87c2f3b3eb6368cf63ec256a2ba134f1429a0a8661022,panda,task_excess_gn,0,"[-0.14153104584345927,-0.0014544488539484021,0.9644133348152495,-1.8699225145118379,-0.923631722313803,2.1170579763193844,2.897299999999]",True,task_admissible,True,,5,10,11,5,5,3.373708016335161e-15,0.999999,True,True,True,0.0009999990117658267,0.008726638242792047,[],accepted,0.2738024633838441,1783726,True
0d2f0b8c4906d449cde87c2f3b3eb6368cf63ec256a2ba134f1429a0a8661022,panda,task_excess_isotropic,2,"[-0.14018038208990707,1.852418019980583e-05,0.9648699077577555,-1.8678661890061665,-0.9276517595310586,2.1145624261577045,2.897299999999]",True,task_admissible,True,,2,7,8,2,5,0.0,0.999999,True,True,True,0.0007482759654923591,0.00798630460027972,[],accepted,0.32151852766070654,1233568,True
0d2f0b8c4906d449cde87c2f3b3eb6368cf63ec256a2ba134f1429a0a8661022,panda,single_gn_k1,2,"[-0.10388867990990966,0.0004563172540624515,0.9292994917095135,-1.8682768987146507,-0.9278714208132537,2.1142688057016854,2.897299999999]",False,stationary,False,,17,104,,18,,,,True,True,True,0.0002762757422738788,0.008979160018351265,"[""orientation_tolerance""]",orientation_tolerance,0.9999999999989999,3980665,False
0fadcee75ebee19eeaf8f75e6cb4051343a5b42ad78fcbf01575d902138cfeb5,panda,single_gn_k0,1,"[-0.7297145869193479,-0.029242335090631587,-1.356124911599691,-1.6249338696790239,0.9519286949264163,1.5172355261615065,-0.2771954974722054]",False,stationary,False,,15,100,,17,,,,True,True,True,0.0012593730466012427,0.011655136611121159,"[""position_tolerance"",""orientation_tolerance""]",position_tolerance+orientation_tolerance,0.999999999999,3848324,False
0fadcee75ebee19eeaf8f75e6cb4051343a5b42ad78fcbf01575d902138cfeb5,panda,single_gn_k1,1,"[-0.7297139334405428,-0.029242335090631587,-1.356124911599691,-1.6249334952438594,0.9519261540288794,1.5172371252943078,-0.2771943551206794]",False,stationary,False,,15,100,,17,,,,True,True,True,0.0012592579414993734,0.01165608414447698,"[""position_tolerance"",""orientation_tolerance""]",position_tolerance+orientation_tolerance,0.999999999999,3794691,False
0fadcee75ebee19eeaf8f75e6cb4051343a5b42ad78fcbf01575d902138cfeb5,panda,task_excess_lbfgsb,1,"[-0.7298598547209061,-0.029242335090631587,-1.356018827434753,-1.6249638845327061,0.9519553858381328,1.5170030676611126,-0.2769478997680974]",False,optimizer_stop,False,"{""code"":1,""success"":false,""message"":""STOP: TOTAL NO. OF ITERATIONS REACHED LIMIT""}",30,42,43,0,0,0.08953328953003363,0.999999,True,True,True,0.0012859618409300022,0.011448621508032348,"[""position_tolerance"",""orientation_tolerance""]",position_tolerance+orientation_tolerance,0.999999999999,7331514,False
0fadcee75ebee19eeaf8f75e6cb4051343a5b42ad78fcbf01575d902138cfeb5,panda,task_excess_isotropic,1,"[-0.7297436172760182,-0.029242335090631587,-1.356124911599691,-1.6249121035748795,0.9518971354270112,1.5169523234676972,-0.27719552916445916]",False,deadline,False,,27,138,139,29,111,0.08908383029938642,0.999999,True,True,True,0.0012895539005826266,0.01140680669915541,"[""position_tolerance"",""orientation_tolerance""]",position_tolerance+orientation_tolerance,0.999999999999,20148768,False
0fadcee75ebee19eeaf8f75e6cb4051343a5b42ad78fcbf01575d902138cfeb5,panda,single_gn_k0,2,"[-0.7297145869193479,-0.029242335090631587,-1.356124911599691,-1.6249338696790239,0.9519286949264163,1.5172355261615065,-0.2771954974722054]",False,stationary,False,,15,100,,17,,,,True,True,True,0.0012593730466012427,0.011655136611121159,"[""position_tolerance"",""orientation_tolerance""]",position_tolerance+orientation_tolerance,0.999999999999,3790298,False
0fadcee75ebee19eeaf8f75e6cb4051343a5b42ad78fcbf01575d902138cfeb5,panda,task_excess_isotropic,0,"[-0.7297436172760182,-0.029242335090631587,-1.356124911599691,-1.6249121035748795,0.9518971354270112,1.5169523234676972,-0.27719552916445916]",False,deadline,False,,27,138,139,29,111,0.08908383029938642,0.999999,True,True,True,0.0012895539005826266,0.01140680669915541,"[""position_tolerance"",""orientation_tolerance""]",position_tolerance+orientation_tolerance,0.999999999999,20224716,False
0fadcee75ebee19eeaf8f75e6cb4051343a5b42ad78fcbf01575d902138cfeb5,panda,point_loop_control,1,"[-0.7297145869498963,-0.029242335090631587,-1.356124911599691,-1.624933869522936,0.9519286946932008,1.5172355258563428,-0.27719549712667957]",False,stationary,False,,14,83,84,16,69,0.0899448425627831,0.999999,True,True,True,0.00125937307294497,0.011655136394345731,"[""position_tolerance"",""orientation_tolerance""]",position_tolerance+orientation_tolerance,0.999999999999,11386216,False
0fadcee75ebee19eeaf8f75e6cb4051343a5b42ad78fcbf01575d902138cfeb5,panda,single_gn_k1,0,"[-0.7297139334405428,-0.029242335090631587,-1.356124911599691,-1.6249334952438594,0.9519261540288794,1.5172371252943078,-0.2771943551206794]",False,stationary,False,,15,100,,17,,,,True,True,True,0.0012592579414993734,0.01165608414447698,"[""position_tolerance"",""orientation_tolerance""]",position_tolerance+orientation_tolerance,0.999999999999,3797028,False
0fadcee75ebee19eeaf8f75e6cb4051343a5b42ad78fcbf01575d902138cfeb5,panda,task_excess_isotropic,2,"[-0.7297436172760182,-0.029242335090631587,-1.356124911599691,-1.6249121035748795,0.9518971354270112,1.5169523234676972,-0.27719552916445916]",False,deadline,False,,27,138,139,29,111,0.08908383029938642,0.999999,True,True,True,0.0012895539005826266,0.01140680669915541,"[""position_tolerance"",""orientation_tolerance""]",position_tolerance+orientation_tolerance,0.999999999999,20131953,False
0fadcee75ebee19eeaf8f75e6cb4051343a5b42ad78fcbf01575d902138cfeb5,panda,point_loop_control,2,"[-0.7297145869498963,-0.029242335090631587,-1.356124911599691,-1.624933869522936,0.9519286946932008,1.5172355258563428,-0.27719549712667957]",False,stationary,False,,14,83,84,16,69,0.0899448425627831,0.999999,True,True,True,0.00125937307294497,0.011655136394345731,"[""position_tolerance"",""orientation_tolerance""]",position_tolerance+orientation_tolerance,0.999999999999,11311748,False
0fadcee75ebee19eeaf8f75e6cb4051343a5b42ad78fcbf01575d902138cfeb5,panda,task_excess_gn,0,"[-0.7297436172015469,-0.029242335090631587,-1.356124911599691,-1.6249121036304806,0.9518971355058893,1.5169523241767193,-0.27719552916366386]",False,stationary,False,,17,79,80,19,62,0.08908383029937607,0.999999,True,True,True,0.0012895538252764825,0.01140680731872994,"[""position_tolerance"",""orientation_tolerance""]",position_tolerance+orientation_tolerance,0.999999999999,12197963,False
0fadcee75ebee19eeaf8f75e6cb4051343a5b42ad78fcbf01575d902138cfeb5,panda,single_gn_k1,2,"[-0.7297139334405428,-0.029242335090631587,-1.356124911599691,-1.6249334952438594,0.9519261540288794,1.5172371252943078,-0.2771943551206794]",False,stationary,False,,15,100,,17,,,,True,True,True,0.0012592579414993734,0.01165608414447698,"[""position_tolerance"",""orientation_tolerance""]",position_tolerance+orientation_tolerance,0.999999999999,3813644,False
0fadcee75ebee19eeaf8f75e6cb4051343a5b42ad78fcbf01575d902138cfeb5,panda,point_loop_control,0,"[-0.7297145869498963,-0.029242335090631587,-1.356124911599691,-1.624933869522936,0.9519286946932008,1.5172355258563428,-0.27719549712667957]",False,stationary,False,,14,83,84,16,69,0.0899448425627831,0.999999,True,True,True,0.00125937307294497,0.011655136394345731,"[""position_tolerance"",""orientation_tolerance""]",position_tolerance+orientation_tolerance,0.999999999999,11380605,False
0fadcee75ebee19eeaf8f75e6cb4051343a5b42ad78fcbf01575d902138cfeb5,panda,task_excess_lbfgsb,0,"[-0.7298598547209061,-0.029242335090631587,-1.356018827434753,-1.6249638845327061,0.9519553858381328,1.5170030676611126,-0.2769478997680974]",False,optimizer_stop,False,"{""code"":1,""success"":false,""message"":""STOP: TOTAL NO. OF ITERATIONS REACHED LIMIT""}",30,42,43,0,0,0.08953328953003363,0.999999,True,True,True,0.0012859618409300022,0.011448621508032348,"[""position_tolerance"",""orientation_tolerance""]",position_tolerance+orientation_tolerance,0.999999999999,7397136,False
0fadcee75ebee19eeaf8f75e6cb4051343a5b42ad78fcbf01575d902138cfeb5,panda,single_gn_k0,0,"[-0.7297145869193479,-0.029242335090631587,-1.356124911599691,-1.6249338696790239,0.9519286949264163,1.5172355261615065,-0.2771954974722054]",False,stationary,False,,15,100,,17,,,,True,True,True,0.0012593730466012427,0.011655136611121159,"[""position_tolerance"",""orientation_tolerance""]",position_tolerance+orientation_tolerance,0.999999999999,3865580,False
0fadcee75ebee19eeaf8f75e6cb4051343a5b42ad78fcbf01575d902138cfeb5,panda,task_excess_lbfgsb,2,"[-0.7298598547209061,-0.029242335090631587,-1.356018827434753,-1.6249638845327061,0.9519553858381328,1.5170030676611126,-0.2769478997680974]",False,optimizer_stop,False,"{""code"":1,""success"":false,""message"":""STOP: TOTAL NO. OF ITERATIONS REACHED LIMIT""}",30,42,43,0,0,0.08953328953003363,0.999999,True,True,True,0.0012859618409300022,0.011448621508032348,"[""position_tolerance"",""orientation_tolerance""]",position_tolerance+orientation_tolerance,0.999999999999,7376387,False
0fadcee75ebee19eeaf8f75e6cb4051343a5b42ad78fcbf01575d902138cfeb5,panda,task_excess_gn,1,"[-0.7297436172015469,-0.029242335090631587,-1.356124911599691,-1.6249121036304806,0.9518971355058893,1.5169523241767193,-0.27719552916366386]",False,stationary,False,,17,79,80,19,62,0.08908383029937607,0.999999,True,True,True,0.0012895538252764825,0.01140680731872994,"[""position_tolerance"",""orientation_tolerance""]",position_tolerance+orientation_tolerance,0.999999999999,12166850,False
0fadcee75ebee19eeaf8f75e6cb4051343a5b42ad78fcbf01575d902138cfeb5,panda,task_excess_gn,2,"[-0.7297436172015469,-0.029242335090631587,-1.356124911599691,-1.6249121036304806,0.9518971355058893,1.5169523241767193,-0.27719552916366386]",False,stationary,False,,17,79,80,19,62,0.08908383029937607,0.999999,True,True,True,0.0012895538252764825,0.01140680731872994,"[""position_tolerance"",""orientation_tolerance""]",position_tolerance+orientation_tolerance,0.999999999999,12145890,False
10fa3fce33e1e01e44e4352b9ece7fac8d666b9b0ae0006cd95a27e4ae80f955,panda,task_excess_lbfgsb,1,"[-0.7135192183288571,-0.03546657026702523,-1.3675165977787287,-1.6264419638817607,0.9461947531155791,1.5224373578222645,-0.27479497288156984]",False,optimizer_stop,False,"{""code"":1,""success"":false,""message"":""STOP: TOTAL NO. OF ITERATIONS REACHED LIMIT""}",30,35,36,0,0,0.15559430361502588,0.999999,True,True,True,0.0013828128354210973,0.01226757224142549,"[""position_tolerance"",""orientation_tolerance""]",position_tolerance+orientation_tolerance,0.999999999999,6294052,False
10fa3fce33e1e01e44e4352b9ece7fac8d666b9b0ae0006cd95a27e4ae80f955,panda,point_loop_control,1,"[-0.7134905465910397,-0.03546657026702523,-1.3675165977787287,-1.6264634976587697,0.9462252697266981,1.5227174452451877,-0.274795105808964]",False,stationary,False,,16,108,109,18,92,0.1564349651534605,0.999999,True,True,True,0.0013530044618767147,0.012513007305225398,"[""position_tolerance"",""orientation_tolerance""]",position_tolerance+orientation_tolerance,0.999999999999,14710185,False
10fa3fce33e1e01e44e4352b9ece7fac8d666b9b0ae0006cd95a27e4ae80f955,panda,single_gn_k0,0,"[-0.7134905465907232,-0.03546657026702523,-1.3675165977787287,-1.626463497660294,0.9462252697289653,1.5227174452482637,-0.27479510581229055]",False,stationary,False,,15,100,,17,,,,True,True,True,0.0013530044616117942,0.012513007307407398,"[""position_tolerance"",""orientation_tolerance""]",position_tolerance+orientation_tolerance,0.999999999999,3854985,False
10fa3fce33e1e01e44e4352b9ece7fac8d666b9b0ae0006cd95a27e4ae80f955,panda,task_excess_isotropic,2,"[-0.7135191239295124,-0.03546657026702523,-1.3675165977787287,-1.626442035678214,0.9461948553436794,1.5224382796677867,-0.2747949722382018]",False,iteration_limit,False,,30,89,90,32,59,0.1555943127075099,0.999999,True,True,True,0.0013827147621506197,0.012268379690497374,"[""position_tolerance"",""orientation_tolerance""]",position_tolerance+orientation_tolerance,0.999999999999,13349842,False
10fa3fce33e1e01e44e4352b9ece7fac8d666b9b0ae0006cd95a27e4ae80f955,panda,task_excess_gn,2,"[-0.7135192185492626,-0.03546657026702523,-1.3675165977787287,-1.6264419644915238,0.9461947547246864,1.5224373581086794,-0.2747949717103946]",False,stationary,False,,17,89,90,19,72,0.1555943036149734,0.999999,True,True,True,0.0013828127979897346,0.012267572549601237,"[""position_tolerance"",""orientation_tolerance""]",position_tolerance+orientation_tolerance,0.999999999999,13607520,False
10fa3fce33e1e01e44e4352b9ece7fac8d666b9b0ae0006cd95a27e4ae80f955,panda,task_excess_isotropic,1,"[-0.7135191239295124,-0.03546657026702523,-1.3675165977787287,-1.626442035678214,0.9461948553436794,1.5224382796677867,-0.2747949722382018]",False,iteration_limit,False,,30,89,90,32,59,0.1555943127075099,0.999999,True,True,True,0.0013827147621506197,0.012268379690497374,"[""position_tolerance"",""orientation_tolerance""]",position_tolerance+orientation_tolerance,0.999999999999,13326710,False
10fa3fce33e1e01e44e4352b9ece7fac8d666b9b0ae0006cd95a27e4ae80f955,panda,task_excess_isotropic,0,"[-0.7135191239295124,-0.03546657026702523,-1.3675165977787287,-1.626442035678214,0.9461948553436794,1.5224382796677867,-0.2747949722382018]",False,iteration_limit,False,,30,89,90,32,59,0.1555943127075099,0.999999,True,True,True,0.0013827147621506197,0.012268379690497374,"[""position_tolerance"",""orientation_tolerance""]",position_tolerance+orientation_tolerance,0.999999999999,13270650,False
10fa3fce33e1e01e44e4352b9ece7fac8d666b9b0ae0006cd95a27e4ae80f955,panda,single_gn_k1,0,"[-0.713489906323465,-0.03546657026702523,-1.3675165977787287,-1.6264631049405742,0.946222713517412,1.5227189742475855,-0.27479394677853447]",False,no_descent,False,,16,118,,18,,,,True,True,True,0.0013528943289943902,0.012513914523955979,"[""position_tolerance"",""orientation_tolerance""]",position_tolerance+orientation_tolerance,0.999999999999,4426614,False
10fa3fce33e1e01e44e4352b9ece7fac8d666b9b0ae0006cd95a27e4ae80f955,panda,single_gn_k0,1,"[-0.7134905465907232,-0.03546657026702523,-1.3675165977787287,-1.626463497660294,0.9462252697289653,1.5227174452482637,-0.27479510581229055]",False,stationary,False,,15,100,,17,,,,True,True,True,0.0013530044616117942,0.012513007307407398,"[""position_tolerance"",""orientation_tolerance""]",position_tolerance+orientation_tolerance,0.999999999999,3834725,False
10fa3fce33e1e01e44e4352b9ece7fac8d666b9b0ae0006cd95a27e4ae80f955,panda,task_excess_lbfgsb,2,"[-0.7135192183288571,-0.03546657026702523,-1.3675165977787287,-1.6264419638817607,0.9461947531155791,1.5224373578222645,-0.27479497288156984]",False,optimizer_stop,False,"{""code"":1,""success"":false,""message"":""STOP: TOTAL NO. OF ITERATIONS REACHED LIMIT""}",30,35,36,0,0,0.15559430361502588,0.999999,True,True,True,0.0013828128354210973,0.01226757224142549,"[""position_tolerance"",""orientation_tolerance""]",position_tolerance+orientation_tolerance,0.999999999999,6247033,False
10fa3fce33e1e01e44e4352b9ece7fac8d666b9b0ae0006cd95a27e4ae80f955,panda,point_loop_control,0,"[-0.7134905465910397,-0.03546657026702523,-1.3675165977787287,-1.6264634976587697,0.9462252697266981,1.5227174452451877,-0.274795105808964]",False,stationary,False,,16,108,109,18,92,0.1564349651534605,0.999999,True,True,True,0.0013530044618767147,0.012513007305225398,"[""position_tolerance"",""orientation_tolerance""]",position_tolerance+orientation_tolerance,0.999999999999,14739618,False
10fa3fce33e1e01e44e4352b9ece7fac8d666b9b0ae0006cd95a27e4ae80f955,panda,single_gn_k1,1,"[-0.713489906323465,-0.03546657026702523,-1.3675165977787287,-1.6264631049405742,0.946222713517412,1.5227189742475855,-0.27479394677853447]",False,no_descent,False,,16,118,,18,,,,True,True,True,0.0013528943289943902,0.012513914523955979,"[""position_tolerance"",""orientation_tolerance""]",position_tolerance+orientation_tolerance,0.999999999999,4426084,False
10fa3fce33e1e01e44e4352b9ece7fac8d666b9b0ae0006cd95a27e4ae80f955,panda,single_gn_k0,2,"[-0.7134905465907232,-0.03546657026702523,-1.3675165977787287,-1.626463497660294,0.9462252697289653,1.5227174452482637,-0.27479510581229055]",False,stationary,False,,15,100,,17,,,,True,True,True,0.0013530044616117942,0.012513007307407398,"[""position_tolerance"",""orientation_tolerance""]",position_tolerance+orientation_tolerance,0.999999999999,3804704,False
10fa3fce33e1e01e44e4352b9ece7fac8d666b9b0ae0006cd95a27e4ae80f955,panda,task_excess_gn,0,"[-0.7135192185492626,-0.03546657026702523,-1.3675165977787287,-1.6264419644915238,0.9461947547246864,1.5224373581086794,-0.2747949717103946]",False,stationary,False,,17,89,90,19,72,0.1555943036149734,0.999999,True,True,True,0.0013828127979897346,0.012267572549601237,"[""position_tolerance"",""orientation_tolerance""]",position_tolerance+orientation_tolerance,0.999999999999,13660038,False
10fa3fce33e1e01e44e4352b9ece7fac8d666b9b0ae0006cd95a27e4ae80f955,panda,single_gn_k1,2,"[-0.713489906323465,-0.03546657026702523,-1.3675165977787287,-1.6264631049405742,0.946222713517412,1.5227189742475855,-0.27479394677853447]",False,no_descent,False,,16,118,,18,,,,True,True,True,0.0013528943289943902,0.012513914523955979,"[""position_tolerance"",""orientation_tolerance""]",position_tolerance+orientation_tolerance,0.999999999999,4351341,False
10fa3fce33e1e01e44e4352b9ece7fac8d666b9b0ae0006cd95a27e4ae80f955,panda,point_loop_control,2,"[-0.7134905465910397,-0.03546657026702523,-1.3675165977787287,-1.6264634976587697,0.9462252697266981,1.5227174452451877,-0.274795105808964]",False,stationary,False,,16,108,109,18,92,0.1564349651534605,0.999999,True,True,True,0.0013530044618767147,0.012513007305225398,"[""position_tolerance"",""orientation_tolerance""]",position_tolerance+orientation_tolerance,0.999999999999,14673066,False
10fa3fce33e1e01e44e4352b9ece7fac8d666b9b0ae0006cd95a27e4ae80f955,panda,task_excess_gn,1,"[-0.7135192185492626,-0.03546657026702523,-1.3675165977787287,-1.6264419644915238,0.9461947547246864,1.5224373581086794,-0.2747949717103946]",False,stationary,False,,17,89,90,19,72,0.1555943036149734,0.999999,True,True,True,0.0013828127979897346,0.012267572549601237,"[""position_tolerance"",""orientation_tolerance""]",position_tolerance+orientation_tolerance,0.999999999999,13605639,False
10fa3fce33e1e01e44e4352b9ece7fac8d666b9b0ae0006cd95a27e4ae80f955,panda,task_excess_lbfgsb,0,"[-0.7135192183288571,-0.03546657026702523,-1.3675165977787287,-1.6264419638817607,0.9461947531155791,1.5224373578222645,-0.27479497288156984]",False,optimizer_stop,False,"{""code"":1,""success"":false,""message"":""STOP: TOTAL NO. OF ITERATIONS REACHED LIMIT""}",30,35,36,0,0,0.15559430361502588,0.999999,True,True,True,0.0013828128354210973,0.01226757224142549,"[""position_tolerance"",""orientation_tolerance""]",position_tolerance+orientation_tolerance,0.999999999999,6379630,False
12c8309cfc40ab3f04aa67bfde8845b4ac42a2b7671ea5e61b1a7471afc4c358,panda,single_gn_k1,0,"[1.7369974990328858,-0.3302756655254686,1.5883701587472705,-1.42598837195358,0.3603728010713989,2.0088432525336652,1.0935763398948968]",False,iteration_limit,False,,30,186,,61,,,,True,True,True,0.001060936920290715,0.006718837372780872,"[""position_tolerance""]",position_tolerance,0.9999999999989987,7429389,False
12c8309cfc40ab3f04aa67bfde8845b4ac42a2b7671ea5e61b1a7471afc4c358,panda,single_gn_k0,0,"[1.7369974990328858,-0.33041419870559624,1.5882493791208188,-1.4259764430556534,0.36057014604780147,2.0088002811518346,1.0934789295943732]",False,iteration_limit,False,,30,188,,63,,,,True,True,True,0.0010608553075309739,0.006719892154091076,"[""position_tolerance""]",position_tolerance,0.9999999999989987,7507577,False
12c8309cfc40ab3f04aa67bfde8845b4ac42a2b7671ea5e61b1a7471afc4c358,panda,single_gn_k1,1,"[1.7369974990328858,-0.3302756655254686,1.5883701587472705,-1.42598837195358,0.3603728010713989,2.0088432525336652,1.0935763398948968]",False,iteration_limit,False,,30,186,,61,,,,True,True,True,0.001060936920290715,0.006718837372780872,"[""position_tolerance""]",position_tolerance,0.9999999999989987,7426815,False
12c8309cfc40ab3f04aa67bfde8845b4ac42a2b7671ea5e61b1a7471afc4c358,panda,task_excess_lbfgsb,0,"[1.7369974990328858,-0.31340415034450053,1.6029439524921851,-1.4276553947386486,0.337290564122721,2.015335910936525,1.1017540345494643]",True,task_admissible,True,,0,29,30,0,0,1.0268337798826888e-13,0.999999,True,True,True,0.0009999994531740902,0.008726636586409936,[],accepted,0.9999999999989987,5268815,True
12c8309cfc40ab3f04aa67bfde8845b4ac42a2b7671ea5e61b1a7471afc4c358,panda,single_gn_k0,1,"[1.7369974990328858,-0.33041419870559624,1.5882493791208188,-1.4259764430556534,0.36057014604780147,2.0088002811518346,1.0934789295943732]",False,iteration_limit,False,,30,188,,63,,,,True,True,True,0.0010608553075309739,0.006719892154091076,"[""position_tolerance""]",position_tolerance,0.9999999999989987,7545005,False
12c8309cfc40ab3f04aa67bfde8845b4ac42a2b7671ea5e61b1a7471afc4c358,panda,single_gn_k0,2,"[1.7369974990328858,-0.33041419870559624,1.5882493791208188,-1.4259764430556534,0.36057014604780147,2.0088002811518346,1.0934789295943732]",False,iteration_limit,False,,30,188,,63,,,,True,True,True,0.0010608553075309739,0.006719892154091076,"[""position_tolerance""]",position_tolerance,0.9999999999989987,7515724,False
12c8309cfc40ab3f04aa67bfde8845b4ac42a2b7671ea5e61b1a7471afc4c358,panda,task_excess_isotropic,2,"[1.7370192116774055,-0.3279047803764525,1.5913550208115672,-1.4274616322548697,0.3556491138043405,2.0130907808612544,1.0960251869375883]",False,deadline,False,,21,141,142,31,120,2.56326196263556e-08,0.999999,True,True,True,0.001000201313657156,0.00872752466995332,"[""position_tolerance"",""orientation_tolerance""]",position_tolerance+orientation_tolerance,0.9995020035650614,20192427,False
12c8309cfc40ab3f04aa67bfde8845b4ac42a2b7671ea5e61b1a7471afc4c358,panda,task_excess_lbfgsb,1,"[1.7369974990328858,-0.31340415034450053,1.6029439524921851,-1.4276553947386486,0.337290564122721,2.015335910936525,1.1017540345494643]",True,task_admissible,True,,0,29,30,0,0,1.0268337798826888e-13,0.999999,True,True,True,0.0009999994531740902,0.008726636586409936,[],accepted,0.9999999999989987,5225549,True
12c8309cfc40ab3f04aa67bfde8845b4ac42a2b7671ea5e61b1a7471afc4c358,panda,task_excess_gn,2,"[1.7369974990328858,-0.3320146276765622,1.5871968490173023,-1.4253684319086766,0.3624216783812363,2.009844207053613,1.0913939888265956]",True,task_admissible,True,,11,25,26,19,14,4.3523206361018643e-13,0.999999,True,True,True,0.0009999998043960217,0.008726641658124442,[],accepted,0.9999999999989987,4417645,True
12c8309cfc40ab3f04aa67bfde8845b4ac42a2b7671ea5e61b1a7471afc4c358,panda,point_loop_control,0,"[1.7369974990328858,-0.3301640039632704,1.5884682985475573,-1.4259923758461088,0.36021469221021396,2.008877039978991,1.0936582515200797]",False,deadline,False,,25,146,147,53,121,0.0018417524258030457,0.999999,True,True,True,0.0010606908845613324,0.006722233854239154,"[""position_tolerance""]",position_tolerance,0.9999999999989987,20164225,False
12c8309cfc40ab3f04aa67bfde8845b4ac42a2b7671ea5e61b1a7471afc4c358,panda,task_excess_gn,0,"[1.7369974990328858,-0.3320146276765622,1.5871968490173023,-1.4253684319086766,0.3624216783812363,2.009844207053613,1.0913939888265956]",True,task_admissible,True,,11,25,26,19,14,4.3523206361018643e-13,0.999999,True,True,True,0.0009999998043960217,0.008726641658124442,[],accepted,0.9999999999989987,4298423,True
12c8309cfc40ab3f04aa67bfde8845b4ac42a2b7671ea5e61b1a7471afc4c358,panda,point_loop_control,2,"[1.7369974990328858,-0.3301640039632704,1.5884682985475573,-1.4259923758461088,0.36021469221021396,2.008877039978991,1.0936582515200797]",False,deadline,False,,25,146,147,53,121,0.0018417524258030457,0.999999,True,True,True,0.0010606908845613324,0.006722233854239154,"[""position_tolerance""]",position_tolerance,0.9999999999989987,20194130,False
12c8309cfc40ab3f04aa67bfde8845b4ac42a2b7671ea5e61b1a7471afc4c358,panda,task_excess_gn,1,"[1.7369974990328858,-0.3320146276765622,1.5871968490173023,-1.4253684319086766,0.3624216783812363,2.009844207053613,1.0913939888265956]",True,task_admissible,True,,11,25,26,19,14,4.3523206361018643e-13,0.999999,True,True,True,0.0009999998043960217,0.008726641658124442,[],accepted,0.9999999999989987,4357516,True
12c8309cfc40ab3f04aa67bfde8845b4ac42a2b7671ea5e61b1a7471afc4c358,panda,task_excess_lbfgsb,2,"[1.7369974990328858,-0.31340415034450053,1.6029439524921851,-1.4276553947386486,0.337290564122721,2.015335910936525,1.1017540345494643]",True,task_admissible,True,,0,29,30,0,0,1.0268337798826888e-13,0.999999,True,True,True,0.0009999994531740902,0.008726636586409936,[],accepted,0.9999999999989987,5317713,True
12c8309cfc40ab3f04aa67bfde8845b4ac42a2b7671ea5e61b1a7471afc4c358,panda,task_excess_isotropic,1,"[1.7370192116774055,-0.3279047803764525,1.5913550208115672,-1.4274616322548697,0.3556491138043405,2.0130907808612544,1.0960251869375883]",False,deadline,False,,21,140,141,31,119,2.56326196263556e-08,0.999999,True,True,True,0.001000201313657156,0.00872752466995332,"[""position_tolerance"",""orientation_tolerance""]",position_tolerance+orientation_tolerance,0.9995020035650614,20228078,False
12c8309cfc40ab3f04aa67bfde8845b4ac42a2b7671ea5e61b1a7471afc4c358,panda,point_loop_control,1,"[1.7369974990328858,-0.3301640039632704,1.5884682985475573,-1.4259923758461088,0.36021469221021396,2.008877039978991,1.0936582515200797]",False,deadline,False,,25,146,147,53,121,0.0018417524258030457,0.999999,True,True,True,0.0010606908845613324,0.006722233854239154,"[""position_tolerance""]",position_tolerance,0.9999999999989987,20224324,False
12c8309cfc40ab3f04aa67bfde8845b4ac42a2b7671ea5e61b1a7471afc4c358,panda,task_excess_isotropic,0,"[1.7370192116774055,-0.3279047803764525,1.5913550208115672,-1.4274616322548697,0.3556491138043405,2.0130907808612544,1.0960251869375883]",False,deadline,False,,21,140,141,31,119,2.56326196263556e-08,0.999999,True,True,True,0.001000201313657156,0.00872752466995332,"[""position_tolerance"",""orientation_tolerance""]",position_tolerance+orientation_tolerance,0.9995020035650614,20131003,False
12c8309cfc40ab3f04aa67bfde8845b4ac42a2b7671ea5e61b1a7471afc4c358,panda,single_gn_k1,2,"[1.7369974990328858,-0.3302756655254686,1.5883701587472705,-1.42598837195358,0.3603728010713989,2.0088432525336652,1.0935763398948968]",False,iteration_limit,False,,30,186,,61,,,,True,True,True,0.001060936920290715,0.006718837372780872,"[""position_tolerance""]",position_tolerance,0.9999999999989987,7522530,False
1339de0a2b7e0c7fe442d1cc16653ecd1e53cb39b6001175c3ee189d588f0123,panda,task_excess_lbfgsb,2,"[-0.9270190245933978,-1.7627999999989998,0.8415897473672035,-0.30441313455401703,-0.9847942738431,1.1193111824955324,-0.7107157271090845]",True,task_admissible,True,,0,12,13,0,0,3.3176505495450678e-18,0.999999,True,True,True,0.0009498812947455685,0.008726637555832776,[],accepted,0.20316259513293716,2395169,True
1339de0a2b7e0c7fe442d1cc16653ecd1e53cb39b6001175c3ee189d588f0123,panda,single_gn_k1,0,"[-0.9248005359773134,-1.7627999999989998,0.861700769114351,-0.3086457399126707,-1.0101887139789403,1.113372305440966,-0.7109203111463182]",True,task_candidate,True,,2,4,,1,,,,True,True,True,7.038242542840147e-05,0.0002906846038930298,[],accepted,0.5194004198948892,319242,True
1339de0a2b7e0c7fe442d1cc16653ecd1e53cb39b6001175c3ee189d588f0123,panda,task_excess_isotropic,0,"[-0.9291393598411578,-1.7627999999989998,0.8423428083351909,-0.3036729958590916,-0.9868593720496008,1.1159903793675325,-0.7114829919739647]",True,task_admissible,True,,2,5,6,2,3,0.0,0.999999,True,True,True,0.0007879472228385771,0.005898351077628534,[],accepted,0.2201382532734292,912610,True
1339de0a2b7e0c7fe442d1cc16653ecd1e53cb39b6001175c3ee189d588f0123,panda,task_excess_isotropic,2,"[-0.9291393598411578,-1.7627999999989998,0.8423428083351909,-0.3036729958590916,-0.9868593720496008,1.1159903793675325,-0.7114829919739647]",True,task_admissible,True,,2,5,6,2,3,0.0,0.999999,True,True,True,0.0007879472228385771,0.005898351077628534,[],accepted,0.2201382532734292,881721,True
1339de0a2b7e0c7fe442d1cc16653ecd1e53cb39b6001175c3ee189d588f0123,panda,point_loop_control,1,"[-0.9248176790054717,-1.7627999999989998,0.8616433205296418,-0.30862464435661197,-1.0101418713272192,1.1133722135876438,-0.7109348988425094]",True,task_admissible,True,,1,2,3,1,1,0.0,0.999999,True,True,True,7.060014745409263e-05,0.00028868963183077803,[],accepted,0.5180827918052276,429551,True
1339de0a2b7e0c7fe442d1cc16653ecd1e53cb39b6001175c3ee189d588f0123,panda,single_gn_k1,2,"[-0.9248005359773134,-1.7627999999989998,0.861700769114351,-0.3086457399126707,-1.0101887139789403,1.113372305440966,-0.7109203111463182]",True,task_candidate,True,,2,4,,1,,,,True,True,True,7.038242542840147e-05,0.0002906846038930298,[],accepted,0.5194004198948892,289704,True
1339de0a2b7e0c7fe442d1cc16653ecd1e53cb39b6001175c3ee189d588f0123,panda,single_gn_k0,1,"[-0.9248176790054717,-1.7627999999989998,0.8616433205296418,-0.30862464435661197,-1.0101418713272192,1.1133722135876438,-0.7109348988425094]",True,task_candidate,True,,2,4,,1,,,,True,True,True,7.060014745409263e-05,0.00028868963183077803,[],accepted,0.5180827918052276,297072,True
1339de0a2b7e0c7fe442d1cc16653ecd1e53cb39b6001175c3ee189d588f0123,panda,point_loop_control,2,"[-0.9248176790054717,-1.7627999999989998,0.8616433205296418,-0.30862464435661197,-1.0101418713272192,1.1133722135876438,-0.7109348988425094]",True,task_admissible,True,,1,2,3,1,1,0.0,0.999999,True,True,True,7.060014745409263e-05,0.00028868963183077803,[],accepted,0.5180827918052276,436039,True
1339de0a2b7e0c7fe442d1cc16653ecd1e53cb39b6001175c3ee189d588f0123,panda,task_excess_isotropic,1,"[-0.9291393598411578,-1.7627999999989998,0.8423428083351909,-0.3036729958590916,-0.9868593720496008,1.1159903793675325,-0.7114829919739647]",True,task_admissible,True,,2,5,6,2,3,0.0,0.999999,True,True,True,0.0007879472228385771,0.005898351077628534,[],accepted,0.2201382532734292,886382,True
1339de0a2b7e0c7fe442d1cc16653ecd1e53cb39b6001175c3ee189d588f0123,panda,task_excess_gn,1,"[-0.9265840004483052,-1.7627999999989998,0.8427420491753795,-0.3048642950014134,-0.9847280972100891,1.1165809323780116,-0.7114952887350451]",True,task_admissible,True,,3,6,7,3,3,7.850800854990694e-19,0.999999,True,True,True,0.000999891576293287,0.008726637544288754,[],accepted,0.19281487844953468,1113138,True
1339de0a2b7e0c7fe442d1cc16653ecd1e53cb39b6001175c3ee189d588f0123,panda,single_gn_k0,0,"[-0.9248176790054717,-1.7627999999989998,0.8616433205296418,-0.30862464435661197,-1.0101418713272192,1.1133722135876438,-0.7109348988425094]",True,task_candidate,True,,2,4,,1,,,,True,True,True,7.060014745409263e-05,0.00028868963183077803,[],accepted,0.5180827918052276,312815,True
1339de0a2b7e0c7fe442d1cc16653ecd1e53cb39b6001175c3ee189d588f0123,panda,task_excess_lbfgsb,0,"[-0.9270190245933978,-1.7627999999989998,0.8415897473672035,-0.30441313455401703,-0.9847942738431,1.1193111824955324,-0.7107157271090845]",True,task_admissible,True,,0,12,13,0,0,3.3176505495450678e-18,0.999999,True,True,True,0.0009498812947455685,0.008726637555832776,[],accepted,0.20316259513293716,2278565,True
1339de0a2b7e0c7fe442d1cc16653ecd1e53cb39b6001175c3ee189d588f0123,panda,single_gn_k0,2,"[-0.9248176790054717,-1.7627999999989998,0.8616433205296418,-0.30862464435661197,-1.0101418713272192,1.1133722135876438,-0.7109348988425094]",True,task_candidate,True,,2,4,,1,,,,True,True,True,7.060014745409263e-05,0.00028868963183077803,[],accepted,0.5180827918052276,301200,True
1339de0a2b7e0c7fe442d1cc16653ecd1e53cb39b6001175c3ee189d588f0123,panda,single_gn_k1,1,"[-0.9248005359773134,-1.7627999999989998,0.861700769114351,-0.3086457399126707,-1.0101887139789403,1.113372305440966,-0.7109203111463182]",True,task_candidate,True,,2,4,,1,,,,True,True,True,7.038242542840147e-05,0.0002906846038930298,[],accepted,0.5194004198948892,302522,True
1339de0a2b7e0c7fe442d1cc16653ecd1e53cb39b6001175c3ee189d588f0123,panda,task_excess_gn,0,"[-0.9265840004483052,-1.7627999999989998,0.8427420491753795,-0.3048642950014134,-0.9847280972100891,1.1165809323780116,-0.7114952887350451]",True,task_admissible,True,,3,6,7,3,3,7.850800854990694e-19,0.999999,True,True,True,0.000999891576293287,0.008726637544288754,[],accepted,0.19281487844953468,1107118,True
1339de0a2b7e0c7fe442d1cc16653ecd1e53cb39b6001175c3ee189d588f0123,panda,point_loop_control,0,"[-0.9248176790054717,-1.7627999999989998,0.8616433205296418,-0.30862464435661197,-1.0101418713272192,1.1133722135876438,-0.7109348988425094]",True,task_admissible,True,,1,2,3,1,1,0.0,0.999999,True,True,True,7.060014745409263e-05,0.00028868963183077803,[],accepted,0.5180827918052276,435676,True
1339de0a2b7e0c7fe442d1cc16653ecd1e53cb39b6001175c3ee189d588f0123,panda,task_excess_gn,2,"[-0.9265840004483052,-1.7627999999989998,0.8427420491753795,-0.3048642950014134,-0.9847280972100891,1.1165809323780116,-0.7114952887350451]",True,task_admissible,True,,3,6,7,3,3,7.850800854990694e-19,0.999999,True,True,True,0.000999891576293287,0.008726637544288754,[],accepted,0.19281487844953468,1100704,True
1339de0a2b7e0c7fe442d1cc16653ecd1e53cb39b6001175c3ee189d588f0123,panda,task_excess_lbfgsb,1,"[-0.9270190245933978,-1.7627999999989998,0.8415897473672035,-0.30441313455401703,-0.9847942738431,1.1193111824955324,-0.7107157271090845]",True,task_admissible,True,,0,12,13,0,0,3.3176505495450678e-18,0.999999,True,True,True,0.0009498812947455685,0.008726637555832776,[],accepted,0.20316259513293716,2254908,True
155366d9e36c3f00bb36d11c0390273736b0dcdcef6bce568f7f9c1042a2ae95,panda,point_loop_control,1,"[-2.3237433813987844,0.08945386006295598,1.0657396268929569,-0.5411155541106424,2.897299999999,2.3847131907852837,1.6162641433139018]",False,stationary,False,,15,77,78,16,62,0.001218381661625431,0.999999,True,True,True,0.0010493625829660982,0.0017674934735395467,"[""position_tolerance""]",position_tolerance,0.9999999999989987,10613190,False
155366d9e36c3f00bb36d11c0390273736b0dcdcef6bce568f7f9c1042a2ae95,panda,task_excess_isotropic,1,"[-2.3236736944722547,0.08808580259825786,1.0626149681724413,-0.5401964195652161,2.897147729513561,2.391377435709695,1.6155272921306374]",True,task_admissible,True,,3,10,11,11,7,0.0,0.999999,True,True,True,0.0009521880667211271,0.008210572779823776,[],accepted,0.9283335155835034,1738571,True
155366d9e36c3f00bb36d11c0390273736b0dcdcef6bce568f7f9c1042a2ae95,panda,point_loop_control,2,"[-2.3237433813987844,0.08945386006295598,1.0657396268929569,-0.5411155541106424,2.897299999999,2.3847131907852837,1.6162641433139018]",False,stationary,False,,15,77,78,16,62,0.001218381661625431,0.999999,True,True,True,0.0010493625829660982,0.0017674934735395467,"[""position_tolerance""]",position_tolerance,0.9999999999989987,10530444,False
155366d9e36c3f00bb36d11c0390273736b0dcdcef6bce568f7f9c1042a2ae95,panda,single_gn_k0,0,"[-2.3237433801890455,0.08945386050109584,1.0657396268929569,-0.5411155530895418,2.897299999999,2.384713192556972,1.6162641423953978]",False,stationary,False,,15,100,,16,,,,True,True,True,0.00104936257112696,0.001767494008839322,"[""position_tolerance""]",position_tolerance,0.9999999999989987,3763230,False
155366d9e36c3f00bb36d11c0390273736b0dcdcef6bce568f7f9c1042a2ae95,panda,task_excess_gn,0,"[-2.328628566035443,0.08639101890678183,1.0656874457961791,-0.542146143363688,2.897299999999,2.3915206980546992,1.6211265964616033]",True,task_admissible,True,,7,17,18,10,10,3.4647502424452627e-19,0.999999,True,True,True,0.0009999990008210545,0.008726637534550902,[],accepted,0.9999999999990037,2937361,True
155366d9e36c3f00bb36d11c0390273736b0dcdcef6bce568f7f9c1042a2ae95,panda,task_excess_lbfgsb,1,"[-2.288395412224187,0.08753039465052566,1.021785168597953,-0.5363743396890447,2.897299999999,2.3922113616414906,1.6267190654025174]",False,optimizer_stop,False,"{""code"":1,""success"":false,""message"":""STOP: TOTAL NO. OF ITERATIONS REACHED LIMIT""}",30,37,38,0,0,1.63850107941887e-05,0.999999,True,True,True,0.001005674097992547,0.00873318707970017,"[""position_tolerance"",""orientation_tolerance""]",position_tolerance+orientation_tolerance,0.17463698852420498,6543697,False
155366d9e36c3f00bb36d11c0390273736b0dcdcef6bce568f7f9c1042a2ae95,panda,task_excess_isotropic,0,"[-2.3236736944722547,0.08808580259825786,1.0626149681724413,-0.5401964195652161,2.897147729513561,2.391377435709695,1.6155272921306374]",True,task_admissible,True,,3,10,11,11,7,0.0,0.999999,True,True,True,0.0009521880667211271,0.008210572779823776,[],accepted,0.9283335155835034,1755381,True
155366d9e36c3f00bb36d11c0390273736b0dcdcef6bce568f7f9c1042a2ae95,panda,single_gn_k1,2,"[-2.32373417286239,0.08945778797871529,1.0657396268929569,-0.5411136800413667,2.897299999999,2.3847069737773836,1.6162520937357456]",False,no_descent,False,,14,106,,15,,,,True,True,True,0.0010495305637705464,0.0017599075157499313,"[""position_tolerance""]",position_tolerance,0.9999999999989987,3922409,False
155366d9e36c3f00bb36d11c0390273736b0dcdcef6bce568f7f9c1042a2ae95,panda,task_excess_gn,2,"[-2.328628566035443,0.08639101890678183,1.0656874457961791,-0.542146143363688,2.897299999999,2.3915206980546992,1.6211265964616033]",True,task_admissible,True,,7,17,18,10,10,3.4647502424452627e-19,0.999999,True,True,True,0.0009999990008210545,0.008726637534550902,[],accepted,0.9999999999990037,2912659,True
155366d9e36c3f00bb36d11c0390273736b0dcdcef6bce568f7f9c1042a2ae95,panda,single_gn_k1,0,"[-2.32373417286239,0.08945778797871529,1.0657396268929569,-0.5411136800413667,2.897299999999,2.3847069737773836,1.6162520937357456]",False,no_descent,False,,14,106,,15,,,,True,True,True,0.0010495305637705464,0.0017599075157499313,"[""position_tolerance""]",position_tolerance,0.9999999999989987,3980171,False
155366d9e36c3f00bb36d11c0390273736b0dcdcef6bce568f7f9c1042a2ae95,panda,task_excess_isotropic,2,"[-2.3236736944722547,0.08808580259825786,1.0626149681724413,-0.5401964195652161,2.897147729513561,2.391377435709695,1.6155272921306374]",True,task_admissible,True,,3,10,11,11,7,0.0,0.999999,True,True,True,0.0009521880667211271,0.008210572779823776,[],accepted,0.9283335155835034,1753571,True
155366d9e36c3f00bb36d11c0390273736b0dcdcef6bce568f7f9c1042a2ae95,panda,single_gn_k0,2,"[-2.3237433801890455,0.08945386050109584,1.0657396268929569,-0.5411155530895418,2.897299999999,2.384713192556972,1.6162641423953978]",False,stationary,False,,15,100,,16,,,,True,True,True,0.00104936257112696,0.001767494008839322,"[""position_tolerance""]",position_tolerance,0.9999999999989987,3793708,False
155366d9e36c3f00bb36d11c0390273736b0dcdcef6bce568f7f9c1042a2ae95,panda,task_excess_lbfgsb,2,"[-2.288395412224187,0.08753039465052566,1.021785168597953,-0.5363743396890447,2.897299999999,2.3922113616414906,1.6267190654025174]",False,optimizer_stop,False,"{""code"":1,""success"":false,""message"":""STOP: TOTAL NO. OF ITERATIONS REACHED LIMIT""}",30,37,38,0,0,1.63850107941887e-05,0.999999,True,True,True,0.001005674097992547,0.00873318707970017,"[""position_tolerance"",""orientation_tolerance""]",position_tolerance+orientation_tolerance,0.17463698852420498,6575587,False
155366d9e36c3f00bb36d11c0390273736b0dcdcef6bce568f7f9c1042a2ae95,panda,single_gn_k0,1,"[-2.3237433801890455,0.08945386050109584,1.0657396268929569,-0.5411155530895418,2.897299999999,2.384713192556972,1.6162641423953978]",False,stationary,False,,15,100,,16,,,,True,True,True,0.00104936257112696,0.001767494008839322,"[""position_tolerance""]",position_tolerance,0.9999999999989987,3805482,False
155366d9e36c3f00bb36d11c0390273736b0dcdcef6bce568f7f9c1042a2ae95,panda,task_excess_gn,1,"[-2.328628566035443,0.08639101890678183,1.0656874457961791,-0.542146143363688,2.897299999999,2.3915206980546992,1.6211265964616033]",True,task_admissible,True,,7,17,18,10,10,3.4647502424452627e-19,0.999999,True,True,True,0.0009999990008210545,0.008726637534550902,[],accepted,0.9999999999990037,2927182,True
155366d9e36c3f00bb36d11c0390273736b0dcdcef6bce568f7f9c1042a2ae95,panda,point_loop_control,0,"[-2.3237433813987844,0.08945386006295598,1.0657396268929569,-0.5411155541106424,2.897299999999,2.3847131907852837,1.6162641433139018]",False,stationary,False,,15,77,78,16,62,0.001218381661625431,0.999999,True,True,True,0.0010493625829660982,0.0017674934735395467,"[""position_tolerance""]",position_tolerance,0.9999999999989987,10506400,False
155366d9e36c3f00bb36d11c0390273736b0dcdcef6bce568f7f9c1042a2ae95,panda,task_excess_lbfgsb,0,"[-2.288395412224187,0.08753039465052566,1.021785168597953,-0.5363743396890447,2.897299999999,2.3922113616414906,1.6267190654025174]",False,optimizer_stop,False,"{""code"":1,""success"":false,""message"":""STOP: TOTAL NO. OF ITERATIONS REACHED LIMIT""}",30,37,38,0,0,1.63850107941887e-05,0.999999,True,True,True,0.001005674097992547,0.00873318707970017,"[""position_tolerance"",""orientation_tolerance""]",position_tolerance+orientation_tolerance,0.17463698852420498,6493762,False
155366d9e36c3f00bb36d11c0390273736b0dcdcef6bce568f7f9c1042a2ae95,panda,single_gn_k1,1,"[-2.32373417286239,0.08945778797871529,1.0657396268929569,-0.5411136800413667,2.897299999999,2.3847069737773836,1.6162520937357456]",False,no_descent,False,,14,106,,15,,,,True,True,True,0.0010495305637705464,0.0017599075157499313,"[""position_tolerance""]",position_tolerance,0.9999999999989987,3957558,False
2377abf039b320ecbf2e642f1611dc1077ccf851439e8f61cddae7c22bda8d5b,panda,task_excess_lbfgsb,2,"[0.12423400357324524,0.02821675685884184,-1.8568229782231975,-1.057970018835684,-0.18267300439706696,3.4047223180006845,0.3642444710163665]",False,optimizer_stop,False,"{""code"":1,""success"":false,""message"":""STOP: TOTAL NO. OF ITERATIONS REACHED LIMIT""}",30,32,33,0,0,0.08701346746698474,0.999999,True,True,True,0.0013035106265040137,0.0112241608141947,"[""position_tolerance"",""orientation_tolerance""]",position_tolerance+orientation_tolerance,0.9999999999990005,5823618,False
2377abf039b320ecbf2e642f1611dc1077ccf851439e8f61cddae7c22bda8d5b,panda,task_excess_gn,1,"[0.10581817668532573,0.03006800281397193,-1.8408797806479793,-1.0579063965716275,-0.17921043007968687,3.4042586052680024,0.3642444710163665]",False,stationary,False,,16,75,76,20,59,0.057231909925871724,0.999999,True,True,True,0.0012354598835402702,0.010846727564866935,"[""position_tolerance"",""orientation_tolerance""]",position_tolerance+orientation_tolerance,0.9999999999990005,11695573,False
2377abf039b320ecbf2e642f1611dc1077ccf851439e8f61cddae7c22bda8d5b,panda,task_excess_isotropic,1,"[0.10581817668532573,0.03006800391624223,-1.8408797821176994,-1.0579063968910136,-0.17921042865484535,3.4042586046748546,0.3642444710163665]",False,iteration_limit,False,,30,105,106,53,75,0.05723190992584307,0.999999,True,True,True,0.0012354598634506048,0.010846727734780966,"[""position_tolerance"",""orientation_tolerance""]",position_tolerance+orientation_tolerance,0.9999999999990005,16015843,False
2377abf039b320ecbf2e642f1611dc1077ccf851439e8f61cddae7c22bda8d5b,panda,single_gn_k1,2,"[0.10581817668532573,0.030065557741392003,-1.8408665215680273,-1.0578724143977887,-0.17922631634892838,3.404090398707048,0.3642444710163665]",False,stationary,False,,14,98,,17,,,,True,True,True,0.0012225852019598599,0.010955909265536818,"[""position_tolerance"",""orientation_tolerance""]",position_tolerance+orientation_tolerance,0.9999999999990005,3720026,False
2377abf039b320ecbf2e642f1611dc1077ccf851439e8f61cddae7c22bda8d5b,panda,single_gn_k1,1,"[0.10581817668532573,0.030065557741392003,-1.8408665215680273,-1.0578724143977887,-0.17922631634892838,3.404090398707048,0.3642444710163665]",False,stationary,False,,14,98,,17,,,,True,True,True,0.0012225852019598599,0.010955909265536818,"[""position_tolerance"",""orientation_tolerance""]",position_tolerance+orientation_tolerance,0.9999999999990005,3670879,False
2377abf039b320ecbf2e642f1611dc1077ccf851439e8f61cddae7c22bda8d5b,panda,single_gn_k0,0,"[0.10581817668532573,0.030065134193395935,-1.8408665215680273,-1.0578739464419238,-0.17922733057713536,3.4040976568146264,0.3642444710163665]",False,stationary,False,,14,98,,17,,,,True,True,True,0.0012230939081915159,0.010951582004269452,"[""position_tolerance"",""orientation_tolerance""]",position_tolerance+orientation_tolerance,0.9999999999990005,3621989,False
2377abf039b320ecbf2e642f1611dc1077ccf851439e8f61cddae7c22bda8d5b,panda,task_excess_isotropic,2,"[0.10581817668532573,0.03006800391624223,-1.8408797821176994,-1.0579063968910136,-0.17921042865484535,3.4042586046748546,0.3642444710163665]",False,iteration_limit,False,,30,105,106,53,75,0.05723190992584307,0.999999,True,True,True,0.0012354598634506048,0.010846727734780966,"[""position_tolerance"",""orientation_tolerance""]",position_tolerance+orientation_tolerance,0.9999999999990005,15905479,False
2377abf039b320ecbf2e642f1611dc1077ccf851439e8f61cddae7c22bda8d5b,panda,task_excess_gn,0,"[0.10581817668532573,0.03006800281397193,-1.8408797806479793,-1.0579063965716275,-0.17921043007968687,3.4042586052680024,0.3642444710163665]",False,stationary,False,,16,75,76,20,59,0.057231909925871724,0.999999,True,True,True,0.0012354598835402702,0.010846727564866935,"[""position_tolerance"",""orientation_tolerance""]",position_tolerance+orientation_tolerance,0.9999999999990005,11678204,False
2377abf039b320ecbf2e642f1611dc1077ccf851439e8f61cddae7c22bda8d5b,panda,point_loop_control,1,"[0.10581817668532573,0.03006513530492848,-1.8408665215680273,-1.0578739444886311,-0.17922732599899674,3.4040976500000135,0.3642444710163665]",False,stationary,False,,7,13,14,10,6,0.05738794280876994,0.999999,True,True,True,0.0012230935231312943,0.010951585279227136,"[""position_tolerance"",""orientation_tolerance""]",position_tolerance+orientation_tolerance,0.9999999999990005,2093406,False
2377abf039b320ecbf2e642f1611dc1077ccf851439e8f61cddae7c22bda8d5b,panda,single_gn_k1,0,"[0.10581817668532573,0.030065557741392003,-1.8408665215680273,-1.0578724143977887,-0.17922631634892838,3.404090398707048,0.3642444710163665]",False,stationary,False,,14,98,,17,,,,True,True,True,0.0012225852019598599,0.010955909265536818,"[""position_tolerance"",""orientation_tolerance""]",position_tolerance+orientation_tolerance,0.9999999999990005,3671098,False
2377abf039b320ecbf2e642f1611dc1077ccf851439e8f61cddae7c22bda8d5b,panda,point_loop_control,2,"[0.10581817668532573,0.03006513530492848,-1.8408665215680273,-1.0578739444886311,-0.17922732599899674,3.4040976500000135,0.3642444710163665]",False,stationary,False,,7,13,14,10,6,0.05738794280876994,0.999999,True,True,True,0.0012230935231312943,0.010951585279227136,"[""position_tolerance"",""orientation_tolerance""]",position_tolerance+orientation_tolerance,0.9999999999990005,2094665,False
2377abf039b320ecbf2e642f1611dc1077ccf851439e8f61cddae7c22bda8d5b,panda,point_loop_control,0,"[0.10581817668532573,0.03006513530492848,-1.8408665215680273,-1.0578739444886311,-0.17922732599899674,3.4040976500000135,0.3642444710163665]",False,stationary,False,,7,13,14,10,6,0.05738794280876994,0.999999,True,True,True,0.0012230935231312943,0.010951585279227136,"[""position_tolerance"",""orientation_tolerance""]",position_tolerance+orientation_tolerance,0.9999999999990005,2089118,False
2377abf039b320ecbf2e642f1611dc1077ccf851439e8f61cddae7c22bda8d5b,panda,task_excess_lbfgsb,0,"[0.12423400357324524,0.02821675685884184,-1.8568229782231975,-1.057970018835684,-0.18267300439706696,3.4047223180006845,0.3642444710163665]",False,optimizer_stop,False,"{""code"":1,""success"":false,""message"":""STOP: TOTAL NO. OF ITERATIONS REACHED LIMIT""}",30,32,33,0,0,0.08701346746698474,0.999999,True,True,True,0.0013035106265040137,0.0112241608141947,"[""position_tolerance"",""orientation_tolerance""]",position_tolerance+orientation_tolerance,0.9999999999990005,5781545,False
2377abf039b320ecbf2e642f1611dc1077ccf851439e8f61cddae7c22bda8d5b,panda,task_excess_gn,2,"[0.10581817668532573,0.03006800281397193,-1.8408797806479793,-1.0579063965716275,-0.17921043007968687,3.4042586052680024,0.3642444710163665]",False,stationary,False,,16,75,76,20,59,0.057231909925871724,0.999999,True,True,True,0.0012354598835402702,0.010846727564866935,"[""position_tolerance"",""orientation_tolerance""]",position_tolerance+orientation_tolerance,0.9999999999990005,11733302,False
2377abf039b320ecbf2e642f1611dc1077ccf851439e8f61cddae7c22bda8d5b,panda,single_gn_k0,2,"[0.10581817668532573,0.030065134193395935,-1.8408665215680273,-1.0578739464419238,-0.17922733057713536,3.4040976568146264,0.3642444710163665]",False,stationary,False,,14,98,,17,,,,True,True,True,0.0012230939081915159,0.010951582004269452,"[""position_tolerance"",""orientation_tolerance""]",position_tolerance+orientation_tolerance,0.9999999999990005,3691943,False
2377abf039b320ecbf2e642f1611dc1077ccf851439e8f61cddae7c22bda8d5b,panda,task_excess_isotropic,0,"[0.10581817668532573,0.03006800391624223,-1.8408797821176994,-1.0579063968910136,-0.17921042865484535,3.4042586046748546,0.3642444710163665]",False,iteration_limit,False,,30,105,106,53,75,0.05723190992584307,0.999999,True,True,True,0.0012354598634506048,0.010846727734780966,"[""position_tolerance"",""orientation_tolerance""]",position_tolerance+orientation_tolerance,0.9999999999990005,15987968,False
2377abf039b320ecbf2e642f1611dc1077ccf851439e8f61cddae7c22bda8d5b,panda,single_gn_k0,1,"[0.10581817668532573,0.030065134193395935,-1.8408665215680273,-1.0578739464419238,-0.17922733057713536,3.4040976568146264,0.3642444710163665]",False,stationary,False,,14,98,,17,,,,True,True,True,0.0012230939081915159,0.010951582004269452,"[""position_tolerance"",""orientation_tolerance""]",position_tolerance+orientation_tolerance,0.9999999999990005,3624622,False
2377abf039b320ecbf2e642f1611dc1077ccf851439e8f61cddae7c22bda8d5b,panda,task_excess_lbfgsb,1,"[0.12423400357324524,0.02821675685884184,-1.8568229782231975,-1.057970018835684,-0.18267300439706696,3.4047223180006845,0.3642444710163665]",False,optimizer_stop,False,"{""code"":1,""success"":false,""message"":""STOP: TOTAL NO. OF ITERATIONS REACHED LIMIT""}",30,32,33,0,0,0.08701346746698474,0.999999,True,True,True,0.0013035106265040137,0.0112241608141947,"[""position_tolerance"",""orientation_tolerance""]",position_tolerance+orientation_tolerance,0.9999999999990005,5723558,False
2fd3a57eec6395bc3eb33f31da38087b302c57fc3e36e858c612b5478ea52b46,panda,task_excess_isotropic,2,"[-0.3930675853233835,-0.014203862664778862,-1.3876391777605517,-1.6127059730497062,0.4810949964205539,2.1136940319290534,1.4571186436156196]",False,iteration_limit,False,,30,117,118,32,87,0.027407350775506493,0.999999,True,True,True,0.0011911022023412335,0.009906971447448051,"[""position_tolerance"",""orientation_tolerance""]",position_tolerance+orientation_tolerance,0.9999999999990005,17403858,False
2fd3a57eec6395bc3eb33f31da38087b302c57fc3e36e858c612b5478ea52b46,panda,single_gn_k1,1,"[-0.39276670627817184,-0.015028468773545136,-1.3876391777605517,-1.612583083274656,0.4810949964205539,2.112033771357668,1.4570643992124286]",False,stationary,False,,15,100,,17,,,,True,True,True,0.001335477747830144,0.008091069374226087,"[""position_tolerance""]",position_tolerance,0.9999999999990005,3846504,False
2fd3a57eec6395bc3eb33f31da38087b302c57fc3e36e858c612b5478ea52b46,panda,point_loop_control,2,"[-0.39276632178598636,-0.015028690790501401,-1.3876391777605517,-1.6125835261726442,0.4810949964205539,2.112035543749718,1.4570677395341638]",False,stationary,False,,18,101,102,20,83,0.05624755498400376,0.999999,True,True,True,0.001335401906916454,0.008092021774758503,"[""position_tolerance""]",position_tolerance,0.9999999999990005,13929315,False
2fd3a57eec6395bc3eb33f31da38087b302c57fc3e36e858c612b5478ea52b46,panda,single_gn_k0,1,"[-0.3927663199397878,-0.015028693141120047,-1.3876391777605517,-1.6125835280575829,0.4810949964205539,2.1120355488853693,1.457067739233902]",False,stationary,False,,15,100,,17,,,,True,True,True,0.0013354017971085647,0.00809202315477359,"[""position_tolerance""]",position_tolerance,0.9999999999990005,3841430,False
2fd3a57eec6395bc3eb33f31da38087b302c57fc3e36e858c612b5478ea52b46,panda,task_excess_lbfgsb,0,"[-0.39306958335049974,-0.01420723077008854,-1.3876391777605517,-1.612696761922084,0.4810949964205539,2.1136687342137868,1.4570692268572996]",False,optimizer_stop,False,"{""code"":1,""success"":false,""message"":""STOP: TOTAL NO. OF ITERATIONS REACHED LIMIT""}",30,35,36,0,0,0.027407338545774606,0.999999,True,True,True,0.0011923662682796143,0.009891228378375543,"[""position_tolerance"",""orientation_tolerance""]",position_tolerance+orientation_tolerance,0.9999999999990005,6355004,False
2fd3a57eec6395bc3eb33f31da38087b302c57fc3e36e858c612b5478ea52b46,panda,task_excess_gn,1,"[-0.39306476791073236,-0.014211363457582057,-1.3876391777605517,-1.612705033205973,0.4810949964205539,2.113679347375876,1.4571183753716834]",False,stationary,False,,22,125,126,24,103,0.027404759710837178,0.999999,True,True,True,0.001192398665364312,0.009890652038570093,"[""position_tolerance"",""orientation_tolerance""]",position_tolerance+orientation_tolerance,0.9999999999990005,19321780,False
2fd3a57eec6395bc3eb33f31da38087b302c57fc3e36e858c612b5478ea52b46,panda,single_gn_k0,2,"[-0.3927663199397878,-0.015028693141120047,-1.3876391777605517,-1.6125835280575829,0.4810949964205539,2.1120355488853693,1.457067739233902]",False,stationary,False,,15,100,,17,,,,True,True,True,0.0013354017971085647,0.00809202315477359,"[""position_tolerance""]",position_tolerance,0.9999999999990005,3917248,False
2fd3a57eec6395bc3eb33f31da38087b302c57fc3e36e858c612b5478ea52b46,panda,point_loop_control,0,"[-0.39276632178598636,-0.015028690790501401,-1.3876391777605517,-1.6125835261726442,0.4810949964205539,2.112035543749718,1.4570677395341638]",False,stationary,False,,18,101,102,20,83,0.05624755498400376,0.999999,True,True,True,0.001335401906916454,0.008092021774758503,"[""position_tolerance""]",position_tolerance,0.9999999999990005,13987559,False
2fd3a57eec6395bc3eb33f31da38087b302c57fc3e36e858c612b5478ea52b46,panda,single_gn_k1,2,"[-0.39276670627817184,-0.015028468773545136,-1.3876391777605517,-1.612583083274656,0.4810949964205539,2.112033771357668,1.4570643992124286]",False,stationary,False,,15,100,,17,,,,True,True,True,0.001335477747830144,0.008091069374226087,"[""position_tolerance""]",position_tolerance,0.9999999999990005,3891922,False
2fd3a57eec6395bc3eb33f31da38087b302c57fc3e36e858c612b5478ea52b46,panda,task_excess_isotropic,1,"[-0.3930675853233835,-0.014203862664778862,-1.3876391777605517,-1.6127059730497062,0.4810949964205539,2.1136940319290534,1.4571186436156196]",False,iteration_limit,False,,30,117,118,32,87,0.027407350775506493,0.999999,True,True,True,0.0011911022023412335,0.009906971447448051,"[""position_tolerance"",""orientation_tolerance""]",position_tolerance+orientation_tolerance,0.9999999999990005,17453523,False
2fd3a57eec6395bc3eb33f31da38087b302c57fc3e36e858c612b5478ea52b46,panda,single_gn_k1,0,"[-0.39276670627817184,-0.015028468773545136,-1.3876391777605517,-1.612583083274656,0.4810949964205539,2.112033771357668,1.4570643992124286]",False,stationary,False,,15,100,,17,,,,True,True,True,0.001335477747830144,0.008091069374226087,"[""position_tolerance""]",position_tolerance,0.9999999999990005,3871135,False
2fd3a57eec6395bc3eb33f31da38087b302c57fc3e36e858c612b5478ea52b46,panda,task_excess_gn,2,"[-0.39306476791073236,-0.014211363457582057,-1.3876391777605517,-1.612705033205973,0.4810949964205539,2.113679347375876,1.4571183753716834]",False,stationary,False,,22,125,126,24,103,0.027404759710837178,0.999999,True,True,True,0.001192398665364312,0.009890652038570093,"[""position_tolerance"",""orientation_tolerance""]",position_tolerance+orientation_tolerance,0.9999999999990005,19305437,False
2fd3a57eec6395bc3eb33f31da38087b302c57fc3e36e858c612b5478ea52b46,panda,point_loop_control,1,"[-0.39276632178598636,-0.015028690790501401,-1.3876391777605517,-1.6125835261726442,0.4810949964205539,2.112035543749718,1.4570677395341638]",False,stationary,False,,18,101,102,20,83,0.05624755498400376,0.999999,True,True,True,0.001335401906916454,0.008092021774758503,"[""position_tolerance""]",position_tolerance,0.9999999999990005,14015831,False
2fd3a57eec6395bc3eb33f31da38087b302c57fc3e36e858c612b5478ea52b46,panda,task_excess_lbfgsb,2,"[-0.39306958335049974,-0.01420723077008854,-1.3876391777605517,-1.612696761922084,0.4810949964205539,2.1136687342137868,1.4570692268572996]",False,optimizer_stop,False,"{""code"":1,""success"":false,""message"":""STOP: TOTAL NO. OF ITERATIONS REACHED LIMIT""}",30,35,36,0,0,0.027407338545774606,0.999999,True,True,True,0.0011923662682796143,0.009891228378375543,"[""position_tolerance"",""orientation_tolerance""]",position_tolerance+orientation_tolerance,0.9999999999990005,6318774,False
2fd3a57eec6395bc3eb33f31da38087b302c57fc3e36e858c612b5478ea52b46,panda,single_gn_k0,0,"[-0.3927663199397878,-0.015028693141120047,-1.3876391777605517,-1.6125835280575829,0.4810949964205539,2.1120355488853693,1.457067739233902]",False,stationary,False,,15,100,,17,,,,True,True,True,0.0013354017971085647,0.00809202315477359,"[""position_tolerance""]",position_tolerance,0.9999999999990005,3926936,False
2fd3a57eec6395bc3eb33f31da38087b302c57fc3e36e858c612b5478ea52b46,panda,task_excess_isotropic,0,"[-0.3930675853233835,-0.014203862664778862,-1.3876391777605517,-1.6127059730497062,0.4810949964205539,2.1136940319290534,1.4571186436156196]",False,iteration_limit,False,,30,117,118,32,87,0.027407350775506493,0.999999,True,True,True,0.0011911022023412335,0.009906971447448051,"[""position_tolerance"",""orientation_tolerance""]",position_tolerance+orientation_tolerance,0.9999999999990005,17610609,False
2fd3a57eec6395bc3eb33f31da38087b302c57fc3e36e858c612b5478ea52b46,panda,task_excess_lbfgsb,1,"[-0.39306958335049974,-0.01420723077008854,-1.3876391777605517,-1.612696761922084,0.4810949964205539,2.1136687342137868,1.4570692268572996]",False,optimizer_stop,False,"{""code"":1,""success"":false,""message"":""STOP: TOTAL NO. OF ITERATIONS REACHED LIMIT""}",30,35,36,0,0,0.027407338545774606,0.999999,True,True,True,0.0011923662682796143,0.009891228378375543,"[""position_tolerance"",""orientation_tolerance""]",position_tolerance+orientation_tolerance,0.9999999999990005,6281936,False
2fd3a57eec6395bc3eb33f31da38087b302c57fc3e36e858c612b5478ea52b46,panda,task_excess_gn,0,"[-0.39306476791073236,-0.014211363457582057,-1.3876391777605517,-1.612705033205973,0.4810949964205539,2.113679347375876,1.4571183753716834]",False,stationary,False,,22,125,126,24,103,0.027404759710837178,0.999999,True,True,True,0.001192398665364312,0.009890652038570093,"[""position_tolerance"",""orientation_tolerance""]",position_tolerance+orientation_tolerance,0.9999999999990005,19419461,False
38a05d1395bf5c619495c550deeb27ab986b2f0ac6adb5ae722cd2a37e61e49e,panda,single_gn_k1,1,"[-2.323734160948875,0.08945778842047467,1.0657396147661646,-0.541113677945477,2.897299999999,2.384706974746876,1.616252094120531]",False,no_descent,False,,14,106,,15,,,,True,True,True,0.0010495305921099862,0.001759907569247202,"[""position_tolerance""]",position_tolerance,0.9999999999989987,4059006,False
38a05d1395bf5c619495c550deeb27ab986b2f0ac6adb5ae722cd2a37e61e49e,panda,task_excess_lbfgsb,2,"[-2.2883953668454255,0.08753041964122762,1.0217852525634696,-0.5363742747847844,2.897299999999,2.3922114346083396,1.6267190635068354]",False,optimizer_stop,False,"{""code"":1,""success"":false,""message"":""STOP: TOTAL NO. OF ITERATIONS REACHED LIMIT""}",30,37,38,0,0,1.638561180586984e-05,0.999999,True,True,True,0.001005674156997455,0.00873319017362358,"[""position_tolerance"",""orientation_tolerance""]",position_tolerance+orientation_tolerance,0.17463836577832623,6599086,False
38a05d1395bf5c619495c550deeb27ab986b2f0ac6adb5ae722cd2a37e61e49e,panda,point_loop_control,0,"[-2.3237433694840566,0.0894538605051856,1.0657396147661646,-0.5411155520141807,2.897299999999,2.384713191755259,1.6162641436975755]",False,stationary,False,,17,89,90,18,72,0.001218383060779371,0.999999,True,True,True,0.001049362611309939,0.0017674935268099457,"[""position_tolerance""]",position_tolerance,0.9999999999989987,12340027,False
38a05d1395bf5c619495c550deeb27ab986b2f0ac6adb5ae722cd2a37e61e49e,panda,task_excess_isotropic,0,"[-2.3236736825056834,0.0880858028190802,1.0626149553965123,-0.5401964176486637,2.897147729483365,2.391377436673457,1.6155272924578477]",True,task_admissible,True,,3,10,11,11,7,0.0,0.999999,True,True,True,0.0009521880918921703,0.008210573289761222,[],accepted,0.9283335006950459,1769457,True
38a05d1395bf5c619495c550deeb27ab986b2f0ac6adb5ae722cd2a37e61e49e,panda,task_excess_lbfgsb,0,"[-2.2883953668454255,0.08753041964122762,1.0217852525634696,-0.5363742747847844,2.897299999999,2.3922114346083396,1.6267190635068354]",False,optimizer_stop,False,"{""code"":1,""success"":false,""message"":""STOP: TOTAL NO. OF ITERATIONS REACHED LIMIT""}",30,37,38,0,0,1.638561180586984e-05,0.999999,True,True,True,0.001005674156997455,0.00873319017362358,"[""position_tolerance"",""orientation_tolerance""]",position_tolerance+orientation_tolerance,0.17463836577832623,6439989,False
38a05d1395bf5c619495c550deeb27ab986b2f0ac6adb5ae722cd2a37e61e49e,panda,task_excess_isotropic,1,"[-2.3236736825056834,0.0880858028190802,1.0626149553965123,-0.5401964176486637,2.897147729483365,2.391377436673457,1.6155272924578477]",True,task_admissible,True,,3,10,11,11,7,0.0,0.999999,True,True,True,0.0009521880918921703,0.008210573289761222,[],accepted,0.9283335006950459,1788560,True
38a05d1395bf5c619495c550deeb27ab986b2f0ac6adb5ae722cd2a37e61e49e,panda,single_gn_k1,2,"[-2.323734160948875,0.08945778842047467,1.0657396147661646,-0.541113677945477,2.897299999999,2.384706974746876,1.616252094120531]",False,no_descent,False,,14,106,,15,,,,True,True,True,0.0010495305921099862,0.001759907569247202,"[""position_tolerance""]",position_tolerance,0.9999999999989987,3966209,False
38a05d1395bf5c619495c550deeb27ab986b2f0ac6adb5ae722cd2a37e61e49e,panda,task_excess_isotropic,2,"[-2.3236736825056834,0.0880858028190802,1.0626149553965123,-0.5401964176486637,2.897147729483365,2.391377436673457,1.6155272924578477]",True,task_admissible,True,,3,10,11,11,7,0.0,0.999999,True,True,True,0.0009521880918921703,0.008210573289761222,[],accepted,0.9283335006950459,1775675,True
38a05d1395bf5c619495c550deeb27ab986b2f0ac6adb5ae722cd2a37e61e49e,panda,task_excess_lbfgsb,1,"[-2.2883953668454255,0.08753041964122762,1.0217852525634696,-0.5363742747847844,2.897299999999,2.3922114346083396,1.6267190635068354]",False,optimizer_stop,False,"{""code"":1,""success"":false,""message"":""STOP: TOTAL NO. OF ITERATIONS REACHED LIMIT""}",30,37,38,0,0,1.638561180586984e-05,0.999999,True,True,True,0.001005674156997455,0.00873319017362358,"[""position_tolerance"",""orientation_tolerance""]",position_tolerance+orientation_tolerance,0.17463836577832623,6469810,False
38a05d1395bf5c619495c550deeb27ab986b2f0ac6adb5ae722cd2a37e61e49e,panda,task_excess_gn,1,"[-2.328628554116173,0.08639101952706461,1.0656874339911862,-0.5421461411695968,2.897299999999,2.391520699153955,1.6211265964404833]",True,task_admissible,True,,7,17,18,10,10,3.4639343682814123e-19,0.999999,True,True,True,0.000999999000820959,0.008726637534550693,[],accepted,0.9999999999990037,2985542,True
38a05d1395bf5c619495c550deeb27ab986b2f0ac6adb5ae722cd2a37e61e49e,panda,point_loop_control,1,"[-2.3237433694840566,0.0894538605051856,1.0657396147661646,-0.5411155520141807,2.897299999999,2.384713191755259,1.6162641436975755]",False,stationary,False,,17,89,90,18,72,0.001218383060779371,0.999999,True,True,True,0.001049362611309939,0.0017674935268099457,"[""position_tolerance""]",position_tolerance,0.9999999999989987,12334202,False
38a05d1395bf5c619495c550deeb27ab986b2f0ac6adb5ae722cd2a37e61e49e,panda,single_gn_k0,1,"[-2.323743368275108,0.08945386094301055,1.0657396147661646,-0.5411155509935286,2.897299999999,2.3847131935265407,1.616264142779811]",False,stationary,False,,15,100,,16,,,,True,True,True,0.0010493625994684305,0.0017674940622091923,"[""position_tolerance""]",position_tolerance,0.9999999999989987,3802043,False
38a05d1395bf5c619495c550deeb27ab986b2f0ac6adb5ae722cd2a37e61e49e,panda,task_excess_gn,2,"[-2.328628554116173,0.08639101952706461,1.0656874339911862,-0.5421461411695968,2.897299999999,2.391520699153955,1.6211265964404833]",True,task_admissible,True,,7,17,18,10,10,3.4639343682814123e-19,0.999999,True,True,True,0.000999999000820959,0.008726637534550693,[],accepted,0.9999999999990037,2958943,True
38a05d1395bf5c619495c550deeb27ab986b2f0ac6adb5ae722cd2a37e61e49e,panda,single_gn_k1,0,"[-2.323734160948875,0.08945778842047467,1.0657396147661646,-0.541113677945477,2.897299999999,2.384706974746876,1.616252094120531]",False,no_descent,False,,14,106,,15,,,,True,True,True,0.0010495305921099862,0.001759907569247202,"[""position_tolerance""]",position_tolerance,0.9999999999989987,3945359,False
38a05d1395bf5c619495c550deeb27ab986b2f0ac6adb5ae722cd2a37e61e49e,panda,single_gn_k0,0,"[-2.323743368275108,0.08945386094301055,1.0657396147661646,-0.5411155509935286,2.897299999999,2.3847131935265407,1.616264142779811]",False,stationary,False,,15,100,,16,,,,True,True,True,0.0010493625994684305,0.0017674940622091923,"[""position_tolerance""]",position_tolerance,0.9999999999989987,3762846,False
38a05d1395bf5c619495c550deeb27ab986b2f0ac6adb5ae722cd2a37e61e49e,panda,single_gn_k0,2,"[-2.323743368275108,0.08945386094301055,1.0657396147661646,-0.5411155509935286,2.897299999999,2.3847131935265407,1.616264142779811]",False,stationary,False,,15,100,,16,,,,True,True,True,0.0010493625994684305,0.0017674940622091923,"[""position_tolerance""]",position_tolerance,0.9999999999989987,3789442,False
38a05d1395bf5c619495c550deeb27ab986b2f0ac6adb5ae722cd2a37e61e49e,panda,point_loop_control,2,"[-2.3237433694840566,0.0894538605051856,1.0657396147661646,-0.5411155520141807,2.897299999999,2.384713191755259,1.6162641436975755]",False,stationary,False,,17,89,90,18,72,0.001218383060779371,0.999999,True,True,True,0.001049362611309939,0.0017674935268099457,"[""position_tolerance""]",position_tolerance,0.9999999999989987,12254992,False
38a05d1395bf5c619495c550deeb27ab986b2f0ac6adb5ae722cd2a37e61e49e,panda,task_excess_gn,0,"[-2.328628554116173,0.08639101952706461,1.0656874339911862,-0.5421461411695968,2.897299999999,2.391520699153955,1.6211265964404833]",True,task_admissible,True,,7,17,18,10,10,3.4639343682814123e-19,0.999999,True,True,True,0.000999999000820959,0.008726637534550693,[],accepted,0.9999999999990037,2969488,True
39c75753efb5d6819f9e2fa625acc562639c1984188f4add89936eef1680ed81,panda,task_excess_gn,1,"[-0.14697282024272867,-0.0016361356139258608,0.9697936359426602,-1.86997142903577,-0.9233361484164563,2.117183928056951,2.897299999999]",True,task_admissible,True,,5,10,11,6,5,1.2910702115601626e-13,0.999999,True,True,True,0.0009999990789257415,0.008726641913963011,[],accepted,0.2893100155749329,1903112,True
39c75753efb5d6819f9e2fa625acc562639c1984188f4add89936eef1680ed81,panda,single_gn_k0,2,"[-0.10740589937231401,0.0004474193266230666,0.9328114764190316,-1.86828675605637,-0.9278701315674475,2.114285062487695,2.897299999999]",False,stationary,False,,18,106,,20,,,,True,True,True,0.0002771557882503461,0.008978176651824165,"[""orientation_tolerance""]",orientation_tolerance,0.9999999999989999,4177694,False
39c75753efb5d6819f9e2fa625acc562639c1984188f4add89936eef1680ed81,panda,point_loop_control,1,"[-0.10740589937231401,0.00044742010108903625,0.9328114771045519,-1.8682867551387434,-0.9278701313980614,2.114285060206633,2.897299999999]",False,stationary,False,,18,92,93,20,74,0.0004154192060845581,0.999999,True,True,True,0.0002771557584675215,0.008978176721839494,"[""orientation_tolerance""]",orientation_tolerance,0.9999999999989999,12817651,False
39c75753efb5d6819f9e2fa625acc562639c1984188f4add89936eef1680ed81,panda,single_gn_k1,0,"[-0.10740589937231401,0.000448273504931092,0.9328121853459491,-1.8682854443898467,-0.9278682291802497,2.1142819782458138,2.897299999999]",False,stationary,False,,17,104,,19,,,,True,True,True,0.0002771965565680613,0.008978081352415304,"[""orientation_tolerance""]",orientation_tolerance,0.9999999999989999,4039641,False
39c75753efb5d6819f9e2fa625acc562639c1984188f4add89936eef1680ed81,panda,task_excess_gn,0,"[-0.14697282024272867,-0.0016361356139258608,0.9697936359426602,-1.86997142903577,-0.9233361484164563,2.117183928056951,2.897299999999]",True,task_admissible,True,,5,10,11,6,5,1.2910702115601626e-13,0.999999,True,True,True,0.0009999990789257415,0.008726641913963011,[],accepted,0.2893100155749329,1862416,True
39c75753efb5d6819f9e2fa625acc562639c1984188f4add89936eef1680ed81,panda,single_gn_k1,2,"[-0.10740589937231401,0.000448273504931092,0.9328121853459491,-1.8682854443898467,-0.9278682291802497,2.1142819782458138,2.897299999999]",False,stationary,False,,17,104,,19,,,,True,True,True,0.0002771965565680613,0.008978081352415304,"[""orientation_tolerance""]",orientation_tolerance,0.9999999999989999,4051133,False
39c75753efb5d6819f9e2fa625acc562639c1984188f4add89936eef1680ed81,panda,task_excess_isotropic,2,"[-0.14676200288785507,-0.0001098895740718615,0.9713634673614194,-1.8679129293459213,-0.9275751184418284,2.114669569548285,2.897299999999]",True,task_admissible,True,,2,7,8,3,5,0.0,0.999999,True,True,True,0.0007824812230676595,0.00790053334342836,[],accepted,0.33738570407715074,1216083,True
39c75753efb5d6819f9e2fa625acc562639c1984188f4add89936eef1680ed81,panda,task_excess_lbfgsb,0,"[-0.14576245869220372,-0.005179976897949556,0.9678089011527423,-1.8734835474827194,-0.9246073286356519,2.122361163660496,2.897299999999]",True,task_admissible,True,,0,19,20,0,0,3.6886235793450696e-16,0.999999,True,True,True,0.0009921995227303178,0.008726637770378949,[],accepted,0.2257174453984577,3502963,True
39c75753efb5d6819f9e2fa625acc562639c1984188f4add89936eef1680ed81,panda,point_loop_control,0,"[-0.10740589937231401,0.00044742010108903625,0.9328114771045519,-1.8682867551387434,-0.9278701313980614,2.114285060206633,2.897299999999]",False,stationary,False,,18,92,93,20,74,0.0004154192060845581,0.999999,True,True,True,0.0002771557584675215,0.008978176721839494,"[""orientation_tolerance""]",orientation_tolerance,0.9999999999989999,12733976,False
39c75753efb5d6819f9e2fa625acc562639c1984188f4add89936eef1680ed81,panda,single_gn_k0,1,"[-0.10740589937231401,0.0004474193266230666,0.9328114764190316,-1.86828675605637,-0.9278701315674475,2.114285062487695,2.897299999999]",False,stationary,False,,18,106,,20,,,,True,True,True,0.0002771557882503461,0.008978176651824165,"[""orientation_tolerance""]",orientation_tolerance,0.9999999999989999,4156622,False
39c75753efb5d6819f9e2fa625acc562639c1984188f4add89936eef1680ed81,panda,task_excess_isotropic,0,"[-0.14676200288785507,-0.0001098895740718615,0.9713634673614194,-1.8679129293459213,-0.9275751184418284,2.114669569548285,2.897299999999]",True,task_admissible,True,,2,7,8,3,5,0.0,0.999999,True,True,True,0.0007824812230676595,0.00790053334342836,[],accepted,0.33738570407715074,1230231,True
39c75753efb5d6819f9e2fa625acc562639c1984188f4add89936eef1680ed81,panda,task_excess_gn,2,"[-0.14697282024272867,-0.0016361356139258608,0.9697936359426602,-1.86997142903577,-0.9233361484164563,2.117183928056951,2.897299999999]",True,task_admissible,True,,5,10,11,6,5,1.2910702115601626e-13,0.999999,True,True,True,0.0009999990789257415,0.008726641913963011,[],accepted,0.2893100155749329,1821806,True
39c75753efb5d6819f9e2fa625acc562639c1984188f4add89936eef1680ed81,panda,point_loop_control,2,"[-0.10740589937231401,0.00044742010108903625,0.9328114771045519,-1.8682867551387434,-0.9278701313980614,2.114285060206633,2.897299999999]",False,stationary,False,,18,92,93,20,74,0.0004154192060845581,0.999999,True,True,True,0.0002771557584675215,0.008978176721839494,"[""orientation_tolerance""]",orientation_tolerance,0.9999999999989999,12661377,False
39c75753efb5d6819f9e2fa625acc562639c1984188f4add89936eef1680ed81,panda,task_excess_isotropic,1,"[-0.14676200288785507,-0.0001098895740718615,0.9713634673614194,-1.8679129293459213,-0.9275751184418284,2.114669569548285,2.897299999999]",True,task_admissible,True,,2,7,8,3,5,0.0,0.999999,True,True,True,0.0007824812230676595,0.00790053334342836,[],accepted,0.33738570407715074,1192225,True
39c75753efb5d6819f9e2fa625acc562639c1984188f4add89936eef1680ed81,panda,task_excess_lbfgsb,1,"[-0.14576245869220372,-0.005179976897949556,0.9678089011527423,-1.8734835474827194,-0.9246073286356519,2.122361163660496,2.897299999999]",True,task_admissible,True,,0,19,20,0,0,3.6886235793450696e-16,0.999999,True,True,True,0.0009921995227303178,0.008726637770378949,[],accepted,0.2257174453984577,3465114,True
39c75753efb5d6819f9e2fa625acc562639c1984188f4add89936eef1680ed81,panda,task_excess_lbfgsb,2,"[-0.14576245869220372,-0.005179976897949556,0.9678089011527423,-1.8734835474827194,-0.9246073286356519,2.122361163660496,2.897299999999]",True,task_admissible,True,,0,19,20,0,0,3.6886235793450696e-16,0.999999,True,True,True,0.0009921995227303178,0.008726637770378949,[],accepted,0.2257174453984577,3422043,True
39c75753efb5d6819f9e2fa625acc562639c1984188f4add89936eef1680ed81,panda,single_gn_k1,1,"[-0.10740589937231401,0.000448273504931092,0.9328121853459491,-1.8682854443898467,-0.9278682291802497,2.1142819782458138,2.897299999999]",False,stationary,False,,17,104,,19,,,,True,True,True,0.0002771965565680613,0.008978081352415304,"[""orientation_tolerance""]",orientation_tolerance,0.9999999999989999,4062133,False
39c75753efb5d6819f9e2fa625acc562639c1984188f4add89936eef1680ed81,panda,single_gn_k0,0,"[-0.10740589937231401,0.0004474193266230666,0.9328114764190316,-1.86828675605637,-0.9278701315674475,2.114285062487695,2.897299999999]",False,stationary,False,,18,106,,20,,,,True,True,True,0.0002771557882503461,0.008978176651824165,"[""orientation_tolerance""]",orientation_tolerance,0.9999999999989999,4094825,False
3cb5ae5e3ed83e96de6ea7b6a86708da3bcaaf99454050465495c03aa329b03d,panda,single_gn_k1,0,"[-2.3237341609490763,0.08945778842046724,1.0657396147663691,-0.5411136779455125,2.897299999999,2.3847069747468597,1.6162520941205245]",False,no_descent,False,,14,106,,15,,,,True,True,True,0.0010495305921093213,0.0017599075692463126,"[""position_tolerance""]",position_tolerance,0.9999999999989987,4030783,False
3cb5ae5e3ed83e96de6ea7b6a86708da3bcaaf99454050465495c03aa329b03d,panda,point_loop_control,0,"[-2.3237433694793097,0.08945386050687716,1.0657396147663691,-0.5411155520095324,2.897299999999,2.3847131917645132,1.6162641436940126]",False,stationary,False,,19,112,113,20,93,0.001218383056962986,0.999999,True,True,True,0.0010493626112326273,0.0017674935302827075,"[""position_tolerance""]",position_tolerance,0.9999999999989987,15390875,False
3cb5ae5e3ed83e96de6ea7b6a86708da3bcaaf99454050465495c03aa329b03d,panda,task_excess_gn,2,"[-2.3286285541163734,0.08639101952705522,1.0656874339913869,-0.542146141169634,2.897299999999,2.3915206991539364,1.6211265964404815]",True,task_admissible,True,,7,17,18,10,10,3.4635933834733866e-19,0.999999,True,True,True,0.0009999990008209233,0.00872663753455039,[],accepted,0.9999999999990037,2990384,True
3cb5ae5e3ed83e96de6ea7b6a86708da3bcaaf99454050465495c03aa329b03d,panda,task_excess_gn,1,"[-2.3286285541163734,0.08639101952705522,1.0656874339913869,-0.542146141169634,2.897299999999,2.3915206991539364,1.6211265964404815]",True,task_admissible,True,,7,17,18,10,10,3.4635933834733866e-19,0.999999,True,True,True,0.0009999990008209233,0.00872663753455039,[],accepted,0.9999999999990037,2950685,True
3cb5ae5e3ed83e96de6ea7b6a86708da3bcaaf99454050465495c03aa329b03d,panda,task_excess_lbfgsb,1,"[-2.2883953668476584,0.08753041963974623,1.0217852525577775,-0.5363742747886612,2.897299999999,2.39221143460388,1.626719063507092]",False,optimizer_stop,False,"{""code"":1,""success"":false,""message"":""STOP: TOTAL NO. OF ITERATIONS REACHED LIMIT""}",30,37,38,0,0,1.6385611778678304e-05,0.999999,True,True,True,0.0010056741569954598,0.00873319017343915,"[""position_tolerance"",""orientation_tolerance""]",position_tolerance+orientation_tolerance,0.17463836569336338,6533514,False
3cb5ae5e3ed83e96de6ea7b6a86708da3bcaaf99454050465495c03aa329b03d,panda,single_gn_k0,1,"[-2.3237433682753093,0.08945386094300303,1.0657396147663691,-0.541115550993564,2.897299999999,2.3847131935265247,1.6162641427798048]",False,stationary,False,,15,100,,16,,,,True,True,True,0.0010493625994680165,0.0017674940622087326,"[""position_tolerance""]",position_tolerance,0.9999999999989987,3819353,False
3cb5ae5e3ed83e96de6ea7b6a86708da3bcaaf99454050465495c03aa329b03d,panda,task_excess_isotropic,0,"[-2.3236736825058855,0.08808580281907895,1.0626149553967346,-0.5401964176486942,2.8971477294833665,2.391377436673441,1.6155272924578425]",True,task_admissible,True,,3,10,11,11,7,0.0,0.999999,True,True,True,0.0009521880918917366,0.008210573289747627,[],accepted,0.9283335006954534,1774826,True
3cb5ae5e3ed83e96de6ea7b6a86708da3bcaaf99454050465495c03aa329b03d,panda,single_gn_k1,1,"[-2.3237341609490763,0.08945778842046724,1.0657396147663691,-0.5411136779455125,2.897299999999,2.3847069747468597,1.6162520941205245]",False,no_descent,False,,14,106,,15,,,,True,True,True,0.0010495305921093213,0.0017599075692463126,"[""position_tolerance""]",position_tolerance,0.9999999999989987,3950694,False
3cb5ae5e3ed83e96de6ea7b6a86708da3bcaaf99454050465495c03aa329b03d,panda,task_excess_gn,0,"[-2.3286285541163734,0.08639101952705522,1.0656874339913869,-0.542146141169634,2.897299999999,2.3915206991539364,1.6211265964404815]",True,task_admissible,True,,7,17,18,10,10,3.4635933834733866e-19,0.999999,True,True,True,0.0009999990008209233,0.00872663753455039,[],accepted,0.9999999999990037,2943639,True
3cb5ae5e3ed83e96de6ea7b6a86708da3bcaaf99454050465495c03aa329b03d,panda,single_gn_k0,2,"[-2.3237433682753093,0.08945386094300303,1.0657396147663691,-0.541115550993564,2.897299999999,2.3847131935265247,1.6162641427798048]",False,stationary,False,,15,100,,16,,,,True,True,True,0.0010493625994680165,0.0017674940622087326,"[""position_tolerance""]",position_tolerance,0.9999999999989987,3787822,False
3cb5ae5e3ed83e96de6ea7b6a86708da3bcaaf99454050465495c03aa329b03d,panda,point_loop_control,1,"[-2.3237433694793097,0.08945386050687716,1.0657396147663691,-0.5411155520095324,2.897299999999,2.3847131917645132,1.6162641436940126]",False,stationary,False,,19,112,113,20,93,0.001218383056962986,0.999999,True,True,True,0.0010493626112326273,0.0017674935302827075,"[""position_tolerance""]",position_tolerance,0.9999999999989987,15398219,False
3cb5ae5e3ed83e96de6ea7b6a86708da3bcaaf99454050465495c03aa329b03d,panda,task_excess_isotropic,2,"[-2.3236736825058855,0.08808580281907895,1.0626149553967346,-0.5401964176486942,2.8971477294833665,2.391377436673441,1.6155272924578425]",True,task_admissible,True,,3,10,11,11,7,0.0,0.999999,True,True,True,0.0009521880918917366,0.008210573289747627,[],accepted,0.9283335006954534,1746934,True
3cb5ae5e3ed83e96de6ea7b6a86708da3bcaaf99454050465495c03aa329b03d,panda,task_excess_lbfgsb,2,"[-2.2883953668476584,0.08753041963974623,1.0217852525577775,-0.5363742747886612,2.897299999999,2.39221143460388,1.626719063507092]",False,optimizer_stop,False,"{""code"":1,""success"":false,""message"":""STOP: TOTAL NO. OF ITERATIONS REACHED LIMIT""}",30,37,38,0,0,1.6385611778678304e-05,0.999999,True,True,True,0.0010056741569954598,0.00873319017343915,"[""position_tolerance"",""orientation_tolerance""]",position_tolerance+orientation_tolerance,0.17463836569336338,6556785,False
3cb5ae5e3ed83e96de6ea7b6a86708da3bcaaf99454050465495c03aa329b03d,panda,single_gn_k0,0,"[-2.3237433682753093,0.08945386094300303,1.0657396147663691,-0.541115550993564,2.897299999999,2.3847131935265247,1.6162641427798048]",False,stationary,False,,15,100,,16,,,,True,True,True,0.0010493625994680165,0.0017674940622087326,"[""position_tolerance""]",position_tolerance,0.9999999999989987,3858899,False
3cb5ae5e3ed83e96de6ea7b6a86708da3bcaaf99454050465495c03aa329b03d,panda,task_excess_isotropic,1,"[-2.3236736825058855,0.08808580281907895,1.0626149553967346,-0.5401964176486942,2.8971477294833665,2.391377436673441,1.6155272924578425]",True,task_admissible,True,,3,10,11,11,7,0.0,0.999999,True,True,True,0.0009521880918917366,0.008210573289747627,[],accepted,0.9283335006954534,1767956,True
3cb5ae5e3ed83e96de6ea7b6a86708da3bcaaf99454050465495c03aa329b03d,panda,point_loop_control,2,"[-2.3237433694793097,0.08945386050687716,1.0657396147663691,-0.5411155520095324,2.897299999999,2.3847131917645132,1.6162641436940126]",False,stationary,False,,19,112,113,20,93,0.001218383056962986,0.999999,True,True,True,0.0010493626112326273,0.0017674935302827075,"[""position_tolerance""]",position_tolerance,0.9999999999989987,15358563,False
3cb5ae5e3ed83e96de6ea7b6a86708da3bcaaf99454050465495c03aa329b03d,panda,single_gn_k1,2,"[-2.3237341609490763,0.08945778842046724,1.0657396147663691,-0.5411136779455125,2.897299999999,2.3847069747468597,1.6162520941205245]",False,no_descent,False,,14,106,,15,,,,True,True,True,0.0010495305921093213,0.0017599075692463126,"[""position_tolerance""]",position_tolerance,0.9999999999989987,3972357,False
3cb5ae5e3ed83e96de6ea7b6a86708da3bcaaf99454050465495c03aa329b03d,panda,task_excess_lbfgsb,0,"[-2.2883953668476584,0.08753041963974623,1.0217852525577775,-0.5363742747886612,2.897299999999,2.39221143460388,1.626719063507092]",False,optimizer_stop,False,"{""code"":1,""success"":false,""message"":""STOP: TOTAL NO. OF ITERATIONS REACHED LIMIT""}",30,37,38,0,0,1.6385611778678304e-05,0.999999,True,True,True,0.0010056741569954598,0.00873319017343915,"[""position_tolerance"",""orientation_tolerance""]",position_tolerance+orientation_tolerance,0.17463836569336338,6511524,False
4481318d5ddc42ad85a73ca7db0930f598865b9f9facc5c5befea12352f1e43b,panda,task_excess_gn,2,"[-0.3916328780261972,-0.014255722453016241,-1.3890438875592057,-1.6126954519417758,0.4810949964205539,2.113692972831919,1.457115808394021]",False,stationary,False,,22,119,120,24,97,0.026239829500447252,0.999999,True,True,True,0.0011884136290399414,0.009863769655008696,"[""position_tolerance"",""orientation_tolerance""]",position_tolerance+orientation_tolerance,0.9999999999990005,18534334,False
4481318d5ddc42ad85a73ca7db0930f598865b9f9facc5c5befea12352f1e43b,panda,task_excess_isotropic,2,"[-0.3916361308666924,-0.014246489625438327,-1.3890438875592057,-1.6126971006018247,0.4810949964205539,2.1137127474224595,1.457116372611666]",False,iteration_limit,False,,30,116,117,32,86,0.02624416464946713,0.999999,True,True,True,0.0011867393573069369,0.009884896209439772,"[""position_tolerance"",""orientation_tolerance""]",position_tolerance+orientation_tolerance,0.9999999999990005,17302316,False
4481318d5ddc42ad85a73ca7db0930f598865b9f9facc5c5befea12352f1e43b,panda,task_excess_isotropic,0,"[-0.3916361308666924,-0.014246489625438327,-1.3890438875592057,-1.6126971006018247,0.4810949964205539,2.1137127474224595,1.457116372611666]",False,iteration_limit,False,,30,116,117,32,86,0.02624416464946713,0.999999,True,True,True,0.0011867393573069369,0.009884896209439772,"[""position_tolerance"",""orientation_tolerance""]",position_tolerance+orientation_tolerance,0.9999999999990005,17445919,False
4481318d5ddc42ad85a73ca7db0930f598865b9f9facc5c5befea12352f1e43b,panda,single_gn_k1,0,"[-0.39133749873986134,-0.015071474495616842,-1.3890438875592057,-1.6125676508272195,0.4810949964205539,2.1120270656260876,1.4570620592028214]",False,stationary,False,,15,100,,17,,,,True,True,True,0.0013321462502991024,0.008051598942527691,"[""position_tolerance""]",position_tolerance,0.9999999999990005,3906668,False
4481318d5ddc42ad85a73ca7db0930f598865b9f9facc5c5befea12352f1e43b,panda,point_loop_control,1,"[-0.3913371150782358,-0.015071695026356479,-1.3890438875592057,-1.61256809257734,0.4810949964205539,2.1120288363831956,1.457065399657552]",False,stationary,False,,18,110,111,20,92,0.05513567130129088,0.999999,True,True,True,0.001332070291445951,0.00805255510770252,"[""position_tolerance""]",position_tolerance,0.9999999999990005,15239952,False
4481318d5ddc42ad85a73ca7db0930f598865b9f9facc5c5befea12352f1e43b,panda,single_gn_k0,2,"[-0.3913371128272317,-0.015071697957276402,-1.3890438875592057,-1.6125680947968792,0.4810949964205539,2.1120288423220455,1.457065399381021]",False,stationary,False,,15,100,,17,,,,True,True,True,0.00133207017650075,0.008052556555738333,"[""position_tolerance""]",position_tolerance,0.9999999999990005,3855455,False
4481318d5ddc42ad85a73ca7db0930f598865b9f9facc5c5befea12352f1e43b,panda,task_excess_isotropic,1,"[-0.3916361308666924,-0.014246489625438327,-1.3890438875592057,-1.6126971006018247,0.4810949964205539,2.1137127474224595,1.457116372611666]",False,iteration_limit,False,,30,116,117,32,86,0.02624416464946713,0.999999,True,True,True,0.0011867393573069369,0.009884896209439772,"[""position_tolerance"",""orientation_tolerance""]",position_tolerance+orientation_tolerance,0.9999999999990005,17305921,False
4481318d5ddc42ad85a73ca7db0930f598865b9f9facc5c5befea12352f1e43b,panda,single_gn_k0,0,"[-0.3913371128272317,-0.015071697957276402,-1.3890438875592057,-1.6125680947968792,0.4810949964205539,2.1120288423220455,1.457065399381021]",False,stationary,False,,15,100,,17,,,,True,True,True,0.00133207017650075,0.008052556555738333,"[""position_tolerance""]",position_tolerance,0.9999999999990005,3818891,False
4481318d5ddc42ad85a73ca7db0930f598865b9f9facc5c5befea12352f1e43b,panda,task_excess_lbfgsb,1,"[-0.3919254435607899,-0.013881331077110613,-1.3890438875592057,-1.6124066931599048,0.4810949964205539,2.1131512997224027,1.456112367024505]",False,optimizer_stop,False,"{""code"":1,""success"":false,""message"":""STOP: TOTAL NO. OF ITERATIONS REACHED LIMIT""}",30,37,38,0,0,0.027407183255689187,0.999999,True,True,True,0.001188232735672832,0.009941568085177547,"[""position_tolerance"",""orientation_tolerance""]",position_tolerance+orientation_tolerance,0.9999999999990005,6707009,False
4481318d5ddc42ad85a73ca7db0930f598865b9f9facc5c5befea12352f1e43b,panda,task_excess_lbfgsb,0,"[-0.3919254435607899,-0.013881331077110613,-1.3890438875592057,-1.6124066931599048,0.4810949964205539,2.1131512997224027,1.456112367024505]",False,optimizer_stop,False,"{""code"":1,""success"":false,""message"":""STOP: TOTAL NO. OF ITERATIONS REACHED LIMIT""}",30,37,38,0,0,0.027407183255689187,0.999999,True,True,True,0.001188232735672832,0.009941568085177547,"[""position_tolerance"",""orientation_tolerance""]",position_tolerance+orientation_tolerance,0.9999999999990005,6511324,False
4481318d5ddc42ad85a73ca7db0930f598865b9f9facc5c5befea12352f1e43b,panda,single_gn_k0,1,"[-0.3913371128272317,-0.015071697957276402,-1.3890438875592057,-1.6125680947968792,0.4810949964205539,2.1120288423220455,1.457065399381021]",False,stationary,False,,15,100,,17,,,,True,True,True,0.00133207017650075,0.008052556555738333,"[""position_tolerance""]",position_tolerance,0.9999999999990005,3864117,False
4481318d5ddc42ad85a73ca7db0930f598865b9f9facc5c5befea12352f1e43b,panda,task_excess_gn,0,"[-0.3916328780261972,-0.014255722453016241,-1.3890438875592057,-1.6126954519417758,0.4810949964205539,2.113692972831919,1.457115808394021]",False,stationary,False,,22,119,120,24,97,0.026239829500447252,0.999999,True,True,True,0.0011884136290399414,0.009863769655008696,"[""position_tolerance"",""orientation_tolerance""]",position_tolerance+orientation_tolerance,0.9999999999990005,18475600,False
4481318d5ddc42ad85a73ca7db0930f598865b9f9facc5c5befea12352f1e43b,panda,single_gn_k1,2,"[-0.39133749873986134,-0.015071474495616842,-1.3890438875592057,-1.6125676508272195,0.4810949964205539,2.1120270656260876,1.4570620592028214]",False,stationary,False,,15,100,,17,,,,True,True,True,0.0013321462502991024,0.008051598942527691,"[""position_tolerance""]",position_tolerance,0.9999999999990005,3785590,False
4481318d5ddc42ad85a73ca7db0930f598865b9f9facc5c5befea12352f1e43b,panda,task_excess_lbfgsb,2,"[-0.3919254435607899,-0.013881331077110613,-1.3890438875592057,-1.6124066931599048,0.4810949964205539,2.1131512997224027,1.456112367024505]",False,optimizer_stop,False,"{""code"":1,""success"":false,""message"":""STOP: TOTAL NO. OF ITERATIONS REACHED LIMIT""}",30,37,38,0,0,0.027407183255689187,0.999999,True,True,True,0.001188232735672832,0.009941568085177547,"[""position_tolerance"",""orientation_tolerance""]",position_tolerance+orientation_tolerance,0.9999999999990005,6584596,False
4481318d5ddc42ad85a73ca7db0930f598865b9f9facc5c5befea12352f1e43b,panda,point_loop_control,0,"[-0.3913371150782358,-0.015071695026356479,-1.3890438875592057,-1.61256809257734,0.4810949964205539,2.1120288363831956,1.457065399657552]",False,stationary,False,,18,110,111,20,92,0.05513567130129088,0.999999,True,True,True,0.001332070291445951,0.00805255510770252,"[""position_tolerance""]",position_tolerance,0.9999999999990005,15138403,False
4481318d5ddc42ad85a73ca7db0930f598865b9f9facc5c5befea12352f1e43b,panda,task_excess_gn,1,"[-0.3916328780261972,-0.014255722453016241,-1.3890438875592057,-1.6126954519417758,0.4810949964205539,2.113692972831919,1.457115808394021]",False,stationary,False,,22,119,120,24,97,0.026239829500447252,0.999999,True,True,True,0.0011884136290399414,0.009863769655008696,"[""position_tolerance"",""orientation_tolerance""]",position_tolerance+orientation_tolerance,0.9999999999990005,18340393,False
4481318d5ddc42ad85a73ca7db0930f598865b9f9facc5c5befea12352f1e43b,panda,point_loop_control,2,"[-0.3913371150782358,-0.015071695026356479,-1.3890438875592057,-1.61256809257734,0.4810949964205539,2.1120288363831956,1.457065399657552]",False,stationary,False,,18,110,111,20,92,0.05513567130129088,0.999999,True,True,True,0.001332070291445951,0.00805255510770252,"[""position_tolerance""]",position_tolerance,0.9999999999990005,15015694,False
4481318d5ddc42ad85a73ca7db0930f598865b9f9facc5c5befea12352f1e43b,panda,single_gn_k1,1,"[-0.39133749873986134,-0.015071474495616842,-1.3890438875592057,-1.6125676508272195,0.4810949964205539,2.1120270656260876,1.4570620592028214]",False,stationary,False,,15,100,,17,,,,True,True,True,0.0013321462502991024,0.008051598942527691,"[""position_tolerance""]",position_tolerance,0.9999999999990005,3878145,False
45a6400afbe2a6553d656117bcbb5cd6eb766305192d712c5c29a37e44b96fae,panda,task_excess_isotropic,0,"[-0.14676200288877456,-0.00010988957407431863,0.9713634673623373,-1.8679129293459236,-0.9275751184418269,2.114669569548289,2.897299999999]",True,task_admissible,True,,2,7,8,3,5,0.0,0.999999,True,True,True,0.0007824812230678241,0.00790053334342777,[],accepted,0.33738570407714225,1285306,True
45a6400afbe2a6553d656117bcbb5cd6eb766305192d712c5c29a37e44b96fae,panda,point_loop_control,0,"[-0.10740589937324335,0.0004474200988362993,0.9328114771034318,-1.8682867551417586,-0.9278701314021282,2.1142850602140766,2.897299999999]",False,stationary,False,,19,97,98,21,78,0.0004154192055066262,0.999999,True,True,True,0.0002771557585421653,0.008978176721664522,"[""orientation_tolerance""]",orientation_tolerance,0.9999999999989999,13474585,False
45a6400afbe2a6553d656117bcbb5cd6eb766305192d712c5c29a37e44b96fae,panda,single_gn_k1,0,"[-0.10740589937324335,0.00044827350492884576,0.9328121853468775,-1.868285444389849,-0.9278682291802488,2.1142819782458173,2.897299999999]",False,stationary,False,,17,104,,19,,,,True,True,True,0.00027719655656823817,0.008978081352414909,"[""orientation_tolerance""]",orientation_tolerance,0.9999999999989999,4045761,False
45a6400afbe2a6553d656117bcbb5cd6eb766305192d712c5c29a37e44b96fae,panda,single_gn_k0,0,"[-0.10740589937324335,0.0004474193266212653,0.9328114764199597,-1.868286756056372,-0.9278701315674469,2.1142850624876988,2.897299999999]",False,stationary,False,,18,106,,20,,,,True,True,True,0.0002771557882504864,0.008978176651823794,"[""orientation_tolerance""]",orientation_tolerance,0.9999999999989999,4187478,False
45a6400afbe2a6553d656117bcbb5cd6eb766305192d712c5c29a37e44b96fae,panda,single_gn_k1,1,"[-0.10740589937324335,0.00044827350492884576,0.9328121853468775,-1.868285444389849,-0.9278682291802488,2.1142819782458173,2.897299999999]",False,stationary,False,,17,104,,19,,,,True,True,True,0.00027719655656823817,0.008978081352414909,"[""orientation_tolerance""]",orientation_tolerance,0.9999999999989999,4033066,False
45a6400afbe2a6553d656117bcbb5cd6eb766305192d712c5c29a37e44b96fae,panda,task_excess_isotropic,1,"[-0.14676200288877456,-0.00010988957407431863,0.9713634673623373,-1.8679129293459236,-0.9275751184418269,2.114669569548289,2.897299999999]",True,task_admissible,True,,2,7,8,3,5,0.0,0.999999,True,True,True,0.0007824812230678241,0.00790053334342777,[],accepted,0.33738570407714225,1218013,True
45a6400afbe2a6553d656117bcbb5cd6eb766305192d712c5c29a37e44b96fae,panda,single_gn_k1,2,"[-0.10740589937324335,0.00044827350492884576,0.9328121853468775,-1.868285444389849,-0.9278682291802488,2.1142819782458173,2.897299999999]",False,stationary,False,,17,104,,19,,,,True,True,True,0.00027719655656823817,0.008978081352414909,"[""orientation_tolerance""]",orientation_tolerance,0.9999999999989999,4024577,False
45a6400afbe2a6553d656117bcbb5cd6eb766305192d712c5c29a37e44b96fae,panda,point_loop_control,2,"[-0.10740589937324335,0.0004474200988362993,0.9328114771034318,-1.8682867551417586,-0.9278701314021282,2.1142850602140766,2.897299999999]",False,stationary,False,,19,97,98,21,78,0.0004154192055066262,0.999999,True,True,True,0.0002771557585421653,0.008978176721664522,"[""orientation_tolerance""]",orientation_tolerance,0.9999999999989999,13390645,False
45a6400afbe2a6553d656117bcbb5cd6eb766305192d712c5c29a37e44b96fae,panda,task_excess_lbfgsb,0,"[-0.14576245869313456,-0.005179976897963454,0.9678089011536685,-1.8734835474827207,-0.9246073286356359,2.1223611636605155,2.897299999999]",True,task_admissible,True,,0,19,20,0,0,3.6886338923163027e-16,0.999999,True,True,True,0.0009921995227297913,0.00872663777037928,[],accepted,0.22571744539818597,3505901,True
45a6400afbe2a6553d656117bcbb5cd6eb766305192d712c5c29a37e44b96fae,panda,point_loop_control,1,"[-0.10740589937324335,0.0004474200988362993,0.9328114771034318,-1.8682867551417586,-0.9278701314021282,2.1142850602140766,2.897299999999]",False,stationary,False,,19,97,98,21,78,0.0004154192055066262,0.999999,True,True,True,0.0002771557585421653,0.008978176721664522,"[""orientation_tolerance""]",orientation_tolerance,0.9999999999989999,13467083,False
45a6400afbe2a6553d656117bcbb5cd6eb766305192d712c5c29a37e44b96fae,panda,task_excess_gn,1,"[-0.14697282024355865,-0.0016361356139399383,0.9697936359434862,-1.8699714290357716,-0.9233361484164312,2.117183928056956,2.897299999999]",True,task_admissible,True,,5,10,11,6,5,1.2910701252695573e-13,0.999999,True,True,True,0.0009999990789258454,0.008726641913962718,[],accepted,0.28931001557490743,1863281,True
45a6400afbe2a6553d656117bcbb5cd6eb766305192d712c5c29a37e44b96fae,panda,task_excess_lbfgsb,1,"[-0.14576245869313456,-0.005179976897963454,0.9678089011536685,-1.8734835474827207,-0.9246073286356359,2.1223611636605155,2.897299999999]",True,task_admissible,True,,0,19,20,0,0,3.6886338923163027e-16,0.999999,True,True,True,0.0009921995227297913,0.00872663777037928,[],accepted,0.22571744539818597,3472051,True
45a6400afbe2a6553d656117bcbb5cd6eb766305192d712c5c29a37e44b96fae,panda,single_gn_k0,1,"[-0.10740589937324335,0.0004474193266212653,0.9328114764199597,-1.868286756056372,-0.9278701315674469,2.1142850624876988,2.897299999999]",False,stationary,False,,18,106,,20,,,,True,True,True,0.0002771557882504864,0.008978176651823794,"[""orientation_tolerance""]",orientation_tolerance,0.9999999999989999,4252753,False
45a6400afbe2a6553d656117bcbb5cd6eb766305192d712c5c29a37e44b96fae,panda,task_excess_gn,0,"[-0.14697282024355865,-0.0016361356139399383,0.9697936359434862,-1.8699714290357716,-0.9233361484164312,2.117183928056956,2.897299999999]",True,task_admissible,True,,5,10,11,6,5,1.2910701252695573e-13,0.999999,True,True,True,0.0009999990789258454,0.008726641913962718,[],accepted,0.28931001557490743,1899413,True
45a6400afbe2a6553d656117bcbb5cd6eb766305192d712c5c29a37e44b96fae,panda,task_excess_gn,2,"[-0.14697282024355865,-0.0016361356139399383,0.9697936359434862,-1.8699714290357716,-0.9233361484164312,2.117183928056956,2.897299999999]",True,task_admissible,True,,5,10,11,6,5,1.2910701252695573e-13,0.999999,True,True,True,0.0009999990789258454,0.008726641913962718,[],accepted,0.28931001557490743,1857884,True
45a6400afbe2a6553d656117bcbb5cd6eb766305192d712c5c29a37e44b96fae,panda,task_excess_isotropic,2,"[-0.14676200288877456,-0.00010988957407431863,0.9713634673623373,-1.8679129293459236,-0.9275751184418269,2.114669569548289,2.897299999999]",True,task_admissible,True,,2,7,8,3,5,0.0,0.999999,True,True,True,0.0007824812230678241,0.00790053334342777,[],accepted,0.33738570407714225,1202149,True
45a6400afbe2a6553d656117bcbb5cd6eb766305192d712c5c29a37e44b96fae,panda,single_gn_k0,2,"[-0.10740589937324335,0.0004474193266212653,0.9328114764199597,-1.868286756056372,-0.9278701315674469,2.1142850624876988,2.897299999999]",False,stationary,False,,18,106,,20,,,,True,True,True,0.0002771557882504864,0.008978176651823794,"[""orientation_tolerance""]",orientation_tolerance,0.9999999999989999,4122519,False
45a6400afbe2a6553d656117bcbb5cd6eb766305192d712c5c29a37e44b96fae,panda,task_excess_lbfgsb,2,"[-0.14576245869313456,-0.005179976897963454,0.9678089011536685,-1.8734835474827207,-0.9246073286356359,2.1223611636605155,2.897299999999]",True,task_admissible,True,,0,19,20,0,0,3.6886338923163027e-16,0.999999,True,True,True,0.0009921995227297913,0.00872663777037928,[],accepted,0.22571744539818597,3450972,True
4a572d8f78d78baeb87b2b0623b7c585bda754c65c59e35bfb451b8b93f4e402,panda,single_gn_k0,0,"[0.07935693197622179,0.031218897636966857,-1.816213849248365,-1.0571892944333634,-0.1772543316060931,3.4044629551649974,0.36450341583759127]",False,stationary,False,,15,100,,19,,,,True,True,True,0.0011655545572350392,0.01010956588146476,"[""position_tolerance"",""orientation_tolerance""]",position_tolerance+orientation_tolerance,0.9999999999990005,3895117,False
4a572d8f78d78baeb87b2b0623b7c585bda754c65c59e35bfb451b8b93f4e402,panda,point_loop_control,1,"[0.07935693197622179,0.031218889533412557,-1.8162138387410167,-1.0571892911575682,-0.1772543446266582,3.4044629544722795,0.36450341583759127]",False,stationary,False,,15,63,64,19,48,0.02626099411374405,0.999999,True,True,True,0.0011655543704497924,0.01010956752143748,"[""position_tolerance"",""orientation_tolerance""]",position_tolerance+orientation_tolerance,0.9999999999990005,8897593,False
4a572d8f78d78baeb87b2b0623b7c585bda754c65c59e35bfb451b8b93f4e402,panda,point_loop_control,0,"[0.07935693197622179,0.031218889533412557,-1.8162138387410167,-1.0571892911575682,-0.1772543446266582,3.4044629544722795,0.36450341583759127]",False,stationary,False,,15,63,64,19,48,0.02626099411374405,0.999999,True,True,True,0.0011655543704497924,0.01010956752143748,"[""position_tolerance"",""orientation_tolerance""]",position_tolerance+orientation_tolerance,0.9999999999990005,8886612,False
4a572d8f78d78baeb87b2b0623b7c585bda754c65c59e35bfb451b8b93f4e402,panda,single_gn_k1,2,"[0.07935693197622179,0.03121222392358987,-1.8162044635628931,-1.0571849008708407,-0.17726414357867337,3.404454918022718,0.36450341583759127]",False,no_descent,False,,22,139,,26,,,,True,True,True,0.0011648613145514674,0.010115652858782543,"[""position_tolerance"",""orientation_tolerance""]",position_tolerance+orientation_tolerance,0.9999999999990005,5286323,False
4a572d8f78d78baeb87b2b0623b7c585bda754c65c59e35bfb451b8b93f4e402,panda,task_excess_lbfgsb,0,"[0.09807087961113477,0.031738158414635474,-1.835313161106978,-1.05812814588881,-0.17626477980228247,3.403955987804546,0.36450341583759127]",False,optimizer_stop,False,"{""code"":1,""success"":false,""message"":""STOP: TOTAL NO. OF ITERATIONS REACHED LIMIT""}",30,34,35,0,0,0.0489623034271593,0.999999,True,True,True,0.00122166632501888,0.010654183692334566,"[""position_tolerance"",""orientation_tolerance""]",position_tolerance+orientation_tolerance,0.9999999999990005,6112617,False
4a572d8f78d78baeb87b2b0623b7c585bda754c65c59e35bfb451b8b93f4e402,panda,task_excess_isotropic,2,"[0.07935693197622179,0.031197396692040143,-1.816183689176127,-1.0571743533433546,-0.17728978671826978,3.4044283123461434,0.36450341583759127]",False,iteration_limit,False,,30,117,118,42,87,0.026251723706825082,0.999999,True,True,True,0.001162545796486465,0.010135983781589456,"[""position_tolerance"",""orientation_tolerance""]",position_tolerance+orientation_tolerance,0.9999999999990005,17537762,False
4a572d8f78d78baeb87b2b0623b7c585bda754c65c59e35bfb451b8b93f4e402,panda,single_gn_k0,2,"[0.07935693197622179,0.031218897636966857,-1.816213849248365,-1.0571892944333634,-0.1772543316060931,3.4044629551649974,0.36450341583759127]",False,stationary,False,,15,100,,19,,,,True,True,True,0.0011655545572350392,0.01010956588146476,"[""position_tolerance"",""orientation_tolerance""]",position_tolerance+orientation_tolerance,0.9999999999990005,3907404,False
4a572d8f78d78baeb87b2b0623b7c585bda754c65c59e35bfb451b8b93f4e402,panda,task_excess_lbfgsb,1,"[0.09807087961113477,0.031738158414635474,-1.835313161106978,-1.05812814588881,-0.17626477980228247,3.403955987804546,0.36450341583759127]",False,optimizer_stop,False,"{""code"":1,""success"":false,""message"":""STOP: TOTAL NO. OF ITERATIONS REACHED LIMIT""}",30,34,35,0,0,0.0489623034271593,0.999999,True,True,True,0.00122166632501888,0.010654183692334566,"[""position_tolerance"",""orientation_tolerance""]",position_tolerance+orientation_tolerance,0.9999999999990005,6057901,False
4a572d8f78d78baeb87b2b0623b7c585bda754c65c59e35bfb451b8b93f4e402,panda,task_excess_gn,2,"[0.07935693197622179,0.031196711121852468,-1.8161827655306195,-1.057174063803621,-0.17729081840039018,3.4044281577955204,0.36450341583759127]",False,stationary,False,,19,91,92,23,72,0.026251722971570936,0.999999,True,True,True,0.0011625218255118988,0.010136194253783723,"[""position_tolerance"",""orientation_tolerance""]",position_tolerance+orientation_tolerance,0.9999999999990005,14117565,False
4a572d8f78d78baeb87b2b0623b7c585bda754c65c59e35bfb451b8b93f4e402,panda,task_excess_gn,1,"[0.07935693197622179,0.031196711121852468,-1.8161827655306195,-1.057174063803621,-0.17729081840039018,3.4044281577955204,0.36450341583759127]",False,stationary,False,,19,91,92,23,72,0.026251722971570936,0.999999,True,True,True,0.0011625218255118988,0.010136194253783723,"[""position_tolerance"",""orientation_tolerance""]",position_tolerance+orientation_tolerance,0.9999999999990005,14199624,False
4a572d8f78d78baeb87b2b0623b7c585bda754c65c59e35bfb451b8b93f4e402,panda,task_excess_lbfgsb,2,"[0.09807087961113477,0.031738158414635474,-1.835313161106978,-1.05812814588881,-0.17626477980228247,3.403955987804546,0.36450341583759127]",False,optimizer_stop,False,"{""code"":1,""success"":false,""message"":""STOP: TOTAL NO. OF ITERATIONS REACHED LIMIT""}",30,34,35,0,0,0.0489623034271593,0.999999,True,True,True,0.00122166632501888,0.010654183692334566,"[""position_tolerance"",""orientation_tolerance""]",position_tolerance+orientation_tolerance,0.9999999999990005,6128655,False
4a572d8f78d78baeb87b2b0623b7c585bda754c65c59e35bfb451b8b93f4e402,panda,task_excess_isotropic,0,"[0.07935693197622179,0.031197396692040143,-1.816183689176127,-1.0571743533433546,-0.17728978671826978,3.4044283123461434,0.36450341583759127]",False,iteration_limit,False,,30,117,118,42,87,0.026251723706825082,0.999999,True,True,True,0.001162545796486465,0.010135983781589456,"[""position_tolerance"",""orientation_tolerance""]",position_tolerance+orientation_tolerance,0.9999999999990005,17473575,False
4a572d8f78d78baeb87b2b0623b7c585bda754c65c59e35bfb451b8b93f4e402,panda,single_gn_k0,1,"[0.07935693197622179,0.031218897636966857,-1.816213849248365,-1.0571892944333634,-0.1772543316060931,3.4044629551649974,0.36450341583759127]",False,stationary,False,,15,100,,19,,,,True,True,True,0.0011655545572350392,0.01010956588146476,"[""position_tolerance"",""orientation_tolerance""]",position_tolerance+orientation_tolerance,0.9999999999990005,3858800,False
4a572d8f78d78baeb87b2b0623b7c585bda754c65c59e35bfb451b8b93f4e402,panda,single_gn_k1,1,"[0.07935693197622179,0.03121222392358987,-1.8162044635628931,-1.0571849008708407,-0.17726414357867337,3.404454918022718,0.36450341583759127]",False,no_descent,False,,22,139,,26,,,,True,True,True,0.0011648613145514674,0.010115652858782543,"[""position_tolerance"",""orientation_tolerance""]",position_tolerance+orientation_tolerance,0.9999999999990005,5305552,False
4a572d8f78d78baeb87b2b0623b7c585bda754c65c59e35bfb451b8b93f4e402,panda,single_gn_k1,0,"[0.07935693197622179,0.03121222392358987,-1.8162044635628931,-1.0571849008708407,-0.17726414357867337,3.404454918022718,0.36450341583759127]",False,no_descent,False,,22,139,,26,,,,True,True,True,0.0011648613145514674,0.010115652858782543,"[""position_tolerance"",""orientation_tolerance""]",position_tolerance+orientation_tolerance,0.9999999999990005,5289535,False
4a572d8f78d78baeb87b2b0623b7c585bda754c65c59e35bfb451b8b93f4e402,panda,task_excess_isotropic,1,"[0.07935693197622179,0.031197396692040143,-1.816183689176127,-1.0571743533433546,-0.17728978671826978,3.4044283123461434,0.36450341583759127]",False,iteration_limit,False,,30,117,118,42,87,0.026251723706825082,0.999999,True,True,True,0.001162545796486465,0.010135983781589456,"[""position_tolerance"",""orientation_tolerance""]",position_tolerance+orientation_tolerance,0.9999999999990005,17366316,False
4a572d8f78d78baeb87b2b0623b7c585bda754c65c59e35bfb451b8b93f4e402,panda,point_loop_control,2,"[0.07935693197622179,0.031218889533412557,-1.8162138387410167,-1.0571892911575682,-0.1772543446266582,3.4044629544722795,0.36450341583759127]",False,stationary,False,,15,63,64,19,48,0.02626099411374405,0.999999,True,True,True,0.0011655543704497924,0.01010956752143748,"[""position_tolerance"",""orientation_tolerance""]",position_tolerance+orientation_tolerance,0.9999999999990005,8781938,False
4a572d8f78d78baeb87b2b0623b7c585bda754c65c59e35bfb451b8b93f4e402,panda,task_excess_gn,0,"[0.07935693197622179,0.031196711121852468,-1.8161827655306195,-1.057174063803621,-0.17729081840039018,3.4044281577955204,0.36450341583759127]",False,stationary,False,,19,91,92,23,72,0.026251722971570936,0.999999,True,True,True,0.0011625218255118988,0.010136194253783723,"[""position_tolerance"",""orientation_tolerance""]",position_tolerance+orientation_tolerance,0.9999999999990005,14022050,False
4d824fcbe98ef5c10812f59139ebd51a12365b7e6d7efadfc76ffdcdccd427c6,ur5e,task_excess_isotropic,1,"[-2.0817598441290475,1.439003824882103,0.09110514064612801,1.2070956564157393,0.6568921293400471,2.2757176340432146]",False,iteration_limit,False,,30,108,109,59,78,0.06677627162578194,0.999999,True,True,True,0.0013228756349545076,0.010220480884583803,"[""position_tolerance"",""orientation_tolerance""]",position_tolerance+orientation_tolerance,0.9999996690648024,15791208,False
4d824fcbe98ef5c10812f59139ebd51a12365b7e6d7efadfc76ffdcdccd427c6,ur5e,point_loop_control,1,"[-2.081759823302745,1.4367515695220126,0.09519264386622744,1.2052604217133738,0.6600616813755397,2.2757176334916718]",False,stationary,False,,18,113,114,19,95,0.1331539172006939,0.999999,True,True,True,0.001516049224688826,0.007050909702557103,"[""position_tolerance""]",position_tolerance,0.9999999999990026,14469197,False
4d824fcbe98ef5c10812f59139ebd51a12365b7e6d7efadfc76ffdcdccd427c6,ur5e,point_loop_control,2,"[-2.081759823302745,1.4367515695220126,0.09519264386622744,1.2052604217133738,0.6600616813755397,2.2757176334916718]",False,stationary,False,,18,113,114,19,95,0.1331539172006939,0.999999,True,True,True,0.001516049224688826,0.007050909702557103,"[""position_tolerance""]",position_tolerance,0.9999999999990026,14426658,False
4d824fcbe98ef5c10812f59139ebd51a12365b7e6d7efadfc76ffdcdccd427c6,ur5e,single_gn_k0,1,"[-2.081759823302745,1.43675154659963,0.09519269054386527,1.205260394747107,0.6600616838299297,2.2757176342127354]",False,stationary,False,,15,100,,16,,,,True,True,True,0.0015160493745816836,0.00705090724816758,"[""position_tolerance""]",position_tolerance,0.9999999999990026,3751599,False
4d824fcbe98ef5c10812f59139ebd51a12365b7e6d7efadfc76ffdcdccd427c6,ur5e,task_excess_isotropic,0,"[-2.0817598441290475,1.439003824882103,0.09110514064612801,1.2070956564157393,0.6568921293400471,2.2757176340432146]",False,iteration_limit,False,,30,108,109,59,78,0.06677627162578194,0.999999,True,True,True,0.0013228756349545076,0.010220480884583803,"[""position_tolerance"",""orientation_tolerance""]",position_tolerance+orientation_tolerance,0.9999996690648024,15724021,False
4d824fcbe98ef5c10812f59139ebd51a12365b7e6d7efadfc76ffdcdccd427c6,ur5e,single_gn_k0,2,"[-2.081759823302745,1.43675154659963,0.09519269054386527,1.205260394747107,0.6600616838299297,2.2757176342127354]",False,stationary,False,,15,100,,16,,,,True,True,True,0.0015160493745816836,0.00705090724816758,"[""position_tolerance""]",position_tolerance,0.9999999999990026,3773591,False
4d824fcbe98ef5c10812f59139ebd51a12365b7e6d7efadfc76ffdcdccd427c6,ur5e,single_gn_k0,0,"[-2.081759823302745,1.43675154659963,0.09519269054386527,1.205260394747107,0.6600616838299297,2.2757176342127354]",False,stationary,False,,15,100,,16,,,,True,True,True,0.0015160493745816836,0.00705090724816758,"[""position_tolerance""]",position_tolerance,0.9999999999990026,3715742,False
4d824fcbe98ef5c10812f59139ebd51a12365b7e6d7efadfc76ffdcdccd427c6,ur5e,task_excess_gn,1,"[-2.081759823302745,1.439004826447308,0.09110329563149307,1.2070965130158895,0.6568908144980341,2.2757176335027838]",False,stationary,False,,9,17,18,10,8,0.06677603842899563,0.999999,True,True,True,0.0013227961503159073,0.010221776580062696,"[""position_tolerance"",""orientation_tolerance""]",position_tolerance+orientation_tolerance,0.9999999999990026,2837797,False
4d824fcbe98ef5c10812f59139ebd51a12365b7e6d7efadfc76ffdcdccd427c6,ur5e,point_loop_control,0,"[-2.081759823302745,1.4367515695220126,0.09519264386622744,1.2052604217133738,0.6600616813755397,2.2757176334916718]",False,stationary,False,,18,113,114,19,95,0.1331539172006939,0.999999,True,True,True,0.001516049224688826,0.007050909702557103,"[""position_tolerance""]",position_tolerance,0.9999999999990026,14544853,False
4d824fcbe98ef5c10812f59139ebd51a12365b7e6d7efadfc76ffdcdccd427c6,ur5e,task_excess_lbfgsb,0,"[-2.081759823302745,1.4474446579552163,0.07396749494143666,1.2181803025726377,0.6569311224864177,2.273827460505752]",False,optimizer_stop,False,"{""code"":1,""success"":false,""message"":""STOP: TOTAL NO. OF ITERATIONS REACHED LIMIT""}",30,33,34,0,0,0.06961244823291543,0.999999,True,True,True,0.0013275125073541256,0.010286726593160829,"[""position_tolerance"",""orientation_tolerance""]",position_tolerance+orientation_tolerance,0.9999999999990026,5724915,False
4d824fcbe98ef5c10812f59139ebd51a12365b7e6d7efadfc76ffdcdccd427c6,ur5e,task_excess_lbfgsb,1,"[-2.081759823302745,1.4474446579552163,0.07396749494143666,1.2181803025726377,0.6569311224864177,2.273827460505752]",False,optimizer_stop,False,"{""code"":1,""success"":false,""message"":""STOP: TOTAL NO. OF ITERATIONS REACHED LIMIT""}",30,33,34,0,0,0.06961244823291543,0.999999,True,True,True,0.0013275125073541256,0.010286726593160829,"[""position_tolerance"",""orientation_tolerance""]",position_tolerance+orientation_tolerance,0.9999999999990026,5570989,False
4d824fcbe98ef5c10812f59139ebd51a12365b7e6d7efadfc76ffdcdccd427c6,ur5e,task_excess_isotropic,2,"[-2.0817598441290475,1.439003824882103,0.09110514064612801,1.2070956564157393,0.6568921293400471,2.2757176340432146]",False,iteration_limit,False,,30,108,109,59,78,0.06677627162578194,0.999999,True,True,True,0.0013228756349545076,0.010220480884583803,"[""position_tolerance"",""orientation_tolerance""]",position_tolerance+orientation_tolerance,0.9999996690648024,15853874,False
4d824fcbe98ef5c10812f59139ebd51a12365b7e6d7efadfc76ffdcdccd427c6,ur5e,single_gn_k1,0,"[-2.081759823302745,1.436733030591364,0.09523031726069388,1.2052365545798338,0.6600618824557555,2.275720264377427]",False,stationary,False,,14,84,,15,,,,True,True,True,0.00151606153561437,0.00705070931034883,"[""position_tolerance""]",position_tolerance,0.9999999999990026,3268000,False
4d824fcbe98ef5c10812f59139ebd51a12365b7e6d7efadfc76ffdcdccd427c6,ur5e,single_gn_k1,2,"[-2.081759823302745,1.436733030591364,0.09523031726069388,1.2052365545798338,0.6600618824557555,2.275720264377427]",False,stationary,False,,14,84,,15,,,,True,True,True,0.00151606153561437,0.00705070931034883,"[""position_tolerance""]",position_tolerance,0.9999999999990026,3239792,False
4d824fcbe98ef5c10812f59139ebd51a12365b7e6d7efadfc76ffdcdccd427c6,ur5e,task_excess_gn,0,"[-2.081759823302745,1.439004826447308,0.09110329563149307,1.2070965130158895,0.6568908144980341,2.2757176335027838]",False,stationary,False,,9,17,18,10,8,0.06677603842899563,0.999999,True,True,True,0.0013227961503159073,0.010221776580062696,"[""position_tolerance"",""orientation_tolerance""]",position_tolerance+orientation_tolerance,0.9999999999990026,2851048,False
4d824fcbe98ef5c10812f59139ebd51a12365b7e6d7efadfc76ffdcdccd427c6,ur5e,task_excess_gn,2,"[-2.081759823302745,1.439004826447308,0.09110329563149307,1.2070965130158895,0.6568908144980341,2.2757176335027838]",False,stationary,False,,9,17,18,10,8,0.06677603842899563,0.999999,True,True,True,0.0013227961503159073,0.010221776580062696,"[""position_tolerance"",""orientation_tolerance""]",position_tolerance+orientation_tolerance,0.9999999999990026,2825407,False
4d824fcbe98ef5c10812f59139ebd51a12365b7e6d7efadfc76ffdcdccd427c6,ur5e,task_excess_lbfgsb,2,"[-2.081759823302745,1.4474446579552163,0.07396749494143666,1.2181803025726377,0.6569311224864177,2.273827460505752]",False,optimizer_stop,False,"{""code"":1,""success"":false,""message"":""STOP: TOTAL NO. OF ITERATIONS REACHED LIMIT""}",30,33,34,0,0,0.06961244823291543,0.999999,True,True,True,0.0013275125073541256,0.010286726593160829,"[""position_tolerance"",""orientation_tolerance""]",position_tolerance+orientation_tolerance,0.9999999999990026,5659231,False
4d824fcbe98ef5c10812f59139ebd51a12365b7e6d7efadfc76ffdcdccd427c6,ur5e,single_gn_k1,1,"[-2.081759823302745,1.436733030591364,0.09523031726069388,1.2052365545798338,0.6600618824557555,2.275720264377427]",False,stationary,False,,14,84,,15,,,,True,True,True,0.00151606153561437,0.00705070931034883,"[""position_tolerance""]",position_tolerance,0.9999999999990026,3274656,False
5920dd051364a2dc65b383b67ee2307d07472209a36afe30ad84d89588e685f2,panda,task_excess_lbfgsb,2,"[0.7422853192358427,-0.047606250136599276,-1.3383788044046134,-0.6150644128716416,0.2932781642575833,1.1628829363730375,-0.05103895679542719]",False,optimizer_stop,False,"{""code"":1,""success"":false,""message"":""STOP: TOTAL NO. OF ITERATIONS REACHED LIMIT""}",30,33,34,0,0,0.004103151356299953,0.999999,True,True,True,0.0010637934700233108,0.009287901901649031,"[""position_tolerance"",""orientation_tolerance""]",position_tolerance+orientation_tolerance,0.9999999999989987,5936146,False
5920dd051364a2dc65b383b67ee2307d07472209a36afe30ad84d89588e685f2,panda,point_loop_control,1,"[0.7597875297270187,-0.05431216165196946,-1.3383788044046134,-0.6165267483753727,0.2767574111482283,1.1641717354086565,-0.04768350420578785]",False,stationary,False,,17,97,98,19,80,0.010318789213895284,0.999999,True,True,True,0.0009486447447346938,0.009980288789820251,"[""orientation_tolerance""]",orientation_tolerance,0.9999999999990005,13301798,False
5920dd051364a2dc65b383b67ee2307d07472209a36afe30ad84d89588e685f2,panda,task_excess_isotropic,1,"[0.7598186557790095,-0.054320659509481575,-1.3383788044046134,-0.6165461969770049,0.2767574111482283,1.1649239261974478,-0.04766665694531853]",False,deadline,False,,28,136,137,48,108,0.0030250140225751895,0.999999,True,True,True,0.001049663868295317,0.00924902983475013,"[""position_tolerance"",""orientation_tolerance""]",position_tolerance+orientation_tolerance,0.9999999999990005,20156800,False
5920dd051364a2dc65b383b67ee2307d07472209a36afe30ad84d89588e685f2,panda,single_gn_k0,1,"[0.7597875293818591,-0.054312161456237,-1.3383788044046134,-0.6165267482755991,0.2767574111482283,1.1641717353368228,-0.04768350447268712]",False,stationary,False,,14,91,,16,,,,True,True,True,0.000948644744289054,0.009980288793048669,"[""orientation_tolerance""]",orientation_tolerance,0.9999999999990005,3556314,False
5920dd051364a2dc65b383b67ee2307d07472209a36afe30ad84d89588e685f2,panda,single_gn_k0,2,"[0.7597875293818591,-0.054312161456237,-1.3383788044046134,-0.6165267482755991,0.2767574111482283,1.1641717353368228,-0.04768350447268712]",False,stationary,False,,14,91,,16,,,,True,True,True,0.000948644744289054,0.009980288793048669,"[""orientation_tolerance""]",orientation_tolerance,0.9999999999990005,3483951,False
5920dd051364a2dc65b383b67ee2307d07472209a36afe30ad84d89588e685f2,panda,single_gn_k1,2,"[0.7597881628694346,-0.05431257164616365,-1.3383788044046134,-0.6165279225535579,0.2767574111482283,1.1641744240651966,-0.04768331988609454]",False,no_descent,False,,14,106,,16,,,,True,True,True,0.00094887082140415,0.0099786528957697,"[""orientation_tolerance""]",orientation_tolerance,0.9999999999990005,3976523,False
5920dd051364a2dc65b383b67ee2307d07472209a36afe30ad84d89588e685f2,panda,single_gn_k1,1,"[0.7597881628694346,-0.05431257164616365,-1.3383788044046134,-0.6165279225535579,0.2767574111482283,1.1641744240651966,-0.04768331988609454]",False,no_descent,False,,14,106,,16,,,,True,True,True,0.00094887082140415,0.0099786528957697,"[""orientation_tolerance""]",orientation_tolerance,0.9999999999990005,4032828,False
5920dd051364a2dc65b383b67ee2307d07472209a36afe30ad84d89588e685f2,panda,task_excess_isotropic,0,"[0.7598186557790095,-0.054320659509481575,-1.3383788044046134,-0.6165461969770049,0.2767574111482283,1.1649239261974478,-0.04766665694531853]",False,deadline,False,,28,135,136,48,107,0.0030250140225751895,0.999999,True,True,True,0.001049663868295317,0.00924902983475013,"[""position_tolerance"",""orientation_tolerance""]",position_tolerance+orientation_tolerance,0.9999999999990005,20122872,False
5920dd051364a2dc65b383b67ee2307d07472209a36afe30ad84d89588e685f2,panda,single_gn_k0,0,"[0.7597875293818591,-0.054312161456237,-1.3383788044046134,-0.6165267482755991,0.2767574111482283,1.1641717353368228,-0.04768350447268712]",False,stationary,False,,14,91,,16,,,,True,True,True,0.000948644744289054,0.009980288793048669,"[""orientation_tolerance""]",orientation_tolerance,0.9999999999990005,3501237,False
5920dd051364a2dc65b383b67ee2307d07472209a36afe30ad84d89588e685f2,panda,task_excess_gn,0,"[0.7598187872843056,-0.054320724569548944,-1.3383788044046134,-0.6165463418944083,0.2767574111482283,1.1649240262109233,-0.047666627709221414]",False,stationary,False,,21,114,115,23,93,0.003025013945966287,0.999999,True,True,True,0.0010496593124222383,0.009249062806210349,"[""position_tolerance"",""orientation_tolerance""]",position_tolerance+orientation_tolerance,0.9999999999990005,17607481,False
5920dd051364a2dc65b383b67ee2307d07472209a36afe30ad84d89588e685f2,panda,task_excess_isotropic,2,"[0.7598186557790095,-0.054320659509481575,-1.3383788044046134,-0.6165461969770049,0.2767574111482283,1.1649239261974478,-0.04766665694531853]",False,deadline,False,,28,136,137,48,108,0.0030250140225751895,0.999999,True,True,True,0.001049663868295317,0.00924902983475013,"[""position_tolerance"",""orientation_tolerance""]",position_tolerance+orientation_tolerance,0.9999999999990005,20190040,False
5920dd051364a2dc65b383b67ee2307d07472209a36afe30ad84d89588e685f2,panda,point_loop_control,0,"[0.7597875297270187,-0.05431216165196946,-1.3383788044046134,-0.6165267483753727,0.2767574111482283,1.1641717354086565,-0.04768350420578785]",False,stationary,False,,17,97,98,19,80,0.010318789213895284,0.999999,True,True,True,0.0009486447447346938,0.009980288789820251,"[""orientation_tolerance""]",orientation_tolerance,0.9999999999990005,13306469,False
5920dd051364a2dc65b383b67ee2307d07472209a36afe30ad84d89588e685f2,panda,point_loop_control,2,"[0.7597875297270187,-0.05431216165196946,-1.3383788044046134,-0.6165267483753727,0.2767574111482283,1.1641717354086565,-0.04768350420578785]",False,stationary,False,,17,97,98,19,80,0.010318789213895284,0.999999,True,True,True,0.0009486447447346938,0.009980288789820251,"[""orientation_tolerance""]",orientation_tolerance,0.9999999999990005,13225798,False
5920dd051364a2dc65b383b67ee2307d07472209a36afe30ad84d89588e685f2,panda,task_excess_lbfgsb,1,"[0.7422853192358427,-0.047606250136599276,-1.3383788044046134,-0.6150644128716416,0.2932781642575833,1.1628829363730375,-0.05103895679542719]",False,optimizer_stop,False,"{""code"":1,""success"":false,""message"":""STOP: TOTAL NO. OF ITERATIONS REACHED LIMIT""}",30,33,34,0,0,0.004103151356299953,0.999999,True,True,True,0.0010637934700233108,0.009287901901649031,"[""position_tolerance"",""orientation_tolerance""]",position_tolerance+orientation_tolerance,0.9999999999989987,5986239,False
5920dd051364a2dc65b383b67ee2307d07472209a36afe30ad84d89588e685f2,panda,task_excess_gn,1,"[0.7598187872843056,-0.054320724569548944,-1.3383788044046134,-0.6165463418944083,0.2767574111482283,1.1649240262109233,-0.047666627709221414]",False,stationary,False,,21,114,115,23,93,0.003025013945966287,0.999999,True,True,True,0.0010496593124222383,0.009249062806210349,"[""position_tolerance"",""orientation_tolerance""]",position_tolerance+orientation_tolerance,0.9999999999990005,17574186,False
5920dd051364a2dc65b383b67ee2307d07472209a36afe30ad84d89588e685f2,panda,single_gn_k1,0,"[0.7597881628694346,-0.05431257164616365,-1.3383788044046134,-0.6165279225535579,0.2767574111482283,1.1641744240651966,-0.04768331988609454]",False,no_descent,False,,14,106,,16,,,,True,True,True,0.00094887082140415,0.0099786528957697,"[""orientation_tolerance""]",orientation_tolerance,0.9999999999990005,4033427,False
5920dd051364a2dc65b383b67ee2307d07472209a36afe30ad84d89588e685f2,panda,task_excess_lbfgsb,0,"[0.7422853192358427,-0.047606250136599276,-1.3383788044046134,-0.6150644128716416,0.2932781642575833,1.1628829363730375,-0.05103895679542719]",False,optimizer_stop,False,"{""code"":1,""success"":false,""message"":""STOP: TOTAL NO. OF ITERATIONS REACHED LIMIT""}",30,33,34,0,0,0.004103151356299953,0.999999,True,True,True,0.0010637934700233108,0.009287901901649031,"[""position_tolerance"",""orientation_tolerance""]",position_tolerance+orientation_tolerance,0.9999999999989987,5861814,False
5920dd051364a2dc65b383b67ee2307d07472209a36afe30ad84d89588e685f2,panda,task_excess_gn,2,"[0.7598187872843056,-0.054320724569548944,-1.3383788044046134,-0.6165463418944083,0.2767574111482283,1.1649240262109233,-0.047666627709221414]",False,stationary,False,,21,114,115,23,93,0.003025013945966287,0.999999,True,True,True,0.0010496593124222383,0.009249062806210349,"[""position_tolerance"",""orientation_tolerance""]",position_tolerance+orientation_tolerance,0.9999999999990005,17659620,False
5be03d09d1d94309b2e2bcdbd947cd30c346ebece6c2b58ab606780cb72ba53a,panda,single_gn_k1,0,"[0.2587770534688432,0.02560617195211875,-1.967934579510384,-1.0598833526367843,-0.18001455277220357,3.4067570288790043,0.34656265905717654]",False,no_descent,False,,21,134,,23,,,,True,True,True,0.0008663957085372539,0.009097130271630116,"[""orientation_tolerance""]",orientation_tolerance,0.9999999999990005,5144601,False
5be03d09d1d94309b2e2bcdbd947cd30c346ebece6c2b58ab606780cb72ba53a,panda,task_excess_gn,0,"[0.25917760851360894,0.025884971164520258,-1.967934579510384,-1.060059434514681,-0.17982775999929393,3.4078752040859586,0.34656265905717654]",True,task_admissible,True,,7,14,15,9,7,5.377245841579349e-19,0.999999,True,True,True,0.0009999990008095225,0.008726637539010079,[],accepted,0.9999999999990005,2504972,True
5be03d09d1d94309b2e2bcdbd947cd30c346ebece6c2b58ab606780cb72ba53a,panda,task_excess_lbfgsb,1,"[0.2849839405370905,0.028165933186204004,-1.9970344523335288,-1.062929621567712,-0.17767734033917387,3.4073613991726543,0.34656265905717654]",False,optimizer_stop,False,"{""code"":1,""success"":false,""message"":""STOP: TOTAL NO. OF ITERATIONS REACHED LIMIT""}",30,37,38,0,0,0.004046276627971372,0.999999,True,True,True,0.0010729636795962748,0.009185820755758089,"[""position_tolerance"",""orientation_tolerance""]",position_tolerance+orientation_tolerance,0.9999999999990005,6640196,False
5be03d09d1d94309b2e2bcdbd947cd30c346ebece6c2b58ab606780cb72ba53a,panda,point_loop_control,1,"[0.25878388937460844,0.025600283312446022,-1.967934579510384,-1.0598816998095242,-0.18002373547801823,3.4067639690625335,0.34656265905717654]",False,stationary,False,,17,100,101,19,83,0.0008905125150710555,0.999999,True,True,True,0.0008666996766538588,0.009094921136457707,"[""orientation_tolerance""]",orientation_tolerance,0.9999999999990005,13732999,False
5be03d09d1d94309b2e2bcdbd947cd30c346ebece6c2b58ab606780cb72ba53a,panda,task_excess_isotropic,1,"[0.2580133937958589,0.026163305791865252,-1.967934579510384,-1.0603411869390584,-0.17911707993823375,3.4074844259912025,0.34656265905717654]",True,task_admissible,True,,5,20,21,15,15,0.0,0.999999,True,True,True,0.0009404201774640953,0.008559967962656283,[],accepted,0.9999999999990005,3238791,True
5be03d09d1d94309b2e2bcdbd947cd30c346ebece6c2b58ab606780cb72ba53a,panda,task_excess_gn,1,"[0.25917760851360894,0.025884971164520258,-1.967934579510384,-1.060059434514681,-0.17982775999929393,3.4078752040859586,0.34656265905717654]",True,task_admissible,True,,7,14,15,9,7,5.377245841579349e-19,0.999999,True,True,True,0.0009999990008095225,0.008726637539010079,[],accepted,0.9999999999990005,2430971,True
5be03d09d1d94309b2e2bcdbd947cd30c346ebece6c2b58ab606780cb72ba53a,panda,task_excess_lbfgsb,2,"[0.2849839405370905,0.028165933186204004,-1.9970344523335288,-1.062929621567712,-0.17767734033917387,3.4073613991726543,0.34656265905717654]",False,optimizer_stop,False,"{""code"":1,""success"":false,""message"":""STOP: TOTAL NO. OF ITERATIONS REACHED LIMIT""}",30,37,38,0,0,0.004046276627971372,0.999999,True,True,True,0.0010729636795962748,0.009185820755758089,"[""position_tolerance"",""orientation_tolerance""]",position_tolerance+orientation_tolerance,0.9999999999990005,6535467,False
5be03d09d1d94309b2e2bcdbd947cd30c346ebece6c2b58ab606780cb72ba53a,panda,task_excess_isotropic,0,"[0.2580133937958589,0.026163305791865252,-1.967934579510384,-1.0603411869390584,-0.17911707993823375,3.4074844259912025,0.34656265905717654]",True,task_admissible,True,,5,20,21,15,15,0.0,0.999999,True,True,True,0.0009404201774640953,0.008559967962656283,[],accepted,0.9999999999990005,3269929,True
5be03d09d1d94309b2e2bcdbd947cd30c346ebece6c2b58ab606780cb72ba53a,panda,task_excess_isotropic,2,"[0.2580133937958589,0.026163305791865252,-1.967934579510384,-1.0603411869390584,-0.17911707993823375,3.4074844259912025,0.34656265905717654]",True,task_admissible,True,,5,20,21,15,15,0.0,0.999999,True,True,True,0.0009404201774640953,0.008559967962656283,[],accepted,0.9999999999990005,3227673,True
5be03d09d1d94309b2e2bcdbd947cd30c346ebece6c2b58ab606780cb72ba53a,panda,point_loop_control,2,"[0.25878388937460844,0.025600283312446022,-1.967934579510384,-1.0598816998095242,-0.18002373547801823,3.4067639690625335,0.34656265905717654]",False,stationary,False,,17,100,101,19,83,0.0008905125150710555,0.999999,True,True,True,0.0008666996766538588,0.009094921136457707,"[""orientation_tolerance""]",orientation_tolerance,0.9999999999990005,13849660,False
5be03d09d1d94309b2e2bcdbd947cd30c346ebece6c2b58ab606780cb72ba53a,panda,single_gn_k0,0,"[0.25878390269727286,0.02560027261487645,-1.967934579510384,-1.0598816938104494,-0.1800237514200091,3.406763968314493,0.34656265905717654]",False,stationary,False,,15,100,,17,,,,True,True,True,0.0008666992799708165,0.009094924015238986,"[""orientation_tolerance""]",orientation_tolerance,0.9999999999990005,3853753,False
5be03d09d1d94309b2e2bcdbd947cd30c346ebece6c2b58ab606780cb72ba53a,panda,single_gn_k0,2,"[0.25878390269727286,0.02560027261487645,-1.967934579510384,-1.0598816938104494,-0.1800237514200091,3.406763968314493,0.34656265905717654]",False,stationary,False,,15,100,,17,,,,True,True,True,0.0008666992799708165,0.009094924015238986,"[""orientation_tolerance""]",orientation_tolerance,0.9999999999990005,3800221,False
5be03d09d1d94309b2e2bcdbd947cd30c346ebece6c2b58ab606780cb72ba53a,panda,single_gn_k1,2,"[0.2587770534688432,0.02560617195211875,-1.967934579510384,-1.0598833526367843,-0.18001455277220357,3.4067570288790043,0.34656265905717654]",False,no_descent,False,,21,134,,23,,,,True,True,True,0.0008663957085372539,0.009097130271630116,"[""orientation_tolerance""]",orientation_tolerance,0.9999999999990005,5085898,False
5be03d09d1d94309b2e2bcdbd947cd30c346ebece6c2b58ab606780cb72ba53a,panda,single_gn_k0,1,"[0.25878390269727286,0.02560027261487645,-1.967934579510384,-1.0598816938104494,-0.1800237514200091,3.406763968314493,0.34656265905717654]",False,stationary,False,,15,100,,17,,,,True,True,True,0.0008666992799708165,0.009094924015238986,"[""orientation_tolerance""]",orientation_tolerance,0.9999999999990005,3812403,False
5be03d09d1d94309b2e2bcdbd947cd30c346ebece6c2b58ab606780cb72ba53a,panda,task_excess_gn,2,"[0.25917760851360894,0.025884971164520258,-1.967934579510384,-1.060059434514681,-0.17982775999929393,3.4078752040859586,0.34656265905717654]",True,task_admissible,True,,7,14,15,9,7,5.377245841579349e-19,0.999999,True,True,True,0.0009999990008095225,0.008726637539010079,[],accepted,0.9999999999990005,2479052,True
5be03d09d1d94309b2e2bcdbd947cd30c346ebece6c2b58ab606780cb72ba53a,panda,point_loop_control,0,"[0.25878388937460844,0.025600283312446022,-1.967934579510384,-1.0598816998095242,-0.18002373547801823,3.4067639690625335,0.34656265905717654]",False,stationary,False,,17,100,101,19,83,0.0008905125150710555,0.999999,True,True,True,0.0008666996766538588,0.009094921136457707,"[""orientation_tolerance""]",orientation_tolerance,0.9999999999990005,13616409,False
5be03d09d1d94309b2e2bcdbd947cd30c346ebece6c2b58ab606780cb72ba53a,panda,single_gn_k1,1,"[0.2587770534688432,0.02560617195211875,-1.967934579510384,-1.0598833526367843,-0.18001455277220357,3.4067570288790043,0.34656265905717654]",False,no_descent,False,,21,134,,23,,,,True,True,True,0.0008663957085372539,0.009097130271630116,"[""orientation_tolerance""]",orientation_tolerance,0.9999999999990005,5073261,False
5be03d09d1d94309b2e2bcdbd947cd30c346ebece6c2b58ab606780cb72ba53a,panda,task_excess_lbfgsb,0,"[0.2849839405370905,0.028165933186204004,-1.9970344523335288,-1.062929621567712,-0.17767734033917387,3.4073613991726543,0.34656265905717654]",False,optimizer_stop,False,"{""code"":1,""success"":false,""message"":""STOP: TOTAL NO. OF ITERATIONS REACHED LIMIT""}",30,37,38,0,0,0.004046276627971372,0.999999,True,True,True,0.0010729636795962748,0.009185820755758089,"[""position_tolerance"",""orientation_tolerance""]",position_tolerance+orientation_tolerance,0.9999999999990005,6605298,False
5c20cedcb0e226c817c20c7973b792c6237dae669f8f72560feb8931f1a58fdd,panda,single_gn_k1,0,"[0.07935693197740429,0.031212223923503164,-1.8162044635637904,-1.0571849008708896,-0.17726414357825865,3.4044549180227155,0.3645034158369248]",False,no_descent,False,,22,139,,26,,,,True,True,True,0.0011648613145521373,0.010115652858801625,"[""position_tolerance"",""orientation_tolerance""]",position_tolerance+orientation_tolerance,0.9999999999990005,5343644,False
5c20cedcb0e226c817c20c7973b792c6237dae669f8f72560feb8931f1a58fdd,panda,single_gn_k1,1,"[0.07935693197740429,0.031212223923503164,-1.8162044635637904,-1.0571849008708896,-0.17726414357825865,3.4044549180227155,0.3645034158369248]",False,no_descent,False,,22,139,,26,,,,True,True,True,0.0011648613145521373,0.010115652858801625,"[""position_tolerance"",""orientation_tolerance""]",position_tolerance+orientation_tolerance,0.9999999999990005,5301184,False
5c20cedcb0e226c817c20c7973b792c6237dae669f8f72560feb8931f1a58fdd,panda,task_excess_isotropic,0,"[0.07935693197740429,0.03119739669196017,-1.8161836891770338,-1.057174353343408,-0.17728978671784396,3.404428312346151,0.3645034158369248]",False,iteration_limit,False,,30,117,118,42,87,0.02625172370731519,0.999999,True,True,True,0.0011625457964882175,0.010135983781600546,"[""position_tolerance"",""orientation_tolerance""]",position_tolerance+orientation_tolerance,0.9999999999990005,17328678,False
5c20cedcb0e226c817c20c7973b792c6237dae669f8f72560feb8931f1a58fdd,panda,task_excess_isotropic,1,"[0.07935693197740429,0.03119739669196017,-1.8161836891770338,-1.057174353343408,-0.17728978671784396,3.404428312346151,0.3645034158369248]",False,iteration_limit,False,,30,117,118,42,87,0.02625172370731519,0.999999,True,True,True,0.0011625457964882175,0.010135983781600546,"[""position_tolerance"",""orientation_tolerance""]",position_tolerance+orientation_tolerance,0.9999999999990005,17284838,False
5c20cedcb0e226c817c20c7973b792c6237dae669f8f72560feb8931f1a58fdd,panda,task_excess_gn,1,"[0.07935693197740429,0.031196710889307682,-1.8161827652350282,-1.0571740637217575,-0.17729081877428177,3.4044281578359503,0.3645034158369248]",False,stationary,False,,21,108,109,25,87,0.02625172297205155,0.999999,True,True,True,0.0011625218247183758,0.010136194260777335,"[""position_tolerance"",""orientation_tolerance""]",position_tolerance+orientation_tolerance,0.9999999999990005,16483792,False
5c20cedcb0e226c817c20c7973b792c6237dae669f8f72560feb8931f1a58fdd,panda,task_excess_lbfgsb,0,"[0.09807087963168665,0.03173815839723835,-1.8353131610989535,-1.0581281458827323,-0.17626477981843208,3.403955987803571,0.3645034158369248]",False,optimizer_stop,False,"{""code"":1,""success"":false,""message"":""STOP: TOTAL NO. OF ITERATIONS REACHED LIMIT""}",30,34,35,0,0,0.04896230343514621,0.999999,True,True,True,0.001221666324568853,0.01065418369659133,"[""position_tolerance"",""orientation_tolerance""]",position_tolerance+orientation_tolerance,0.9999999999990005,6077059,False
5c20cedcb0e226c817c20c7973b792c6237dae669f8f72560feb8931f1a58fdd,panda,task_excess_lbfgsb,2,"[0.09807087963168665,0.03173815839723835,-1.8353131610989535,-1.0581281458827323,-0.17626477981843208,3.403955987803571,0.3645034158369248]",False,optimizer_stop,False,"{""code"":1,""success"":false,""message"":""STOP: TOTAL NO. OF ITERATIONS REACHED LIMIT""}",30,34,35,0,0,0.04896230343514621,0.999999,True,True,True,0.001221666324568853,0.01065418369659133,"[""position_tolerance"",""orientation_tolerance""]",position_tolerance+orientation_tolerance,0.9999999999990005,6028432,False
5c20cedcb0e226c817c20c7973b792c6237dae669f8f72560feb8931f1a58fdd,panda,task_excess_gn,2,"[0.07935693197740429,0.031196710889307682,-1.8161827652350282,-1.0571740637217575,-0.17729081877428177,3.4044281578359503,0.3645034158369248]",False,stationary,False,,21,108,109,25,87,0.02625172297205155,0.999999,True,True,True,0.0011625218247183758,0.010136194260777335,"[""position_tolerance"",""orientation_tolerance""]",position_tolerance+orientation_tolerance,0.9999999999990005,16605841,False
5c20cedcb0e226c817c20c7973b792c6237dae669f8f72560feb8931f1a58fdd,panda,point_loop_control,0,"[0.07935693197740429,0.031218889549622042,-1.816213838763059,-1.0571892911642515,-0.1772543446000962,3.4044629544738334,0.3645034158369248]",False,stationary,False,,20,121,122,24,101,0.026260994116554096,0.999999,True,True,True,0.0011655543708366124,0.0101095675180657,"[""position_tolerance"",""orientation_tolerance""]",position_tolerance+orientation_tolerance,0.9999999999990005,16431990,False
5c20cedcb0e226c817c20c7973b792c6237dae669f8f72560feb8931f1a58fdd,panda,single_gn_k1,2,"[0.07935693197740429,0.031212223923503164,-1.8162044635637904,-1.0571849008708896,-0.17726414357825865,3.4044549180227155,0.3645034158369248]",False,no_descent,False,,22,139,,26,,,,True,True,True,0.0011648613145521373,0.010115652858801625,"[""position_tolerance"",""orientation_tolerance""]",position_tolerance+orientation_tolerance,0.9999999999990005,5295719,False
5c20cedcb0e226c817c20c7973b792c6237dae669f8f72560feb8931f1a58fdd,panda,point_loop_control,2,"[0.07935693197740429,0.031218889549622042,-1.816213838763059,-1.0571892911642515,-0.1772543446000962,3.4044629544738334,0.3645034158369248]",False,stationary,False,,20,121,122,24,101,0.026260994116554096,0.999999,True,True,True,0.0011655543708366124,0.0101095675180657,"[""position_tolerance"",""orientation_tolerance""]",position_tolerance+orientation_tolerance,0.9999999999990005,16468012,False
5c20cedcb0e226c817c20c7973b792c6237dae669f8f72560feb8931f1a58fdd,panda,single_gn_k0,2,"[0.07935693197740429,0.031218897636880426,-1.8162138492492628,-1.0571892944334127,-0.17725433160567794,3.4044629551649956,0.3645034158369248]",False,stationary,False,,15,100,,19,,,,True,True,True,0.0011655545572358942,0.01010956588148325,"[""position_tolerance"",""orientation_tolerance""]",position_tolerance+orientation_tolerance,0.9999999999990005,3838505,False
5c20cedcb0e226c817c20c7973b792c6237dae669f8f72560feb8931f1a58fdd,panda,point_loop_control,1,"[0.07935693197740429,0.031218889549622042,-1.816213838763059,-1.0571892911642515,-0.1772543446000962,3.4044629544738334,0.3645034158369248]",False,stationary,False,,20,121,122,24,101,0.026260994116554096,0.999999,True,True,True,0.0011655543708366124,0.0101095675180657,"[""position_tolerance"",""orientation_tolerance""]",position_tolerance+orientation_tolerance,0.9999999999990005,16396500,False
5c20cedcb0e226c817c20c7973b792c6237dae669f8f72560feb8931f1a58fdd,panda,single_gn_k0,0,"[0.07935693197740429,0.031218897636880426,-1.8162138492492628,-1.0571892944334127,-0.17725433160567794,3.4044629551649956,0.3645034158369248]",False,stationary,False,,15,100,,19,,,,True,True,True,0.0011655545572358942,0.01010956588148325,"[""position_tolerance"",""orientation_tolerance""]",position_tolerance+orientation_tolerance,0.9999999999990005,3859976,False
5c20cedcb0e226c817c20c7973b792c6237dae669f8f72560feb8931f1a58fdd,panda,task_excess_lbfgsb,1,"[0.09807087963168665,0.03173815839723835,-1.8353131610989535,-1.0581281458827323,-0.17626477981843208,3.403955987803571,0.3645034158369248]",False,optimizer_stop,False,"{""code"":1,""success"":false,""message"":""STOP: TOTAL NO. OF ITERATIONS REACHED LIMIT""}",30,34,35,0,0,0.04896230343514621,0.999999,True,True,True,0.001221666324568853,0.01065418369659133,"[""position_tolerance"",""orientation_tolerance""]",position_tolerance+orientation_tolerance,0.9999999999990005,6137458,False
5c20cedcb0e226c817c20c7973b792c6237dae669f8f72560feb8931f1a58fdd,panda,task_excess_isotropic,2,"[0.07935693197740429,0.03119739669196017,-1.8161836891770338,-1.057174353343408,-0.17728978671784396,3.404428312346151,0.3645034158369248]",False,iteration_limit,False,,30,117,118,42,87,0.02625172370731519,0.999999,True,True,True,0.0011625457964882175,0.010135983781600546,"[""position_tolerance"",""orientation_tolerance""]",position_tolerance+orientation_tolerance,0.9999999999990005,17383447,False
5c20cedcb0e226c817c20c7973b792c6237dae669f8f72560feb8931f1a58fdd,panda,task_excess_gn,0,"[0.07935693197740429,0.031196710889307682,-1.8161827652350282,-1.0571740637217575,-0.17729081877428177,3.4044281578359503,0.3645034158369248]",False,stationary,False,,21,108,109,25,87,0.02625172297205155,0.999999,True,True,True,0.0011625218247183758,0.010136194260777335,"[""position_tolerance"",""orientation_tolerance""]",position_tolerance+orientation_tolerance,0.9999999999990005,16445164,False
5c20cedcb0e226c817c20c7973b792c6237dae669f8f72560feb8931f1a58fdd,panda,single_gn_k0,1,"[0.07935693197740429,0.031218897636880426,-1.8162138492492628,-1.0571892944334127,-0.17725433160567794,3.4044629551649956,0.3645034158369248]",False,stationary,False,,15,100,,19,,,,True,True,True,0.0011655545572358942,0.01010956588148325,"[""position_tolerance"",""orientation_tolerance""]",position_tolerance+orientation_tolerance,0.9999999999990005,3828663,False
5c958deb3dc1f5919302388d58c9a5d961bec7d2f0bb8d7685e59c6d95b72459,panda,task_excess_lbfgsb,1,"[1.0490552340014119,-0.016584376557516406,1.635799488636715,-1.3523560007720923,-1.5510437843714129,1.5453231732893766,1.1658465650019074]",False,optimizer_stop,False,"{""code"":1,""success"":false,""message"":""STOP: TOTAL NO. OF ITERATIONS REACHED LIMIT""}",30,33,34,0,0,0.06834072147537952,0.999999,True,True,True,0.0013016743855656606,0.010591638518006576,"[""position_tolerance"",""orientation_tolerance""]",position_tolerance+orientation_tolerance,0.9999999999989984,5993143,False
5c958deb3dc1f5919302388d58c9a5d961bec7d2f0bb8d7685e59c6d95b72459,panda,task_excess_lbfgsb,2,"[1.0490552340014119,-0.016584376557516406,1.635799488636715,-1.3523560007720923,-1.5510437843714129,1.5453231732893766,1.1658465650019074]",False,optimizer_stop,False,"{""code"":1,""success"":false,""message"":""STOP: TOTAL NO. OF ITERATIONS REACHED LIMIT""}",30,33,34,0,0,0.06834072147537952,0.999999,True,True,True,0.0013016743855656606,0.010591638518006576,"[""position_tolerance"",""orientation_tolerance""]",position_tolerance+orientation_tolerance,0.9999999999989984,5890917,False
5c958deb3dc1f5919302388d58c9a5d961bec7d2f0bb8d7685e59c6d95b72459,panda,single_gn_k0,0,"[1.0723650697496958,-0.014547124933454097,1.6144823325717856,-1.3530478493221985,-1.55373216054472,1.5453231732893766,1.1663194496758964]",False,stationary,False,,16,102,,22,,,,True,True,True,0.001343878749052378,0.009057548141082809,"[""position_tolerance"",""orientation_tolerance""]",position_tolerance+orientation_tolerance,0.9999999999989987,3999021,False
5c958deb3dc1f5919302388d58c9a5d961bec7d2f0bb8d7685e59c6d95b72459,panda,task_excess_gn,1,"[1.0707503781296928,-0.016248067827950814,1.6144823325717856,-1.352893109060817,-1.5514496743516244,1.5453231732893766,1.1662487991224475]",False,stationary,False,,15,44,45,23,29,0.04369679321681285,0.999999,True,True,True,0.0012345411571193393,0.010297035364693296,"[""position_tolerance"",""orientation_tolerance""]",position_tolerance+orientation_tolerance,0.9999999999989987,7244467,False
5c958deb3dc1f5919302388d58c9a5d961bec7d2f0bb8d7685e59c6d95b72459,panda,single_gn_k0,2,"[1.0723650697496958,-0.014547124933454097,1.6144823325717856,-1.3530478493221985,-1.55373216054472,1.5453231732893766,1.1663194496758964]",False,stationary,False,,16,102,,22,,,,True,True,True,0.001343878749052378,0.009057548141082809,"[""position_tolerance"",""orientation_tolerance""]",position_tolerance+orientation_tolerance,0.9999999999989987,3970930,False
5c958deb3dc1f5919302388d58c9a5d961bec7d2f0bb8d7685e59c6d95b72459,panda,single_gn_k1,2,"[1.072361639102719,-0.014550861198697498,1.6144823325717856,-1.353046972813882,-1.5537248680136244,1.5453231732893766,1.1663163758357602]",False,no_descent,False,,18,121,,24,,,,True,True,True,0.0013436048560524763,0.00906064354466516,"[""position_tolerance"",""orientation_tolerance""]",position_tolerance+orientation_tolerance,0.9999999999989987,4616432,False
5c958deb3dc1f5919302388d58c9a5d961bec7d2f0bb8d7685e59c6d95b72459,panda,task_excess_gn,2,"[1.0707503781296928,-0.016248067827950814,1.6144823325717856,-1.352893109060817,-1.5514496743516244,1.5453231732893766,1.1662487991224475]",False,stationary,False,,15,44,45,23,29,0.04369679321681285,0.999999,True,True,True,0.0012345411571193393,0.010297035364693296,"[""position_tolerance"",""orientation_tolerance""]",position_tolerance+orientation_tolerance,0.9999999999989987,7180642,False
5c958deb3dc1f5919302388d58c9a5d961bec7d2f0bb8d7685e59c6d95b72459,panda,task_excess_isotropic,0,"[1.0707503819507103,-0.016248064587911587,1.6144823325717856,-1.3528931651762102,-1.551449807308898,1.5453231732893766,1.166248890483472]",False,iteration_limit,False,,30,109,110,46,79,0.04369679325894078,0.999999,True,True,True,0.001234543771181877,0.010297005634438285,"[""position_tolerance"",""orientation_tolerance""]",position_tolerance+orientation_tolerance,0.9999999999989987,16481247,False
5c958deb3dc1f5919302388d58c9a5d961bec7d2f0bb8d7685e59c6d95b72459,panda,task_excess_isotropic,1,"[1.0707503819507103,-0.016248064587911587,1.6144823325717856,-1.3528931651762102,-1.551449807308898,1.5453231732893766,1.166248890483472]",False,iteration_limit,False,,30,109,110,46,79,0.04369679325894078,0.999999,True,True,True,0.001234543771181877,0.010297005634438285,"[""position_tolerance"",""orientation_tolerance""]",position_tolerance+orientation_tolerance,0.9999999999989987,16378359,False
5c958deb3dc1f5919302388d58c9a5d961bec7d2f0bb8d7685e59c6d95b72459,panda,single_gn_k1,1,"[1.072361639102719,-0.014550861198697498,1.6144823325717856,-1.353046972813882,-1.5537248680136244,1.5453231732893766,1.1663163758357602]",False,no_descent,False,,18,121,,24,,,,True,True,True,0.0013436048560524763,0.00906064354466516,"[""position_tolerance"",""orientation_tolerance""]",position_tolerance+orientation_tolerance,0.9999999999989987,4671034,False
5c958deb3dc1f5919302388d58c9a5d961bec7d2f0bb8d7685e59c6d95b72459,panda,point_loop_control,1,"[1.0723650652132861,-0.01454712996197699,1.6144823325717856,-1.3530478491167544,-1.5537321550306264,1.5453231732893766,1.1663194495417841]",False,stationary,False,,19,113,114,25,94,0.059845504269253356,0.999999,True,True,True,0.001343878466665051,0.009057551331806038,"[""position_tolerance"",""orientation_tolerance""]",position_tolerance+orientation_tolerance,0.9999999999989987,15606968,False
5c958deb3dc1f5919302388d58c9a5d961bec7d2f0bb8d7685e59c6d95b72459,panda,point_loop_control,0,"[1.0723650652132861,-0.01454712996197699,1.6144823325717856,-1.3530478491167544,-1.5537321550306264,1.5453231732893766,1.1663194495417841]",False,stationary,False,,19,113,114,25,94,0.059845504269253356,0.999999,True,True,True,0.001343878466665051,0.009057551331806038,"[""position_tolerance"",""orientation_tolerance""]",position_tolerance+orientation_tolerance,0.9999999999989987,15478663,False
5c958deb3dc1f5919302388d58c9a5d961bec7d2f0bb8d7685e59c6d95b72459,panda,single_gn_k1,0,"[1.072361639102719,-0.014550861198697498,1.6144823325717856,-1.353046972813882,-1.5537248680136244,1.5453231732893766,1.1663163758357602]",False,no_descent,False,,18,121,,24,,,,True,True,True,0.0013436048560524763,0.00906064354466516,"[""position_tolerance"",""orientation_tolerance""]",position_tolerance+orientation_tolerance,0.9999999999989987,4574447,False
5c958deb3dc1f5919302388d58c9a5d961bec7d2f0bb8d7685e59c6d95b72459,panda,task_excess_isotropic,2,"[1.0707503819507103,-0.016248064587911587,1.6144823325717856,-1.3528931651762102,-1.551449807308898,1.5453231732893766,1.166248890483472]",False,iteration_limit,False,,30,109,110,46,79,0.04369679325894078,0.999999,True,True,True,0.001234543771181877,0.010297005634438285,"[""position_tolerance"",""orientation_tolerance""]",position_tolerance+orientation_tolerance,0.9999999999989987,16360403,False
5c958deb3dc1f5919302388d58c9a5d961bec7d2f0bb8d7685e59c6d95b72459,panda,single_gn_k0,1,"[1.0723650697496958,-0.014547124933454097,1.6144823325717856,-1.3530478493221985,-1.55373216054472,1.5453231732893766,1.1663194496758964]",False,stationary,False,,16,102,,22,,,,True,True,True,0.001343878749052378,0.009057548141082809,"[""position_tolerance"",""orientation_tolerance""]",position_tolerance+orientation_tolerance,0.9999999999989987,4009460,False
5c958deb3dc1f5919302388d58c9a5d961bec7d2f0bb8d7685e59c6d95b72459,panda,task_excess_lbfgsb,0,"[1.0490552340014119,-0.016584376557516406,1.635799488636715,-1.3523560007720923,-1.5510437843714129,1.5453231732893766,1.1658465650019074]",False,optimizer_stop,False,"{""code"":1,""success"":false,""message"":""STOP: TOTAL NO. OF ITERATIONS REACHED LIMIT""}",30,33,34,0,0,0.06834072147537952,0.999999,True,True,True,0.0013016743855656606,0.010591638518006576,"[""position_tolerance"",""orientation_tolerance""]",position_tolerance+orientation_tolerance,0.9999999999989984,5957795,False
5c958deb3dc1f5919302388d58c9a5d961bec7d2f0bb8d7685e59c6d95b72459,panda,task_excess_gn,0,"[1.0707503781296928,-0.016248067827950814,1.6144823325717856,-1.352893109060817,-1.5514496743516244,1.5453231732893766,1.1662487991224475]",False,stationary,False,,15,44,45,23,29,0.04369679321681285,0.999999,True,True,True,0.0012345411571193393,0.010297035364693296,"[""position_tolerance"",""orientation_tolerance""]",position_tolerance+orientation_tolerance,0.9999999999989987,7239429,False
5c958deb3dc1f5919302388d58c9a5d961bec7d2f0bb8d7685e59c6d95b72459,panda,point_loop_control,2,"[1.0723650652132861,-0.01454712996197699,1.6144823325717856,-1.3530478491167544,-1.5537321550306264,1.5453231732893766,1.1663194495417841]",False,stationary,False,,19,113,114,25,94,0.059845504269253356,0.999999,True,True,True,0.001343878466665051,0.009057551331806038,"[""position_tolerance"",""orientation_tolerance""]",position_tolerance+orientation_tolerance,0.9999999999989987,15522081,False
627e5c96e87407119a14e91c76336465ed5c018ce852ee1b241cf08a79550502,ur5e,single_gn_k0,0,"[-2.5215626151452266,3.7694324883904406,1.9429278730583948,-6.02165763305903,-0.03633573231260631,3.0057784773204967]",False,stationary,False,,19,115,,20,,,,True,True,True,0.0010917001533737372,0.004493424135683424,"[""position_tolerance""]",position_tolerance,0.9999999999990026,4434539,False
627e5c96e87407119a14e91c76336465ed5c018ce852ee1b241cf08a79550502,ur5e,task_excess_gn,0,"[-2.5132653562328957,3.7725833548061045,1.9442411864706572,-6.021203147879732,-0.02690481459592975,3.005778157059449]",True,task_admissible,True,,5,10,11,7,5,2.2810040392460074e-15,0.999999,True,True,True,0.0009999990635189584,0.008726637733753338,[],accepted,0.9999949109855337,1802245,True
627e5c96e87407119a14e91c76336465ed5c018ce852ee1b241cf08a79550502,ur5e,single_gn_k0,1,"[-2.5215626151452266,3.7694324883904406,1.9429278730583948,-6.02165763305903,-0.03633573231260631,3.0057784773204967]",False,stationary,False,,19,115,,20,,,,True,True,True,0.0010917001533737372,0.004493424135683424,"[""position_tolerance""]",position_tolerance,0.9999999999990026,4393835,False
627e5c96e87407119a14e91c76336465ed5c018ce852ee1b241cf08a79550502,ur5e,task_excess_isotropic,1,"[-2.5120582118578345,3.7736695389813657,1.942980684314389,-6.022501358010755,-0.030611560821320858,3.0057784773204967]",True,task_admissible,True,,2,7,8,5,5,0.0,0.999999,True,True,True,0.0009470535788121638,0.008670034750942322,[],accepted,0.9999999999990026,1223566,True
627e5c96e87407119a14e91c76336465ed5c018ce852ee1b241cf08a79550502,ur5e,single_gn_k1,0,"[-2.521564464907341,3.7694325056821327,1.9429270222534516,-6.021654413170089,-0.03633711361000158,3.0057784773204967]",False,no_descent,False,,16,117,,17,,,,True,True,True,0.0010917291575246225,0.004492888493230675,"[""position_tolerance""]",position_tolerance,0.9999999999990026,4352441,False
627e5c96e87407119a14e91c76336465ed5c018ce852ee1b241cf08a79550502,ur5e,single_gn_k0,2,"[-2.5215626151452266,3.7694324883904406,1.9429278730583948,-6.02165763305903,-0.03633573231260631,3.0057784773204967]",False,stationary,False,,19,115,,20,,,,True,True,True,0.0010917001533737372,0.004493424135683424,"[""position_tolerance""]",position_tolerance,0.9999999999990026,4324460,False
627e5c96e87407119a14e91c76336465ed5c018ce852ee1b241cf08a79550502,ur5e,task_excess_lbfgsb,0,"[-2.5141861993074057,3.786663171864542,1.939498217870157,-5.968456893283448,-0.028334355577648733,2.939220443544107]",True,task_admissible,True,,0,14,15,0,0,2.1304933935051267e-13,0.999999,True,True,True,0.0009874405570833896,0.008726643229779814,[],accepted,0.06700516475181563,2625072,True
627e5c96e87407119a14e91c76336465ed5c018ce852ee1b241cf08a79550502,ur5e,task_excess_isotropic,2,"[-2.5120582118578345,3.7736695389813657,1.942980684314389,-6.022501358010755,-0.030611560821320858,3.0057784773204967]",True,task_admissible,True,,2,7,8,5,5,0.0,0.999999,True,True,True,0.0009470535788121638,0.008670034750942322,[],accepted,0.9999999999990026,1252744,True
627e5c96e87407119a14e91c76336465ed5c018ce852ee1b241cf08a79550502,ur5e,single_gn_k1,1,"[-2.521564464907341,3.7694325056821327,1.9429270222534516,-6.021654413170089,-0.03633711361000158,3.0057784773204967]",False,no_descent,False,,16,117,,17,,,,True,True,True,0.0010917291575246225,0.004492888493230675,"[""position_tolerance""]",position_tolerance,0.9999999999990026,4405840,False
627e5c96e87407119a14e91c76336465ed5c018ce852ee1b241cf08a79550502,ur5e,point_loop_control,0,"[-2.521562623086601,3.7694324859461843,1.9429278723318002,-6.021657630169173,-0.036335739352613874,3.0057784773204967]",False,stationary,False,,20,98,99,21,78,0.004204562544732941,0.999999,True,True,True,0.0010917002818310948,0.004493421758951254,"[""position_tolerance""]",position_tolerance,0.9999999999990026,13001473,False
627e5c96e87407119a14e91c76336465ed5c018ce852ee1b241cf08a79550502,ur5e,task_excess_isotropic,0,"[-2.5120582118578345,3.7736695389813657,1.942980684314389,-6.022501358010755,-0.030611560821320858,3.0057784773204967]",True,task_admissible,True,,2,7,8,5,5,0.0,0.999999,True,True,True,0.0009470535788121638,0.008670034750942322,[],accepted,0.9999999999990026,1200965,True
627e5c96e87407119a14e91c76336465ed5c018ce852ee1b241cf08a79550502,ur5e,point_loop_control,1,"[-2.521562623086601,3.7694324859461843,1.9429278723318002,-6.021657630169173,-0.036335739352613874,3.0057784773204967]",False,stationary,False,,20,98,99,21,78,0.004204562544732941,0.999999,True,True,True,0.0010917002818310948,0.004493421758951254,"[""position_tolerance""]",position_tolerance,0.9999999999990026,13058652,False
627e5c96e87407119a14e91c76336465ed5c018ce852ee1b241cf08a79550502,ur5e,single_gn_k1,2,"[-2.521564464907341,3.7694325056821327,1.9429270222534516,-6.021654413170089,-0.03633711361000158,3.0057784773204967]",False,no_descent,False,,16,117,,17,,,,True,True,True,0.0010917291575246225,0.004492888493230675,"[""position_tolerance""]",position_tolerance,0.9999999999990026,4434562,False
627e5c96e87407119a14e91c76336465ed5c018ce852ee1b241cf08a79550502,ur5e,task_excess_lbfgsb,1,"[-2.5141861993074057,3.786663171864542,1.939498217870157,-5.968456893283448,-0.028334355577648733,2.939220443544107]",True,task_admissible,True,,0,14,15,0,0,2.1304933935051267e-13,0.999999,True,True,True,0.0009874405570833896,0.008726643229779814,[],accepted,0.06700516475181563,2604273,True
627e5c96e87407119a14e91c76336465ed5c018ce852ee1b241cf08a79550502,ur5e,task_excess_lbfgsb,2,"[-2.5141861993074057,3.786663171864542,1.939498217870157,-5.968456893283448,-0.028334355577648733,2.939220443544107]",True,task_admissible,True,,0,14,15,0,0,2.1304933935051267e-13,0.999999,True,True,True,0.0009874405570833896,0.008726643229779814,[],accepted,0.06700516475181563,2506027,True
627e5c96e87407119a14e91c76336465ed5c018ce852ee1b241cf08a79550502,ur5e,point_loop_control,2,"[-2.521562623086601,3.7694324859461843,1.9429278723318002,-6.021657630169173,-0.036335739352613874,3.0057784773204967]",False,stationary,False,,20,98,99,21,78,0.004204562544732941,0.999999,True,True,True,0.0010917002818310948,0.004493421758951254,"[""position_tolerance""]",position_tolerance,0.9999999999990026,12992480,False
627e5c96e87407119a14e91c76336465ed5c018ce852ee1b241cf08a79550502,ur5e,task_excess_gn,1,"[-2.5132653562328957,3.7725833548061045,1.9442411864706572,-6.021203147879732,-0.02690481459592975,3.005778157059449]",True,task_admissible,True,,5,10,11,7,5,2.2810040392460074e-15,0.999999,True,True,True,0.0009999990635189584,0.008726637733753338,[],accepted,0.9999949109855337,1792397,True
627e5c96e87407119a14e91c76336465ed5c018ce852ee1b241cf08a79550502,ur5e,task_excess_gn,2,"[-2.5132653562328957,3.7725833548061045,1.9442411864706572,-6.021203147879732,-0.02690481459592975,3.005778157059449]",True,task_admissible,True,,5,10,11,7,5,2.2810040392460074e-15,0.999999,True,True,True,0.0009999990635189584,0.008726637733753338,[],accepted,0.9999949109855337,1744817,True
6a7217fc67b9b7666d71bab36d05ac04297bba7ad75a01c4adcae0a4a9b88de5,ur5e,single_gn_k1,1,"[-2.081759823302708,1.436733030591352,0.09523031726070053,1.2052365545798207,0.6600618824557262,2.27572026437745]",False,stationary,False,,14,84,,15,,,,True,True,True,0.001516061535613442,0.007050709310344204,"[""position_tolerance""]",position_tolerance,0.9999999999990026,3334857,False
6a7217fc67b9b7666d71bab36d05ac04297bba7ad75a01c4adcae0a4a9b88de5,ur5e,point_loop_control,2,"[-2.081759823302708,1.436751569509704,0.0951926438877495,1.2052604216975906,0.6600616813903873,2.275717633503166]",False,stationary,False,,8,15,16,9,7,0.1331539176690926,0.999999,True,True,True,0.001516049225596487,0.007050909687675499,"[""position_tolerance""]",position_tolerance,0.9999999999990026,2305651,False
6a7217fc67b9b7666d71bab36d05ac04297bba7ad75a01c4adcae0a4a9b88de5,ur5e,task_excess_gn,2,"[-2.081759823302708,1.4390048264426423,0.09110329564102888,1.2070965130101234,0.6568908144980018,2.275717633501506]",False,stationary,False,,15,78,79,16,63,0.06677603842860477,0.999999,True,True,True,0.0013227961503148023,0.010221776580060958,"[""position_tolerance"",""orientation_tolerance""]",position_tolerance+orientation_tolerance,0.9999999999990026,11719554,False
6a7217fc67b9b7666d71bab36d05ac04297bba7ad75a01c4adcae0a4a9b88de5,ur5e,task_excess_lbfgsb,0,"[-2.081759823302708,1.4474446579551634,0.07396749494152961,1.2181803025725721,0.6569311224863859,2.273827460505782]",False,optimizer_stop,False,"{""code"":1,""success"":false,""message"":""STOP: TOTAL NO. OF ITERATIONS REACHED LIMIT""}",30,33,34,0,0,0.0696124482325069,0.999999,True,True,True,0.001327512507353051,0.010286726593158067,"[""position_tolerance"",""orientation_tolerance""]",position_tolerance+orientation_tolerance,0.9999999999990026,5699049,False
6a7217fc67b9b7666d71bab36d05ac04297bba7ad75a01c4adcae0a4a9b88de5,ur5e,single_gn_k0,0,"[-2.081759823302708,1.4367515465996166,0.09519269054387529,1.205260394747092,0.6600616838299004,2.275717634212759]",False,stationary,False,,15,100,,16,,,,True,True,True,0.0015160493745807672,0.007050907248162944,"[""position_tolerance""]",position_tolerance,0.9999999999990026,3861139,False
6a7217fc67b9b7666d71bab36d05ac04297bba7ad75a01c4adcae0a4a9b88de5,ur5e,point_loop_control,1,"[-2.081759823302708,1.436751569509704,0.0951926438877495,1.2052604216975906,0.6600616813903873,2.275717633503166]",False,stationary,False,,8,15,16,9,7,0.1331539176690926,0.999999,True,True,True,0.001516049225596487,0.007050909687675499,"[""position_tolerance""]",position_tolerance,0.9999999999990026,2249795,False
6a7217fc67b9b7666d71bab36d05ac04297bba7ad75a01c4adcae0a4a9b88de5,ur5e,task_excess_gn,1,"[-2.081759823302708,1.4390048264426423,0.09110329564102888,1.2070965130101234,0.6568908144980018,2.275717633501506]",False,stationary,False,,15,78,79,16,63,0.06677603842860477,0.999999,True,True,True,0.0013227961503148023,0.010221776580060958,"[""position_tolerance"",""orientation_tolerance""]",position_tolerance+orientation_tolerance,0.9999999999990026,11629884,False
6a7217fc67b9b7666d71bab36d05ac04297bba7ad75a01c4adcae0a4a9b88de5,ur5e,single_gn_k0,2,"[-2.081759823302708,1.4367515465996166,0.09519269054387529,1.205260394747092,0.6600616838299004,2.275717634212759]",False,stationary,False,,15,100,,16,,,,True,True,True,0.0015160493745807672,0.007050907248162944,"[""position_tolerance""]",position_tolerance,0.9999999999990026,3898474,False
6a7217fc67b9b7666d71bab36d05ac04297bba7ad75a01c4adcae0a4a9b88de5,ur5e,task_excess_isotropic,2,"[-2.081759844129011,1.43900382488209,0.09110514064613758,1.2070956564157247,0.6568921293400182,2.2757176340432377]",False,iteration_limit,False,,30,108,109,59,78,0.06677627162539392,0.999999,True,True,True,0.001322875634953572,0.010220480884579422,"[""position_tolerance"",""orientation_tolerance""]",position_tolerance+orientation_tolerance,0.9999996690647954,15991027,False
6a7217fc67b9b7666d71bab36d05ac04297bba7ad75a01c4adcae0a4a9b88de5,ur5e,task_excess_isotropic,1,"[-2.081759844129011,1.43900382488209,0.09110514064613758,1.2070956564157247,0.6568921293400182,2.2757176340432377]",False,iteration_limit,False,,30,108,109,59,78,0.06677627162539392,0.999999,True,True,True,0.001322875634953572,0.010220480884579422,"[""position_tolerance"",""orientation_tolerance""]",position_tolerance+orientation_tolerance,0.9999996690647954,15947566,False
6a7217fc67b9b7666d71bab36d05ac04297bba7ad75a01c4adcae0a4a9b88de5,ur5e,single_gn_k1,2,"[-2.081759823302708,1.436733030591352,0.09523031726070053,1.2052365545798207,0.6600618824557262,2.27572026437745]",False,stationary,False,,14,84,,15,,,,True,True,True,0.001516061535613442,0.007050709310344204,"[""position_tolerance""]",position_tolerance,0.9999999999990026,3284071,False
6a7217fc67b9b7666d71bab36d05ac04297bba7ad75a01c4adcae0a4a9b88de5,ur5e,single_gn_k1,0,"[-2.081759823302708,1.436733030591352,0.09523031726070053,1.2052365545798207,0.6600618824557262,2.27572026437745]",False,stationary,False,,14,84,,15,,,,True,True,True,0.001516061535613442,0.007050709310344204,"[""position_tolerance""]",position_tolerance,0.9999999999990026,3270330,False
6a7217fc67b9b7666d71bab36d05ac04297bba7ad75a01c4adcae0a4a9b88de5,ur5e,task_excess_lbfgsb,1,"[-2.081759823302708,1.4474446579551634,0.07396749494152961,1.2181803025725721,0.6569311224863859,2.273827460505782]",False,optimizer_stop,False,"{""code"":1,""success"":false,""message"":""STOP: TOTAL NO. OF ITERATIONS REACHED LIMIT""}",30,33,34,0,0,0.0696124482325069,0.999999,True,True,True,0.001327512507353051,0.010286726593158067,"[""position_tolerance"",""orientation_tolerance""]",position_tolerance+orientation_tolerance,0.9999999999990026,5725770,False
6a7217fc67b9b7666d71bab36d05ac04297bba7ad75a01c4adcae0a4a9b88de5,ur5e,task_excess_isotropic,0,"[-2.081759844129011,1.43900382488209,0.09110514064613758,1.2070956564157247,0.6568921293400182,2.2757176340432377]",False,iteration_limit,False,,30,108,109,59,78,0.06677627162539392,0.999999,True,True,True,0.001322875634953572,0.010220480884579422,"[""position_tolerance"",""orientation_tolerance""]",position_tolerance+orientation_tolerance,0.9999996690647954,16039946,False
6a7217fc67b9b7666d71bab36d05ac04297bba7ad75a01c4adcae0a4a9b88de5,ur5e,task_excess_lbfgsb,2,"[-2.081759823302708,1.4474446579551634,0.07396749494152961,1.2181803025725721,0.6569311224863859,2.273827460505782]",False,optimizer_stop,False,"{""code"":1,""success"":false,""message"":""STOP: TOTAL NO. OF ITERATIONS REACHED LIMIT""}",30,33,34,0,0,0.0696124482325069,0.999999,True,True,True,0.001327512507353051,0.010286726593158067,"[""position_tolerance"",""orientation_tolerance""]",position_tolerance+orientation_tolerance,0.9999999999990026,5581244,False
6a7217fc67b9b7666d71bab36d05ac04297bba7ad75a01c4adcae0a4a9b88de5,ur5e,point_loop_control,0,"[-2.081759823302708,1.436751569509704,0.0951926438877495,1.2052604216975906,0.6600616813903873,2.275717633503166]",False,stationary,False,,8,15,16,9,7,0.1331539176690926,0.999999,True,True,True,0.001516049225596487,0.007050909687675499,"[""position_tolerance""]",position_tolerance,0.9999999999990026,2327734,False
6a7217fc67b9b7666d71bab36d05ac04297bba7ad75a01c4adcae0a4a9b88de5,ur5e,task_excess_gn,0,"[-2.081759823302708,1.4390048264426423,0.09110329564102888,1.2070965130101234,0.6568908144980018,2.275717633501506]",False,stationary,False,,15,78,79,16,63,0.06677603842860477,0.999999,True,True,True,0.0013227961503148023,0.010221776580060958,"[""position_tolerance"",""orientation_tolerance""]",position_tolerance+orientation_tolerance,0.9999999999990026,11751535,False
6a7217fc67b9b7666d71bab36d05ac04297bba7ad75a01c4adcae0a4a9b88de5,ur5e,single_gn_k0,1,"[-2.081759823302708,1.4367515465996166,0.09519269054387529,1.205260394747092,0.6600616838299004,2.275717634212759]",False,stationary,False,,15,100,,16,,,,True,True,True,0.0015160493745807672,0.007050907248162944,"[""position_tolerance""]",position_tolerance,0.9999999999990026,3882210,False
6b6aaf1e1768445f8c978d98191ac18f2fdd9339e124c9caf1411cec09edf352,ur5e,task_excess_lbfgsb,2,"[-2.0817598233036985,1.447444657975979,0.0739674948994165,1.2181803025994322,0.656931122487587,2.2738274605010176]",False,optimizer_stop,False,"{""code"":1,""success"":false,""message"":""STOP: TOTAL NO. OF ITERATIONS REACHED LIMIT""}",30,33,34,0,0,0.06961244825570088,0.999999,True,True,True,0.001327512507414032,0.01028672659331534,"[""position_tolerance"",""orientation_tolerance""]",position_tolerance+orientation_tolerance,0.9999999999990026,5726479,False
6b6aaf1e1768445f8c978d98191ac18f2fdd9339e124c9caf1411cec09edf352,ur5e,single_gn_k0,1,"[-2.0817598233036985,1.4367515466000016,0.09519269054355595,1.205260394747521,0.6600616838306878,2.2757176342121292]",False,stationary,False,,15,100,,16,,,,True,True,True,0.0015160493746057084,0.007050907248286183,"[""position_tolerance""]",position_tolerance,0.9999999999990026,3840387,False
6b6aaf1e1768445f8c978d98191ac18f2fdd9339e124c9caf1411cec09edf352,ur5e,single_gn_k1,2,"[-2.0817598233036985,1.4367330305917316,0.0952303172603924,1.2052365545802437,0.6600618824565134,2.2757202643768206]",False,stationary,False,,14,84,,15,,,,True,True,True,0.0015160615356383969,0.007050709310467525,"[""position_tolerance""]",position_tolerance,0.9999999999990026,3302377,False
6b6aaf1e1768445f8c978d98191ac18f2fdd9339e124c9caf1411cec09edf352,ur5e,single_gn_k0,0,"[-2.0817598233036985,1.4367515466000016,0.09519269054355595,1.205260394747521,0.6600616838306878,2.2757176342121292]",False,stationary,False,,15,100,,16,,,,True,True,True,0.0015160493746057084,0.007050907248286183,"[""position_tolerance""]",position_tolerance,0.9999999999990026,3771393,False
6b6aaf1e1768445f8c978d98191ac18f2fdd9339e124c9caf1411cec09edf352,ur5e,task_excess_isotropic,0,"[-2.0817598441300014,1.4390038248824761,0.0911051406458153,1.2070956564161552,0.6568921293408061,2.2757176340426084]",False,iteration_limit,False,,30,108,109,59,78,0.06677627163580524,0.999999,True,True,True,0.0013228756349783805,0.010220480884701838,"[""position_tolerance"",""orientation_tolerance""]",position_tolerance+orientation_tolerance,0.9999996690647954,15959314,False
6b6aaf1e1768445f8c978d98191ac18f2fdd9339e124c9caf1411cec09edf352,ur5e,point_loop_control,2,"[-2.0817598233036985,1.4367515695098183,0.09519264388796696,1.2052604216976717,0.6600616813912343,2.2757176335026106]",False,stationary,False,,15,75,76,16,60,0.1331539176838176,0.999999,True,True,True,0.001516049225625021,0.0070509096877390065,"[""position_tolerance""]",position_tolerance,0.9999999999990026,9844170,False
6b6aaf1e1768445f8c978d98191ac18f2fdd9339e124c9caf1411cec09edf352,ur5e,task_excess_gn,0,"[-2.0817598233036985,1.4390048264446595,0.09110329563736407,1.207096513012583,0.6568908144988168,2.2757176335018845]",False,stationary,False,,18,89,90,19,71,0.06677603843900631,0.999999,True,True,True,0.0013227961503412095,0.01022177658015658,"[""position_tolerance"",""orientation_tolerance""]",position_tolerance+orientation_tolerance,0.9999999999990026,13209970,False
6b6aaf1e1768445f8c978d98191ac18f2fdd9339e124c9caf1411cec09edf352,ur5e,task_excess_lbfgsb,1,"[-2.0817598233036985,1.447444657975979,0.0739674948994165,1.2181803025994322,0.656931122487587,2.2738274605010176]",False,optimizer_stop,False,"{""code"":1,""success"":false,""message"":""STOP: TOTAL NO. OF ITERATIONS REACHED LIMIT""}",30,33,34,0,0,0.06961244825570088,0.999999,True,True,True,0.001327512507414032,0.01028672659331534,"[""position_tolerance"",""orientation_tolerance""]",position_tolerance+orientation_tolerance,0.9999999999990026,5695351,False
6b6aaf1e1768445f8c978d98191ac18f2fdd9339e124c9caf1411cec09edf352,ur5e,task_excess_lbfgsb,0,"[-2.0817598233036985,1.447444657975979,0.0739674948994165,1.2181803025994322,0.656931122487587,2.2738274605010176]",False,optimizer_stop,False,"{""code"":1,""success"":false,""message"":""STOP: TOTAL NO. OF ITERATIONS REACHED LIMIT""}",30,33,34,0,0,0.06961244825570088,0.999999,True,True,True,0.001327512507414032,0.01028672659331534,"[""position_tolerance"",""orientation_tolerance""]",position_tolerance+orientation_tolerance,0.9999999999990026,5546126,False
6b6aaf1e1768445f8c978d98191ac18f2fdd9339e124c9caf1411cec09edf352,ur5e,task_excess_gn,1,"[-2.0817598233036985,1.4390048264446595,0.09110329563736407,1.207096513012583,0.6568908144988168,2.2757176335018845]",False,stationary,False,,18,89,90,19,71,0.06677603843900631,0.999999,True,True,True,0.0013227961503412095,0.01022177658015658,"[""position_tolerance"",""orientation_tolerance""]",position_tolerance+orientation_tolerance,0.9999999999990026,13193300,False
6b6aaf1e1768445f8c978d98191ac18f2fdd9339e124c9caf1411cec09edf352,ur5e,single_gn_k1,0,"[-2.0817598233036985,1.4367330305917316,0.0952303172603924,1.2052365545802437,0.6600618824565134,2.2757202643768206]",False,stationary,False,,14,84,,15,,,,True,True,True,0.0015160615356383969,0.007050709310467525,"[""position_tolerance""]",position_tolerance,0.9999999999990026,3256484,False
6b6aaf1e1768445f8c978d98191ac18f2fdd9339e124c9caf1411cec09edf352,ur5e,point_loop_control,1,"[-2.0817598233036985,1.4367515695098183,0.09519264388796696,1.2052604216976717,0.6600616813912343,2.2757176335026106]",False,stationary,False,,15,75,76,16,60,0.1331539176838176,0.999999,True,True,True,0.001516049225625021,0.0070509096877390065,"[""position_tolerance""]",position_tolerance,0.9999999999990026,9845483,False
6b6aaf1e1768445f8c978d98191ac18f2fdd9339e124c9caf1411cec09edf352,ur5e,point_loop_control,0,"[-2.0817598233036985,1.4367515695098183,0.09519264388796696,1.2052604216976717,0.6600616813912343,2.2757176335026106]",False,stationary,False,,15,75,76,16,60,0.1331539176838176,0.999999,True,True,True,0.001516049225625021,0.0070509096877390065,"[""position_tolerance""]",position_tolerance,0.9999999999990026,9830642,False
6b6aaf1e1768445f8c978d98191ac18f2fdd9339e124c9caf1411cec09edf352,ur5e,task_excess_isotropic,2,"[-2.0817598441300014,1.4390038248824761,0.0911051406458153,1.2070956564161552,0.6568921293408061,2.2757176340426084]",False,iteration_limit,False,,30,108,109,59,78,0.06677627163580524,0.999999,True,True,True,0.0013228756349783805,0.010220480884701838,"[""position_tolerance"",""orientation_tolerance""]",position_tolerance+orientation_tolerance,0.9999996690647954,15838203,False
6b6aaf1e1768445f8c978d98191ac18f2fdd9339e124c9caf1411cec09edf352,ur5e,task_excess_gn,2,"[-2.0817598233036985,1.4390048264446595,0.09110329563736407,1.207096513012583,0.6568908144988168,2.2757176335018845]",False,stationary,False,,18,89,90,19,71,0.06677603843900631,0.999999,True,True,True,0.0013227961503412095,0.01022177658015658,"[""position_tolerance"",""orientation_tolerance""]",position_tolerance+orientation_tolerance,0.9999999999990026,13089045,False
6b6aaf1e1768445f8c978d98191ac18f2fdd9339e124c9caf1411cec09edf352,ur5e,single_gn_k1,1,"[-2.0817598233036985,1.4367330305917316,0.0952303172603924,1.2052365545802437,0.6600618824565134,2.2757202643768206]",False,stationary,False,,14,84,,15,,,,True,True,True,0.0015160615356383969,0.007050709310467525,"[""position_tolerance""]",position_tolerance,0.9999999999990026,3279532,False
6b6aaf1e1768445f8c978d98191ac18f2fdd9339e124c9caf1411cec09edf352,ur5e,task_excess_isotropic,1,"[-2.0817598441300014,1.4390038248824761,0.0911051406458153,1.2070956564161552,0.6568921293408061,2.2757176340426084]",False,iteration_limit,False,,30,108,109,59,78,0.06677627163580524,0.999999,True,True,True,0.0013228756349783805,0.010220480884701838,"[""position_tolerance"",""orientation_tolerance""]",position_tolerance+orientation_tolerance,0.9999996690647954,15757326,False
6b6aaf1e1768445f8c978d98191ac18f2fdd9339e124c9caf1411cec09edf352,ur5e,single_gn_k0,2,"[-2.0817598233036985,1.4367515466000016,0.09519269054355595,1.205260394747521,0.6600616838306878,2.2757176342121292]",False,stationary,False,,15,100,,16,,,,True,True,True,0.0015160493746057084,0.007050907248286183,"[""position_tolerance""]",position_tolerance,0.9999999999990026,3786700,False
6bbddc027841533c944d5fccacaa71c6ae80d2814987226ff64e72d169d46a50,panda,point_loop_control,1,"[-0.7134905466319771,-0.03546657026673399,-1.3675165977782944,-1.6264634974664285,0.9462252694422645,1.5227174448560314,-0.2747951053891968]",False,stationary,False,,8,18,19,10,10,0.15643496326139883,0.999999,True,True,True,0.0013530044953537013,0.012513007029487034,"[""position_tolerance"",""orientation_tolerance""]",position_tolerance+orientation_tolerance,0.999999999999,2880135,False
6bbddc027841533c944d5fccacaa71c6ae80d2814987226ff64e72d169d46a50,panda,task_excess_gn,0,"[-0.7135192185506525,-0.03546657026673399,-1.3675165977782944,-1.6264419644917072,0.9461947547252868,1.5224373581076123,-0.2747949717145284]",False,stationary,False,,17,95,96,19,78,0.15559430361147458,0.999999,True,True,True,0.0013828127980224033,0.012267572549257023,"[""position_tolerance"",""orientation_tolerance""]",position_tolerance+orientation_tolerance,0.999999999999,14764834,False
6bbddc027841533c944d5fccacaa71c6ae80d2814987226ff64e72d169d46a50,panda,task_excess_isotropic,2,"[-0.7135191239301721,-0.03546657026673399,-1.3675165977782944,-1.6264420356781433,0.9461948553439468,1.5224382796675338,-0.27479497223831456]",False,iteration_limit,False,,30,89,90,32,59,0.15559431270400892,0.999999,True,True,True,0.0013827147621460118,0.012268379690460015,"[""position_tolerance"",""orientation_tolerance""]",position_tolerance+orientation_tolerance,0.999999999999,13563220,False
6bbddc027841533c944d5fccacaa71c6ae80d2814987226ff64e72d169d46a50,panda,single_gn_k0,0,"[-0.7134905465913833,-0.03546657026673399,-1.3675165977782944,-1.6264634976602228,0.9462252697292325,1.522717445248008,-0.27479510581240335]",False,stationary,False,,15,100,,17,,,,True,True,True,0.0013530044616075377,0.012513007307367902,"[""position_tolerance"",""orientation_tolerance""]",position_tolerance+orientation_tolerance,0.999999999999,3823474,False
6bbddc027841533c944d5fccacaa71c6ae80d2814987226ff64e72d169d46a50,panda,single_gn_k1,2,"[-0.713489906324125,-0.03546657026673399,-1.3675165977782944,-1.6264631049405032,0.9462227135176791,1.52271897424733,-0.2747939467786473]",False,no_descent,False,,16,118,,18,,,,True,True,True,0.0013528943289900417,0.012513914523916477,"[""position_tolerance"",""orientation_tolerance""]",position_tolerance+orientation_tolerance,0.999999999999,4450960,False
6bbddc027841533c944d5fccacaa71c6ae80d2814987226ff64e72d169d46a50,panda,task_excess_gn,1,"[-0.7135192185506525,-0.03546657026673399,-1.3675165977782944,-1.6264419644917072,0.9461947547252868,1.5224373581076123,-0.2747949717145284]",False,stationary,False,,17,95,96,19,78,0.15559430361147458,0.999999,True,True,True,0.0013828127980224033,0.012267572549257023,"[""position_tolerance"",""orientation_tolerance""]",position_tolerance+orientation_tolerance,0.999999999999,14711186,False
6bbddc027841533c944d5fccacaa71c6ae80d2814987226ff64e72d169d46a50,panda,point_loop_control,0,"[-0.7134905466319771,-0.03546657026673399,-1.3675165977782944,-1.6264634974664285,0.9462252694422645,1.5227174448560314,-0.2747951053891968]",False,stationary,False,,8,18,19,10,10,0.15643496326139883,0.999999,True,True,True,0.0013530044953537013,0.012513007029487034,"[""position_tolerance"",""orientation_tolerance""]",position_tolerance+orientation_tolerance,0.999999999999,2824085,False
6bbddc027841533c944d5fccacaa71c6ae80d2814987226ff64e72d169d46a50,panda,task_excess_isotropic,1,"[-0.7135191239301721,-0.03546657026673399,-1.3675165977782944,-1.6264420356781433,0.9461948553439468,1.5224382796675338,-0.27479497223831456]",False,iteration_limit,False,,30,89,90,32,59,0.15559431270400892,0.999999,True,True,True,0.0013827147621460118,0.012268379690460015,"[""position_tolerance"",""orientation_tolerance""]",position_tolerance+orientation_tolerance,0.999999999999,13489521,False
6bbddc027841533c944d5fccacaa71c6ae80d2814987226ff64e72d169d46a50,panda,task_excess_isotropic,0,"[-0.7135191239301721,-0.03546657026673399,-1.3675165977782944,-1.6264420356781433,0.9461948553439468,1.5224382796675338,-0.27479497223831456]",False,iteration_limit,False,,30,89,90,32,59,0.15559431270400892,0.999999,True,True,True,0.0013827147621460118,0.012268379690460015,"[""position_tolerance"",""orientation_tolerance""]",position_tolerance+orientation_tolerance,0.999999999999,13526430,False
6bbddc027841533c944d5fccacaa71c6ae80d2814987226ff64e72d169d46a50,panda,single_gn_k1,1,"[-0.713489906324125,-0.03546657026673399,-1.3675165977782944,-1.6264631049405032,0.9462227135176791,1.52271897424733,-0.2747939467786473]",False,no_descent,False,,16,118,,18,,,,True,True,True,0.0013528943289900417,0.012513914523916477,"[""position_tolerance"",""orientation_tolerance""]",position_tolerance+orientation_tolerance,0.999999999999,4470786,False
6bbddc027841533c944d5fccacaa71c6ae80d2814987226ff64e72d169d46a50,panda,single_gn_k0,1,"[-0.7134905465913833,-0.03546657026673399,-1.3675165977782944,-1.6264634976602228,0.9462252697292325,1.522717445248008,-0.27479510581240335]",False,stationary,False,,15,100,,17,,,,True,True,True,0.0013530044616075377,0.012513007307367902,"[""position_tolerance"",""orientation_tolerance""]",position_tolerance+orientation_tolerance,0.999999999999,3861946,False
6bbddc027841533c944d5fccacaa71c6ae80d2814987226ff64e72d169d46a50,panda,task_excess_lbfgsb,2,"[-0.7135192183295174,-0.03546657026673399,-1.3675165977782944,-1.6264419638816898,0.946194753115849,1.5224373578220094,-0.2747949728816842]",False,optimizer_stop,False,"{""code"":1,""success"":false,""message"":""STOP: TOTAL NO. OF ITERATIONS REACHED LIMIT""}",30,35,36,0,0,0.15559430361150584,0.999999,True,True,True,0.00138281283541664,0.012267572241386485,"[""position_tolerance"",""orientation_tolerance""]",position_tolerance+orientation_tolerance,0.999999999999,6279978,False
6bbddc027841533c944d5fccacaa71c6ae80d2814987226ff64e72d169d46a50,panda,task_excess_lbfgsb,0,"[-0.7135192183295174,-0.03546657026673399,-1.3675165977782944,-1.6264419638816898,0.946194753115849,1.5224373578220094,-0.2747949728816842]",False,optimizer_stop,False,"{""code"":1,""success"":false,""message"":""STOP: TOTAL NO. OF ITERATIONS REACHED LIMIT""}",30,35,36,0,0,0.15559430361150584,0.999999,True,True,True,0.00138281283541664,0.012267572241386485,"[""position_tolerance"",""orientation_tolerance""]",position_tolerance+orientation_tolerance,0.999999999999,6273561,False
6bbddc027841533c944d5fccacaa71c6ae80d2814987226ff64e72d169d46a50,panda,single_gn_k0,2,"[-0.7134905465913833,-0.03546657026673399,-1.3675165977782944,-1.6264634976602228,0.9462252697292325,1.522717445248008,-0.27479510581240335]",False,stationary,False,,15,100,,17,,,,True,True,True,0.0013530044616075377,0.012513007307367902,"[""position_tolerance"",""orientation_tolerance""]",position_tolerance+orientation_tolerance,0.999999999999,3836759,False
6bbddc027841533c944d5fccacaa71c6ae80d2814987226ff64e72d169d46a50,panda,task_excess_gn,2,"[-0.7135192185506525,-0.03546657026673399,-1.3675165977782944,-1.6264419644917072,0.9461947547252868,1.5224373581076123,-0.2747949717145284]",False,stationary,False,,17,95,96,19,78,0.15559430361147458,0.999999,True,True,True,0.0013828127980224033,0.012267572549257023,"[""position_tolerance"",""orientation_tolerance""]",position_tolerance+orientation_tolerance,0.999999999999,14787891,False
6bbddc027841533c944d5fccacaa71c6ae80d2814987226ff64e72d169d46a50,panda,task_excess_lbfgsb,1,"[-0.7135192183295174,-0.03546657026673399,-1.3675165977782944,-1.6264419638816898,0.946194753115849,1.5224373578220094,-0.2747949728816842]",False,optimizer_stop,False,"{""code"":1,""success"":false,""message"":""STOP: TOTAL NO. OF ITERATIONS REACHED LIMIT""}",30,35,36,0,0,0.15559430361150584,0.999999,True,True,True,0.00138281283541664,0.012267572241386485,"[""position_tolerance"",""orientation_tolerance""]",position_tolerance+orientation_tolerance,0.999999999999,6231324,False
6bbddc027841533c944d5fccacaa71c6ae80d2814987226ff64e72d169d46a50,panda,single_gn_k1,0,"[-0.713489906324125,-0.03546657026673399,-1.3675165977782944,-1.6264631049405032,0.9462227135176791,1.52271897424733,-0.2747939467786473]",False,no_descent,False,,16,118,,18,,,,True,True,True,0.0013528943289900417,0.012513914523916477,"[""position_tolerance"",""orientation_tolerance""]",position_tolerance+orientation_tolerance,0.999999999999,4419277,False
6bbddc027841533c944d5fccacaa71c6ae80d2814987226ff64e72d169d46a50,panda,point_loop_control,2,"[-0.7134905466319771,-0.03546657026673399,-1.3675165977782944,-1.6264634974664285,0.9462252694422645,1.5227174448560314,-0.2747951053891968]",False,stationary,False,,8,18,19,10,10,0.15643496326139883,0.999999,True,True,True,0.0013530044953537013,0.012513007029487034,"[""position_tolerance"",""orientation_tolerance""]",position_tolerance+orientation_tolerance,0.999999999999,2803130,False
777cecb834c2d2a97ee11f30726a9c1a3bfdbf129e98653491a9be48b524a07f,panda,task_excess_lbfgsb,2,"[-2.5736108865504743,0.039473618034960245,2.897299999999,-0.5658029486877902,-2.897299999999,2.0259109845599594,-1.7710619415521607]",False,optimizer_stop,False,"{""code"":1,""success"":false,""message"":""STOP: TOTAL NO. OF ITERATIONS REACHED LIMIT""}",30,34,35,0,0,0.006292387537492915,0.999999,True,True,True,0.0011045153339159042,0.009082307096580403,"[""position_tolerance"",""orientation_tolerance""]",position_tolerance+orientation_tolerance,0.18765029971589783,6121722,False
777cecb834c2d2a97ee11f30726a9c1a3bfdbf129e98653491a9be48b524a07f,panda,single_gn_k1,0,"[-2.578600371073421,0.03538743931214219,2.897299999999,-0.5578578365624016,-2.897299999999,2.03285007905814,-1.7683364583986994]",False,stationary,False,,16,74,,16,,,,True,True,True,0.001314757628331493,0.004249557968821507,"[""position_tolerance""]",position_tolerance,0.3698776420413249,3045441,False
777cecb834c2d2a97ee11f30726a9c1a3bfdbf129e98653491a9be48b524a07f,panda,task_excess_gn,0,"[-2.573607638940259,0.03947648256428288,2.897299999999,-0.5658081297827755,-2.897299999999,2.025911348979455,-1.7710633900791104]",False,stationary,False,,18,91,92,18,73,0.006292370002518131,0.999999,True,True,True,0.001104491760893671,0.009082830427946742,"[""position_tolerance"",""orientation_tolerance""]",position_tolerance+orientation_tolerance,0.1875314672621074,14150421,False
777cecb834c2d2a97ee11f30726a9c1a3bfdbf129e98653491a9be48b524a07f,panda,task_excess_isotropic,0,"[-2.573838930817822,0.03924583713143399,2.897299999999,-0.5654097378137287,-2.8972289732933727,2.026095277691476,-1.7708825345075043]",False,deadline,False,,27,136,137,53,109,0.006662116201804948,0.999999,True,True,True,0.0011118025983015928,0.00897716795278083,"[""position_tolerance"",""orientation_tolerance""]",position_tolerance+orientation_tolerance,0.19666889774483184,20173932,False
777cecb834c2d2a97ee11f30726a9c1a3bfdbf129e98653491a9be48b524a07f,panda,single_gn_k1,2,"[-2.578600371073421,0.03538743931214219,2.897299999999,-0.5578578365624016,-2.897299999999,2.03285007905814,-1.7683364583986994]",False,stationary,False,,16,74,,16,,,,True,True,True,0.001314757628331493,0.004249557968821507,"[""position_tolerance""]",position_tolerance,0.3698776420413249,3035636,False
777cecb834c2d2a97ee11f30726a9c1a3bfdbf129e98653491a9be48b524a07f,panda,single_gn_k0,1,"[-2.578625057562058,0.03536197734721825,2.897299999999,-0.5578130621809242,-2.897299999999,2.0328716416401473,-1.7683276689601262]",False,stationary,False,,17,104,,17,,,,True,True,True,0.001315487164951526,0.004232269771441956,"[""position_tolerance""]",position_tolerance,0.37090457739631183,3967254,False
777cecb834c2d2a97ee11f30726a9c1a3bfdbf129e98653491a9be48b524a07f,panda,task_excess_lbfgsb,0,"[-2.5736108865504743,0.039473618034960245,2.897299999999,-0.5658029486877902,-2.897299999999,2.0259109845599594,-1.7710619415521607]",False,optimizer_stop,False,"{""code"":1,""success"":false,""message"":""STOP: TOTAL NO. OF ITERATIONS REACHED LIMIT""}",30,34,35,0,0,0.006292387537492915,0.999999,True,True,True,0.0011045153339159042,0.009082307096580403,"[""position_tolerance"",""orientation_tolerance""]",position_tolerance+orientation_tolerance,0.18765029971589783,6150268,False
777cecb834c2d2a97ee11f30726a9c1a3bfdbf129e98653491a9be48b524a07f,panda,point_loop_control,2,"[-2.578625058702931,0.03536197612157389,2.897299999999,-0.5578130600457191,-2.897299999999,2.032871642573205,-1.7683276683604485]",False,stationary,False,,19,108,109,19,89,0.049766401263106025,0.999999,True,True,True,0.0013154871971266312,0.004232269009832812,"[""position_tolerance""]",position_tolerance,0.3709046263689064,14903833,False
777cecb834c2d2a97ee11f30726a9c1a3bfdbf129e98653491a9be48b524a07f,panda,single_gn_k0,0,"[-2.578625057562058,0.03536197734721825,2.897299999999,-0.5578130621809242,-2.897299999999,2.0328716416401473,-1.7683276689601262]",False,stationary,False,,17,104,,17,,,,True,True,True,0.001315487164951526,0.004232269771441956,"[""position_tolerance""]",position_tolerance,0.37090457739631183,4054812,False
777cecb834c2d2a97ee11f30726a9c1a3bfdbf129e98653491a9be48b524a07f,panda,point_loop_control,0,"[-2.578625058702931,0.03536197612157389,2.897299999999,-0.5578130600457191,-2.897299999999,2.032871642573205,-1.7683276683604485]",False,stationary,False,,19,108,109,19,89,0.049766401263106025,0.999999,True,True,True,0.0013154871971266312,0.004232269009832812,"[""position_tolerance""]",position_tolerance,0.3709046263689064,14941486,False
777cecb834c2d2a97ee11f30726a9c1a3bfdbf129e98653491a9be48b524a07f,panda,point_loop_control,1,"[-2.578625058702931,0.03536197612157389,2.897299999999,-0.5578130600457191,-2.897299999999,2.032871642573205,-1.7683276683604485]",False,stationary,False,,19,108,109,19,89,0.049766401263106025,0.999999,True,True,True,0.0013154871971266312,0.004232269009832812,"[""position_tolerance""]",position_tolerance,0.3709046263689064,14840508,False
777cecb834c2d2a97ee11f30726a9c1a3bfdbf129e98653491a9be48b524a07f,panda,single_gn_k0,2,"[-2.578625057562058,0.03536197734721825,2.897299999999,-0.5578130621809242,-2.897299999999,2.0328716416401473,-1.7683276689601262]",False,stationary,False,,17,104,,17,,,,True,True,True,0.001315487164951526,0.004232269771441956,"[""position_tolerance""]",position_tolerance,0.37090457739631183,4101174,False
777cecb834c2d2a97ee11f30726a9c1a3bfdbf129e98653491a9be48b524a07f,panda,task_excess_lbfgsb,1,"[-2.5736108865504743,0.039473618034960245,2.897299999999,-0.5658029486877902,-2.897299999999,2.0259109845599594,-1.7710619415521607]",False,optimizer_stop,False,"{""code"":1,""success"":false,""message"":""STOP: TOTAL NO. OF ITERATIONS REACHED LIMIT""}",30,34,35,0,0,0.006292387537492915,0.999999,True,True,True,0.0011045153339159042,0.009082307096580403,"[""position_tolerance"",""orientation_tolerance""]",position_tolerance+orientation_tolerance,0.18765029971589783,6060914,False
777cecb834c2d2a97ee11f30726a9c1a3bfdbf129e98653491a9be48b524a07f,panda,task_excess_gn,1,"[-2.573607638940259,0.03947648256428288,2.897299999999,-0.5658081297827755,-2.897299999999,2.025911348979455,-1.7710633900791104]",False,stationary,False,,18,91,92,18,73,0.006292370002518131,0.999999,True,True,True,0.001104491760893671,0.009082830427946742,"[""position_tolerance"",""orientation_tolerance""]",position_tolerance+orientation_tolerance,0.1875314672621074,14096626,False
777cecb834c2d2a97ee11f30726a9c1a3bfdbf129e98653491a9be48b524a07f,panda,task_excess_isotropic,2,"[-2.573838930817822,0.03924583713143399,2.897299999999,-0.5654097378137287,-2.8972289732933727,2.026095277691476,-1.7708825345075043]",False,deadline,False,,27,136,137,53,109,0.006662116201804948,0.999999,True,True,True,0.0011118025983015928,0.00897716795278083,"[""position_tolerance"",""orientation_tolerance""]",position_tolerance+orientation_tolerance,0.19666889774483184,20221335,False
777cecb834c2d2a97ee11f30726a9c1a3bfdbf129e98653491a9be48b524a07f,panda,task_excess_gn,2,"[-2.573607638940259,0.03947648256428288,2.897299999999,-0.5658081297827755,-2.897299999999,2.025911348979455,-1.7710633900791104]",False,stationary,False,,18,91,92,18,73,0.006292370002518131,0.999999,True,True,True,0.001104491760893671,0.009082830427946742,"[""position_tolerance"",""orientation_tolerance""]",position_tolerance+orientation_tolerance,0.1875314672621074,13996870,False
777cecb834c2d2a97ee11f30726a9c1a3bfdbf129e98653491a9be48b524a07f,panda,task_excess_isotropic,1,"[-2.573838930817822,0.03924583713143399,2.897299999999,-0.5654097378137287,-2.8972289732933727,2.026095277691476,-1.7708825345075043]",False,deadline,False,,27,136,137,53,109,0.006662116201804948,0.999999,True,True,True,0.0011118025983015928,0.00897716795278083,"[""position_tolerance"",""orientation_tolerance""]",position_tolerance+orientation_tolerance,0.19666889774483184,20130366,False
777cecb834c2d2a97ee11f30726a9c1a3bfdbf129e98653491a9be48b524a07f,panda,single_gn_k1,1,"[-2.578600371073421,0.03538743931214219,2.897299999999,-0.5578578365624016,-2.897299999999,2.03285007905814,-1.7683364583986994]",False,stationary,False,,16,74,,16,,,,True,True,True,0.001314757628331493,0.004249557968821507,"[""position_tolerance""]",position_tolerance,0.3698776420413249,3007264,False
7ade05b4a35b609b65f62a72b9938ae9cfaaadc9380544f3dc0319f559c13519,panda,single_gn_k0,1,"[1.7369974990334673,-0.33057300491030417,1.5881159732468646,-1.4259240997296494,0.3607934460048773,2.008733844252286,1.0933588611948557]",False,iteration_limit,False,,30,156,,62,,,,True,True,True,0.0010596999439234343,0.006738745207369952,"[""position_tolerance""]",position_tolerance,0.9999999999989987,6561893,False
7ade05b4a35b609b65f62a72b9938ae9cfaaadc9380544f3dc0319f559c13519,panda,single_gn_k0,0,"[1.7369974990334673,-0.33057300491030417,1.5881159732468646,-1.4259240997296494,0.3607934460048773,2.008733844252286,1.0933588611948557]",False,iteration_limit,False,,30,156,,62,,,,True,True,True,0.0010596999439234343,0.006738745207369952,"[""position_tolerance""]",position_tolerance,0.9999999999989987,6606637,False
7ade05b4a35b609b65f62a72b9938ae9cfaaadc9380544f3dc0319f559c13519,panda,point_loop_control,0,"[1.7369974990334673,-0.330813998423763,1.5879059025776534,-1.4258995107118089,0.3611355926013075,2.0086561455013765,1.0931847505306282]",False,deadline,False,,29,143,144,60,114,0.0017750437947102033,0.999999,True,True,True,0.001059581611468619,0.006741354651288262,"[""position_tolerance""]",position_tolerance,0.9999999999989987,20142074,False
7ade05b4a35b609b65f62a72b9938ae9cfaaadc9380544f3dc0319f559c13519,panda,task_excess_gn,2,"[1.7369974990334673,-0.33038794814139977,1.5885703793018022,-1.4254817167902352,0.3604140490695741,2.010395077813325,1.0929702521913973]",True,task_admissible,True,,19,51,52,30,32,1.3497100396087629e-13,0.999999,True,True,True,0.0009999994598348144,0.008726639643938761,[],accepted,0.9999999999989987,8472278,True
7ade05b4a35b609b65f62a72b9938ae9cfaaadc9380544f3dc0319f559c13519,panda,task_excess_isotropic,0,"[1.7369974990334673,-0.34854855166202775,1.5730041691695116,-1.425323695262582,0.3858847582761509,2.005684845600066,1.0806584859309722]",True,task_admissible,True,,8,39,40,12,31,0.0,0.999999,True,True,True,0.0009724616092200169,0.008587546870340058,[],accepted,0.9999999999989987,5861880,True
7ade05b4a35b609b65f62a72b9938ae9cfaaadc9380544f3dc0319f559c13519,panda,point_loop_control,2,"[1.7369974990334673,-0.330813998423763,1.5879059025776534,-1.4258995107118089,0.3611355926013075,2.0086561455013765,1.0931847505306282]",False,deadline,False,,29,144,145,60,115,0.0017750437947102033,0.999999,True,True,True,0.001059581611468619,0.006741354651288262,"[""position_tolerance""]",position_tolerance,0.9999999999989987,20195654,False
7ade05b4a35b609b65f62a72b9938ae9cfaaadc9380544f3dc0319f559c13519,panda,task_excess_gn,1,"[1.7369974990334673,-0.33038794814139977,1.5885703793018022,-1.4254817167902352,0.3604140490695741,2.010395077813325,1.0929702521913973]",True,task_admissible,True,,19,51,52,30,32,1.3497100396087629e-13,0.999999,True,True,True,0.0009999994598348144,0.008726639643938761,[],accepted,0.9999999999989987,8472547,True
7ade05b4a35b609b65f62a72b9938ae9cfaaadc9380544f3dc0319f559c13519,panda,single_gn_k1,2,"[1.7369974990334673,-0.3305728842913838,1.5881158024374364,-1.4259240512456126,0.3607938109713581,2.008733185828174,1.0933560452968918]",False,iteration_limit,False,,30,156,,62,,,,True,True,True,0.0010597422124979784,0.00673823271603034,"[""position_tolerance""]",position_tolerance,0.9999999999989987,6535227,False
7ade05b4a35b609b65f62a72b9938ae9cfaaadc9380544f3dc0319f559c13519,panda,point_loop_control,1,"[1.7369974990334673,-0.330813998423763,1.5879059025776534,-1.4258995107118089,0.3611355926013075,2.0086561455013765,1.0931847505306282]",False,deadline,False,,29,143,144,60,114,0.0017750437947102033,0.999999,True,True,True,0.001059581611468619,0.006741354651288262,"[""position_tolerance""]",position_tolerance,0.9999999999989987,20117592,False
7ade05b4a35b609b65f62a72b9938ae9cfaaadc9380544f3dc0319f559c13519,panda,single_gn_k0,2,"[1.7369974990334673,-0.33057300491030417,1.5881159732468646,-1.4259240997296494,0.3607934460048773,2.008733844252286,1.0933588611948557]",False,iteration_limit,False,,30,156,,62,,,,True,True,True,0.0010596999439234343,0.006738745207369952,"[""position_tolerance""]",position_tolerance,0.9999999999989987,6599259,False
7ade05b4a35b609b65f62a72b9938ae9cfaaadc9380544f3dc0319f559c13519,panda,task_excess_gn,0,"[1.7369974990334673,-0.33038794814139977,1.5885703793018022,-1.4254817167902352,0.3604140490695741,2.010395077813325,1.0929702521913973]",True,task_admissible,True,,19,51,52,30,32,1.3497100396087629e-13,0.999999,True,True,True,0.0009999994598348144,0.008726639643938761,[],accepted,0.9999999999989987,8432687,True
7ade05b4a35b609b65f62a72b9938ae9cfaaadc9380544f3dc0319f559c13519,panda,single_gn_k1,0,"[1.7369974990334673,-0.3305728842913838,1.5881158024374364,-1.4259240512456126,0.3607938109713581,2.008733185828174,1.0933560452968918]",False,iteration_limit,False,,30,156,,62,,,,True,True,True,0.0010597422124979784,0.00673823271603034,"[""position_tolerance""]",position_tolerance,0.9999999999989987,6514708,False
7ade05b4a35b609b65f62a72b9938ae9cfaaadc9380544f3dc0319f559c13519,panda,task_excess_lbfgsb,2,"[1.7369974990334673,-0.3333173576371904,1.5854637322202791,-1.4263555513731376,0.36666669936893553,2.0091847365397792,1.0862073783555846]",True,task_admissible,True,,0,25,26,0,0,0.0,0.999999,True,True,True,0.000999765752518061,0.008726014588464297,[],accepted,0.9999999999989987,4601767,True
7ade05b4a35b609b65f62a72b9938ae9cfaaadc9380544f3dc0319f559c13519,panda,task_excess_isotropic,1,"[1.7369974990334673,-0.34854855166202775,1.5730041691695116,-1.425323695262582,0.3858847582761509,2.005684845600066,1.0806584859309722]",True,task_admissible,True,,8,39,40,12,31,0.0,0.999999,True,True,True,0.0009724616092200169,0.008587546870340058,[],accepted,0.9999999999989987,5831808,True
7ade05b4a35b609b65f62a72b9938ae9cfaaadc9380544f3dc0319f559c13519,panda,single_gn_k1,1,"[1.7369974990334673,-0.3305728842913838,1.5881158024374364,-1.4259240512456126,0.3607938109713581,2.008733185828174,1.0933560452968918]",False,iteration_limit,False,,30,156,,62,,,,True,True,True,0.0010597422124979784,0.00673823271603034,"[""position_tolerance""]",position_tolerance,0.9999999999989987,6547643,False
7ade05b4a35b609b65f62a72b9938ae9cfaaadc9380544f3dc0319f559c13519,panda,task_excess_lbfgsb,0,"[1.7369974990334673,-0.3333173576371904,1.5854637322202791,-1.4263555513731376,0.36666669936893553,2.0091847365397792,1.0862073783555846]",True,task_admissible,True,,0,25,26,0,0,0.0,0.999999,True,True,True,0.000999765752518061,0.008726014588464297,[],accepted,0.9999999999989987,4509668,True
7ade05b4a35b609b65f62a72b9938ae9cfaaadc9380544f3dc0319f559c13519,panda,task_excess_lbfgsb,1,"[1.7369974990334673,-0.3333173576371904,1.5854637322202791,-1.4263555513731376,0.36666669936893553,2.0091847365397792,1.0862073783555846]",True,task_admissible,True,,0,25,26,0,0,0.0,0.999999,True,True,True,0.000999765752518061,0.008726014588464297,[],accepted,0.9999999999989987,4424836,True
7ade05b4a35b609b65f62a72b9938ae9cfaaadc9380544f3dc0319f559c13519,panda,task_excess_isotropic,2,"[1.7369974990334673,-0.34854855166202775,1.5730041691695116,-1.425323695262582,0.3858847582761509,2.005684845600066,1.0806584859309722]",True,task_admissible,True,,8,39,40,12,31,0.0,0.999999,True,True,True,0.0009724616092200169,0.008587546870340058,[],accepted,0.9999999999989987,5860991,True
7e954bb8a4f7b108c34380f1fc198c04883f2e3b2216de70ca4aae281e3842d4,panda,point_loop_control,2,"[-0.10740589937362305,0.00044741974266415934,0.9328114767952602,-1.8682867555520601,-0.927870131399036,2.114285061233503,2.897299999999]",False,stationary,False,,24,138,139,26,114,0.00041541909545009026,0.999999,True,True,True,0.0002771557727155148,0.008978176688344526,"[""orientation_tolerance""]",orientation_tolerance,0.9999999999989999,18938222,False
7e954bb8a4f7b108c34380f1fc198c04883f2e3b2216de70ca4aae281e3842d4,panda,task_excess_isotropic,2,"[-0.1467620028892644,-0.00010988957407504537,0.9713634673628265,-1.867912929345924,-0.9275751184418266,2.1146695695482904,2.897299999999]",True,task_admissible,True,,2,7,8,3,5,0.0,0.999999,True,True,True,0.0007824812230680344,0.007900533343427541,[],accepted,0.33738570407714225,1205283,True
7e954bb8a4f7b108c34380f1fc198c04883f2e3b2216de70ca4aae281e3842d4,panda,single_gn_k1,1,"[-0.10740589937362305,0.00044827350492764945,0.9328121853472564,-1.8682854443898498,-0.9278682291802484,2.1142819782458186,2.897299999999]",False,stationary,False,,17,104,,19,,,,True,True,True,0.0002771965565685238,0.008978081352414447,"[""orientation_tolerance""]",orientation_tolerance,0.9999999999989999,4143266,False
7e954bb8a4f7b108c34380f1fc198c04883f2e3b2216de70ca4aae281e3842d4,panda,task_excess_lbfgsb,1,"[-0.1457624586935134,-0.005179976897964954,0.9678089011540486,-1.8734835474827196,-0.9246073286356375,2.1223611636605146,2.897299999999]",True,task_admissible,True,,0,19,20,0,0,3.688623247641556e-16,0.999999,True,True,True,0.0009921995227293574,0.008726637770378938,[],accepted,0.22571744539823055,3509901,True
7e954bb8a4f7b108c34380f1fc198c04883f2e3b2216de70ca4aae281e3842d4,panda,single_gn_k0,0,"[-0.10740589937362305,0.00044741932662045346,0.9328114764203389,-1.8682867560563727,-0.9278701315674466,2.1142850624877,2.897299999999]",False,stationary,False,,18,106,,20,,,,True,True,True,0.00027715578825057995,0.00897817665182361,"[""orientation_tolerance""]",orientation_tolerance,0.9999999999989999,4171413,False
7e954bb8a4f7b108c34380f1fc198c04883f2e3b2216de70ca4aae281e3842d4,panda,task_excess_isotropic,0,"[-0.1467620028892644,-0.00010988957407504537,0.9713634673628265,-1.867912929345924,-0.9275751184418266,2.1146695695482904,2.897299999999]",True,task_admissible,True,,2,7,8,3,5,0.0,0.999999,True,True,True,0.0007824812230680344,0.007900533343427541,[],accepted,0.33738570407714225,1221932,True
7e954bb8a4f7b108c34380f1fc198c04883f2e3b2216de70ca4aae281e3842d4,panda,single_gn_k1,0,"[-0.10740589937362305,0.00044827350492764945,0.9328121853472564,-1.8682854443898498,-0.9278682291802484,2.1142819782458186,2.897299999999]",False,stationary,False,,17,104,,19,,,,True,True,True,0.0002771965565685238,0.008978081352414447,"[""orientation_tolerance""]",orientation_tolerance,0.9999999999989999,4053932,False
7e954bb8a4f7b108c34380f1fc198c04883f2e3b2216de70ca4aae281e3842d4,panda,single_gn_k0,2,"[-0.10740589937362305,0.00044741932662045346,0.9328114764203389,-1.8682867560563727,-0.9278701315674466,2.1142850624877,2.897299999999]",False,stationary,False,,18,106,,20,,,,True,True,True,0.00027715578825057995,0.00897817665182361,"[""orientation_tolerance""]",orientation_tolerance,0.9999999999989999,4087415,False
7e954bb8a4f7b108c34380f1fc198c04883f2e3b2216de70ca4aae281e3842d4,panda,task_excess_gn,2,"[-0.14697282024409106,-0.0016361356139388045,0.9697936359440176,-1.869971429035775,-0.9233361484164375,2.11718392805696,2.897299999999]",True,task_admissible,True,,5,10,11,6,5,1.2910701079705487e-13,0.999999,True,True,True,0.000999999078925738,0.008726641913962836,[],accepted,0.28931001557485647,1863945,True
7e954bb8a4f7b108c34380f1fc198c04883f2e3b2216de70ca4aae281e3842d4,panda,task_excess_lbfgsb,0,"[-0.1457624586935134,-0.005179976897964954,0.9678089011540486,-1.8734835474827196,-0.9246073286356375,2.1223611636605146,2.897299999999]",True,task_admissible,True,,0,19,20,0,0,3.688623247641556e-16,0.999999,True,True,True,0.0009921995227293574,0.008726637770378938,[],accepted,0.22571744539823055,3463370,True
7e954bb8a4f7b108c34380f1fc198c04883f2e3b2216de70ca4aae281e3842d4,panda,single_gn_k0,1,"[-0.10740589937362305,0.00044741932662045346,0.9328114764203389,-1.8682867560563727,-0.9278701315674466,2.1142850624877,2.897299999999]",False,stationary,False,,18,106,,20,,,,True,True,True,0.00027715578825057995,0.00897817665182361,"[""orientation_tolerance""]",orientation_tolerance,0.9999999999989999,4168006,False
7e954bb8a4f7b108c34380f1fc198c04883f2e3b2216de70ca4aae281e3842d4,panda,point_loop_control,1,"[-0.10740589937362305,0.00044741974266415934,0.9328114767952602,-1.8682867555520601,-0.927870131399036,2.114285061233503,2.897299999999]",False,stationary,False,,24,138,139,26,114,0.00041541909545009026,0.999999,True,True,True,0.0002771557727155148,0.008978176688344526,"[""orientation_tolerance""]",orientation_tolerance,0.9999999999989999,18987570,False
7e954bb8a4f7b108c34380f1fc198c04883f2e3b2216de70ca4aae281e3842d4,panda,task_excess_gn,1,"[-0.14697282024409106,-0.0016361356139388045,0.9697936359440176,-1.869971429035775,-0.9233361484164375,2.11718392805696,2.897299999999]",True,task_admissible,True,,5,10,11,6,5,1.2910701079705487e-13,0.999999,True,True,True,0.000999999078925738,0.008726641913962836,[],accepted,0.28931001557485647,1821122,True
7e954bb8a4f7b108c34380f1fc198c04883f2e3b2216de70ca4aae281e3842d4,panda,task_excess_lbfgsb,2,"[-0.1457624586935134,-0.005179976897964954,0.9678089011540486,-1.8734835474827196,-0.9246073286356375,2.1223611636605146,2.897299999999]",True,task_admissible,True,,0,19,20,0,0,3.688623247641556e-16,0.999999,True,True,True,0.0009921995227293574,0.008726637770378938,[],accepted,0.22571744539823055,3467565,True
7e954bb8a4f7b108c34380f1fc198c04883f2e3b2216de70ca4aae281e3842d4,panda,single_gn_k1,2,"[-0.10740589937362305,0.00044827350492764945,0.9328121853472564,-1.8682854443898498,-0.9278682291802484,2.1142819782458186,2.897299999999]",False,stationary,False,,17,104,,19,,,,True,True,True,0.0002771965565685238,0.008978081352414447,"[""orientation_tolerance""]",orientation_tolerance,0.9999999999989999,4030601,False
7e954bb8a4f7b108c34380f1fc198c04883f2e3b2216de70ca4aae281e3842d4,panda,task_excess_isotropic,1,"[-0.1467620028892644,-0.00010988957407504537,0.9713634673628265,-1.867912929345924,-0.9275751184418266,2.1146695695482904,2.897299999999]",True,task_admissible,True,,2,7,8,3,5,0.0,0.999999,True,True,True,0.0007824812230680344,0.007900533343427541,[],accepted,0.33738570407714225,1220370,True
7e954bb8a4f7b108c34380f1fc198c04883f2e3b2216de70ca4aae281e3842d4,panda,point_loop_control,0,"[-0.10740589937362305,0.00044741974266415934,0.9328114767952602,-1.8682867555520601,-0.927870131399036,2.114285061233503,2.897299999999]",False,stationary,False,,24,138,139,26,114,0.00041541909545009026,0.999999,True,True,True,0.0002771557727155148,0.008978176688344526,"[""orientation_tolerance""]",orientation_tolerance,0.9999999999989999,18932526,False
7e954bb8a4f7b108c34380f1fc198c04883f2e3b2216de70ca4aae281e3842d4,panda,task_excess_gn,0,"[-0.14697282024409106,-0.0016361356139388045,0.9697936359440176,-1.869971429035775,-0.9233361484164375,2.11718392805696,2.897299999999]",True,task_admissible,True,,5,10,11,6,5,1.2910701079705487e-13,0.999999,True,True,True,0.000999999078925738,0.008726641913962836,[],accepted,0.28931001557485647,1848687,True
83087a7c16bc37c3c61ae735e33ac0bd25ea0555435bd0734c25156637b53d14,panda,single_gn_k1,1,"[-0.39133749874223284,-0.015071474494790196,-1.3890438875574216,-1.612567650826978,0.4810949964216358,2.112027065625574,1.4570620592022518]",False,stationary,False,,15,100,,17,,,,True,True,True,0.001332146250278044,0.008051598942431569,"[""position_tolerance""]",position_tolerance,0.9999999999990005,3896960,False
83087a7c16bc37c3c61ae735e33ac0bd25ea0555435bd0734c25156637b53d14,panda,task_excess_lbfgsb,0,"[-0.39192544353573944,-0.013881331116901673,-1.3890438875574216,-1.6124066931858996,0.4810949964216358,2.113151299768359,1.456112366956264]",False,optimizer_stop,False,"{""code"":1,""success"":false,""message"":""STOP: TOTAL NO. OF ITERATIONS REACHED LIMIT""}",30,37,38,0,0,0.027407183295481315,0.999999,True,True,True,0.001188232736027253,0.009941568083490027,"[""position_tolerance"",""orientation_tolerance""]",position_tolerance+orientation_tolerance,0.9999999999990005,6557604,False
83087a7c16bc37c3c61ae735e33ac0bd25ea0555435bd0734c25156637b53d14,panda,single_gn_k1,2,"[-0.39133749874223284,-0.015071474494790196,-1.3890438875574216,-1.612567650826978,0.4810949964216358,2.112027065625574,1.4570620592022518]",False,stationary,False,,15,100,,17,,,,True,True,True,0.001332146250278044,0.008051598942431569,"[""position_tolerance""]",position_tolerance,0.9999999999990005,3821058,False
83087a7c16bc37c3c61ae735e33ac0bd25ea0555435bd0734c25156637b53d14,panda,task_excess_isotropic,0,"[-0.3916361308691034,-0.014246489624508134,-1.3890438875574216,-1.6126971006015927,0.4810949964216358,2.1137127474221327,1.457116372611103]",False,iteration_limit,False,,30,116,117,32,86,0.026244164644037588,0.999999,True,True,True,0.0011867393572683486,0.00988489620955657,"[""position_tolerance"",""orientation_tolerance""]",position_tolerance+orientation_tolerance,0.9999999999990005,17085633,False
83087a7c16bc37c3c61ae735e33ac0bd25ea0555435bd0734c25156637b53d14,panda,task_excess_gn,2,"[-0.3916328780326388,-0.01425572244594093,-1.3890438875574216,-1.612695451938807,0.4810949964216358,2.1136929728250213,1.4571158083909865]",False,stationary,False,,20,108,109,22,88,0.026239829494914615,0.999999,True,True,True,0.0011884136289656328,0.009863769655575819,"[""position_tolerance"",""orientation_tolerance""]",position_tolerance+orientation_tolerance,0.9999999999990005,16625217,False
83087a7c16bc37c3c61ae735e33ac0bd25ea0555435bd0734c25156637b53d14,panda,point_loop_control,0,"[-0.3913371150827912,-0.015071695018331228,-1.3890438875574216,-1.6125680925800667,0.4810949964216358,2.112028836399216,1.4570653996513179]",False,stationary,False,,17,101,102,19,84,0.055135670869452834,0.999999,True,True,True,0.0013320702901455134,0.008052555123723363,"[""position_tolerance""]",position_tolerance,0.9999999999990005,14135527,False
83087a7c16bc37c3c61ae735e33ac0bd25ea0555435bd0734c25156637b53d14,panda,single_gn_k1,0,"[-0.39133749874223284,-0.015071474494790196,-1.3890438875574216,-1.612567650826978,0.4810949964216358,2.112027065625574,1.4570620592022518]",False,stationary,False,,15,100,,17,,,,True,True,True,0.001332146250278044,0.008051598942431569,"[""position_tolerance""]",position_tolerance,0.9999999999990005,3821491,False
83087a7c16bc37c3c61ae735e33ac0bd25ea0555435bd0734c25156637b53d14,panda,task_excess_isotropic,1,"[-0.3916361308691034,-0.014246489624508134,-1.3890438875574216,-1.6126971006015927,0.4810949964216358,2.1137127474221327,1.457116372611103]",False,iteration_limit,False,,30,116,117,32,86,0.026244164644037588,0.999999,True,True,True,0.0011867393572683486,0.00988489620955657,"[""position_tolerance"",""orientation_tolerance""]",position_tolerance+orientation_tolerance,0.9999999999990005,17202758,False
83087a7c16bc37c3c61ae735e33ac0bd25ea0555435bd0734c25156637b53d14,panda,single_gn_k0,0,"[-0.39133711282960304,-0.015071697956449685,-1.3890438875574216,-1.612568094796638,0.4810949964216358,2.1120288423215325,1.4570653993804514]",False,stationary,False,,15,100,,17,,,,True,True,True,0.0013320701764796266,0.008052556555641948,"[""position_tolerance""]",position_tolerance,0.9999999999990005,3884895,False
83087a7c16bc37c3c61ae735e33ac0bd25ea0555435bd0734c25156637b53d14,panda,task_excess_lbfgsb,1,"[-0.39192544353573944,-0.013881331116901673,-1.3890438875574216,-1.6124066931858996,0.4810949964216358,2.113151299768359,1.456112366956264]",False,optimizer_stop,False,"{""code"":1,""success"":false,""message"":""STOP: TOTAL NO. OF ITERATIONS REACHED LIMIT""}",30,37,38,0,0,0.027407183295481315,0.999999,True,True,True,0.001188232736027253,0.009941568083490027,"[""position_tolerance"",""orientation_tolerance""]",position_tolerance+orientation_tolerance,0.9999999999990005,6600351,False
83087a7c16bc37c3c61ae735e33ac0bd25ea0555435bd0734c25156637b53d14,panda,single_gn_k0,2,"[-0.39133711282960304,-0.015071697956449685,-1.3890438875574216,-1.612568094796638,0.4810949964216358,2.1120288423215325,1.4570653993804514]",False,stationary,False,,15,100,,17,,,,True,True,True,0.0013320701764796266,0.008052556555641948,"[""position_tolerance""]",position_tolerance,0.9999999999990005,3813283,False
83087a7c16bc37c3c61ae735e33ac0bd25ea0555435bd0734c25156637b53d14,panda,task_excess_isotropic,2,"[-0.3916361308691034,-0.014246489624508134,-1.3890438875574216,-1.6126971006015927,0.4810949964216358,2.1137127474221327,1.457116372611103]",False,iteration_limit,False,,30,116,117,32,86,0.026244164644037588,0.999999,True,True,True,0.0011867393572683486,0.00988489620955657,"[""position_tolerance"",""orientation_tolerance""]",position_tolerance+orientation_tolerance,0.9999999999990005,17125982,False
83087a7c16bc37c3c61ae735e33ac0bd25ea0555435bd0734c25156637b53d14,panda,point_loop_control,2,"[-0.3913371150827912,-0.015071695018331228,-1.3890438875574216,-1.6125680925800667,0.4810949964216358,2.112028836399216,1.4570653996513179]",False,stationary,False,,17,101,102,19,84,0.055135670869452834,0.999999,True,True,True,0.0013320702901455134,0.008052555123723363,"[""position_tolerance""]",position_tolerance,0.9999999999990005,13890891,False
83087a7c16bc37c3c61ae735e33ac0bd25ea0555435bd0734c25156637b53d14,panda,single_gn_k0,1,"[-0.39133711282960304,-0.015071697956449685,-1.3890438875574216,-1.612568094796638,0.4810949964216358,2.1120288423215325,1.4570653993804514]",False,stationary,False,,15,100,,17,,,,True,True,True,0.0013320701764796266,0.008052556555641948,"[""position_tolerance""]",position_tolerance,0.9999999999990005,3787664,False
83087a7c16bc37c3c61ae735e33ac0bd25ea0555435bd0734c25156637b53d14,panda,task_excess_lbfgsb,2,"[-0.39192544353573944,-0.013881331116901673,-1.3890438875574216,-1.6124066931858996,0.4810949964216358,2.113151299768359,1.456112366956264]",False,optimizer_stop,False,"{""code"":1,""success"":false,""message"":""STOP: TOTAL NO. OF ITERATIONS REACHED LIMIT""}",30,37,38,0,0,0.027407183295481315,0.999999,True,True,True,0.001188232736027253,0.009941568083490027,"[""position_tolerance"",""orientation_tolerance""]",position_tolerance+orientation_tolerance,0.9999999999990005,6578463,False
83087a7c16bc37c3c61ae735e33ac0bd25ea0555435bd0734c25156637b53d14,panda,point_loop_control,1,"[-0.3913371150827912,-0.015071695018331228,-1.3890438875574216,-1.6125680925800667,0.4810949964216358,2.112028836399216,1.4570653996513179]",False,stationary,False,,17,101,102,19,84,0.055135670869452834,0.999999,True,True,True,0.0013320702901455134,0.008052555123723363,"[""position_tolerance""]",position_tolerance,0.9999999999990005,13815414,False
83087a7c16bc37c3c61ae735e33ac0bd25ea0555435bd0734c25156637b53d14,panda,task_excess_gn,1,"[-0.3916328780326388,-0.01425572244594093,-1.3890438875574216,-1.612695451938807,0.4810949964216358,2.1136929728250213,1.4571158083909865]",False,stationary,False,,20,108,109,22,88,0.026239829494914615,0.999999,True,True,True,0.0011884136289656328,0.009863769655575819,"[""position_tolerance"",""orientation_tolerance""]",position_tolerance+orientation_tolerance,0.9999999999990005,16595626,False
83087a7c16bc37c3c61ae735e33ac0bd25ea0555435bd0734c25156637b53d14,panda,task_excess_gn,0,"[-0.3916328780326388,-0.01425572244594093,-1.3890438875574216,-1.612695451938807,0.4810949964216358,2.1136929728250213,1.4571158083909865]",False,stationary,False,,20,108,109,22,88,0.026239829494914615,0.999999,True,True,True,0.0011884136289656328,0.009863769655575819,"[""position_tolerance"",""orientation_tolerance""]",position_tolerance+orientation_tolerance,0.9999999999990005,16568620,False
8cf5b09c2aa354206fc25bce07f8ae45d95624abf37fb6bc2c6205e2350c43bd,panda,single_gn_k1,0,"[1.736997499033225,-0.33027566546891296,1.5883701587963925,-1.425988371958347,0.3603728009909246,2.0088432525515936,1.0935763399356317]",False,iteration_limit,False,,30,186,,61,,,,True,True,True,0.0010609369203109476,0.006718837372900778,"[""position_tolerance""]",position_tolerance,0.9999999999989987,7442261,False
8cf5b09c2aa354206fc25bce07f8ae45d95624abf37fb6bc2c6205e2350c43bd,panda,task_excess_lbfgsb,1,"[1.736997499033225,-0.3134041503430889,1.6029439524932325,-1.4276553947390578,0.3372905641201058,2.0153359109375515,1.101754034551576]",True,task_admissible,True,,0,29,30,0,0,1.0268339137137592e-13,0.999999,True,True,True,0.0009999994531741197,0.008726636586410567,[],accepted,0.9999999999989987,5247893,True
8cf5b09c2aa354206fc25bce07f8ae45d95624abf37fb6bc2c6205e2350c43bd,panda,point_loop_control,0,"[1.736997499033225,-0.33016400396147616,1.588468298548817,-1.4259923758464463,0.36021469220765834,2.008877039979754,1.0936582515213593]",False,deadline,False,,25,146,147,53,121,0.0018417524270007252,0.999999,True,True,True,0.0010606908845810661,0.006722233854358341,"[""position_tolerance""]",position_tolerance,0.9999999999989987,20212590,False
8cf5b09c2aa354206fc25bce07f8ae45d95624abf37fb6bc2c6205e2350c43bd,panda,single_gn_k0,0,"[1.736997499033225,-0.33041419870380184,1.588249379122079,-1.4259764430559905,0.36057014604524584,2.008800281152598,1.0934789295956526]",False,iteration_limit,False,,30,188,,63,,,,True,True,True,0.0010608553075506177,0.006719892154209929,"[""position_tolerance""]",position_tolerance,0.9999999999989987,7558057,False
8cf5b09c2aa354206fc25bce07f8ae45d95624abf37fb6bc2c6205e2350c43bd,panda,point_loop_control,2,"[1.736997499033225,-0.33016400396147616,1.588468298548817,-1.4259923758464463,0.36021469220765834,2.008877039979754,1.0936582515213593]",False,deadline,False,,25,146,147,53,121,0.0018417524270007252,0.999999,True,True,True,0.0010606908845810661,0.006722233854358341,"[""position_tolerance""]",position_tolerance,0.9999999999989987,20204176,False
8cf5b09c2aa354206fc25bce07f8ae45d95624abf37fb6bc2c6205e2350c43bd,panda,single_gn_k0,1,"[1.736997499033225,-0.33041419870380184,1.588249379122079,-1.4259764430559905,0.36057014604524584,2.008800281152598,1.0934789295956526]",False,iteration_limit,False,,30,188,,63,,,,True,True,True,0.0010608553075506177,0.006719892154209929,"[""position_tolerance""]",position_tolerance,0.9999999999989987,7442842,False
8cf5b09c2aa354206fc25bce07f8ae45d95624abf37fb6bc2c6205e2350c43bd,panda,task_excess_gn,0,"[1.736997499033225,-0.3320146276525285,1.5871968490380386,-1.4253684319108944,0.36242167834679356,2.00984420706129,1.0913939888435091]",True,task_admissible,True,,11,25,26,19,14,4.352319541276636e-13,0.999999,True,True,True,0.000999999804395887,0.008726641658124422,[],accepted,0.9999999999989987,4340852,True
8cf5b09c2aa354206fc25bce07f8ae45d95624abf37fb6bc2c6205e2350c43bd,panda,task_excess_isotropic,2,"[1.7370192116777543,-0.3279047803745852,1.5913550208127991,-1.427461632255217,0.3556491138017335,2.013090780861932,1.0960251869389137]",False,deadline,False,,21,141,142,31,120,2.5632623115952118e-08,0.999999,True,True,True,0.0010002013136717447,0.008727524669999516,"[""position_tolerance"",""orientation_tolerance""]",position_tolerance+orientation_tolerance,0.9995020035648423,20186194,False
8cf5b09c2aa354206fc25bce07f8ae45d95624abf37fb6bc2c6205e2350c43bd,panda,single_gn_k0,2,"[1.736997499033225,-0.33041419870380184,1.588249379122079,-1.4259764430559905,0.36057014604524584,2.008800281152598,1.0934789295956526]",False,iteration_limit,False,,30,188,,63,,,,True,True,True,0.0010608553075506177,0.006719892154209929,"[""position_tolerance""]",position_tolerance,0.9999999999989987,7509073,False
8cf5b09c2aa354206fc25bce07f8ae45d95624abf37fb6bc2c6205e2350c43bd,panda,task_excess_lbfgsb,2,"[1.736997499033225,-0.3134041503430889,1.6029439524932325,-1.4276553947390578,0.3372905641201058,2.0153359109375515,1.101754034551576]",True,task_admissible,True,,0,29,30,0,0,1.0268339137137592e-13,0.999999,True,True,True,0.0009999994531741197,0.008726636586410567,[],accepted,0.9999999999989987,5221894,True
8cf5b09c2aa354206fc25bce07f8ae45d95624abf37fb6bc2c6205e2350c43bd,panda,task_excess_gn,1,"[1.736997499033225,-0.3320146276525285,1.5871968490380386,-1.4253684319108944,0.36242167834679356,2.00984420706129,1.0913939888435091]",True,task_admissible,True,,11,25,26,19,14,4.352319541276636e-13,0.999999,True,True,True,0.000999999804395887,0.008726641658124422,[],accepted,0.9999999999989987,4387074,True
8cf5b09c2aa354206fc25bce07f8ae45d95624abf37fb6bc2c6205e2350c43bd,panda,task_excess_isotropic,1,"[1.7370192116777543,-0.3279047803745852,1.5913550208127991,-1.427461632255217,0.3556491138017335,2.013090780861932,1.0960251869389137]",False,deadline,False,,21,140,141,31,119,2.5632623115952118e-08,0.999999,True,True,True,0.0010002013136717447,0.008727524669999516,"[""position_tolerance"",""orientation_tolerance""]",position_tolerance+orientation_tolerance,0.9995020035648423,20205785,False
8cf5b09c2aa354206fc25bce07f8ae45d95624abf37fb6bc2c6205e2350c43bd,panda,single_gn_k1,1,"[1.736997499033225,-0.33027566546891296,1.5883701587963925,-1.425988371958347,0.3603728009909246,2.0088432525515936,1.0935763399356317]",False,iteration_limit,False,,30,186,,61,,,,True,True,True,0.0010609369203109476,0.006718837372900778,"[""position_tolerance""]",position_tolerance,0.9999999999989987,7444384,False
8cf5b09c2aa354206fc25bce07f8ae45d95624abf37fb6bc2c6205e2350c43bd,panda,point_loop_control,1,"[1.736997499033225,-0.33016400396147616,1.588468298548817,-1.4259923758464463,0.36021469220765834,2.008877039979754,1.0936582515213593]",False,deadline,False,,25,146,147,53,121,0.0018417524270007252,0.999999,True,True,True,0.0010606908845810661,0.006722233854358341,"[""position_tolerance""]",position_tolerance,0.9999999999989987,20208674,False
8cf5b09c2aa354206fc25bce07f8ae45d95624abf37fb6bc2c6205e2350c43bd,panda,task_excess_isotropic,0,"[1.7370192116777543,-0.3279047803745852,1.5913550208127991,-1.427461632255217,0.3556491138017335,2.013090780861932,1.0960251869389137]",False,deadline,False,,21,140,141,31,119,2.5632623115952118e-08,0.999999,True,True,True,0.0010002013136717447,0.008727524669999516,"[""position_tolerance"",""orientation_tolerance""]",position_tolerance+orientation_tolerance,0.9995020035648423,20128111,False
8cf5b09c2aa354206fc25bce07f8ae45d95624abf37fb6bc2c6205e2350c43bd,panda,task_excess_lbfgsb,0,"[1.736997499033225,-0.3134041503430889,1.6029439524932325,-1.4276553947390578,0.3372905641201058,2.0153359109375515,1.101754034551576]",True,task_admissible,True,,0,29,30,0,0,1.0268339137137592e-13,0.999999,True,True,True,0.0009999994531741197,0.008726636586410567,[],accepted,0.9999999999989987,5224098,True
8cf5b09c2aa354206fc25bce07f8ae45d95624abf37fb6bc2c6205e2350c43bd,panda,single_gn_k1,2,"[1.736997499033225,-0.33027566546891296,1.5883701587963925,-1.425988371958347,0.3603728009909246,2.0088432525515936,1.0935763399356317]",False,iteration_limit,False,,30,186,,61,,,,True,True,True,0.0010609369203109476,0.006718837372900778,"[""position_tolerance""]",position_tolerance,0.9999999999989987,7410732,False
8cf5b09c2aa354206fc25bce07f8ae45d95624abf37fb6bc2c6205e2350c43bd,panda,task_excess_gn,2,"[1.736997499033225,-0.3320146276525285,1.5871968490380386,-1.4253684319108944,0.36242167834679356,2.00984420706129,1.0913939888435091]",True,task_admissible,True,,11,25,26,19,14,4.352319541276636e-13,0.999999,True,True,True,0.000999999804395887,0.008726641658124422,[],accepted,0.9999999999989987,4320266,True
94df3da8818589a2259a85811e69046fb88819748d2f5675d92475eea5c7c7c6,ur5e,task_excess_isotropic,1,"[-2.5120582118578794,3.77366953898131,1.9429806843143986,-6.022501358010862,-0.03061156082133357,3.0057784773206477]",True,task_admissible,True,,2,7,8,5,5,0.0,0.999999,True,True,True,0.0009470535788127885,0.008670034750915592,[],accepted,0.9999999999990026,1226236,True
94df3da8818589a2259a85811e69046fb88819748d2f5675d92475eea5c7c7c6,ur5e,task_excess_lbfgsb,1,"[-2.5141861993073897,3.7866631718645154,1.9394982178701616,-5.968456893283539,-0.028334355577645572,2.939220443544243]",True,task_admissible,True,,0,14,15,0,0,2.1304934130723449e-13,0.999999,True,True,True,0.000987440557083875,0.00872664322977984,[],accepted,0.06700516475202734,2551102,True
94df3da8818589a2259a85811e69046fb88819748d2f5675d92475eea5c7c7c6,ur5e,point_loop_control,0,"[-2.52156262263226,3.7694324860857438,1.9429278723733032,-6.0216576303346185,-0.03633573894978372,3.0057784773206477]",False,stationary,False,,22,120,121,23,98,0.004204561870782246,0.999999,True,True,True,0.0010917002744816804,0.004493421894927018,"[""position_tolerance""]",position_tolerance,0.9999999999990026,15569759,False
94df3da8818589a2259a85811e69046fb88819748d2f5675d92475eea5c7c7c6,ur5e,task_excess_gn,1,"[-2.5132653562329046,3.7725833548060685,1.9442411864706657,-6.021203147879845,-0.026904814595942003,3.0057781570596003]",True,task_admissible,True,,5,10,11,7,5,2.281002586159712e-15,0.999999,True,True,True,0.0009999990635189433,0.008726637733753153,[],accepted,0.9999949109855407,1741983,True
94df3da8818589a2259a85811e69046fb88819748d2f5675d92475eea5c7c7c6,ur5e,single_gn_k0,0,"[-2.5215626151452164,3.7694324883904073,1.9429278730584059,-6.021657633059159,-0.03633573231259734,3.0057784773206477]",False,stationary,False,,19,115,,20,,,,True,True,True,0.0010917001533735208,0.00449342413568095,"[""position_tolerance""]",position_tolerance,0.9999999999990026,4358876,False
94df3da8818589a2259a85811e69046fb88819748d2f5675d92475eea5c7c7c6,ur5e,task_excess_gn,2,"[-2.5132653562329046,3.7725833548060685,1.9442411864706657,-6.021203147879845,-0.026904814595942003,3.0057781570596003]",True,task_admissible,True,,5,10,11,7,5,2.281002586159712e-15,0.999999,True,True,True,0.0009999990635189433,0.008726637733753153,[],accepted,0.9999949109855407,1772611,True
94df3da8818589a2259a85811e69046fb88819748d2f5675d92475eea5c7c7c6,ur5e,point_loop_control,1,"[-2.52156262263226,3.7694324860857438,1.9429278723733032,-6.0216576303346185,-0.03633573894978372,3.0057784773206477]",False,stationary,False,,22,120,121,23,98,0.004204561870782246,0.999999,True,True,True,0.0010917002744816804,0.004493421894927018,"[""position_tolerance""]",position_tolerance,0.9999999999990026,15569863,False
94df3da8818589a2259a85811e69046fb88819748d2f5675d92475eea5c7c7c6,ur5e,task_excess_isotropic,0,"[-2.5120582118578794,3.77366953898131,1.9429806843143986,-6.022501358010862,-0.03061156082133357,3.0057784773206477]",True,task_admissible,True,,2,7,8,5,5,0.0,0.999999,True,True,True,0.0009470535788127885,0.008670034750915592,[],accepted,0.9999999999990026,1176757,True
94df3da8818589a2259a85811e69046fb88819748d2f5675d92475eea5c7c7c6,ur5e,single_gn_k0,2,"[-2.5215626151452164,3.7694324883904073,1.9429278730584059,-6.021657633059159,-0.03633573231259734,3.0057784773206477]",False,stationary,False,,19,115,,20,,,,True,True,True,0.0010917001533735208,0.00449342413568095,"[""position_tolerance""]",position_tolerance,0.9999999999990026,4380130,False
94df3da8818589a2259a85811e69046fb88819748d2f5675d92475eea5c7c7c6,ur5e,task_excess_gn,0,"[-2.5132653562329046,3.7725833548060685,1.9442411864706657,-6.021203147879845,-0.026904814595942003,3.0057781570596003]",True,task_admissible,True,,5,10,11,7,5,2.281002586159712e-15,0.999999,True,True,True,0.0009999990635189433,0.008726637733753153,[],accepted,0.9999949109855407,1763233,True
94df3da8818589a2259a85811e69046fb88819748d2f5675d92475eea5c7c7c6,ur5e,single_gn_k1,0,"[-2.5215644649073305,3.7694325056821,1.9429270222534627,-6.021654413170218,-0.03633711360999212,3.0057784773206477]",False,no_descent,False,,16,117,,17,,,,True,True,True,0.001091729157524516,0.004492888493228415,"[""position_tolerance""]",position_tolerance,0.9999999999990026,4287846,False
94df3da8818589a2259a85811e69046fb88819748d2f5675d92475eea5c7c7c6,ur5e,single_gn_k0,1,"[-2.5215626151452164,3.7694324883904073,1.9429278730584059,-6.021657633059159,-0.03633573231259734,3.0057784773206477]",False,stationary,False,,19,115,,20,,,,True,True,True,0.0010917001533735208,0.00449342413568095,"[""position_tolerance""]",position_tolerance,0.9999999999990026,4300404,False
94df3da8818589a2259a85811e69046fb88819748d2f5675d92475eea5c7c7c6,ur5e,point_loop_control,2,"[-2.52156262263226,3.7694324860857438,1.9429278723733032,-6.0216576303346185,-0.03633573894978372,3.0057784773206477]",False,stationary,False,,22,120,121,23,98,0.004204561870782246,0.999999,True,True,True,0.0010917002744816804,0.004493421894927018,"[""position_tolerance""]",position_tolerance,0.9999999999990026,15552469,False
94df3da8818589a2259a85811e69046fb88819748d2f5675d92475eea5c7c7c6,ur5e,task_excess_lbfgsb,0,"[-2.5141861993073897,3.7866631718645154,1.9394982178701616,-5.968456893283539,-0.028334355577645572,2.939220443544243]",True,task_admissible,True,,0,14,15,0,0,2.1304934130723449e-13,0.999999,True,True,True,0.000987440557083875,0.00872664322977984,[],accepted,0.06700516475202734,2564570,True
94df3da8818589a2259a85811e69046fb88819748d2f5675d92475eea5c7c7c6,ur5e,single_gn_k1,1,"[-2.5215644649073305,3.7694325056821,1.9429270222534627,-6.021654413170218,-0.03633711360999212,3.0057784773206477]",False,no_descent,False,,16,117,,17,,,,True,True,True,0.001091729157524516,0.004492888493228415,"[""position_tolerance""]",position_tolerance,0.9999999999990026,4333770,False
94df3da8818589a2259a85811e69046fb88819748d2f5675d92475eea5c7c7c6,ur5e,single_gn_k1,2,"[-2.5215644649073305,3.7694325056821,1.9429270222534627,-6.021654413170218,-0.03633711360999212,3.0057784773206477]",False,no_descent,False,,16,117,,17,,,,True,True,True,0.001091729157524516,0.004492888493228415,"[""position_tolerance""]",position_tolerance,0.9999999999990026,4280766,False
94df3da8818589a2259a85811e69046fb88819748d2f5675d92475eea5c7c7c6,ur5e,task_excess_isotropic,2,"[-2.5120582118578794,3.77366953898131,1.9429806843143986,-6.022501358010862,-0.03061156082133357,3.0057784773206477]",True,task_admissible,True,,2,7,8,5,5,0.0,0.999999,True,True,True,0.0009470535788127885,0.008670034750915592,[],accepted,0.9999999999990026,1180106,True
94df3da8818589a2259a85811e69046fb88819748d2f5675d92475eea5c7c7c6,ur5e,task_excess_lbfgsb,2,"[-2.5141861993073897,3.7866631718645154,1.9394982178701616,-5.968456893283539,-0.028334355577645572,2.939220443544243]",True,task_admissible,True,,0,14,15,0,0,2.1304934130723449e-13,0.999999,True,True,True,0.000987440557083875,0.00872664322977984,[],accepted,0.06700516475202734,2521269,True
99596b92d749cfb0d60a69c35f886435bac6c03cd106abd1b9d3ecf6ec5f9596,panda,task_excess_lbfgsb,1,"[-0.7135192183305182,-0.035466570266125284,-1.3675165977777661,-1.6264419638815248,0.9461947531164079,1.5224373578214554,-0.2747949728819199]",False,optimizer_stop,False,"{""code"":1,""success"":false,""message"":""STOP: TOTAL NO. OF ITERATIONS REACHED LIMIT""}",30,35,36,0,0,0.15559430360268578,0.999999,True,True,True,0.0013828128354056938,0.012267572241286911,"[""position_tolerance"",""orientation_tolerance""]",position_tolerance+orientation_tolerance,0.999999999999,6253504,False
99596b92d749cfb0d60a69c35f886435bac6c03cd106abd1b9d3ecf6ec5f9596,panda,single_gn_k1,2,"[-0.7134899063251253,-0.035466570266125284,-1.3675165977777661,-1.626463104940337,0.9462227135182327,1.5227189742467764,-0.27479394677887975]",False,no_descent,False,,16,118,,18,,,,True,True,True,0.0013528943289792107,0.012513914523817013,"[""position_tolerance"",""orientation_tolerance""]",position_tolerance+orientation_tolerance,0.999999999999,4411736,False
99596b92d749cfb0d60a69c35f886435bac6c03cd106abd1b9d3ecf6ec5f9596,panda,single_gn_k0,2,"[-0.7134905465923836,-0.035466570266125284,-1.3675165977777661,-1.626463497660057,0.9462252697297862,1.5227174452474546,-0.2747951058126359]",False,stationary,False,,15,100,,17,,,,True,True,True,0.001353004461596533,0.012513007307268365,"[""position_tolerance"",""orientation_tolerance""]",position_tolerance+orientation_tolerance,0.999999999999,3823923,False
99596b92d749cfb0d60a69c35f886435bac6c03cd106abd1b9d3ecf6ec5f9596,panda,point_loop_control,1,"[-0.713490546603821,-0.035466570266125284,-1.3675165977777661,-1.6264634976050691,0.9462252696480891,1.5227174451364696,-0.27479510569269416]",False,stationary,False,,18,115,116,20,97,0.15643496461695022,0.999999,True,True,True,0.0013530044711555316,0.012513007228555882,"[""position_tolerance"",""orientation_tolerance""]",position_tolerance+orientation_tolerance,0.999999999999,15678649,False
99596b92d749cfb0d60a69c35f886435bac6c03cd106abd1b9d3ecf6ec5f9596,panda,single_gn_k1,0,"[-0.7134899063251253,-0.035466570266125284,-1.3675165977777661,-1.626463104940337,0.9462227135182327,1.5227189742467764,-0.27479394677887975]",False,no_descent,False,,16,118,,18,,,,True,True,True,0.0013528943289792107,0.012513914523817013,"[""position_tolerance"",""orientation_tolerance""]",position_tolerance+orientation_tolerance,0.999999999999,4410128,False
99596b92d749cfb0d60a69c35f886435bac6c03cd106abd1b9d3ecf6ec5f9596,panda,task_excess_gn,1,"[-0.7135192183972694,-0.035466570266125284,-1.3675165977777661,-1.6264419644406178,0.9461947541830062,1.522437358422886,-0.2747949715332358]",False,deadline,False,,21,131,132,23,110,0.15559430360264453,0.999999,True,True,True,0.001382812779824743,0.012267572698890606,"[""position_tolerance"",""orientation_tolerance""]",position_tolerance+orientation_tolerance,0.999999999999,20110227,False
99596b92d749cfb0d60a69c35f886435bac6c03cd106abd1b9d3ecf6ec5f9596,panda,task_excess_gn,0,"[-0.7135192183972694,-0.035466570266125284,-1.3675165977777661,-1.6264419644406178,0.9461947541830062,1.522437358422886,-0.2747949715332358]",False,deadline,False,,21,132,133,23,111,0.15559430360264453,0.999999,True,True,True,0.001382812779824743,0.012267572698890606,"[""position_tolerance"",""orientation_tolerance""]",position_tolerance+orientation_tolerance,0.999999999999,20121088,False
99596b92d749cfb0d60a69c35f886435bac6c03cd106abd1b9d3ecf6ec5f9596,panda,single_gn_k1,1,"[-0.7134899063251253,-0.035466570266125284,-1.3675165977777661,-1.626463104940337,0.9462227135182327,1.5227189742467764,-0.27479394677887975]",False,no_descent,False,,16,118,,18,,,,True,True,True,0.0013528943289792107,0.012513914523817013,"[""position_tolerance"",""orientation_tolerance""]",position_tolerance+orientation_tolerance,0.999999999999,4435342,False
99596b92d749cfb0d60a69c35f886435bac6c03cd106abd1b9d3ecf6ec5f9596,panda,single_gn_k0,1,"[-0.7134905465923836,-0.035466570266125284,-1.3675165977777661,-1.626463497660057,0.9462252697297862,1.5227174452474546,-0.2747951058126359]",False,stationary,False,,15,100,,17,,,,True,True,True,0.001353004461596533,0.012513007307268365,"[""position_tolerance"",""orientation_tolerance""]",position_tolerance+orientation_tolerance,0.999999999999,3827092,False
99596b92d749cfb0d60a69c35f886435bac6c03cd106abd1b9d3ecf6ec5f9596,panda,point_loop_control,2,"[-0.713490546603821,-0.035466570266125284,-1.3675165977777661,-1.6264634976050691,0.9462252696480891,1.5227174451364696,-0.27479510569269416]",False,stationary,False,,18,115,116,20,97,0.15643496461695022,0.999999,True,True,True,0.0013530044711555316,0.012513007228555882,"[""position_tolerance"",""orientation_tolerance""]",position_tolerance+orientation_tolerance,0.999999999999,15709006,False
99596b92d749cfb0d60a69c35f886435bac6c03cd106abd1b9d3ecf6ec5f9596,panda,task_excess_isotropic,0,"[-0.7135191239311726,-0.035466570266125284,-1.3675165977777661,-1.626442035677977,0.9461948553445003,1.5224382796669798,-0.27479497223854704]",False,iteration_limit,False,,30,89,90,32,59,0.15559431269518872,0.999999,True,True,True,0.0013827147621351006,0.012268379690360152,"[""position_tolerance"",""orientation_tolerance""]",position_tolerance+orientation_tolerance,0.999999999999,13497975,False
99596b92d749cfb0d60a69c35f886435bac6c03cd106abd1b9d3ecf6ec5f9596,panda,task_excess_lbfgsb,2,"[-0.7135192183305182,-0.035466570266125284,-1.3675165977777661,-1.6264419638815248,0.9461947531164079,1.5224373578214554,-0.2747949728819199]",False,optimizer_stop,False,"{""code"":1,""success"":false,""message"":""STOP: TOTAL NO. OF ITERATIONS REACHED LIMIT""}",30,35,36,0,0,0.15559430360268578,0.999999,True,True,True,0.0013828128354056938,0.012267572241286911,"[""position_tolerance"",""orientation_tolerance""]",position_tolerance+orientation_tolerance,0.999999999999,6288284,False
99596b92d749cfb0d60a69c35f886435bac6c03cd106abd1b9d3ecf6ec5f9596,panda,task_excess_lbfgsb,0,"[-0.7135192183305182,-0.035466570266125284,-1.3675165977777661,-1.6264419638815248,0.9461947531164079,1.5224373578214554,-0.2747949728819199]",False,optimizer_stop,False,"{""code"":1,""success"":false,""message"":""STOP: TOTAL NO. OF ITERATIONS REACHED LIMIT""}",30,35,36,0,0,0.15559430360268578,0.999999,True,True,True,0.0013828128354056938,0.012267572241286911,"[""position_tolerance"",""orientation_tolerance""]",position_tolerance+orientation_tolerance,0.999999999999,6170820,False
99596b92d749cfb0d60a69c35f886435bac6c03cd106abd1b9d3ecf6ec5f9596,panda,task_excess_gn,2,"[-0.7135192183972694,-0.035466570266125284,-1.3675165977777661,-1.6264419644406178,0.9461947541830062,1.522437358422886,-0.2747949715332358]",False,deadline,False,,21,133,134,23,112,0.15559430360264453,0.999999,True,True,True,0.001382812779824743,0.012267572698890606,"[""position_tolerance"",""orientation_tolerance""]",position_tolerance+orientation_tolerance,0.999999999999,20219883,False
99596b92d749cfb0d60a69c35f886435bac6c03cd106abd1b9d3ecf6ec5f9596,panda,task_excess_isotropic,2,"[-0.7135191239311726,-0.035466570266125284,-1.3675165977777661,-1.626442035677977,0.9461948553445003,1.5224382796669798,-0.27479497223854704]",False,iteration_limit,False,,30,89,90,32,59,0.15559431269518872,0.999999,True,True,True,0.0013827147621351006,0.012268379690360152,"[""position_tolerance"",""orientation_tolerance""]",position_tolerance+orientation_tolerance,0.999999999999,13367796,False
99596b92d749cfb0d60a69c35f886435bac6c03cd106abd1b9d3ecf6ec5f9596,panda,single_gn_k0,0,"[-0.7134905465923836,-0.035466570266125284,-1.3675165977777661,-1.626463497660057,0.9462252697297862,1.5227174452474546,-0.2747951058126359]",False,stationary,False,,15,100,,17,,,,True,True,True,0.001353004461596533,0.012513007307268365,"[""position_tolerance"",""orientation_tolerance""]",position_tolerance+orientation_tolerance,0.999999999999,3794456,False
99596b92d749cfb0d60a69c35f886435bac6c03cd106abd1b9d3ecf6ec5f9596,panda,point_loop_control,0,"[-0.713490546603821,-0.035466570266125284,-1.3675165977777661,-1.6264634976050691,0.9462252696480891,1.5227174451364696,-0.27479510569269416]",False,stationary,False,,18,115,116,20,97,0.15643496461695022,0.999999,True,True,True,0.0013530044711555316,0.012513007228555882,"[""position_tolerance"",""orientation_tolerance""]",position_tolerance+orientation_tolerance,0.999999999999,15602452,False
99596b92d749cfb0d60a69c35f886435bac6c03cd106abd1b9d3ecf6ec5f9596,panda,task_excess_isotropic,1,"[-0.7135191239311726,-0.035466570266125284,-1.3675165977777661,-1.626442035677977,0.9461948553445003,1.5224382796669798,-0.27479497223854704]",False,iteration_limit,False,,30,89,90,32,59,0.15559431269518872,0.999999,True,True,True,0.0013827147621351006,0.012268379690360152,"[""position_tolerance"",""orientation_tolerance""]",position_tolerance+orientation_tolerance,0.999999999999,13391365,False
99d76050ae371288ad457fc997446305c1a6ea08b5db988906cc87e12168bd95,panda,task_excess_lbfgsb,2,"[-1.9300205348779493,0.07171524373552314,0.632651524570308,-0.5108476185447691,2.897299999999,2.384224185935353,1.6771108769349277]",True,task_admissible,True,,0,18,19,0,0,0.0,0.999999,True,True,True,0.0009969554424139825,0.008622912259314896,[],accepted,0.22159504922202097,3414586,True
99d76050ae371288ad457fc997446305c1a6ea08b5db988906cc87e12168bd95,panda,task_excess_isotropic,2,"[-1.9625813069006517,0.07275687997042579,0.6728739912812824,-0.5096091412522248,2.897224674643144,2.3914928700997207,1.666008328753371]",True,task_admissible,True,,2,7,8,9,5,0.0,0.999999,True,True,True,0.0009200677440193508,0.008397073638213843,[],accepted,0.9793323033702759,1312958,True
99d76050ae371288ad457fc997446305c1a6ea08b5db988906cc87e12168bd95,panda,task_excess_gn,1,"[-1.9705372378565449,0.06797243552856408,0.6737751028542949,-0.5187244312404029,2.897299999999,2.3814609520397085,1.6738614861344496]",True,task_admissible,True,,6,12,13,7,6,7.2131913511936e-19,0.999999,True,True,True,0.0009999990011559804,0.008726637536199584,[],accepted,0.9999999999990011,2127264,True
99d76050ae371288ad457fc997446305c1a6ea08b5db988906cc87e12168bd95,panda,task_excess_gn,2,"[-1.9705372378565449,0.06797243552856408,0.6737751028542949,-0.5187244312404029,2.897299999999,2.3814609520397085,1.6738614861344496]",True,task_admissible,True,,6,12,13,7,6,7.2131913511936e-19,0.999999,True,True,True,0.0009999990011559804,0.008726637536199584,[],accepted,0.9999999999990011,2077802,True
99d76050ae371288ad457fc997446305c1a6ea08b5db988906cc87e12168bd95,panda,point_loop_control,2,"[-1.9588772239140262,0.0754071963402751,0.6737751028542949,-0.5078852495570849,2.897299999999,2.385320241402603,1.6638876946522507]",False,stationary,False,,11,29,30,12,18,0.00022201193347661248,0.999999,True,True,True,0.001021070873835832,0.001722069090919826,"[""position_tolerance""]",position_tolerance,0.9999999999990011,4234204,False
99d76050ae371288ad457fc997446305c1a6ea08b5db988906cc87e12168bd95,panda,task_excess_gn,0,"[-1.9705372378565449,0.06797243552856408,0.6737751028542949,-0.5187244312404029,2.897299999999,2.3814609520397085,1.6738614861344496]",True,task_admissible,True,,6,12,13,7,6,7.2131913511936e-19,0.999999,True,True,True,0.0009999990011559804,0.008726637536199584,[],accepted,0.9999999999990011,2076740,True
99d76050ae371288ad457fc997446305c1a6ea08b5db988906cc87e12168bd95,panda,single_gn_k1,2,"[-1.9588816752946188,0.07540459573580816,0.6737751028542949,-0.5078920799481822,2.897299999999,2.385310052371743,1.6638871113985556]",False,no_descent,False,,14,106,,15,,,,True,True,True,0.0010211464387924456,0.0017186742285504777,"[""position_tolerance""]",position_tolerance,0.9999999999990011,3947261,False
99d76050ae371288ad457fc997446305c1a6ea08b5db988906cc87e12168bd95,panda,task_excess_isotropic,1,"[-1.9625813069006517,0.07275687997042579,0.6728739912812824,-0.5096091412522248,2.897224674643144,2.3914928700997207,1.666008328753371]",True,task_admissible,True,,2,7,8,9,5,0.0,0.999999,True,True,True,0.0009200677440193508,0.008397073638213843,[],accepted,0.9793323033702759,1312478,True
99d76050ae371288ad457fc997446305c1a6ea08b5db988906cc87e12168bd95,panda,point_loop_control,0,"[-1.9588772239140262,0.0754071963402751,0.6737751028542949,-0.5078852495570849,2.897299999999,2.385320241402603,1.6638876946522507]",False,stationary,False,,11,29,30,12,18,0.00022201193347661248,0.999999,True,True,True,0.001021070873835832,0.001722069090919826,"[""position_tolerance""]",position_tolerance,0.9999999999990011,4309744,False
99d76050ae371288ad457fc997446305c1a6ea08b5db988906cc87e12168bd95,panda,single_gn_k0,0,"[-1.9588772063381263,0.07540720613532487,0.6737751028542949,-0.5078852322988567,2.897299999999,2.385320254087294,1.6638876807533611]",False,stationary,False,,15,100,,16,,,,True,True,True,0.001021070921433593,0.0017220669417194797,"[""position_tolerance""]",position_tolerance,0.9999999999990011,3852822,False
99d76050ae371288ad457fc997446305c1a6ea08b5db988906cc87e12168bd95,panda,single_gn_k0,2,"[-1.9588772063381263,0.07540720613532487,0.6737751028542949,-0.5078852322988567,2.897299999999,2.385320254087294,1.6638876807533611]",False,stationary,False,,15,100,,16,,,,True,True,True,0.001021070921433593,0.0017220669417194797,"[""position_tolerance""]",position_tolerance,0.9999999999990011,3781278,False
99d76050ae371288ad457fc997446305c1a6ea08b5db988906cc87e12168bd95,panda,point_loop_control,1,"[-1.9588772239140262,0.0754071963402751,0.6737751028542949,-0.5078852495570849,2.897299999999,2.385320241402603,1.6638876946522507]",False,stationary,False,,11,29,30,12,18,0.00022201193347661248,0.999999,True,True,True,0.001021070873835832,0.001722069090919826,"[""position_tolerance""]",position_tolerance,0.9999999999990011,4312657,False
99d76050ae371288ad457fc997446305c1a6ea08b5db988906cc87e12168bd95,panda,single_gn_k1,0,"[-1.9588816752946188,0.07540459573580816,0.6737751028542949,-0.5078920799481822,2.897299999999,2.385310052371743,1.6638871113985556]",False,no_descent,False,,14,106,,15,,,,True,True,True,0.0010211464387924456,0.0017186742285504777,"[""position_tolerance""]",position_tolerance,0.9999999999990011,3924041,False
99d76050ae371288ad457fc997446305c1a6ea08b5db988906cc87e12168bd95,panda,task_excess_lbfgsb,1,"[-1.9300205348779493,0.07171524373552314,0.632651524570308,-0.5108476185447691,2.897299999999,2.384224185935353,1.6771108769349277]",True,task_admissible,True,,0,18,19,0,0,0.0,0.999999,True,True,True,0.0009969554424139825,0.008622912259314896,[],accepted,0.22159504922202097,3394176,True
99d76050ae371288ad457fc997446305c1a6ea08b5db988906cc87e12168bd95,panda,single_gn_k1,1,"[-1.9588816752946188,0.07540459573580816,0.6737751028542949,-0.5078920799481822,2.897299999999,2.385310052371743,1.6638871113985556]",False,no_descent,False,,14,106,,15,,,,True,True,True,0.0010211464387924456,0.0017186742285504777,"[""position_tolerance""]",position_tolerance,0.9999999999990011,4013550,False
99d76050ae371288ad457fc997446305c1a6ea08b5db988906cc87e12168bd95,panda,single_gn_k0,1,"[-1.9588772063381263,0.07540720613532487,0.6737751028542949,-0.5078852322988567,2.897299999999,2.385320254087294,1.6638876807533611]",False,stationary,False,,15,100,,16,,,,True,True,True,0.001021070921433593,0.0017220669417194797,"[""position_tolerance""]",position_tolerance,0.9999999999990011,3780923,False
99d76050ae371288ad457fc997446305c1a6ea08b5db988906cc87e12168bd95,panda,task_excess_lbfgsb,0,"[-1.9300205348779493,0.07171524373552314,0.632651524570308,-0.5108476185447691,2.897299999999,2.384224185935353,1.6771108769349277]",True,task_admissible,True,,0,18,19,0,0,0.0,0.999999,True,True,True,0.0009969554424139825,0.008622912259314896,[],accepted,0.22159504922202097,3362316,True
99d76050ae371288ad457fc997446305c1a6ea08b5db988906cc87e12168bd95,panda,task_excess_isotropic,0,"[-1.9625813069006517,0.07275687997042579,0.6728739912812824,-0.5096091412522248,2.897224674643144,2.3914928700997207,1.666008328753371]",True,task_admissible,True,,2,7,8,9,5,0.0,0.999999,True,True,True,0.0009200677440193508,0.008397073638213843,[],accepted,0.9793323033702759,1347891,True
9d80e946830f388536d3b0fcb43de10b356b07a1aeaa394a31029c39060ef30a,panda,single_gn_k0,2,"[-0.4382994021530696,-0.1333277729455919,-0.7321359950869144,-1.7567682414972114,2.897299999999,1.9084789838115526,-0.8455905820112342]",True,task_candidate,True,,2,4,,4,,,,True,True,True,0.00027199411202463676,0.008722167441337548,[],accepted,0.9999999999990011,384992,True
9d80e946830f388536d3b0fcb43de10b356b07a1aeaa394a31029c39060ef30a,panda,single_gn_k0,0,"[-0.4382994021530696,-0.1333277729455919,-0.7321359950869144,-1.7567682414972114,2.897299999999,1.9084789838115526,-0.8455905820112342]",True,task_candidate,True,,2,4,,4,,,,True,True,True,0.00027199411202463676,0.008722167441337548,[],accepted,0.9999999999990011,349963,True
9d80e946830f388536d3b0fcb43de10b356b07a1aeaa394a31029c39060ef30a,panda,task_excess_gn,1,"[-0.4382197421161069,-0.13382642636209308,-0.7321359950869144,-1.7568918102256692,2.897299999999,1.9060415501767476,-0.8474745658290163]",True,task_admissible,True,,3,6,7,4,3,3.3905658055023665e-16,0.999999,True,True,True,0.00047423808343755996,0.008726637760600897,[],accepted,0.9999999999990011,1123932,True
9d80e946830f388536d3b0fcb43de10b356b07a1aeaa394a31029c39060ef30a,panda,task_excess_isotropic,1,"[-0.4390831653305708,-0.13431500642965866,-0.7321359950869144,-1.7567728893300962,2.897299999999,1.9089764492695682,-0.8450762485177176]",True,task_admissible,True,,2,7,8,5,5,0.0,0.999999,True,True,True,0.0009567138786209913,0.0077642385877641894,[],accepted,0.9999999999990011,1200053,True
9d80e946830f388536d3b0fcb43de10b356b07a1aeaa394a31029c39060ef30a,panda,single_gn_k1,1,"[-0.4382997947831153,-0.13332696014708645,-0.7321359950869144,-1.7567674797618578,2.897299999999,1.90847870258057,-0.8455880292704985]",True,task_candidate,True,,2,4,,4,,,,True,True,True,0.00027187987944405327,0.008722463630753815,[],accepted,0.9999999999990011,343220,True
9d80e946830f388536d3b0fcb43de10b356b07a1aeaa394a31029c39060ef30a,panda,task_excess_lbfgsb,1,"[-0.44047242889698446,-0.13715614641806412,-0.7283338123733557,-1.7578355654577595,2.897299999999,1.9143564634236003,-0.8506213174986624]",False,optimizer_stop,False,"{""code"":1,""success"":false,""message"":""STOP: TOTAL NO. OF ITERATIONS REACHED LIMIT""}",30,34,35,0,0,0.00046401294636183333,0.999999,True,True,True,0.0010154158530654971,0.00895592533287249,"[""position_tolerance"",""orientation_tolerance""]",position_tolerance+orientation_tolerance,0.9127939744586641,6037285,False
9d80e946830f388536d3b0fcb43de10b356b07a1aeaa394a31029c39060ef30a,panda,point_loop_control,0,"[-0.4382994021530696,-0.1333277729455919,-0.7321359950869144,-1.7567682414972114,2.897299999999,1.9084789838115526,-0.8455905820112342]",True,task_admissible,True,,1,2,3,4,1,0.0,0.999999,True,True,True,0.00027199411202463676,0.008722167441337548,[],accepted,0.9999999999990011,505349,True
9d80e946830f388536d3b0fcb43de10b356b07a1aeaa394a31029c39060ef30a,panda,point_loop_control,2,"[-0.4382994021530696,-0.1333277729455919,-0.7321359950869144,-1.7567682414972114,2.897299999999,1.9084789838115526,-0.8455905820112342]",True,task_admissible,True,,1,2,3,4,1,0.0,0.999999,True,True,True,0.00027199411202463676,0.008722167441337548,[],accepted,0.9999999999990011,478850,True
9d80e946830f388536d3b0fcb43de10b356b07a1aeaa394a31029c39060ef30a,panda,task_excess_lbfgsb,0,"[-0.44047242889698446,-0.13715614641806412,-0.7283338123733557,-1.7578355654577595,2.897299999999,1.9143564634236003,-0.8506213174986624]",False,optimizer_stop,False,"{""code"":1,""success"":false,""message"":""STOP: TOTAL NO. OF ITERATIONS REACHED LIMIT""}",30,34,35,0,0,0.00046401294636183333,0.999999,True,True,True,0.0010154158530654971,0.00895592533287249,"[""position_tolerance"",""orientation_tolerance""]",position_tolerance+orientation_tolerance,0.9127939744586641,6012732,False
9d80e946830f388536d3b0fcb43de10b356b07a1aeaa394a31029c39060ef30a,panda,task_excess_isotropic,2,"[-0.4390831653305708,-0.13431500642965866,-0.7321359950869144,-1.7567728893300962,2.897299999999,1.9089764492695682,-0.8450762485177176]",True,task_admissible,True,,2,7,8,5,5,0.0,0.999999,True,True,True,0.0009567138786209913,0.0077642385877641894,[],accepted,0.9999999999990011,1240219,True
9d80e946830f388536d3b0fcb43de10b356b07a1aeaa394a31029c39060ef30a,panda,task_excess_gn,2,"[-0.4382197421161069,-0.13382642636209308,-0.7321359950869144,-1.7568918102256692,2.897299999999,1.9060415501767476,-0.8474745658290163]",True,task_admissible,True,,3,6,7,4,3,3.3905658055023665e-16,0.999999,True,True,True,0.00047423808343755996,0.008726637760600897,[],accepted,0.9999999999990011,1118717,True
9d80e946830f388536d3b0fcb43de10b356b07a1aeaa394a31029c39060ef30a,panda,single_gn_k1,0,"[-0.4382997947831153,-0.13332696014708645,-0.7321359950869144,-1.7567674797618578,2.897299999999,1.90847870258057,-0.8455880292704985]",True,task_candidate,True,,2,4,,4,,,,True,True,True,0.00027187987944405327,0.008722463630753815,[],accepted,0.9999999999990011,346960,True
9d80e946830f388536d3b0fcb43de10b356b07a1aeaa394a31029c39060ef30a,panda,single_gn_k1,2,"[-0.4382997947831153,-0.13332696014708645,-0.7321359950869144,-1.7567674797618578,2.897299999999,1.90847870258057,-0.8455880292704985]",True,task_candidate,True,,2,4,,4,,,,True,True,True,0.00027187987944405327,0.008722463630753815,[],accepted,0.9999999999990011,334530,True
9d80e946830f388536d3b0fcb43de10b356b07a1aeaa394a31029c39060ef30a,panda,point_loop_control,1,"[-0.4382994021530696,-0.1333277729455919,-0.7321359950869144,-1.7567682414972114,2.897299999999,1.9084789838115526,-0.8455905820112342]",True,task_admissible,True,,1,2,3,4,1,0.0,0.999999,True,True,True,0.00027199411202463676,0.008722167441337548,[],accepted,0.9999999999990011,473438,True
9d80e946830f388536d3b0fcb43de10b356b07a1aeaa394a31029c39060ef30a,panda,task_excess_isotropic,0,"[-0.4390831653305708,-0.13431500642965866,-0.7321359950869144,-1.7567728893300962,2.897299999999,1.9089764492695682,-0.8450762485177176]",True,task_admissible,True,,2,7,8,5,5,0.0,0.999999,True,True,True,0.0009567138786209913,0.0077642385877641894,[],accepted,0.9999999999990011,1209390,True
9d80e946830f388536d3b0fcb43de10b356b07a1aeaa394a31029c39060ef30a,panda,task_excess_lbfgsb,2,"[-0.44047242889698446,-0.13715614641806412,-0.7283338123733557,-1.7578355654577595,2.897299999999,1.9143564634236003,-0.8506213174986624]",False,optimizer_stop,False,"{""code"":1,""success"":false,""message"":""STOP: TOTAL NO. OF ITERATIONS REACHED LIMIT""}",30,34,35,0,0,0.00046401294636183333,0.999999,True,True,True,0.0010154158530654971,0.00895592533287249,"[""position_tolerance"",""orientation_tolerance""]",position_tolerance+orientation_tolerance,0.9127939744586641,6144945,False
9d80e946830f388536d3b0fcb43de10b356b07a1aeaa394a31029c39060ef30a,panda,task_excess_gn,0,"[-0.4382197421161069,-0.13382642636209308,-0.7321359950869144,-1.7568918102256692,2.897299999999,1.9060415501767476,-0.8474745658290163]",True,task_admissible,True,,3,6,7,4,3,3.3905658055023665e-16,0.999999,True,True,True,0.00047423808343755996,0.008726637760600897,[],accepted,0.9999999999990011,1148747,True
9d80e946830f388536d3b0fcb43de10b356b07a1aeaa394a31029c39060ef30a,panda,single_gn_k0,1,"[-0.4382994021530696,-0.1333277729455919,-0.7321359950869144,-1.7567682414972114,2.897299999999,1.9084789838115526,-0.8455905820112342]",True,task_candidate,True,,2,4,,4,,,,True,True,True,0.00027199411202463676,0.008722167441337548,[],accepted,0.9999999999990011,351543,True
a22d51628b40e5812e67f71d55673cd14a221f59d81c4be6844a498fb5c5660e,panda,task_excess_lbfgsb,1,"[2.111739255564618,-0.10856943796737313,1.5447551864738052,-1.4867721454292184,-0.07494869250108772,2.0021868860248824,1.2831017754198413]",False,optimizer_stop,False,"{""code"":1,""success"":false,""message"":""STOP: TOTAL NO. OF ITERATIONS REACHED LIMIT""}",30,36,37,0,0,0.002948612161373332,0.999999,True,True,True,0.0010594296980984343,0.009151044805648703,"[""position_tolerance"",""orientation_tolerance""]",position_tolerance+orientation_tolerance,0.9999999999990037,6467710,False
a22d51628b40e5812e67f71d55673cd14a221f59d81c4be6844a498fb5c5660e,panda,point_loop_control,2,"[2.111739255564618,-0.0911385875078376,1.5586097143652147,-1.4855584930382397,-0.09921390419538538,1.9984962571768896,1.2965345651229856]",False,stationary,False,,16,96,97,18,80,0.009360777357918258,0.999999,True,True,True,0.0011368257324605704,0.007409396535304037,"[""position_tolerance""]",position_tolerance,0.9999999999990037,13162590,False
a22d51628b40e5812e67f71d55673cd14a221f59d81c4be6844a498fb5c5660e,panda,single_gn_k0,1,"[2.111739255564618,-0.09113858748618055,1.5586097143652147,-1.48555849345145,-0.09921390431636604,1.9984962585357084,1.2965345652274458]",False,stationary,False,,15,100,,17,,,,True,True,True,0.0011368256513364485,0.007409397483189784,"[""position_tolerance""]",position_tolerance,0.9999999999990037,3841088,False
a22d51628b40e5812e67f71d55673cd14a221f59d81c4be6844a498fb5c5660e,panda,single_gn_k1,1,"[2.111739255564618,-0.09113831082310947,1.5586097143652147,-1.4855583045811647,-0.09921232977800773,1.998495593858402,1.2965308253472816]",False,stationary,False,,15,100,,17,,,,True,True,True,0.001136868353598137,0.007408899306163403,"[""position_tolerance""]",position_tolerance,0.9999999999990037,3871831,False
a22d51628b40e5812e67f71d55673cd14a221f59d81c4be6844a498fb5c5660e,panda,task_excess_isotropic,0,"[2.111739255564618,-0.09098279522579664,1.5585537330592327,-1.4861676487618645,-0.09918104999100857,2.0005783646605635,1.2964934365300944]",False,deadline,False,,23,138,139,46,115,0.0002958512236545611,0.999999,True,True,True,0.0010171911910921796,0.00887680965545542,"[""position_tolerance"",""orientation_tolerance""]",position_tolerance+orientation_tolerance,0.9999999999990037,20199060,False
a22d51628b40e5812e67f71d55673cd14a221f59d81c4be6844a498fb5c5660e,panda,single_gn_k0,2,"[2.111739255564618,-0.09113858748618055,1.5586097143652147,-1.48555849345145,-0.09921390431636604,1.9984962585357084,1.2965345652274458]",False,stationary,False,,15,100,,17,,,,True,True,True,0.0011368256513364485,0.007409397483189784,"[""position_tolerance""]",position_tolerance,0.9999999999990037,3829669,False
a22d51628b40e5812e67f71d55673cd14a221f59d81c4be6844a498fb5c5660e,panda,task_excess_isotropic,2,"[2.111739255564618,-0.09098279522579664,1.5585537330592327,-1.4861676487618645,-0.09918104999100857,2.0005783646605635,1.2964934365300944]",False,deadline,False,,23,138,139,46,115,0.0002958512236545611,0.999999,True,True,True,0.0010171911910921796,0.00887680965545542,"[""position_tolerance"",""orientation_tolerance""]",position_tolerance+orientation_tolerance,0.9999999999990037,20183132,False
a22d51628b40e5812e67f71d55673cd14a221f59d81c4be6844a498fb5c5660e,panda,single_gn_k0,0,"[2.111739255564618,-0.09113858748618055,1.5586097143652147,-1.48555849345145,-0.09921390431636604,1.9984962585357084,1.2965345652274458]",False,stationary,False,,15,100,,17,,,,True,True,True,0.0011368256513364485,0.007409397483189784,"[""position_tolerance""]",position_tolerance,0.9999999999990037,3811589,False
a22d51628b40e5812e67f71d55673cd14a221f59d81c4be6844a498fb5c5660e,panda,task_excess_gn,2,"[2.111739255564618,-0.09109459648772028,1.5586097143652147,-1.4859475153666828,-0.0992887956554456,2.0003026730007307,1.2965792036438195]",False,stationary,False,,22,105,106,24,83,0.00018845621453633318,0.999999,True,True,True,0.0010155665952922795,0.008827867534937141,"[""position_tolerance"",""orientation_tolerance""]",position_tolerance+orientation_tolerance,0.9999999999990037,16306261,False
a22d51628b40e5812e67f71d55673cd14a221f59d81c4be6844a498fb5c5660e,panda,task_excess_isotropic,1,"[2.111739255564618,-0.09098279522579664,1.5585537330592327,-1.4861676487618645,-0.09918104999100857,2.0005783646605635,1.2964934365300944]",False,deadline,False,,23,138,139,46,115,0.0002958512236545611,0.999999,True,True,True,0.0010171911910921796,0.00887680965545542,"[""position_tolerance"",""orientation_tolerance""]",position_tolerance+orientation_tolerance,0.9999999999990037,20205952,False
a22d51628b40e5812e67f71d55673cd14a221f59d81c4be6844a498fb5c5660e,panda,point_loop_control,1,"[2.111739255564618,-0.0911385875078376,1.5586097143652147,-1.4855584930382397,-0.09921390419538538,1.9984962571768896,1.2965345651229856]",False,stationary,False,,16,96,97,18,80,0.009360777357918258,0.999999,True,True,True,0.0011368257324605704,0.007409396535304037,"[""position_tolerance""]",position_tolerance,0.9999999999990037,13048535,False
a22d51628b40e5812e67f71d55673cd14a221f59d81c4be6844a498fb5c5660e,panda,task_excess_lbfgsb,0,"[2.111739255564618,-0.10856943796737313,1.5447551864738052,-1.4867721454292184,-0.07494869250108772,2.0021868860248824,1.2831017754198413]",False,optimizer_stop,False,"{""code"":1,""success"":false,""message"":""STOP: TOTAL NO. OF ITERATIONS REACHED LIMIT""}",30,36,37,0,0,0.002948612161373332,0.999999,True,True,True,0.0010594296980984343,0.009151044805648703,"[""position_tolerance"",""orientation_tolerance""]",position_tolerance+orientation_tolerance,0.9999999999990037,6486093,False
a22d51628b40e5812e67f71d55673cd14a221f59d81c4be6844a498fb5c5660e,panda,task_excess_lbfgsb,2,"[2.111739255564618,-0.10856943796737313,1.5447551864738052,-1.4867721454292184,-0.07494869250108772,2.0021868860248824,1.2831017754198413]",False,optimizer_stop,False,"{""code"":1,""success"":false,""message"":""STOP: TOTAL NO. OF ITERATIONS REACHED LIMIT""}",30,36,37,0,0,0.002948612161373332,0.999999,True,True,True,0.0010594296980984343,0.009151044805648703,"[""position_tolerance"",""orientation_tolerance""]",position_tolerance+orientation_tolerance,0.9999999999990037,6411411,False
a22d51628b40e5812e67f71d55673cd14a221f59d81c4be6844a498fb5c5660e,panda,single_gn_k1,0,"[2.111739255564618,-0.09113831082310947,1.5586097143652147,-1.4855583045811647,-0.09921232977800773,1.998495593858402,1.2965308253472816]",False,stationary,False,,15,100,,17,,,,True,True,True,0.001136868353598137,0.007408899306163403,"[""position_tolerance""]",position_tolerance,0.9999999999990037,3866777,False
a22d51628b40e5812e67f71d55673cd14a221f59d81c4be6844a498fb5c5660e,panda,task_excess_gn,0,"[2.111739255564618,-0.09109459648772028,1.5586097143652147,-1.4859475153666828,-0.0992887956554456,2.0003026730007307,1.2965792036438195]",False,stationary,False,,22,105,106,24,83,0.00018845621453633318,0.999999,True,True,True,0.0010155665952922795,0.008827867534937141,"[""position_tolerance"",""orientation_tolerance""]",position_tolerance+orientation_tolerance,0.9999999999990037,16402395,False
a22d51628b40e5812e67f71d55673cd14a221f59d81c4be6844a498fb5c5660e,panda,task_excess_gn,1,"[2.111739255564618,-0.09109459648772028,1.5586097143652147,-1.4859475153666828,-0.0992887956554456,2.0003026730007307,1.2965792036438195]",False,stationary,False,,22,105,106,24,83,0.00018845621453633318,0.999999,True,True,True,0.0010155665952922795,0.008827867534937141,"[""position_tolerance"",""orientation_tolerance""]",position_tolerance+orientation_tolerance,0.9999999999990037,16343248,False
a22d51628b40e5812e67f71d55673cd14a221f59d81c4be6844a498fb5c5660e,panda,point_loop_control,0,"[2.111739255564618,-0.0911385875078376,1.5586097143652147,-1.4855584930382397,-0.09921390419538538,1.9984962571768896,1.2965345651229856]",False,stationary,False,,16,96,97,18,80,0.009360777357918258,0.999999,True,True,True,0.0011368257324605704,0.007409396535304037,"[""position_tolerance""]",position_tolerance,0.9999999999990037,13194245,False
a22d51628b40e5812e67f71d55673cd14a221f59d81c4be6844a498fb5c5660e,panda,single_gn_k1,2,"[2.111739255564618,-0.09113831082310947,1.5586097143652147,-1.4855583045811647,-0.09921232977800773,1.998495593858402,1.2965308253472816]",False,stationary,False,,15,100,,17,,,,True,True,True,0.001136868353598137,0.007408899306163403,"[""position_tolerance""]",position_tolerance,0.9999999999990037,3804715,False
a7181c0f75cd6931b2b802d28abf86ef7bebfc26248fc62458f9b39c5b23ce06,ur5e,task_excess_gn,2,"[-2.5132653562329033,3.7725833548060983,1.9442411864706568,-6.021203147879744,-0.026904814595938964,3.0057781570594715]",True,task_admissible,True,,5,10,11,7,5,2.28100196624204e-15,0.999999,True,True,True,0.0009999990635189404,0.008726637733752984,[],accepted,0.9999949109855407,1865868,True
a7181c0f75cd6931b2b802d28abf86ef7bebfc26248fc62458f9b39c5b23ce06,ur5e,single_gn_k0,0,"[-2.521562615145225,3.7694324883904358,1.942927873058396,-6.021657633059049,-0.036335732312604715,3.005778477320519]",False,stationary,False,,19,115,,20,,,,True,True,True,0.0010917001533736887,0.004493424135683161,"[""position_tolerance""]",position_tolerance,0.9999999999990026,4330710,False
a7181c0f75cd6931b2b802d28abf86ef7bebfc26248fc62458f9b39c5b23ce06,ur5e,point_loop_control,2,"[-2.521562622333295,3.769432486178088,1.9429278724007126,-6.021657630443312,-0.03633573868490787,3.005778477320519]",False,stationary,False,,23,132,133,24,109,0.004204561427364756,0.999999,True,True,True,0.001091700269646224,0.004493421984396821,"[""position_tolerance""]",position_tolerance,0.9999999999990026,17286475,False
a7181c0f75cd6931b2b802d28abf86ef7bebfc26248fc62458f9b39c5b23ce06,ur5e,single_gn_k0,1,"[-2.521562615145225,3.7694324883904358,1.942927873058396,-6.021657633059049,-0.036335732312604715,3.005778477320519]",False,stationary,False,,19,115,,20,,,,True,True,True,0.0010917001533736887,0.004493424135683161,"[""position_tolerance""]",position_tolerance,0.9999999999990026,4323824,False
a7181c0f75cd6931b2b802d28abf86ef7bebfc26248fc62458f9b39c5b23ce06,ur5e,task_excess_isotropic,2,"[-2.5120582118578647,3.7736695389813475,1.94298068431439,-6.022501358010762,-0.030611560821329535,3.005778477320519]",True,task_admissible,True,,2,7,8,5,5,0.0,0.999999,True,True,True,0.0009470535788125398,0.008670034750926514,[],accepted,0.9999999999990026,1179016,True
a7181c0f75cd6931b2b802d28abf86ef7bebfc26248fc62458f9b39c5b23ce06,ur5e,task_excess_gn,0,"[-2.5132653562329033,3.7725833548060983,1.9442411864706568,-6.021203147879744,-0.026904814595938964,3.0057781570594715]",True,task_admissible,True,,5,10,11,7,5,2.28100196624204e-15,0.999999,True,True,True,0.0009999990635189404,0.008726637733752984,[],accepted,0.9999949109855407,1743000,True
a7181c0f75cd6931b2b802d28abf86ef7bebfc26248fc62458f9b39c5b23ce06,ur5e,point_loop_control,1,"[-2.521562622333295,3.769432486178088,1.9429278724007126,-6.021657630443312,-0.03633573868490787,3.005778477320519]",False,stationary,False,,23,132,133,24,109,0.004204561427364756,0.999999,True,True,True,0.001091700269646224,0.004493421984396821,"[""position_tolerance""]",position_tolerance,0.9999999999990026,17068948,False
a7181c0f75cd6931b2b802d28abf86ef7bebfc26248fc62458f9b39c5b23ce06,ur5e,task_excess_gn,1,"[-2.5132653562329033,3.7725833548060983,1.9442411864706568,-6.021203147879744,-0.026904814595938964,3.0057781570594715]",True,task_admissible,True,,5,10,11,7,5,2.28100196624204e-15,0.999999,True,True,True,0.0009999990635189404,0.008726637733752984,[],accepted,0.9999949109855407,1744108,True
a7181c0f75cd6931b2b802d28abf86ef7bebfc26248fc62458f9b39c5b23ce06,ur5e,task_excess_isotropic,0,"[-2.5120582118578647,3.7736695389813475,1.94298068431439,-6.022501358010762,-0.030611560821329535,3.005778477320519]",True,task_admissible,True,,2,7,8,5,5,0.0,0.999999,True,True,True,0.0009470535788125398,0.008670034750926514,[],accepted,0.9999999999990026,1157779,True
a7181c0f75cd6931b2b802d28abf86ef7bebfc26248fc62458f9b39c5b23ce06,ur5e,single_gn_k1,1,"[-2.521564464907339,3.7694325056821283,1.9429270222534532,-6.021654413170108,-0.03633711360999944,3.005778477320519]",False,no_descent,False,,16,117,,17,,,,True,True,True,0.0010917291575245774,0.004492888493230487,"[""position_tolerance""]",position_tolerance,0.9999999999990026,4329471,False
a7181c0f75cd6931b2b802d28abf86ef7bebfc26248fc62458f9b39c5b23ce06,ur5e,task_excess_lbfgsb,2,"[-2.5141861993074035,3.7866631718645385,1.9394982178701534,-5.968456893283453,-0.02833435557764791,2.9392204435441154]",True,task_admissible,True,,0,14,15,0,0,2.1304934116229214e-13,0.999999,True,True,True,0.000987440557083623,0.008726643229779838,[],accepted,0.06700516475204145,2612605,True
a7181c0f75cd6931b2b802d28abf86ef7bebfc26248fc62458f9b39c5b23ce06,ur5e,task_excess_lbfgsb,0,"[-2.5141861993074035,3.7866631718645385,1.9394982178701534,-5.968456893283453,-0.02833435557764791,2.9392204435441154]",True,task_admissible,True,,0,14,15,0,0,2.1304934116229214e-13,0.999999,True,True,True,0.000987440557083623,0.008726643229779838,[],accepted,0.06700516475204145,2462336,True
a7181c0f75cd6931b2b802d28abf86ef7bebfc26248fc62458f9b39c5b23ce06,ur5e,single_gn_k1,0,"[-2.521564464907339,3.7694325056821283,1.9429270222534532,-6.021654413170108,-0.03633711360999944,3.005778477320519]",False,no_descent,False,,16,117,,17,,,,True,True,True,0.0010917291575245774,0.004492888493230487,"[""position_tolerance""]",position_tolerance,0.9999999999990026,4323937,False
a7181c0f75cd6931b2b802d28abf86ef7bebfc26248fc62458f9b39c5b23ce06,ur5e,point_loop_control,0,"[-2.521562622333295,3.769432486178088,1.9429278724007126,-6.021657630443312,-0.03633573868490787,3.005778477320519]",False,stationary,False,,23,132,133,24,109,0.004204561427364756,0.999999,True,True,True,0.001091700269646224,0.004493421984396821,"[""position_tolerance""]",position_tolerance,0.9999999999990026,17145715,False
a7181c0f75cd6931b2b802d28abf86ef7bebfc26248fc62458f9b39c5b23ce06,ur5e,task_excess_isotropic,1,"[-2.5120582118578647,3.7736695389813475,1.94298068431439,-6.022501358010762,-0.030611560821329535,3.005778477320519]",True,task_admissible,True,,2,7,8,5,5,0.0,0.999999,True,True,True,0.0009470535788125398,0.008670034750926514,[],accepted,0.9999999999990026,1163019,True
a7181c0f75cd6931b2b802d28abf86ef7bebfc26248fc62458f9b39c5b23ce06,ur5e,single_gn_k0,2,"[-2.521562615145225,3.7694324883904358,1.942927873058396,-6.021657633059049,-0.036335732312604715,3.005778477320519]",False,stationary,False,,19,115,,20,,,,True,True,True,0.0010917001533736887,0.004493424135683161,"[""position_tolerance""]",position_tolerance,0.9999999999990026,4331770,False
a7181c0f75cd6931b2b802d28abf86ef7bebfc26248fc62458f9b39c5b23ce06,ur5e,single_gn_k1,2,"[-2.521564464907339,3.7694325056821283,1.9429270222534532,-6.021654413170108,-0.03633711360999944,3.005778477320519]",False,no_descent,False,,16,117,,17,,,,True,True,True,0.0010917291575245774,0.004492888493230487,"[""position_tolerance""]",position_tolerance,0.9999999999990026,4274603,False
a7181c0f75cd6931b2b802d28abf86ef7bebfc26248fc62458f9b39c5b23ce06,ur5e,task_excess_lbfgsb,1,"[-2.5141861993074035,3.7866631718645385,1.9394982178701534,-5.968456893283453,-0.02833435557764791,2.9392204435441154]",True,task_admissible,True,,0,14,15,0,0,2.1304934116229214e-13,0.999999,True,True,True,0.000987440557083623,0.008726643229779838,[],accepted,0.06700516475204145,2572536,True
adfda1919c54d142f754a573fd1aa0b0007fdf9d4871403ca32c2d175c02b7c6,panda,task_excess_lbfgsb,2,"[1.7369974990334673,-0.3134041503338316,1.6029439525012983,-1.4276553947403052,0.33729056410579616,2.0153359109413462,1.101754034560195]",True,task_admissible,True,,0,29,30,0,0,1.0268336817734508e-13,0.999999,True,True,True,0.0009999994531740685,0.008726636586410322,[],accepted,0.9999999999989987,5283848,True
adfda1919c54d142f754a573fd1aa0b0007fdf9d4871403ca32c2d175c02b7c6,panda,single_gn_k0,2,"[1.7369974990334673,-0.3304141986932967,1.5882493791310468,-1.4259764430569706,0.3605701460301779,2.0088002811560215,1.0934789296032699]",False,iteration_limit,False,,30,188,,63,,,,True,True,True,0.0010608553075658284,0.006719892154278762,"[""position_tolerance""]",position_tolerance,0.9999999999989987,7524302,False
adfda1919c54d142f754a573fd1aa0b0007fdf9d4871403ca32c2d175c02b7c6,panda,point_loop_control,2,"[1.7369974990334673,-0.3301640039509713,1.588468298557784,-1.42599237584743,0.3602146921925904,2.0088770399831786,1.0936582515289772]",False,deadline,False,,25,145,146,53,120,0.0018417524279432985,0.999999,True,True,True,0.0010606908845965965,0.006722233854429471,"[""position_tolerance""]",position_tolerance,0.9999999999989987,20107859,False
adfda1919c54d142f754a573fd1aa0b0007fdf9d4871403ca32c2d175c02b7c6,panda,task_excess_gn,1,"[1.7369974990334673,-0.3320146276682857,1.587196849024058,-1.4253684319099027,0.3624216783689058,2.009844207056421,1.0913939888316968]",True,task_admissible,True,,11,25,26,19,14,4.3523192732193774e-13,0.999999,True,True,True,0.0009999998043958497,0.00872664165812448,[],accepted,0.9999999999989987,4342532,True
adfda1919c54d142f754a573fd1aa0b0007fdf9d4871403ca32c2d175c02b7c6,panda,task_excess_isotropic,0,"[1.7370192116780108,-0.3279047803641721,1.5913550208215916,-1.4274616322561533,0.3556491137867593,2.013090780865148,1.0960251869465085]",False,deadline,False,,21,140,141,31,119,2.563262538900329e-08,0.999999,True,True,True,0.0010002013136811928,0.008727524670030556,"[""position_tolerance"",""orientation_tolerance""]",position_tolerance+orientation_tolerance,0.9995020035645164,20191685,False
adfda1919c54d142f754a573fd1aa0b0007fdf9d4871403ca32c2d175c02b7c6,panda,point_loop_control,0,"[1.7369974990334673,-0.3301640039509713,1.588468298557784,-1.42599237584743,0.3602146921925904,2.0088770399831786,1.0936582515289772]",False,deadline,False,,25,146,147,53,121,0.0018417524279432985,0.999999,True,True,True,0.0010606908845965965,0.006722233854429471,"[""position_tolerance""]",position_tolerance,0.9999999999989987,20225709,False
adfda1919c54d142f754a573fd1aa0b0007fdf9d4871403ca32c2d175c02b7c6,panda,point_loop_control,1,"[1.7369974990334673,-0.3301640039509713,1.588468298557784,-1.42599237584743,0.3602146921925904,2.0088770399831786,1.0936582515289772]",False,deadline,False,,25,145,146,53,120,0.0018417524279432985,0.999999,True,True,True,0.0010606908845965965,0.006722233854429471,"[""position_tolerance""]",position_tolerance,0.9999999999989987,20122136,False
adfda1919c54d142f754a573fd1aa0b0007fdf9d4871403ca32c2d175c02b7c6,panda,single_gn_k0,0,"[1.7369974990334673,-0.3304141986932967,1.5882493791310468,-1.4259764430569706,0.3605701460301779,2.0088002811560215,1.0934789296032699]",False,iteration_limit,False,,30,188,,63,,,,True,True,True,0.0010608553075658284,0.006719892154278762,"[""position_tolerance""]",position_tolerance,0.9999999999989987,7487327,False
adfda1919c54d142f754a573fd1aa0b0007fdf9d4871403ca32c2d175c02b7c6,panda,task_excess_lbfgsb,1,"[1.7369974990334673,-0.3134041503338316,1.6029439525012983,-1.4276553947403052,0.33729056410579616,2.0153359109413462,1.101754034560195]",True,task_admissible,True,,0,29,30,0,0,1.0268336817734508e-13,0.999999,True,True,True,0.0009999994531740685,0.008726636586410322,[],accepted,0.9999999999989987,5262300,True
adfda1919c54d142f754a573fd1aa0b0007fdf9d4871403ca32c2d175c02b7c6,panda,task_excess_gn,2,"[1.7369974990334673,-0.3320146276682857,1.587196849024058,-1.4253684319099027,0.3624216783689058,2.009844207056421,1.0913939888316968]",True,task_admissible,True,,11,25,26,19,14,4.3523192732193774e-13,0.999999,True,True,True,0.0009999998043958497,0.00872664165812448,[],accepted,0.9999999999989987,4339871,True
adfda1919c54d142f754a573fd1aa0b0007fdf9d4871403ca32c2d175c02b7c6,panda,task_excess_isotropic,2,"[1.7370192116780108,-0.3279047803641721,1.5913550208215916,-1.4274616322561533,0.3556491137867593,2.013090780865148,1.0960251869465085]",False,deadline,False,,21,140,141,31,119,2.563262538900329e-08,0.999999,True,True,True,0.0010002013136811928,0.008727524670030556,"[""position_tolerance"",""orientation_tolerance""]",position_tolerance+orientation_tolerance,0.9995020035645164,20166950,False
adfda1919c54d142f754a573fd1aa0b0007fdf9d4871403ca32c2d175c02b7c6,panda,task_excess_isotropic,1,"[1.7370192116780108,-0.3279047803641721,1.5913550208215916,-1.4274616322561533,0.3556491137867593,2.013090780865148,1.0960251869465085]",False,deadline,False,,21,140,141,31,119,2.563262538900329e-08,0.999999,True,True,True,0.0010002013136811928,0.008727524670030556,"[""position_tolerance"",""orientation_tolerance""]",position_tolerance+orientation_tolerance,0.9995020035645164,20205151,False
adfda1919c54d142f754a573fd1aa0b0007fdf9d4871403ca32c2d175c02b7c6,panda,single_gn_k1,0,"[1.7369974990334673,-0.33027566507946926,1.58837015913655,-1.4259883719899853,0.3603728004366731,2.008843252673804,1.0935763402162744]",False,iteration_limit,False,,30,186,,61,,,,True,True,True,0.0010609369203293723,0.006718837372984205,"[""position_tolerance""]",position_tolerance,0.9999999999989987,7406707,False
adfda1919c54d142f754a573fd1aa0b0007fdf9d4871403ca32c2d175c02b7c6,panda,single_gn_k0,1,"[1.7369974990334673,-0.3304141986932967,1.5882493791310468,-1.4259764430569706,0.3605701460301779,2.0088002811560215,1.0934789296032699]",False,iteration_limit,False,,30,188,,63,,,,True,True,True,0.0010608553075658284,0.006719892154278762,"[""position_tolerance""]",position_tolerance,0.9999999999989987,7472898,False
adfda1919c54d142f754a573fd1aa0b0007fdf9d4871403ca32c2d175c02b7c6,panda,task_excess_gn,0,"[1.7369974990334673,-0.3320146276682857,1.587196849024058,-1.4253684319099027,0.3624216783689058,2.009844207056421,1.0913939888316968]",True,task_admissible,True,,11,25,26,19,14,4.3523192732193774e-13,0.999999,True,True,True,0.0009999998043958497,0.00872664165812448,[],accepted,0.9999999999989987,4351527,True
adfda1919c54d142f754a573fd1aa0b0007fdf9d4871403ca32c2d175c02b7c6,panda,single_gn_k1,1,"[1.7369974990334673,-0.33027566507946926,1.58837015913655,-1.4259883719899853,0.3603728004366731,2.008843252673804,1.0935763402162744]",False,iteration_limit,False,,30,186,,61,,,,True,True,True,0.0010609369203293723,0.006718837372984205,"[""position_tolerance""]",position_tolerance,0.9999999999989987,7381527,False
adfda1919c54d142f754a573fd1aa0b0007fdf9d4871403ca32c2d175c02b7c6,panda,task_excess_lbfgsb,0,"[1.7369974990334673,-0.3134041503338316,1.6029439525012983,-1.4276553947403052,0.33729056410579616,2.0153359109413462,1.101754034560195]",True,task_admissible,True,,0,29,30,0,0,1.0268336817734508e-13,0.999999,True,True,True,0.0009999994531740685,0.008726636586410322,[],accepted,0.9999999999989987,5267058,True
adfda1919c54d142f754a573fd1aa0b0007fdf9d4871403ca32c2d175c02b7c6,panda,single_gn_k1,2,"[1.7369974990334673,-0.33027566507946926,1.58837015913655,-1.4259883719899853,0.3603728004366731,2.008843252673804,1.0935763402162744]",False,iteration_limit,False,,30,186,,61,,,,True,True,True,0.0010609369203293723,0.006718837372984205,"[""position_tolerance""]",position_tolerance,0.9999999999989987,7462329,False
b3f003e1e7b251770f17697161638612064e313b5d651355be9eeec2f873853d,panda,task_excess_gn,0,"[-2.897299999999,1.3002131590386743,-0.35097699441613966,-0.5880202896750316,1.013848700560385,1.5362126260705753,2.192244216699888]",True,task_admissible,True,,2,4,5,2,2,2.3888448886968705e-17,0.999999,True,True,True,0.0009999990069120834,0.003452122443260558,[],accepted,0.06539351220935723,873576,True
b3f003e1e7b251770f17697161638612064e313b5d651355be9eeec2f873853d,panda,task_excess_isotropic,0,"[-2.897299999999,1.300770979278812,-0.35243868914145454,-0.588732841292127,1.0133863236985656,1.53724056130413,2.192244216699888]",True,task_admissible,True,,1,2,3,1,1,0.0,0.999999,True,True,True,8.950223270215114e-06,0.005420787140325189,[],accepted,0.09891862058813881,455570,True
b3f003e1e7b251770f17697161638612064e313b5d651355be9eeec2f873853d,panda,point_loop_control,0,"[-2.897299999999,1.3026121492530942,-0.35599612826469806,-0.5866141656496007,1.021805986961954,1.5344112669653824,2.190950782154879]",True,task_admissible,True,,1,2,3,1,1,0.0,0.999999,True,True,True,1.0116923086403957e-05,3.3746433353658654e-05,[],accepted,0.180511261029504,449110,True
b3f003e1e7b251770f17697161638612064e313b5d651355be9eeec2f873853d,panda,single_gn_k1,1,"[-2.897299999999,1.3022058043533278,-0.35552110417045474,-0.5872867422049329,1.0213374517214087,1.534767278484207,2.190777147822293]",True,task_candidate,True,,2,4,,1,,,,True,True,True,1.6407805608848925e-05,0.00011046628501990061,[],accepted,0.1696162129964002,304628,True
b3f003e1e7b251770f17697161638612064e313b5d651355be9eeec2f873853d,panda,single_gn_k0,1,"[-2.897299999999,1.3026121492530942,-0.35599612826469806,-0.5866141656496007,1.021805986961954,1.5344112669653824,2.190950782154879]",True,task_candidate,True,,2,4,,1,,,,True,True,True,1.0116923086403957e-05,3.3746433353658654e-05,[],accepted,0.180511261029504,297254,True
b3f003e1e7b251770f17697161638612064e313b5d651355be9eeec2f873853d,panda,single_gn_k1,0,"[-2.897299999999,1.3022058043533278,-0.35552110417045474,-0.5872867422049329,1.0213374517214087,1.534767278484207,2.190777147822293]",True,task_candidate,True,,2,4,,1,,,,True,True,True,1.6407805608848925e-05,0.00011046628501990061,[],accepted,0.1696162129964002,303160,True
b3f003e1e7b251770f17697161638612064e313b5d651355be9eeec2f873853d,panda,single_gn_k1,2,"[-2.897299999999,1.3022058043533278,-0.35552110417045474,-0.5872867422049329,1.0213374517214087,1.534767278484207,2.190777147822293]",True,task_candidate,True,,2,4,,1,,,,True,True,True,1.6407805608848925e-05,0.00011046628501990061,[],accepted,0.1696162129964002,288533,True
b3f003e1e7b251770f17697161638612064e313b5d651355be9eeec2f873853d,panda,task_excess_lbfgsb,2,"[-2.897299999999,1.3006550123394804,-0.34980505657506217,-0.5882223781716542,1.0128050358188097,1.5361730114041858,2.192244216699888]",True,task_admissible,True,,0,8,9,0,0,1.2154194804024512e-19,0.999999,True,True,True,0.0009999990004930354,0.0035918937561856402,[],accepted,0.03851420392776325,1653171,True
b3f003e1e7b251770f17697161638612064e313b5d651355be9eeec2f873853d,panda,point_loop_control,1,"[-2.897299999999,1.3026121492530942,-0.35599612826469806,-0.5866141656496007,1.021805986961954,1.5344112669653824,2.190950782154879]",True,task_admissible,True,,1,2,3,1,1,0.0,0.999999,True,True,True,1.0116923086403957e-05,3.3746433353658654e-05,[],accepted,0.180511261029504,457726,True
b3f003e1e7b251770f17697161638612064e313b5d651355be9eeec2f873853d,panda,point_loop_control,2,"[-2.897299999999,1.3026121492530942,-0.35599612826469806,-0.5866141656496007,1.021805986961954,1.5344112669653824,2.190950782154879]",True,task_admissible,True,,1,2,3,1,1,0.0,0.999999,True,True,True,1.0116923086403957e-05,3.3746433353658654e-05,[],accepted,0.180511261029504,434418,True
b3f003e1e7b251770f17697161638612064e313b5d651355be9eeec2f873853d,panda,task_excess_gn,2,"[-2.897299999999,1.3002131590386743,-0.35097699441613966,-0.5880202896750316,1.013848700560385,1.5362126260705753,2.192244216699888]",True,task_admissible,True,,2,4,5,2,2,2.3888448886968705e-17,0.999999,True,True,True,0.0009999990069120834,0.003452122443260558,[],accepted,0.06539351220935723,794250,True
b3f003e1e7b251770f17697161638612064e313b5d651355be9eeec2f873853d,panda,task_excess_lbfgsb,1,"[-2.897299999999,1.3006550123394804,-0.34980505657506217,-0.5882223781716542,1.0128050358188097,1.5361730114041858,2.192244216699888]",True,task_admissible,True,,0,8,9,0,0,1.2154194804024512e-19,0.999999,True,True,True,0.0009999990004930354,0.0035918937561856402,[],accepted,0.03851420392776325,1586168,True
b3f003e1e7b251770f17697161638612064e313b5d651355be9eeec2f873853d,panda,single_gn_k0,2,"[-2.897299999999,1.3026121492530942,-0.35599612826469806,-0.5866141656496007,1.021805986961954,1.5344112669653824,2.190950782154879]",True,task_candidate,True,,2,4,,1,,,,True,True,True,1.0116923086403957e-05,3.3746433353658654e-05,[],accepted,0.180511261029504,313395,True
b3f003e1e7b251770f17697161638612064e313b5d651355be9eeec2f873853d,panda,task_excess_gn,1,"[-2.897299999999,1.3002131590386743,-0.35097699441613966,-0.5880202896750316,1.013848700560385,1.5362126260705753,2.192244216699888]",True,task_admissible,True,,2,4,5,2,2,2.3888448886968705e-17,0.999999,True,True,True,0.0009999990069120834,0.003452122443260558,[],accepted,0.06539351220935723,788527,True
b3f003e1e7b251770f17697161638612064e313b5d651355be9eeec2f873853d,panda,task_excess_isotropic,1,"[-2.897299999999,1.300770979278812,-0.35243868914145454,-0.588732841292127,1.0133863236985656,1.53724056130413,2.192244216699888]",True,task_admissible,True,,1,2,3,1,1,0.0,0.999999,True,True,True,8.950223270215114e-06,0.005420787140325189,[],accepted,0.09891862058813881,455793,True
b3f003e1e7b251770f17697161638612064e313b5d651355be9eeec2f873853d,panda,task_excess_isotropic,2,"[-2.897299999999,1.300770979278812,-0.35243868914145454,-0.588732841292127,1.0133863236985656,1.53724056130413,2.192244216699888]",True,task_admissible,True,,1,2,3,1,1,0.0,0.999999,True,True,True,8.950223270215114e-06,0.005420787140325189,[],accepted,0.09891862058813881,449032,True
b3f003e1e7b251770f17697161638612064e313b5d651355be9eeec2f873853d,panda,single_gn_k0,0,"[-2.897299999999,1.3026121492530942,-0.35599612826469806,-0.5866141656496007,1.021805986961954,1.5344112669653824,2.190950782154879]",True,task_candidate,True,,2,4,,1,,,,True,True,True,1.0116923086403957e-05,3.3746433353658654e-05,[],accepted,0.180511261029504,292584,True
b3f003e1e7b251770f17697161638612064e313b5d651355be9eeec2f873853d,panda,task_excess_lbfgsb,0,"[-2.897299999999,1.3006550123394804,-0.34980505657506217,-0.5882223781716542,1.0128050358188097,1.5361730114041858,2.192244216699888]",True,task_admissible,True,,0,8,9,0,0,1.2154194804024512e-19,0.999999,True,True,True,0.0009999990004930354,0.0035918937561856402,[],accepted,0.03851420392776325,1585137,True
b80af2c9ad9ddbc0f44ff656687f91201f6f75726644d8c801f23dfc4b44479b,panda,single_gn_k1,1,"[0.07935693501954677,0.03121222370020803,-1.8162044658768557,-1.057184900995495,-0.17726414252918565,3.404454918015435,0.3645034141426552]",False,no_descent,False,,22,139,,26,,,,True,True,True,0.0011648613163571422,0.010115652908796118,"[""position_tolerance"",""orientation_tolerance""]",position_tolerance+orientation_tolerance,0.9999999999990005,5320324,False
b80af2c9ad9ddbc0f44ff656687f91201f6f75726644d8c801f23dfc4b44479b,panda,task_excess_gn,1,"[0.07935693501954677,0.031196710817445353,-1.8161827677463047,-1.0571740639031855,-0.1772908174894511,3.404428157822216,0.3645034141426552]",False,stationary,False,,20,107,108,24,87,0.02625172418947092,0.999999,True,True,True,0.0011625218286237015,0.010136194292259764,"[""position_tolerance"",""orientation_tolerance""]",position_tolerance+orientation_tolerance,0.9999999999990005,16540183,False
b80af2c9ad9ddbc0f44ff656687f91201f6f75726644d8c801f23dfc4b44479b,panda,task_excess_isotropic,2,"[0.07935693501954677,0.031197396481608755,-1.8161836915081062,-1.0571743534765856,-0.17728978564743023,3.4044283123577666,0.3645034141426552]",False,iteration_limit,False,,30,117,118,42,87,0.026251724924686408,0.999999,True,True,True,0.0011625457999469779,0.010135983817002312,"[""position_tolerance"",""orientation_tolerance""]",position_tolerance+orientation_tolerance,0.9999999999990005,17471678,False
b80af2c9ad9ddbc0f44ff656687f91201f6f75726644d8c801f23dfc4b44479b,panda,point_loop_control,0,"[0.07935693501954677,0.031218889155982466,-1.816213840855215,-1.0571892912195655,-0.17725434382471367,3.4044629544504157,0.3645034141426552]",False,stationary,False,,21,127,128,25,106,0.02626099529899807,0.999999,True,True,True,0.0011655543686164105,0.01010956760342073,"[""position_tolerance"",""orientation_tolerance""]",position_tolerance+orientation_tolerance,0.9999999999990005,17362950,False
b80af2c9ad9ddbc0f44ff656687f91201f6f75726644d8c801f23dfc4b44479b,panda,task_excess_gn,0,"[0.07935693501954677,0.031196710817445353,-1.8161827677463047,-1.0571740639031855,-0.1772908174894511,3.404428157822216,0.3645034141426552]",False,stationary,False,,20,107,108,24,87,0.02625172418947092,0.999999,True,True,True,0.0011625218286237015,0.010136194292259764,"[""position_tolerance"",""orientation_tolerance""]",position_tolerance+orientation_tolerance,0.9999999999990005,16541915,False
b80af2c9ad9ddbc0f44ff656687f91201f6f75726644d8c801f23dfc4b44479b,panda,task_excess_lbfgsb,1,"[0.09807087865219968,0.03173816209426831,-1.835313165749506,-1.058128147405415,-0.17626477495347126,3.4039559880273274,0.3645034141426552]",False,optimizer_stop,False,"{""code"":1,""success"":false,""message"":""STOP: TOTAL NO. OF ITERATIONS REACHED LIMIT""}",30,34,35,0,0,0.04896230376483121,0.999999,True,True,True,0.0012216664299027553,0.010654182787130186,"[""position_tolerance"",""orientation_tolerance""]",position_tolerance+orientation_tolerance,0.9999999999990005,6074066,False
b80af2c9ad9ddbc0f44ff656687f91201f6f75726644d8c801f23dfc4b44479b,panda,task_excess_lbfgsb,0,"[0.09807087865219968,0.03173816209426831,-1.835313165749506,-1.058128147405415,-0.17626477495347126,3.4039559880273274,0.3645034141426552]",False,optimizer_stop,False,"{""code"":1,""success"":false,""message"":""STOP: TOTAL NO. OF ITERATIONS REACHED LIMIT""}",30,34,35,0,0,0.04896230376483121,0.999999,True,True,True,0.0012216664299027553,0.010654182787130186,"[""position_tolerance"",""orientation_tolerance""]",position_tolerance+orientation_tolerance,0.9999999999990005,6033803,False
b80af2c9ad9ddbc0f44ff656687f91201f6f75726644d8c801f23dfc4b44479b,panda,task_excess_isotropic,1,"[0.07935693501954677,0.031197396481608755,-1.8161836915081062,-1.0571743534765856,-0.17728978564743023,3.4044283123577666,0.3645034141426552]",False,iteration_limit,False,,30,117,118,42,87,0.026251724924686408,0.999999,True,True,True,0.0011625457999469779,0.010135983817002312,"[""position_tolerance"",""orientation_tolerance""]",position_tolerance+orientation_tolerance,0.9999999999990005,17531367,False
b80af2c9ad9ddbc0f44ff656687f91201f6f75726644d8c801f23dfc4b44479b,panda,single_gn_k1,2,"[0.07935693501954677,0.03121222370020803,-1.8162044658768557,-1.057184900995495,-0.17726414252918565,3.404454918015435,0.3645034141426552]",False,no_descent,False,,22,139,,26,,,,True,True,True,0.0011648613163571422,0.010115652908796118,"[""position_tolerance"",""orientation_tolerance""]",position_tolerance+orientation_tolerance,0.9999999999990005,5246716,False
b80af2c9ad9ddbc0f44ff656687f91201f6f75726644d8c801f23dfc4b44479b,panda,single_gn_k0,0,"[0.07935693501954677,0.03121889741474993,-1.8162138515637976,-1.0571892945585217,-0.17725433055465312,3.4044629551578485,0.3645034141426552]",False,stationary,False,,15,100,,19,,,,True,True,True,0.0011655545590719169,0.010109565931223632,"[""position_tolerance"",""orientation_tolerance""]",position_tolerance+orientation_tolerance,0.9999999999990005,3778109,False
b80af2c9ad9ddbc0f44ff656687f91201f6f75726644d8c801f23dfc4b44479b,panda,task_excess_isotropic,0,"[0.07935693501954677,0.031197396481608755,-1.8161836915081062,-1.0571743534765856,-0.17728978564743023,3.4044283123577666,0.3645034141426552]",False,iteration_limit,False,,30,117,118,42,87,0.026251724924686408,0.999999,True,True,True,0.0011625457999469779,0.010135983817002312,"[""position_tolerance"",""orientation_tolerance""]",position_tolerance+orientation_tolerance,0.9999999999990005,17514201,False
b80af2c9ad9ddbc0f44ff656687f91201f6f75726644d8c801f23dfc4b44479b,panda,point_loop_control,1,"[0.07935693501954677,0.031218889155982466,-1.816213840855215,-1.0571892912195655,-0.17725434382471367,3.4044629544504157,0.3645034141426552]",False,stationary,False,,21,127,128,25,106,0.02626099529899807,0.999999,True,True,True,0.0011655543686164105,0.01010956760342073,"[""position_tolerance"",""orientation_tolerance""]",position_tolerance+orientation_tolerance,0.9999999999990005,17274477,False
b80af2c9ad9ddbc0f44ff656687f91201f6f75726644d8c801f23dfc4b44479b,panda,task_excess_gn,2,"[0.07935693501954677,0.031196710817445353,-1.8161827677463047,-1.0571740639031855,-0.1772908174894511,3.404428157822216,0.3645034141426552]",False,stationary,False,,20,107,108,24,87,0.02625172418947092,0.999999,True,True,True,0.0011625218286237015,0.010136194292259764,"[""position_tolerance"",""orientation_tolerance""]",position_tolerance+orientation_tolerance,0.9999999999990005,16533083,False
b80af2c9ad9ddbc0f44ff656687f91201f6f75726644d8c801f23dfc4b44479b,panda,task_excess_lbfgsb,2,"[0.09807087865219968,0.03173816209426831,-1.835313165749506,-1.058128147405415,-0.17626477495347126,3.4039559880273274,0.3645034141426552]",False,optimizer_stop,False,"{""code"":1,""success"":false,""message"":""STOP: TOTAL NO. OF ITERATIONS REACHED LIMIT""}",30,34,35,0,0,0.04896230376483121,0.999999,True,True,True,0.0012216664299027553,0.010654182787130186,"[""position_tolerance"",""orientation_tolerance""]",position_tolerance+orientation_tolerance,0.9999999999990005,6125495,False
b80af2c9ad9ddbc0f44ff656687f91201f6f75726644d8c801f23dfc4b44479b,panda,point_loop_control,2,"[0.07935693501954677,0.031218889155982466,-1.816213840855215,-1.0571892912195655,-0.17725434382471367,3.4044629544504157,0.3645034141426552]",False,stationary,False,,21,127,128,25,106,0.02626099529899807,0.999999,True,True,True,0.0011655543686164105,0.01010956760342073,"[""position_tolerance"",""orientation_tolerance""]",position_tolerance+orientation_tolerance,0.9999999999990005,17399843,False
b80af2c9ad9ddbc0f44ff656687f91201f6f75726644d8c801f23dfc4b44479b,panda,single_gn_k1,0,"[0.07935693501954677,0.03121222370020803,-1.8162044658768557,-1.057184900995495,-0.17726414252918565,3.404454918015435,0.3645034141426552]",False,no_descent,False,,22,139,,26,,,,True,True,True,0.0011648613163571422,0.010115652908796118,"[""position_tolerance"",""orientation_tolerance""]",position_tolerance+orientation_tolerance,0.9999999999990005,5323767,False
b80af2c9ad9ddbc0f44ff656687f91201f6f75726644d8c801f23dfc4b44479b,panda,single_gn_k0,2,"[0.07935693501954677,0.03121889741474993,-1.8162138515637976,-1.0571892945585217,-0.17725433055465312,3.4044629551578485,0.3645034141426552]",False,stationary,False,,15,100,,19,,,,True,True,True,0.0011655545590719169,0.010109565931223632,"[""position_tolerance"",""orientation_tolerance""]",position_tolerance+orientation_tolerance,0.9999999999990005,3862105,False
b80af2c9ad9ddbc0f44ff656687f91201f6f75726644d8c801f23dfc4b44479b,panda,single_gn_k0,1,"[0.07935693501954677,0.03121889741474993,-1.8162138515637976,-1.0571892945585217,-0.17725433055465312,3.4044629551578485,0.3645034141426552]",False,stationary,False,,15,100,,19,,,,True,True,True,0.0011655545590719169,0.010109565931223632,"[""position_tolerance"",""orientation_tolerance""]",position_tolerance+orientation_tolerance,0.9999999999990005,3853765,False
cb2737c167ae847af11bc75ead3a073930efac6f76a44fad3cdd855be5fd803a,panda,point_loop_control,0,"[0.07935690460874967,0.031218891320401843,-1.816213816499105,-1.0571892901659532,-0.17725435038657114,3.404462954642617,0.3645034263511736]",False,stationary,False,,17,97,98,21,80,0.026260978360311108,0.999999,True,True,True,0.0011655543404044697,0.010109566927851072,"[""position_tolerance"",""orientation_tolerance""]",position_tolerance+orientation_tolerance,0.9999999999990005,13440650,False
cb2737c167ae847af11bc75ead3a073930efac6f76a44fad3cdd855be5fd803a,panda,task_excess_isotropic,1,"[0.07935690460874967,0.03119739835213216,-1.8161836667575175,-1.0571743522684882,-0.177289792686554,3.4044283123342294,0.3645034263511736]",False,iteration_limit,False,,30,117,118,42,87,0.02625170785290764,0.999999,True,True,True,0.0011625457504656207,0.010135983329131957,"[""position_tolerance"",""orientation_tolerance""]",position_tolerance+orientation_tolerance,0.9999999999990005,17298288,False
cb2737c167ae847af11bc75ead3a073930efac6f76a44fad3cdd855be5fd803a,panda,task_excess_lbfgsb,1,"[0.09807090551510973,0.03173811683279572,-1.8353131226531816,-1.0581281300710943,-0.17626483018554165,3.4039559861524156,0.3645034263511736]",False,optimizer_stop,False,"{""code"":1,""success"":false,""message"":""STOP: TOTAL NO. OF ITERATIONS REACHED LIMIT""}",30,34,35,0,0,0.04896230455326302,0.999999,True,True,True,0.0012216652367739345,0.010654193267335282,"[""position_tolerance"",""orientation_tolerance""]",position_tolerance+orientation_tolerance,0.9999999999990005,6160221,False
cb2737c167ae847af11bc75ead3a073930efac6f76a44fad3cdd855be5fd803a,panda,task_excess_isotropic,0,"[0.07935690460874967,0.03119739835213216,-1.8161836667575175,-1.0571743522684882,-0.177289792686554,3.4044283123342294,0.3645034263511736]",False,iteration_limit,False,,30,117,118,42,87,0.02625170785290764,0.999999,True,True,True,0.0011625457504656207,0.010135983329131957,"[""position_tolerance"",""orientation_tolerance""]",position_tolerance+orientation_tolerance,0.9999999999990005,17537185,False
cb2737c167ae847af11bc75ead3a073930efac6f76a44fad3cdd855be5fd803a,panda,single_gn_k1,1,"[0.07935690460874967,0.031212225704258835,-1.8162044413124854,-1.0571848998769158,-0.17726414934818305,3.404454918192594,0.3645034263511736]",False,no_descent,False,,22,139,,26,,,,True,True,True,0.0011648612843855486,0.010115652266452002,"[""position_tolerance"",""orientation_tolerance""]",position_tolerance+orientation_tolerance,0.9999999999990005,5290098,False
cb2737c167ae847af11bc75ead3a073930efac6f76a44fad3cdd855be5fd803a,panda,task_excess_gn,1,"[0.07935690460874967,0.03119671140140586,-1.8161827413491143,-1.0571740622406622,-0.17729082659258044,3.4044281580191953,0.3645034263511736]",False,stationary,False,,17,96,97,21,79,0.02625170711765496,0.999999,True,True,True,0.0011625217744389309,0.010136193845695179,"[""position_tolerance"",""orientation_tolerance""]",position_tolerance+orientation_tolerance,0.9999999999990005,14942520,False
cb2737c167ae847af11bc75ead3a073930efac6f76a44fad3cdd855be5fd803a,panda,task_excess_gn,0,"[0.07935690460874967,0.03119671140140586,-1.8161827413491143,-1.0571740622406622,-0.17729082659258044,3.4044281580191953,0.3645034263511736]",False,stationary,False,,17,96,97,21,79,0.02625170711765496,0.999999,True,True,True,0.0011625217744389309,0.010136193845695179,"[""position_tolerance"",""orientation_tolerance""]",position_tolerance+orientation_tolerance,0.9999999999990005,14818918,False
cb2737c167ae847af11bc75ead3a073930efac6f76a44fad3cdd855be5fd803a,panda,single_gn_k1,0,"[0.07935690460874967,0.031212225704258835,-1.8162044413124854,-1.0571848998769158,-0.17726414934818305,3.404454918192594,0.3645034263511736]",False,no_descent,False,,22,139,,26,,,,True,True,True,0.0011648612843855486,0.010115652266452002,"[""position_tolerance"",""orientation_tolerance""]",position_tolerance+orientation_tolerance,0.9999999999990005,5307482,False
cb2737c167ae847af11bc75ead3a073930efac6f76a44fad3cdd855be5fd803a,panda,point_loop_control,2,"[0.07935690460874967,0.031218891320401843,-1.816213816499105,-1.0571892901659532,-0.17725435038657114,3.404462954642617,0.3645034263511736]",False,stationary,False,,17,97,98,21,80,0.026260978360311108,0.999999,True,True,True,0.0011655543404044697,0.010109566927851072,"[""position_tolerance"",""orientation_tolerance""]",position_tolerance+orientation_tolerance,0.9999999999990005,13433527,False
cb2737c167ae847af11bc75ead3a073930efac6f76a44fad3cdd855be5fd803a,panda,single_gn_k0,1,"[0.07935690460874967,0.031218899409917577,-1.8162138269882329,-1.0571892934360325,-0.1772543373885251,3.404462955333997,0.3645034263511736]",False,stationary,False,,15,100,,19,,,,True,True,True,0.0011655545268572157,0.010109565290797864,"[""position_tolerance"",""orientation_tolerance""]",position_tolerance+orientation_tolerance,0.9999999999990005,3913716,False
cb2737c167ae847af11bc75ead3a073930efac6f76a44fad3cdd855be5fd803a,panda,task_excess_lbfgsb,2,"[0.09807090551510973,0.03173811683279572,-1.8353131226531816,-1.0581281300710943,-0.17626483018554165,3.4039559861524156,0.3645034263511736]",False,optimizer_stop,False,"{""code"":1,""success"":false,""message"":""STOP: TOTAL NO. OF ITERATIONS REACHED LIMIT""}",30,34,35,0,0,0.04896230455326302,0.999999,True,True,True,0.0012216652367739345,0.010654193267335282,"[""position_tolerance"",""orientation_tolerance""]",position_tolerance+orientation_tolerance,0.9999999999990005,6145841,False
cb2737c167ae847af11bc75ead3a073930efac6f76a44fad3cdd855be5fd803a,panda,task_excess_isotropic,2,"[0.07935690460874967,0.03119739835213216,-1.8161836667575175,-1.0571743522684882,-0.177289792686554,3.4044283123342294,0.3645034263511736]",False,iteration_limit,False,,30,117,118,42,87,0.02625170785290764,0.999999,True,True,True,0.0011625457504656207,0.010135983329131957,"[""position_tolerance"",""orientation_tolerance""]",position_tolerance+orientation_tolerance,0.9999999999990005,17739653,False
cb2737c167ae847af11bc75ead3a073930efac6f76a44fad3cdd855be5fd803a,panda,task_excess_lbfgsb,0,"[0.09807090551510973,0.03173811683279572,-1.8353131226531816,-1.0581281300710943,-0.17626483018554165,3.4039559861524156,0.3645034263511736]",False,optimizer_stop,False,"{""code"":1,""success"":false,""message"":""STOP: TOTAL NO. OF ITERATIONS REACHED LIMIT""}",30,34,35,0,0,0.04896230455326302,0.999999,True,True,True,0.0012216652367739345,0.010654193267335282,"[""position_tolerance"",""orientation_tolerance""]",position_tolerance+orientation_tolerance,0.9999999999990005,6118616,False
cb2737c167ae847af11bc75ead3a073930efac6f76a44fad3cdd855be5fd803a,panda,single_gn_k1,2,"[0.07935690460874967,0.031212225704258835,-1.8162044413124854,-1.0571848998769158,-0.17726414934818305,3.404454918192594,0.3645034263511736]",False,no_descent,False,,22,139,,26,,,,True,True,True,0.0011648612843855486,0.010115652266452002,"[""position_tolerance"",""orientation_tolerance""]",position_tolerance+orientation_tolerance,0.9999999999990005,5321674,False
cb2737c167ae847af11bc75ead3a073930efac6f76a44fad3cdd855be5fd803a,panda,single_gn_k0,0,"[0.07935690460874967,0.031218899409917577,-1.8162138269882329,-1.0571892934360325,-0.1772543373885251,3.404462955333997,0.3645034263511736]",False,stationary,False,,15,100,,19,,,,True,True,True,0.0011655545268572157,0.010109565290797864,"[""position_tolerance"",""orientation_tolerance""]",position_tolerance+orientation_tolerance,0.9999999999990005,3855600,False
cb2737c167ae847af11bc75ead3a073930efac6f76a44fad3cdd855be5fd803a,panda,single_gn_k0,2,"[0.07935690460874967,0.031218899409917577,-1.8162138269882329,-1.0571892934360325,-0.1772543373885251,3.404462955333997,0.3645034263511736]",False,stationary,False,,15,100,,19,,,,True,True,True,0.0011655545268572157,0.010109565290797864,"[""position_tolerance"",""orientation_tolerance""]",position_tolerance+orientation_tolerance,0.9999999999990005,3819159,False
cb2737c167ae847af11bc75ead3a073930efac6f76a44fad3cdd855be5fd803a,panda,point_loop_control,1,"[0.07935690460874967,0.031218891320401843,-1.816213816499105,-1.0571892901659532,-0.17725435038657114,3.404462954642617,0.3645034263511736]",False,stationary,False,,17,97,98,21,80,0.026260978360311108,0.999999,True,True,True,0.0011655543404044697,0.010109566927851072,"[""position_tolerance"",""orientation_tolerance""]",position_tolerance+orientation_tolerance,0.9999999999990005,13553794,False
cb2737c167ae847af11bc75ead3a073930efac6f76a44fad3cdd855be5fd803a,panda,task_excess_gn,2,"[0.07935690460874967,0.03119671140140586,-1.8161827413491143,-1.0571740622406622,-0.17729082659258044,3.4044281580191953,0.3645034263511736]",False,stationary,False,,17,96,97,21,79,0.02625170711765496,0.999999,True,True,True,0.0011625217744389309,0.010136193845695179,"[""position_tolerance"",""orientation_tolerance""]",position_tolerance+orientation_tolerance,0.9999999999990005,14927136,False
dd982443daf4495a5561d3ecec67f47c2c8cfb9c14a38468bb1ec530224e9ffd,panda,task_excess_gn,2,"[-2.3286285541161935,0.0863910195270648,1.0656874339912117,-0.5421461411695969,2.897299999999,2.391520699153958,1.6211265964404764]",True,task_admissible,True,,7,17,18,10,10,3.46723214055987e-19,0.999999,True,True,True,0.0009999990008213635,0.008726637534550543,[],accepted,0.9999999999990037,3049593,True
dd982443daf4495a5561d3ecec67f47c2c8cfb9c14a38468bb1ec530224e9ffd,panda,task_excess_isotropic,2,"[-2.3236736825057034,0.088085802819081,1.062614955396536,-0.5401964176486658,2.897147729483366,2.391377436673455,1.615527292457846]",True,task_admissible,True,,3,10,11,11,7,0.0,0.999999,True,True,True,0.0009521880918924113,0.008210573289758325,[],accepted,0.928333500695107,1769308,True
dd982443daf4495a5561d3ecec67f47c2c8cfb9c14a38468bb1ec530224e9ffd,panda,point_loop_control,2,"[-2.3237433694848755,0.08945386050486835,1.0657396147661857,-0.5411155520146468,2.897299999999,2.3847131917548112,1.616264143698316]",False,stationary,False,,20,115,116,21,95,0.0012183830606945774,0.999999,True,True,True,0.0010493626113082214,0.0017674935268882815,"[""position_tolerance""]",position_tolerance,0.9999999999989987,15820695,False
dd982443daf4495a5561d3ecec67f47c2c8cfb9c14a38468bb1ec530224e9ffd,panda,task_excess_lbfgsb,2,"[-2.2883953668440125,0.08753041964219431,1.0217852525674682,-0.5363742747821705,2.897299999999,2.3922114346112986,1.6267190635069282]",False,optimizer_stop,False,"{""code"":1,""success"":false,""message"":""STOP: TOTAL NO. OF ITERATIONS REACHED LIMIT""}",30,37,38,0,0,1.638561183109668e-05,0.999999,True,True,True,0.0010056741569997073,0.008733190173768219,"[""position_tolerance"",""orientation_tolerance""]",position_tolerance+orientation_tolerance,0.17463836583493697,6588943,False
dd982443daf4495a5561d3ecec67f47c2c8cfb9c14a38468bb1ec530224e9ffd,panda,single_gn_k1,1,"[-2.323734160948896,0.08945778842047394,1.0657396147661857,-0.5411136779454807,2.897299999999,2.3847069747468743,1.6162520941205303]",False,no_descent,False,,14,106,,15,,,,True,True,True,0.0010495305921099797,0.0017599075692471325,"[""position_tolerance""]",position_tolerance,0.9999999999989987,4025185,False
dd982443daf4495a5561d3ecec67f47c2c8cfb9c14a38468bb1ec530224e9ffd,panda,single_gn_k1,0,"[-2.323734160948896,0.08945778842047394,1.0657396147661857,-0.5411136779454807,2.897299999999,2.3847069747468743,1.6162520941205303]",False,no_descent,False,,14,106,,15,,,,True,True,True,0.0010495305921099797,0.0017599075692471325,"[""position_tolerance""]",position_tolerance,0.9999999999989987,3998824,False
dd982443daf4495a5561d3ecec67f47c2c8cfb9c14a38468bb1ec530224e9ffd,panda,point_loop_control,0,"[-2.3237433694848755,0.08945386050486835,1.0657396147661857,-0.5411155520146468,2.897299999999,2.3847131917548112,1.616264143698316]",False,stationary,False,,20,115,116,21,95,0.0012183830606945774,0.999999,True,True,True,0.0010493626113082214,0.0017674935268882815,"[""position_tolerance""]",position_tolerance,0.9999999999989987,15979086,False
dd982443daf4495a5561d3ecec67f47c2c8cfb9c14a38468bb1ec530224e9ffd,panda,task_excess_gn,1,"[-2.3286285541161935,0.0863910195270648,1.0656874339912117,-0.5421461411695969,2.897299999999,2.391520699153958,1.6211265964404764]",True,task_admissible,True,,7,17,18,10,10,3.46723214055987e-19,0.999999,True,True,True,0.0009999990008213635,0.008726637534550543,[],accepted,0.9999999999990037,2946203,True
dd982443daf4495a5561d3ecec67f47c2c8cfb9c14a38468bb1ec530224e9ffd,panda,single_gn_k0,0,"[-2.323743368275129,0.08945386094300975,1.0657396147661857,-0.5411155509935323,2.897299999999,2.384713193526539,1.6162641427798106]",False,stationary,False,,15,100,,16,,,,True,True,True,0.0010493625994684316,0.0017674940622091526,"[""position_tolerance""]",position_tolerance,0.9999999999989987,3806204,False
dd982443daf4495a5561d3ecec67f47c2c8cfb9c14a38468bb1ec530224e9ffd,panda,point_loop_control,1,"[-2.3237433694848755,0.08945386050486835,1.0657396147661857,-0.5411155520146468,2.897299999999,2.3847131917548112,1.616264143698316]",False,stationary,False,,20,115,116,21,95,0.0012183830606945774,0.999999,True,True,True,0.0010493626113082214,0.0017674935268882815,"[""position_tolerance""]",position_tolerance,0.9999999999989987,15854823,False
dd982443daf4495a5561d3ecec67f47c2c8cfb9c14a38468bb1ec530224e9ffd,panda,task_excess_lbfgsb,1,"[-2.2883953668440125,0.08753041964219431,1.0217852525674682,-0.5363742747821705,2.897299999999,2.3922114346112986,1.6267190635069282]",False,optimizer_stop,False,"{""code"":1,""success"":false,""message"":""STOP: TOTAL NO. OF ITERATIONS REACHED LIMIT""}",30,37,38,0,0,1.638561183109668e-05,0.999999,True,True,True,0.0010056741569997073,0.008733190173768219,"[""position_tolerance"",""orientation_tolerance""]",position_tolerance+orientation_tolerance,0.17463836583493697,6545057,False
dd982443daf4495a5561d3ecec67f47c2c8cfb9c14a38468bb1ec530224e9ffd,panda,single_gn_k0,1,"[-2.323743368275129,0.08945386094300975,1.0657396147661857,-0.5411155509935323,2.897299999999,2.384713193526539,1.6162641427798106]",False,stationary,False,,15,100,,16,,,,True,True,True,0.0010493625994684316,0.0017674940622091526,"[""position_tolerance""]",position_tolerance,0.9999999999989987,3936895,False
dd982443daf4495a5561d3ecec67f47c2c8cfb9c14a38468bb1ec530224e9ffd,panda,single_gn_k1,2,"[-2.323734160948896,0.08945778842047394,1.0657396147661857,-0.5411136779454807,2.897299999999,2.3847069747468743,1.6162520941205303]",False,no_descent,False,,14,106,,15,,,,True,True,True,0.0010495305921099797,0.0017599075692471325,"[""position_tolerance""]",position_tolerance,0.9999999999989987,4047642,False
dd982443daf4495a5561d3ecec67f47c2c8cfb9c14a38468bb1ec530224e9ffd,panda,task_excess_gn,0,"[-2.3286285541161935,0.0863910195270648,1.0656874339912117,-0.5421461411695969,2.897299999999,2.391520699153958,1.6211265964404764]",True,task_admissible,True,,7,17,18,10,10,3.46723214055987e-19,0.999999,True,True,True,0.0009999990008213635,0.008726637534550543,[],accepted,0.9999999999990037,2973797,True
dd982443daf4495a5561d3ecec67f47c2c8cfb9c14a38468bb1ec530224e9ffd,panda,task_excess_isotropic,0,"[-2.3236736825057034,0.088085802819081,1.062614955396536,-0.5401964176486658,2.897147729483366,2.391377436673455,1.615527292457846]",True,task_admissible,True,,3,10,11,11,7,0.0,0.999999,True,True,True,0.0009521880918924113,0.008210573289758325,[],accepted,0.928333500695107,1768726,True
dd982443daf4495a5561d3ecec67f47c2c8cfb9c14a38468bb1ec530224e9ffd,panda,task_excess_isotropic,1,"[-2.3236736825057034,0.088085802819081,1.062614955396536,-0.5401964176486658,2.897147729483366,2.391377436673455,1.615527292457846]",True,task_admissible,True,,3,10,11,11,7,0.0,0.999999,True,True,True,0.0009521880918924113,0.008210573289758325,[],accepted,0.928333500695107,1759649,True
dd982443daf4495a5561d3ecec67f47c2c8cfb9c14a38468bb1ec530224e9ffd,panda,single_gn_k0,2,"[-2.323743368275129,0.08945386094300975,1.0657396147661857,-0.5411155509935323,2.897299999999,2.384713193526539,1.6162641427798106]",False,stationary,False,,15,100,,16,,,,True,True,True,0.0010493625994684316,0.0017674940622091526,"[""position_tolerance""]",position_tolerance,0.9999999999989987,3866949,False
dd982443daf4495a5561d3ecec67f47c2c8cfb9c14a38468bb1ec530224e9ffd,panda,task_excess_lbfgsb,0,"[-2.2883953668440125,0.08753041964219431,1.0217852525674682,-0.5363742747821705,2.897299999999,2.3922114346112986,1.6267190635069282]",False,optimizer_stop,False,"{""code"":1,""success"":false,""message"":""STOP: TOTAL NO. OF ITERATIONS REACHED LIMIT""}",30,37,38,0,0,1.638561183109668e-05,0.999999,True,True,True,0.0010056741569997073,0.008733190173768219,"[""position_tolerance"",""orientation_tolerance""]",position_tolerance+orientation_tolerance,0.17463836583493697,6579460,False
e151f586479c16aa2176b3b307283c59ff0a56b30e9f612130cfe3184a9a803a,ur5e,single_gn_k0,0,"[-2.0817598233027077,1.436751546599616,0.0951926905438764,1.2052603947470912,0.6600616838299,2.2757176342127594]",False,stationary,False,,15,100,,16,,,,True,True,True,0.0015160493745807332,0.007050907248163031,"[""position_tolerance""]",position_tolerance,0.9999999999990026,3844650,False
e151f586479c16aa2176b3b307283c59ff0a56b30e9f612130cfe3184a9a803a,ur5e,task_excess_isotropic,2,"[-2.08175984412901,1.4390038248820902,0.09110514064613678,1.207095656415725,0.6568921293400176,2.275717634043238]",False,iteration_limit,False,,30,108,109,59,78,0.06677627162537732,0.999999,True,True,True,0.0013228756349535303,0.010220480884579265,"[""position_tolerance"",""orientation_tolerance""]",position_tolerance+orientation_tolerance,0.9999996690648024,16086093,False
e151f586479c16aa2176b3b307283c59ff0a56b30e9f612130cfe3184a9a803a,ur5e,single_gn_k1,0,"[-2.0817598233027077,1.4367330305913488,0.09523031726070677,1.2052365545798172,0.6600618824557258,2.2757202643774503]",False,stationary,False,,14,84,,15,,,,True,True,True,0.001516061535613415,0.007050709310344295,"[""position_tolerance""]",position_tolerance,0.9999999999990026,3243384,False
e151f586479c16aa2176b3b307283c59ff0a56b30e9f612130cfe3184a9a803a,ur5e,single_gn_k0,1,"[-2.0817598233027077,1.436751546599616,0.0951926905438764,1.2052603947470912,0.6600616838299,2.2757176342127594]",False,stationary,False,,15,100,,16,,,,True,True,True,0.0015160493745807332,0.007050907248163031,"[""position_tolerance""]",position_tolerance,0.9999999999990026,3795504,False
e151f586479c16aa2176b3b307283c59ff0a56b30e9f612130cfe3184a9a803a,ur5e,task_excess_gn,1,"[-2.0817598233027077,1.439004825625113,0.09110329730808697,1.207096511981708,0.6568908145036989,2.2757176335350167]",False,stationary,False,,22,123,124,23,101,0.06677603842859202,0.999999,True,True,True,0.0013227961506612834,0.010221776574363621,"[""position_tolerance"",""orientation_tolerance""]",position_tolerance+orientation_tolerance,0.9999999999990026,18377513,False
e151f586479c16aa2176b3b307283c59ff0a56b30e9f612130cfe3184a9a803a,ur5e,point_loop_control,1,"[-2.0817598233027077,1.4367515695222448,0.0951926438655912,1.2052604217136953,0.6600616813761461,2.275717633492016]",False,stationary,False,,17,106,107,18,89,0.13315391722023956,0.999999,True,True,True,0.0015160492247267014,0.007050909701916439,"[""position_tolerance""]",position_tolerance,0.9999999999990026,13843791,False
e151f586479c16aa2176b3b307283c59ff0a56b30e9f612130cfe3184a9a803a,ur5e,task_excess_isotropic,0,"[-2.08175984412901,1.4390038248820902,0.09110514064613678,1.207095656415725,0.6568921293400176,2.275717634043238]",False,iteration_limit,False,,30,108,109,59,78,0.06677627162537732,0.999999,True,True,True,0.0013228756349535303,0.010220480884579265,"[""position_tolerance"",""orientation_tolerance""]",position_tolerance+orientation_tolerance,0.9999996690648024,15880501,False
e151f586479c16aa2176b3b307283c59ff0a56b30e9f612130cfe3184a9a803a,ur5e,single_gn_k0,2,"[-2.0817598233027077,1.436751546599616,0.0951926905438764,1.2052603947470912,0.6600616838299,2.2757176342127594]",False,stationary,False,,15,100,,16,,,,True,True,True,0.0015160493745807332,0.007050907248163031,"[""position_tolerance""]",position_tolerance,0.9999999999990026,3803930,False
e151f586479c16aa2176b3b307283c59ff0a56b30e9f612130cfe3184a9a803a,ur5e,single_gn_k1,1,"[-2.0817598233027077,1.4367330305913488,0.09523031726070677,1.2052365545798172,0.6600618824557258,2.2757202643774503]",False,stationary,False,,14,84,,15,,,,True,True,True,0.001516061535613415,0.007050709310344295,"[""position_tolerance""]",position_tolerance,0.9999999999990026,3250019,False
e151f586479c16aa2176b3b307283c59ff0a56b30e9f612130cfe3184a9a803a,ur5e,task_excess_gn,0,"[-2.0817598233027077,1.439004825625113,0.09110329730808697,1.207096511981708,0.6568908145036989,2.2757176335350167]",False,stationary,False,,22,123,124,23,101,0.06677603842859202,0.999999,True,True,True,0.0013227961506612834,0.010221776574363621,"[""position_tolerance"",""orientation_tolerance""]",position_tolerance+orientation_tolerance,0.9999999999990026,18136894,False
e151f586479c16aa2176b3b307283c59ff0a56b30e9f612130cfe3184a9a803a,ur5e,single_gn_k1,2,"[-2.0817598233027077,1.4367330305913488,0.09523031726070677,1.2052365545798172,0.6600618824557258,2.2757202643774503]",False,stationary,False,,14,84,,15,,,,True,True,True,0.001516061535613415,0.007050709310344295,"[""position_tolerance""]",position_tolerance,0.9999999999990026,3282746,False
e151f586479c16aa2176b3b307283c59ff0a56b30e9f612130cfe3184a9a803a,ur5e,point_loop_control,2,"[-2.0817598233027077,1.4367515695222448,0.0951926438655912,1.2052604217136953,0.6600616813761461,2.275717633492016]",False,stationary,False,,17,106,107,18,89,0.13315391722023956,0.999999,True,True,True,0.0015160492247267014,0.007050909701916439,"[""position_tolerance""]",position_tolerance,0.9999999999990026,13750033,False
e151f586479c16aa2176b3b307283c59ff0a56b30e9f612130cfe3184a9a803a,ur5e,task_excess_lbfgsb,0,"[-2.0817598233027077,1.4474446579551168,0.0739674949416261,1.21818030257251,0.6569311224863819,2.273827460505797]",False,optimizer_stop,False,"{""code"":1,""success"":false,""message"":""STOP: TOTAL NO. OF ITERATIONS REACHED LIMIT""}",30,33,34,0,0,0.06961244823246703,0.999999,True,True,True,0.001327512507352758,0.010286726593160803,"[""position_tolerance"",""orientation_tolerance""]",position_tolerance+orientation_tolerance,0.9999999999990026,5728155,False
e151f586479c16aa2176b3b307283c59ff0a56b30e9f612130cfe3184a9a803a,ur5e,task_excess_lbfgsb,2,"[-2.0817598233027077,1.4474446579551168,0.0739674949416261,1.21818030257251,0.6569311224863819,2.273827460505797]",False,optimizer_stop,False,"{""code"":1,""success"":false,""message"":""STOP: TOTAL NO. OF ITERATIONS REACHED LIMIT""}",30,33,34,0,0,0.06961244823246703,0.999999,True,True,True,0.001327512507352758,0.010286726593160803,"[""position_tolerance"",""orientation_tolerance""]",position_tolerance+orientation_tolerance,0.9999999999990026,5534313,False
e151f586479c16aa2176b3b307283c59ff0a56b30e9f612130cfe3184a9a803a,ur5e,task_excess_lbfgsb,1,"[-2.0817598233027077,1.4474446579551168,0.0739674949416261,1.21818030257251,0.6569311224863819,2.273827460505797]",False,optimizer_stop,False,"{""code"":1,""success"":false,""message"":""STOP: TOTAL NO. OF ITERATIONS REACHED LIMIT""}",30,33,34,0,0,0.06961244823246703,0.999999,True,True,True,0.001327512507352758,0.010286726593160803,"[""position_tolerance"",""orientation_tolerance""]",position_tolerance+orientation_tolerance,0.9999999999990026,5606312,False
e151f586479c16aa2176b3b307283c59ff0a56b30e9f612130cfe3184a9a803a,ur5e,task_excess_gn,2,"[-2.0817598233027077,1.439004825625113,0.09110329730808697,1.207096511981708,0.6568908145036989,2.2757176335350167]",False,stationary,False,,22,123,124,23,101,0.06677603842859202,0.999999,True,True,True,0.0013227961506612834,0.010221776574363621,"[""position_tolerance"",""orientation_tolerance""]",position_tolerance+orientation_tolerance,0.9999999999990026,18103831,False
e151f586479c16aa2176b3b307283c59ff0a56b30e9f612130cfe3184a9a803a,ur5e,point_loop_control,0,"[-2.0817598233027077,1.4367515695222448,0.0951926438655912,1.2052604217136953,0.6600616813761461,2.275717633492016]",False,stationary,False,,17,106,107,18,89,0.13315391722023956,0.999999,True,True,True,0.0015160492247267014,0.007050909701916439,"[""position_tolerance""]",position_tolerance,0.9999999999990026,13721334,False
e151f586479c16aa2176b3b307283c59ff0a56b30e9f612130cfe3184a9a803a,ur5e,task_excess_isotropic,1,"[-2.08175984412901,1.4390038248820902,0.09110514064613678,1.207095656415725,0.6568921293400176,2.275717634043238]",False,iteration_limit,False,,30,108,109,59,78,0.06677627162537732,0.999999,True,True,True,0.0013228756349535303,0.010220480884579265,"[""position_tolerance"",""orientation_tolerance""]",position_tolerance+orientation_tolerance,0.9999996690648024,15839550,False
e3a6c3ac62eaae83cb8a529c34daff20c378b173b9307bcc628ba8730512d8fa,ur5e,point_loop_control,1,"[2.2548767819254354,6.283185307178586,-0.05392652762580363,0.5963197262985378,2.3793404868779144,-2.9886904033319674]",True,task_admissible,True,,1,2,3,2,1,0.0,0.999999,True,True,True,6.0785166586349155e-05,0.0009133522883317775,[],accepted,0.19335846105452117,499824,True
e3a6c3ac62eaae83cb8a529c34daff20c378b173b9307bcc628ba8730512d8fa,ur5e,single_gn_k0,0,"[2.2548767819254354,6.283185307178586,-0.05392652762580363,0.5963197262985378,2.3793404868779144,-2.9886904033319674]",True,task_candidate,True,,2,4,,2,,,,True,True,True,6.0785166586349155e-05,0.0009133522883317775,[],accepted,0.19335846105452117,330266,True
e3a6c3ac62eaae83cb8a529c34daff20c378b173b9307bcc628ba8730512d8fa,ur5e,task_excess_gn,1,"[2.2544340355858465,6.283185307178586,-0.054735246681508476,0.5927690460498842,2.3856517285732943,-2.987318904155094]",True,task_admissible,True,,2,4,5,3,2,4.3964984578034754e-13,0.999999,True,True,True,0.0009999987926397294,0.008726645716415564,[],accepted,0.17394282407937847,811660,True
e3a6c3ac62eaae83cb8a529c34daff20c378b173b9307bcc628ba8730512d8fa,ur5e,task_excess_gn,2,"[2.2544340355858465,6.283185307178586,-0.054735246681508476,0.5927690460498842,2.3856517285732943,-2.987318904155094]",True,task_admissible,True,,2,4,5,3,2,4.3964984578034754e-13,0.999999,True,True,True,0.0009999987926397294,0.008726645716415564,[],accepted,0.17394282407937847,780534,True
e3a6c3ac62eaae83cb8a529c34daff20c378b173b9307bcc628ba8730512d8fa,ur5e,task_excess_lbfgsb,2,"[2.2547688224554996,6.282231141163377,-0.05366411188209256,0.5958422457869702,2.3815148809824565,-2.997887081193387]",True,task_admissible,True,,0,10,11,0,0,1.0977657327644115e-13,0.999999,True,True,True,0.0008167901885226787,0.008726641622354626,[],accepted,0.17926265582294884,1925576,True
e3a6c3ac62eaae83cb8a529c34daff20c378b173b9307bcc628ba8730512d8fa,ur5e,task_excess_isotropic,2,"[2.254875703067272,6.283185307178586,-0.053924305495930455,0.5963953686464492,2.3793640595812713,-2.988634058900602]",True,task_admissible,True,,1,2,3,2,1,0.0,0.999999,True,True,True,7.128741952978816e-05,0.0009727992884465472,[],accepted,0.19298388598313482,462540,True
e3a6c3ac62eaae83cb8a529c34daff20c378b173b9307bcc628ba8730512d8fa,ur5e,single_gn_k0,2,"[2.2548767819254354,6.283185307178586,-0.05392652762580363,0.5963197262985378,2.3793404868779144,-2.9886904033319674]",True,task_candidate,True,,2,4,,2,,,,True,True,True,6.0785166586349155e-05,0.0009133522883317775,[],accepted,0.19335846105452117,321096,True
e3a6c3ac62eaae83cb8a529c34daff20c378b173b9307bcc628ba8730512d8fa,ur5e,task_excess_lbfgsb,0,"[2.2547688224554996,6.282231141163377,-0.05366411188209256,0.5958422457869702,2.3815148809824565,-2.997887081193387]",True,task_admissible,True,,0,10,11,0,0,1.0977657327644115e-13,0.999999,True,True,True,0.0008167901885226787,0.008726641622354626,[],accepted,0.17926265582294884,1882015,True
e3a6c3ac62eaae83cb8a529c34daff20c378b173b9307bcc628ba8730512d8fa,ur5e,single_gn_k1,2,"[2.254876627967592,6.283185307178586,-0.053926652759973784,0.5963208964425649,2.37933899301404,-2.988688250377389]",True,task_candidate,True,,2,4,,2,,,,True,True,True,6.080902591943308e-05,0.0009134807399682379,[],accepted,0.19338219885662716,328319,True
e3a6c3ac62eaae83cb8a529c34daff20c378b173b9307bcc628ba8730512d8fa,ur5e,task_excess_isotropic,0,"[2.254875703067272,6.283185307178586,-0.053924305495930455,0.5963953686464492,2.3793640595812713,-2.988634058900602]",True,task_admissible,True,,1,2,3,2,1,0.0,0.999999,True,True,True,7.128741952978816e-05,0.0009727992884465472,[],accepted,0.19298388598313482,447693,True
e3a6c3ac62eaae83cb8a529c34daff20c378b173b9307bcc628ba8730512d8fa,ur5e,single_gn_k0,1,"[2.2548767819254354,6.283185307178586,-0.05392652762580363,0.5963197262985378,2.3793404868779144,-2.9886904033319674]",True,task_candidate,True,,2,4,,2,,,,True,True,True,6.0785166586349155e-05,0.0009133522883317775,[],accepted,0.19335846105452117,304784,True
e3a6c3ac62eaae83cb8a529c34daff20c378b173b9307bcc628ba8730512d8fa,ur5e,single_gn_k1,0,"[2.254876627967592,6.283185307178586,-0.053926652759973784,0.5963208964425649,2.37933899301404,-2.988688250377389]",True,task_candidate,True,,2,4,,2,,,,True,True,True,6.080902591943308e-05,0.0009134807399682379,[],accepted,0.19338219885662716,308398,True
e3a6c3ac62eaae83cb8a529c34daff20c378b173b9307bcc628ba8730512d8fa,ur5e,single_gn_k1,1,"[2.254876627967592,6.283185307178586,-0.053926652759973784,0.5963208964425649,2.37933899301404,-2.988688250377389]",True,task_candidate,True,,2,4,,2,,,,True,True,True,6.080902591943308e-05,0.0009134807399682379,[],accepted,0.19338219885662716,297401,True
e3a6c3ac62eaae83cb8a529c34daff20c378b173b9307bcc628ba8730512d8fa,ur5e,point_loop_control,2,"[2.2548767819254354,6.283185307178586,-0.05392652762580363,0.5963197262985378,2.3793404868779144,-2.9886904033319674]",True,task_admissible,True,,1,2,3,2,1,0.0,0.999999,True,True,True,6.0785166586349155e-05,0.0009133522883317775,[],accepted,0.19335846105452117,433944,True
e3a6c3ac62eaae83cb8a529c34daff20c378b173b9307bcc628ba8730512d8fa,ur5e,point_loop_control,0,"[2.2548767819254354,6.283185307178586,-0.05392652762580363,0.5963197262985378,2.3793404868779144,-2.9886904033319674]",True,task_admissible,True,,1,2,3,2,1,0.0,0.999999,True,True,True,6.0785166586349155e-05,0.0009133522883317775,[],accepted,0.19335846105452117,436431,True
e3a6c3ac62eaae83cb8a529c34daff20c378b173b9307bcc628ba8730512d8fa,ur5e,task_excess_gn,0,"[2.2544340355858465,6.283185307178586,-0.054735246681508476,0.5927690460498842,2.3856517285732943,-2.987318904155094]",True,task_admissible,True,,2,4,5,3,2,4.3964984578034754e-13,0.999999,True,True,True,0.0009999987926397294,0.008726645716415564,[],accepted,0.17394282407937847,778609,True
e3a6c3ac62eaae83cb8a529c34daff20c378b173b9307bcc628ba8730512d8fa,ur5e,task_excess_lbfgsb,1,"[2.2547688224554996,6.282231141163377,-0.05366411188209256,0.5958422457869702,2.3815148809824565,-2.997887081193387]",True,task_admissible,True,,0,10,11,0,0,1.0977657327644115e-13,0.999999,True,True,True,0.0008167901885226787,0.008726641622354626,[],accepted,0.17926265582294884,1895985,True
e3a6c3ac62eaae83cb8a529c34daff20c378b173b9307bcc628ba8730512d8fa,ur5e,task_excess_isotropic,1,"[2.254875703067272,6.283185307178586,-0.053924305495930455,0.5963953686464492,2.3793640595812713,-2.988634058900602]",True,task_admissible,True,,1,2,3,2,1,0.0,0.999999,True,True,True,7.128741952978816e-05,0.0009727992884465472,[],accepted,0.19298388598313482,460570,True
ee0ecb2eb3773a23b878ecc7049713169d9807a4f2d86e48059a242608725f29,ur5e,task_excess_lbfgsb,1,"[-2.5149514032210227,3.788456813269388,1.9383421803428735,-5.965016456508184,-0.029681000158595525,2.936250981323243]",True,task_admissible,True,,0,33,34,0,0,2.306574839874206e-15,0.999999,True,True,True,0.0009999990679201713,0.008726629221303035,[],accepted,0.8961074646486626,5603204,True
ee0ecb2eb3773a23b878ecc7049713169d9807a4f2d86e48059a242608725f29,ur5e,point_loop_control,2,"[-2.525855008539423,3.783202339877674,1.938582774851488,-5.968159625564575,-0.040092278308904605,2.942789131093167]",False,stationary,False,,23,128,129,24,105,0.012720886666348566,0.999999,True,True,True,0.0011595037752661253,0.005744142228457816,"[""position_tolerance""]",position_tolerance,0.9999999999990026,16875841,False
ee0ecb2eb3773a23b878ecc7049713169d9807a4f2d86e48059a242608725f29,ur5e,task_excess_gn,1,"[-2.5153795072920295,3.7864952927861606,1.9397112123947218,-5.970012627733717,-0.029168135053777886,2.942789131093167]",True,task_admissible,True,,7,14,15,8,7,2.5177258699842717e-19,0.999999,True,True,True,0.0009999990006467178,0.008726637535902478,[],accepted,0.9999999999990026,2392124,True
ee0ecb2eb3773a23b878ecc7049713169d9807a4f2d86e48059a242608725f29,ur5e,single_gn_k1,2,"[-2.525856435839454,3.7832023941508783,1.938582040583273,-5.968156662854196,-0.040093166247606234,2.942789131093167]",False,no_descent,False,,18,124,,19,,,,True,True,True,0.0011595244138755442,0.005743825715275847,"[""position_tolerance""]",position_tolerance,0.9999999999990026,4731314,False
ee0ecb2eb3773a23b878ecc7049713169d9807a4f2d86e48059a242608725f29,ur5e,task_excess_gn,0,"[-2.5153795072920295,3.7864952927861606,1.9397112123947218,-5.970012627733717,-0.029168135053777886,2.942789131093167]",True,task_admissible,True,,7,14,15,8,7,2.5177258699842717e-19,0.999999,True,True,True,0.0009999990006467178,0.008726637535902478,[],accepted,0.9999999999990026,2413888,True
ee0ecb2eb3773a23b878ecc7049713169d9807a4f2d86e48059a242608725f29,ur5e,task_excess_isotropic,0,"[-2.5155167102704006,3.78714578236146,1.9388114693486491,-5.970029025247366,-0.03214745795581425,2.942789131093167]",True,task_admissible,True,,9,66,67,13,57,0.0,0.999999,True,True,True,0.0009995574751021671,0.008726156897418832,[],accepted,0.9999999999990026,9093215,True
ee0ecb2eb3773a23b878ecc7049713169d9807a4f2d86e48059a242608725f29,ur5e,task_excess_lbfgsb,2,"[-2.5149514032210227,3.788456813269388,1.9383421803428735,-5.965016456508184,-0.029681000158595525,2.936250981323243]",True,task_admissible,True,,0,33,34,0,0,2.306574839874206e-15,0.999999,True,True,True,0.0009999990679201713,0.008726629221303035,[],accepted,0.8961074646486626,5675982,True
ee0ecb2eb3773a23b878ecc7049713169d9807a4f2d86e48059a242608725f29,ur5e,point_loop_control,1,"[-2.525855008539423,3.783202339877674,1.938582774851488,-5.968159625564575,-0.040092278308904605,2.942789131093167]",False,stationary,False,,23,128,129,24,105,0.012720886666348566,0.999999,True,True,True,0.0011595037752661253,0.005744142228457816,"[""position_tolerance""]",position_tolerance,0.9999999999990026,16691030,False
ee0ecb2eb3773a23b878ecc7049713169d9807a4f2d86e48059a242608725f29,ur5e,task_excess_isotropic,1,"[-2.5155167102704006,3.78714578236146,1.9388114693486491,-5.970029025247366,-0.03214745795581425,2.942789131093167]",True,task_admissible,True,,9,66,67,13,57,0.0,0.999999,True,True,True,0.0009995574751021671,0.008726156897418832,[],accepted,0.9999999999990026,9042726,True
ee0ecb2eb3773a23b878ecc7049713169d9807a4f2d86e48059a242608725f29,ur5e,point_loop_control,0,"[-2.525855008539423,3.783202339877674,1.938582774851488,-5.968159625564575,-0.040092278308904605,2.942789131093167]",False,stationary,False,,23,128,129,24,105,0.012720886666348566,0.999999,True,True,True,0.0011595037752661253,0.005744142228457816,"[""position_tolerance""]",position_tolerance,0.9999999999990026,16632917,False
ee0ecb2eb3773a23b878ecc7049713169d9807a4f2d86e48059a242608725f29,ur5e,single_gn_k0,2,"[-2.5258549785450186,3.783202348866648,1.938582777036589,-5.9681596357859386,-0.04009225075782593,2.942789131093167]",False,stationary,False,,20,117,,21,,,,True,True,True,0.0011595033064276182,0.005744149435632921,"[""position_tolerance""]",position_tolerance,0.9999999999990026,4503109,False
ee0ecb2eb3773a23b878ecc7049713169d9807a4f2d86e48059a242608725f29,ur5e,task_excess_isotropic,2,"[-2.5155167102704006,3.78714578236146,1.9388114693486491,-5.970029025247366,-0.03214745795581425,2.942789131093167]",True,task_admissible,True,,9,66,67,13,57,0.0,0.999999,True,True,True,0.0009995574751021671,0.008726156897418832,[],accepted,0.9999999999990026,9090368,True
ee0ecb2eb3773a23b878ecc7049713169d9807a4f2d86e48059a242608725f29,ur5e,single_gn_k0,1,"[-2.5258549785450186,3.783202348866648,1.938582777036589,-5.9681596357859386,-0.04009225075782593,2.942789131093167]",False,stationary,False,,20,117,,21,,,,True,True,True,0.0011595033064276182,0.005744149435632921,"[""position_tolerance""]",position_tolerance,0.9999999999990026,4581591,False
ee0ecb2eb3773a23b878ecc7049713169d9807a4f2d86e48059a242608725f29,ur5e,single_gn_k1,1,"[-2.525856435839454,3.7832023941508783,1.938582040583273,-5.968156662854196,-0.040093166247606234,2.942789131093167]",False,no_descent,False,,18,124,,19,,,,True,True,True,0.0011595244138755442,0.005743825715275847,"[""position_tolerance""]",position_tolerance,0.9999999999990026,4671422,False
ee0ecb2eb3773a23b878ecc7049713169d9807a4f2d86e48059a242608725f29,ur5e,task_excess_lbfgsb,0,"[-2.5149514032210227,3.788456813269388,1.9383421803428735,-5.965016456508184,-0.029681000158595525,2.936250981323243]",True,task_admissible,True,,0,33,34,0,0,2.306574839874206e-15,0.999999,True,True,True,0.0009999990679201713,0.008726629221303035,[],accepted,0.8961074646486626,5681101,True
ee0ecb2eb3773a23b878ecc7049713169d9807a4f2d86e48059a242608725f29,ur5e,single_gn_k1,0,"[-2.525856435839454,3.7832023941508783,1.938582040583273,-5.968156662854196,-0.040093166247606234,2.942789131093167]",False,no_descent,False,,18,124,,19,,,,True,True,True,0.0011595244138755442,0.005743825715275847,"[""position_tolerance""]",position_tolerance,0.9999999999990026,4613037,False
ee0ecb2eb3773a23b878ecc7049713169d9807a4f2d86e48059a242608725f29,ur5e,single_gn_k0,0,"[-2.5258549785450186,3.783202348866648,1.938582777036589,-5.9681596357859386,-0.04009225075782593,2.942789131093167]",False,stationary,False,,20,117,,21,,,,True,True,True,0.0011595033064276182,0.005744149435632921,"[""position_tolerance""]",position_tolerance,0.9999999999990026,4413797,False
ee0ecb2eb3773a23b878ecc7049713169d9807a4f2d86e48059a242608725f29,ur5e,task_excess_gn,2,"[-2.5153795072920295,3.7864952927861606,1.9397112123947218,-5.970012627733717,-0.029168135053777886,2.942789131093167]",True,task_admissible,True,,7,14,15,8,7,2.5177258699842717e-19,0.999999,True,True,True,0.0009999990006467178,0.008726637535902478,[],accepted,0.9999999999990026,2390593,True
eeeb3d4a230c224f507d58ab1a2cf7380a60fe5bd391ab0cd921f3cfab8c60c7,panda,task_excess_gn,1,"[-0.7089339394131279,-0.037544556917282444,-1.3704920214439396,-1.626943233004943,0.9442879266937285,1.524253485409688,-0.2739871481221665]",False,deadline,False,,23,130,131,25,107,0.18102475714221872,0.999999,True,True,True,0.0014129624591490099,0.012545586799306048,"[""position_tolerance"",""orientation_tolerance""]",position_tolerance+orientation_tolerance,0.999999999999,20213059,False
eeeb3d4a230c224f507d58ab1a2cf7380a60fe5bd391ab0cd921f3cfab8c60c7,panda,task_excess_isotropic,1,"[-0.7089339372910378,-0.037544556917282444,-1.3704920214439396,-1.6269432346413295,0.9442879291553282,1.5242535064130842,-0.2739871481348468]",False,iteration_limit,False,,30,89,90,32,59,0.18102475714697225,0.999999,True,True,True,0.0014129602207204306,0.012545605232718055,"[""position_tolerance"",""orientation_tolerance""]",position_tolerance+orientation_tolerance,0.999999999999,13648850,False
eeeb3d4a230c224f507d58ab1a2cf7380a60fe5bd391ab0cd921f3cfab8c60c7,panda,task_excess_lbfgsb,2,"[-0.7060685761327042,-0.040896017893843714,-1.3704920214439396,-1.6266619559583408,0.9373973875432406,1.5262247792237915,-0.26851489817422036]",False,optimizer_stop,False,"{""code"":1,""success"":false,""message"":""STOP: TOTAL NO. OF ITERATIONS REACHED LIMIT""}",30,47,48,0,0,0.32710774104803747,0.999999,True,True,True,0.0016358693667566984,0.013088951386578097,"[""position_tolerance"",""orientation_tolerance""]",position_tolerance+orientation_tolerance,0.9999999999989987,8410918,False
eeeb3d4a230c224f507d58ab1a2cf7380a60fe5bd391ab0cd921f3cfab8c60c7,panda,task_excess_lbfgsb,1,"[-0.7060685761327042,-0.040896017893843714,-1.3704920214439396,-1.6266619559583408,0.9373973875432406,1.5262247792237915,-0.26851489817422036]",False,optimizer_stop,False,"{""code"":1,""success"":false,""message"":""STOP: TOTAL NO. OF ITERATIONS REACHED LIMIT""}",30,47,48,0,0,0.32710774104803747,0.999999,True,True,True,0.0016358693667566984,0.013088951386578097,"[""position_tolerance"",""orientation_tolerance""]",position_tolerance+orientation_tolerance,0.9999999999989987,8254010,False
eeeb3d4a230c224f507d58ab1a2cf7380a60fe5bd391ab0cd921f3cfab8c60c7,panda,task_excess_lbfgsb,0,"[-0.7060685761327042,-0.040896017893843714,-1.3704920214439396,-1.6266619559583408,0.9373973875432406,1.5262247792237915,-0.26851489817422036]",False,optimizer_stop,False,"{""code"":1,""success"":false,""message"":""STOP: TOTAL NO. OF ITERATIONS REACHED LIMIT""}",30,47,48,0,0,0.32710774104803747,0.999999,True,True,True,0.0016358693667566984,0.013088951386578097,"[""position_tolerance"",""orientation_tolerance""]",position_tolerance+orientation_tolerance,0.9999999999989987,8302939,False
eeeb3d4a230c224f507d58ab1a2cf7380a60fe5bd391ab0cd921f3cfab8c60c7,panda,task_excess_gn,0,"[-0.7089339394131279,-0.037544556917282444,-1.3704920214439396,-1.626943233004943,0.9442879266937285,1.524253485409688,-0.2739871481221665]",False,deadline,False,,23,130,131,25,107,0.18102475714221872,0.999999,True,True,True,0.0014129624591490099,0.012545586799306048,"[""position_tolerance"",""orientation_tolerance""]",position_tolerance+orientation_tolerance,0.999999999999,20174261,False
eeeb3d4a230c224f507d58ab1a2cf7380a60fe5bd391ab0cd921f3cfab8c60c7,panda,point_loop_control,2,"[-0.7089053853143327,-0.037544556917282444,-1.3704920214439396,-1.6269646905785022,0.9443180981452046,1.5245325566278924,-0.2739873347777074]",False,stationary,False,,10,40,41,12,30,0.18185883891890803,0.999999,True,True,True,0.001383275422422737,0.012790077979091584,"[""position_tolerance"",""orientation_tolerance""]",position_tolerance+orientation_tolerance,0.999999999999,5726714,False
eeeb3d4a230c224f507d58ab1a2cf7380a60fe5bd391ab0cd921f3cfab8c60c7,panda,single_gn_k1,1,"[-0.7089047477508938,-0.037544556917282444,-1.3704920214439396,-1.6269642973848053,0.9443155449097889,1.5245340736114419,-0.2739861747210717]",False,no_descent,False,,16,118,,18,,,,True,True,True,0.001383166017936957,0.012790979394038922,"[""position_tolerance"",""orientation_tolerance""]",position_tolerance+orientation_tolerance,0.999999999999,4440277,False
eeeb3d4a230c224f507d58ab1a2cf7380a60fe5bd391ab0cd921f3cfab8c60c7,panda,single_gn_k1,0,"[-0.7089047477508938,-0.037544556917282444,-1.3704920214439396,-1.6269642973848053,0.9443155449097889,1.5245340736114419,-0.2739861747210717]",False,no_descent,False,,16,118,,18,,,,True,True,True,0.001383166017936957,0.012790979394038922,"[""position_tolerance"",""orientation_tolerance""]",position_tolerance+orientation_tolerance,0.999999999999,4455620,False
eeeb3d4a230c224f507d58ab1a2cf7380a60fe5bd391ab0cd921f3cfab8c60c7,panda,task_excess_isotropic,0,"[-0.7089339372910378,-0.037544556917282444,-1.3704920214439396,-1.6269432346413295,0.9442879291553282,1.5242535064130842,-0.2739871481348468]",False,iteration_limit,False,,30,89,90,32,59,0.18102475714697225,0.999999,True,True,True,0.0014129602207204306,0.012545605232718055,"[""position_tolerance"",""orientation_tolerance""]",position_tolerance+orientation_tolerance,0.999999999999,13584721,False
eeeb3d4a230c224f507d58ab1a2cf7380a60fe5bd391ab0cd921f3cfab8c60c7,panda,point_loop_control,0,"[-0.7089053853143327,-0.037544556917282444,-1.3704920214439396,-1.6269646905785022,0.9443180981452046,1.5245325566278924,-0.2739873347777074]",False,stationary,False,,10,40,41,12,30,0.18185883891890803,0.999999,True,True,True,0.001383275422422737,0.012790077979091584,"[""position_tolerance"",""orientation_tolerance""]",position_tolerance+orientation_tolerance,0.999999999999,5746299,False
eeeb3d4a230c224f507d58ab1a2cf7380a60fe5bd391ab0cd921f3cfab8c60c7,panda,task_excess_gn,2,"[-0.7089339394131279,-0.037544556917282444,-1.3704920214439396,-1.626943233004943,0.9442879266937285,1.524253485409688,-0.2739871481221665]",False,deadline,False,,23,130,131,25,107,0.18102475714221872,0.999999,True,True,True,0.0014129624591490099,0.012545586799306048,"[""position_tolerance"",""orientation_tolerance""]",position_tolerance+orientation_tolerance,0.999999999999,20279821,False
eeeb3d4a230c224f507d58ab1a2cf7380a60fe5bd391ab0cd921f3cfab8c60c7,panda,single_gn_k0,2,"[-0.7089053852697986,-0.037544556917282444,-1.3704920214439396,-1.6269646907861466,0.944318098452881,1.5245325570524988,-0.2739873352273435]",False,stationary,False,,15,100,,17,,,,True,True,True,0.0013832753858933071,0.01279007827995759,"[""position_tolerance"",""orientation_tolerance""]",position_tolerance+orientation_tolerance,0.999999999999,3824182,False
eeeb3d4a230c224f507d58ab1a2cf7380a60fe5bd391ab0cd921f3cfab8c60c7,panda,task_excess_isotropic,2,"[-0.7089339372910378,-0.037544556917282444,-1.3704920214439396,-1.6269432346413295,0.9442879291553282,1.5242535064130842,-0.2739871481348468]",False,iteration_limit,False,,30,89,90,32,59,0.18102475714697225,0.999999,True,True,True,0.0014129602207204306,0.012545605232718055,"[""position_tolerance"",""orientation_tolerance""]",position_tolerance+orientation_tolerance,0.999999999999,13617119,False
eeeb3d4a230c224f507d58ab1a2cf7380a60fe5bd391ab0cd921f3cfab8c60c7,panda,single_gn_k1,2,"[-0.7089047477508938,-0.037544556917282444,-1.3704920214439396,-1.6269642973848053,0.9443155449097889,1.5245340736114419,-0.2739861747210717]",False,no_descent,False,,16,118,,18,,,,True,True,True,0.001383166017936957,0.012790979394038922,"[""position_tolerance"",""orientation_tolerance""]",position_tolerance+orientation_tolerance,0.999999999999,4397420,False
eeeb3d4a230c224f507d58ab1a2cf7380a60fe5bd391ab0cd921f3cfab8c60c7,panda,point_loop_control,1,"[-0.7089053853143327,-0.037544556917282444,-1.3704920214439396,-1.6269646905785022,0.9443180981452046,1.5245325566278924,-0.2739873347777074]",False,stationary,False,,10,40,41,12,30,0.18185883891890803,0.999999,True,True,True,0.001383275422422737,0.012790077979091584,"[""position_tolerance"",""orientation_tolerance""]",position_tolerance+orientation_tolerance,0.999999999999,5768243,False
eeeb3d4a230c224f507d58ab1a2cf7380a60fe5bd391ab0cd921f3cfab8c60c7,panda,single_gn_k0,1,"[-0.7089053852697986,-0.037544556917282444,-1.3704920214439396,-1.6269646907861466,0.944318098452881,1.5245325570524988,-0.2739873352273435]",False,stationary,False,,15,100,,17,,,,True,True,True,0.0013832753858933071,0.01279007827995759,"[""position_tolerance"",""orientation_tolerance""]",position_tolerance+orientation_tolerance,0.999999999999,3818694,False
eeeb3d4a230c224f507d58ab1a2cf7380a60fe5bd391ab0cd921f3cfab8c60c7,panda,single_gn_k0,0,"[-0.7089053852697986,-0.037544556917282444,-1.3704920214439396,-1.6269646907861466,0.944318098452881,1.5245325570524988,-0.2739873352273435]",False,stationary,False,,15,100,,17,,,,True,True,True,0.0013832753858933071,0.01279007827995759,"[""position_tolerance"",""orientation_tolerance""]",position_tolerance+orientation_tolerance,0.999999999999,3793717,False
f5bb666660fc518f44cef9187a1158f5e100b99ce44b8bed15a3ce9b6232e076,panda,point_loop_control,2,"[-0.1074059809187835,0.00044741932004576236,0.9328115580203457,-1.8682867560399834,-0.9278701314514324,2.114285062259612,2.897299999999]",False,stationary,False,,22,128,129,23,106,0.00041541894463412594,0.999999,True,True,True,0.0002771558027463501,0.008978176642684464,"[""orientation_tolerance""]",orientation_tolerance,0.9999999999989999,17748564,False
f5bb666660fc518f44cef9187a1158f5e100b99ce44b8bed15a3ce9b6232e076,panda,task_excess_gn,0,"[-0.1469729026209571,-0.0016361360595901595,0.969793718064496,-1.8699714294230676,-0.9233361480434499,2.1171839286357743,2.897299999999]",True,task_admissible,True,,5,10,11,5,5,1.2910687908229713e-13,0.999999,True,True,True,0.0009999990789256643,0.008726641913960647,[],accepted,0.28931000751863667,1855686,True
f5bb666660fc518f44cef9187a1158f5e100b99ce44b8bed15a3ce9b6232e076,panda,single_gn_k0,0,"[-0.1074059809187835,0.0004474191382423445,0.9328115578593995,-1.8682867562554761,-0.9278701314919883,2.1142850627952767,2.897299999999]",False,stationary,False,,18,106,,19,,,,True,True,True,0.00027715580973528426,0.008978176626254244,"[""orientation_tolerance""]",orientation_tolerance,0.9999999999989999,4142342,False
f5bb666660fc518f44cef9187a1158f5e100b99ce44b8bed15a3ce9b6232e076,panda,task_excess_lbfgsb,2,"[-0.14576254032517155,-0.005179977693368272,0.967808982572257,-1.873483547793733,-0.9246073280942151,2.1223611644183378,2.897299999999]",True,task_admissible,True,,0,19,20,0,0,3.6886579559719116e-16,0.999999,True,True,True,0.0009921995124374376,0.008726637770380054,[],accepted,0.22571743684143813,3557325,True
f5bb666660fc518f44cef9187a1158f5e100b99ce44b8bed15a3ce9b6232e076,panda,task_excess_isotropic,1,"[-0.14676208542229702,-0.00010988973317822159,0.971363549765619,-1.8679129295076715,-0.9275751183673875,2.1146695698860283,2.897299999999]",True,task_admissible,True,,2,7,8,2,5,0.0,0.999999,True,True,True,0.000782481224538477,0.00790053332313881,[],accepted,0.3373857006304156,1224865,True
f5bb666660fc518f44cef9187a1158f5e100b99ce44b8bed15a3ce9b6232e076,panda,task_excess_isotropic,0,"[-0.14676208542229702,-0.00010988973317822159,0.971363549765619,-1.8679129295076715,-0.9275751183673875,2.1146695698860283,2.897299999999]",True,task_admissible,True,,2,7,8,2,5,0.0,0.999999,True,True,True,0.000782481224538477,0.00790053332313881,[],accepted,0.3373857006304156,1205946,True
f5bb666660fc518f44cef9187a1158f5e100b99ce44b8bed15a3ce9b6232e076,panda,point_loop_control,0,"[-0.1074059809187835,0.00044741932004576236,0.9328115580203457,-1.8682867560399834,-0.9278701314514324,2.114285062259612,2.897299999999]",False,stationary,False,,22,128,129,23,106,0.00041541894463412594,0.999999,True,True,True,0.0002771558027463501,0.008978176642684464,"[""orientation_tolerance""]",orientation_tolerance,0.9999999999989999,17741591,False
f5bb666660fc518f44cef9187a1158f5e100b99ce44b8bed15a3ce9b6232e076,panda,task_excess_gn,2,"[-0.1469729026209571,-0.0016361360595901595,0.969793718064496,-1.8699714294230676,-0.9233361480434499,2.1171839286357743,2.897299999999]",True,task_admissible,True,,5,10,11,5,5,1.2910687908229713e-13,0.999999,True,True,True,0.0009999990789256643,0.008726641913960647,[],accepted,0.28931000751863667,1817840,True
f5bb666660fc518f44cef9187a1158f5e100b99ce44b8bed15a3ce9b6232e076,panda,task_excess_gn,1,"[-0.1469729026209571,-0.0016361360595901595,0.969793718064496,-1.8699714294230676,-0.9233361480434499,2.1171839286357743,2.897299999999]",True,task_admissible,True,,5,10,11,5,5,1.2910687908229713e-13,0.999999,True,True,True,0.0009999990789256643,0.008726641913960647,[],accepted,0.28931000751863667,1817160,True
f5bb666660fc518f44cef9187a1158f5e100b99ce44b8bed15a3ce9b6232e076,panda,single_gn_k1,0,"[-0.1074059809187835,0.00044827331649423274,0.9328122667862746,-1.868285444589076,-0.9278682291047988,2.1142819785535814,2.897299999999]",False,stationary,False,,17,104,,18,,,,True,True,True,0.00027719657806086925,0.00897808132681935,"[""orientation_tolerance""]",orientation_tolerance,0.9999999999989999,4133885,False
f5bb666660fc518f44cef9187a1158f5e100b99ce44b8bed15a3ce9b6232e076,panda,single_gn_k0,1,"[-0.1074059809187835,0.0004474191382423445,0.9328115578593995,-1.8682867562554761,-0.9278701314919883,2.1142850627952767,2.897299999999]",False,stationary,False,,18,106,,19,,,,True,True,True,0.00027715580973528426,0.008978176626254244,"[""orientation_tolerance""]",orientation_tolerance,0.9999999999989999,4229874,False
f5bb666660fc518f44cef9187a1158f5e100b99ce44b8bed15a3ce9b6232e076,panda,single_gn_k1,1,"[-0.1074059809187835,0.00044827331649423274,0.9328122667862746,-1.868285444589076,-0.9278682291047988,2.1142819785535814,2.897299999999]",False,stationary,False,,17,104,,18,,,,True,True,True,0.00027719657806086925,0.00897808132681935,"[""orientation_tolerance""]",orientation_tolerance,0.9999999999989999,4062657,False
f5bb666660fc518f44cef9187a1158f5e100b99ce44b8bed15a3ce9b6232e076,panda,point_loop_control,1,"[-0.1074059809187835,0.00044741932004576236,0.9328115580203457,-1.8682867560399834,-0.9278701314514324,2.114285062259612,2.897299999999]",False,stationary,False,,22,128,129,23,106,0.00041541894463412594,0.999999,True,True,True,0.0002771558027463501,0.008978176642684464,"[""orientation_tolerance""]",orientation_tolerance,0.9999999999989999,17689176,False
f5bb666660fc518f44cef9187a1158f5e100b99ce44b8bed15a3ce9b6232e076,panda,task_excess_lbfgsb,0,"[-0.14576254032517155,-0.005179977693368272,0.967808982572257,-1.873483547793733,-0.9246073280942151,2.1223611644183378,2.897299999999]",True,task_admissible,True,,0,19,20,0,0,3.6886579559719116e-16,0.999999,True,True,True,0.0009921995124374376,0.008726637770380054,[],accepted,0.22571743684143813,3561142,True
f5bb666660fc518f44cef9187a1158f5e100b99ce44b8bed15a3ce9b6232e076,panda,single_gn_k0,2,"[-0.1074059809187835,0.0004474191382423445,0.9328115578593995,-1.8682867562554761,-0.9278701314919883,2.1142850627952767,2.897299999999]",False,stationary,False,,18,106,,19,,,,True,True,True,0.00027715580973528426,0.008978176626254244,"[""orientation_tolerance""]",orientation_tolerance,0.9999999999989999,4155766,False
f5bb666660fc518f44cef9187a1158f5e100b99ce44b8bed15a3ce9b6232e076,panda,single_gn_k1,2,"[-0.1074059809187835,0.00044827331649423274,0.9328122667862746,-1.868285444589076,-0.9278682291047988,2.1142819785535814,2.897299999999]",False,stationary,False,,17,104,,18,,,,True,True,True,0.00027719657806086925,0.00897808132681935,"[""orientation_tolerance""]",orientation_tolerance,0.9999999999989999,4044571,False
f5bb666660fc518f44cef9187a1158f5e100b99ce44b8bed15a3ce9b6232e076,panda,task_excess_isotropic,2,"[-0.14676208542229702,-0.00010988973317822159,0.971363549765619,-1.8679129295076715,-0.9275751183673875,2.1146695698860283,2.897299999999]",True,task_admissible,True,,2,7,8,2,5,0.0,0.999999,True,True,True,0.000782481224538477,0.00790053332313881,[],accepted,0.3373857006304156,1211404,True
f5bb666660fc518f44cef9187a1158f5e100b99ce44b8bed15a3ce9b6232e076,panda,task_excess_lbfgsb,1,"[-0.14576254032517155,-0.005179977693368272,0.967808982572257,-1.873483547793733,-0.9246073280942151,2.1223611644183378,2.897299999999]",True,task_admissible,True,,0,19,20,0,0,3.6886579559719116e-16,0.999999,True,True,True,0.0009921995124374376,0.008726637770380054,[],accepted,0.22571743684143813,3474309,True
f6f620eab81798b95df8b98f45cf60e2b8b5522631ea729c5f4585b884619b10,ur5e,task_excess_isotropic,1,"[-2.512058211857859,3.773669538981357,1.9429806843143875,-6.02250135801074,-0.030611560821327682,3.0057784773204896]",True,task_admissible,True,,2,7,8,5,5,0.0,0.999999,True,True,True,0.0009470535788124378,0.008670034750929452,[],accepted,0.9999999999990026,1289413,True
f6f620eab81798b95df8b98f45cf60e2b8b5522631ea729c5f4585b884619b10,ur5e,task_excess_gn,0,"[-2.5132653562329033,3.772583354806105,1.9442411864706548,-6.02120314787972,-0.026904814595938673,3.005778157059442]",True,task_admissible,True,,5,10,11,7,5,2.2810071564538293e-15,0.999999,True,True,True,0.0009999990635190046,0.008726637733753408,[],accepted,0.9999949109855407,1797670,True
f6f620eab81798b95df8b98f45cf60e2b8b5522631ea729c5f4585b884619b10,ur5e,task_excess_isotropic,2,"[-2.512058211857859,3.773669538981357,1.9429806843143875,-6.02250135801074,-0.030611560821327682,3.0057784773204896]",True,task_admissible,True,,2,7,8,5,5,0.0,0.999999,True,True,True,0.0009470535788124378,0.008670034750929452,[],accepted,0.9999999999990026,1164552,True
f6f620eab81798b95df8b98f45cf60e2b8b5522631ea729c5f4585b884619b10,ur5e,task_excess_isotropic,0,"[-2.512058211857859,3.773669538981357,1.9429806843143875,-6.02250135801074,-0.030611560821327682,3.0057784773204896]",True,task_admissible,True,,2,7,8,5,5,0.0,0.999999,True,True,True,0.0009470535788124378,0.008670034750929452,[],accepted,0.9999999999990026,1166105,True
f6f620eab81798b95df8b98f45cf60e2b8b5522631ea729c5f4585b884619b10,ur5e,single_gn_k0,0,"[-2.521562615145227,3.7694324883904424,1.9429278730583939,-6.021657633059024,-0.03633573231260656,3.0057784773204896]",False,stationary,False,,19,115,,20,,,,True,True,True,0.0010917001533737177,0.00449342413568354,"[""position_tolerance""]",position_tolerance,0.9999999999990026,4416463,False
f6f620eab81798b95df8b98f45cf60e2b8b5522631ea729c5f4585b884619b10,ur5e,task_excess_lbfgsb,2,"[-2.514186199307408,3.786663171864546,1.9394982178701528,-5.968456893283429,-0.028334355577651994,2.939220443544093]",True,task_admissible,True,,0,14,15,0,0,2.130493410173498e-13,0.999999,True,True,True,0.0009874405570835165,0.008726643229779837,[],accepted,0.06700516475194265,2608841,True
f6f620eab81798b95df8b98f45cf60e2b8b5522631ea729c5f4585b884619b10,ur5e,single_gn_k1,0,"[-2.521564464907341,3.7694325056821345,1.942927022253451,-6.021654413170083,-0.03633711361000169,3.0057784773204896]",False,no_descent,False,,16,117,,17,,,,True,True,True,0.0010917291575246806,0.0044928884932308845,"[""position_tolerance""]",position_tolerance,0.9999999999990026,4387885,False
f6f620eab81798b95df8b98f45cf60e2b8b5522631ea729c5f4585b884619b10,ur5e,single_gn_k0,1,"[-2.521562615145227,3.7694324883904424,1.9429278730583939,-6.021657633059024,-0.03633573231260656,3.0057784773204896]",False,stationary,False,,19,115,,20,,,,True,True,True,0.0010917001533737177,0.00449342413568354,"[""position_tolerance""]",position_tolerance,0.9999999999990026,4386833,False
f6f620eab81798b95df8b98f45cf60e2b8b5522631ea729c5f4585b884619b10,ur5e,point_loop_control,2,"[-2.521562623074612,3.7694324859497286,1.9429278723328487,-6.021657630173524,-0.0363357393419578,3.0057784773204896]",False,stationary,False,,24,117,118,25,93,0.004204562526950758,0.999999,True,True,True,0.0010917002816371805,0.004493421762541377,"[""position_tolerance""]",position_tolerance,0.9999999999990026,15632735,False
f6f620eab81798b95df8b98f45cf60e2b8b5522631ea729c5f4585b884619b10,ur5e,task_excess_gn,2,"[-2.5132653562329033,3.772583354806105,1.9442411864706548,-6.02120314787972,-0.026904814595938673,3.005778157059442]",True,task_admissible,True,,5,10,11,7,5,2.2810071564538293e-15,0.999999,True,True,True,0.0009999990635190046,0.008726637733753408,[],accepted,0.9999949109855407,1830519,True
f6f620eab81798b95df8b98f45cf60e2b8b5522631ea729c5f4585b884619b10,ur5e,point_loop_control,0,"[-2.521562623074612,3.7694324859497286,1.9429278723328487,-6.021657630173524,-0.0363357393419578,3.0057784773204896]",False,stationary,False,,24,117,118,25,93,0.004204562526950758,0.999999,True,True,True,0.0010917002816371805,0.004493421762541377,"[""position_tolerance""]",position_tolerance,0.9999999999990026,15603037,False
f6f620eab81798b95df8b98f45cf60e2b8b5522631ea729c5f4585b884619b10,ur5e,single_gn_k0,2,"[-2.521562615145227,3.7694324883904424,1.9429278730583939,-6.021657633059024,-0.03633573231260656,3.0057784773204896]",False,stationary,False,,19,115,,20,,,,True,True,True,0.0010917001533737177,0.00449342413568354,"[""position_tolerance""]",position_tolerance,0.9999999999990026,4423888,False
f6f620eab81798b95df8b98f45cf60e2b8b5522631ea729c5f4585b884619b10,ur5e,single_gn_k1,2,"[-2.521564464907341,3.7694325056821345,1.942927022253451,-6.021654413170083,-0.03633711361000169,3.0057784773204896]",False,no_descent,False,,16,117,,17,,,,True,True,True,0.0010917291575246806,0.0044928884932308845,"[""position_tolerance""]",position_tolerance,0.9999999999990026,4353127,False
f6f620eab81798b95df8b98f45cf60e2b8b5522631ea729c5f4585b884619b10,ur5e,task_excess_lbfgsb,0,"[-2.514186199307408,3.786663171864546,1.9394982178701528,-5.968456893283429,-0.028334355577651994,2.939220443544093]",True,task_admissible,True,,0,14,15,0,0,2.130493410173498e-13,0.999999,True,True,True,0.0009874405570835165,0.008726643229779837,[],accepted,0.06700516475194265,2603001,True
f6f620eab81798b95df8b98f45cf60e2b8b5522631ea729c5f4585b884619b10,ur5e,single_gn_k1,1,"[-2.521564464907341,3.7694325056821345,1.942927022253451,-6.021654413170083,-0.03633711361000169,3.0057784773204896]",False,no_descent,False,,16,117,,17,,,,True,True,True,0.0010917291575246806,0.0044928884932308845,"[""position_tolerance""]",position_tolerance,0.9999999999990026,4421679,False
f6f620eab81798b95df8b98f45cf60e2b8b5522631ea729c5f4585b884619b10,ur5e,point_loop_control,1,"[-2.521562623074612,3.7694324859497286,1.9429278723328487,-6.021657630173524,-0.0363357393419578,3.0057784773204896]",False,stationary,False,,24,117,118,25,93,0.004204562526950758,0.999999,True,True,True,0.0010917002816371805,0.004493421762541377,"[""position_tolerance""]",position_tolerance,0.9999999999990026,15552402,False
f6f620eab81798b95df8b98f45cf60e2b8b5522631ea729c5f4585b884619b10,ur5e,task_excess_lbfgsb,1,"[-2.514186199307408,3.786663171864546,1.9394982178701528,-5.968456893283429,-0.028334355577651994,2.939220443544093]",True,task_admissible,True,,0,14,15,0,0,2.130493410173498e-13,0.999999,True,True,True,0.0009874405570835165,0.008726643229779837,[],accepted,0.06700516475194265,2556505,True
f6f620eab81798b95df8b98f45cf60e2b8b5522631ea729c5f4585b884619b10,ur5e,task_excess_gn,1,"[-2.5132653562329033,3.772583354806105,1.9442411864706548,-6.02120314787972,-0.026904814595938673,3.005778157059442]",True,task_admissible,True,,5,10,11,7,5,2.2810071564538293e-15,0.999999,True,True,True,0.0009999990635190046,0.008726637733753408,[],accepted,0.9999949109855407,1806287,True
faaa7d32220bcfa3d2c5ac8b69577acf0d5a75387e62bc63f89738709774e972,panda,point_loop_control,2,"[-1.0597023466248592,0.9666088814319166,2.897299999999,-1.095996710977766,0.9833862869740413,1.4479507160653688,-1.3525804769201746]",True,task_admissible,True,,1,2,3,1,1,0.0,0.999999,True,True,True,0.0001003875305176227,0.00019095782569750387,[],accepted,0.41929878200516063,527054,True
faaa7d32220bcfa3d2c5ac8b69577acf0d5a75387e62bc63f89738709774e972,panda,single_gn_k1,2,"[-1.0597008072740013,0.9666079268622788,2.897299999999,-1.0959948011793168,0.9833844337581749,1.4479502262230968,-1.3525767315442216]",True,task_candidate,True,,2,4,,1,,,,True,True,True,0.00010014000677894718,0.00018893657461786914,[],accepted,0.41926334766737033,311217,True
faaa7d32220bcfa3d2c5ac8b69577acf0d5a75387e62bc63f89738709774e972,panda,single_gn_k0,0,"[-1.0597023466248592,0.9666088814319166,2.897299999999,-1.095996710977766,0.9833862869740413,1.4479507160653688,-1.3525804769201746]",True,task_candidate,True,,2,4,,1,,,,True,True,True,0.0001003875305176227,0.00019095782569750387,[],accepted,0.41929878200516063,312614,True
faaa7d32220bcfa3d2c5ac8b69577acf0d5a75387e62bc63f89738709774e972,panda,point_loop_control,1,"[-1.0597023466248592,0.9666088814319166,2.897299999999,-1.095996710977766,0.9833862869740413,1.4479507160653688,-1.3525804769201746]",True,task_admissible,True,,1,2,3,1,1,0.0,0.999999,True,True,True,0.0001003875305176227,0.00019095782569750387,[],accepted,0.41929878200516063,444197,True
faaa7d32220bcfa3d2c5ac8b69577acf0d5a75387e62bc63f89738709774e972,panda,single_gn_k1,0,"[-1.0597008072740013,0.9666079268622788,2.897299999999,-1.0959948011793168,0.9833844337581749,1.4479502262230968,-1.3525767315442216]",True,task_candidate,True,,2,4,,1,,,,True,True,True,0.00010014000677894718,0.00018893657461786914,[],accepted,0.41926334766737033,289216,True
faaa7d32220bcfa3d2c5ac8b69577acf0d5a75387e62bc63f89738709774e972,panda,single_gn_k0,1,"[-1.0597023466248592,0.9666088814319166,2.897299999999,-1.095996710977766,0.9833862869740413,1.4479507160653688,-1.3525804769201746]",True,task_candidate,True,,2,4,,1,,,,True,True,True,0.0001003875305176227,0.00019095782569750387,[],accepted,0.41929878200516063,291880,True
faaa7d32220bcfa3d2c5ac8b69577acf0d5a75387e62bc63f89738709774e972,panda,task_excess_gn,1,"[-1.061243419356344,0.9674045833078241,2.897299999999,-1.0986330542325211,0.9793838204180625,1.4537061526016242,-1.3497567884674488]",True,task_admissible,True,,1,2,3,1,1,0.0,0.999999,True,True,True,0.0009777247555538208,0.008654668081353598,[],accepted,0.4477325896131772,493447,True
faaa7d32220bcfa3d2c5ac8b69577acf0d5a75387e62bc63f89738709774e972,panda,task_excess_lbfgsb,1,"[-1.0549674153547313,0.9637762152053082,2.897299999999,-1.0879859658409141,0.9742097472340939,1.4454772745755133,-1.3554950816472389]",True,task_admissible,True,,0,11,12,0,0,3.5156892449525505e-18,0.999999,True,True,True,0.0009961908216793108,0.008726637556493966,[],accepted,0.3037875437046275,2183393,True
faaa7d32220bcfa3d2c5ac8b69577acf0d5a75387e62bc63f89738709774e972,panda,point_loop_control,0,"[-1.0597023466248592,0.9666088814319166,2.897299999999,-1.095996710977766,0.9833862869740413,1.4479507160653688,-1.3525804769201746]",True,task_admissible,True,,1,2,3,1,1,0.0,0.999999,True,True,True,0.0001003875305176227,0.00019095782569750387,[],accepted,0.41929878200516063,457805,True
faaa7d32220bcfa3d2c5ac8b69577acf0d5a75387e62bc63f89738709774e972,panda,single_gn_k0,2,"[-1.0597023466248592,0.9666088814319166,2.897299999999,-1.095996710977766,0.9833862869740413,1.4479507160653688,-1.3525804769201746]",True,task_candidate,True,,2,4,,1,,,,True,True,True,0.0001003875305176227,0.00019095782569750387,[],accepted,0.41929878200516063,319424,True
faaa7d32220bcfa3d2c5ac8b69577acf0d5a75387e62bc63f89738709774e972,panda,task_excess_isotropic,0,"[-1.0596570407489079,0.9665617929395328,2.897299999999,-1.0958969319475271,0.9833046051672473,1.4478528499721393,-1.3525446337814975]",True,task_admissible,True,,1,2,3,1,1,0.0,0.999999,True,True,True,0.00010016614359490821,0.00026344135869950044,[],accepted,0.41773698837621187,459455,True
faaa7d32220bcfa3d2c5ac8b69577acf0d5a75387e62bc63f89738709774e972,panda,task_excess_gn,2,"[-1.061243419356344,0.9674045833078241,2.897299999999,-1.0986330542325211,0.9793838204180625,1.4537061526016242,-1.3497567884674488]",True,task_admissible,True,,1,2,3,1,1,0.0,0.999999,True,True,True,0.0009777247555538208,0.008654668081353598,[],accepted,0.4477325896131772,462975,True
faaa7d32220bcfa3d2c5ac8b69577acf0d5a75387e62bc63f89738709774e972,panda,single_gn_k1,1,"[-1.0597008072740013,0.9666079268622788,2.897299999999,-1.0959948011793168,0.9833844337581749,1.4479502262230968,-1.3525767315442216]",True,task_candidate,True,,2,4,,1,,,,True,True,True,0.00010014000677894718,0.00018893657461786914,[],accepted,0.41926334766737033,303580,True
faaa7d32220bcfa3d2c5ac8b69577acf0d5a75387e62bc63f89738709774e972,panda,task_excess_gn,0,"[-1.061243419356344,0.9674045833078241,2.897299999999,-1.0986330542325211,0.9793838204180625,1.4537061526016242,-1.3497567884674488]",True,task_admissible,True,,1,2,3,1,1,0.0,0.999999,True,True,True,0.0009777247555538208,0.008654668081353598,[],accepted,0.4477325896131772,464874,True
faaa7d32220bcfa3d2c5ac8b69577acf0d5a75387e62bc63f89738709774e972,panda,task_excess_lbfgsb,2,"[-1.0549674153547313,0.9637762152053082,2.897299999999,-1.0879859658409141,0.9742097472340939,1.4454772745755133,-1.3554950816472389]",True,task_admissible,True,,0,11,12,0,0,3.5156892449525505e-18,0.999999,True,True,True,0.0009961908216793108,0.008726637556493966,[],accepted,0.3037875437046275,2143302,True
faaa7d32220bcfa3d2c5ac8b69577acf0d5a75387e62bc63f89738709774e972,panda,task_excess_isotropic,1,"[-1.0596570407489079,0.9665617929395328,2.897299999999,-1.0958969319475271,0.9833046051672473,1.4478528499721393,-1.3525446337814975]",True,task_admissible,True,,1,2,3,1,1,0.0,0.999999,True,True,True,0.00010016614359490821,0.00026344135869950044,[],accepted,0.41773698837621187,470325,True
faaa7d32220bcfa3d2c5ac8b69577acf0d5a75387e62bc63f89738709774e972,panda,task_excess_isotropic,2,"[-1.0596570407489079,0.9665617929395328,2.897299999999,-1.0958969319475271,0.9833046051672473,1.4478528499721393,-1.3525446337814975]",True,task_admissible,True,,1,2,3,1,1,0.0,0.999999,True,True,True,0.00010016614359490821,0.00026344135869950044,[],accepted,0.41773698837621187,452473,True
faaa7d32220bcfa3d2c5ac8b69577acf0d5a75387e62bc63f89738709774e972,panda,task_excess_lbfgsb,0,"[-1.0549674153547313,0.9637762152053082,2.897299999999,-1.0879859658409141,0.9742097472340939,1.4454772745755133,-1.3554950816472389]",True,task_admissible,True,,0,11,12,0,0,3.5156892449525505e-18,0.999999,True,True,True,0.0009961908216793108,0.008726637556493966,[],accepted,0.3037875437046275,2136753,True
fd7483419acb37b0698d74d96763247c7210ec891dee628d25e00c0b2f5690a2,panda,point_loop_control,1,"[1.7369974990324726,-0.3301640039649385,1.5884682985464742,-1.4259923758457402,0.36021469221258384,2.0088770399782243,1.0936582515188968]",False,deadline,False,,25,142,143,53,117,0.0018417524243456774,0.999999,True,True,True,0.0010606908845373197,0.006722233854094746,"[""position_tolerance""]",position_tolerance,0.9999999999989987,20215060,False
fd7483419acb37b0698d74d96763247c7210ec891dee628d25e00c0b2f5690a2,panda,task_excess_gn,2,"[1.7369974990324726,-0.3320146277094901,1.587196848988844,-1.4253684319056883,0.3624216784284088,2.00984420704312,1.0913939888033797]",True,task_admissible,True,,11,25,26,19,14,4.352320979698468e-13,0.999999,True,True,True,0.0009999998043960377,0.008726641658124838,[],accepted,0.9999999999989987,4391875,True
fd7483419acb37b0698d74d96763247c7210ec891dee628d25e00c0b2f5690a2,panda,single_gn_k0,0,"[1.7369974990324726,-0.33041419870726435,1.5882493791197354,-1.4259764430552853,0.36057014605017135,2.008800281151068,1.0934789295931902]",False,iteration_limit,False,,30,188,,63,,,,True,True,True,0.0010608553075069584,0.006719892153946814,"[""position_tolerance""]",position_tolerance,0.9999999999989987,7642589,False
fd7483419acb37b0698d74d96763247c7210ec891dee628d25e00c0b2f5690a2,panda,task_excess_isotropic,0,"[1.7370191863679987,-0.32790478098991627,1.5913548190409006,-1.4274611178437209,0.3556490564003005,2.013091573979406,1.096025170932896]",False,deadline,False,,20,137,138,29,117,3.283218768109515e-08,0.999999,True,True,True,0.0009999500220490732,0.008728873741785152,"[""orientation_tolerance""]",orientation_tolerance,0.9995025840465651,20232851,False
fd7483419acb37b0698d74d96763247c7210ec891dee628d25e00c0b2f5690a2,panda,single_gn_k1,2,"[1.7369974990324726,-0.330275665573084,1.58837015870603,-1.4259883719494946,0.36037280113914616,2.008843252518495,1.09357633986061]",False,iteration_limit,False,,30,186,,61,,,,True,True,True,0.0010609369202664702,0.00671883737263423,"[""position_tolerance""]",position_tolerance,0.9999999999989987,7533155,False
fd7483419acb37b0698d74d96763247c7210ec891dee628d25e00c0b2f5690a2,panda,task_excess_gn,1,"[1.7369974990324726,-0.3320146277094901,1.587196848988844,-1.4253684319056883,0.3624216784284088,2.00984420704312,1.0913939888033797]",True,task_admissible,True,,11,25,26,19,14,4.352320979698468e-13,0.999999,True,True,True,0.0009999998043960377,0.008726641658124838,[],accepted,0.9999999999989987,4394498,True
fd7483419acb37b0698d74d96763247c7210ec891dee628d25e00c0b2f5690a2,panda,single_gn_k1,0,"[1.7369974990324726,-0.330275665573084,1.58837015870603,-1.4259883719494946,0.36037280113914616,2.008843252518495,1.09357633986061]",False,iteration_limit,False,,30,186,,61,,,,True,True,True,0.0010609369202664702,0.00671883737263423,"[""position_tolerance""]",position_tolerance,0.9999999999989987,7451146,False
fd7483419acb37b0698d74d96763247c7210ec891dee628d25e00c0b2f5690a2,panda,point_loop_control,2,"[1.7369974990324726,-0.3301640039649385,1.5884682985464742,-1.4259923758457402,0.36021469221258384,2.0088770399782243,1.0936582515188968]",False,deadline,False,,25,143,144,53,118,0.0018417524243456774,0.999999,True,True,True,0.0010606908845373197,0.006722233854094746,"[""position_tolerance""]",position_tolerance,0.9999999999989987,20247657,False
fd7483419acb37b0698d74d96763247c7210ec891dee628d25e00c0b2f5690a2,panda,task_excess_isotropic,2,"[1.7370191863679987,-0.32790478098991627,1.5913548190409006,-1.4274611178437209,0.3556490564003005,2.013091573979406,1.096025170932896]",False,deadline,False,,20,138,139,29,118,3.283218768109515e-08,0.999999,True,True,True,0.0009999500220490732,0.008728873741785152,"[""orientation_tolerance""]",orientation_tolerance,0.9995025840465651,20217880,False
fd7483419acb37b0698d74d96763247c7210ec891dee628d25e00c0b2f5690a2,panda,single_gn_k1,1,"[1.7369974990324726,-0.330275665573084,1.58837015870603,-1.4259883719494946,0.36037280113914616,2.008843252518495,1.09357633986061]",False,iteration_limit,False,,30,186,,61,,,,True,True,True,0.0010609369202664702,0.00671883737263423,"[""position_tolerance""]",position_tolerance,0.9999999999989987,7487410,False
fd7483419acb37b0698d74d96763247c7210ec891dee628d25e00c0b2f5690a2,panda,task_excess_lbfgsb,2,"[1.7369974990324726,-0.3134041503456724,1.6029439524914,-1.427655394738215,0.33729056412497793,2.0153359109354865,1.1017540345473955]",True,task_admissible,True,,0,29,30,0,0,1.0268331248149429e-13,0.999999,True,True,True,0.0009999994531739455,0.008726636586409996,[],accepted,0.9999999999989987,5336798,True
fd7483419acb37b0698d74d96763247c7210ec891dee628d25e00c0b2f5690a2,panda,single_gn_k0,2,"[1.7369974990324726,-0.33041419870726435,1.5882493791197354,-1.4259764430552853,0.36057014605017135,2.008800281151068,1.0934789295931902]",False,iteration_limit,False,,30,188,,63,,,,True,True,True,0.0010608553075069584,0.006719892153946814,"[""position_tolerance""]",position_tolerance,0.9999999999989987,7642917,False
fd7483419acb37b0698d74d96763247c7210ec891dee628d25e00c0b2f5690a2,panda,task_excess_lbfgsb,0,"[1.7369974990324726,-0.3134041503456724,1.6029439524914,-1.427655394738215,0.33729056412497793,2.0153359109354865,1.1017540345473955]",True,task_admissible,True,,0,29,30,0,0,1.0268331248149429e-13,0.999999,True,True,True,0.0009999994531739455,0.008726636586409996,[],accepted,0.9999999999989987,5189855,True
fd7483419acb37b0698d74d96763247c7210ec891dee628d25e00c0b2f5690a2,panda,point_loop_control,0,"[1.7369974990324726,-0.3301640039649385,1.5884682985464742,-1.4259923758457402,0.36021469221258384,2.0088770399782243,1.0936582515188968]",False,deadline,False,,25,142,143,53,117,0.0018417524243456774,0.999999,True,True,True,0.0010606908845373197,0.006722233854094746,"[""position_tolerance""]",position_tolerance,0.9999999999989987,20125395,False
fd7483419acb37b0698d74d96763247c7210ec891dee628d25e00c0b2f5690a2,panda,task_excess_isotropic,1,"[1.7370192116769816,-0.32790478037810933,1.5913550208106078,-1.4274616322544753,0.35564911380658343,2.013090780860593,1.0960251869364475]",False,deadline,False,,20,139,140,29,119,2.5632615117976415e-08,0.999999,True,True,True,0.0010002013136383241,0.008727524669893369,"[""position_tolerance"",""orientation_tolerance""]",position_tolerance+orientation_tolerance,0.9995020035653057,20199610,False
fd7483419acb37b0698d74d96763247c7210ec891dee628d25e00c0b2f5690a2,panda,task_excess_lbfgsb,1,"[1.7369974990324726,-0.3134041503456724,1.6029439524914,-1.427655394738215,0.33729056412497793,2.0153359109354865,1.1017540345473955]",True,task_admissible,True,,0,29,30,0,0,1.0268331248149429e-13,0.999999,True,True,True,0.0009999994531739455,0.008726636586409996,[],accepted,0.9999999999989987,5272346,True
fd7483419acb37b0698d74d96763247c7210ec891dee628d25e00c0b2f5690a2,panda,task_excess_gn,0,"[1.7369974990324726,-0.3320146277094901,1.587196848988844,-1.4253684319056883,0.3624216784284088,2.00984420704312,1.0913939888033797]",True,task_admissible,True,,11,25,26,19,14,4.352320979698468e-13,0.999999,True,True,True,0.0009999998043960377,0.008726641658124838,[],accepted,0.9999999999989987,4453339,True
fd7483419acb37b0698d74d96763247c7210ec891dee628d25e00c0b2f5690a2,panda,single_gn_k0,1,"[1.7369974990324726,-0.33041419870726435,1.5882493791197354,-1.4259764430552853,0.36057014605017135,2.008800281151068,1.0934789295931902]",False,iteration_limit,False,,30,188,,63,,,,True,True,True,0.0010608553075069584,0.006719892153946814,"[""position_tolerance""]",position_tolerance,0.9999999999989987,7639079,False
fde1ad725563456ef5767c6ec8259b1928f843da4030295adf56e52df9b4e43e,panda,task_excess_isotropic,0,"[-0.3916361308672705,-0.014246489625225987,-1.3890438875587705,-1.6126971006017725,0.48109499642079934,2.113712747422386,1.4571163726115381]",False,iteration_limit,False,,30,116,117,32,86,0.02624416464824835,0.999999,True,True,True,0.0011867393572981546,0.009884896209467467,"[""position_tolerance"",""orientation_tolerance""]",position_tolerance+orientation_tolerance,0.9999999999990005,17474009,False
fde1ad725563456ef5767c6ec8259b1928f843da4030295adf56e52df9b4e43e,panda,point_loop_control,0,"[-0.3913371150807233,-0.015071695020203904,-1.3890438875587705,-1.612568092579469,0.48109499642079934,2.112028836395709,1.4570653996530298]",False,stationary,False,,20,124,125,22,104,0.0551356709658945,0.999999,True,True,True,0.0013320702904359378,0.008052555120346703,"[""position_tolerance""]",position_tolerance,0.9999999999990005,17138168,False
fde1ad725563456ef5767c6ec8259b1928f843da4030295adf56e52df9b4e43e,panda,task_excess_gn,1,"[-0.3916328789520014,-0.014255721014896177,-1.3890438875587705,-1.6126954513710996,0.48109499642079934,2.1136929714681534,1.4571158076798147]",False,stationary,False,,21,126,127,23,105,0.02623982949922061,0.999999,True,True,True,0.001188413613139127,0.009863769855566654,"[""position_tolerance"",""orientation_tolerance""]",position_tolerance+orientation_tolerance,0.9999999999990005,19636624,False
fde1ad725563456ef5767c6ec8259b1928f843da4030295adf56e52df9b4e43e,panda,task_excess_gn,2,"[-0.3916328789520014,-0.014255721014896177,-1.3890438875587705,-1.6126954513710996,0.48109499642079934,2.1136929714681534,1.4571158076798147]",False,stationary,False,,21,126,127,23,105,0.02623982949922061,0.999999,True,True,True,0.001188413613139127,0.009863769855566654,"[""position_tolerance"",""orientation_tolerance""]",position_tolerance+orientation_tolerance,0.9999999999990005,19671037,False
fde1ad725563456ef5767c6ec8259b1928f843da4030295adf56e52df9b4e43e,panda,task_excess_gn,0,"[-0.3916328789520014,-0.014255721014896177,-1.3890438875587705,-1.6126954513710996,0.48109499642079934,2.1136929714681534,1.4571158076798147]",False,stationary,False,,21,126,127,23,105,0.02623982949922061,0.999999,True,True,True,0.001188413613139127,0.009863769855566654,"[""position_tolerance"",""orientation_tolerance""]",position_tolerance+orientation_tolerance,0.9999999999990005,19666584,False
fde1ad725563456ef5767c6ec8259b1928f843da4030295adf56e52df9b4e43e,panda,point_loop_control,2,"[-0.3913371150807233,-0.015071695020203904,-1.3890438875587705,-1.612568092579469,0.48109499642079934,2.112028836395709,1.4570653996530298]",False,stationary,False,,20,124,125,22,104,0.0551356709658945,0.999999,True,True,True,0.0013320702904359378,0.008052555120346703,"[""position_tolerance""]",position_tolerance,0.9999999999990005,17186663,False
fde1ad725563456ef5767c6ec8259b1928f843da4030295adf56e52df9b4e43e,panda,task_excess_isotropic,2,"[-0.3916361308672705,-0.014246489625225987,-1.3890438875587705,-1.6126971006017725,0.48109499642079934,2.113712747422386,1.4571163726115381]",False,iteration_limit,False,,30,116,117,32,86,0.02624416464824835,0.999999,True,True,True,0.0011867393572981546,0.009884896209467467,"[""position_tolerance"",""orientation_tolerance""]",position_tolerance+orientation_tolerance,0.9999999999990005,17487714,False
fde1ad725563456ef5767c6ec8259b1928f843da4030295adf56e52df9b4e43e,panda,task_excess_lbfgsb,2,"[-0.39192544355615017,-0.013881331084563815,-1.3890438875587705,-1.612406693164758,0.48109499642079934,2.113151299730975,1.456112367010799]",False,optimizer_stop,False,"{""code"":1,""success"":false,""message"":""STOP: TOTAL NO. OF ITERATIONS REACHED LIMIT""}",30,37,38,0,0,0.027407183264409753,0.999999,True,True,True,0.001188232735743372,0.009941568084891878,"[""position_tolerance"",""orientation_tolerance""]",position_tolerance+orientation_tolerance,0.9999999999990005,6641635,False
fde1ad725563456ef5767c6ec8259b1928f843da4030295adf56e52df9b4e43e,panda,single_gn_k0,1,"[-0.39133711282780065,-0.015071697957087682,-1.3890438875587705,-1.6125680947968253,0.48109499642079934,2.11202884232193,1.4570653993808917]",False,stationary,False,,15,100,,17,,,,True,True,True,0.0013320701764960529,0.008052556555717912,"[""position_tolerance""]",position_tolerance,0.9999999999990005,3911712,False
fde1ad725563456ef5767c6ec8259b1928f843da4030295adf56e52df9b4e43e,panda,single_gn_k1,2,"[-0.3913374987404305,-0.015071474495428337,-1.3890438875587705,-1.6125676508271647,0.48109499642079934,2.1120270656259708,1.4570620592026924]",False,stationary,False,,15,100,,17,,,,True,True,True,0.0013321462502944373,0.008051598942506606,"[""position_tolerance""]",position_tolerance,0.9999999999990005,3873407,False
fde1ad725563456ef5767c6ec8259b1928f843da4030295adf56e52df9b4e43e,panda,single_gn_k1,1,"[-0.3913374987404305,-0.015071474495428337,-1.3890438875587705,-1.6125676508271647,0.48109499642079934,2.1120270656259708,1.4570620592026924]",False,stationary,False,,15,100,,17,,,,True,True,True,0.0013321462502944373,0.008051598942506606,"[""position_tolerance""]",position_tolerance,0.9999999999990005,3883875,False
fde1ad725563456ef5767c6ec8259b1928f843da4030295adf56e52df9b4e43e,panda,point_loop_control,1,"[-0.3913371150807233,-0.015071695020203904,-1.3890438875587705,-1.612568092579469,0.48109499642079934,2.112028836395709,1.4570653996530298]",False,stationary,False,,20,124,125,22,104,0.0551356709658945,0.999999,True,True,True,0.0013320702904359378,0.008052555120346703,"[""position_tolerance""]",position_tolerance,0.9999999999990005,17222931,False
fde1ad725563456ef5767c6ec8259b1928f843da4030295adf56e52df9b4e43e,panda,task_excess_lbfgsb,1,"[-0.39192544355615017,-0.013881331084563815,-1.3890438875587705,-1.612406693164758,0.48109499642079934,2.113151299730975,1.456112367010799]",False,optimizer_stop,False,"{""code"":1,""success"":false,""message"":""STOP: TOTAL NO. OF ITERATIONS REACHED LIMIT""}",30,37,38,0,0,0.027407183264409753,0.999999,True,True,True,0.001188232735743372,0.009941568084891878,"[""position_tolerance"",""orientation_tolerance""]",position_tolerance+orientation_tolerance,0.9999999999990005,6579959,False
fde1ad725563456ef5767c6ec8259b1928f843da4030295adf56e52df9b4e43e,panda,task_excess_lbfgsb,0,"[-0.39192544355615017,-0.013881331084563815,-1.3890438875587705,-1.612406693164758,0.48109499642079934,2.113151299730975,1.456112367010799]",False,optimizer_stop,False,"{""code"":1,""success"":false,""message"":""STOP: TOTAL NO. OF ITERATIONS REACHED LIMIT""}",30,37,38,0,0,0.027407183264409753,0.999999,True,True,True,0.001188232735743372,0.009941568084891878,"[""position_tolerance"",""orientation_tolerance""]",position_tolerance+orientation_tolerance,0.9999999999990005,6578394,False
fde1ad725563456ef5767c6ec8259b1928f843da4030295adf56e52df9b4e43e,panda,single_gn_k0,0,"[-0.39133711282780065,-0.015071697957087682,-1.3890438875587705,-1.6125680947968253,0.48109499642079934,2.11202884232193,1.4570653993808917]",False,stationary,False,,15,100,,17,,,,True,True,True,0.0013320701764960529,0.008052556555717912,"[""position_tolerance""]",position_tolerance,0.9999999999990005,3897233,False
fde1ad725563456ef5767c6ec8259b1928f843da4030295adf56e52df9b4e43e,panda,single_gn_k1,0,"[-0.3913374987404305,-0.015071474495428337,-1.3890438875587705,-1.6125676508271647,0.48109499642079934,2.1120270656259708,1.4570620592026924]",False,stationary,False,,15,100,,17,,,,True,True,True,0.0013321462502944373,0.008051598942506606,"[""position_tolerance""]",position_tolerance,0.9999999999990005,3832798,False
fde1ad725563456ef5767c6ec8259b1928f843da4030295adf56e52df9b4e43e,panda,task_excess_isotropic,1,"[-0.3916361308672705,-0.014246489625225987,-1.3890438875587705,-1.6126971006017725,0.48109499642079934,2.113712747422386,1.4571163726115381]",False,iteration_limit,False,,30,116,117,32,86,0.02624416464824835,0.999999,True,True,True,0.0011867393572981546,0.009884896209467467,"[""position_tolerance"",""orientation_tolerance""]",position_tolerance+orientation_tolerance,0.9999999999990005,17421907,False
fde1ad725563456ef5767c6ec8259b1928f843da4030295adf56e52df9b4e43e,panda,single_gn_k0,2,"[-0.39133711282780065,-0.015071697957087682,-1.3890438875587705,-1.6125680947968253,0.48109499642079934,2.11202884232193,1.4570653993808917]",False,stationary,False,,15,100,,17,,,,True,True,True,0.0013320701764960529,0.008052556555717912,"[""position_tolerance""]",position_tolerance,0.9999999999990005,3888132,False
