robot,baseline,uid,site_id,family,method_fraction,baseline_fraction,change,stable_all_vs_none
panda,single_gn_k0,009db6557800243ff65e0c7333cde1b7ddd0e6c46910706588a593a3f4acb624,trajectory_021,smooth,1.0,1.0,same,False
panda,single_gn_k0,01e6d3003da6b2fa52c23d3609faa8b8bff293815dffc7a4940980b2338958be,trajectory_013,smooth,1.0,1.0,same,False
panda,single_gn_k0,03bb61badb511b0b1ed87047a9796a921fc66524ca734ee655b56a672c6cb6ae,trajectory_118,joint_limit_return,1.0,1.0,same,False
panda,single_gn_k0,077b3a8cc515aec835a5b63a21db483c8c301447444b5f66f4859469994a68e3,trajectory_078,near_singular,1.0,1.0,same,False
panda,single_gn_k0,0a2537c3c40ba62c63727d6ed654546b317bfd0d8693efc85faa222da123debc,trajectory_039,smooth,1.0,1.0,same,False
panda,single_gn_k0,0a63ba1ae1e8450c4c3af9a6b1963ce87395c993548888753b0b6cb4f3583ea1,trajectory_159,high_curvature,1.0,1.0,same,False
panda,single_gn_k0,0d40fff84f0487f95ec2df4cd930981c8e49b45348a20e6e2fe0587a9381dd29,trajectory_053,near_singular,1.0,1.0,same,False
panda,single_gn_k0,1085f3e04aaffe00c129d91100b2cf03f3de069fa72a1f43ac92c05905fe372d,trajectory_045,near_singular,1.0,1.0,same,False
panda,single_gn_k0,11e5dd61197a24709eda8bbdf4933108e3a2cd75096cc1d83c67519e8f53cd3b,trajectory_030,smooth,1.0,1.0,same,False
panda,single_gn_k0,169492dbe3686e9bed801ec404d2386157ca73430efc2035673600b4d72e8a66,trajectory_049,near_singular,1.0,1.0,same,False
panda,single_gn_k0,16eb39236436e36522bf1742998d048f374e3572a63c53e2c2e5ca5d926ace93,trajectory_104,joint_limit_return,0.0,0.0,same,False
panda,single_gn_k0,182336d73a5b3e410318ecc89f8fff003cd4774c6c196286f77fbed7422ba22d,trajectory_043,near_singular,1.0,1.0,same,False
panda,single_gn_k0,19f667e15e6e2e001adaf2b54858a15da2770a3e032e6f2bf54394b4ae11dd2a,trajectory_098,joint_limit_return,1.0,1.0,same,False
panda,single_gn_k0,1b03f784d41d7fb54612cd0d699abc3bc5985f24c3c9eb72428a6cbaca414c2b,trajectory_086,joint_limit_return,1.0,1.0,same,False
panda,single_gn_k0,1b1432b684aef0b401c66b39b447aa074258ccfbe4d804811e9c02688243235a,trajectory_082,joint_limit_return,1.0,1.0,same,False
panda,single_gn_k0,1b39b898eb092990b04abf224824637c9d3158b64e555f4ee7f8b5df09af055b,trajectory_012,smooth,1.0,1.0,same,False
panda,single_gn_k0,1bbd79bf819cf6ecd63f3982a990a651d52ad71ee7023ec3ae7604b435a5db4b,trajectory_110,joint_limit_return,1.0,1.0,same,False
panda,single_gn_k0,1dec5a6acc79ceadb4ebd7ba3aa74faa30e6d2a850fe0fcfc8c37f6568b1a2a3,trajectory_127,high_curvature,1.0,1.0,same,False
panda,single_gn_k0,1e6df7d7a97068128c87d603d3c0e9f668d12f42bd3ad7bb6844038e1d000f49,trajectory_056,near_singular,1.0,1.0,same,False
panda,single_gn_k0,1ea0a808ba7693c99b08e547a054e536a85f836775c00d3ed9898d53321ca266,trajectory_028,smooth,1.0,1.0,same,False
panda,single_gn_k0,237fa3357fbe3d06a7b83c1b4d0365e8a361eb6c1d1814dbae706836b5bfb2ce,trajectory_113,joint_limit_return,1.0,1.0,same,False
panda,single_gn_k0,27c86cc0a672e7ca289d7e168325677711ec7e91facd0395bd5e092387fad4f4,trajectory_038,smooth,1.0,1.0,same,False
panda,single_gn_k0,29a3f6ef1b19352cfb9831f4fe8e2d53991595953116f2431868cb12d34e80bf,trajectory_151,high_curvature,1.0,1.0,same,False
panda,single_gn_k0,2a10217792feb2c6e8a32bc9be45b6711415582d2d65586302aaa5860acc9b32,trajectory_105,joint_limit_return,1.0,1.0,same,False
panda,single_gn_k0,2cd27cc14429c5bb9961620d46292e849640359e5072de88384099e723596b3b,trajectory_146,high_curvature,1.0,1.0,same,False
panda,single_gn_k0,2de001c20f2661d2eff3deefba47cc19b1426ff5273ca877feab77b0702a34e3,trajectory_135,high_curvature,1.0,1.0,same,False
panda,single_gn_k0,2e9f7ef4bb4fbdc88f8581fc058a669a339276f9db5b4987a20be41acbf962af,trajectory_126,high_curvature,1.0,0.0,gained,True
panda,single_gn_k0,312baf3e2d2b6b13442dfbc9f1a91a6cd7bcec51667a7b9eb7693b59856ac365,trajectory_116,joint_limit_return,1.0,1.0,same,False
panda,single_gn_k0,3175105088a2ea7a79edcde8bb9ea0ed512b9b6b3222beeb2342401af88bb389,trajectory_140,high_curvature,1.0,1.0,same,False
panda,single_gn_k0,3248dc23a4aa12b9dc7e39d0d5346d0ef2270be722bf5961d5c5f736dd88bfcc,trajectory_010,smooth,1.0,1.0,same,False
panda,single_gn_k0,32ab3887d7825b280c6bf3918b479dbeef5eb758062588da83ea9937955d19d2,trajectory_145,high_curvature,1.0,1.0,same,False
panda,single_gn_k0,32b81d51ae6fd562afb0aa7e3767f6b3f58bd3a2b885a6ea450cc98383e50b1d,trajectory_115,joint_limit_return,1.0,1.0,same,False
panda,single_gn_k0,3420bfde4a0fb08a7d93b107e4b8f0dcff0388d37c97df4df7e6d63bc48c2151,trajectory_087,joint_limit_return,1.0,1.0,same,False
panda,single_gn_k0,366389682e3e8bf025f25394f9bfd07e17264eab42f95422f126e8422ab8c2cc,trajectory_025,smooth,1.0,1.0,same,False
panda,single_gn_k0,367f1baec203a4ae08849509f9426baeda64e8ae57fb00c78716b03927eff0ba,trajectory_032,smooth,1.0,1.0,same,False
panda,single_gn_k0,39418c26c7c0ee7720f0a16e2b5930a336a74379ed31dd975416d5d9ab5766b1,trajectory_069,near_singular,1.0,1.0,same,False
panda,single_gn_k0,39db9e21b7437b9c1d0091ef2a3aabbd08543d9a7e7b1cf2cbb9cebd5e88d8e3,trajectory_037,smooth,1.0,1.0,same,False
panda,single_gn_k0,3a59b93a4c9e9c6b108b10e05344815f47411a6ce98c5ae4e2ed358ddc1d7440,trajectory_109,joint_limit_return,1.0,1.0,same,False
panda,single_gn_k0,3b1c31e411ac6d014c0cba23d0c07be341aaec10cd7aadf586bb9fa3b4f47768,trajectory_011,smooth,1.0,1.0,same,False
panda,single_gn_k0,3cc83c847094c062d9a1677d819e0323896e630be7a2918f43397133c151e1ec,trajectory_017,smooth,1.0,1.0,same,False
panda,single_gn_k0,3d9860380251b55343a936ce0ba8b1f5348fe374983de15e16235a13e53cf704,trajectory_003,smooth,1.0,1.0,same,False
panda,single_gn_k0,3e415f820d053f2d414a09831137a936dfa8fffec0e1ebb8457c8d2055627c90,trajectory_154,high_curvature,1.0,1.0,same,False
panda,single_gn_k0,42cf116720f75d6fad1700cdcdf43c62d73a67ece9c9450f48aed630d0fe0b22,trajectory_014,smooth,1.0,1.0,same,False
panda,single_gn_k0,44780d25bceacad472afc451e0aa3b81359116b7b988792dace49116d842955a,trajectory_139,high_curvature,1.0,1.0,same,False
panda,single_gn_k0,4560ce06cdb032d006dfd81e869438fc013004a708606761affafddac71844ba,trajectory_034,smooth,1.0,1.0,same,False
panda,single_gn_k0,4588e0448a7051a3cca903c21654de3352717cf1f1ea512d4688a78fdfe7488c,trajectory_055,near_singular,1.0,1.0,same,False
panda,single_gn_k0,45b0f4687b5986b23497d7ff1f5dc551d097cd684f87b9cd87c44d76c37e40b8,trajectory_088,joint_limit_return,1.0,1.0,same,False
panda,single_gn_k0,479acbcb94748d65126d5afb88aa88d3c2356d029199485ebdb36946117ccfaf,trajectory_007,smooth,1.0,1.0,same,False
panda,single_gn_k0,47ae8f807e48c4c002530f6da0fb351b873959f64a26b5a550694c685ae73c4a,trajectory_057,near_singular,1.0,1.0,same,False
panda,single_gn_k0,480587c598ca589e82de0deeb2ce9a0e3addfeae1cad8d4b5250a048cf275b3d,trajectory_041,near_singular,1.0,1.0,same,False
panda,single_gn_k0,49a1edd5201a14cde7f8a9bbd2c4de7814b5dff477df1c6ed6df571c6cfa3e5d,trajectory_029,smooth,1.0,1.0,same,False
panda,single_gn_k0,4b11ed64f31d9ba64758d060a1591e0d395d58a23b7e1e258546c85cd3c09b33,trajectory_068,near_singular,1.0,1.0,same,False
panda,single_gn_k0,4b685f766c2aaa86bbe0149755113dc5f973ef6e7a20b143520733e773f45186,trajectory_090,joint_limit_return,1.0,1.0,same,False
panda,single_gn_k0,4c6f3e4c4938f1d045ad81cc0b00279c7e4deeb0090877a2457fc71d699e5669,trajectory_015,smooth,1.0,1.0,same,False
panda,single_gn_k0,4d8dfd105e6967177e92702e792e3fcfeb8cab41c72b787e436a4b5f2cbf4cef,trajectory_008,smooth,1.0,1.0,same,False
panda,single_gn_k0,4e1843759088f4a5ab2eb9d0488ded425922f491cc72a77a168a168496703da9,trajectory_084,joint_limit_return,1.0,1.0,same,False
panda,single_gn_k0,4f1940d91117f91ea27fc47a289476bf2361c47cbbb34e21aa92e2a9bf8c25da,trajectory_120,high_curvature,0.0,1.0,lost,True
panda,single_gn_k0,4f748698c3c2c641dfd36bbbeddb6bf166b308236fd594b727a9a25f58549651,trajectory_158,high_curvature,1.0,1.0,same,False
panda,single_gn_k0,52bfa11a7beed01ba2979eed87aff5a6d1878b46392075e49e79297e367f7fa5,trajectory_005,smooth,1.0,1.0,same,False
panda,single_gn_k0,56e3826cb8c9c1d2669f86c094648f3a15468966904942f865b6138ae1a34089,trajectory_156,high_curvature,1.0,1.0,same,False
panda,single_gn_k0,5901f315f2447757c1867df962600c1d912c87fe3cb9d65589d6081769488442,trajectory_130,high_curvature,1.0,1.0,same,False
panda,single_gn_k0,59fb6a8924934a79c09136da28b7a3ff8bbd61498838a8128a1bd053a2a3f32d,trajectory_065,near_singular,1.0,1.0,same,False
panda,single_gn_k0,5bdcc2d8aebc7b7d2e138df541304b09eb972c06a781fbf126b84888026ce734,trajectory_026,smooth,1.0,1.0,same,False
panda,single_gn_k0,5c3485c9a41783628ed9200eabb9c7aa756b2d1838f092b31a88491623ae52e2,trajectory_124,high_curvature,1.0,1.0,same,False
panda,single_gn_k0,5dac1d49889fe9e09b4c32f417b1bf4ee86389af5d20fc3823371a7ee2bba187,trajectory_103,joint_limit_return,1.0,1.0,same,False
panda,single_gn_k0,617dfe3c6044a249e2b35c9a35fdace22f1d096e467cd2c20a564e43995edf0f,trajectory_042,near_singular,0.0,1.0,lost,True
panda,single_gn_k0,6292d6a262da269233959d5b381d94998db141290bc3e30dd2208b51a11c8100,trajectory_092,joint_limit_return,0.0,1.0,lost,True
panda,single_gn_k0,6586e2c2aa7b28f704b4e4da538ca71d7f5b6ecb11bdc8906e682eca50fbbad1,trajectory_107,joint_limit_return,1.0,1.0,same,False
panda,single_gn_k0,68eda3224034b5683d377b5d7cddd0db39a9c6a0fc30def562c3282bdf4cfda6,trajectory_023,smooth,1.0,1.0,same,False
panda,single_gn_k0,6a1c3a555eddf23620d15ee7cb9500f45bbd54b6f5f7d61f9643b9d310581150,trajectory_102,joint_limit_return,1.0,1.0,same,False
panda,single_gn_k0,6b0966e51c74ee179bda979ce90c28e13df86983752592ccef75cfedcedb1271,trajectory_147,high_curvature,1.0,1.0,same,False
panda,single_gn_k0,6b2979d02b4c234eab22bfc97da014daf8f5b7c94a6d47eaee20dd8705a29e94,trajectory_036,smooth,1.0,1.0,same,False
panda,single_gn_k0,6f45a8b6059397bd23d369002df06b9d4a367c8e87cafa78af25eef62d2ba906,trajectory_020,smooth,1.0,1.0,same,False
panda,single_gn_k0,700234aadb2ef0f2c5056fb078594221aa97a092642689035f4bffd6e6845062,trajectory_144,high_curvature,0.0,0.0,same,False
panda,single_gn_k0,710b8798d1f34818e642157f92c158183934342acbc1f8f054abdb7080c71569,trajectory_143,high_curvature,1.0,1.0,same,False
panda,single_gn_k0,75d52c890b861cdb7f9862279ecbe3d5318b78f4d93cd28cc30414ef5493341c,trajectory_035,smooth,1.0,1.0,same,False
panda,single_gn_k0,76014196d575d651386f649f98c4d3dd7f03787edbfd42b80122072d25c83bba,trajectory_066,near_singular,1.0,1.0,same,False
panda,single_gn_k0,76723c8484a05a7bc2bff4047708ad396e6759dff58cd347e4b36eeb1bdedfd0,trajectory_111,joint_limit_return,1.0,1.0,same,False
panda,single_gn_k0,79076cd9aa84b436fcbb836548e693b733aa35a2d7be5ccd28163e80bd3fcb82,trajectory_046,near_singular,1.0,1.0,same,False
panda,single_gn_k0,79a9d8a888407eb550cf8684661f49bc7ef7579e670e95b79b09ae9c996b9b0d,trajectory_019,smooth,1.0,1.0,same,False
panda,single_gn_k0,79b541a168d9d17d398c8098d305be992824956b558db5da00571e9427e38c44,trajectory_077,near_singular,1.0,1.0,same,False
panda,single_gn_k0,7a4b0e446427145d85dd1b448c80c4b2902f9595f8588456fecd4093f299a8df,trajectory_117,joint_limit_return,1.0,1.0,same,False
panda,single_gn_k0,7c4f7297f4e3c51c94bbff33f1f6fea524a7aeb44e815849ac855cd47cb12778,trajectory_047,near_singular,1.0,1.0,same,False
panda,single_gn_k0,8159f4b8a9c566ba4d2d648b7a0ce5497eff71c08df175337922b21578479645,trajectory_157,high_curvature,1.0,1.0,same,False
panda,single_gn_k0,84f83b0ba1930b447be1abf5134e2558f2120f5657126a3a00b788b94429902d,trajectory_141,high_curvature,1.0,1.0,same,False
panda,single_gn_k0,883e06904863f75da01f0a8b29601d8d6c4e5e3d4391b559c9a576779b153be2,trajectory_063,near_singular,1.0,1.0,same,False
panda,single_gn_k0,891914e1ae3556ab6b0945f9863bdec1840dd5a264e93c627a51b7581f16dfe8,trajectory_134,high_curvature,1.0,1.0,same,False
panda,single_gn_k0,8bebd193c402f03b5f2bdcd9ccfa7c6ea00cd4821f9b4165aa9533694979e773,trajectory_106,joint_limit_return,1.0,1.0,same,False
panda,single_gn_k0,8eb0376749a7bcb5bb763b8809e852eb2830de76762dcdd0f2ef9dcf64a3ccec,trajectory_152,high_curvature,1.0,1.0,same,False
panda,single_gn_k0,91dba0fb58c14a6382c14e9d6f796faac1dae38265d099f7bf09cdb6e2f2f8cc,trajectory_018,smooth,1.0,1.0,same,False
panda,single_gn_k0,9289844cd619fe3c022d910841ace12e165e07777f181c72cc2a1aec1da2e3fb,trajectory_131,high_curvature,1.0,1.0,same,False
panda,single_gn_k0,92b622165930ed028b13c8c2a3d6133c389f1a260daf0561cfcff77a8d9f844b,trajectory_044,near_singular,1.0,1.0,same,False
panda,single_gn_k0,9408a6fe715e7be47720924bb6ceeff40609fd34a88003747eb1e71abe1a9a2f,trajectory_137,high_curvature,1.0,1.0,same,False
panda,single_gn_k0,941208ad496f124a01969cbcd5952f3d62d67fd41b608983f17a9968782c4827,trajectory_149,high_curvature,1.0,1.0,same,False
panda,single_gn_k0,95f75106b91876cd6f738407fc0ef5a94df2060332a02c67ac9ea3733c714ed4,trajectory_000,smooth,1.0,1.0,same,False
panda,single_gn_k0,969ba5d44c0c1d23ec4d7872e24f6fb53691d315f926ddf3bba5bf77a876acba,trajectory_071,near_singular,1.0,1.0,same,False
panda,single_gn_k0,98a64163a7bd63a545af06f06534fbce4eb6002995e513221ad2614b1706b9ad,trajectory_002,smooth,1.0,1.0,same,False
panda,single_gn_k0,98a8aab5c8e29361ccafa7a573c6c335bc3b5a38f2b5ffb7af6a8d682c72f8b5,trajectory_119,joint_limit_return,1.0,1.0,same,False
panda,single_gn_k0,98aff3582a84a6146748002550a34794014c19c6a94d633ebdfdfefa61217699,trajectory_096,joint_limit_return,1.0,1.0,same,False
panda,single_gn_k0,9e7027908956f6feea8630c453988b56b38fb5654bc6494312db6fec4fe6e93e,trajectory_048,near_singular,1.0,1.0,same,False
panda,single_gn_k0,a05d83f7ddfc14a4cdfa84454006e4d9e5ee9dcf7c2bedac15fd258bf8c34136,trajectory_081,joint_limit_return,1.0,1.0,same,False
panda,single_gn_k0,a1b85e534d2e0cdb72790b6734610df5aa37117f3174bde1e7216baec8456552,trajectory_004,smooth,1.0,1.0,same,False
panda,single_gn_k0,a32f076fd84a50b0746febbd023dfac09cce4d08b2e19b8eee9393caa4f35a24,trajectory_061,near_singular,1.0,1.0,same,False
panda,single_gn_k0,a41fa9fd32eb51775be76cb69ed2f1a90c7db2fa4635519af5f36aa1f9882715,trajectory_099,joint_limit_return,1.0,1.0,same,False
panda,single_gn_k0,a4757ca54027f468f26f705c836838ae45f57658e775c4c60a7395323f3fb346,trajectory_076,near_singular,1.0,1.0,same,False
panda,single_gn_k0,a614e3a4c0b7636e17bf50037f1bf43f2ef3b76be9053ce9be5e9d2970b350aa,trajectory_001,smooth,1.0,1.0,same,False
panda,single_gn_k0,a9445fc6e5fb718c951f64a65114eec0d3b485d66e12c4a1e5e95a92991dc00b,trajectory_108,joint_limit_return,1.0,1.0,same,False
panda,single_gn_k0,a9dad4d05a0465b0a7d0f6adc718d5b33d1adc460d8d23ca364b0b32c99a5f43,trajectory_150,high_curvature,1.0,1.0,same,False
panda,single_gn_k0,aa8b9f192ff1868146667d1b686b24bea6114cf01c1f8c722b16e84737da2ba0,trajectory_083,joint_limit_return,1.0,1.0,same,False
panda,single_gn_k0,abac8acf60716cc94ba74123dcb5312d1eb7a1b46c62a947ef2b73f2b84e5374,trajectory_093,joint_limit_return,1.0,1.0,same,False
panda,single_gn_k0,ada02d8a4041f5f9598faabf38e8bb5f2ac9e20ffdbab433149955384b914051,trajectory_016,smooth,1.0,1.0,same,False
panda,single_gn_k0,ae7db0483b9fa61d315d70e1d36b61f099764053013d7cd8b34f1591e5ef70bf,trajectory_148,high_curvature,1.0,1.0,same,False
panda,single_gn_k0,b2e4231b22fe2f97c2c16de3eabbd347cfea7ab68444a1afccbe3ac3079b4f48,trajectory_060,near_singular,1.0,1.0,same,False
panda,single_gn_k0,b304104f37dfe87f52e47e4645deb21c8bb6b164549bb941929ab27ce08b714d,trajectory_085,joint_limit_return,1.0,1.0,same,False
panda,single_gn_k0,b5d8e2eba24b1d515276c8684f15f9ab4e84e24bd2259b6c109d0288a3b2ed9e,trajectory_123,high_curvature,1.0,1.0,same,False
panda,single_gn_k0,b63ecbeba848a1d720ff4202885635161c6c2f8a7a27eff5b02409f1b4279172,trajectory_079,near_singular,1.0,1.0,same,False
panda,single_gn_k0,b69f62508019f8a84299bad37e9c92ab1b80bd4b127e8c5b60c969c257ff7cc6,trajectory_073,near_singular,1.0,1.0,same,False
panda,single_gn_k0,b6b9be5e9dbb7e471bc7de18813d720f027151c79c5e2f6bc24083939afd3715,trajectory_033,smooth,1.0,1.0,same,False
panda,single_gn_k0,b6cbd705da27715926d1834f38ee3634efd21ed62a05fe9f858bb938aa8ad66d,trajectory_142,high_curvature,1.0,1.0,same,False
panda,single_gn_k0,b789a3a68dd93679c394a021695368cd0e7f05fa2f0999fda29ea8cbc55bb1b5,trajectory_101,joint_limit_return,1.0,1.0,same,False
panda,single_gn_k0,b7d9f59b33a2dda6c19ff77ca7e30b88fa3fe1ea9f416b1340aa4cb29a2d7580,trajectory_064,near_singular,1.0,1.0,same,False
panda,single_gn_k0,bb90da78357615fc1a654b326ac620375a16ab26042ef42f52b32bafb2663527,trajectory_062,near_singular,1.0,1.0,same,False
panda,single_gn_k0,bd42c775f0f4134d408d51af225b1d03a8899405721c946646244bcbac33f42f,trajectory_138,high_curvature,1.0,1.0,same,False
panda,single_gn_k0,bdcd3ffd414ccd41a775496dcc9690aff30070fdb1d6d42ba00798b9b3fce457,trajectory_070,near_singular,1.0,1.0,same,False
panda,single_gn_k0,bf6096f502134513e2313f50fbc04736f435a97794c75f88da9741bbf3b306f0,trajectory_051,near_singular,1.0,1.0,same,False
panda,single_gn_k0,c068c4a69ab7818dfd663ebe0bd5f26cb404ea2a0142fa63589d2368c63c96c2,trajectory_022,smooth,1.0,1.0,same,False
panda,single_gn_k0,c2ebae0d24e306f3744e9ac2a38add8502705448e7eda234f19e3082f56fa52c,trajectory_094,joint_limit_return,1.0,0.0,gained,True
panda,single_gn_k0,c413c8e51512e31288411e26b66641b2d288db860038d5c93c92eaed0e5a4262,trajectory_067,near_singular,1.0,1.0,same,False
panda,single_gn_k0,c6cfd91b767095758b663e0ee9d436d5e7a392ae0b0f544dc5c1085014080e48,trajectory_125,high_curvature,1.0,0.0,gained,True
panda,single_gn_k0,ca9cd0ec53e341e94f32ed243e8aa7157ceaccebe06c876d98959a6523575b0c,trajectory_054,near_singular,1.0,1.0,same,False
panda,single_gn_k0,ce2ecca87ee582df7b70a4be4252ec5077978137e18a0facb8f7569fae9cde3b,trajectory_031,smooth,1.0,1.0,same,False
panda,single_gn_k0,ceef73a7c61264683fe087a71b97581b2fa0b224028ef16c560b7751811a39bf,trajectory_133,high_curvature,1.0,1.0,same,False
panda,single_gn_k0,cf1ac8c4297fcd0132ef27f0d2fb9f45010d63c137bcd423126e4d2759aec7e2,trajectory_024,smooth,1.0,1.0,same,False
panda,single_gn_k0,d18f14b16c53cbd1c1811adc5279f00e6745676ca71c477595565e5b21ad5248,trajectory_072,near_singular,1.0,1.0,same,False
panda,single_gn_k0,d1b6f99f9dd68c456e81713c3f5adafb553bd17ccdb5e0cb02ef57464d7180fc,trajectory_059,near_singular,1.0,1.0,same,False
panda,single_gn_k0,d417c16e467b1bde55181c0022bd7193f19faed3ca6ba4f83228bdb2488af8d5,trajectory_112,joint_limit_return,1.0,1.0,same,False
panda,single_gn_k0,d4ff5150093d260a061aa45d09215d38d3f65c8fc3ba45841188479b3784eac3,trajectory_155,high_curvature,1.0,1.0,same,False
panda,single_gn_k0,d677d8817a9086e31204c00a069fcd9714941f266e92b8c76d39517d2a87c663,trajectory_074,near_singular,0.0,0.0,same,False
panda,single_gn_k0,d6a977914b0b3a11523a9e5e9bfe0aec9b82ee4dc4e9aaf198c39e1d12aa50ec,trajectory_006,smooth,1.0,1.0,same,False
panda,single_gn_k0,d705eae3a57ea3fd8966a58397aa9782312a3f2db92812d3a60612d6281d7a69,trajectory_080,joint_limit_return,1.0,1.0,same,False
panda,single_gn_k0,d7da3b52b00c623aa961e4db17e1e3c8b05d3c4295e5905a19047bd8a7f4482c,trajectory_052,near_singular,1.0,1.0,same,False
panda,single_gn_k0,d82047102c78a4602cd08dfad44002c7dce3cccfde940bd18afaf6875e44a5e5,trajectory_089,joint_limit_return,1.0,1.0,same,False
panda,single_gn_k0,dadc09c8bbc4e0450405f77e51a38d5d8546bb051ad9cfc1e1398bcdd4f1d27a,trajectory_058,near_singular,1.0,1.0,same,False
panda,single_gn_k0,dd0122570b896479af2d5e319728e4940246870fb490724adba3c30f961e0e7e,trajectory_009,smooth,1.0,1.0,same,False
panda,single_gn_k0,dd1303e9238be07b9c3435e99535065a7a9cce01608a84e607d928971719def4,trajectory_095,joint_limit_return,1.0,1.0,same,False
panda,single_gn_k0,dfaa894d22df9fd9a31cdd4ce8dd11840f0a3026b6833427c58aaa20620b9717,trajectory_097,joint_limit_return,1.0,1.0,same,False
panda,single_gn_k0,e11c2109877d969d2296d7103ee1a32f1f66db688f9df04542727276616d2a40,trajectory_100,joint_limit_return,1.0,1.0,same,False
panda,single_gn_k0,e1f06a0cbe2bf8492fefa4cc723935b4aadc170e685425ed9329cc5dc9c746b5,trajectory_027,smooth,1.0,1.0,same,False
panda,single_gn_k0,e3a30346944b79b0086c4cb983646ceebe15696d5c9bf69d7496404831b70e03,trajectory_136,high_curvature,1.0,1.0,same,False
panda,single_gn_k0,e40d3f082546ab1357a170ac5ff8c171de91eec0c12f3499c7b0a8b2e47ad61c,trajectory_128,high_curvature,1.0,1.0,same,False
panda,single_gn_k0,e59c723f13ae5c53043b764f23592cb10b26f287cd78c271c7158aad043d0a2a,trajectory_114,joint_limit_return,1.0,1.0,same,False
panda,single_gn_k0,ea76edb7fffb2121617f45c85620b2acebff5380ee10e86c623c023a6640180d,trajectory_121,high_curvature,1.0,1.0,same,False
panda,single_gn_k0,eb8a219ef38c40148c14bd361d543fb02881dc6779e79ab9e201a7c3fdfcf201,trajectory_040,near_singular,1.0,1.0,same,False
panda,single_gn_k0,f273e2cf840747e85e3dc4a774925882a9057bc0672355948aab35c0de41c7d8,trajectory_050,near_singular,1.0,1.0,same,False
panda,single_gn_k0,f39446bf3771ea811293302220c427a31e3e1c1e949786ced0d4215be0e0ad61,trajectory_132,high_curvature,1.0,1.0,same,False
panda,single_gn_k0,f6dd29d48efd585758ed6330f5475dca353eca61cef94f6b09e8a3a31bb9a2f3,trajectory_091,joint_limit_return,1.0,1.0,same,False
panda,single_gn_k0,f9dcfa03596d8c86d5fc2d68c4ffb6f789a8b333d25a90867029dce43baae39a,trajectory_075,near_singular,1.0,1.0,same,False
panda,single_gn_k0,fba0889c16a2e83db85f027c9f5a508183ca0b8504c97c510caf8090ad04ab36,trajectory_153,high_curvature,1.0,1.0,same,False
panda,single_gn_k0,fbe58ea6278a7dab5fd757ac4e0b97ee869e320d50461b5af01ee66e258ef8fa,trajectory_122,high_curvature,1.0,1.0,same,False
panda,single_gn_k0,ff6263afe4b5d337eafb70a82e8563f760f2ac8b10ba223fe42584c9e366b7d3,trajectory_129,high_curvature,1.0,1.0,same,False
panda,single_gn_clip,009db6557800243ff65e0c7333cde1b7ddd0e6c46910706588a593a3f4acb624,trajectory_021,smooth,1.0,1.0,same,False
panda,single_gn_clip,01e6d3003da6b2fa52c23d3609faa8b8bff293815dffc7a4940980b2338958be,trajectory_013,smooth,1.0,1.0,same,False
panda,single_gn_clip,03bb61badb511b0b1ed87047a9796a921fc66524ca734ee655b56a672c6cb6ae,trajectory_118,joint_limit_return,1.0,1.0,same,False
panda,single_gn_clip,077b3a8cc515aec835a5b63a21db483c8c301447444b5f66f4859469994a68e3,trajectory_078,near_singular,1.0,1.0,same,False
panda,single_gn_clip,0a2537c3c40ba62c63727d6ed654546b317bfd0d8693efc85faa222da123debc,trajectory_039,smooth,1.0,1.0,same,False
panda,single_gn_clip,0a63ba1ae1e8450c4c3af9a6b1963ce87395c993548888753b0b6cb4f3583ea1,trajectory_159,high_curvature,1.0,1.0,same,False
panda,single_gn_clip,0d40fff84f0487f95ec2df4cd930981c8e49b45348a20e6e2fe0587a9381dd29,trajectory_053,near_singular,1.0,1.0,same,False
panda,single_gn_clip,1085f3e04aaffe00c129d91100b2cf03f3de069fa72a1f43ac92c05905fe372d,trajectory_045,near_singular,1.0,1.0,same,False
panda,single_gn_clip,11e5dd61197a24709eda8bbdf4933108e3a2cd75096cc1d83c67519e8f53cd3b,trajectory_030,smooth,1.0,1.0,same,False
panda,single_gn_clip,169492dbe3686e9bed801ec404d2386157ca73430efc2035673600b4d72e8a66,trajectory_049,near_singular,1.0,1.0,same,False
panda,single_gn_clip,16eb39236436e36522bf1742998d048f374e3572a63c53e2c2e5ca5d926ace93,trajectory_104,joint_limit_return,0.0,0.0,same,False
panda,single_gn_clip,182336d73a5b3e410318ecc89f8fff003cd4774c6c196286f77fbed7422ba22d,trajectory_043,near_singular,1.0,1.0,same,False
panda,single_gn_clip,19f667e15e6e2e001adaf2b54858a15da2770a3e032e6f2bf54394b4ae11dd2a,trajectory_098,joint_limit_return,1.0,1.0,same,False
panda,single_gn_clip,1b03f784d41d7fb54612cd0d699abc3bc5985f24c3c9eb72428a6cbaca414c2b,trajectory_086,joint_limit_return,1.0,1.0,same,False
panda,single_gn_clip,1b1432b684aef0b401c66b39b447aa074258ccfbe4d804811e9c02688243235a,trajectory_082,joint_limit_return,1.0,1.0,same,False
panda,single_gn_clip,1b39b898eb092990b04abf224824637c9d3158b64e555f4ee7f8b5df09af055b,trajectory_012,smooth,1.0,1.0,same,False
panda,single_gn_clip,1bbd79bf819cf6ecd63f3982a990a651d52ad71ee7023ec3ae7604b435a5db4b,trajectory_110,joint_limit_return,1.0,1.0,same,False
panda,single_gn_clip,1dec5a6acc79ceadb4ebd7ba3aa74faa30e6d2a850fe0fcfc8c37f6568b1a2a3,trajectory_127,high_curvature,1.0,1.0,same,False
panda,single_gn_clip,1e6df7d7a97068128c87d603d3c0e9f668d12f42bd3ad7bb6844038e1d000f49,trajectory_056,near_singular,1.0,1.0,same,False
panda,single_gn_clip,1ea0a808ba7693c99b08e547a054e536a85f836775c00d3ed9898d53321ca266,trajectory_028,smooth,1.0,1.0,same,False
panda,single_gn_clip,237fa3357fbe3d06a7b83c1b4d0365e8a361eb6c1d1814dbae706836b5bfb2ce,trajectory_113,joint_limit_return,1.0,1.0,same,False
panda,single_gn_clip,27c86cc0a672e7ca289d7e168325677711ec7e91facd0395bd5e092387fad4f4,trajectory_038,smooth,1.0,1.0,same,False
panda,single_gn_clip,29a3f6ef1b19352cfb9831f4fe8e2d53991595953116f2431868cb12d34e80bf,trajectory_151,high_curvature,1.0,1.0,same,False
panda,single_gn_clip,2a10217792feb2c6e8a32bc9be45b6711415582d2d65586302aaa5860acc9b32,trajectory_105,joint_limit_return,1.0,1.0,same,False
panda,single_gn_clip,2cd27cc14429c5bb9961620d46292e849640359e5072de88384099e723596b3b,trajectory_146,high_curvature,1.0,1.0,same,False
panda,single_gn_clip,2de001c20f2661d2eff3deefba47cc19b1426ff5273ca877feab77b0702a34e3,trajectory_135,high_curvature,1.0,1.0,same,False
panda,single_gn_clip,2e9f7ef4bb4fbdc88f8581fc058a669a339276f9db5b4987a20be41acbf962af,trajectory_126,high_curvature,1.0,1.0,same,False
panda,single_gn_clip,312baf3e2d2b6b13442dfbc9f1a91a6cd7bcec51667a7b9eb7693b59856ac365,trajectory_116,joint_limit_return,1.0,1.0,same,False
panda,single_gn_clip,3175105088a2ea7a79edcde8bb9ea0ed512b9b6b3222beeb2342401af88bb389,trajectory_140,high_curvature,1.0,1.0,same,False
panda,single_gn_clip,3248dc23a4aa12b9dc7e39d0d5346d0ef2270be722bf5961d5c5f736dd88bfcc,trajectory_010,smooth,1.0,1.0,same,False
panda,single_gn_clip,32ab3887d7825b280c6bf3918b479dbeef5eb758062588da83ea9937955d19d2,trajectory_145,high_curvature,1.0,1.0,same,False
panda,single_gn_clip,32b81d51ae6fd562afb0aa7e3767f6b3f58bd3a2b885a6ea450cc98383e50b1d,trajectory_115,joint_limit_return,1.0,1.0,same,False
panda,single_gn_clip,3420bfde4a0fb08a7d93b107e4b8f0dcff0388d37c97df4df7e6d63bc48c2151,trajectory_087,joint_limit_return,1.0,1.0,same,False
panda,single_gn_clip,366389682e3e8bf025f25394f9bfd07e17264eab42f95422f126e8422ab8c2cc,trajectory_025,smooth,1.0,1.0,same,False
panda,single_gn_clip,367f1baec203a4ae08849509f9426baeda64e8ae57fb00c78716b03927eff0ba,trajectory_032,smooth,1.0,1.0,same,False
panda,single_gn_clip,39418c26c7c0ee7720f0a16e2b5930a336a74379ed31dd975416d5d9ab5766b1,trajectory_069,near_singular,1.0,1.0,same,False
panda,single_gn_clip,39db9e21b7437b9c1d0091ef2a3aabbd08543d9a7e7b1cf2cbb9cebd5e88d8e3,trajectory_037,smooth,1.0,1.0,same,False
panda,single_gn_clip,3a59b93a4c9e9c6b108b10e05344815f47411a6ce98c5ae4e2ed358ddc1d7440,trajectory_109,joint_limit_return,1.0,1.0,same,False
panda,single_gn_clip,3b1c31e411ac6d014c0cba23d0c07be341aaec10cd7aadf586bb9fa3b4f47768,trajectory_011,smooth,1.0,1.0,same,False
panda,single_gn_clip,3cc83c847094c062d9a1677d819e0323896e630be7a2918f43397133c151e1ec,trajectory_017,smooth,1.0,1.0,same,False
panda,single_gn_clip,3d9860380251b55343a936ce0ba8b1f5348fe374983de15e16235a13e53cf704,trajectory_003,smooth,1.0,1.0,same,False
panda,single_gn_clip,3e415f820d053f2d414a09831137a936dfa8fffec0e1ebb8457c8d2055627c90,trajectory_154,high_curvature,1.0,1.0,same,False
panda,single_gn_clip,42cf116720f75d6fad1700cdcdf43c62d73a67ece9c9450f48aed630d0fe0b22,trajectory_014,smooth,1.0,1.0,same,False
panda,single_gn_clip,44780d25bceacad472afc451e0aa3b81359116b7b988792dace49116d842955a,trajectory_139,high_curvature,1.0,1.0,same,False
panda,single_gn_clip,4560ce06cdb032d006dfd81e869438fc013004a708606761affafddac71844ba,trajectory_034,smooth,1.0,1.0,same,False
panda,single_gn_clip,4588e0448a7051a3cca903c21654de3352717cf1f1ea512d4688a78fdfe7488c,trajectory_055,near_singular,1.0,1.0,same,False
panda,single_gn_clip,45b0f4687b5986b23497d7ff1f5dc551d097cd684f87b9cd87c44d76c37e40b8,trajectory_088,joint_limit_return,1.0,1.0,same,False
panda,single_gn_clip,479acbcb94748d65126d5afb88aa88d3c2356d029199485ebdb36946117ccfaf,trajectory_007,smooth,1.0,1.0,same,False
panda,single_gn_clip,47ae8f807e48c4c002530f6da0fb351b873959f64a26b5a550694c685ae73c4a,trajectory_057,near_singular,1.0,1.0,same,False
panda,single_gn_clip,480587c598ca589e82de0deeb2ce9a0e3addfeae1cad8d4b5250a048cf275b3d,trajectory_041,near_singular,1.0,1.0,same,False
panda,single_gn_clip,49a1edd5201a14cde7f8a9bbd2c4de7814b5dff477df1c6ed6df571c6cfa3e5d,trajectory_029,smooth,1.0,1.0,same,False
panda,single_gn_clip,4b11ed64f31d9ba64758d060a1591e0d395d58a23b7e1e258546c85cd3c09b33,trajectory_068,near_singular,1.0,1.0,same,False
panda,single_gn_clip,4b685f766c2aaa86bbe0149755113dc5f973ef6e7a20b143520733e773f45186,trajectory_090,joint_limit_return,1.0,1.0,same,False
panda,single_gn_clip,4c6f3e4c4938f1d045ad81cc0b00279c7e4deeb0090877a2457fc71d699e5669,trajectory_015,smooth,1.0,1.0,same,False
panda,single_gn_clip,4d8dfd105e6967177e92702e792e3fcfeb8cab41c72b787e436a4b5f2cbf4cef,trajectory_008,smooth,1.0,1.0,same,False
panda,single_gn_clip,4e1843759088f4a5ab2eb9d0488ded425922f491cc72a77a168a168496703da9,trajectory_084,joint_limit_return,1.0,1.0,same,False
panda,single_gn_clip,4f1940d91117f91ea27fc47a289476bf2361c47cbbb34e21aa92e2a9bf8c25da,trajectory_120,high_curvature,0.0,0.0,same,False
panda,single_gn_clip,4f748698c3c2c641dfd36bbbeddb6bf166b308236fd594b727a9a25f58549651,trajectory_158,high_curvature,1.0,1.0,same,False
panda,single_gn_clip,52bfa11a7beed01ba2979eed87aff5a6d1878b46392075e49e79297e367f7fa5,trajectory_005,smooth,1.0,1.0,same,False
panda,single_gn_clip,56e3826cb8c9c1d2669f86c094648f3a15468966904942f865b6138ae1a34089,trajectory_156,high_curvature,1.0,1.0,same,False
panda,single_gn_clip,5901f315f2447757c1867df962600c1d912c87fe3cb9d65589d6081769488442,trajectory_130,high_curvature,1.0,1.0,same,False
panda,single_gn_clip,59fb6a8924934a79c09136da28b7a3ff8bbd61498838a8128a1bd053a2a3f32d,trajectory_065,near_singular,1.0,1.0,same,False
panda,single_gn_clip,5bdcc2d8aebc7b7d2e138df541304b09eb972c06a781fbf126b84888026ce734,trajectory_026,smooth,1.0,1.0,same,False
panda,single_gn_clip,5c3485c9a41783628ed9200eabb9c7aa756b2d1838f092b31a88491623ae52e2,trajectory_124,high_curvature,1.0,1.0,same,False
panda,single_gn_clip,5dac1d49889fe9e09b4c32f417b1bf4ee86389af5d20fc3823371a7ee2bba187,trajectory_103,joint_limit_return,1.0,1.0,same,False
panda,single_gn_clip,617dfe3c6044a249e2b35c9a35fdace22f1d096e467cd2c20a564e43995edf0f,trajectory_042,near_singular,0.0,0.0,same,False
panda,single_gn_clip,6292d6a262da269233959d5b381d94998db141290bc3e30dd2208b51a11c8100,trajectory_092,joint_limit_return,0.0,0.0,same,False
panda,single_gn_clip,6586e2c2aa7b28f704b4e4da538ca71d7f5b6ecb11bdc8906e682eca50fbbad1,trajectory_107,joint_limit_return,1.0,1.0,same,False
panda,single_gn_clip,68eda3224034b5683d377b5d7cddd0db39a9c6a0fc30def562c3282bdf4cfda6,trajectory_023,smooth,1.0,1.0,same,False
panda,single_gn_clip,6a1c3a555eddf23620d15ee7cb9500f45bbd54b6f5f7d61f9643b9d310581150,trajectory_102,joint_limit_return,1.0,1.0,same,False
panda,single_gn_clip,6b0966e51c74ee179bda979ce90c28e13df86983752592ccef75cfedcedb1271,trajectory_147,high_curvature,1.0,1.0,same,False
panda,single_gn_clip,6b2979d02b4c234eab22bfc97da014daf8f5b7c94a6d47eaee20dd8705a29e94,trajectory_036,smooth,1.0,1.0,same,False
panda,single_gn_clip,6f45a8b6059397bd23d369002df06b9d4a367c8e87cafa78af25eef62d2ba906,trajectory_020,smooth,1.0,1.0,same,False
panda,single_gn_clip,700234aadb2ef0f2c5056fb078594221aa97a092642689035f4bffd6e6845062,trajectory_144,high_curvature,0.0,0.0,same,False
panda,single_gn_clip,710b8798d1f34818e642157f92c158183934342acbc1f8f054abdb7080c71569,trajectory_143,high_curvature,1.0,1.0,same,False
panda,single_gn_clip,75d52c890b861cdb7f9862279ecbe3d5318b78f4d93cd28cc30414ef5493341c,trajectory_035,smooth,1.0,1.0,same,False
panda,single_gn_clip,76014196d575d651386f649f98c4d3dd7f03787edbfd42b80122072d25c83bba,trajectory_066,near_singular,1.0,1.0,same,False
panda,single_gn_clip,76723c8484a05a7bc2bff4047708ad396e6759dff58cd347e4b36eeb1bdedfd0,trajectory_111,joint_limit_return,1.0,1.0,same,False
panda,single_gn_clip,79076cd9aa84b436fcbb836548e693b733aa35a2d7be5ccd28163e80bd3fcb82,trajectory_046,near_singular,1.0,1.0,same,False
panda,single_gn_clip,79a9d8a888407eb550cf8684661f49bc7ef7579e670e95b79b09ae9c996b9b0d,trajectory_019,smooth,1.0,1.0,same,False
panda,single_gn_clip,79b541a168d9d17d398c8098d305be992824956b558db5da00571e9427e38c44,trajectory_077,near_singular,1.0,1.0,same,False
panda,single_gn_clip,7a4b0e446427145d85dd1b448c80c4b2902f9595f8588456fecd4093f299a8df,trajectory_117,joint_limit_return,1.0,1.0,same,False
panda,single_gn_clip,7c4f7297f4e3c51c94bbff33f1f6fea524a7aeb44e815849ac855cd47cb12778,trajectory_047,near_singular,1.0,1.0,same,False
panda,single_gn_clip,8159f4b8a9c566ba4d2d648b7a0ce5497eff71c08df175337922b21578479645,trajectory_157,high_curvature,1.0,1.0,same,False
panda,single_gn_clip,84f83b0ba1930b447be1abf5134e2558f2120f5657126a3a00b788b94429902d,trajectory_141,high_curvature,1.0,1.0,same,False
panda,single_gn_clip,883e06904863f75da01f0a8b29601d8d6c4e5e3d4391b559c9a576779b153be2,trajectory_063,near_singular,1.0,1.0,same,False
panda,single_gn_clip,891914e1ae3556ab6b0945f9863bdec1840dd5a264e93c627a51b7581f16dfe8,trajectory_134,high_curvature,1.0,1.0,same,False
panda,single_gn_clip,8bebd193c402f03b5f2bdcd9ccfa7c6ea00cd4821f9b4165aa9533694979e773,trajectory_106,joint_limit_return,1.0,1.0,same,False
panda,single_gn_clip,8eb0376749a7bcb5bb763b8809e852eb2830de76762dcdd0f2ef9dcf64a3ccec,trajectory_152,high_curvature,1.0,1.0,same,False
panda,single_gn_clip,91dba0fb58c14a6382c14e9d6f796faac1dae38265d099f7bf09cdb6e2f2f8cc,trajectory_018,smooth,1.0,1.0,same,False
panda,single_gn_clip,9289844cd619fe3c022d910841ace12e165e07777f181c72cc2a1aec1da2e3fb,trajectory_131,high_curvature,1.0,1.0,same,False
panda,single_gn_clip,92b622165930ed028b13c8c2a3d6133c389f1a260daf0561cfcff77a8d9f844b,trajectory_044,near_singular,1.0,1.0,same,False
panda,single_gn_clip,9408a6fe715e7be47720924bb6ceeff40609fd34a88003747eb1e71abe1a9a2f,trajectory_137,high_curvature,1.0,1.0,same,False
panda,single_gn_clip,941208ad496f124a01969cbcd5952f3d62d67fd41b608983f17a9968782c4827,trajectory_149,high_curvature,1.0,1.0,same,False
panda,single_gn_clip,95f75106b91876cd6f738407fc0ef5a94df2060332a02c67ac9ea3733c714ed4,trajectory_000,smooth,1.0,1.0,same,False
panda,single_gn_clip,969ba5d44c0c1d23ec4d7872e24f6fb53691d315f926ddf3bba5bf77a876acba,trajectory_071,near_singular,1.0,1.0,same,False
panda,single_gn_clip,98a64163a7bd63a545af06f06534fbce4eb6002995e513221ad2614b1706b9ad,trajectory_002,smooth,1.0,1.0,same,False
panda,single_gn_clip,98a8aab5c8e29361ccafa7a573c6c335bc3b5a38f2b5ffb7af6a8d682c72f8b5,trajectory_119,joint_limit_return,1.0,1.0,same,False
panda,single_gn_clip,98aff3582a84a6146748002550a34794014c19c6a94d633ebdfdfefa61217699,trajectory_096,joint_limit_return,1.0,0.0,gained,True
panda,single_gn_clip,9e7027908956f6feea8630c453988b56b38fb5654bc6494312db6fec4fe6e93e,trajectory_048,near_singular,1.0,1.0,same,False
panda,single_gn_clip,a05d83f7ddfc14a4cdfa84454006e4d9e5ee9dcf7c2bedac15fd258bf8c34136,trajectory_081,joint_limit_return,1.0,1.0,same,False
panda,single_gn_clip,a1b85e534d2e0cdb72790b6734610df5aa37117f3174bde1e7216baec8456552,trajectory_004,smooth,1.0,1.0,same,False
panda,single_gn_clip,a32f076fd84a50b0746febbd023dfac09cce4d08b2e19b8eee9393caa4f35a24,trajectory_061,near_singular,1.0,1.0,same,False
panda,single_gn_clip,a41fa9fd32eb51775be76cb69ed2f1a90c7db2fa4635519af5f36aa1f9882715,trajectory_099,joint_limit_return,1.0,1.0,same,False
panda,single_gn_clip,a4757ca54027f468f26f705c836838ae45f57658e775c4c60a7395323f3fb346,trajectory_076,near_singular,1.0,1.0,same,False
panda,single_gn_clip,a614e3a4c0b7636e17bf50037f1bf43f2ef3b76be9053ce9be5e9d2970b350aa,trajectory_001,smooth,1.0,1.0,same,False
panda,single_gn_clip,a9445fc6e5fb718c951f64a65114eec0d3b485d66e12c4a1e5e95a92991dc00b,trajectory_108,joint_limit_return,1.0,1.0,same,False
panda,single_gn_clip,a9dad4d05a0465b0a7d0f6adc718d5b33d1adc460d8d23ca364b0b32c99a5f43,trajectory_150,high_curvature,1.0,1.0,same,False
panda,single_gn_clip,aa8b9f192ff1868146667d1b686b24bea6114cf01c1f8c722b16e84737da2ba0,trajectory_083,joint_limit_return,1.0,1.0,same,False
panda,single_gn_clip,abac8acf60716cc94ba74123dcb5312d1eb7a1b46c62a947ef2b73f2b84e5374,trajectory_093,joint_limit_return,1.0,1.0,same,False
panda,single_gn_clip,ada02d8a4041f5f9598faabf38e8bb5f2ac9e20ffdbab433149955384b914051,trajectory_016,smooth,1.0,1.0,same,False
panda,single_gn_clip,ae7db0483b9fa61d315d70e1d36b61f099764053013d7cd8b34f1591e5ef70bf,trajectory_148,high_curvature,1.0,1.0,same,False
panda,single_gn_clip,b2e4231b22fe2f97c2c16de3eabbd347cfea7ab68444a1afccbe3ac3079b4f48,trajectory_060,near_singular,1.0,1.0,same,False
panda,single_gn_clip,b304104f37dfe87f52e47e4645deb21c8bb6b164549bb941929ab27ce08b714d,trajectory_085,joint_limit_return,1.0,1.0,same,False
panda,single_gn_clip,b5d8e2eba24b1d515276c8684f15f9ab4e84e24bd2259b6c109d0288a3b2ed9e,trajectory_123,high_curvature,1.0,1.0,same,False
panda,single_gn_clip,b63ecbeba848a1d720ff4202885635161c6c2f8a7a27eff5b02409f1b4279172,trajectory_079,near_singular,1.0,1.0,same,False
panda,single_gn_clip,b69f62508019f8a84299bad37e9c92ab1b80bd4b127e8c5b60c969c257ff7cc6,trajectory_073,near_singular,1.0,1.0,same,False
panda,single_gn_clip,b6b9be5e9dbb7e471bc7de18813d720f027151c79c5e2f6bc24083939afd3715,trajectory_033,smooth,1.0,1.0,same,False
panda,single_gn_clip,b6cbd705da27715926d1834f38ee3634efd21ed62a05fe9f858bb938aa8ad66d,trajectory_142,high_curvature,1.0,1.0,same,False
panda,single_gn_clip,b789a3a68dd93679c394a021695368cd0e7f05fa2f0999fda29ea8cbc55bb1b5,trajectory_101,joint_limit_return,1.0,1.0,same,False
panda,single_gn_clip,b7d9f59b33a2dda6c19ff77ca7e30b88fa3fe1ea9f416b1340aa4cb29a2d7580,trajectory_064,near_singular,1.0,1.0,same,False
panda,single_gn_clip,bb90da78357615fc1a654b326ac620375a16ab26042ef42f52b32bafb2663527,trajectory_062,near_singular,1.0,1.0,same,False
panda,single_gn_clip,bd42c775f0f4134d408d51af225b1d03a8899405721c946646244bcbac33f42f,trajectory_138,high_curvature,1.0,1.0,same,False
panda,single_gn_clip,bdcd3ffd414ccd41a775496dcc9690aff30070fdb1d6d42ba00798b9b3fce457,trajectory_070,near_singular,1.0,1.0,same,False
panda,single_gn_clip,bf6096f502134513e2313f50fbc04736f435a97794c75f88da9741bbf3b306f0,trajectory_051,near_singular,1.0,1.0,same,False
panda,single_gn_clip,c068c4a69ab7818dfd663ebe0bd5f26cb404ea2a0142fa63589d2368c63c96c2,trajectory_022,smooth,1.0,1.0,same,False
panda,single_gn_clip,c2ebae0d24e306f3744e9ac2a38add8502705448e7eda234f19e3082f56fa52c,trajectory_094,joint_limit_return,1.0,0.0,gained,True
panda,single_gn_clip,c413c8e51512e31288411e26b66641b2d288db860038d5c93c92eaed0e5a4262,trajectory_067,near_singular,1.0,1.0,same,False
panda,single_gn_clip,c6cfd91b767095758b663e0ee9d436d5e7a392ae0b0f544dc5c1085014080e48,trajectory_125,high_curvature,1.0,1.0,same,False
panda,single_gn_clip,ca9cd0ec53e341e94f32ed243e8aa7157ceaccebe06c876d98959a6523575b0c,trajectory_054,near_singular,1.0,1.0,same,False
panda,single_gn_clip,ce2ecca87ee582df7b70a4be4252ec5077978137e18a0facb8f7569fae9cde3b,trajectory_031,smooth,1.0,1.0,same,False
panda,single_gn_clip,ceef73a7c61264683fe087a71b97581b2fa0b224028ef16c560b7751811a39bf,trajectory_133,high_curvature,1.0,1.0,same,False
panda,single_gn_clip,cf1ac8c4297fcd0132ef27f0d2fb9f45010d63c137bcd423126e4d2759aec7e2,trajectory_024,smooth,1.0,1.0,same,False
panda,single_gn_clip,d18f14b16c53cbd1c1811adc5279f00e6745676ca71c477595565e5b21ad5248,trajectory_072,near_singular,1.0,1.0,same,False
panda,single_gn_clip,d1b6f99f9dd68c456e81713c3f5adafb553bd17ccdb5e0cb02ef57464d7180fc,trajectory_059,near_singular,1.0,1.0,same,False
panda,single_gn_clip,d417c16e467b1bde55181c0022bd7193f19faed3ca6ba4f83228bdb2488af8d5,trajectory_112,joint_limit_return,1.0,1.0,same,False
panda,single_gn_clip,d4ff5150093d260a061aa45d09215d38d3f65c8fc3ba45841188479b3784eac3,trajectory_155,high_curvature,1.0,1.0,same,False
panda,single_gn_clip,d677d8817a9086e31204c00a069fcd9714941f266e92b8c76d39517d2a87c663,trajectory_074,near_singular,0.0,0.0,same,False
panda,single_gn_clip,d6a977914b0b3a11523a9e5e9bfe0aec9b82ee4dc4e9aaf198c39e1d12aa50ec,trajectory_006,smooth,1.0,1.0,same,False
panda,single_gn_clip,d705eae3a57ea3fd8966a58397aa9782312a3f2db92812d3a60612d6281d7a69,trajectory_080,joint_limit_return,1.0,1.0,same,False
panda,single_gn_clip,d7da3b52b00c623aa961e4db17e1e3c8b05d3c4295e5905a19047bd8a7f4482c,trajectory_052,near_singular,1.0,0.0,gained,True
panda,single_gn_clip,d82047102c78a4602cd08dfad44002c7dce3cccfde940bd18afaf6875e44a5e5,trajectory_089,joint_limit_return,1.0,1.0,same,False
panda,single_gn_clip,dadc09c8bbc4e0450405f77e51a38d5d8546bb051ad9cfc1e1398bcdd4f1d27a,trajectory_058,near_singular,1.0,1.0,same,False
panda,single_gn_clip,dd0122570b896479af2d5e319728e4940246870fb490724adba3c30f961e0e7e,trajectory_009,smooth,1.0,1.0,same,False
panda,single_gn_clip,dd1303e9238be07b9c3435e99535065a7a9cce01608a84e607d928971719def4,trajectory_095,joint_limit_return,1.0,1.0,same,False
panda,single_gn_clip,dfaa894d22df9fd9a31cdd4ce8dd11840f0a3026b6833427c58aaa20620b9717,trajectory_097,joint_limit_return,1.0,1.0,same,False
panda,single_gn_clip,e11c2109877d969d2296d7103ee1a32f1f66db688f9df04542727276616d2a40,trajectory_100,joint_limit_return,1.0,1.0,same,False
panda,single_gn_clip,e1f06a0cbe2bf8492fefa4cc723935b4aadc170e685425ed9329cc5dc9c746b5,trajectory_027,smooth,1.0,1.0,same,False
panda,single_gn_clip,e3a30346944b79b0086c4cb983646ceebe15696d5c9bf69d7496404831b70e03,trajectory_136,high_curvature,1.0,1.0,same,False
panda,single_gn_clip,e40d3f082546ab1357a170ac5ff8c171de91eec0c12f3499c7b0a8b2e47ad61c,trajectory_128,high_curvature,1.0,1.0,same,False
panda,single_gn_clip,e59c723f13ae5c53043b764f23592cb10b26f287cd78c271c7158aad043d0a2a,trajectory_114,joint_limit_return,1.0,1.0,same,False
panda,single_gn_clip,ea76edb7fffb2121617f45c85620b2acebff5380ee10e86c623c023a6640180d,trajectory_121,high_curvature,1.0,1.0,same,False
panda,single_gn_clip,eb8a219ef38c40148c14bd361d543fb02881dc6779e79ab9e201a7c3fdfcf201,trajectory_040,near_singular,1.0,1.0,same,False
panda,single_gn_clip,f273e2cf840747e85e3dc4a774925882a9057bc0672355948aab35c0de41c7d8,trajectory_050,near_singular,1.0,0.0,gained,True
panda,single_gn_clip,f39446bf3771ea811293302220c427a31e3e1c1e949786ced0d4215be0e0ad61,trajectory_132,high_curvature,1.0,1.0,same,False
panda,single_gn_clip,f6dd29d48efd585758ed6330f5475dca353eca61cef94f6b09e8a3a31bb9a2f3,trajectory_091,joint_limit_return,1.0,1.0,same,False
panda,single_gn_clip,f9dcfa03596d8c86d5fc2d68c4ffb6f789a8b333d25a90867029dce43baae39a,trajectory_075,near_singular,1.0,1.0,same,False
panda,single_gn_clip,fba0889c16a2e83db85f027c9f5a508183ca0b8504c97c510caf8090ad04ab36,trajectory_153,high_curvature,1.0,1.0,same,False
panda,single_gn_clip,fbe58ea6278a7dab5fd757ac4e0b97ee869e320d50461b5af01ee66e258ef8fa,trajectory_122,high_curvature,1.0,1.0,same,False
panda,single_gn_clip,ff6263afe4b5d337eafb70a82e8563f760f2ac8b10ba223fe42584c9e366b7d3,trajectory_129,high_curvature,1.0,1.0,same,False
panda,single_gn_osqp,009db6557800243ff65e0c7333cde1b7ddd0e6c46910706588a593a3f4acb624,trajectory_021,smooth,1.0,1.0,same,False
panda,single_gn_osqp,01e6d3003da6b2fa52c23d3609faa8b8bff293815dffc7a4940980b2338958be,trajectory_013,smooth,1.0,1.0,same,False
panda,single_gn_osqp,03bb61badb511b0b1ed87047a9796a921fc66524ca734ee655b56a672c6cb6ae,trajectory_118,joint_limit_return,1.0,1.0,same,False
panda,single_gn_osqp,077b3a8cc515aec835a5b63a21db483c8c301447444b5f66f4859469994a68e3,trajectory_078,near_singular,1.0,1.0,same,False
panda,single_gn_osqp,0a2537c3c40ba62c63727d6ed654546b317bfd0d8693efc85faa222da123debc,trajectory_039,smooth,1.0,1.0,same,False
panda,single_gn_osqp,0a63ba1ae1e8450c4c3af9a6b1963ce87395c993548888753b0b6cb4f3583ea1,trajectory_159,high_curvature,1.0,1.0,same,False
panda,single_gn_osqp,0d40fff84f0487f95ec2df4cd930981c8e49b45348a20e6e2fe0587a9381dd29,trajectory_053,near_singular,1.0,1.0,same,False
panda,single_gn_osqp,1085f3e04aaffe00c129d91100b2cf03f3de069fa72a1f43ac92c05905fe372d,trajectory_045,near_singular,1.0,1.0,same,False
panda,single_gn_osqp,11e5dd61197a24709eda8bbdf4933108e3a2cd75096cc1d83c67519e8f53cd3b,trajectory_030,smooth,1.0,1.0,same,False
panda,single_gn_osqp,169492dbe3686e9bed801ec404d2386157ca73430efc2035673600b4d72e8a66,trajectory_049,near_singular,1.0,1.0,same,False
panda,single_gn_osqp,16eb39236436e36522bf1742998d048f374e3572a63c53e2c2e5ca5d926ace93,trajectory_104,joint_limit_return,0.0,0.0,same,False
panda,single_gn_osqp,182336d73a5b3e410318ecc89f8fff003cd4774c6c196286f77fbed7422ba22d,trajectory_043,near_singular,1.0,1.0,same,False
panda,single_gn_osqp,19f667e15e6e2e001adaf2b54858a15da2770a3e032e6f2bf54394b4ae11dd2a,trajectory_098,joint_limit_return,1.0,1.0,same,False
panda,single_gn_osqp,1b03f784d41d7fb54612cd0d699abc3bc5985f24c3c9eb72428a6cbaca414c2b,trajectory_086,joint_limit_return,1.0,1.0,same,False
panda,single_gn_osqp,1b1432b684aef0b401c66b39b447aa074258ccfbe4d804811e9c02688243235a,trajectory_082,joint_limit_return,1.0,1.0,same,False
panda,single_gn_osqp,1b39b898eb092990b04abf224824637c9d3158b64e555f4ee7f8b5df09af055b,trajectory_012,smooth,1.0,1.0,same,False
panda,single_gn_osqp,1bbd79bf819cf6ecd63f3982a990a651d52ad71ee7023ec3ae7604b435a5db4b,trajectory_110,joint_limit_return,1.0,1.0,same,False
panda,single_gn_osqp,1dec5a6acc79ceadb4ebd7ba3aa74faa30e6d2a850fe0fcfc8c37f6568b1a2a3,trajectory_127,high_curvature,1.0,1.0,same,False
panda,single_gn_osqp,1e6df7d7a97068128c87d603d3c0e9f668d12f42bd3ad7bb6844038e1d000f49,trajectory_056,near_singular,1.0,1.0,same,False
panda,single_gn_osqp,1ea0a808ba7693c99b08e547a054e536a85f836775c00d3ed9898d53321ca266,trajectory_028,smooth,1.0,1.0,same,False
panda,single_gn_osqp,237fa3357fbe3d06a7b83c1b4d0365e8a361eb6c1d1814dbae706836b5bfb2ce,trajectory_113,joint_limit_return,1.0,1.0,same,False
panda,single_gn_osqp,27c86cc0a672e7ca289d7e168325677711ec7e91facd0395bd5e092387fad4f4,trajectory_038,smooth,1.0,1.0,same,False
panda,single_gn_osqp,29a3f6ef1b19352cfb9831f4fe8e2d53991595953116f2431868cb12d34e80bf,trajectory_151,high_curvature,1.0,1.0,same,False
panda,single_gn_osqp,2a10217792feb2c6e8a32bc9be45b6711415582d2d65586302aaa5860acc9b32,trajectory_105,joint_limit_return,1.0,1.0,same,False
panda,single_gn_osqp,2cd27cc14429c5bb9961620d46292e849640359e5072de88384099e723596b3b,trajectory_146,high_curvature,1.0,1.0,same,False
panda,single_gn_osqp,2de001c20f2661d2eff3deefba47cc19b1426ff5273ca877feab77b0702a34e3,trajectory_135,high_curvature,1.0,1.0,same,False
panda,single_gn_osqp,2e9f7ef4bb4fbdc88f8581fc058a669a339276f9db5b4987a20be41acbf962af,trajectory_126,high_curvature,1.0,1.0,same,False
panda,single_gn_osqp,312baf3e2d2b6b13442dfbc9f1a91a6cd7bcec51667a7b9eb7693b59856ac365,trajectory_116,joint_limit_return,1.0,1.0,same,False
panda,single_gn_osqp,3175105088a2ea7a79edcde8bb9ea0ed512b9b6b3222beeb2342401af88bb389,trajectory_140,high_curvature,1.0,1.0,same,False
panda,single_gn_osqp,3248dc23a4aa12b9dc7e39d0d5346d0ef2270be722bf5961d5c5f736dd88bfcc,trajectory_010,smooth,1.0,1.0,same,False
panda,single_gn_osqp,32ab3887d7825b280c6bf3918b479dbeef5eb758062588da83ea9937955d19d2,trajectory_145,high_curvature,1.0,1.0,same,False
panda,single_gn_osqp,32b81d51ae6fd562afb0aa7e3767f6b3f58bd3a2b885a6ea450cc98383e50b1d,trajectory_115,joint_limit_return,1.0,1.0,same,False
panda,single_gn_osqp,3420bfde4a0fb08a7d93b107e4b8f0dcff0388d37c97df4df7e6d63bc48c2151,trajectory_087,joint_limit_return,1.0,1.0,same,False
panda,single_gn_osqp,366389682e3e8bf025f25394f9bfd07e17264eab42f95422f126e8422ab8c2cc,trajectory_025,smooth,1.0,1.0,same,False
panda,single_gn_osqp,367f1baec203a4ae08849509f9426baeda64e8ae57fb00c78716b03927eff0ba,trajectory_032,smooth,1.0,1.0,same,False
panda,single_gn_osqp,39418c26c7c0ee7720f0a16e2b5930a336a74379ed31dd975416d5d9ab5766b1,trajectory_069,near_singular,1.0,1.0,same,False
panda,single_gn_osqp,39db9e21b7437b9c1d0091ef2a3aabbd08543d9a7e7b1cf2cbb9cebd5e88d8e3,trajectory_037,smooth,1.0,1.0,same,False
panda,single_gn_osqp,3a59b93a4c9e9c6b108b10e05344815f47411a6ce98c5ae4e2ed358ddc1d7440,trajectory_109,joint_limit_return,1.0,1.0,same,False
panda,single_gn_osqp,3b1c31e411ac6d014c0cba23d0c07be341aaec10cd7aadf586bb9fa3b4f47768,trajectory_011,smooth,1.0,1.0,same,False
panda,single_gn_osqp,3cc83c847094c062d9a1677d819e0323896e630be7a2918f43397133c151e1ec,trajectory_017,smooth,1.0,1.0,same,False
panda,single_gn_osqp,3d9860380251b55343a936ce0ba8b1f5348fe374983de15e16235a13e53cf704,trajectory_003,smooth,1.0,1.0,same,False
panda,single_gn_osqp,3e415f820d053f2d414a09831137a936dfa8fffec0e1ebb8457c8d2055627c90,trajectory_154,high_curvature,1.0,1.0,same,False
panda,single_gn_osqp,42cf116720f75d6fad1700cdcdf43c62d73a67ece9c9450f48aed630d0fe0b22,trajectory_014,smooth,1.0,1.0,same,False
panda,single_gn_osqp,44780d25bceacad472afc451e0aa3b81359116b7b988792dace49116d842955a,trajectory_139,high_curvature,1.0,1.0,same,False
panda,single_gn_osqp,4560ce06cdb032d006dfd81e869438fc013004a708606761affafddac71844ba,trajectory_034,smooth,1.0,1.0,same,False
panda,single_gn_osqp,4588e0448a7051a3cca903c21654de3352717cf1f1ea512d4688a78fdfe7488c,trajectory_055,near_singular,1.0,1.0,same,False
panda,single_gn_osqp,45b0f4687b5986b23497d7ff1f5dc551d097cd684f87b9cd87c44d76c37e40b8,trajectory_088,joint_limit_return,1.0,1.0,same,False
panda,single_gn_osqp,479acbcb94748d65126d5afb88aa88d3c2356d029199485ebdb36946117ccfaf,trajectory_007,smooth,1.0,1.0,same,False
panda,single_gn_osqp,47ae8f807e48c4c002530f6da0fb351b873959f64a26b5a550694c685ae73c4a,trajectory_057,near_singular,1.0,1.0,same,False
panda,single_gn_osqp,480587c598ca589e82de0deeb2ce9a0e3addfeae1cad8d4b5250a048cf275b3d,trajectory_041,near_singular,1.0,1.0,same,False
panda,single_gn_osqp,49a1edd5201a14cde7f8a9bbd2c4de7814b5dff477df1c6ed6df571c6cfa3e5d,trajectory_029,smooth,1.0,1.0,same,False
panda,single_gn_osqp,4b11ed64f31d9ba64758d060a1591e0d395d58a23b7e1e258546c85cd3c09b33,trajectory_068,near_singular,1.0,1.0,same,False
panda,single_gn_osqp,4b685f766c2aaa86bbe0149755113dc5f973ef6e7a20b143520733e773f45186,trajectory_090,joint_limit_return,1.0,1.0,same,False
panda,single_gn_osqp,4c6f3e4c4938f1d045ad81cc0b00279c7e4deeb0090877a2457fc71d699e5669,trajectory_015,smooth,1.0,1.0,same,False
panda,single_gn_osqp,4d8dfd105e6967177e92702e792e3fcfeb8cab41c72b787e436a4b5f2cbf4cef,trajectory_008,smooth,1.0,1.0,same,False
panda,single_gn_osqp,4e1843759088f4a5ab2eb9d0488ded425922f491cc72a77a168a168496703da9,trajectory_084,joint_limit_return,1.0,1.0,same,False
panda,single_gn_osqp,4f1940d91117f91ea27fc47a289476bf2361c47cbbb34e21aa92e2a9bf8c25da,trajectory_120,high_curvature,0.0,0.0,same,False
panda,single_gn_osqp,4f748698c3c2c641dfd36bbbeddb6bf166b308236fd594b727a9a25f58549651,trajectory_158,high_curvature,1.0,1.0,same,False
panda,single_gn_osqp,52bfa11a7beed01ba2979eed87aff5a6d1878b46392075e49e79297e367f7fa5,trajectory_005,smooth,1.0,1.0,same,False
panda,single_gn_osqp,56e3826cb8c9c1d2669f86c094648f3a15468966904942f865b6138ae1a34089,trajectory_156,high_curvature,1.0,1.0,same,False
panda,single_gn_osqp,5901f315f2447757c1867df962600c1d912c87fe3cb9d65589d6081769488442,trajectory_130,high_curvature,1.0,1.0,same,False
panda,single_gn_osqp,59fb6a8924934a79c09136da28b7a3ff8bbd61498838a8128a1bd053a2a3f32d,trajectory_065,near_singular,1.0,1.0,same,False
panda,single_gn_osqp,5bdcc2d8aebc7b7d2e138df541304b09eb972c06a781fbf126b84888026ce734,trajectory_026,smooth,1.0,1.0,same,False
panda,single_gn_osqp,5c3485c9a41783628ed9200eabb9c7aa756b2d1838f092b31a88491623ae52e2,trajectory_124,high_curvature,1.0,1.0,same,False
panda,single_gn_osqp,5dac1d49889fe9e09b4c32f417b1bf4ee86389af5d20fc3823371a7ee2bba187,trajectory_103,joint_limit_return,1.0,1.0,same,False
panda,single_gn_osqp,617dfe3c6044a249e2b35c9a35fdace22f1d096e467cd2c20a564e43995edf0f,trajectory_042,near_singular,0.0,0.0,same,False
panda,single_gn_osqp,6292d6a262da269233959d5b381d94998db141290bc3e30dd2208b51a11c8100,trajectory_092,joint_limit_return,0.0,0.0,same,False
panda,single_gn_osqp,6586e2c2aa7b28f704b4e4da538ca71d7f5b6ecb11bdc8906e682eca50fbbad1,trajectory_107,joint_limit_return,1.0,1.0,same,False
panda,single_gn_osqp,68eda3224034b5683d377b5d7cddd0db39a9c6a0fc30def562c3282bdf4cfda6,trajectory_023,smooth,1.0,1.0,same,False
panda,single_gn_osqp,6a1c3a555eddf23620d15ee7cb9500f45bbd54b6f5f7d61f9643b9d310581150,trajectory_102,joint_limit_return,1.0,1.0,same,False
panda,single_gn_osqp,6b0966e51c74ee179bda979ce90c28e13df86983752592ccef75cfedcedb1271,trajectory_147,high_curvature,1.0,1.0,same,False
panda,single_gn_osqp,6b2979d02b4c234eab22bfc97da014daf8f5b7c94a6d47eaee20dd8705a29e94,trajectory_036,smooth,1.0,1.0,same,False
panda,single_gn_osqp,6f45a8b6059397bd23d369002df06b9d4a367c8e87cafa78af25eef62d2ba906,trajectory_020,smooth,1.0,1.0,same,False
panda,single_gn_osqp,700234aadb2ef0f2c5056fb078594221aa97a092642689035f4bffd6e6845062,trajectory_144,high_curvature,0.0,0.0,same,False
panda,single_gn_osqp,710b8798d1f34818e642157f92c158183934342acbc1f8f054abdb7080c71569,trajectory_143,high_curvature,1.0,1.0,same,False
panda,single_gn_osqp,75d52c890b861cdb7f9862279ecbe3d5318b78f4d93cd28cc30414ef5493341c,trajectory_035,smooth,1.0,1.0,same,False
panda,single_gn_osqp,76014196d575d651386f649f98c4d3dd7f03787edbfd42b80122072d25c83bba,trajectory_066,near_singular,1.0,1.0,same,False
panda,single_gn_osqp,76723c8484a05a7bc2bff4047708ad396e6759dff58cd347e4b36eeb1bdedfd0,trajectory_111,joint_limit_return,1.0,1.0,same,False
panda,single_gn_osqp,79076cd9aa84b436fcbb836548e693b733aa35a2d7be5ccd28163e80bd3fcb82,trajectory_046,near_singular,1.0,1.0,same,False
panda,single_gn_osqp,79a9d8a888407eb550cf8684661f49bc7ef7579e670e95b79b09ae9c996b9b0d,trajectory_019,smooth,1.0,1.0,same,False
panda,single_gn_osqp,79b541a168d9d17d398c8098d305be992824956b558db5da00571e9427e38c44,trajectory_077,near_singular,1.0,1.0,same,False
panda,single_gn_osqp,7a4b0e446427145d85dd1b448c80c4b2902f9595f8588456fecd4093f299a8df,trajectory_117,joint_limit_return,1.0,1.0,same,False
panda,single_gn_osqp,7c4f7297f4e3c51c94bbff33f1f6fea524a7aeb44e815849ac855cd47cb12778,trajectory_047,near_singular,1.0,1.0,same,False
panda,single_gn_osqp,8159f4b8a9c566ba4d2d648b7a0ce5497eff71c08df175337922b21578479645,trajectory_157,high_curvature,1.0,1.0,same,False
panda,single_gn_osqp,84f83b0ba1930b447be1abf5134e2558f2120f5657126a3a00b788b94429902d,trajectory_141,high_curvature,1.0,1.0,same,False
panda,single_gn_osqp,883e06904863f75da01f0a8b29601d8d6c4e5e3d4391b559c9a576779b153be2,trajectory_063,near_singular,1.0,1.0,same,False
panda,single_gn_osqp,891914e1ae3556ab6b0945f9863bdec1840dd5a264e93c627a51b7581f16dfe8,trajectory_134,high_curvature,1.0,1.0,same,False
panda,single_gn_osqp,8bebd193c402f03b5f2bdcd9ccfa7c6ea00cd4821f9b4165aa9533694979e773,trajectory_106,joint_limit_return,1.0,1.0,same,False
panda,single_gn_osqp,8eb0376749a7bcb5bb763b8809e852eb2830de76762dcdd0f2ef9dcf64a3ccec,trajectory_152,high_curvature,1.0,1.0,same,False
panda,single_gn_osqp,91dba0fb58c14a6382c14e9d6f796faac1dae38265d099f7bf09cdb6e2f2f8cc,trajectory_018,smooth,1.0,1.0,same,False
panda,single_gn_osqp,9289844cd619fe3c022d910841ace12e165e07777f181c72cc2a1aec1da2e3fb,trajectory_131,high_curvature,1.0,1.0,same,False
panda,single_gn_osqp,92b622165930ed028b13c8c2a3d6133c389f1a260daf0561cfcff77a8d9f844b,trajectory_044,near_singular,1.0,1.0,same,False
panda,single_gn_osqp,9408a6fe715e7be47720924bb6ceeff40609fd34a88003747eb1e71abe1a9a2f,trajectory_137,high_curvature,1.0,1.0,same,False
panda,single_gn_osqp,941208ad496f124a01969cbcd5952f3d62d67fd41b608983f17a9968782c4827,trajectory_149,high_curvature,1.0,1.0,same,False
panda,single_gn_osqp,95f75106b91876cd6f738407fc0ef5a94df2060332a02c67ac9ea3733c714ed4,trajectory_000,smooth,1.0,1.0,same,False
panda,single_gn_osqp,969ba5d44c0c1d23ec4d7872e24f6fb53691d315f926ddf3bba5bf77a876acba,trajectory_071,near_singular,1.0,1.0,same,False
panda,single_gn_osqp,98a64163a7bd63a545af06f06534fbce4eb6002995e513221ad2614b1706b9ad,trajectory_002,smooth,1.0,1.0,same,False
panda,single_gn_osqp,98a8aab5c8e29361ccafa7a573c6c335bc3b5a38f2b5ffb7af6a8d682c72f8b5,trajectory_119,joint_limit_return,1.0,1.0,same,False
panda,single_gn_osqp,98aff3582a84a6146748002550a34794014c19c6a94d633ebdfdfefa61217699,trajectory_096,joint_limit_return,1.0,1.0,same,False
panda,single_gn_osqp,9e7027908956f6feea8630c453988b56b38fb5654bc6494312db6fec4fe6e93e,trajectory_048,near_singular,1.0,1.0,same,False
panda,single_gn_osqp,a05d83f7ddfc14a4cdfa84454006e4d9e5ee9dcf7c2bedac15fd258bf8c34136,trajectory_081,joint_limit_return,1.0,1.0,same,False
panda,single_gn_osqp,a1b85e534d2e0cdb72790b6734610df5aa37117f3174bde1e7216baec8456552,trajectory_004,smooth,1.0,1.0,same,False
panda,single_gn_osqp,a32f076fd84a50b0746febbd023dfac09cce4d08b2e19b8eee9393caa4f35a24,trajectory_061,near_singular,1.0,1.0,same,False
panda,single_gn_osqp,a41fa9fd32eb51775be76cb69ed2f1a90c7db2fa4635519af5f36aa1f9882715,trajectory_099,joint_limit_return,1.0,1.0,same,False
panda,single_gn_osqp,a4757ca54027f468f26f705c836838ae45f57658e775c4c60a7395323f3fb346,trajectory_076,near_singular,1.0,1.0,same,False
panda,single_gn_osqp,a614e3a4c0b7636e17bf50037f1bf43f2ef3b76be9053ce9be5e9d2970b350aa,trajectory_001,smooth,1.0,1.0,same,False
panda,single_gn_osqp,a9445fc6e5fb718c951f64a65114eec0d3b485d66e12c4a1e5e95a92991dc00b,trajectory_108,joint_limit_return,1.0,1.0,same,False
panda,single_gn_osqp,a9dad4d05a0465b0a7d0f6adc718d5b33d1adc460d8d23ca364b0b32c99a5f43,trajectory_150,high_curvature,1.0,1.0,same,False
panda,single_gn_osqp,aa8b9f192ff1868146667d1b686b24bea6114cf01c1f8c722b16e84737da2ba0,trajectory_083,joint_limit_return,1.0,1.0,same,False
panda,single_gn_osqp,abac8acf60716cc94ba74123dcb5312d1eb7a1b46c62a947ef2b73f2b84e5374,trajectory_093,joint_limit_return,1.0,1.0,same,False
panda,single_gn_osqp,ada02d8a4041f5f9598faabf38e8bb5f2ac9e20ffdbab433149955384b914051,trajectory_016,smooth,1.0,1.0,same,False
panda,single_gn_osqp,ae7db0483b9fa61d315d70e1d36b61f099764053013d7cd8b34f1591e5ef70bf,trajectory_148,high_curvature,1.0,1.0,same,False
panda,single_gn_osqp,b2e4231b22fe2f97c2c16de3eabbd347cfea7ab68444a1afccbe3ac3079b4f48,trajectory_060,near_singular,1.0,1.0,same,False
panda,single_gn_osqp,b304104f37dfe87f52e47e4645deb21c8bb6b164549bb941929ab27ce08b714d,trajectory_085,joint_limit_return,1.0,1.0,same,False
panda,single_gn_osqp,b5d8e2eba24b1d515276c8684f15f9ab4e84e24bd2259b6c109d0288a3b2ed9e,trajectory_123,high_curvature,1.0,1.0,same,False
panda,single_gn_osqp,b63ecbeba848a1d720ff4202885635161c6c2f8a7a27eff5b02409f1b4279172,trajectory_079,near_singular,1.0,1.0,same,False
panda,single_gn_osqp,b69f62508019f8a84299bad37e9c92ab1b80bd4b127e8c5b60c969c257ff7cc6,trajectory_073,near_singular,1.0,1.0,same,False
panda,single_gn_osqp,b6b9be5e9dbb7e471bc7de18813d720f027151c79c5e2f6bc24083939afd3715,trajectory_033,smooth,1.0,1.0,same,False
panda,single_gn_osqp,b6cbd705da27715926d1834f38ee3634efd21ed62a05fe9f858bb938aa8ad66d,trajectory_142,high_curvature,1.0,1.0,same,False
panda,single_gn_osqp,b789a3a68dd93679c394a021695368cd0e7f05fa2f0999fda29ea8cbc55bb1b5,trajectory_101,joint_limit_return,1.0,1.0,same,False
panda,single_gn_osqp,b7d9f59b33a2dda6c19ff77ca7e30b88fa3fe1ea9f416b1340aa4cb29a2d7580,trajectory_064,near_singular,1.0,1.0,same,False
panda,single_gn_osqp,bb90da78357615fc1a654b326ac620375a16ab26042ef42f52b32bafb2663527,trajectory_062,near_singular,1.0,1.0,same,False
panda,single_gn_osqp,bd42c775f0f4134d408d51af225b1d03a8899405721c946646244bcbac33f42f,trajectory_138,high_curvature,1.0,1.0,same,False
panda,single_gn_osqp,bdcd3ffd414ccd41a775496dcc9690aff30070fdb1d6d42ba00798b9b3fce457,trajectory_070,near_singular,1.0,1.0,same,False
panda,single_gn_osqp,bf6096f502134513e2313f50fbc04736f435a97794c75f88da9741bbf3b306f0,trajectory_051,near_singular,1.0,1.0,same,False
panda,single_gn_osqp,c068c4a69ab7818dfd663ebe0bd5f26cb404ea2a0142fa63589d2368c63c96c2,trajectory_022,smooth,1.0,1.0,same,False
panda,single_gn_osqp,c2ebae0d24e306f3744e9ac2a38add8502705448e7eda234f19e3082f56fa52c,trajectory_094,joint_limit_return,1.0,1.0,same,False
panda,single_gn_osqp,c413c8e51512e31288411e26b66641b2d288db860038d5c93c92eaed0e5a4262,trajectory_067,near_singular,1.0,1.0,same,False
panda,single_gn_osqp,c6cfd91b767095758b663e0ee9d436d5e7a392ae0b0f544dc5c1085014080e48,trajectory_125,high_curvature,1.0,1.0,same,False
panda,single_gn_osqp,ca9cd0ec53e341e94f32ed243e8aa7157ceaccebe06c876d98959a6523575b0c,trajectory_054,near_singular,1.0,1.0,same,False
panda,single_gn_osqp,ce2ecca87ee582df7b70a4be4252ec5077978137e18a0facb8f7569fae9cde3b,trajectory_031,smooth,1.0,1.0,same,False
panda,single_gn_osqp,ceef73a7c61264683fe087a71b97581b2fa0b224028ef16c560b7751811a39bf,trajectory_133,high_curvature,1.0,1.0,same,False
panda,single_gn_osqp,cf1ac8c4297fcd0132ef27f0d2fb9f45010d63c137bcd423126e4d2759aec7e2,trajectory_024,smooth,1.0,1.0,same,False
panda,single_gn_osqp,d18f14b16c53cbd1c1811adc5279f00e6745676ca71c477595565e5b21ad5248,trajectory_072,near_singular,1.0,1.0,same,False
panda,single_gn_osqp,d1b6f99f9dd68c456e81713c3f5adafb553bd17ccdb5e0cb02ef57464d7180fc,trajectory_059,near_singular,1.0,1.0,same,False
panda,single_gn_osqp,d417c16e467b1bde55181c0022bd7193f19faed3ca6ba4f83228bdb2488af8d5,trajectory_112,joint_limit_return,1.0,1.0,same,False
panda,single_gn_osqp,d4ff5150093d260a061aa45d09215d38d3f65c8fc3ba45841188479b3784eac3,trajectory_155,high_curvature,1.0,1.0,same,False
panda,single_gn_osqp,d677d8817a9086e31204c00a069fcd9714941f266e92b8c76d39517d2a87c663,trajectory_074,near_singular,0.0,0.0,same,False
panda,single_gn_osqp,d6a977914b0b3a11523a9e5e9bfe0aec9b82ee4dc4e9aaf198c39e1d12aa50ec,trajectory_006,smooth,1.0,1.0,same,False
panda,single_gn_osqp,d705eae3a57ea3fd8966a58397aa9782312a3f2db92812d3a60612d6281d7a69,trajectory_080,joint_limit_return,1.0,1.0,same,False
panda,single_gn_osqp,d7da3b52b00c623aa961e4db17e1e3c8b05d3c4295e5905a19047bd8a7f4482c,trajectory_052,near_singular,1.0,1.0,same,False
panda,single_gn_osqp,d82047102c78a4602cd08dfad44002c7dce3cccfde940bd18afaf6875e44a5e5,trajectory_089,joint_limit_return,1.0,1.0,same,False
panda,single_gn_osqp,dadc09c8bbc4e0450405f77e51a38d5d8546bb051ad9cfc1e1398bcdd4f1d27a,trajectory_058,near_singular,1.0,1.0,same,False
panda,single_gn_osqp,dd0122570b896479af2d5e319728e4940246870fb490724adba3c30f961e0e7e,trajectory_009,smooth,1.0,1.0,same,False
panda,single_gn_osqp,dd1303e9238be07b9c3435e99535065a7a9cce01608a84e607d928971719def4,trajectory_095,joint_limit_return,1.0,1.0,same,False
panda,single_gn_osqp,dfaa894d22df9fd9a31cdd4ce8dd11840f0a3026b6833427c58aaa20620b9717,trajectory_097,joint_limit_return,1.0,1.0,same,False
panda,single_gn_osqp,e11c2109877d969d2296d7103ee1a32f1f66db688f9df04542727276616d2a40,trajectory_100,joint_limit_return,1.0,1.0,same,False
panda,single_gn_osqp,e1f06a0cbe2bf8492fefa4cc723935b4aadc170e685425ed9329cc5dc9c746b5,trajectory_027,smooth,1.0,1.0,same,False
panda,single_gn_osqp,e3a30346944b79b0086c4cb983646ceebe15696d5c9bf69d7496404831b70e03,trajectory_136,high_curvature,1.0,1.0,same,False
panda,single_gn_osqp,e40d3f082546ab1357a170ac5ff8c171de91eec0c12f3499c7b0a8b2e47ad61c,trajectory_128,high_curvature,1.0,1.0,same,False
panda,single_gn_osqp,e59c723f13ae5c53043b764f23592cb10b26f287cd78c271c7158aad043d0a2a,trajectory_114,joint_limit_return,1.0,1.0,same,False
panda,single_gn_osqp,ea76edb7fffb2121617f45c85620b2acebff5380ee10e86c623c023a6640180d,trajectory_121,high_curvature,1.0,1.0,same,False
panda,single_gn_osqp,eb8a219ef38c40148c14bd361d543fb02881dc6779e79ab9e201a7c3fdfcf201,trajectory_040,near_singular,1.0,1.0,same,False
panda,single_gn_osqp,f273e2cf840747e85e3dc4a774925882a9057bc0672355948aab35c0de41c7d8,trajectory_050,near_singular,1.0,1.0,same,False
panda,single_gn_osqp,f39446bf3771ea811293302220c427a31e3e1c1e949786ced0d4215be0e0ad61,trajectory_132,high_curvature,1.0,1.0,same,False
panda,single_gn_osqp,f6dd29d48efd585758ed6330f5475dca353eca61cef94f6b09e8a3a31bb9a2f3,trajectory_091,joint_limit_return,1.0,1.0,same,False
panda,single_gn_osqp,f9dcfa03596d8c86d5fc2d68c4ffb6f789a8b333d25a90867029dce43baae39a,trajectory_075,near_singular,1.0,1.0,same,False
panda,single_gn_osqp,fba0889c16a2e83db85f027c9f5a508183ca0b8504c97c510caf8090ad04ab36,trajectory_153,high_curvature,1.0,1.0,same,False
panda,single_gn_osqp,fbe58ea6278a7dab5fd757ac4e0b97ee869e320d50461b5af01ee66e258ef8fa,trajectory_122,high_curvature,1.0,1.0,same,False
panda,single_gn_osqp,ff6263afe4b5d337eafb70a82e8563f760f2ac8b10ba223fe42584c9e366b7d3,trajectory_129,high_curvature,1.0,1.0,same,False
panda,trac_task_5ms,009db6557800243ff65e0c7333cde1b7ddd0e6c46910706588a593a3f4acb624,trajectory_021,smooth,1.0,1.0,same,False
panda,trac_task_5ms,01e6d3003da6b2fa52c23d3609faa8b8bff293815dffc7a4940980b2338958be,trajectory_013,smooth,1.0,1.0,same,False
panda,trac_task_5ms,03bb61badb511b0b1ed87047a9796a921fc66524ca734ee655b56a672c6cb6ae,trajectory_118,joint_limit_return,1.0,1.0,same,False
panda,trac_task_5ms,077b3a8cc515aec835a5b63a21db483c8c301447444b5f66f4859469994a68e3,trajectory_078,near_singular,1.0,1.0,same,False
panda,trac_task_5ms,0a2537c3c40ba62c63727d6ed654546b317bfd0d8693efc85faa222da123debc,trajectory_039,smooth,1.0,1.0,same,False
panda,trac_task_5ms,0a63ba1ae1e8450c4c3af9a6b1963ce87395c993548888753b0b6cb4f3583ea1,trajectory_159,high_curvature,1.0,1.0,same,False
panda,trac_task_5ms,0d40fff84f0487f95ec2df4cd930981c8e49b45348a20e6e2fe0587a9381dd29,trajectory_053,near_singular,1.0,0.6666666666666666,gained,False
panda,trac_task_5ms,1085f3e04aaffe00c129d91100b2cf03f3de069fa72a1f43ac92c05905fe372d,trajectory_045,near_singular,1.0,0.6666666666666666,gained,False
panda,trac_task_5ms,11e5dd61197a24709eda8bbdf4933108e3a2cd75096cc1d83c67519e8f53cd3b,trajectory_030,smooth,1.0,1.0,same,False
panda,trac_task_5ms,169492dbe3686e9bed801ec404d2386157ca73430efc2035673600b4d72e8a66,trajectory_049,near_singular,1.0,1.0,same,False
panda,trac_task_5ms,16eb39236436e36522bf1742998d048f374e3572a63c53e2c2e5ca5d926ace93,trajectory_104,joint_limit_return,0.0,0.0,same,False
panda,trac_task_5ms,182336d73a5b3e410318ecc89f8fff003cd4774c6c196286f77fbed7422ba22d,trajectory_043,near_singular,1.0,1.0,same,False
panda,trac_task_5ms,19f667e15e6e2e001adaf2b54858a15da2770a3e032e6f2bf54394b4ae11dd2a,trajectory_098,joint_limit_return,1.0,1.0,same,False
panda,trac_task_5ms,1b03f784d41d7fb54612cd0d699abc3bc5985f24c3c9eb72428a6cbaca414c2b,trajectory_086,joint_limit_return,1.0,1.0,same,False
panda,trac_task_5ms,1b1432b684aef0b401c66b39b447aa074258ccfbe4d804811e9c02688243235a,trajectory_082,joint_limit_return,1.0,1.0,same,False
panda,trac_task_5ms,1b39b898eb092990b04abf224824637c9d3158b64e555f4ee7f8b5df09af055b,trajectory_012,smooth,1.0,1.0,same,False
panda,trac_task_5ms,1bbd79bf819cf6ecd63f3982a990a651d52ad71ee7023ec3ae7604b435a5db4b,trajectory_110,joint_limit_return,1.0,1.0,same,False
panda,trac_task_5ms,1dec5a6acc79ceadb4ebd7ba3aa74faa30e6d2a850fe0fcfc8c37f6568b1a2a3,trajectory_127,high_curvature,1.0,1.0,same,False
panda,trac_task_5ms,1e6df7d7a97068128c87d603d3c0e9f668d12f42bd3ad7bb6844038e1d000f49,trajectory_056,near_singular,1.0,0.0,gained,True
panda,trac_task_5ms,1ea0a808ba7693c99b08e547a054e536a85f836775c00d3ed9898d53321ca266,trajectory_028,smooth,1.0,1.0,same,False
panda,trac_task_5ms,237fa3357fbe3d06a7b83c1b4d0365e8a361eb6c1d1814dbae706836b5bfb2ce,trajectory_113,joint_limit_return,1.0,1.0,same,False
panda,trac_task_5ms,27c86cc0a672e7ca289d7e168325677711ec7e91facd0395bd5e092387fad4f4,trajectory_038,smooth,1.0,1.0,same,False
panda,trac_task_5ms,29a3f6ef1b19352cfb9831f4fe8e2d53991595953116f2431868cb12d34e80bf,trajectory_151,high_curvature,1.0,1.0,same,False
panda,trac_task_5ms,2a10217792feb2c6e8a32bc9be45b6711415582d2d65586302aaa5860acc9b32,trajectory_105,joint_limit_return,1.0,1.0,same,False
panda,trac_task_5ms,2cd27cc14429c5bb9961620d46292e849640359e5072de88384099e723596b3b,trajectory_146,high_curvature,1.0,1.0,same,False
panda,trac_task_5ms,2de001c20f2661d2eff3deefba47cc19b1426ff5273ca877feab77b0702a34e3,trajectory_135,high_curvature,1.0,1.0,same,False
panda,trac_task_5ms,2e9f7ef4bb4fbdc88f8581fc058a669a339276f9db5b4987a20be41acbf962af,trajectory_126,high_curvature,1.0,0.0,gained,True
panda,trac_task_5ms,312baf3e2d2b6b13442dfbc9f1a91a6cd7bcec51667a7b9eb7693b59856ac365,trajectory_116,joint_limit_return,1.0,1.0,same,False
panda,trac_task_5ms,3175105088a2ea7a79edcde8bb9ea0ed512b9b6b3222beeb2342401af88bb389,trajectory_140,high_curvature,1.0,1.0,same,False
panda,trac_task_5ms,3248dc23a4aa12b9dc7e39d0d5346d0ef2270be722bf5961d5c5f736dd88bfcc,trajectory_010,smooth,1.0,1.0,same,False
panda,trac_task_5ms,32ab3887d7825b280c6bf3918b479dbeef5eb758062588da83ea9937955d19d2,trajectory_145,high_curvature,1.0,1.0,same,False
panda,trac_task_5ms,32b81d51ae6fd562afb0aa7e3767f6b3f58bd3a2b885a6ea450cc98383e50b1d,trajectory_115,joint_limit_return,1.0,1.0,same,False
panda,trac_task_5ms,3420bfde4a0fb08a7d93b107e4b8f0dcff0388d37c97df4df7e6d63bc48c2151,trajectory_087,joint_limit_return,1.0,1.0,same,False
panda,trac_task_5ms,366389682e3e8bf025f25394f9bfd07e17264eab42f95422f126e8422ab8c2cc,trajectory_025,smooth,1.0,1.0,same,False
panda,trac_task_5ms,367f1baec203a4ae08849509f9426baeda64e8ae57fb00c78716b03927eff0ba,trajectory_032,smooth,1.0,1.0,same,False
panda,trac_task_5ms,39418c26c7c0ee7720f0a16e2b5930a336a74379ed31dd975416d5d9ab5766b1,trajectory_069,near_singular,1.0,0.3333333333333333,gained,False
panda,trac_task_5ms,39db9e21b7437b9c1d0091ef2a3aabbd08543d9a7e7b1cf2cbb9cebd5e88d8e3,trajectory_037,smooth,1.0,1.0,same,False
panda,trac_task_5ms,3a59b93a4c9e9c6b108b10e05344815f47411a6ce98c5ae4e2ed358ddc1d7440,trajectory_109,joint_limit_return,1.0,1.0,same,False
panda,trac_task_5ms,3b1c31e411ac6d014c0cba23d0c07be341aaec10cd7aadf586bb9fa3b4f47768,trajectory_011,smooth,1.0,1.0,same,False
panda,trac_task_5ms,3cc83c847094c062d9a1677d819e0323896e630be7a2918f43397133c151e1ec,trajectory_017,smooth,1.0,1.0,same,False
panda,trac_task_5ms,3d9860380251b55343a936ce0ba8b1f5348fe374983de15e16235a13e53cf704,trajectory_003,smooth,1.0,1.0,same,False
panda,trac_task_5ms,3e415f820d053f2d414a09831137a936dfa8fffec0e1ebb8457c8d2055627c90,trajectory_154,high_curvature,1.0,1.0,same,False
panda,trac_task_5ms,42cf116720f75d6fad1700cdcdf43c62d73a67ece9c9450f48aed630d0fe0b22,trajectory_014,smooth,1.0,1.0,same,False
panda,trac_task_5ms,44780d25bceacad472afc451e0aa3b81359116b7b988792dace49116d842955a,trajectory_139,high_curvature,1.0,1.0,same,False
panda,trac_task_5ms,4560ce06cdb032d006dfd81e869438fc013004a708606761affafddac71844ba,trajectory_034,smooth,1.0,1.0,same,False
panda,trac_task_5ms,4588e0448a7051a3cca903c21654de3352717cf1f1ea512d4688a78fdfe7488c,trajectory_055,near_singular,1.0,1.0,same,False
panda,trac_task_5ms,45b0f4687b5986b23497d7ff1f5dc551d097cd684f87b9cd87c44d76c37e40b8,trajectory_088,joint_limit_return,1.0,1.0,same,False
panda,trac_task_5ms,479acbcb94748d65126d5afb88aa88d3c2356d029199485ebdb36946117ccfaf,trajectory_007,smooth,1.0,1.0,same,False
panda,trac_task_5ms,47ae8f807e48c4c002530f6da0fb351b873959f64a26b5a550694c685ae73c4a,trajectory_057,near_singular,1.0,0.3333333333333333,gained,False
panda,trac_task_5ms,480587c598ca589e82de0deeb2ce9a0e3addfeae1cad8d4b5250a048cf275b3d,trajectory_041,near_singular,1.0,1.0,same,False
panda,trac_task_5ms,49a1edd5201a14cde7f8a9bbd2c4de7814b5dff477df1c6ed6df571c6cfa3e5d,trajectory_029,smooth,1.0,1.0,same,False
panda,trac_task_5ms,4b11ed64f31d9ba64758d060a1591e0d395d58a23b7e1e258546c85cd3c09b33,trajectory_068,near_singular,1.0,1.0,same,False
panda,trac_task_5ms,4b685f766c2aaa86bbe0149755113dc5f973ef6e7a20b143520733e773f45186,trajectory_090,joint_limit_return,1.0,1.0,same,False
panda,trac_task_5ms,4c6f3e4c4938f1d045ad81cc0b00279c7e4deeb0090877a2457fc71d699e5669,trajectory_015,smooth,1.0,1.0,same,False
panda,trac_task_5ms,4d8dfd105e6967177e92702e792e3fcfeb8cab41c72b787e436a4b5f2cbf4cef,trajectory_008,smooth,1.0,1.0,same,False
panda,trac_task_5ms,4e1843759088f4a5ab2eb9d0488ded425922f491cc72a77a168a168496703da9,trajectory_084,joint_limit_return,1.0,1.0,same,False
panda,trac_task_5ms,4f1940d91117f91ea27fc47a289476bf2361c47cbbb34e21aa92e2a9bf8c25da,trajectory_120,high_curvature,0.0,0.0,same,False
panda,trac_task_5ms,4f748698c3c2c641dfd36bbbeddb6bf166b308236fd594b727a9a25f58549651,trajectory_158,high_curvature,1.0,1.0,same,False
panda,trac_task_5ms,52bfa11a7beed01ba2979eed87aff5a6d1878b46392075e49e79297e367f7fa5,trajectory_005,smooth,1.0,1.0,same,False
panda,trac_task_5ms,56e3826cb8c9c1d2669f86c094648f3a15468966904942f865b6138ae1a34089,trajectory_156,high_curvature,1.0,1.0,same,False
panda,trac_task_5ms,5901f315f2447757c1867df962600c1d912c87fe3cb9d65589d6081769488442,trajectory_130,high_curvature,1.0,1.0,same,False
panda,trac_task_5ms,59fb6a8924934a79c09136da28b7a3ff8bbd61498838a8128a1bd053a2a3f32d,trajectory_065,near_singular,1.0,1.0,same,False
panda,trac_task_5ms,5bdcc2d8aebc7b7d2e138df541304b09eb972c06a781fbf126b84888026ce734,trajectory_026,smooth,1.0,1.0,same,False
panda,trac_task_5ms,5c3485c9a41783628ed9200eabb9c7aa756b2d1838f092b31a88491623ae52e2,trajectory_124,high_curvature,1.0,1.0,same,False
panda,trac_task_5ms,5dac1d49889fe9e09b4c32f417b1bf4ee86389af5d20fc3823371a7ee2bba187,trajectory_103,joint_limit_return,1.0,1.0,same,False
panda,trac_task_5ms,617dfe3c6044a249e2b35c9a35fdace22f1d096e467cd2c20a564e43995edf0f,trajectory_042,near_singular,0.0,1.0,lost,True
panda,trac_task_5ms,6292d6a262da269233959d5b381d94998db141290bc3e30dd2208b51a11c8100,trajectory_092,joint_limit_return,0.0,1.0,lost,True
panda,trac_task_5ms,6586e2c2aa7b28f704b4e4da538ca71d7f5b6ecb11bdc8906e682eca50fbbad1,trajectory_107,joint_limit_return,1.0,1.0,same,False
panda,trac_task_5ms,68eda3224034b5683d377b5d7cddd0db39a9c6a0fc30def562c3282bdf4cfda6,trajectory_023,smooth,1.0,1.0,same,False
panda,trac_task_5ms,6a1c3a555eddf23620d15ee7cb9500f45bbd54b6f5f7d61f9643b9d310581150,trajectory_102,joint_limit_return,1.0,1.0,same,False
panda,trac_task_5ms,6b0966e51c74ee179bda979ce90c28e13df86983752592ccef75cfedcedb1271,trajectory_147,high_curvature,1.0,1.0,same,False
panda,trac_task_5ms,6b2979d02b4c234eab22bfc97da014daf8f5b7c94a6d47eaee20dd8705a29e94,trajectory_036,smooth,1.0,1.0,same,False
panda,trac_task_5ms,6f45a8b6059397bd23d369002df06b9d4a367c8e87cafa78af25eef62d2ba906,trajectory_020,smooth,1.0,1.0,same,False
panda,trac_task_5ms,700234aadb2ef0f2c5056fb078594221aa97a092642689035f4bffd6e6845062,trajectory_144,high_curvature,0.0,0.0,same,False
panda,trac_task_5ms,710b8798d1f34818e642157f92c158183934342acbc1f8f054abdb7080c71569,trajectory_143,high_curvature,1.0,1.0,same,False
panda,trac_task_5ms,75d52c890b861cdb7f9862279ecbe3d5318b78f4d93cd28cc30414ef5493341c,trajectory_035,smooth,1.0,1.0,same,False
panda,trac_task_5ms,76014196d575d651386f649f98c4d3dd7f03787edbfd42b80122072d25c83bba,trajectory_066,near_singular,1.0,1.0,same,False
panda,trac_task_5ms,76723c8484a05a7bc2bff4047708ad396e6759dff58cd347e4b36eeb1bdedfd0,trajectory_111,joint_limit_return,1.0,1.0,same,False
panda,trac_task_5ms,79076cd9aa84b436fcbb836548e693b733aa35a2d7be5ccd28163e80bd3fcb82,trajectory_046,near_singular,1.0,1.0,same,False
panda,trac_task_5ms,79a9d8a888407eb550cf8684661f49bc7ef7579e670e95b79b09ae9c996b9b0d,trajectory_019,smooth,1.0,1.0,same,False
panda,trac_task_5ms,79b541a168d9d17d398c8098d305be992824956b558db5da00571e9427e38c44,trajectory_077,near_singular,1.0,1.0,same,False
panda,trac_task_5ms,7a4b0e446427145d85dd1b448c80c4b2902f9595f8588456fecd4093f299a8df,trajectory_117,joint_limit_return,1.0,1.0,same,False
panda,trac_task_5ms,7c4f7297f4e3c51c94bbff33f1f6fea524a7aeb44e815849ac855cd47cb12778,trajectory_047,near_singular,1.0,1.0,same,False
panda,trac_task_5ms,8159f4b8a9c566ba4d2d648b7a0ce5497eff71c08df175337922b21578479645,trajectory_157,high_curvature,1.0,1.0,same,False
panda,trac_task_5ms,84f83b0ba1930b447be1abf5134e2558f2120f5657126a3a00b788b94429902d,trajectory_141,high_curvature,1.0,1.0,same,False
panda,trac_task_5ms,883e06904863f75da01f0a8b29601d8d6c4e5e3d4391b559c9a576779b153be2,trajectory_063,near_singular,1.0,1.0,same,False
panda,trac_task_5ms,891914e1ae3556ab6b0945f9863bdec1840dd5a264e93c627a51b7581f16dfe8,trajectory_134,high_curvature,1.0,1.0,same,False
panda,trac_task_5ms,8bebd193c402f03b5f2bdcd9ccfa7c6ea00cd4821f9b4165aa9533694979e773,trajectory_106,joint_limit_return,1.0,1.0,same,False
panda,trac_task_5ms,8eb0376749a7bcb5bb763b8809e852eb2830de76762dcdd0f2ef9dcf64a3ccec,trajectory_152,high_curvature,1.0,1.0,same,False
panda,trac_task_5ms,91dba0fb58c14a6382c14e9d6f796faac1dae38265d099f7bf09cdb6e2f2f8cc,trajectory_018,smooth,1.0,1.0,same,False
panda,trac_task_5ms,9289844cd619fe3c022d910841ace12e165e07777f181c72cc2a1aec1da2e3fb,trajectory_131,high_curvature,1.0,1.0,same,False
panda,trac_task_5ms,92b622165930ed028b13c8c2a3d6133c389f1a260daf0561cfcff77a8d9f844b,trajectory_044,near_singular,1.0,0.6666666666666666,gained,False
panda,trac_task_5ms,9408a6fe715e7be47720924bb6ceeff40609fd34a88003747eb1e71abe1a9a2f,trajectory_137,high_curvature,1.0,1.0,same,False
panda,trac_task_5ms,941208ad496f124a01969cbcd5952f3d62d67fd41b608983f17a9968782c4827,trajectory_149,high_curvature,1.0,1.0,same,False
panda,trac_task_5ms,95f75106b91876cd6f738407fc0ef5a94df2060332a02c67ac9ea3733c714ed4,trajectory_000,smooth,1.0,1.0,same,False
panda,trac_task_5ms,969ba5d44c0c1d23ec4d7872e24f6fb53691d315f926ddf3bba5bf77a876acba,trajectory_071,near_singular,1.0,1.0,same,False
panda,trac_task_5ms,98a64163a7bd63a545af06f06534fbce4eb6002995e513221ad2614b1706b9ad,trajectory_002,smooth,1.0,1.0,same,False
panda,trac_task_5ms,98a8aab5c8e29361ccafa7a573c6c335bc3b5a38f2b5ffb7af6a8d682c72f8b5,trajectory_119,joint_limit_return,1.0,1.0,same,False
panda,trac_task_5ms,98aff3582a84a6146748002550a34794014c19c6a94d633ebdfdfefa61217699,trajectory_096,joint_limit_return,1.0,1.0,same,False
panda,trac_task_5ms,9e7027908956f6feea8630c453988b56b38fb5654bc6494312db6fec4fe6e93e,trajectory_048,near_singular,1.0,1.0,same,False
panda,trac_task_5ms,a05d83f7ddfc14a4cdfa84454006e4d9e5ee9dcf7c2bedac15fd258bf8c34136,trajectory_081,joint_limit_return,1.0,1.0,same,False
panda,trac_task_5ms,a1b85e534d2e0cdb72790b6734610df5aa37117f3174bde1e7216baec8456552,trajectory_004,smooth,1.0,1.0,same,False
panda,trac_task_5ms,a32f076fd84a50b0746febbd023dfac09cce4d08b2e19b8eee9393caa4f35a24,trajectory_061,near_singular,1.0,1.0,same,False
panda,trac_task_5ms,a41fa9fd32eb51775be76cb69ed2f1a90c7db2fa4635519af5f36aa1f9882715,trajectory_099,joint_limit_return,1.0,1.0,same,False
panda,trac_task_5ms,a4757ca54027f468f26f705c836838ae45f57658e775c4c60a7395323f3fb346,trajectory_076,near_singular,1.0,1.0,same,False
panda,trac_task_5ms,a614e3a4c0b7636e17bf50037f1bf43f2ef3b76be9053ce9be5e9d2970b350aa,trajectory_001,smooth,1.0,1.0,same,False
panda,trac_task_5ms,a9445fc6e5fb718c951f64a65114eec0d3b485d66e12c4a1e5e95a92991dc00b,trajectory_108,joint_limit_return,1.0,1.0,same,False
panda,trac_task_5ms,a9dad4d05a0465b0a7d0f6adc718d5b33d1adc460d8d23ca364b0b32c99a5f43,trajectory_150,high_curvature,1.0,1.0,same,False
panda,trac_task_5ms,aa8b9f192ff1868146667d1b686b24bea6114cf01c1f8c722b16e84737da2ba0,trajectory_083,joint_limit_return,1.0,1.0,same,False
panda,trac_task_5ms,abac8acf60716cc94ba74123dcb5312d1eb7a1b46c62a947ef2b73f2b84e5374,trajectory_093,joint_limit_return,1.0,1.0,same,False
panda,trac_task_5ms,ada02d8a4041f5f9598faabf38e8bb5f2ac9e20ffdbab433149955384b914051,trajectory_016,smooth,1.0,1.0,same,False
panda,trac_task_5ms,ae7db0483b9fa61d315d70e1d36b61f099764053013d7cd8b34f1591e5ef70bf,trajectory_148,high_curvature,1.0,1.0,same,False
panda,trac_task_5ms,b2e4231b22fe2f97c2c16de3eabbd347cfea7ab68444a1afccbe3ac3079b4f48,trajectory_060,near_singular,1.0,1.0,same,False
panda,trac_task_5ms,b304104f37dfe87f52e47e4645deb21c8bb6b164549bb941929ab27ce08b714d,trajectory_085,joint_limit_return,1.0,1.0,same,False
panda,trac_task_5ms,b5d8e2eba24b1d515276c8684f15f9ab4e84e24bd2259b6c109d0288a3b2ed9e,trajectory_123,high_curvature,1.0,1.0,same,False
panda,trac_task_5ms,b63ecbeba848a1d720ff4202885635161c6c2f8a7a27eff5b02409f1b4279172,trajectory_079,near_singular,1.0,1.0,same,False
panda,trac_task_5ms,b69f62508019f8a84299bad37e9c92ab1b80bd4b127e8c5b60c969c257ff7cc6,trajectory_073,near_singular,1.0,1.0,same,False
panda,trac_task_5ms,b6b9be5e9dbb7e471bc7de18813d720f027151c79c5e2f6bc24083939afd3715,trajectory_033,smooth,1.0,1.0,same,False
panda,trac_task_5ms,b6cbd705da27715926d1834f38ee3634efd21ed62a05fe9f858bb938aa8ad66d,trajectory_142,high_curvature,1.0,1.0,same,False
panda,trac_task_5ms,b789a3a68dd93679c394a021695368cd0e7f05fa2f0999fda29ea8cbc55bb1b5,trajectory_101,joint_limit_return,1.0,1.0,same,False
panda,trac_task_5ms,b7d9f59b33a2dda6c19ff77ca7e30b88fa3fe1ea9f416b1340aa4cb29a2d7580,trajectory_064,near_singular,1.0,0.3333333333333333,gained,False
panda,trac_task_5ms,bb90da78357615fc1a654b326ac620375a16ab26042ef42f52b32bafb2663527,trajectory_062,near_singular,1.0,1.0,same,False
panda,trac_task_5ms,bd42c775f0f4134d408d51af225b1d03a8899405721c946646244bcbac33f42f,trajectory_138,high_curvature,1.0,1.0,same,False
panda,trac_task_5ms,bdcd3ffd414ccd41a775496dcc9690aff30070fdb1d6d42ba00798b9b3fce457,trajectory_070,near_singular,1.0,1.0,same,False
panda,trac_task_5ms,bf6096f502134513e2313f50fbc04736f435a97794c75f88da9741bbf3b306f0,trajectory_051,near_singular,1.0,1.0,same,False
panda,trac_task_5ms,c068c4a69ab7818dfd663ebe0bd5f26cb404ea2a0142fa63589d2368c63c96c2,trajectory_022,smooth,1.0,1.0,same,False
panda,trac_task_5ms,c2ebae0d24e306f3744e9ac2a38add8502705448e7eda234f19e3082f56fa52c,trajectory_094,joint_limit_return,1.0,0.0,gained,True
panda,trac_task_5ms,c413c8e51512e31288411e26b66641b2d288db860038d5c93c92eaed0e5a4262,trajectory_067,near_singular,1.0,1.0,same,False
panda,trac_task_5ms,c6cfd91b767095758b663e0ee9d436d5e7a392ae0b0f544dc5c1085014080e48,trajectory_125,high_curvature,1.0,0.0,gained,True
panda,trac_task_5ms,ca9cd0ec53e341e94f32ed243e8aa7157ceaccebe06c876d98959a6523575b0c,trajectory_054,near_singular,1.0,1.0,same,False
panda,trac_task_5ms,ce2ecca87ee582df7b70a4be4252ec5077978137e18a0facb8f7569fae9cde3b,trajectory_031,smooth,1.0,1.0,same,False
panda,trac_task_5ms,ceef73a7c61264683fe087a71b97581b2fa0b224028ef16c560b7751811a39bf,trajectory_133,high_curvature,1.0,1.0,same,False
panda,trac_task_5ms,cf1ac8c4297fcd0132ef27f0d2fb9f45010d63c137bcd423126e4d2759aec7e2,trajectory_024,smooth,1.0,1.0,same,False
panda,trac_task_5ms,d18f14b16c53cbd1c1811adc5279f00e6745676ca71c477595565e5b21ad5248,trajectory_072,near_singular,1.0,1.0,same,False
panda,trac_task_5ms,d1b6f99f9dd68c456e81713c3f5adafb553bd17ccdb5e0cb02ef57464d7180fc,trajectory_059,near_singular,1.0,1.0,same,False
panda,trac_task_5ms,d417c16e467b1bde55181c0022bd7193f19faed3ca6ba4f83228bdb2488af8d5,trajectory_112,joint_limit_return,1.0,1.0,same,False
panda,trac_task_5ms,d4ff5150093d260a061aa45d09215d38d3f65c8fc3ba45841188479b3784eac3,trajectory_155,high_curvature,1.0,1.0,same,False
panda,trac_task_5ms,d677d8817a9086e31204c00a069fcd9714941f266e92b8c76d39517d2a87c663,trajectory_074,near_singular,0.0,0.0,same,False
panda,trac_task_5ms,d6a977914b0b3a11523a9e5e9bfe0aec9b82ee4dc4e9aaf198c39e1d12aa50ec,trajectory_006,smooth,1.0,1.0,same,False
panda,trac_task_5ms,d705eae3a57ea3fd8966a58397aa9782312a3f2db92812d3a60612d6281d7a69,trajectory_080,joint_limit_return,1.0,1.0,same,False
panda,trac_task_5ms,d7da3b52b00c623aa961e4db17e1e3c8b05d3c4295e5905a19047bd8a7f4482c,trajectory_052,near_singular,1.0,1.0,same,False
panda,trac_task_5ms,d82047102c78a4602cd08dfad44002c7dce3cccfde940bd18afaf6875e44a5e5,trajectory_089,joint_limit_return,1.0,1.0,same,False
panda,trac_task_5ms,dadc09c8bbc4e0450405f77e51a38d5d8546bb051ad9cfc1e1398bcdd4f1d27a,trajectory_058,near_singular,1.0,1.0,same,False
panda,trac_task_5ms,dd0122570b896479af2d5e319728e4940246870fb490724adba3c30f961e0e7e,trajectory_009,smooth,1.0,1.0,same,False
panda,trac_task_5ms,dd1303e9238be07b9c3435e99535065a7a9cce01608a84e607d928971719def4,trajectory_095,joint_limit_return,1.0,1.0,same,False
panda,trac_task_5ms,dfaa894d22df9fd9a31cdd4ce8dd11840f0a3026b6833427c58aaa20620b9717,trajectory_097,joint_limit_return,1.0,1.0,same,False
panda,trac_task_5ms,e11c2109877d969d2296d7103ee1a32f1f66db688f9df04542727276616d2a40,trajectory_100,joint_limit_return,1.0,1.0,same,False
panda,trac_task_5ms,e1f06a0cbe2bf8492fefa4cc723935b4aadc170e685425ed9329cc5dc9c746b5,trajectory_027,smooth,1.0,1.0,same,False
panda,trac_task_5ms,e3a30346944b79b0086c4cb983646ceebe15696d5c9bf69d7496404831b70e03,trajectory_136,high_curvature,1.0,1.0,same,False
panda,trac_task_5ms,e40d3f082546ab1357a170ac5ff8c171de91eec0c12f3499c7b0a8b2e47ad61c,trajectory_128,high_curvature,1.0,1.0,same,False
panda,trac_task_5ms,e59c723f13ae5c53043b764f23592cb10b26f287cd78c271c7158aad043d0a2a,trajectory_114,joint_limit_return,1.0,1.0,same,False
panda,trac_task_5ms,ea76edb7fffb2121617f45c85620b2acebff5380ee10e86c623c023a6640180d,trajectory_121,high_curvature,1.0,1.0,same,False
panda,trac_task_5ms,eb8a219ef38c40148c14bd361d543fb02881dc6779e79ab9e201a7c3fdfcf201,trajectory_040,near_singular,1.0,1.0,same,False
panda,trac_task_5ms,f273e2cf840747e85e3dc4a774925882a9057bc0672355948aab35c0de41c7d8,trajectory_050,near_singular,1.0,1.0,same,False
panda,trac_task_5ms,f39446bf3771ea811293302220c427a31e3e1c1e949786ced0d4215be0e0ad61,trajectory_132,high_curvature,1.0,1.0,same,False
panda,trac_task_5ms,f6dd29d48efd585758ed6330f5475dca353eca61cef94f6b09e8a3a31bb9a2f3,trajectory_091,joint_limit_return,1.0,1.0,same,False
panda,trac_task_5ms,f9dcfa03596d8c86d5fc2d68c4ffb6f789a8b333d25a90867029dce43baae39a,trajectory_075,near_singular,1.0,1.0,same,False
panda,trac_task_5ms,fba0889c16a2e83db85f027c9f5a508183ca0b8504c97c510caf8090ad04ab36,trajectory_153,high_curvature,1.0,1.0,same,False
panda,trac_task_5ms,fbe58ea6278a7dab5fd757ac4e0b97ee869e320d50461b5af01ee66e258ef8fa,trajectory_122,high_curvature,1.0,1.0,same,False
panda,trac_task_5ms,ff6263afe4b5d337eafb70a82e8563f760f2ac8b10ba223fe42584c9e366b7d3,trajectory_129,high_curvature,1.0,1.0,same,False
panda,trac_task_20ms,009db6557800243ff65e0c7333cde1b7ddd0e6c46910706588a593a3f4acb624,trajectory_021,smooth,1.0,1.0,same,False
panda,trac_task_20ms,01e6d3003da6b2fa52c23d3609faa8b8bff293815dffc7a4940980b2338958be,trajectory_013,smooth,1.0,1.0,same,False
panda,trac_task_20ms,03bb61badb511b0b1ed87047a9796a921fc66524ca734ee655b56a672c6cb6ae,trajectory_118,joint_limit_return,1.0,1.0,same,False
panda,trac_task_20ms,077b3a8cc515aec835a5b63a21db483c8c301447444b5f66f4859469994a68e3,trajectory_078,near_singular,1.0,1.0,same,False
panda,trac_task_20ms,0a2537c3c40ba62c63727d6ed654546b317bfd0d8693efc85faa222da123debc,trajectory_039,smooth,1.0,1.0,same,False
panda,trac_task_20ms,0a63ba1ae1e8450c4c3af9a6b1963ce87395c993548888753b0b6cb4f3583ea1,trajectory_159,high_curvature,1.0,1.0,same,False
panda,trac_task_20ms,0d40fff84f0487f95ec2df4cd930981c8e49b45348a20e6e2fe0587a9381dd29,trajectory_053,near_singular,1.0,1.0,same,False
panda,trac_task_20ms,1085f3e04aaffe00c129d91100b2cf03f3de069fa72a1f43ac92c05905fe372d,trajectory_045,near_singular,1.0,1.0,same,False
panda,trac_task_20ms,11e5dd61197a24709eda8bbdf4933108e3a2cd75096cc1d83c67519e8f53cd3b,trajectory_030,smooth,1.0,1.0,same,False
panda,trac_task_20ms,169492dbe3686e9bed801ec404d2386157ca73430efc2035673600b4d72e8a66,trajectory_049,near_singular,1.0,1.0,same,False
panda,trac_task_20ms,16eb39236436e36522bf1742998d048f374e3572a63c53e2c2e5ca5d926ace93,trajectory_104,joint_limit_return,0.0,0.0,same,False
panda,trac_task_20ms,182336d73a5b3e410318ecc89f8fff003cd4774c6c196286f77fbed7422ba22d,trajectory_043,near_singular,1.0,1.0,same,False
panda,trac_task_20ms,19f667e15e6e2e001adaf2b54858a15da2770a3e032e6f2bf54394b4ae11dd2a,trajectory_098,joint_limit_return,1.0,1.0,same,False
panda,trac_task_20ms,1b03f784d41d7fb54612cd0d699abc3bc5985f24c3c9eb72428a6cbaca414c2b,trajectory_086,joint_limit_return,1.0,1.0,same,False
panda,trac_task_20ms,1b1432b684aef0b401c66b39b447aa074258ccfbe4d804811e9c02688243235a,trajectory_082,joint_limit_return,1.0,1.0,same,False
panda,trac_task_20ms,1b39b898eb092990b04abf224824637c9d3158b64e555f4ee7f8b5df09af055b,trajectory_012,smooth,1.0,1.0,same,False
panda,trac_task_20ms,1bbd79bf819cf6ecd63f3982a990a651d52ad71ee7023ec3ae7604b435a5db4b,trajectory_110,joint_limit_return,1.0,1.0,same,False
panda,trac_task_20ms,1dec5a6acc79ceadb4ebd7ba3aa74faa30e6d2a850fe0fcfc8c37f6568b1a2a3,trajectory_127,high_curvature,1.0,1.0,same,False
panda,trac_task_20ms,1e6df7d7a97068128c87d603d3c0e9f668d12f42bd3ad7bb6844038e1d000f49,trajectory_056,near_singular,1.0,0.0,gained,True
panda,trac_task_20ms,1ea0a808ba7693c99b08e547a054e536a85f836775c00d3ed9898d53321ca266,trajectory_028,smooth,1.0,1.0,same,False
panda,trac_task_20ms,237fa3357fbe3d06a7b83c1b4d0365e8a361eb6c1d1814dbae706836b5bfb2ce,trajectory_113,joint_limit_return,1.0,1.0,same,False
panda,trac_task_20ms,27c86cc0a672e7ca289d7e168325677711ec7e91facd0395bd5e092387fad4f4,trajectory_038,smooth,1.0,1.0,same,False
panda,trac_task_20ms,29a3f6ef1b19352cfb9831f4fe8e2d53991595953116f2431868cb12d34e80bf,trajectory_151,high_curvature,1.0,1.0,same,False
panda,trac_task_20ms,2a10217792feb2c6e8a32bc9be45b6711415582d2d65586302aaa5860acc9b32,trajectory_105,joint_limit_return,1.0,1.0,same,False
panda,trac_task_20ms,2cd27cc14429c5bb9961620d46292e849640359e5072de88384099e723596b3b,trajectory_146,high_curvature,1.0,1.0,same,False
panda,trac_task_20ms,2de001c20f2661d2eff3deefba47cc19b1426ff5273ca877feab77b0702a34e3,trajectory_135,high_curvature,1.0,1.0,same,False
panda,trac_task_20ms,2e9f7ef4bb4fbdc88f8581fc058a669a339276f9db5b4987a20be41acbf962af,trajectory_126,high_curvature,1.0,0.0,gained,True
panda,trac_task_20ms,312baf3e2d2b6b13442dfbc9f1a91a6cd7bcec51667a7b9eb7693b59856ac365,trajectory_116,joint_limit_return,1.0,1.0,same,False
panda,trac_task_20ms,3175105088a2ea7a79edcde8bb9ea0ed512b9b6b3222beeb2342401af88bb389,trajectory_140,high_curvature,1.0,1.0,same,False
panda,trac_task_20ms,3248dc23a4aa12b9dc7e39d0d5346d0ef2270be722bf5961d5c5f736dd88bfcc,trajectory_010,smooth,1.0,1.0,same,False
panda,trac_task_20ms,32ab3887d7825b280c6bf3918b479dbeef5eb758062588da83ea9937955d19d2,trajectory_145,high_curvature,1.0,1.0,same,False
panda,trac_task_20ms,32b81d51ae6fd562afb0aa7e3767f6b3f58bd3a2b885a6ea450cc98383e50b1d,trajectory_115,joint_limit_return,1.0,1.0,same,False
panda,trac_task_20ms,3420bfde4a0fb08a7d93b107e4b8f0dcff0388d37c97df4df7e6d63bc48c2151,trajectory_087,joint_limit_return,1.0,1.0,same,False
panda,trac_task_20ms,366389682e3e8bf025f25394f9bfd07e17264eab42f95422f126e8422ab8c2cc,trajectory_025,smooth,1.0,1.0,same,False
panda,trac_task_20ms,367f1baec203a4ae08849509f9426baeda64e8ae57fb00c78716b03927eff0ba,trajectory_032,smooth,1.0,1.0,same,False
panda,trac_task_20ms,39418c26c7c0ee7720f0a16e2b5930a336a74379ed31dd975416d5d9ab5766b1,trajectory_069,near_singular,1.0,0.6666666666666666,gained,False
panda,trac_task_20ms,39db9e21b7437b9c1d0091ef2a3aabbd08543d9a7e7b1cf2cbb9cebd5e88d8e3,trajectory_037,smooth,1.0,1.0,same,False
panda,trac_task_20ms,3a59b93a4c9e9c6b108b10e05344815f47411a6ce98c5ae4e2ed358ddc1d7440,trajectory_109,joint_limit_return,1.0,1.0,same,False
panda,trac_task_20ms,3b1c31e411ac6d014c0cba23d0c07be341aaec10cd7aadf586bb9fa3b4f47768,trajectory_011,smooth,1.0,1.0,same,False
panda,trac_task_20ms,3cc83c847094c062d9a1677d819e0323896e630be7a2918f43397133c151e1ec,trajectory_017,smooth,1.0,1.0,same,False
panda,trac_task_20ms,3d9860380251b55343a936ce0ba8b1f5348fe374983de15e16235a13e53cf704,trajectory_003,smooth,1.0,1.0,same,False
panda,trac_task_20ms,3e415f820d053f2d414a09831137a936dfa8fffec0e1ebb8457c8d2055627c90,trajectory_154,high_curvature,1.0,1.0,same,False
panda,trac_task_20ms,42cf116720f75d6fad1700cdcdf43c62d73a67ece9c9450f48aed630d0fe0b22,trajectory_014,smooth,1.0,1.0,same,False
panda,trac_task_20ms,44780d25bceacad472afc451e0aa3b81359116b7b988792dace49116d842955a,trajectory_139,high_curvature,1.0,1.0,same,False
panda,trac_task_20ms,4560ce06cdb032d006dfd81e869438fc013004a708606761affafddac71844ba,trajectory_034,smooth,1.0,1.0,same,False
panda,trac_task_20ms,4588e0448a7051a3cca903c21654de3352717cf1f1ea512d4688a78fdfe7488c,trajectory_055,near_singular,1.0,1.0,same,False
panda,trac_task_20ms,45b0f4687b5986b23497d7ff1f5dc551d097cd684f87b9cd87c44d76c37e40b8,trajectory_088,joint_limit_return,1.0,1.0,same,False
panda,trac_task_20ms,479acbcb94748d65126d5afb88aa88d3c2356d029199485ebdb36946117ccfaf,trajectory_007,smooth,1.0,1.0,same,False
panda,trac_task_20ms,47ae8f807e48c4c002530f6da0fb351b873959f64a26b5a550694c685ae73c4a,trajectory_057,near_singular,1.0,1.0,same,False
panda,trac_task_20ms,480587c598ca589e82de0deeb2ce9a0e3addfeae1cad8d4b5250a048cf275b3d,trajectory_041,near_singular,1.0,1.0,same,False
panda,trac_task_20ms,49a1edd5201a14cde7f8a9bbd2c4de7814b5dff477df1c6ed6df571c6cfa3e5d,trajectory_029,smooth,1.0,1.0,same,False
panda,trac_task_20ms,4b11ed64f31d9ba64758d060a1591e0d395d58a23b7e1e258546c85cd3c09b33,trajectory_068,near_singular,1.0,1.0,same,False
panda,trac_task_20ms,4b685f766c2aaa86bbe0149755113dc5f973ef6e7a20b143520733e773f45186,trajectory_090,joint_limit_return,1.0,1.0,same,False
panda,trac_task_20ms,4c6f3e4c4938f1d045ad81cc0b00279c7e4deeb0090877a2457fc71d699e5669,trajectory_015,smooth,1.0,1.0,same,False
panda,trac_task_20ms,4d8dfd105e6967177e92702e792e3fcfeb8cab41c72b787e436a4b5f2cbf4cef,trajectory_008,smooth,1.0,1.0,same,False
panda,trac_task_20ms,4e1843759088f4a5ab2eb9d0488ded425922f491cc72a77a168a168496703da9,trajectory_084,joint_limit_return,1.0,1.0,same,False
panda,trac_task_20ms,4f1940d91117f91ea27fc47a289476bf2361c47cbbb34e21aa92e2a9bf8c25da,trajectory_120,high_curvature,0.0,0.0,same,False
panda,trac_task_20ms,4f748698c3c2c641dfd36bbbeddb6bf166b308236fd594b727a9a25f58549651,trajectory_158,high_curvature,1.0,1.0,same,False
panda,trac_task_20ms,52bfa11a7beed01ba2979eed87aff5a6d1878b46392075e49e79297e367f7fa5,trajectory_005,smooth,1.0,1.0,same,False
panda,trac_task_20ms,56e3826cb8c9c1d2669f86c094648f3a15468966904942f865b6138ae1a34089,trajectory_156,high_curvature,1.0,1.0,same,False
panda,trac_task_20ms,5901f315f2447757c1867df962600c1d912c87fe3cb9d65589d6081769488442,trajectory_130,high_curvature,1.0,1.0,same,False
panda,trac_task_20ms,59fb6a8924934a79c09136da28b7a3ff8bbd61498838a8128a1bd053a2a3f32d,trajectory_065,near_singular,1.0,1.0,same,False
panda,trac_task_20ms,5bdcc2d8aebc7b7d2e138df541304b09eb972c06a781fbf126b84888026ce734,trajectory_026,smooth,1.0,1.0,same,False
panda,trac_task_20ms,5c3485c9a41783628ed9200eabb9c7aa756b2d1838f092b31a88491623ae52e2,trajectory_124,high_curvature,1.0,1.0,same,False
panda,trac_task_20ms,5dac1d49889fe9e09b4c32f417b1bf4ee86389af5d20fc3823371a7ee2bba187,trajectory_103,joint_limit_return,1.0,1.0,same,False
panda,trac_task_20ms,617dfe3c6044a249e2b35c9a35fdace22f1d096e467cd2c20a564e43995edf0f,trajectory_042,near_singular,0.0,1.0,lost,True
panda,trac_task_20ms,6292d6a262da269233959d5b381d94998db141290bc3e30dd2208b51a11c8100,trajectory_092,joint_limit_return,0.0,1.0,lost,True
panda,trac_task_20ms,6586e2c2aa7b28f704b4e4da538ca71d7f5b6ecb11bdc8906e682eca50fbbad1,trajectory_107,joint_limit_return,1.0,1.0,same,False
panda,trac_task_20ms,68eda3224034b5683d377b5d7cddd0db39a9c6a0fc30def562c3282bdf4cfda6,trajectory_023,smooth,1.0,1.0,same,False
panda,trac_task_20ms,6a1c3a555eddf23620d15ee7cb9500f45bbd54b6f5f7d61f9643b9d310581150,trajectory_102,joint_limit_return,1.0,1.0,same,False
panda,trac_task_20ms,6b0966e51c74ee179bda979ce90c28e13df86983752592ccef75cfedcedb1271,trajectory_147,high_curvature,1.0,1.0,same,False
panda,trac_task_20ms,6b2979d02b4c234eab22bfc97da014daf8f5b7c94a6d47eaee20dd8705a29e94,trajectory_036,smooth,1.0,1.0,same,False
panda,trac_task_20ms,6f45a8b6059397bd23d369002df06b9d4a367c8e87cafa78af25eef62d2ba906,trajectory_020,smooth,1.0,1.0,same,False
panda,trac_task_20ms,700234aadb2ef0f2c5056fb078594221aa97a092642689035f4bffd6e6845062,trajectory_144,high_curvature,0.0,0.0,same,False
panda,trac_task_20ms,710b8798d1f34818e642157f92c158183934342acbc1f8f054abdb7080c71569,trajectory_143,high_curvature,1.0,1.0,same,False
panda,trac_task_20ms,75d52c890b861cdb7f9862279ecbe3d5318b78f4d93cd28cc30414ef5493341c,trajectory_035,smooth,1.0,1.0,same,False
panda,trac_task_20ms,76014196d575d651386f649f98c4d3dd7f03787edbfd42b80122072d25c83bba,trajectory_066,near_singular,1.0,1.0,same,False
panda,trac_task_20ms,76723c8484a05a7bc2bff4047708ad396e6759dff58cd347e4b36eeb1bdedfd0,trajectory_111,joint_limit_return,1.0,1.0,same,False
panda,trac_task_20ms,79076cd9aa84b436fcbb836548e693b733aa35a2d7be5ccd28163e80bd3fcb82,trajectory_046,near_singular,1.0,1.0,same,False
panda,trac_task_20ms,79a9d8a888407eb550cf8684661f49bc7ef7579e670e95b79b09ae9c996b9b0d,trajectory_019,smooth,1.0,1.0,same,False
panda,trac_task_20ms,79b541a168d9d17d398c8098d305be992824956b558db5da00571e9427e38c44,trajectory_077,near_singular,1.0,1.0,same,False
panda,trac_task_20ms,7a4b0e446427145d85dd1b448c80c4b2902f9595f8588456fecd4093f299a8df,trajectory_117,joint_limit_return,1.0,1.0,same,False
panda,trac_task_20ms,7c4f7297f4e3c51c94bbff33f1f6fea524a7aeb44e815849ac855cd47cb12778,trajectory_047,near_singular,1.0,1.0,same,False
panda,trac_task_20ms,8159f4b8a9c566ba4d2d648b7a0ce5497eff71c08df175337922b21578479645,trajectory_157,high_curvature,1.0,1.0,same,False
panda,trac_task_20ms,84f83b0ba1930b447be1abf5134e2558f2120f5657126a3a00b788b94429902d,trajectory_141,high_curvature,1.0,1.0,same,False
panda,trac_task_20ms,883e06904863f75da01f0a8b29601d8d6c4e5e3d4391b559c9a576779b153be2,trajectory_063,near_singular,1.0,1.0,same,False
panda,trac_task_20ms,891914e1ae3556ab6b0945f9863bdec1840dd5a264e93c627a51b7581f16dfe8,trajectory_134,high_curvature,1.0,1.0,same,False
panda,trac_task_20ms,8bebd193c402f03b5f2bdcd9ccfa7c6ea00cd4821f9b4165aa9533694979e773,trajectory_106,joint_limit_return,1.0,1.0,same,False
panda,trac_task_20ms,8eb0376749a7bcb5bb763b8809e852eb2830de76762dcdd0f2ef9dcf64a3ccec,trajectory_152,high_curvature,1.0,1.0,same,False
panda,trac_task_20ms,91dba0fb58c14a6382c14e9d6f796faac1dae38265d099f7bf09cdb6e2f2f8cc,trajectory_018,smooth,1.0,1.0,same,False
panda,trac_task_20ms,9289844cd619fe3c022d910841ace12e165e07777f181c72cc2a1aec1da2e3fb,trajectory_131,high_curvature,1.0,1.0,same,False
panda,trac_task_20ms,92b622165930ed028b13c8c2a3d6133c389f1a260daf0561cfcff77a8d9f844b,trajectory_044,near_singular,1.0,1.0,same,False
panda,trac_task_20ms,9408a6fe715e7be47720924bb6ceeff40609fd34a88003747eb1e71abe1a9a2f,trajectory_137,high_curvature,1.0,1.0,same,False
panda,trac_task_20ms,941208ad496f124a01969cbcd5952f3d62d67fd41b608983f17a9968782c4827,trajectory_149,high_curvature,1.0,1.0,same,False
panda,trac_task_20ms,95f75106b91876cd6f738407fc0ef5a94df2060332a02c67ac9ea3733c714ed4,trajectory_000,smooth,1.0,1.0,same,False
panda,trac_task_20ms,969ba5d44c0c1d23ec4d7872e24f6fb53691d315f926ddf3bba5bf77a876acba,trajectory_071,near_singular,1.0,1.0,same,False
panda,trac_task_20ms,98a64163a7bd63a545af06f06534fbce4eb6002995e513221ad2614b1706b9ad,trajectory_002,smooth,1.0,1.0,same,False
panda,trac_task_20ms,98a8aab5c8e29361ccafa7a573c6c335bc3b5a38f2b5ffb7af6a8d682c72f8b5,trajectory_119,joint_limit_return,1.0,1.0,same,False
panda,trac_task_20ms,98aff3582a84a6146748002550a34794014c19c6a94d633ebdfdfefa61217699,trajectory_096,joint_limit_return,1.0,1.0,same,False
panda,trac_task_20ms,9e7027908956f6feea8630c453988b56b38fb5654bc6494312db6fec4fe6e93e,trajectory_048,near_singular,1.0,1.0,same,False
panda,trac_task_20ms,a05d83f7ddfc14a4cdfa84454006e4d9e5ee9dcf7c2bedac15fd258bf8c34136,trajectory_081,joint_limit_return,1.0,1.0,same,False
panda,trac_task_20ms,a1b85e534d2e0cdb72790b6734610df5aa37117f3174bde1e7216baec8456552,trajectory_004,smooth,1.0,1.0,same,False
panda,trac_task_20ms,a32f076fd84a50b0746febbd023dfac09cce4d08b2e19b8eee9393caa4f35a24,trajectory_061,near_singular,1.0,1.0,same,False
panda,trac_task_20ms,a41fa9fd32eb51775be76cb69ed2f1a90c7db2fa4635519af5f36aa1f9882715,trajectory_099,joint_limit_return,1.0,1.0,same,False
panda,trac_task_20ms,a4757ca54027f468f26f705c836838ae45f57658e775c4c60a7395323f3fb346,trajectory_076,near_singular,1.0,1.0,same,False
panda,trac_task_20ms,a614e3a4c0b7636e17bf50037f1bf43f2ef3b76be9053ce9be5e9d2970b350aa,trajectory_001,smooth,1.0,1.0,same,False
panda,trac_task_20ms,a9445fc6e5fb718c951f64a65114eec0d3b485d66e12c4a1e5e95a92991dc00b,trajectory_108,joint_limit_return,1.0,1.0,same,False
panda,trac_task_20ms,a9dad4d05a0465b0a7d0f6adc718d5b33d1adc460d8d23ca364b0b32c99a5f43,trajectory_150,high_curvature,1.0,1.0,same,False
panda,trac_task_20ms,aa8b9f192ff1868146667d1b686b24bea6114cf01c1f8c722b16e84737da2ba0,trajectory_083,joint_limit_return,1.0,1.0,same,False
panda,trac_task_20ms,abac8acf60716cc94ba74123dcb5312d1eb7a1b46c62a947ef2b73f2b84e5374,trajectory_093,joint_limit_return,1.0,1.0,same,False
panda,trac_task_20ms,ada02d8a4041f5f9598faabf38e8bb5f2ac9e20ffdbab433149955384b914051,trajectory_016,smooth,1.0,1.0,same,False
panda,trac_task_20ms,ae7db0483b9fa61d315d70e1d36b61f099764053013d7cd8b34f1591e5ef70bf,trajectory_148,high_curvature,1.0,1.0,same,False
panda,trac_task_20ms,b2e4231b22fe2f97c2c16de3eabbd347cfea7ab68444a1afccbe3ac3079b4f48,trajectory_060,near_singular,1.0,1.0,same,False
panda,trac_task_20ms,b304104f37dfe87f52e47e4645deb21c8bb6b164549bb941929ab27ce08b714d,trajectory_085,joint_limit_return,1.0,1.0,same,False
panda,trac_task_20ms,b5d8e2eba24b1d515276c8684f15f9ab4e84e24bd2259b6c109d0288a3b2ed9e,trajectory_123,high_curvature,1.0,1.0,same,False
panda,trac_task_20ms,b63ecbeba848a1d720ff4202885635161c6c2f8a7a27eff5b02409f1b4279172,trajectory_079,near_singular,1.0,1.0,same,False
panda,trac_task_20ms,b69f62508019f8a84299bad37e9c92ab1b80bd4b127e8c5b60c969c257ff7cc6,trajectory_073,near_singular,1.0,1.0,same,False
panda,trac_task_20ms,b6b9be5e9dbb7e471bc7de18813d720f027151c79c5e2f6bc24083939afd3715,trajectory_033,smooth,1.0,1.0,same,False
panda,trac_task_20ms,b6cbd705da27715926d1834f38ee3634efd21ed62a05fe9f858bb938aa8ad66d,trajectory_142,high_curvature,1.0,1.0,same,False
panda,trac_task_20ms,b789a3a68dd93679c394a021695368cd0e7f05fa2f0999fda29ea8cbc55bb1b5,trajectory_101,joint_limit_return,1.0,1.0,same,False
panda,trac_task_20ms,b7d9f59b33a2dda6c19ff77ca7e30b88fa3fe1ea9f416b1340aa4cb29a2d7580,trajectory_064,near_singular,1.0,0.0,gained,True
panda,trac_task_20ms,bb90da78357615fc1a654b326ac620375a16ab26042ef42f52b32bafb2663527,trajectory_062,near_singular,1.0,1.0,same,False
panda,trac_task_20ms,bd42c775f0f4134d408d51af225b1d03a8899405721c946646244bcbac33f42f,trajectory_138,high_curvature,1.0,1.0,same,False
panda,trac_task_20ms,bdcd3ffd414ccd41a775496dcc9690aff30070fdb1d6d42ba00798b9b3fce457,trajectory_070,near_singular,1.0,1.0,same,False
panda,trac_task_20ms,bf6096f502134513e2313f50fbc04736f435a97794c75f88da9741bbf3b306f0,trajectory_051,near_singular,1.0,1.0,same,False
panda,trac_task_20ms,c068c4a69ab7818dfd663ebe0bd5f26cb404ea2a0142fa63589d2368c63c96c2,trajectory_022,smooth,1.0,1.0,same,False
panda,trac_task_20ms,c2ebae0d24e306f3744e9ac2a38add8502705448e7eda234f19e3082f56fa52c,trajectory_094,joint_limit_return,1.0,0.0,gained,True
panda,trac_task_20ms,c413c8e51512e31288411e26b66641b2d288db860038d5c93c92eaed0e5a4262,trajectory_067,near_singular,1.0,1.0,same,False
panda,trac_task_20ms,c6cfd91b767095758b663e0ee9d436d5e7a392ae0b0f544dc5c1085014080e48,trajectory_125,high_curvature,1.0,0.0,gained,True
panda,trac_task_20ms,ca9cd0ec53e341e94f32ed243e8aa7157ceaccebe06c876d98959a6523575b0c,trajectory_054,near_singular,1.0,1.0,same,False
panda,trac_task_20ms,ce2ecca87ee582df7b70a4be4252ec5077978137e18a0facb8f7569fae9cde3b,trajectory_031,smooth,1.0,1.0,same,False
panda,trac_task_20ms,ceef73a7c61264683fe087a71b97581b2fa0b224028ef16c560b7751811a39bf,trajectory_133,high_curvature,1.0,1.0,same,False
panda,trac_task_20ms,cf1ac8c4297fcd0132ef27f0d2fb9f45010d63c137bcd423126e4d2759aec7e2,trajectory_024,smooth,1.0,1.0,same,False
panda,trac_task_20ms,d18f14b16c53cbd1c1811adc5279f00e6745676ca71c477595565e5b21ad5248,trajectory_072,near_singular,1.0,1.0,same,False
panda,trac_task_20ms,d1b6f99f9dd68c456e81713c3f5adafb553bd17ccdb5e0cb02ef57464d7180fc,trajectory_059,near_singular,1.0,1.0,same,False
panda,trac_task_20ms,d417c16e467b1bde55181c0022bd7193f19faed3ca6ba4f83228bdb2488af8d5,trajectory_112,joint_limit_return,1.0,1.0,same,False
panda,trac_task_20ms,d4ff5150093d260a061aa45d09215d38d3f65c8fc3ba45841188479b3784eac3,trajectory_155,high_curvature,1.0,1.0,same,False
panda,trac_task_20ms,d677d8817a9086e31204c00a069fcd9714941f266e92b8c76d39517d2a87c663,trajectory_074,near_singular,0.0,0.0,same,False
panda,trac_task_20ms,d6a977914b0b3a11523a9e5e9bfe0aec9b82ee4dc4e9aaf198c39e1d12aa50ec,trajectory_006,smooth,1.0,1.0,same,False
panda,trac_task_20ms,d705eae3a57ea3fd8966a58397aa9782312a3f2db92812d3a60612d6281d7a69,trajectory_080,joint_limit_return,1.0,1.0,same,False
panda,trac_task_20ms,d7da3b52b00c623aa961e4db17e1e3c8b05d3c4295e5905a19047bd8a7f4482c,trajectory_052,near_singular,1.0,1.0,same,False
panda,trac_task_20ms,d82047102c78a4602cd08dfad44002c7dce3cccfde940bd18afaf6875e44a5e5,trajectory_089,joint_limit_return,1.0,1.0,same,False
panda,trac_task_20ms,dadc09c8bbc4e0450405f77e51a38d5d8546bb051ad9cfc1e1398bcdd4f1d27a,trajectory_058,near_singular,1.0,1.0,same,False
panda,trac_task_20ms,dd0122570b896479af2d5e319728e4940246870fb490724adba3c30f961e0e7e,trajectory_009,smooth,1.0,1.0,same,False
panda,trac_task_20ms,dd1303e9238be07b9c3435e99535065a7a9cce01608a84e607d928971719def4,trajectory_095,joint_limit_return,1.0,1.0,same,False
panda,trac_task_20ms,dfaa894d22df9fd9a31cdd4ce8dd11840f0a3026b6833427c58aaa20620b9717,trajectory_097,joint_limit_return,1.0,1.0,same,False
panda,trac_task_20ms,e11c2109877d969d2296d7103ee1a32f1f66db688f9df04542727276616d2a40,trajectory_100,joint_limit_return,1.0,1.0,same,False
panda,trac_task_20ms,e1f06a0cbe2bf8492fefa4cc723935b4aadc170e685425ed9329cc5dc9c746b5,trajectory_027,smooth,1.0,1.0,same,False
panda,trac_task_20ms,e3a30346944b79b0086c4cb983646ceebe15696d5c9bf69d7496404831b70e03,trajectory_136,high_curvature,1.0,1.0,same,False
panda,trac_task_20ms,e40d3f082546ab1357a170ac5ff8c171de91eec0c12f3499c7b0a8b2e47ad61c,trajectory_128,high_curvature,1.0,1.0,same,False
panda,trac_task_20ms,e59c723f13ae5c53043b764f23592cb10b26f287cd78c271c7158aad043d0a2a,trajectory_114,joint_limit_return,1.0,1.0,same,False
panda,trac_task_20ms,ea76edb7fffb2121617f45c85620b2acebff5380ee10e86c623c023a6640180d,trajectory_121,high_curvature,1.0,1.0,same,False
panda,trac_task_20ms,eb8a219ef38c40148c14bd361d543fb02881dc6779e79ab9e201a7c3fdfcf201,trajectory_040,near_singular,1.0,1.0,same,False
panda,trac_task_20ms,f273e2cf840747e85e3dc4a774925882a9057bc0672355948aab35c0de41c7d8,trajectory_050,near_singular,1.0,1.0,same,False
panda,trac_task_20ms,f39446bf3771ea811293302220c427a31e3e1c1e949786ced0d4215be0e0ad61,trajectory_132,high_curvature,1.0,1.0,same,False
panda,trac_task_20ms,f6dd29d48efd585758ed6330f5475dca353eca61cef94f6b09e8a3a31bb9a2f3,trajectory_091,joint_limit_return,1.0,1.0,same,False
panda,trac_task_20ms,f9dcfa03596d8c86d5fc2d68c4ffb6f789a8b333d25a90867029dce43baae39a,trajectory_075,near_singular,1.0,1.0,same,False
panda,trac_task_20ms,fba0889c16a2e83db85f027c9f5a508183ca0b8504c97c510caf8090ad04ab36,trajectory_153,high_curvature,1.0,1.0,same,False
panda,trac_task_20ms,fbe58ea6278a7dab5fd757ac4e0b97ee869e320d50461b5af01ee66e258ef8fa,trajectory_122,high_curvature,1.0,1.0,same,False
panda,trac_task_20ms,ff6263afe4b5d337eafb70a82e8563f760f2ac8b10ba223fe42584c9e366b7d3,trajectory_129,high_curvature,1.0,1.0,same,False
panda,pink_qp,009db6557800243ff65e0c7333cde1b7ddd0e6c46910706588a593a3f4acb624,trajectory_021,smooth,1.0,1.0,same,False
panda,pink_qp,01e6d3003da6b2fa52c23d3609faa8b8bff293815dffc7a4940980b2338958be,trajectory_013,smooth,1.0,1.0,same,False
panda,pink_qp,03bb61badb511b0b1ed87047a9796a921fc66524ca734ee655b56a672c6cb6ae,trajectory_118,joint_limit_return,1.0,1.0,same,False
panda,pink_qp,077b3a8cc515aec835a5b63a21db483c8c301447444b5f66f4859469994a68e3,trajectory_078,near_singular,1.0,1.0,same,False
panda,pink_qp,0a2537c3c40ba62c63727d6ed654546b317bfd0d8693efc85faa222da123debc,trajectory_039,smooth,1.0,1.0,same,False
panda,pink_qp,0a63ba1ae1e8450c4c3af9a6b1963ce87395c993548888753b0b6cb4f3583ea1,trajectory_159,high_curvature,1.0,1.0,same,False
panda,pink_qp,0d40fff84f0487f95ec2df4cd930981c8e49b45348a20e6e2fe0587a9381dd29,trajectory_053,near_singular,1.0,1.0,same,False
panda,pink_qp,1085f3e04aaffe00c129d91100b2cf03f3de069fa72a1f43ac92c05905fe372d,trajectory_045,near_singular,1.0,1.0,same,False
panda,pink_qp,11e5dd61197a24709eda8bbdf4933108e3a2cd75096cc1d83c67519e8f53cd3b,trajectory_030,smooth,1.0,1.0,same,False
panda,pink_qp,169492dbe3686e9bed801ec404d2386157ca73430efc2035673600b4d72e8a66,trajectory_049,near_singular,1.0,1.0,same,False
panda,pink_qp,16eb39236436e36522bf1742998d048f374e3572a63c53e2c2e5ca5d926ace93,trajectory_104,joint_limit_return,0.0,1.0,lost,True
panda,pink_qp,182336d73a5b3e410318ecc89f8fff003cd4774c6c196286f77fbed7422ba22d,trajectory_043,near_singular,1.0,1.0,same,False
panda,pink_qp,19f667e15e6e2e001adaf2b54858a15da2770a3e032e6f2bf54394b4ae11dd2a,trajectory_098,joint_limit_return,1.0,1.0,same,False
panda,pink_qp,1b03f784d41d7fb54612cd0d699abc3bc5985f24c3c9eb72428a6cbaca414c2b,trajectory_086,joint_limit_return,1.0,1.0,same,False
panda,pink_qp,1b1432b684aef0b401c66b39b447aa074258ccfbe4d804811e9c02688243235a,trajectory_082,joint_limit_return,1.0,1.0,same,False
panda,pink_qp,1b39b898eb092990b04abf224824637c9d3158b64e555f4ee7f8b5df09af055b,trajectory_012,smooth,1.0,1.0,same,False
panda,pink_qp,1bbd79bf819cf6ecd63f3982a990a651d52ad71ee7023ec3ae7604b435a5db4b,trajectory_110,joint_limit_return,1.0,1.0,same,False
panda,pink_qp,1dec5a6acc79ceadb4ebd7ba3aa74faa30e6d2a850fe0fcfc8c37f6568b1a2a3,trajectory_127,high_curvature,1.0,1.0,same,False
panda,pink_qp,1e6df7d7a97068128c87d603d3c0e9f668d12f42bd3ad7bb6844038e1d000f49,trajectory_056,near_singular,1.0,0.0,gained,True
panda,pink_qp,1ea0a808ba7693c99b08e547a054e536a85f836775c00d3ed9898d53321ca266,trajectory_028,smooth,1.0,1.0,same,False
panda,pink_qp,237fa3357fbe3d06a7b83c1b4d0365e8a361eb6c1d1814dbae706836b5bfb2ce,trajectory_113,joint_limit_return,1.0,1.0,same,False
panda,pink_qp,27c86cc0a672e7ca289d7e168325677711ec7e91facd0395bd5e092387fad4f4,trajectory_038,smooth,1.0,1.0,same,False
panda,pink_qp,29a3f6ef1b19352cfb9831f4fe8e2d53991595953116f2431868cb12d34e80bf,trajectory_151,high_curvature,1.0,1.0,same,False
panda,pink_qp,2a10217792feb2c6e8a32bc9be45b6711415582d2d65586302aaa5860acc9b32,trajectory_105,joint_limit_return,1.0,1.0,same,False
panda,pink_qp,2cd27cc14429c5bb9961620d46292e849640359e5072de88384099e723596b3b,trajectory_146,high_curvature,1.0,1.0,same,False
panda,pink_qp,2de001c20f2661d2eff3deefba47cc19b1426ff5273ca877feab77b0702a34e3,trajectory_135,high_curvature,1.0,1.0,same,False
panda,pink_qp,2e9f7ef4bb4fbdc88f8581fc058a669a339276f9db5b4987a20be41acbf962af,trajectory_126,high_curvature,1.0,0.0,gained,True
panda,pink_qp,312baf3e2d2b6b13442dfbc9f1a91a6cd7bcec51667a7b9eb7693b59856ac365,trajectory_116,joint_limit_return,1.0,1.0,same,False
panda,pink_qp,3175105088a2ea7a79edcde8bb9ea0ed512b9b6b3222beeb2342401af88bb389,trajectory_140,high_curvature,1.0,1.0,same,False
panda,pink_qp,3248dc23a4aa12b9dc7e39d0d5346d0ef2270be722bf5961d5c5f736dd88bfcc,trajectory_010,smooth,1.0,1.0,same,False
panda,pink_qp,32ab3887d7825b280c6bf3918b479dbeef5eb758062588da83ea9937955d19d2,trajectory_145,high_curvature,1.0,1.0,same,False
panda,pink_qp,32b81d51ae6fd562afb0aa7e3767f6b3f58bd3a2b885a6ea450cc98383e50b1d,trajectory_115,joint_limit_return,1.0,1.0,same,False
panda,pink_qp,3420bfde4a0fb08a7d93b107e4b8f0dcff0388d37c97df4df7e6d63bc48c2151,trajectory_087,joint_limit_return,1.0,1.0,same,False
panda,pink_qp,366389682e3e8bf025f25394f9bfd07e17264eab42f95422f126e8422ab8c2cc,trajectory_025,smooth,1.0,1.0,same,False
panda,pink_qp,367f1baec203a4ae08849509f9426baeda64e8ae57fb00c78716b03927eff0ba,trajectory_032,smooth,1.0,1.0,same,False
panda,pink_qp,39418c26c7c0ee7720f0a16e2b5930a336a74379ed31dd975416d5d9ab5766b1,trajectory_069,near_singular,1.0,1.0,same,False
panda,pink_qp,39db9e21b7437b9c1d0091ef2a3aabbd08543d9a7e7b1cf2cbb9cebd5e88d8e3,trajectory_037,smooth,1.0,1.0,same,False
panda,pink_qp,3a59b93a4c9e9c6b108b10e05344815f47411a6ce98c5ae4e2ed358ddc1d7440,trajectory_109,joint_limit_return,1.0,0.0,gained,True
panda,pink_qp,3b1c31e411ac6d014c0cba23d0c07be341aaec10cd7aadf586bb9fa3b4f47768,trajectory_011,smooth,1.0,1.0,same,False
panda,pink_qp,3cc83c847094c062d9a1677d819e0323896e630be7a2918f43397133c151e1ec,trajectory_017,smooth,1.0,1.0,same,False
panda,pink_qp,3d9860380251b55343a936ce0ba8b1f5348fe374983de15e16235a13e53cf704,trajectory_003,smooth,1.0,1.0,same,False
panda,pink_qp,3e415f820d053f2d414a09831137a936dfa8fffec0e1ebb8457c8d2055627c90,trajectory_154,high_curvature,1.0,1.0,same,False
panda,pink_qp,42cf116720f75d6fad1700cdcdf43c62d73a67ece9c9450f48aed630d0fe0b22,trajectory_014,smooth,1.0,1.0,same,False
panda,pink_qp,44780d25bceacad472afc451e0aa3b81359116b7b988792dace49116d842955a,trajectory_139,high_curvature,1.0,1.0,same,False
panda,pink_qp,4560ce06cdb032d006dfd81e869438fc013004a708606761affafddac71844ba,trajectory_034,smooth,1.0,1.0,same,False
panda,pink_qp,4588e0448a7051a3cca903c21654de3352717cf1f1ea512d4688a78fdfe7488c,trajectory_055,near_singular,1.0,1.0,same,False
panda,pink_qp,45b0f4687b5986b23497d7ff1f5dc551d097cd684f87b9cd87c44d76c37e40b8,trajectory_088,joint_limit_return,1.0,1.0,same,False
panda,pink_qp,479acbcb94748d65126d5afb88aa88d3c2356d029199485ebdb36946117ccfaf,trajectory_007,smooth,1.0,1.0,same,False
panda,pink_qp,47ae8f807e48c4c002530f6da0fb351b873959f64a26b5a550694c685ae73c4a,trajectory_057,near_singular,1.0,1.0,same,False
panda,pink_qp,480587c598ca589e82de0deeb2ce9a0e3addfeae1cad8d4b5250a048cf275b3d,trajectory_041,near_singular,1.0,1.0,same,False
panda,pink_qp,49a1edd5201a14cde7f8a9bbd2c4de7814b5dff477df1c6ed6df571c6cfa3e5d,trajectory_029,smooth,1.0,1.0,same,False
panda,pink_qp,4b11ed64f31d9ba64758d060a1591e0d395d58a23b7e1e258546c85cd3c09b33,trajectory_068,near_singular,1.0,1.0,same,False
panda,pink_qp,4b685f766c2aaa86bbe0149755113dc5f973ef6e7a20b143520733e773f45186,trajectory_090,joint_limit_return,1.0,1.0,same,False
panda,pink_qp,4c6f3e4c4938f1d045ad81cc0b00279c7e4deeb0090877a2457fc71d699e5669,trajectory_015,smooth,1.0,1.0,same,False
panda,pink_qp,4d8dfd105e6967177e92702e792e3fcfeb8cab41c72b787e436a4b5f2cbf4cef,trajectory_008,smooth,1.0,1.0,same,False
panda,pink_qp,4e1843759088f4a5ab2eb9d0488ded425922f491cc72a77a168a168496703da9,trajectory_084,joint_limit_return,1.0,1.0,same,False
panda,pink_qp,4f1940d91117f91ea27fc47a289476bf2361c47cbbb34e21aa92e2a9bf8c25da,trajectory_120,high_curvature,0.0,0.0,same,False
panda,pink_qp,4f748698c3c2c641dfd36bbbeddb6bf166b308236fd594b727a9a25f58549651,trajectory_158,high_curvature,1.0,1.0,same,False
panda,pink_qp,52bfa11a7beed01ba2979eed87aff5a6d1878b46392075e49e79297e367f7fa5,trajectory_005,smooth,1.0,1.0,same,False
panda,pink_qp,56e3826cb8c9c1d2669f86c094648f3a15468966904942f865b6138ae1a34089,trajectory_156,high_curvature,1.0,1.0,same,False
panda,pink_qp,5901f315f2447757c1867df962600c1d912c87fe3cb9d65589d6081769488442,trajectory_130,high_curvature,1.0,1.0,same,False
panda,pink_qp,59fb6a8924934a79c09136da28b7a3ff8bbd61498838a8128a1bd053a2a3f32d,trajectory_065,near_singular,1.0,1.0,same,False
panda,pink_qp,5bdcc2d8aebc7b7d2e138df541304b09eb972c06a781fbf126b84888026ce734,trajectory_026,smooth,1.0,1.0,same,False
panda,pink_qp,5c3485c9a41783628ed9200eabb9c7aa756b2d1838f092b31a88491623ae52e2,trajectory_124,high_curvature,1.0,1.0,same,False
panda,pink_qp,5dac1d49889fe9e09b4c32f417b1bf4ee86389af5d20fc3823371a7ee2bba187,trajectory_103,joint_limit_return,1.0,1.0,same,False
panda,pink_qp,617dfe3c6044a249e2b35c9a35fdace22f1d096e467cd2c20a564e43995edf0f,trajectory_042,near_singular,0.0,1.0,lost,True
panda,pink_qp,6292d6a262da269233959d5b381d94998db141290bc3e30dd2208b51a11c8100,trajectory_092,joint_limit_return,0.0,0.0,same,False
panda,pink_qp,6586e2c2aa7b28f704b4e4da538ca71d7f5b6ecb11bdc8906e682eca50fbbad1,trajectory_107,joint_limit_return,1.0,1.0,same,False
panda,pink_qp,68eda3224034b5683d377b5d7cddd0db39a9c6a0fc30def562c3282bdf4cfda6,trajectory_023,smooth,1.0,1.0,same,False
panda,pink_qp,6a1c3a555eddf23620d15ee7cb9500f45bbd54b6f5f7d61f9643b9d310581150,trajectory_102,joint_limit_return,1.0,1.0,same,False
panda,pink_qp,6b0966e51c74ee179bda979ce90c28e13df86983752592ccef75cfedcedb1271,trajectory_147,high_curvature,1.0,1.0,same,False
panda,pink_qp,6b2979d02b4c234eab22bfc97da014daf8f5b7c94a6d47eaee20dd8705a29e94,trajectory_036,smooth,1.0,1.0,same,False
panda,pink_qp,6f45a8b6059397bd23d369002df06b9d4a367c8e87cafa78af25eef62d2ba906,trajectory_020,smooth,1.0,1.0,same,False
panda,pink_qp,700234aadb2ef0f2c5056fb078594221aa97a092642689035f4bffd6e6845062,trajectory_144,high_curvature,0.0,0.0,same,False
panda,pink_qp,710b8798d1f34818e642157f92c158183934342acbc1f8f054abdb7080c71569,trajectory_143,high_curvature,1.0,1.0,same,False
panda,pink_qp,75d52c890b861cdb7f9862279ecbe3d5318b78f4d93cd28cc30414ef5493341c,trajectory_035,smooth,1.0,1.0,same,False
panda,pink_qp,76014196d575d651386f649f98c4d3dd7f03787edbfd42b80122072d25c83bba,trajectory_066,near_singular,1.0,1.0,same,False
panda,pink_qp,76723c8484a05a7bc2bff4047708ad396e6759dff58cd347e4b36eeb1bdedfd0,trajectory_111,joint_limit_return,1.0,1.0,same,False
panda,pink_qp,79076cd9aa84b436fcbb836548e693b733aa35a2d7be5ccd28163e80bd3fcb82,trajectory_046,near_singular,1.0,1.0,same,False
panda,pink_qp,79a9d8a888407eb550cf8684661f49bc7ef7579e670e95b79b09ae9c996b9b0d,trajectory_019,smooth,1.0,1.0,same,False
panda,pink_qp,79b541a168d9d17d398c8098d305be992824956b558db5da00571e9427e38c44,trajectory_077,near_singular,1.0,1.0,same,False
panda,pink_qp,7a4b0e446427145d85dd1b448c80c4b2902f9595f8588456fecd4093f299a8df,trajectory_117,joint_limit_return,1.0,1.0,same,False
panda,pink_qp,7c4f7297f4e3c51c94bbff33f1f6fea524a7aeb44e815849ac855cd47cb12778,trajectory_047,near_singular,1.0,1.0,same,False
panda,pink_qp,8159f4b8a9c566ba4d2d648b7a0ce5497eff71c08df175337922b21578479645,trajectory_157,high_curvature,1.0,1.0,same,False
panda,pink_qp,84f83b0ba1930b447be1abf5134e2558f2120f5657126a3a00b788b94429902d,trajectory_141,high_curvature,1.0,1.0,same,False
panda,pink_qp,883e06904863f75da01f0a8b29601d8d6c4e5e3d4391b559c9a576779b153be2,trajectory_063,near_singular,1.0,1.0,same,False
panda,pink_qp,891914e1ae3556ab6b0945f9863bdec1840dd5a264e93c627a51b7581f16dfe8,trajectory_134,high_curvature,1.0,1.0,same,False
panda,pink_qp,8bebd193c402f03b5f2bdcd9ccfa7c6ea00cd4821f9b4165aa9533694979e773,trajectory_106,joint_limit_return,1.0,1.0,same,False
panda,pink_qp,8eb0376749a7bcb5bb763b8809e852eb2830de76762dcdd0f2ef9dcf64a3ccec,trajectory_152,high_curvature,1.0,1.0,same,False
panda,pink_qp,91dba0fb58c14a6382c14e9d6f796faac1dae38265d099f7bf09cdb6e2f2f8cc,trajectory_018,smooth,1.0,1.0,same,False
panda,pink_qp,9289844cd619fe3c022d910841ace12e165e07777f181c72cc2a1aec1da2e3fb,trajectory_131,high_curvature,1.0,1.0,same,False
panda,pink_qp,92b622165930ed028b13c8c2a3d6133c389f1a260daf0561cfcff77a8d9f844b,trajectory_044,near_singular,1.0,1.0,same,False
panda,pink_qp,9408a6fe715e7be47720924bb6ceeff40609fd34a88003747eb1e71abe1a9a2f,trajectory_137,high_curvature,1.0,1.0,same,False
panda,pink_qp,941208ad496f124a01969cbcd5952f3d62d67fd41b608983f17a9968782c4827,trajectory_149,high_curvature,1.0,1.0,same,False
panda,pink_qp,95f75106b91876cd6f738407fc0ef5a94df2060332a02c67ac9ea3733c714ed4,trajectory_000,smooth,1.0,1.0,same,False
panda,pink_qp,969ba5d44c0c1d23ec4d7872e24f6fb53691d315f926ddf3bba5bf77a876acba,trajectory_071,near_singular,1.0,0.0,gained,True
panda,pink_qp,98a64163a7bd63a545af06f06534fbce4eb6002995e513221ad2614b1706b9ad,trajectory_002,smooth,1.0,1.0,same,False
panda,pink_qp,98a8aab5c8e29361ccafa7a573c6c335bc3b5a38f2b5ffb7af6a8d682c72f8b5,trajectory_119,joint_limit_return,1.0,1.0,same,False
panda,pink_qp,98aff3582a84a6146748002550a34794014c19c6a94d633ebdfdfefa61217699,trajectory_096,joint_limit_return,1.0,1.0,same,False
panda,pink_qp,9e7027908956f6feea8630c453988b56b38fb5654bc6494312db6fec4fe6e93e,trajectory_048,near_singular,1.0,1.0,same,False
panda,pink_qp,a05d83f7ddfc14a4cdfa84454006e4d9e5ee9dcf7c2bedac15fd258bf8c34136,trajectory_081,joint_limit_return,1.0,1.0,same,False
panda,pink_qp,a1b85e534d2e0cdb72790b6734610df5aa37117f3174bde1e7216baec8456552,trajectory_004,smooth,1.0,1.0,same,False
panda,pink_qp,a32f076fd84a50b0746febbd023dfac09cce4d08b2e19b8eee9393caa4f35a24,trajectory_061,near_singular,1.0,1.0,same,False
panda,pink_qp,a41fa9fd32eb51775be76cb69ed2f1a90c7db2fa4635519af5f36aa1f9882715,trajectory_099,joint_limit_return,1.0,1.0,same,False
panda,pink_qp,a4757ca54027f468f26f705c836838ae45f57658e775c4c60a7395323f3fb346,trajectory_076,near_singular,1.0,1.0,same,False
panda,pink_qp,a614e3a4c0b7636e17bf50037f1bf43f2ef3b76be9053ce9be5e9d2970b350aa,trajectory_001,smooth,1.0,1.0,same,False
panda,pink_qp,a9445fc6e5fb718c951f64a65114eec0d3b485d66e12c4a1e5e95a92991dc00b,trajectory_108,joint_limit_return,1.0,1.0,same,False
panda,pink_qp,a9dad4d05a0465b0a7d0f6adc718d5b33d1adc460d8d23ca364b0b32c99a5f43,trajectory_150,high_curvature,1.0,1.0,same,False
panda,pink_qp,aa8b9f192ff1868146667d1b686b24bea6114cf01c1f8c722b16e84737da2ba0,trajectory_083,joint_limit_return,1.0,1.0,same,False
panda,pink_qp,abac8acf60716cc94ba74123dcb5312d1eb7a1b46c62a947ef2b73f2b84e5374,trajectory_093,joint_limit_return,1.0,1.0,same,False
panda,pink_qp,ada02d8a4041f5f9598faabf38e8bb5f2ac9e20ffdbab433149955384b914051,trajectory_016,smooth,1.0,1.0,same,False
panda,pink_qp,ae7db0483b9fa61d315d70e1d36b61f099764053013d7cd8b34f1591e5ef70bf,trajectory_148,high_curvature,1.0,1.0,same,False
panda,pink_qp,b2e4231b22fe2f97c2c16de3eabbd347cfea7ab68444a1afccbe3ac3079b4f48,trajectory_060,near_singular,1.0,1.0,same,False
panda,pink_qp,b304104f37dfe87f52e47e4645deb21c8bb6b164549bb941929ab27ce08b714d,trajectory_085,joint_limit_return,1.0,1.0,same,False
panda,pink_qp,b5d8e2eba24b1d515276c8684f15f9ab4e84e24bd2259b6c109d0288a3b2ed9e,trajectory_123,high_curvature,1.0,1.0,same,False
panda,pink_qp,b63ecbeba848a1d720ff4202885635161c6c2f8a7a27eff5b02409f1b4279172,trajectory_079,near_singular,1.0,1.0,same,False
panda,pink_qp,b69f62508019f8a84299bad37e9c92ab1b80bd4b127e8c5b60c969c257ff7cc6,trajectory_073,near_singular,1.0,1.0,same,False
panda,pink_qp,b6b9be5e9dbb7e471bc7de18813d720f027151c79c5e2f6bc24083939afd3715,trajectory_033,smooth,1.0,1.0,same,False
panda,pink_qp,b6cbd705da27715926d1834f38ee3634efd21ed62a05fe9f858bb938aa8ad66d,trajectory_142,high_curvature,1.0,1.0,same,False
panda,pink_qp,b789a3a68dd93679c394a021695368cd0e7f05fa2f0999fda29ea8cbc55bb1b5,trajectory_101,joint_limit_return,1.0,1.0,same,False
panda,pink_qp,b7d9f59b33a2dda6c19ff77ca7e30b88fa3fe1ea9f416b1340aa4cb29a2d7580,trajectory_064,near_singular,1.0,1.0,same,False
panda,pink_qp,bb90da78357615fc1a654b326ac620375a16ab26042ef42f52b32bafb2663527,trajectory_062,near_singular,1.0,1.0,same,False
panda,pink_qp,bd42c775f0f4134d408d51af225b1d03a8899405721c946646244bcbac33f42f,trajectory_138,high_curvature,1.0,1.0,same,False
panda,pink_qp,bdcd3ffd414ccd41a775496dcc9690aff30070fdb1d6d42ba00798b9b3fce457,trajectory_070,near_singular,1.0,1.0,same,False
panda,pink_qp,bf6096f502134513e2313f50fbc04736f435a97794c75f88da9741bbf3b306f0,trajectory_051,near_singular,1.0,1.0,same,False
panda,pink_qp,c068c4a69ab7818dfd663ebe0bd5f26cb404ea2a0142fa63589d2368c63c96c2,trajectory_022,smooth,1.0,1.0,same,False
panda,pink_qp,c2ebae0d24e306f3744e9ac2a38add8502705448e7eda234f19e3082f56fa52c,trajectory_094,joint_limit_return,1.0,0.0,gained,True
panda,pink_qp,c413c8e51512e31288411e26b66641b2d288db860038d5c93c92eaed0e5a4262,trajectory_067,near_singular,1.0,1.0,same,False
panda,pink_qp,c6cfd91b767095758b663e0ee9d436d5e7a392ae0b0f544dc5c1085014080e48,trajectory_125,high_curvature,1.0,0.0,gained,True
panda,pink_qp,ca9cd0ec53e341e94f32ed243e8aa7157ceaccebe06c876d98959a6523575b0c,trajectory_054,near_singular,1.0,1.0,same,False
panda,pink_qp,ce2ecca87ee582df7b70a4be4252ec5077978137e18a0facb8f7569fae9cde3b,trajectory_031,smooth,1.0,1.0,same,False
panda,pink_qp,ceef73a7c61264683fe087a71b97581b2fa0b224028ef16c560b7751811a39bf,trajectory_133,high_curvature,1.0,1.0,same,False
panda,pink_qp,cf1ac8c4297fcd0132ef27f0d2fb9f45010d63c137bcd423126e4d2759aec7e2,trajectory_024,smooth,1.0,1.0,same,False
panda,pink_qp,d18f14b16c53cbd1c1811adc5279f00e6745676ca71c477595565e5b21ad5248,trajectory_072,near_singular,1.0,1.0,same,False
panda,pink_qp,d1b6f99f9dd68c456e81713c3f5adafb553bd17ccdb5e0cb02ef57464d7180fc,trajectory_059,near_singular,1.0,1.0,same,False
panda,pink_qp,d417c16e467b1bde55181c0022bd7193f19faed3ca6ba4f83228bdb2488af8d5,trajectory_112,joint_limit_return,1.0,1.0,same,False
panda,pink_qp,d4ff5150093d260a061aa45d09215d38d3f65c8fc3ba45841188479b3784eac3,trajectory_155,high_curvature,1.0,1.0,same,False
panda,pink_qp,d677d8817a9086e31204c00a069fcd9714941f266e92b8c76d39517d2a87c663,trajectory_074,near_singular,0.0,0.0,same,False
panda,pink_qp,d6a977914b0b3a11523a9e5e9bfe0aec9b82ee4dc4e9aaf198c39e1d12aa50ec,trajectory_006,smooth,1.0,1.0,same,False
panda,pink_qp,d705eae3a57ea3fd8966a58397aa9782312a3f2db92812d3a60612d6281d7a69,trajectory_080,joint_limit_return,1.0,1.0,same,False
panda,pink_qp,d7da3b52b00c623aa961e4db17e1e3c8b05d3c4295e5905a19047bd8a7f4482c,trajectory_052,near_singular,1.0,1.0,same,False
panda,pink_qp,d82047102c78a4602cd08dfad44002c7dce3cccfde940bd18afaf6875e44a5e5,trajectory_089,joint_limit_return,1.0,1.0,same,False
panda,pink_qp,dadc09c8bbc4e0450405f77e51a38d5d8546bb051ad9cfc1e1398bcdd4f1d27a,trajectory_058,near_singular,1.0,1.0,same,False
panda,pink_qp,dd0122570b896479af2d5e319728e4940246870fb490724adba3c30f961e0e7e,trajectory_009,smooth,1.0,1.0,same,False
panda,pink_qp,dd1303e9238be07b9c3435e99535065a7a9cce01608a84e607d928971719def4,trajectory_095,joint_limit_return,1.0,1.0,same,False
panda,pink_qp,dfaa894d22df9fd9a31cdd4ce8dd11840f0a3026b6833427c58aaa20620b9717,trajectory_097,joint_limit_return,1.0,1.0,same,False
panda,pink_qp,e11c2109877d969d2296d7103ee1a32f1f66db688f9df04542727276616d2a40,trajectory_100,joint_limit_return,1.0,1.0,same,False
panda,pink_qp,e1f06a0cbe2bf8492fefa4cc723935b4aadc170e685425ed9329cc5dc9c746b5,trajectory_027,smooth,1.0,0.0,gained,True
panda,pink_qp,e3a30346944b79b0086c4cb983646ceebe15696d5c9bf69d7496404831b70e03,trajectory_136,high_curvature,1.0,1.0,same,False
panda,pink_qp,e40d3f082546ab1357a170ac5ff8c171de91eec0c12f3499c7b0a8b2e47ad61c,trajectory_128,high_curvature,1.0,1.0,same,False
panda,pink_qp,e59c723f13ae5c53043b764f23592cb10b26f287cd78c271c7158aad043d0a2a,trajectory_114,joint_limit_return,1.0,1.0,same,False
panda,pink_qp,ea76edb7fffb2121617f45c85620b2acebff5380ee10e86c623c023a6640180d,trajectory_121,high_curvature,1.0,1.0,same,False
panda,pink_qp,eb8a219ef38c40148c14bd361d543fb02881dc6779e79ab9e201a7c3fdfcf201,trajectory_040,near_singular,1.0,1.0,same,False
panda,pink_qp,f273e2cf840747e85e3dc4a774925882a9057bc0672355948aab35c0de41c7d8,trajectory_050,near_singular,1.0,1.0,same,False
panda,pink_qp,f39446bf3771ea811293302220c427a31e3e1c1e949786ced0d4215be0e0ad61,trajectory_132,high_curvature,1.0,1.0,same,False
panda,pink_qp,f6dd29d48efd585758ed6330f5475dca353eca61cef94f6b09e8a3a31bb9a2f3,trajectory_091,joint_limit_return,1.0,1.0,same,False
panda,pink_qp,f9dcfa03596d8c86d5fc2d68c4ffb6f789a8b333d25a90867029dce43baae39a,trajectory_075,near_singular,1.0,1.0,same,False
panda,pink_qp,fba0889c16a2e83db85f027c9f5a508183ca0b8504c97c510caf8090ad04ab36,trajectory_153,high_curvature,1.0,1.0,same,False
panda,pink_qp,fbe58ea6278a7dab5fd757ac4e0b97ee869e320d50461b5af01ee66e258ef8fa,trajectory_122,high_curvature,1.0,1.0,same,False
panda,pink_qp,ff6263afe4b5d337eafb70a82e8563f760f2ac8b10ba223fe42584c9e366b7d3,trajectory_129,high_curvature,1.0,1.0,same,False
ur5e,single_gn_k0,022a86bff64083fceaa1158ce14f103f5ce290797a2aeaa45866261f26501a05,trajectory_037,smooth,1.0,1.0,same,False
ur5e,single_gn_k0,05bc5f30c5c7cd51fc72c341d4191b9e00393d1440d433b17b8a3726f6c23282,trajectory_084,joint_limit_return,1.0,1.0,same,False
ur5e,single_gn_k0,0718780cf124f9d1309bc57741250c3d9dea14f89f6a71c9562362b4677c301e,trajectory_033,smooth,1.0,1.0,same,False
ur5e,single_gn_k0,0a87de50d376d58ae400cb330f9477d95c5812cc55e8fe33d3d3e96c01ecb45b,trajectory_122,high_curvature,1.0,1.0,same,False
ur5e,single_gn_k0,0dd84d0ff35e701d49257c8fce503e635899f3fb95c2a17d91bde82b57d508f7,trajectory_009,smooth,1.0,1.0,same,False
ur5e,single_gn_k0,0e9f731eaf589bff44467bfac21a34eb815e23e9466e26f74adad7a794606d3d,trajectory_088,joint_limit_return,1.0,1.0,same,False
ur5e,single_gn_k0,0feef86abbdffbf56da2030987cdb7582310e2bf877e0958c4748047fc98589a,trajectory_124,high_curvature,1.0,1.0,same,False
ur5e,single_gn_k0,147723ec885c076a79aa6df0f28d41a2a60704eed4fe5ca91287298cd1aa3e4b,trajectory_082,joint_limit_return,1.0,1.0,same,False
ur5e,single_gn_k0,14dbdf92e0ba228836bb0eec00261a8ad4e4f6db40403bc0f3ceaaff96938313,trajectory_073,near_singular,1.0,1.0,same,False
ur5e,single_gn_k0,160edaf457fb519de58b208c6b896ed08faf68c6011b9deb24be264e3a9e1a28,trajectory_027,smooth,1.0,1.0,same,False
ur5e,single_gn_k0,196468597141f70e3695efbf23ef22b8093a2e57269df5532db6d58bf957661a,trajectory_119,joint_limit_return,1.0,1.0,same,False
ur5e,single_gn_k0,1a2793db2858cf7ab0a6fa5cbe25d57b2d95eb513f8d9365e6d7fd41703b3766,trajectory_140,high_curvature,1.0,1.0,same,False
ur5e,single_gn_k0,1abc4cdbe65529afffd0d3fa05667f31ecddfb5331c99f215a488f90799d2908,trajectory_126,high_curvature,1.0,1.0,same,False
ur5e,single_gn_k0,1b2ec0d8b336e6260360e28a967aa23b47ef29b00f91d5dfea5cb793860b6bcf,trajectory_068,near_singular,1.0,1.0,same,False
ur5e,single_gn_k0,1c8c2cee8513118aa63d821d78ec578bb264cb2516af23dacd41ea148416f656,trajectory_086,joint_limit_return,1.0,1.0,same,False
ur5e,single_gn_k0,1cf990ad59f833600841f28f07a2d960dbbfaaa6594f6f3cbfb900d2c4f9bfac,trajectory_099,joint_limit_return,1.0,1.0,same,False
ur5e,single_gn_k0,1d8a1724561e2a8a9fd0f5d373fd3de8754e9d05650d220fbf89c2848de48db8,trajectory_021,smooth,1.0,1.0,same,False
ur5e,single_gn_k0,1f62567c664201a1c310c84b5060a5f7554c8c7ed4a1d2bb79efaa0dc82eade4,trajectory_049,near_singular,1.0,1.0,same,False
ur5e,single_gn_k0,28916f2098e26191ef1652120b593b6508843754985b2d8baa75940e0c5fd512,trajectory_040,near_singular,1.0,1.0,same,False
ur5e,single_gn_k0,2c260dbbe16e3043b30c0180c74d6e1e8bb5fb373fa24e790dd8baa144c2df21,trajectory_143,high_curvature,1.0,1.0,same,False
ur5e,single_gn_k0,2f61f0333eb0869c3d2af547f540382f5580ff0036f49f12d59da94e69814172,trajectory_029,smooth,1.0,1.0,same,False
ur5e,single_gn_k0,31f69f5235e9e326d7bc7f1966cb8accca1717504fa8fa1e69b76a435ee8034e,trajectory_013,smooth,1.0,1.0,same,False
ur5e,single_gn_k0,33c79c7e52903f30993f634203d079c2b23cbf39d542843b95460d9cb9ecf488,trajectory_091,joint_limit_return,1.0,1.0,same,False
ur5e,single_gn_k0,34cdeabd4b45ecccec143b2bb953ce185e50c8b7baa7ec7715cfbf69fb223766,trajectory_101,joint_limit_return,1.0,1.0,same,False
ur5e,single_gn_k0,35007e70c7f121c5ecddef083d9b5a5c2ffa280cbf90750562adad287ca7ec7e,trajectory_032,smooth,1.0,1.0,same,False
ur5e,single_gn_k0,352d4578e4c0db5d0e6ba9bf0e28c3015e86d29ea6b427d7f643b599fc7acdf2,trajectory_006,smooth,1.0,1.0,same,False
ur5e,single_gn_k0,37785295d302f66972dfc33f3febb47f17cdbdd9ef89afaff833af8f54a316b2,trajectory_106,joint_limit_return,1.0,1.0,same,False
ur5e,single_gn_k0,386d04c1dfc5cb803ad457c1f076c741ce7a9c31c301f4be1978e1191723b5ad,trajectory_121,high_curvature,1.0,1.0,same,False
ur5e,single_gn_k0,3b8b57c4f8bc994dc44f23d1343dca1c2bb3dab23420328d7c45efbf64cad935,trajectory_123,high_curvature,1.0,1.0,same,False
ur5e,single_gn_k0,3e25fa2cd6f1be3006dda0f222bd5706c91724aa38d54c369b5e6e68977e5706,trajectory_060,near_singular,1.0,1.0,same,False
ur5e,single_gn_k0,3e87cf4bfc6df2c0fd5b84a81a422fbf44b18d64304f101cbfc4a6e2c88de42f,trajectory_120,high_curvature,1.0,1.0,same,False
ur5e,single_gn_k0,403a8fc503ef3b1432586af381e00ae56468ee8dc0f1890b6cc740d2b71398a9,trajectory_145,high_curvature,1.0,1.0,same,False
ur5e,single_gn_k0,455a43be73a6806a5686c0dc0589a0c17955f71c5647e6d8850e530f589ecca3,trajectory_003,smooth,1.0,1.0,same,False
ur5e,single_gn_k0,455df4f337dd869ec3d041361009426d63667b3c1f9fd5dc147bf06e9798ebbe,trajectory_097,joint_limit_return,1.0,1.0,same,False
ur5e,single_gn_k0,47d4a0170ccef17605464405a8c16d904f85d4732af703a9ece8ee196c0a441c,trajectory_115,joint_limit_return,1.0,1.0,same,False
ur5e,single_gn_k0,48832d0ec9a2c6125d5f17a150bfa429e812d18d57eb972c46e198ba4d8f751c,trajectory_051,near_singular,1.0,1.0,same,False
ur5e,single_gn_k0,48f55f94abd2f19dc0e42f9789c73bbd605042a4903da3ac8961a938b930776f,trajectory_152,high_curvature,1.0,1.0,same,False
ur5e,single_gn_k0,495aed44fa5c9924a609b11d58630ae664e155bdcd7e9c62435fa9488d8fb41f,trajectory_007,smooth,1.0,1.0,same,False
ur5e,single_gn_k0,4a2327c086935f743ca02bbfffb75a4d3833e788244e6f69fcf3aa03a72f107c,trajectory_137,high_curvature,1.0,1.0,same,False
ur5e,single_gn_k0,4c0120b997986071fa8373f6475c86e8b599a87c76e17842cee2130d0a4f4780,trajectory_002,smooth,1.0,1.0,same,False
ur5e,single_gn_k0,4c68775b3fe6de780c3b7546007a4a5b2335202aa710f1956e38babdd382f8cd,trajectory_096,joint_limit_return,1.0,1.0,same,False
ur5e,single_gn_k0,503872d2622b8d6e6c4a56829f7bd6b30d2c707da4ec550df17ad34fc7f40158,trajectory_017,smooth,1.0,1.0,same,False
ur5e,single_gn_k0,51480cdcfda1f03ce68798883c7c94f5827a269f6b64569ab19adfd6a908fc0c,trajectory_102,joint_limit_return,1.0,1.0,same,False
ur5e,single_gn_k0,54bf715f54efcb7f9ee35f33bff4ffbba3dd240d9300fde5f2076bc79d1f7a10,trajectory_135,high_curvature,1.0,1.0,same,False
ur5e,single_gn_k0,58bb40e5c210481f24086f76a049e33e02a8b7fb9b04e75a474c9049dd072f2b,trajectory_104,joint_limit_return,1.0,1.0,same,False
ur5e,single_gn_k0,5b29cfb3cab0787e7ac9277e33c368fbb0dcd7b7789bd5c492f07fd04cccac8a,trajectory_157,high_curvature,1.0,1.0,same,False
ur5e,single_gn_k0,5cb0d3ea27db6724338fd77ae538852f6d94607e0354c2dc56cfc3be3be1aaab,trajectory_072,near_singular,1.0,1.0,same,False
ur5e,single_gn_k0,5d30bb2389dcd9ce2132810b892d827add2be514e596f0d408b26957a6169a1c,trajectory_048,near_singular,1.0,1.0,same,False
ur5e,single_gn_k0,5da7af6fee9b0503eed8ff8c985472802b69533e592a05eedf52d9e28bb5b0c9,trajectory_109,joint_limit_return,1.0,1.0,same,False
ur5e,single_gn_k0,61cf065b1346ac7313777bcf9b8ce2ae067a03b601b9f752872306d83f082a83,trajectory_113,joint_limit_return,1.0,1.0,same,False
ur5e,single_gn_k0,6591fe1e55ed4f0de6433d67d1821adecb639171ad745ac2c7cb576f94191676,trajectory_136,high_curvature,1.0,1.0,same,False
ur5e,single_gn_k0,67148de783e9a0c5f073d19a0d7c3c44ca35a647d7cb2ead25e02b90953262f8,trajectory_105,joint_limit_return,1.0,1.0,same,False
ur5e,single_gn_k0,68432406fa88e3ba9e73856d01b1cc541f9134369bb2459059f1fc36564c045f,trajectory_117,joint_limit_return,1.0,1.0,same,False
ur5e,single_gn_k0,686ce309383dceffb72e64c1d7eb06f366c93fda04084cd6c39f6e89332fa799,trajectory_000,smooth,1.0,1.0,same,False
ur5e,single_gn_k0,6f494d893ed1a07925719d015b2ee2f55de5088b1aaebfb231b0b9bbb0d40039,trajectory_014,smooth,1.0,1.0,same,False
ur5e,single_gn_k0,7081b5dc46ee76c4a76bd8c142d61d00ad0300933221a340da1fa88d8caaa1b8,trajectory_065,near_singular,1.0,1.0,same,False
ur5e,single_gn_k0,71d7ebb573b83f4eb7da1edce7175c9650c45196db754a1cb806a2b89bc610ba,trajectory_087,joint_limit_return,1.0,1.0,same,False
ur5e,single_gn_k0,724195496ade67a21fa38a9b189e3e4edede9148fcf1b5a360738cba7807468b,trajectory_134,high_curvature,1.0,1.0,same,False
ur5e,single_gn_k0,72ad8987f43d3155ae17d4c5db8054e43e840aa838acb2e1e6d25da0d1c8d411,trajectory_103,joint_limit_return,1.0,1.0,same,False
ur5e,single_gn_k0,740b45ba8a847d389787064239c5447da96fd8c9783539870faded64202a17ad,trajectory_093,joint_limit_return,1.0,1.0,same,False
ur5e,single_gn_k0,7707342c2b3de4fcbd79ac4f834aa60b52752614ffb53de30168eb3333874836,trajectory_144,high_curvature,1.0,1.0,same,False
ur5e,single_gn_k0,78e2c05235eed4c7aded39a5955b332ed8c3b5f3ff6d1e633c0ba4f840d706fc,trajectory_070,near_singular,1.0,1.0,same,False
ur5e,single_gn_k0,7b691d6bc61902ea7d02df04837d5eff55bcb12ddc737f432ecf9ff87ad585f1,trajectory_100,joint_limit_return,1.0,1.0,same,False
ur5e,single_gn_k0,7cddcc7aecfb2cc7a9567c82fdf3d8bc4e454260d03cda535a3738b074cf8dd5,trajectory_067,near_singular,1.0,1.0,same,False
ur5e,single_gn_k0,7cf509b9613e6bc8539efc4da94e1bf8e7d1c2656024efa0e0b8f0d0eff9d428,trajectory_069,near_singular,1.0,1.0,same,False
ur5e,single_gn_k0,7d31283416312d45bb28a2f3e0143818a5a6ba2c70482c412abe08ee1f50f5c6,trajectory_128,high_curvature,1.0,1.0,same,False
ur5e,single_gn_k0,7ec3a941b8a8e9f6396fe87a2a526d704c200da5c7b0fdf04f615cc804cb0f16,trajectory_154,high_curvature,1.0,1.0,same,False
ur5e,single_gn_k0,7f19e5fb7c4a3e5512e3ca808b23999cd566c13c7713e94523157d861841d4df,trajectory_054,near_singular,1.0,1.0,same,False
ur5e,single_gn_k0,7f4763daab05f66e40bf64089e5137340eaf99858c1b8649ae3113641088b90e,trajectory_005,smooth,1.0,1.0,same,False
ur5e,single_gn_k0,827b375c519d968a5b41663c8e8a2a747c9eb269019e2d86f29330fde600f1b6,trajectory_010,smooth,1.0,1.0,same,False
ur5e,single_gn_k0,84275ca5d90e2452b2b6e25b0dc49327ca349cf2cc1388b020532f03badd2856,trajectory_092,joint_limit_return,1.0,1.0,same,False
ur5e,single_gn_k0,843b7cea53c9f6b748a8488f867f3af3d5f55da01300b043fa64ce853453e711,trajectory_034,smooth,1.0,1.0,same,False
ur5e,single_gn_k0,85586cb1bf15307d03bb378cf6ac237fffd25e3588ea376288f105be162123eb,trajectory_075,near_singular,1.0,1.0,same,False
ur5e,single_gn_k0,85dc9c6d83b5e8b4d87c745d9ca244d761b7eeb74bef1be34b0b065e45910ce9,trajectory_016,smooth,1.0,1.0,same,False
ur5e,single_gn_k0,89043c092bd9a93f80f6d1202c101679b192f603234e799df6201a6c2742c27c,trajectory_148,high_curvature,1.0,1.0,same,False
ur5e,single_gn_k0,8908cd02de98b2b8e1492152922173fea5395752617a1da31b0a1f4b42671215,trajectory_083,joint_limit_return,1.0,1.0,same,False
ur5e,single_gn_k0,8954d7372760d015dde205fe23c29cd3f788725a3aaacb3facbec5b439e30a27,trajectory_011,smooth,1.0,1.0,same,False
ur5e,single_gn_k0,89e2a18f38d91422b27bab0ab848308c9e7a0ef1426a7cb35ae47a7834129fee,trajectory_036,smooth,1.0,1.0,same,False
ur5e,single_gn_k0,8a31187b8082f322d3889fa8690653f8ea1bb720ca6b7580c281e490c5d9ff82,trajectory_142,high_curvature,1.0,1.0,same,False
ur5e,single_gn_k0,8abc6aeecb82cf161109e7a82956e5c3d3496c0968eb3540b70b270b8dd0e382,trajectory_030,smooth,1.0,1.0,same,False
ur5e,single_gn_k0,8d7bbe8ea92596c88e4302fb0ba88365293f88c96fdc92722986905bc459aea4,trajectory_078,near_singular,1.0,1.0,same,False
ur5e,single_gn_k0,902a8600c2185a59cf86deaa728f357a1c8f7c12f612ef6346dcfb241e293ca1,trajectory_158,high_curvature,1.0,1.0,same,False
ur5e,single_gn_k0,90ae6d4e772c54e6f62a165614eed2df96c93f4d486693d2a17d976338f54bb6,trajectory_012,smooth,1.0,1.0,same,False
ur5e,single_gn_k0,91ed2116da7bf073830df8553a162c8e21c01a157b9aa36f8d708a2a598af937,trajectory_139,high_curvature,1.0,1.0,same,False
ur5e,single_gn_k0,9602447adb23a927a798b929ce2924e219d87de30e27012b5194fdc45718699c,trajectory_112,joint_limit_return,1.0,1.0,same,False
ur5e,single_gn_k0,9660cef6ce0545e32bd3f3b05df8237968dc62decbd0a22d567e190f4d7053d2,trajectory_111,joint_limit_return,1.0,1.0,same,False
ur5e,single_gn_k0,973fd8131a9cd42f1dfbb69f8755470b9f35fc4f642098dbfd720d4346751e59,trajectory_043,near_singular,1.0,1.0,same,False
ur5e,single_gn_k0,97ac5290d57cbe7a453c02dcfb36927eda1953de8480792f9c91f45e08bcb212,trajectory_025,smooth,1.0,1.0,same,False
ur5e,single_gn_k0,9a9ec1e0022a853751297ce0a98e4f8964494a7ce54c92efeeae3b0e0da6e703,trajectory_045,near_singular,1.0,1.0,same,False
ur5e,single_gn_k0,9b4ce9e30581c65e935158f1fd19b88bff8be3de5905f24cfd4756d535c5a879,trajectory_039,smooth,1.0,1.0,same,False
ur5e,single_gn_k0,9bd9331c5990f861976a22603cc57bd572b2ce6682ee7e3ced8c7392ca0d221a,trajectory_053,near_singular,1.0,1.0,same,False
ur5e,single_gn_k0,9d89e1bfb32d5fc8c14e827c039bfa0ae099593c8ff0d70f841bc5cc501d4bd4,trajectory_151,high_curvature,1.0,1.0,same,False
ur5e,single_gn_k0,9f3a06b8da1bf017fc6d0d042efa79b8e1d19bce4a134ed0e0ed52f76125c3af,trajectory_047,near_singular,1.0,1.0,same,False
ur5e,single_gn_k0,a109a7254612e6f8df68ba11aaaff028114a82e042ce2eaa3e4e73c5a5b77a7f,trajectory_076,near_singular,1.0,1.0,same,False
ur5e,single_gn_k0,a11a9cb9acf1dc8dde81e8950d00399d055990e4d6112f37dba444d46d0fd22d,trajectory_041,near_singular,1.0,1.0,same,False
ur5e,single_gn_k0,a1dcd3f9d2d0215aeb629414e6ebd203f2345395673d63274b4465e0847d6ccb,trajectory_089,joint_limit_return,1.0,1.0,same,False
ur5e,single_gn_k0,a7bc4058163210f465a6173a3ffc77fa7c5b4e7a90960c50bed947d0346b6a13,trajectory_081,joint_limit_return,1.0,1.0,same,False
ur5e,single_gn_k0,a887ec40ba4dd72bbe4406acf5cf70281c31b41deec40b48cc2213c5665b72cb,trajectory_146,high_curvature,1.0,1.0,same,False
ur5e,single_gn_k0,a9689872a7740bb25a1a2ff69704093229f9f308d2f07588903acda37c478c7c,trajectory_022,smooth,1.0,1.0,same,False
ur5e,single_gn_k0,a9c47a91c002091ddea4ec1679ab0bb336b9d3d6aa5e99d1b1a70c390473eefc,trajectory_079,near_singular,1.0,1.0,same,False
ur5e,single_gn_k0,aa2170a104fe9a5883cd2fac7365c8e64fa69aeae243c2a51e690d7688af2d5a,trajectory_035,smooth,1.0,1.0,same,False
ur5e,single_gn_k0,aa5825ef6b28d8d90cfb790aca68cb615c47723d18109e0a5c03bead5c7c9d24,trajectory_026,smooth,1.0,1.0,same,False
ur5e,single_gn_k0,af38432b70f3754f4a643ba6a588a64cc2e53ca500c09479433518c5d7e2a2b0,trajectory_077,near_singular,1.0,1.0,same,False
ur5e,single_gn_k0,b34fad5df1e0a336db93b77bb87845da3d17b38206b8496af3ea2adbd78d821e,trajectory_114,joint_limit_return,1.0,1.0,same,False
ur5e,single_gn_k0,b5b68e744d02d37b144270ef2b9a6acfc983022dbc3e84503f9d6b952fc2a356,trajectory_150,high_curvature,1.0,1.0,same,False
ur5e,single_gn_k0,b5fd37d5173ef327cdc96402d2d3c4869598cb3cb5dda9a0b50c35bb5d56e57d,trajectory_063,near_singular,1.0,1.0,same,False
ur5e,single_gn_k0,b673ff7ac8a40599b61e9f3c7ebaee52de8edf81014cf5a8037bc7a2ad358a9d,trajectory_028,smooth,1.0,1.0,same,False
ur5e,single_gn_k0,b85bb93111b10690027a3f1c51c8e8627a6ed0e4adeed0b1d40f0126f6082bd6,trajectory_023,smooth,1.0,1.0,same,False
ur5e,single_gn_k0,ba9bb4e132a286302883d3ca2207dc242aa87c57450d1d6cc2dcde74d79d625b,trajectory_046,near_singular,1.0,1.0,same,False
ur5e,single_gn_k0,bad5e5c0fcc0674d2f204b7d752f89b1ce0e189c061a241d4a153ad0c78947d9,trajectory_044,near_singular,1.0,1.0,same,False
ur5e,single_gn_k0,be3fedf6b4ea6b22f2babefaf2de72264a62f2a64da106c9a73fa85110045699,trajectory_015,smooth,1.0,1.0,same,False
ur5e,single_gn_k0,bf95d183d97ef7ba56cbaea67cad039c8230048f1456470eb022d582e5d87b96,trajectory_090,joint_limit_return,1.0,1.0,same,False
ur5e,single_gn_k0,c080efe6c92fe0222a4c277a6b40e11d7ade18ceee24413120e3ec60656c5308,trajectory_107,joint_limit_return,1.0,1.0,same,False
ur5e,single_gn_k0,c173bc1217a828de6205bf0d0c767d2505fbe856597d39d948838ce9d559a094,trajectory_071,near_singular,0.0,1.0,lost,True
ur5e,single_gn_k0,c18a069410f1e5f50fc53ecea9e46086bb6f0d6bad4a86937735d6a854003b3e,trajectory_110,joint_limit_return,1.0,1.0,same,False
ur5e,single_gn_k0,c2fe4dc2655f134bf018f339c9f44c7b077cb10bab25e618f42301e7377a070d,trajectory_153,high_curvature,1.0,1.0,same,False
ur5e,single_gn_k0,c3b17d9135e3f5110c601ebb388e43620ea47a61f948a8525c5a4ddc1572be71,trajectory_098,joint_limit_return,1.0,1.0,same,False
ur5e,single_gn_k0,c4576342bc5bd0b1f1888887cf118ac5ed5ee31ffdb3ea595cc0970a28f536e2,trajectory_008,smooth,1.0,1.0,same,False
ur5e,single_gn_k0,c468f9ee771baf75248c87f948f9e87b66215b6e78ae94ed1f4e6d3dbdc170f5,trajectory_155,high_curvature,1.0,1.0,same,False
ur5e,single_gn_k0,c47efcaf1c35c157b775c76f595d9d70f4e0f13fd9103ce872fce7e236f17bf7,trajectory_056,near_singular,1.0,1.0,same,False
ur5e,single_gn_k0,c504b0efe36bf4eea5c35716f51b05483e734ed8836b421da0f3087aad1b106b,trajectory_085,joint_limit_return,1.0,1.0,same,False
ur5e,single_gn_k0,c5d5a8e72ce4c6b762185b1a227ec3e774ed4967a00b6de4cbd60dc0b3489d29,trajectory_018,smooth,1.0,1.0,same,False
ur5e,single_gn_k0,c62854c73a56ad1ea7d427d4b39c770a0fc15217f31fa9341e1145cf73012ccf,trajectory_020,smooth,1.0,1.0,same,False
ur5e,single_gn_k0,c8ec0518b6db3155050b11a3423dd67c62760ef325eb32eed4d81264285cc2e0,trajectory_031,smooth,1.0,1.0,same,False
ur5e,single_gn_k0,ca23ec82b31989c11f622d2357230e7f85a752cdd5fcfc1916418816019b16c0,trajectory_074,near_singular,1.0,1.0,same,False
ur5e,single_gn_k0,cb34f01e0e28065f626918b20c6e13b47e93164dc8cc78652a4844a9b91019ba,trajectory_156,high_curvature,1.0,1.0,same,False
ur5e,single_gn_k0,cbddc7b090023022ded30fbe029247ad1a9a2f6f44eb3d1ea09b1471cf29edbc,trajectory_095,joint_limit_return,1.0,1.0,same,False
ur5e,single_gn_k0,cdcf0ee9be127e80d0dc25f588c4d3e118f0a51fe9b42b01ba416e0eef260a78,trajectory_094,joint_limit_return,1.0,1.0,same,False
ur5e,single_gn_k0,d196f286593ce2494c2d452e351f0cbff757344c9ad934c43f3456f315e6ff6f,trajectory_062,near_singular,1.0,1.0,same,False
ur5e,single_gn_k0,d403ab409425a8e0d76b1c90ed4e5f61af12a533519277de745fb18744453b67,trajectory_116,joint_limit_return,1.0,1.0,same,False
ur5e,single_gn_k0,d542b46934017ffd3d5d463fdb46c29768b64ecbe442f7d1ddf7e201a272af2c,trajectory_159,high_curvature,1.0,1.0,same,False
ur5e,single_gn_k0,d8bd9c0af720100e6fbad9dc449e632c6315fd52b2c3b6c2293cdb3413fa78f8,trajectory_038,smooth,1.0,1.0,same,False
ur5e,single_gn_k0,d90fb01942c4f5f5a4690d2fb3e6578ce8589d7adb1b4fcdeecb8f49b768150f,trajectory_066,near_singular,1.0,1.0,same,False
ur5e,single_gn_k0,daffa6e56fbd6c3e5a0b1bc149b2b3db76cc7969e84115384cfda267a25f5623,trajectory_108,joint_limit_return,1.0,1.0,same,False
ur5e,single_gn_k0,dcae8362f72540a854446babea83f879db72d9ea6bc88b34b80f16a8461d30ac,trajectory_052,near_singular,1.0,1.0,same,False
ur5e,single_gn_k0,dcb498be2431001dfc93a7c61d63bd58061c9ec13d3aa68c4d4c99a3b169c650,trajectory_057,near_singular,1.0,1.0,same,False
ur5e,single_gn_k0,dd8ea68eb60a2a79785ffc347cae495796617b794d9da0a74d8539f601034c78,trajectory_147,high_curvature,1.0,1.0,same,False
ur5e,single_gn_k0,dd9ccb5b42c8963d53c3795cb79fd054cd4b1da572bc46bfd61297d324ca3f5e,trajectory_061,near_singular,1.0,1.0,same,False
ur5e,single_gn_k0,def4c7c21eb5056eb06fe3493dbbd47b0e017e9d04fb05e9ce718304fde13155,trajectory_127,high_curvature,1.0,1.0,same,False
ur5e,single_gn_k0,df81e3d36a17590279c10102a5d3564ade94174a725b81c2b9982e7861176d01,trajectory_042,near_singular,1.0,1.0,same,False
ur5e,single_gn_k0,dfb95f240fb92ece611a18d9d6a1f3f0c2954ffa25d6adb20bf4808f1e8eea3e,trajectory_149,high_curvature,1.0,1.0,same,False
ur5e,single_gn_k0,e028bf75afa080d243a9bdccd3419d1cb5a5d718dca69db83562268e89ed12e3,trajectory_059,near_singular,1.0,1.0,same,False
ur5e,single_gn_k0,e621fdc4f247e6d4f941602738d8470496c5f9695bfc622242db0628c871b460,trajectory_131,high_curvature,0.0,0.0,same,False
ur5e,single_gn_k0,e644ec1ddd274fcfdfbf0fed4c50373ce5666e2274ee3fe2cb157df665d13588,trajectory_132,high_curvature,1.0,1.0,same,False
ur5e,single_gn_k0,e94d987badb3767e3544aa16554e82c6863b3b12927a26d94f7bbb32b9be1cf9,trajectory_024,smooth,1.0,1.0,same,False
ur5e,single_gn_k0,ed3d541f8d51c56dcef974b5dce8e87cbd24af8eabdf00973c49f94965da49df,trajectory_125,high_curvature,1.0,1.0,same,False
ur5e,single_gn_k0,ee6031ae34dcb9670f70c523530997a74ff806611263e1fca22da37b1cd003d5,trajectory_064,near_singular,1.0,1.0,same,False
ur5e,single_gn_k0,eecc7b5aa0a6af348f8fe5410ce6d3c80c76a3b76815cc492ac7dff69ea040a0,trajectory_118,joint_limit_return,1.0,1.0,same,False
ur5e,single_gn_k0,ef5970a23141d97e190951c06fce09a1b043b0d2e91efc242b18fd04b329e35b,trajectory_004,smooth,1.0,1.0,same,False
ur5e,single_gn_k0,f17a7ffba93420840a76c2b3daad57e2a486c769ddcd5c712bcd35d81635c814,trajectory_133,high_curvature,1.0,1.0,same,False
ur5e,single_gn_k0,f1d4fe64de9a37b56068fc8b5e18efdf3afb4094b5bcda3c5d8dd84239894e9e,trajectory_138,high_curvature,1.0,1.0,same,False
ur5e,single_gn_k0,f2786b0cb702d9956b071d27ad9f0d5c4a568e36c053c20f87f9a0fb94d54a45,trajectory_055,near_singular,1.0,1.0,same,False
ur5e,single_gn_k0,f2f90e8de9e99f8f2639a8ef08ec9638381ba3bb44168c94c8158835e3a7c637,trajectory_019,smooth,1.0,1.0,same,False
ur5e,single_gn_k0,f3d5f800686bbb23713085d4bb5b97ec4a0d2920a0048bb62bc1efda5dd22d7b,trajectory_058,near_singular,1.0,1.0,same,False
ur5e,single_gn_k0,f6049a1d1c02bec9c02bdde0795f54736df40109a1be62528d6f16245a5a7f2c,trajectory_001,smooth,1.0,1.0,same,False
ur5e,single_gn_k0,f8efe5854fed39bd18dfd911ea4c793e612245b655469805844b8433c1505c42,trajectory_141,high_curvature,1.0,1.0,same,False
ur5e,single_gn_k0,fa6c88092aec16921c068990a30a090c7015f7affeac53cc3e5b002ed6a90b41,trajectory_080,joint_limit_return,1.0,1.0,same,False
ur5e,single_gn_k0,fc1b3d1c1640b26978eb54d66f481919216797cf182f6bde14c9a0949d312527,trajectory_050,near_singular,1.0,1.0,same,False
ur5e,single_gn_k0,fe43e012e3d2ff6c1d61eed3c30e66289cfbaa3244cbd27939a4ae7b37c5ae96,trajectory_129,high_curvature,1.0,1.0,same,False
ur5e,single_gn_k0,ff9240424126b109ed9128ebdcc1c535dd8e1041ecedc909a91f8cebff022cbc,trajectory_130,high_curvature,1.0,1.0,same,False
ur5e,single_gn_clip,022a86bff64083fceaa1158ce14f103f5ce290797a2aeaa45866261f26501a05,trajectory_037,smooth,1.0,1.0,same,False
ur5e,single_gn_clip,05bc5f30c5c7cd51fc72c341d4191b9e00393d1440d433b17b8a3726f6c23282,trajectory_084,joint_limit_return,1.0,1.0,same,False
ur5e,single_gn_clip,0718780cf124f9d1309bc57741250c3d9dea14f89f6a71c9562362b4677c301e,trajectory_033,smooth,1.0,1.0,same,False
ur5e,single_gn_clip,0a87de50d376d58ae400cb330f9477d95c5812cc55e8fe33d3d3e96c01ecb45b,trajectory_122,high_curvature,1.0,1.0,same,False
ur5e,single_gn_clip,0dd84d0ff35e701d49257c8fce503e635899f3fb95c2a17d91bde82b57d508f7,trajectory_009,smooth,1.0,1.0,same,False
ur5e,single_gn_clip,0e9f731eaf589bff44467bfac21a34eb815e23e9466e26f74adad7a794606d3d,trajectory_088,joint_limit_return,1.0,1.0,same,False
ur5e,single_gn_clip,0feef86abbdffbf56da2030987cdb7582310e2bf877e0958c4748047fc98589a,trajectory_124,high_curvature,1.0,1.0,same,False
ur5e,single_gn_clip,147723ec885c076a79aa6df0f28d41a2a60704eed4fe5ca91287298cd1aa3e4b,trajectory_082,joint_limit_return,1.0,1.0,same,False
ur5e,single_gn_clip,14dbdf92e0ba228836bb0eec00261a8ad4e4f6db40403bc0f3ceaaff96938313,trajectory_073,near_singular,1.0,1.0,same,False
ur5e,single_gn_clip,160edaf457fb519de58b208c6b896ed08faf68c6011b9deb24be264e3a9e1a28,trajectory_027,smooth,1.0,1.0,same,False
ur5e,single_gn_clip,196468597141f70e3695efbf23ef22b8093a2e57269df5532db6d58bf957661a,trajectory_119,joint_limit_return,1.0,1.0,same,False
ur5e,single_gn_clip,1a2793db2858cf7ab0a6fa5cbe25d57b2d95eb513f8d9365e6d7fd41703b3766,trajectory_140,high_curvature,1.0,1.0,same,False
ur5e,single_gn_clip,1abc4cdbe65529afffd0d3fa05667f31ecddfb5331c99f215a488f90799d2908,trajectory_126,high_curvature,1.0,1.0,same,False
ur5e,single_gn_clip,1b2ec0d8b336e6260360e28a967aa23b47ef29b00f91d5dfea5cb793860b6bcf,trajectory_068,near_singular,1.0,1.0,same,False
ur5e,single_gn_clip,1c8c2cee8513118aa63d821d78ec578bb264cb2516af23dacd41ea148416f656,trajectory_086,joint_limit_return,1.0,1.0,same,False
ur5e,single_gn_clip,1cf990ad59f833600841f28f07a2d960dbbfaaa6594f6f3cbfb900d2c4f9bfac,trajectory_099,joint_limit_return,1.0,1.0,same,False
ur5e,single_gn_clip,1d8a1724561e2a8a9fd0f5d373fd3de8754e9d05650d220fbf89c2848de48db8,trajectory_021,smooth,1.0,1.0,same,False
ur5e,single_gn_clip,1f62567c664201a1c310c84b5060a5f7554c8c7ed4a1d2bb79efaa0dc82eade4,trajectory_049,near_singular,1.0,1.0,same,False
ur5e,single_gn_clip,28916f2098e26191ef1652120b593b6508843754985b2d8baa75940e0c5fd512,trajectory_040,near_singular,1.0,1.0,same,False
ur5e,single_gn_clip,2c260dbbe16e3043b30c0180c74d6e1e8bb5fb373fa24e790dd8baa144c2df21,trajectory_143,high_curvature,1.0,1.0,same,False
ur5e,single_gn_clip,2f61f0333eb0869c3d2af547f540382f5580ff0036f49f12d59da94e69814172,trajectory_029,smooth,1.0,1.0,same,False
ur5e,single_gn_clip,31f69f5235e9e326d7bc7f1966cb8accca1717504fa8fa1e69b76a435ee8034e,trajectory_013,smooth,1.0,1.0,same,False
ur5e,single_gn_clip,33c79c7e52903f30993f634203d079c2b23cbf39d542843b95460d9cb9ecf488,trajectory_091,joint_limit_return,1.0,1.0,same,False
ur5e,single_gn_clip,34cdeabd4b45ecccec143b2bb953ce185e50c8b7baa7ec7715cfbf69fb223766,trajectory_101,joint_limit_return,1.0,1.0,same,False
ur5e,single_gn_clip,35007e70c7f121c5ecddef083d9b5a5c2ffa280cbf90750562adad287ca7ec7e,trajectory_032,smooth,1.0,1.0,same,False
ur5e,single_gn_clip,352d4578e4c0db5d0e6ba9bf0e28c3015e86d29ea6b427d7f643b599fc7acdf2,trajectory_006,smooth,1.0,1.0,same,False
ur5e,single_gn_clip,37785295d302f66972dfc33f3febb47f17cdbdd9ef89afaff833af8f54a316b2,trajectory_106,joint_limit_return,1.0,1.0,same,False
ur5e,single_gn_clip,386d04c1dfc5cb803ad457c1f076c741ce7a9c31c301f4be1978e1191723b5ad,trajectory_121,high_curvature,1.0,1.0,same,False
ur5e,single_gn_clip,3b8b57c4f8bc994dc44f23d1343dca1c2bb3dab23420328d7c45efbf64cad935,trajectory_123,high_curvature,1.0,1.0,same,False
ur5e,single_gn_clip,3e25fa2cd6f1be3006dda0f222bd5706c91724aa38d54c369b5e6e68977e5706,trajectory_060,near_singular,1.0,1.0,same,False
ur5e,single_gn_clip,3e87cf4bfc6df2c0fd5b84a81a422fbf44b18d64304f101cbfc4a6e2c88de42f,trajectory_120,high_curvature,1.0,1.0,same,False
ur5e,single_gn_clip,403a8fc503ef3b1432586af381e00ae56468ee8dc0f1890b6cc740d2b71398a9,trajectory_145,high_curvature,1.0,1.0,same,False
ur5e,single_gn_clip,455a43be73a6806a5686c0dc0589a0c17955f71c5647e6d8850e530f589ecca3,trajectory_003,smooth,1.0,1.0,same,False
ur5e,single_gn_clip,455df4f337dd869ec3d041361009426d63667b3c1f9fd5dc147bf06e9798ebbe,trajectory_097,joint_limit_return,1.0,1.0,same,False
ur5e,single_gn_clip,47d4a0170ccef17605464405a8c16d904f85d4732af703a9ece8ee196c0a441c,trajectory_115,joint_limit_return,1.0,1.0,same,False
ur5e,single_gn_clip,48832d0ec9a2c6125d5f17a150bfa429e812d18d57eb972c46e198ba4d8f751c,trajectory_051,near_singular,1.0,1.0,same,False
ur5e,single_gn_clip,48f55f94abd2f19dc0e42f9789c73bbd605042a4903da3ac8961a938b930776f,trajectory_152,high_curvature,1.0,1.0,same,False
ur5e,single_gn_clip,495aed44fa5c9924a609b11d58630ae664e155bdcd7e9c62435fa9488d8fb41f,trajectory_007,smooth,1.0,1.0,same,False
ur5e,single_gn_clip,4a2327c086935f743ca02bbfffb75a4d3833e788244e6f69fcf3aa03a72f107c,trajectory_137,high_curvature,1.0,1.0,same,False
ur5e,single_gn_clip,4c0120b997986071fa8373f6475c86e8b599a87c76e17842cee2130d0a4f4780,trajectory_002,smooth,1.0,1.0,same,False
ur5e,single_gn_clip,4c68775b3fe6de780c3b7546007a4a5b2335202aa710f1956e38babdd382f8cd,trajectory_096,joint_limit_return,1.0,1.0,same,False
ur5e,single_gn_clip,503872d2622b8d6e6c4a56829f7bd6b30d2c707da4ec550df17ad34fc7f40158,trajectory_017,smooth,1.0,1.0,same,False
ur5e,single_gn_clip,51480cdcfda1f03ce68798883c7c94f5827a269f6b64569ab19adfd6a908fc0c,trajectory_102,joint_limit_return,1.0,1.0,same,False
ur5e,single_gn_clip,54bf715f54efcb7f9ee35f33bff4ffbba3dd240d9300fde5f2076bc79d1f7a10,trajectory_135,high_curvature,1.0,1.0,same,False
ur5e,single_gn_clip,58bb40e5c210481f24086f76a049e33e02a8b7fb9b04e75a474c9049dd072f2b,trajectory_104,joint_limit_return,1.0,1.0,same,False
ur5e,single_gn_clip,5b29cfb3cab0787e7ac9277e33c368fbb0dcd7b7789bd5c492f07fd04cccac8a,trajectory_157,high_curvature,1.0,1.0,same,False
ur5e,single_gn_clip,5cb0d3ea27db6724338fd77ae538852f6d94607e0354c2dc56cfc3be3be1aaab,trajectory_072,near_singular,1.0,1.0,same,False
ur5e,single_gn_clip,5d30bb2389dcd9ce2132810b892d827add2be514e596f0d408b26957a6169a1c,trajectory_048,near_singular,1.0,1.0,same,False
ur5e,single_gn_clip,5da7af6fee9b0503eed8ff8c985472802b69533e592a05eedf52d9e28bb5b0c9,trajectory_109,joint_limit_return,1.0,0.0,gained,True
ur5e,single_gn_clip,61cf065b1346ac7313777bcf9b8ce2ae067a03b601b9f752872306d83f082a83,trajectory_113,joint_limit_return,1.0,1.0,same,False
ur5e,single_gn_clip,6591fe1e55ed4f0de6433d67d1821adecb639171ad745ac2c7cb576f94191676,trajectory_136,high_curvature,1.0,1.0,same,False
ur5e,single_gn_clip,67148de783e9a0c5f073d19a0d7c3c44ca35a647d7cb2ead25e02b90953262f8,trajectory_105,joint_limit_return,1.0,1.0,same,False
ur5e,single_gn_clip,68432406fa88e3ba9e73856d01b1cc541f9134369bb2459059f1fc36564c045f,trajectory_117,joint_limit_return,1.0,1.0,same,False
ur5e,single_gn_clip,686ce309383dceffb72e64c1d7eb06f366c93fda04084cd6c39f6e89332fa799,trajectory_000,smooth,1.0,1.0,same,False
ur5e,single_gn_clip,6f494d893ed1a07925719d015b2ee2f55de5088b1aaebfb231b0b9bbb0d40039,trajectory_014,smooth,1.0,1.0,same,False
ur5e,single_gn_clip,7081b5dc46ee76c4a76bd8c142d61d00ad0300933221a340da1fa88d8caaa1b8,trajectory_065,near_singular,1.0,1.0,same,False
ur5e,single_gn_clip,71d7ebb573b83f4eb7da1edce7175c9650c45196db754a1cb806a2b89bc610ba,trajectory_087,joint_limit_return,1.0,1.0,same,False
ur5e,single_gn_clip,724195496ade67a21fa38a9b189e3e4edede9148fcf1b5a360738cba7807468b,trajectory_134,high_curvature,1.0,1.0,same,False
ur5e,single_gn_clip,72ad8987f43d3155ae17d4c5db8054e43e840aa838acb2e1e6d25da0d1c8d411,trajectory_103,joint_limit_return,1.0,1.0,same,False
ur5e,single_gn_clip,740b45ba8a847d389787064239c5447da96fd8c9783539870faded64202a17ad,trajectory_093,joint_limit_return,1.0,1.0,same,False
ur5e,single_gn_clip,7707342c2b3de4fcbd79ac4f834aa60b52752614ffb53de30168eb3333874836,trajectory_144,high_curvature,1.0,1.0,same,False
ur5e,single_gn_clip,78e2c05235eed4c7aded39a5955b332ed8c3b5f3ff6d1e633c0ba4f840d706fc,trajectory_070,near_singular,1.0,1.0,same,False
ur5e,single_gn_clip,7b691d6bc61902ea7d02df04837d5eff55bcb12ddc737f432ecf9ff87ad585f1,trajectory_100,joint_limit_return,1.0,1.0,same,False
ur5e,single_gn_clip,7cddcc7aecfb2cc7a9567c82fdf3d8bc4e454260d03cda535a3738b074cf8dd5,trajectory_067,near_singular,1.0,1.0,same,False
ur5e,single_gn_clip,7cf509b9613e6bc8539efc4da94e1bf8e7d1c2656024efa0e0b8f0d0eff9d428,trajectory_069,near_singular,1.0,1.0,same,False
ur5e,single_gn_clip,7d31283416312d45bb28a2f3e0143818a5a6ba2c70482c412abe08ee1f50f5c6,trajectory_128,high_curvature,1.0,1.0,same,False
ur5e,single_gn_clip,7ec3a941b8a8e9f6396fe87a2a526d704c200da5c7b0fdf04f615cc804cb0f16,trajectory_154,high_curvature,1.0,1.0,same,False
ur5e,single_gn_clip,7f19e5fb7c4a3e5512e3ca808b23999cd566c13c7713e94523157d861841d4df,trajectory_054,near_singular,1.0,1.0,same,False
ur5e,single_gn_clip,7f4763daab05f66e40bf64089e5137340eaf99858c1b8649ae3113641088b90e,trajectory_005,smooth,1.0,1.0,same,False
ur5e,single_gn_clip,827b375c519d968a5b41663c8e8a2a747c9eb269019e2d86f29330fde600f1b6,trajectory_010,smooth,1.0,1.0,same,False
ur5e,single_gn_clip,84275ca5d90e2452b2b6e25b0dc49327ca349cf2cc1388b020532f03badd2856,trajectory_092,joint_limit_return,1.0,1.0,same,False
ur5e,single_gn_clip,843b7cea53c9f6b748a8488f867f3af3d5f55da01300b043fa64ce853453e711,trajectory_034,smooth,1.0,1.0,same,False
ur5e,single_gn_clip,85586cb1bf15307d03bb378cf6ac237fffd25e3588ea376288f105be162123eb,trajectory_075,near_singular,1.0,1.0,same,False
ur5e,single_gn_clip,85dc9c6d83b5e8b4d87c745d9ca244d761b7eeb74bef1be34b0b065e45910ce9,trajectory_016,smooth,1.0,1.0,same,False
ur5e,single_gn_clip,89043c092bd9a93f80f6d1202c101679b192f603234e799df6201a6c2742c27c,trajectory_148,high_curvature,1.0,1.0,same,False
ur5e,single_gn_clip,8908cd02de98b2b8e1492152922173fea5395752617a1da31b0a1f4b42671215,trajectory_083,joint_limit_return,1.0,1.0,same,False
ur5e,single_gn_clip,8954d7372760d015dde205fe23c29cd3f788725a3aaacb3facbec5b439e30a27,trajectory_011,smooth,1.0,1.0,same,False
ur5e,single_gn_clip,89e2a18f38d91422b27bab0ab848308c9e7a0ef1426a7cb35ae47a7834129fee,trajectory_036,smooth,1.0,1.0,same,False
ur5e,single_gn_clip,8a31187b8082f322d3889fa8690653f8ea1bb720ca6b7580c281e490c5d9ff82,trajectory_142,high_curvature,1.0,1.0,same,False
ur5e,single_gn_clip,8abc6aeecb82cf161109e7a82956e5c3d3496c0968eb3540b70b270b8dd0e382,trajectory_030,smooth,1.0,1.0,same,False
ur5e,single_gn_clip,8d7bbe8ea92596c88e4302fb0ba88365293f88c96fdc92722986905bc459aea4,trajectory_078,near_singular,1.0,1.0,same,False
ur5e,single_gn_clip,902a8600c2185a59cf86deaa728f357a1c8f7c12f612ef6346dcfb241e293ca1,trajectory_158,high_curvature,1.0,1.0,same,False
ur5e,single_gn_clip,90ae6d4e772c54e6f62a165614eed2df96c93f4d486693d2a17d976338f54bb6,trajectory_012,smooth,1.0,1.0,same,False
ur5e,single_gn_clip,91ed2116da7bf073830df8553a162c8e21c01a157b9aa36f8d708a2a598af937,trajectory_139,high_curvature,1.0,1.0,same,False
ur5e,single_gn_clip,9602447adb23a927a798b929ce2924e219d87de30e27012b5194fdc45718699c,trajectory_112,joint_limit_return,1.0,1.0,same,False
ur5e,single_gn_clip,9660cef6ce0545e32bd3f3b05df8237968dc62decbd0a22d567e190f4d7053d2,trajectory_111,joint_limit_return,1.0,1.0,same,False
ur5e,single_gn_clip,973fd8131a9cd42f1dfbb69f8755470b9f35fc4f642098dbfd720d4346751e59,trajectory_043,near_singular,1.0,1.0,same,False
ur5e,single_gn_clip,97ac5290d57cbe7a453c02dcfb36927eda1953de8480792f9c91f45e08bcb212,trajectory_025,smooth,1.0,1.0,same,False
ur5e,single_gn_clip,9a9ec1e0022a853751297ce0a98e4f8964494a7ce54c92efeeae3b0e0da6e703,trajectory_045,near_singular,1.0,1.0,same,False
ur5e,single_gn_clip,9b4ce9e30581c65e935158f1fd19b88bff8be3de5905f24cfd4756d535c5a879,trajectory_039,smooth,1.0,1.0,same,False
ur5e,single_gn_clip,9bd9331c5990f861976a22603cc57bd572b2ce6682ee7e3ced8c7392ca0d221a,trajectory_053,near_singular,1.0,1.0,same,False
ur5e,single_gn_clip,9d89e1bfb32d5fc8c14e827c039bfa0ae099593c8ff0d70f841bc5cc501d4bd4,trajectory_151,high_curvature,1.0,1.0,same,False
ur5e,single_gn_clip,9f3a06b8da1bf017fc6d0d042efa79b8e1d19bce4a134ed0e0ed52f76125c3af,trajectory_047,near_singular,1.0,1.0,same,False
ur5e,single_gn_clip,a109a7254612e6f8df68ba11aaaff028114a82e042ce2eaa3e4e73c5a5b77a7f,trajectory_076,near_singular,1.0,1.0,same,False
ur5e,single_gn_clip,a11a9cb9acf1dc8dde81e8950d00399d055990e4d6112f37dba444d46d0fd22d,trajectory_041,near_singular,1.0,1.0,same,False
ur5e,single_gn_clip,a1dcd3f9d2d0215aeb629414e6ebd203f2345395673d63274b4465e0847d6ccb,trajectory_089,joint_limit_return,1.0,1.0,same,False
ur5e,single_gn_clip,a7bc4058163210f465a6173a3ffc77fa7c5b4e7a90960c50bed947d0346b6a13,trajectory_081,joint_limit_return,1.0,1.0,same,False
ur5e,single_gn_clip,a887ec40ba4dd72bbe4406acf5cf70281c31b41deec40b48cc2213c5665b72cb,trajectory_146,high_curvature,1.0,1.0,same,False
ur5e,single_gn_clip,a9689872a7740bb25a1a2ff69704093229f9f308d2f07588903acda37c478c7c,trajectory_022,smooth,1.0,1.0,same,False
ur5e,single_gn_clip,a9c47a91c002091ddea4ec1679ab0bb336b9d3d6aa5e99d1b1a70c390473eefc,trajectory_079,near_singular,1.0,1.0,same,False
ur5e,single_gn_clip,aa2170a104fe9a5883cd2fac7365c8e64fa69aeae243c2a51e690d7688af2d5a,trajectory_035,smooth,1.0,1.0,same,False
ur5e,single_gn_clip,aa5825ef6b28d8d90cfb790aca68cb615c47723d18109e0a5c03bead5c7c9d24,trajectory_026,smooth,1.0,1.0,same,False
ur5e,single_gn_clip,af38432b70f3754f4a643ba6a588a64cc2e53ca500c09479433518c5d7e2a2b0,trajectory_077,near_singular,1.0,1.0,same,False
ur5e,single_gn_clip,b34fad5df1e0a336db93b77bb87845da3d17b38206b8496af3ea2adbd78d821e,trajectory_114,joint_limit_return,1.0,1.0,same,False
ur5e,single_gn_clip,b5b68e744d02d37b144270ef2b9a6acfc983022dbc3e84503f9d6b952fc2a356,trajectory_150,high_curvature,1.0,1.0,same,False
ur5e,single_gn_clip,b5fd37d5173ef327cdc96402d2d3c4869598cb3cb5dda9a0b50c35bb5d56e57d,trajectory_063,near_singular,1.0,1.0,same,False
ur5e,single_gn_clip,b673ff7ac8a40599b61e9f3c7ebaee52de8edf81014cf5a8037bc7a2ad358a9d,trajectory_028,smooth,1.0,1.0,same,False
ur5e,single_gn_clip,b85bb93111b10690027a3f1c51c8e8627a6ed0e4adeed0b1d40f0126f6082bd6,trajectory_023,smooth,1.0,1.0,same,False
ur5e,single_gn_clip,ba9bb4e132a286302883d3ca2207dc242aa87c57450d1d6cc2dcde74d79d625b,trajectory_046,near_singular,1.0,1.0,same,False
ur5e,single_gn_clip,bad5e5c0fcc0674d2f204b7d752f89b1ce0e189c061a241d4a153ad0c78947d9,trajectory_044,near_singular,1.0,1.0,same,False
ur5e,single_gn_clip,be3fedf6b4ea6b22f2babefaf2de72264a62f2a64da106c9a73fa85110045699,trajectory_015,smooth,1.0,1.0,same,False
ur5e,single_gn_clip,bf95d183d97ef7ba56cbaea67cad039c8230048f1456470eb022d582e5d87b96,trajectory_090,joint_limit_return,1.0,1.0,same,False
ur5e,single_gn_clip,c080efe6c92fe0222a4c277a6b40e11d7ade18ceee24413120e3ec60656c5308,trajectory_107,joint_limit_return,1.0,1.0,same,False
ur5e,single_gn_clip,c173bc1217a828de6205bf0d0c767d2505fbe856597d39d948838ce9d559a094,trajectory_071,near_singular,0.0,0.0,same,False
ur5e,single_gn_clip,c18a069410f1e5f50fc53ecea9e46086bb6f0d6bad4a86937735d6a854003b3e,trajectory_110,joint_limit_return,1.0,1.0,same,False
ur5e,single_gn_clip,c2fe4dc2655f134bf018f339c9f44c7b077cb10bab25e618f42301e7377a070d,trajectory_153,high_curvature,1.0,1.0,same,False
ur5e,single_gn_clip,c3b17d9135e3f5110c601ebb388e43620ea47a61f948a8525c5a4ddc1572be71,trajectory_098,joint_limit_return,1.0,1.0,same,False
ur5e,single_gn_clip,c4576342bc5bd0b1f1888887cf118ac5ed5ee31ffdb3ea595cc0970a28f536e2,trajectory_008,smooth,1.0,1.0,same,False
ur5e,single_gn_clip,c468f9ee771baf75248c87f948f9e87b66215b6e78ae94ed1f4e6d3dbdc170f5,trajectory_155,high_curvature,1.0,1.0,same,False
ur5e,single_gn_clip,c47efcaf1c35c157b775c76f595d9d70f4e0f13fd9103ce872fce7e236f17bf7,trajectory_056,near_singular,1.0,1.0,same,False
ur5e,single_gn_clip,c504b0efe36bf4eea5c35716f51b05483e734ed8836b421da0f3087aad1b106b,trajectory_085,joint_limit_return,1.0,1.0,same,False
ur5e,single_gn_clip,c5d5a8e72ce4c6b762185b1a227ec3e774ed4967a00b6de4cbd60dc0b3489d29,trajectory_018,smooth,1.0,1.0,same,False
ur5e,single_gn_clip,c62854c73a56ad1ea7d427d4b39c770a0fc15217f31fa9341e1145cf73012ccf,trajectory_020,smooth,1.0,1.0,same,False
ur5e,single_gn_clip,c8ec0518b6db3155050b11a3423dd67c62760ef325eb32eed4d81264285cc2e0,trajectory_031,smooth,1.0,1.0,same,False
ur5e,single_gn_clip,ca23ec82b31989c11f622d2357230e7f85a752cdd5fcfc1916418816019b16c0,trajectory_074,near_singular,1.0,1.0,same,False
ur5e,single_gn_clip,cb34f01e0e28065f626918b20c6e13b47e93164dc8cc78652a4844a9b91019ba,trajectory_156,high_curvature,1.0,1.0,same,False
ur5e,single_gn_clip,cbddc7b090023022ded30fbe029247ad1a9a2f6f44eb3d1ea09b1471cf29edbc,trajectory_095,joint_limit_return,1.0,1.0,same,False
ur5e,single_gn_clip,cdcf0ee9be127e80d0dc25f588c4d3e118f0a51fe9b42b01ba416e0eef260a78,trajectory_094,joint_limit_return,1.0,1.0,same,False
ur5e,single_gn_clip,d196f286593ce2494c2d452e351f0cbff757344c9ad934c43f3456f315e6ff6f,trajectory_062,near_singular,1.0,1.0,same,False
ur5e,single_gn_clip,d403ab409425a8e0d76b1c90ed4e5f61af12a533519277de745fb18744453b67,trajectory_116,joint_limit_return,1.0,1.0,same,False
ur5e,single_gn_clip,d542b46934017ffd3d5d463fdb46c29768b64ecbe442f7d1ddf7e201a272af2c,trajectory_159,high_curvature,1.0,1.0,same,False
ur5e,single_gn_clip,d8bd9c0af720100e6fbad9dc449e632c6315fd52b2c3b6c2293cdb3413fa78f8,trajectory_038,smooth,1.0,1.0,same,False
ur5e,single_gn_clip,d90fb01942c4f5f5a4690d2fb3e6578ce8589d7adb1b4fcdeecb8f49b768150f,trajectory_066,near_singular,1.0,1.0,same,False
ur5e,single_gn_clip,daffa6e56fbd6c3e5a0b1bc149b2b3db76cc7969e84115384cfda267a25f5623,trajectory_108,joint_limit_return,1.0,1.0,same,False
ur5e,single_gn_clip,dcae8362f72540a854446babea83f879db72d9ea6bc88b34b80f16a8461d30ac,trajectory_052,near_singular,1.0,1.0,same,False
ur5e,single_gn_clip,dcb498be2431001dfc93a7c61d63bd58061c9ec13d3aa68c4d4c99a3b169c650,trajectory_057,near_singular,1.0,1.0,same,False
ur5e,single_gn_clip,dd8ea68eb60a2a79785ffc347cae495796617b794d9da0a74d8539f601034c78,trajectory_147,high_curvature,1.0,1.0,same,False
ur5e,single_gn_clip,dd9ccb5b42c8963d53c3795cb79fd054cd4b1da572bc46bfd61297d324ca3f5e,trajectory_061,near_singular,1.0,1.0,same,False
ur5e,single_gn_clip,def4c7c21eb5056eb06fe3493dbbd47b0e017e9d04fb05e9ce718304fde13155,trajectory_127,high_curvature,1.0,1.0,same,False
ur5e,single_gn_clip,df81e3d36a17590279c10102a5d3564ade94174a725b81c2b9982e7861176d01,trajectory_042,near_singular,1.0,1.0,same,False
ur5e,single_gn_clip,dfb95f240fb92ece611a18d9d6a1f3f0c2954ffa25d6adb20bf4808f1e8eea3e,trajectory_149,high_curvature,1.0,1.0,same,False
ur5e,single_gn_clip,e028bf75afa080d243a9bdccd3419d1cb5a5d718dca69db83562268e89ed12e3,trajectory_059,near_singular,1.0,1.0,same,False
ur5e,single_gn_clip,e621fdc4f247e6d4f941602738d8470496c5f9695bfc622242db0628c871b460,trajectory_131,high_curvature,0.0,1.0,lost,True
ur5e,single_gn_clip,e644ec1ddd274fcfdfbf0fed4c50373ce5666e2274ee3fe2cb157df665d13588,trajectory_132,high_curvature,1.0,1.0,same,False
ur5e,single_gn_clip,e94d987badb3767e3544aa16554e82c6863b3b12927a26d94f7bbb32b9be1cf9,trajectory_024,smooth,1.0,1.0,same,False
ur5e,single_gn_clip,ed3d541f8d51c56dcef974b5dce8e87cbd24af8eabdf00973c49f94965da49df,trajectory_125,high_curvature,1.0,1.0,same,False
ur5e,single_gn_clip,ee6031ae34dcb9670f70c523530997a74ff806611263e1fca22da37b1cd003d5,trajectory_064,near_singular,1.0,1.0,same,False
ur5e,single_gn_clip,eecc7b5aa0a6af348f8fe5410ce6d3c80c76a3b76815cc492ac7dff69ea040a0,trajectory_118,joint_limit_return,1.0,1.0,same,False
ur5e,single_gn_clip,ef5970a23141d97e190951c06fce09a1b043b0d2e91efc242b18fd04b329e35b,trajectory_004,smooth,1.0,1.0,same,False
ur5e,single_gn_clip,f17a7ffba93420840a76c2b3daad57e2a486c769ddcd5c712bcd35d81635c814,trajectory_133,high_curvature,1.0,1.0,same,False
ur5e,single_gn_clip,f1d4fe64de9a37b56068fc8b5e18efdf3afb4094b5bcda3c5d8dd84239894e9e,trajectory_138,high_curvature,1.0,1.0,same,False
ur5e,single_gn_clip,f2786b0cb702d9956b071d27ad9f0d5c4a568e36c053c20f87f9a0fb94d54a45,trajectory_055,near_singular,1.0,1.0,same,False
ur5e,single_gn_clip,f2f90e8de9e99f8f2639a8ef08ec9638381ba3bb44168c94c8158835e3a7c637,trajectory_019,smooth,1.0,1.0,same,False
ur5e,single_gn_clip,f3d5f800686bbb23713085d4bb5b97ec4a0d2920a0048bb62bc1efda5dd22d7b,trajectory_058,near_singular,1.0,1.0,same,False
ur5e,single_gn_clip,f6049a1d1c02bec9c02bdde0795f54736df40109a1be62528d6f16245a5a7f2c,trajectory_001,smooth,1.0,1.0,same,False
ur5e,single_gn_clip,f8efe5854fed39bd18dfd911ea4c793e612245b655469805844b8433c1505c42,trajectory_141,high_curvature,1.0,1.0,same,False
ur5e,single_gn_clip,fa6c88092aec16921c068990a30a090c7015f7affeac53cc3e5b002ed6a90b41,trajectory_080,joint_limit_return,1.0,1.0,same,False
ur5e,single_gn_clip,fc1b3d1c1640b26978eb54d66f481919216797cf182f6bde14c9a0949d312527,trajectory_050,near_singular,1.0,1.0,same,False
ur5e,single_gn_clip,fe43e012e3d2ff6c1d61eed3c30e66289cfbaa3244cbd27939a4ae7b37c5ae96,trajectory_129,high_curvature,1.0,1.0,same,False
ur5e,single_gn_clip,ff9240424126b109ed9128ebdcc1c535dd8e1041ecedc909a91f8cebff022cbc,trajectory_130,high_curvature,1.0,1.0,same,False
ur5e,single_gn_osqp,022a86bff64083fceaa1158ce14f103f5ce290797a2aeaa45866261f26501a05,trajectory_037,smooth,1.0,1.0,same,False
ur5e,single_gn_osqp,05bc5f30c5c7cd51fc72c341d4191b9e00393d1440d433b17b8a3726f6c23282,trajectory_084,joint_limit_return,1.0,1.0,same,False
ur5e,single_gn_osqp,0718780cf124f9d1309bc57741250c3d9dea14f89f6a71c9562362b4677c301e,trajectory_033,smooth,1.0,1.0,same,False
ur5e,single_gn_osqp,0a87de50d376d58ae400cb330f9477d95c5812cc55e8fe33d3d3e96c01ecb45b,trajectory_122,high_curvature,1.0,1.0,same,False
ur5e,single_gn_osqp,0dd84d0ff35e701d49257c8fce503e635899f3fb95c2a17d91bde82b57d508f7,trajectory_009,smooth,1.0,1.0,same,False
ur5e,single_gn_osqp,0e9f731eaf589bff44467bfac21a34eb815e23e9466e26f74adad7a794606d3d,trajectory_088,joint_limit_return,1.0,1.0,same,False
ur5e,single_gn_osqp,0feef86abbdffbf56da2030987cdb7582310e2bf877e0958c4748047fc98589a,trajectory_124,high_curvature,1.0,1.0,same,False
ur5e,single_gn_osqp,147723ec885c076a79aa6df0f28d41a2a60704eed4fe5ca91287298cd1aa3e4b,trajectory_082,joint_limit_return,1.0,1.0,same,False
ur5e,single_gn_osqp,14dbdf92e0ba228836bb0eec00261a8ad4e4f6db40403bc0f3ceaaff96938313,trajectory_073,near_singular,1.0,1.0,same,False
ur5e,single_gn_osqp,160edaf457fb519de58b208c6b896ed08faf68c6011b9deb24be264e3a9e1a28,trajectory_027,smooth,1.0,1.0,same,False
ur5e,single_gn_osqp,196468597141f70e3695efbf23ef22b8093a2e57269df5532db6d58bf957661a,trajectory_119,joint_limit_return,1.0,1.0,same,False
ur5e,single_gn_osqp,1a2793db2858cf7ab0a6fa5cbe25d57b2d95eb513f8d9365e6d7fd41703b3766,trajectory_140,high_curvature,1.0,1.0,same,False
ur5e,single_gn_osqp,1abc4cdbe65529afffd0d3fa05667f31ecddfb5331c99f215a488f90799d2908,trajectory_126,high_curvature,1.0,1.0,same,False
ur5e,single_gn_osqp,1b2ec0d8b336e6260360e28a967aa23b47ef29b00f91d5dfea5cb793860b6bcf,trajectory_068,near_singular,1.0,1.0,same,False
ur5e,single_gn_osqp,1c8c2cee8513118aa63d821d78ec578bb264cb2516af23dacd41ea148416f656,trajectory_086,joint_limit_return,1.0,1.0,same,False
ur5e,single_gn_osqp,1cf990ad59f833600841f28f07a2d960dbbfaaa6594f6f3cbfb900d2c4f9bfac,trajectory_099,joint_limit_return,1.0,1.0,same,False
ur5e,single_gn_osqp,1d8a1724561e2a8a9fd0f5d373fd3de8754e9d05650d220fbf89c2848de48db8,trajectory_021,smooth,1.0,1.0,same,False
ur5e,single_gn_osqp,1f62567c664201a1c310c84b5060a5f7554c8c7ed4a1d2bb79efaa0dc82eade4,trajectory_049,near_singular,1.0,1.0,same,False
ur5e,single_gn_osqp,28916f2098e26191ef1652120b593b6508843754985b2d8baa75940e0c5fd512,trajectory_040,near_singular,1.0,1.0,same,False
ur5e,single_gn_osqp,2c260dbbe16e3043b30c0180c74d6e1e8bb5fb373fa24e790dd8baa144c2df21,trajectory_143,high_curvature,1.0,1.0,same,False
ur5e,single_gn_osqp,2f61f0333eb0869c3d2af547f540382f5580ff0036f49f12d59da94e69814172,trajectory_029,smooth,1.0,1.0,same,False
ur5e,single_gn_osqp,31f69f5235e9e326d7bc7f1966cb8accca1717504fa8fa1e69b76a435ee8034e,trajectory_013,smooth,1.0,1.0,same,False
ur5e,single_gn_osqp,33c79c7e52903f30993f634203d079c2b23cbf39d542843b95460d9cb9ecf488,trajectory_091,joint_limit_return,1.0,1.0,same,False
ur5e,single_gn_osqp,34cdeabd4b45ecccec143b2bb953ce185e50c8b7baa7ec7715cfbf69fb223766,trajectory_101,joint_limit_return,1.0,1.0,same,False
ur5e,single_gn_osqp,35007e70c7f121c5ecddef083d9b5a5c2ffa280cbf90750562adad287ca7ec7e,trajectory_032,smooth,1.0,1.0,same,False
ur5e,single_gn_osqp,352d4578e4c0db5d0e6ba9bf0e28c3015e86d29ea6b427d7f643b599fc7acdf2,trajectory_006,smooth,1.0,1.0,same,False
ur5e,single_gn_osqp,37785295d302f66972dfc33f3febb47f17cdbdd9ef89afaff833af8f54a316b2,trajectory_106,joint_limit_return,1.0,1.0,same,False
ur5e,single_gn_osqp,386d04c1dfc5cb803ad457c1f076c741ce7a9c31c301f4be1978e1191723b5ad,trajectory_121,high_curvature,1.0,1.0,same,False
ur5e,single_gn_osqp,3b8b57c4f8bc994dc44f23d1343dca1c2bb3dab23420328d7c45efbf64cad935,trajectory_123,high_curvature,1.0,1.0,same,False
ur5e,single_gn_osqp,3e25fa2cd6f1be3006dda0f222bd5706c91724aa38d54c369b5e6e68977e5706,trajectory_060,near_singular,1.0,1.0,same,False
ur5e,single_gn_osqp,3e87cf4bfc6df2c0fd5b84a81a422fbf44b18d64304f101cbfc4a6e2c88de42f,trajectory_120,high_curvature,1.0,1.0,same,False
ur5e,single_gn_osqp,403a8fc503ef3b1432586af381e00ae56468ee8dc0f1890b6cc740d2b71398a9,trajectory_145,high_curvature,1.0,1.0,same,False
ur5e,single_gn_osqp,455a43be73a6806a5686c0dc0589a0c17955f71c5647e6d8850e530f589ecca3,trajectory_003,smooth,1.0,1.0,same,False
ur5e,single_gn_osqp,455df4f337dd869ec3d041361009426d63667b3c1f9fd5dc147bf06e9798ebbe,trajectory_097,joint_limit_return,1.0,1.0,same,False
ur5e,single_gn_osqp,47d4a0170ccef17605464405a8c16d904f85d4732af703a9ece8ee196c0a441c,trajectory_115,joint_limit_return,1.0,1.0,same,False
ur5e,single_gn_osqp,48832d0ec9a2c6125d5f17a150bfa429e812d18d57eb972c46e198ba4d8f751c,trajectory_051,near_singular,1.0,1.0,same,False
ur5e,single_gn_osqp,48f55f94abd2f19dc0e42f9789c73bbd605042a4903da3ac8961a938b930776f,trajectory_152,high_curvature,1.0,1.0,same,False
ur5e,single_gn_osqp,495aed44fa5c9924a609b11d58630ae664e155bdcd7e9c62435fa9488d8fb41f,trajectory_007,smooth,1.0,1.0,same,False
ur5e,single_gn_osqp,4a2327c086935f743ca02bbfffb75a4d3833e788244e6f69fcf3aa03a72f107c,trajectory_137,high_curvature,1.0,1.0,same,False
ur5e,single_gn_osqp,4c0120b997986071fa8373f6475c86e8b599a87c76e17842cee2130d0a4f4780,trajectory_002,smooth,1.0,1.0,same,False
ur5e,single_gn_osqp,4c68775b3fe6de780c3b7546007a4a5b2335202aa710f1956e38babdd382f8cd,trajectory_096,joint_limit_return,1.0,1.0,same,False
ur5e,single_gn_osqp,503872d2622b8d6e6c4a56829f7bd6b30d2c707da4ec550df17ad34fc7f40158,trajectory_017,smooth,1.0,1.0,same,False
ur5e,single_gn_osqp,51480cdcfda1f03ce68798883c7c94f5827a269f6b64569ab19adfd6a908fc0c,trajectory_102,joint_limit_return,1.0,1.0,same,False
ur5e,single_gn_osqp,54bf715f54efcb7f9ee35f33bff4ffbba3dd240d9300fde5f2076bc79d1f7a10,trajectory_135,high_curvature,1.0,1.0,same,False
ur5e,single_gn_osqp,58bb40e5c210481f24086f76a049e33e02a8b7fb9b04e75a474c9049dd072f2b,trajectory_104,joint_limit_return,1.0,1.0,same,False
ur5e,single_gn_osqp,5b29cfb3cab0787e7ac9277e33c368fbb0dcd7b7789bd5c492f07fd04cccac8a,trajectory_157,high_curvature,1.0,1.0,same,False
ur5e,single_gn_osqp,5cb0d3ea27db6724338fd77ae538852f6d94607e0354c2dc56cfc3be3be1aaab,trajectory_072,near_singular,1.0,1.0,same,False
ur5e,single_gn_osqp,5d30bb2389dcd9ce2132810b892d827add2be514e596f0d408b26957a6169a1c,trajectory_048,near_singular,1.0,1.0,same,False
ur5e,single_gn_osqp,5da7af6fee9b0503eed8ff8c985472802b69533e592a05eedf52d9e28bb5b0c9,trajectory_109,joint_limit_return,1.0,1.0,same,False
ur5e,single_gn_osqp,61cf065b1346ac7313777bcf9b8ce2ae067a03b601b9f752872306d83f082a83,trajectory_113,joint_limit_return,1.0,1.0,same,False
ur5e,single_gn_osqp,6591fe1e55ed4f0de6433d67d1821adecb639171ad745ac2c7cb576f94191676,trajectory_136,high_curvature,1.0,1.0,same,False
ur5e,single_gn_osqp,67148de783e9a0c5f073d19a0d7c3c44ca35a647d7cb2ead25e02b90953262f8,trajectory_105,joint_limit_return,1.0,1.0,same,False
ur5e,single_gn_osqp,68432406fa88e3ba9e73856d01b1cc541f9134369bb2459059f1fc36564c045f,trajectory_117,joint_limit_return,1.0,1.0,same,False
ur5e,single_gn_osqp,686ce309383dceffb72e64c1d7eb06f366c93fda04084cd6c39f6e89332fa799,trajectory_000,smooth,1.0,1.0,same,False
ur5e,single_gn_osqp,6f494d893ed1a07925719d015b2ee2f55de5088b1aaebfb231b0b9bbb0d40039,trajectory_014,smooth,1.0,1.0,same,False
ur5e,single_gn_osqp,7081b5dc46ee76c4a76bd8c142d61d00ad0300933221a340da1fa88d8caaa1b8,trajectory_065,near_singular,1.0,1.0,same,False
ur5e,single_gn_osqp,71d7ebb573b83f4eb7da1edce7175c9650c45196db754a1cb806a2b89bc610ba,trajectory_087,joint_limit_return,1.0,1.0,same,False
ur5e,single_gn_osqp,724195496ade67a21fa38a9b189e3e4edede9148fcf1b5a360738cba7807468b,trajectory_134,high_curvature,1.0,1.0,same,False
ur5e,single_gn_osqp,72ad8987f43d3155ae17d4c5db8054e43e840aa838acb2e1e6d25da0d1c8d411,trajectory_103,joint_limit_return,1.0,1.0,same,False
ur5e,single_gn_osqp,740b45ba8a847d389787064239c5447da96fd8c9783539870faded64202a17ad,trajectory_093,joint_limit_return,1.0,1.0,same,False
ur5e,single_gn_osqp,7707342c2b3de4fcbd79ac4f834aa60b52752614ffb53de30168eb3333874836,trajectory_144,high_curvature,1.0,1.0,same,False
ur5e,single_gn_osqp,78e2c05235eed4c7aded39a5955b332ed8c3b5f3ff6d1e633c0ba4f840d706fc,trajectory_070,near_singular,1.0,1.0,same,False
ur5e,single_gn_osqp,7b691d6bc61902ea7d02df04837d5eff55bcb12ddc737f432ecf9ff87ad585f1,trajectory_100,joint_limit_return,1.0,1.0,same,False
ur5e,single_gn_osqp,7cddcc7aecfb2cc7a9567c82fdf3d8bc4e454260d03cda535a3738b074cf8dd5,trajectory_067,near_singular,1.0,1.0,same,False
ur5e,single_gn_osqp,7cf509b9613e6bc8539efc4da94e1bf8e7d1c2656024efa0e0b8f0d0eff9d428,trajectory_069,near_singular,1.0,1.0,same,False
ur5e,single_gn_osqp,7d31283416312d45bb28a2f3e0143818a5a6ba2c70482c412abe08ee1f50f5c6,trajectory_128,high_curvature,1.0,1.0,same,False
ur5e,single_gn_osqp,7ec3a941b8a8e9f6396fe87a2a526d704c200da5c7b0fdf04f615cc804cb0f16,trajectory_154,high_curvature,1.0,1.0,same,False
ur5e,single_gn_osqp,7f19e5fb7c4a3e5512e3ca808b23999cd566c13c7713e94523157d861841d4df,trajectory_054,near_singular,1.0,1.0,same,False
ur5e,single_gn_osqp,7f4763daab05f66e40bf64089e5137340eaf99858c1b8649ae3113641088b90e,trajectory_005,smooth,1.0,1.0,same,False
ur5e,single_gn_osqp,827b375c519d968a5b41663c8e8a2a747c9eb269019e2d86f29330fde600f1b6,trajectory_010,smooth,1.0,1.0,same,False
ur5e,single_gn_osqp,84275ca5d90e2452b2b6e25b0dc49327ca349cf2cc1388b020532f03badd2856,trajectory_092,joint_limit_return,1.0,1.0,same,False
ur5e,single_gn_osqp,843b7cea53c9f6b748a8488f867f3af3d5f55da01300b043fa64ce853453e711,trajectory_034,smooth,1.0,1.0,same,False
ur5e,single_gn_osqp,85586cb1bf15307d03bb378cf6ac237fffd25e3588ea376288f105be162123eb,trajectory_075,near_singular,1.0,1.0,same,False
ur5e,single_gn_osqp,85dc9c6d83b5e8b4d87c745d9ca244d761b7eeb74bef1be34b0b065e45910ce9,trajectory_016,smooth,1.0,1.0,same,False
ur5e,single_gn_osqp,89043c092bd9a93f80f6d1202c101679b192f603234e799df6201a6c2742c27c,trajectory_148,high_curvature,1.0,1.0,same,False
ur5e,single_gn_osqp,8908cd02de98b2b8e1492152922173fea5395752617a1da31b0a1f4b42671215,trajectory_083,joint_limit_return,1.0,1.0,same,False
ur5e,single_gn_osqp,8954d7372760d015dde205fe23c29cd3f788725a3aaacb3facbec5b439e30a27,trajectory_011,smooth,1.0,1.0,same,False
ur5e,single_gn_osqp,89e2a18f38d91422b27bab0ab848308c9e7a0ef1426a7cb35ae47a7834129fee,trajectory_036,smooth,1.0,1.0,same,False
ur5e,single_gn_osqp,8a31187b8082f322d3889fa8690653f8ea1bb720ca6b7580c281e490c5d9ff82,trajectory_142,high_curvature,1.0,1.0,same,False
ur5e,single_gn_osqp,8abc6aeecb82cf161109e7a82956e5c3d3496c0968eb3540b70b270b8dd0e382,trajectory_030,smooth,1.0,1.0,same,False
ur5e,single_gn_osqp,8d7bbe8ea92596c88e4302fb0ba88365293f88c96fdc92722986905bc459aea4,trajectory_078,near_singular,1.0,1.0,same,False
ur5e,single_gn_osqp,902a8600c2185a59cf86deaa728f357a1c8f7c12f612ef6346dcfb241e293ca1,trajectory_158,high_curvature,1.0,1.0,same,False
ur5e,single_gn_osqp,90ae6d4e772c54e6f62a165614eed2df96c93f4d486693d2a17d976338f54bb6,trajectory_012,smooth,1.0,1.0,same,False
ur5e,single_gn_osqp,91ed2116da7bf073830df8553a162c8e21c01a157b9aa36f8d708a2a598af937,trajectory_139,high_curvature,1.0,1.0,same,False
ur5e,single_gn_osqp,9602447adb23a927a798b929ce2924e219d87de30e27012b5194fdc45718699c,trajectory_112,joint_limit_return,1.0,1.0,same,False
ur5e,single_gn_osqp,9660cef6ce0545e32bd3f3b05df8237968dc62decbd0a22d567e190f4d7053d2,trajectory_111,joint_limit_return,1.0,1.0,same,False
ur5e,single_gn_osqp,973fd8131a9cd42f1dfbb69f8755470b9f35fc4f642098dbfd720d4346751e59,trajectory_043,near_singular,1.0,1.0,same,False
ur5e,single_gn_osqp,97ac5290d57cbe7a453c02dcfb36927eda1953de8480792f9c91f45e08bcb212,trajectory_025,smooth,1.0,1.0,same,False
ur5e,single_gn_osqp,9a9ec1e0022a853751297ce0a98e4f8964494a7ce54c92efeeae3b0e0da6e703,trajectory_045,near_singular,1.0,1.0,same,False
ur5e,single_gn_osqp,9b4ce9e30581c65e935158f1fd19b88bff8be3de5905f24cfd4756d535c5a879,trajectory_039,smooth,1.0,1.0,same,False
ur5e,single_gn_osqp,9bd9331c5990f861976a22603cc57bd572b2ce6682ee7e3ced8c7392ca0d221a,trajectory_053,near_singular,1.0,1.0,same,False
ur5e,single_gn_osqp,9d89e1bfb32d5fc8c14e827c039bfa0ae099593c8ff0d70f841bc5cc501d4bd4,trajectory_151,high_curvature,1.0,1.0,same,False
ur5e,single_gn_osqp,9f3a06b8da1bf017fc6d0d042efa79b8e1d19bce4a134ed0e0ed52f76125c3af,trajectory_047,near_singular,1.0,1.0,same,False
ur5e,single_gn_osqp,a109a7254612e6f8df68ba11aaaff028114a82e042ce2eaa3e4e73c5a5b77a7f,trajectory_076,near_singular,1.0,1.0,same,False
ur5e,single_gn_osqp,a11a9cb9acf1dc8dde81e8950d00399d055990e4d6112f37dba444d46d0fd22d,trajectory_041,near_singular,1.0,1.0,same,False
ur5e,single_gn_osqp,a1dcd3f9d2d0215aeb629414e6ebd203f2345395673d63274b4465e0847d6ccb,trajectory_089,joint_limit_return,1.0,1.0,same,False
ur5e,single_gn_osqp,a7bc4058163210f465a6173a3ffc77fa7c5b4e7a90960c50bed947d0346b6a13,trajectory_081,joint_limit_return,1.0,1.0,same,False
ur5e,single_gn_osqp,a887ec40ba4dd72bbe4406acf5cf70281c31b41deec40b48cc2213c5665b72cb,trajectory_146,high_curvature,1.0,1.0,same,False
ur5e,single_gn_osqp,a9689872a7740bb25a1a2ff69704093229f9f308d2f07588903acda37c478c7c,trajectory_022,smooth,1.0,1.0,same,False
ur5e,single_gn_osqp,a9c47a91c002091ddea4ec1679ab0bb336b9d3d6aa5e99d1b1a70c390473eefc,trajectory_079,near_singular,1.0,1.0,same,False
ur5e,single_gn_osqp,aa2170a104fe9a5883cd2fac7365c8e64fa69aeae243c2a51e690d7688af2d5a,trajectory_035,smooth,1.0,1.0,same,False
ur5e,single_gn_osqp,aa5825ef6b28d8d90cfb790aca68cb615c47723d18109e0a5c03bead5c7c9d24,trajectory_026,smooth,1.0,1.0,same,False
ur5e,single_gn_osqp,af38432b70f3754f4a643ba6a588a64cc2e53ca500c09479433518c5d7e2a2b0,trajectory_077,near_singular,1.0,1.0,same,False
ur5e,single_gn_osqp,b34fad5df1e0a336db93b77bb87845da3d17b38206b8496af3ea2adbd78d821e,trajectory_114,joint_limit_return,1.0,1.0,same,False
ur5e,single_gn_osqp,b5b68e744d02d37b144270ef2b9a6acfc983022dbc3e84503f9d6b952fc2a356,trajectory_150,high_curvature,1.0,1.0,same,False
ur5e,single_gn_osqp,b5fd37d5173ef327cdc96402d2d3c4869598cb3cb5dda9a0b50c35bb5d56e57d,trajectory_063,near_singular,1.0,1.0,same,False
ur5e,single_gn_osqp,b673ff7ac8a40599b61e9f3c7ebaee52de8edf81014cf5a8037bc7a2ad358a9d,trajectory_028,smooth,1.0,1.0,same,False
ur5e,single_gn_osqp,b85bb93111b10690027a3f1c51c8e8627a6ed0e4adeed0b1d40f0126f6082bd6,trajectory_023,smooth,1.0,1.0,same,False
ur5e,single_gn_osqp,ba9bb4e132a286302883d3ca2207dc242aa87c57450d1d6cc2dcde74d79d625b,trajectory_046,near_singular,1.0,1.0,same,False
ur5e,single_gn_osqp,bad5e5c0fcc0674d2f204b7d752f89b1ce0e189c061a241d4a153ad0c78947d9,trajectory_044,near_singular,1.0,1.0,same,False
ur5e,single_gn_osqp,be3fedf6b4ea6b22f2babefaf2de72264a62f2a64da106c9a73fa85110045699,trajectory_015,smooth,1.0,1.0,same,False
ur5e,single_gn_osqp,bf95d183d97ef7ba56cbaea67cad039c8230048f1456470eb022d582e5d87b96,trajectory_090,joint_limit_return,1.0,1.0,same,False
ur5e,single_gn_osqp,c080efe6c92fe0222a4c277a6b40e11d7ade18ceee24413120e3ec60656c5308,trajectory_107,joint_limit_return,1.0,1.0,same,False
ur5e,single_gn_osqp,c173bc1217a828de6205bf0d0c767d2505fbe856597d39d948838ce9d559a094,trajectory_071,near_singular,0.0,0.0,same,False
ur5e,single_gn_osqp,c18a069410f1e5f50fc53ecea9e46086bb6f0d6bad4a86937735d6a854003b3e,trajectory_110,joint_limit_return,1.0,1.0,same,False
ur5e,single_gn_osqp,c2fe4dc2655f134bf018f339c9f44c7b077cb10bab25e618f42301e7377a070d,trajectory_153,high_curvature,1.0,1.0,same,False
ur5e,single_gn_osqp,c3b17d9135e3f5110c601ebb388e43620ea47a61f948a8525c5a4ddc1572be71,trajectory_098,joint_limit_return,1.0,1.0,same,False
ur5e,single_gn_osqp,c4576342bc5bd0b1f1888887cf118ac5ed5ee31ffdb3ea595cc0970a28f536e2,trajectory_008,smooth,1.0,1.0,same,False
ur5e,single_gn_osqp,c468f9ee771baf75248c87f948f9e87b66215b6e78ae94ed1f4e6d3dbdc170f5,trajectory_155,high_curvature,1.0,1.0,same,False
ur5e,single_gn_osqp,c47efcaf1c35c157b775c76f595d9d70f4e0f13fd9103ce872fce7e236f17bf7,trajectory_056,near_singular,1.0,1.0,same,False
ur5e,single_gn_osqp,c504b0efe36bf4eea5c35716f51b05483e734ed8836b421da0f3087aad1b106b,trajectory_085,joint_limit_return,1.0,1.0,same,False
ur5e,single_gn_osqp,c5d5a8e72ce4c6b762185b1a227ec3e774ed4967a00b6de4cbd60dc0b3489d29,trajectory_018,smooth,1.0,1.0,same,False
ur5e,single_gn_osqp,c62854c73a56ad1ea7d427d4b39c770a0fc15217f31fa9341e1145cf73012ccf,trajectory_020,smooth,1.0,1.0,same,False
ur5e,single_gn_osqp,c8ec0518b6db3155050b11a3423dd67c62760ef325eb32eed4d81264285cc2e0,trajectory_031,smooth,1.0,1.0,same,False
ur5e,single_gn_osqp,ca23ec82b31989c11f622d2357230e7f85a752cdd5fcfc1916418816019b16c0,trajectory_074,near_singular,1.0,1.0,same,False
ur5e,single_gn_osqp,cb34f01e0e28065f626918b20c6e13b47e93164dc8cc78652a4844a9b91019ba,trajectory_156,high_curvature,1.0,1.0,same,False
ur5e,single_gn_osqp,cbddc7b090023022ded30fbe029247ad1a9a2f6f44eb3d1ea09b1471cf29edbc,trajectory_095,joint_limit_return,1.0,1.0,same,False
ur5e,single_gn_osqp,cdcf0ee9be127e80d0dc25f588c4d3e118f0a51fe9b42b01ba416e0eef260a78,trajectory_094,joint_limit_return,1.0,1.0,same,False
ur5e,single_gn_osqp,d196f286593ce2494c2d452e351f0cbff757344c9ad934c43f3456f315e6ff6f,trajectory_062,near_singular,1.0,1.0,same,False
ur5e,single_gn_osqp,d403ab409425a8e0d76b1c90ed4e5f61af12a533519277de745fb18744453b67,trajectory_116,joint_limit_return,1.0,1.0,same,False
ur5e,single_gn_osqp,d542b46934017ffd3d5d463fdb46c29768b64ecbe442f7d1ddf7e201a272af2c,trajectory_159,high_curvature,1.0,1.0,same,False
ur5e,single_gn_osqp,d8bd9c0af720100e6fbad9dc449e632c6315fd52b2c3b6c2293cdb3413fa78f8,trajectory_038,smooth,1.0,1.0,same,False
ur5e,single_gn_osqp,d90fb01942c4f5f5a4690d2fb3e6578ce8589d7adb1b4fcdeecb8f49b768150f,trajectory_066,near_singular,1.0,1.0,same,False
ur5e,single_gn_osqp,daffa6e56fbd6c3e5a0b1bc149b2b3db76cc7969e84115384cfda267a25f5623,trajectory_108,joint_limit_return,1.0,1.0,same,False
ur5e,single_gn_osqp,dcae8362f72540a854446babea83f879db72d9ea6bc88b34b80f16a8461d30ac,trajectory_052,near_singular,1.0,1.0,same,False
ur5e,single_gn_osqp,dcb498be2431001dfc93a7c61d63bd58061c9ec13d3aa68c4d4c99a3b169c650,trajectory_057,near_singular,1.0,1.0,same,False
ur5e,single_gn_osqp,dd8ea68eb60a2a79785ffc347cae495796617b794d9da0a74d8539f601034c78,trajectory_147,high_curvature,1.0,1.0,same,False
ur5e,single_gn_osqp,dd9ccb5b42c8963d53c3795cb79fd054cd4b1da572bc46bfd61297d324ca3f5e,trajectory_061,near_singular,1.0,1.0,same,False
ur5e,single_gn_osqp,def4c7c21eb5056eb06fe3493dbbd47b0e017e9d04fb05e9ce718304fde13155,trajectory_127,high_curvature,1.0,1.0,same,False
ur5e,single_gn_osqp,df81e3d36a17590279c10102a5d3564ade94174a725b81c2b9982e7861176d01,trajectory_042,near_singular,1.0,1.0,same,False
ur5e,single_gn_osqp,dfb95f240fb92ece611a18d9d6a1f3f0c2954ffa25d6adb20bf4808f1e8eea3e,trajectory_149,high_curvature,1.0,1.0,same,False
ur5e,single_gn_osqp,e028bf75afa080d243a9bdccd3419d1cb5a5d718dca69db83562268e89ed12e3,trajectory_059,near_singular,1.0,1.0,same,False
ur5e,single_gn_osqp,e621fdc4f247e6d4f941602738d8470496c5f9695bfc622242db0628c871b460,trajectory_131,high_curvature,0.0,0.0,same,False
ur5e,single_gn_osqp,e644ec1ddd274fcfdfbf0fed4c50373ce5666e2274ee3fe2cb157df665d13588,trajectory_132,high_curvature,1.0,1.0,same,False
ur5e,single_gn_osqp,e94d987badb3767e3544aa16554e82c6863b3b12927a26d94f7bbb32b9be1cf9,trajectory_024,smooth,1.0,1.0,same,False
ur5e,single_gn_osqp,ed3d541f8d51c56dcef974b5dce8e87cbd24af8eabdf00973c49f94965da49df,trajectory_125,high_curvature,1.0,1.0,same,False
ur5e,single_gn_osqp,ee6031ae34dcb9670f70c523530997a74ff806611263e1fca22da37b1cd003d5,trajectory_064,near_singular,1.0,1.0,same,False
ur5e,single_gn_osqp,eecc7b5aa0a6af348f8fe5410ce6d3c80c76a3b76815cc492ac7dff69ea040a0,trajectory_118,joint_limit_return,1.0,1.0,same,False
ur5e,single_gn_osqp,ef5970a23141d97e190951c06fce09a1b043b0d2e91efc242b18fd04b329e35b,trajectory_004,smooth,1.0,1.0,same,False
ur5e,single_gn_osqp,f17a7ffba93420840a76c2b3daad57e2a486c769ddcd5c712bcd35d81635c814,trajectory_133,high_curvature,1.0,1.0,same,False
ur5e,single_gn_osqp,f1d4fe64de9a37b56068fc8b5e18efdf3afb4094b5bcda3c5d8dd84239894e9e,trajectory_138,high_curvature,1.0,1.0,same,False
ur5e,single_gn_osqp,f2786b0cb702d9956b071d27ad9f0d5c4a568e36c053c20f87f9a0fb94d54a45,trajectory_055,near_singular,1.0,1.0,same,False
ur5e,single_gn_osqp,f2f90e8de9e99f8f2639a8ef08ec9638381ba3bb44168c94c8158835e3a7c637,trajectory_019,smooth,1.0,1.0,same,False
ur5e,single_gn_osqp,f3d5f800686bbb23713085d4bb5b97ec4a0d2920a0048bb62bc1efda5dd22d7b,trajectory_058,near_singular,1.0,1.0,same,False
ur5e,single_gn_osqp,f6049a1d1c02bec9c02bdde0795f54736df40109a1be62528d6f16245a5a7f2c,trajectory_001,smooth,1.0,1.0,same,False
ur5e,single_gn_osqp,f8efe5854fed39bd18dfd911ea4c793e612245b655469805844b8433c1505c42,trajectory_141,high_curvature,1.0,1.0,same,False
ur5e,single_gn_osqp,fa6c88092aec16921c068990a30a090c7015f7affeac53cc3e5b002ed6a90b41,trajectory_080,joint_limit_return,1.0,1.0,same,False
ur5e,single_gn_osqp,fc1b3d1c1640b26978eb54d66f481919216797cf182f6bde14c9a0949d312527,trajectory_050,near_singular,1.0,1.0,same,False
ur5e,single_gn_osqp,fe43e012e3d2ff6c1d61eed3c30e66289cfbaa3244cbd27939a4ae7b37c5ae96,trajectory_129,high_curvature,1.0,1.0,same,False
ur5e,single_gn_osqp,ff9240424126b109ed9128ebdcc1c535dd8e1041ecedc909a91f8cebff022cbc,trajectory_130,high_curvature,1.0,1.0,same,False
ur5e,trac_task_5ms,022a86bff64083fceaa1158ce14f103f5ce290797a2aeaa45866261f26501a05,trajectory_037,smooth,1.0,1.0,same,False
ur5e,trac_task_5ms,05bc5f30c5c7cd51fc72c341d4191b9e00393d1440d433b17b8a3726f6c23282,trajectory_084,joint_limit_return,1.0,1.0,same,False
ur5e,trac_task_5ms,0718780cf124f9d1309bc57741250c3d9dea14f89f6a71c9562362b4677c301e,trajectory_033,smooth,1.0,1.0,same,False
ur5e,trac_task_5ms,0a87de50d376d58ae400cb330f9477d95c5812cc55e8fe33d3d3e96c01ecb45b,trajectory_122,high_curvature,1.0,0.6666666666666666,gained,False
ur5e,trac_task_5ms,0dd84d0ff35e701d49257c8fce503e635899f3fb95c2a17d91bde82b57d508f7,trajectory_009,smooth,1.0,1.0,same,False
ur5e,trac_task_5ms,0e9f731eaf589bff44467bfac21a34eb815e23e9466e26f74adad7a794606d3d,trajectory_088,joint_limit_return,1.0,1.0,same,False
ur5e,trac_task_5ms,0feef86abbdffbf56da2030987cdb7582310e2bf877e0958c4748047fc98589a,trajectory_124,high_curvature,1.0,0.3333333333333333,gained,False
ur5e,trac_task_5ms,147723ec885c076a79aa6df0f28d41a2a60704eed4fe5ca91287298cd1aa3e4b,trajectory_082,joint_limit_return,1.0,1.0,same,False
ur5e,trac_task_5ms,14dbdf92e0ba228836bb0eec00261a8ad4e4f6db40403bc0f3ceaaff96938313,trajectory_073,near_singular,1.0,1.0,same,False
ur5e,trac_task_5ms,160edaf457fb519de58b208c6b896ed08faf68c6011b9deb24be264e3a9e1a28,trajectory_027,smooth,1.0,1.0,same,False
ur5e,trac_task_5ms,196468597141f70e3695efbf23ef22b8093a2e57269df5532db6d58bf957661a,trajectory_119,joint_limit_return,1.0,1.0,same,False
ur5e,trac_task_5ms,1a2793db2858cf7ab0a6fa5cbe25d57b2d95eb513f8d9365e6d7fd41703b3766,trajectory_140,high_curvature,1.0,0.6666666666666666,gained,False
ur5e,trac_task_5ms,1abc4cdbe65529afffd0d3fa05667f31ecddfb5331c99f215a488f90799d2908,trajectory_126,high_curvature,1.0,1.0,same,False
ur5e,trac_task_5ms,1b2ec0d8b336e6260360e28a967aa23b47ef29b00f91d5dfea5cb793860b6bcf,trajectory_068,near_singular,1.0,1.0,same,False
ur5e,trac_task_5ms,1c8c2cee8513118aa63d821d78ec578bb264cb2516af23dacd41ea148416f656,trajectory_086,joint_limit_return,1.0,0.6666666666666666,gained,False
ur5e,trac_task_5ms,1cf990ad59f833600841f28f07a2d960dbbfaaa6594f6f3cbfb900d2c4f9bfac,trajectory_099,joint_limit_return,1.0,1.0,same,False
ur5e,trac_task_5ms,1d8a1724561e2a8a9fd0f5d373fd3de8754e9d05650d220fbf89c2848de48db8,trajectory_021,smooth,1.0,1.0,same,False
ur5e,trac_task_5ms,1f62567c664201a1c310c84b5060a5f7554c8c7ed4a1d2bb79efaa0dc82eade4,trajectory_049,near_singular,1.0,1.0,same,False
ur5e,trac_task_5ms,28916f2098e26191ef1652120b593b6508843754985b2d8baa75940e0c5fd512,trajectory_040,near_singular,1.0,1.0,same,False
ur5e,trac_task_5ms,2c260dbbe16e3043b30c0180c74d6e1e8bb5fb373fa24e790dd8baa144c2df21,trajectory_143,high_curvature,1.0,1.0,same,False
ur5e,trac_task_5ms,2f61f0333eb0869c3d2af547f540382f5580ff0036f49f12d59da94e69814172,trajectory_029,smooth,1.0,1.0,same,False
ur5e,trac_task_5ms,31f69f5235e9e326d7bc7f1966cb8accca1717504fa8fa1e69b76a435ee8034e,trajectory_013,smooth,1.0,1.0,same,False
ur5e,trac_task_5ms,33c79c7e52903f30993f634203d079c2b23cbf39d542843b95460d9cb9ecf488,trajectory_091,joint_limit_return,1.0,1.0,same,False
ur5e,trac_task_5ms,34cdeabd4b45ecccec143b2bb953ce185e50c8b7baa7ec7715cfbf69fb223766,trajectory_101,joint_limit_return,1.0,1.0,same,False
ur5e,trac_task_5ms,35007e70c7f121c5ecddef083d9b5a5c2ffa280cbf90750562adad287ca7ec7e,trajectory_032,smooth,1.0,1.0,same,False
ur5e,trac_task_5ms,352d4578e4c0db5d0e6ba9bf0e28c3015e86d29ea6b427d7f643b599fc7acdf2,trajectory_006,smooth,1.0,1.0,same,False
ur5e,trac_task_5ms,37785295d302f66972dfc33f3febb47f17cdbdd9ef89afaff833af8f54a316b2,trajectory_106,joint_limit_return,1.0,1.0,same,False
ur5e,trac_task_5ms,386d04c1dfc5cb803ad457c1f076c741ce7a9c31c301f4be1978e1191723b5ad,trajectory_121,high_curvature,1.0,1.0,same,False
ur5e,trac_task_5ms,3b8b57c4f8bc994dc44f23d1343dca1c2bb3dab23420328d7c45efbf64cad935,trajectory_123,high_curvature,1.0,1.0,same,False
ur5e,trac_task_5ms,3e25fa2cd6f1be3006dda0f222bd5706c91724aa38d54c369b5e6e68977e5706,trajectory_060,near_singular,1.0,1.0,same,False
ur5e,trac_task_5ms,3e87cf4bfc6df2c0fd5b84a81a422fbf44b18d64304f101cbfc4a6e2c88de42f,trajectory_120,high_curvature,1.0,1.0,same,False
ur5e,trac_task_5ms,403a8fc503ef3b1432586af381e00ae56468ee8dc0f1890b6cc740d2b71398a9,trajectory_145,high_curvature,1.0,1.0,same,False
ur5e,trac_task_5ms,455a43be73a6806a5686c0dc0589a0c17955f71c5647e6d8850e530f589ecca3,trajectory_003,smooth,1.0,1.0,same,False
ur5e,trac_task_5ms,455df4f337dd869ec3d041361009426d63667b3c1f9fd5dc147bf06e9798ebbe,trajectory_097,joint_limit_return,1.0,1.0,same,False
ur5e,trac_task_5ms,47d4a0170ccef17605464405a8c16d904f85d4732af703a9ece8ee196c0a441c,trajectory_115,joint_limit_return,1.0,1.0,same,False
ur5e,trac_task_5ms,48832d0ec9a2c6125d5f17a150bfa429e812d18d57eb972c46e198ba4d8f751c,trajectory_051,near_singular,1.0,1.0,same,False
ur5e,trac_task_5ms,48f55f94abd2f19dc0e42f9789c73bbd605042a4903da3ac8961a938b930776f,trajectory_152,high_curvature,1.0,1.0,same,False
ur5e,trac_task_5ms,495aed44fa5c9924a609b11d58630ae664e155bdcd7e9c62435fa9488d8fb41f,trajectory_007,smooth,1.0,1.0,same,False
ur5e,trac_task_5ms,4a2327c086935f743ca02bbfffb75a4d3833e788244e6f69fcf3aa03a72f107c,trajectory_137,high_curvature,1.0,1.0,same,False
ur5e,trac_task_5ms,4c0120b997986071fa8373f6475c86e8b599a87c76e17842cee2130d0a4f4780,trajectory_002,smooth,1.0,1.0,same,False
ur5e,trac_task_5ms,4c68775b3fe6de780c3b7546007a4a5b2335202aa710f1956e38babdd382f8cd,trajectory_096,joint_limit_return,1.0,1.0,same,False
ur5e,trac_task_5ms,503872d2622b8d6e6c4a56829f7bd6b30d2c707da4ec550df17ad34fc7f40158,trajectory_017,smooth,1.0,1.0,same,False
ur5e,trac_task_5ms,51480cdcfda1f03ce68798883c7c94f5827a269f6b64569ab19adfd6a908fc0c,trajectory_102,joint_limit_return,1.0,1.0,same,False
ur5e,trac_task_5ms,54bf715f54efcb7f9ee35f33bff4ffbba3dd240d9300fde5f2076bc79d1f7a10,trajectory_135,high_curvature,1.0,1.0,same,False
ur5e,trac_task_5ms,58bb40e5c210481f24086f76a049e33e02a8b7fb9b04e75a474c9049dd072f2b,trajectory_104,joint_limit_return,1.0,1.0,same,False
ur5e,trac_task_5ms,5b29cfb3cab0787e7ac9277e33c368fbb0dcd7b7789bd5c492f07fd04cccac8a,trajectory_157,high_curvature,1.0,1.0,same,False
ur5e,trac_task_5ms,5cb0d3ea27db6724338fd77ae538852f6d94607e0354c2dc56cfc3be3be1aaab,trajectory_072,near_singular,1.0,1.0,same,False
ur5e,trac_task_5ms,5d30bb2389dcd9ce2132810b892d827add2be514e596f0d408b26957a6169a1c,trajectory_048,near_singular,1.0,1.0,same,False
ur5e,trac_task_5ms,5da7af6fee9b0503eed8ff8c985472802b69533e592a05eedf52d9e28bb5b0c9,trajectory_109,joint_limit_return,1.0,1.0,same,False
ur5e,trac_task_5ms,61cf065b1346ac7313777bcf9b8ce2ae067a03b601b9f752872306d83f082a83,trajectory_113,joint_limit_return,1.0,1.0,same,False
ur5e,trac_task_5ms,6591fe1e55ed4f0de6433d67d1821adecb639171ad745ac2c7cb576f94191676,trajectory_136,high_curvature,1.0,1.0,same,False
ur5e,trac_task_5ms,67148de783e9a0c5f073d19a0d7c3c44ca35a647d7cb2ead25e02b90953262f8,trajectory_105,joint_limit_return,1.0,1.0,same,False
ur5e,trac_task_5ms,68432406fa88e3ba9e73856d01b1cc541f9134369bb2459059f1fc36564c045f,trajectory_117,joint_limit_return,1.0,1.0,same,False
ur5e,trac_task_5ms,686ce309383dceffb72e64c1d7eb06f366c93fda04084cd6c39f6e89332fa799,trajectory_000,smooth,1.0,1.0,same,False
ur5e,trac_task_5ms,6f494d893ed1a07925719d015b2ee2f55de5088b1aaebfb231b0b9bbb0d40039,trajectory_014,smooth,1.0,1.0,same,False
ur5e,trac_task_5ms,7081b5dc46ee76c4a76bd8c142d61d00ad0300933221a340da1fa88d8caaa1b8,trajectory_065,near_singular,1.0,1.0,same,False
ur5e,trac_task_5ms,71d7ebb573b83f4eb7da1edce7175c9650c45196db754a1cb806a2b89bc610ba,trajectory_087,joint_limit_return,1.0,1.0,same,False
ur5e,trac_task_5ms,724195496ade67a21fa38a9b189e3e4edede9148fcf1b5a360738cba7807468b,trajectory_134,high_curvature,1.0,1.0,same,False
ur5e,trac_task_5ms,72ad8987f43d3155ae17d4c5db8054e43e840aa838acb2e1e6d25da0d1c8d411,trajectory_103,joint_limit_return,1.0,1.0,same,False
ur5e,trac_task_5ms,740b45ba8a847d389787064239c5447da96fd8c9783539870faded64202a17ad,trajectory_093,joint_limit_return,1.0,1.0,same,False
ur5e,trac_task_5ms,7707342c2b3de4fcbd79ac4f834aa60b52752614ffb53de30168eb3333874836,trajectory_144,high_curvature,1.0,0.0,gained,True
ur5e,trac_task_5ms,78e2c05235eed4c7aded39a5955b332ed8c3b5f3ff6d1e633c0ba4f840d706fc,trajectory_070,near_singular,1.0,1.0,same,False
ur5e,trac_task_5ms,7b691d6bc61902ea7d02df04837d5eff55bcb12ddc737f432ecf9ff87ad585f1,trajectory_100,joint_limit_return,1.0,1.0,same,False
ur5e,trac_task_5ms,7cddcc7aecfb2cc7a9567c82fdf3d8bc4e454260d03cda535a3738b074cf8dd5,trajectory_067,near_singular,1.0,1.0,same,False
ur5e,trac_task_5ms,7cf509b9613e6bc8539efc4da94e1bf8e7d1c2656024efa0e0b8f0d0eff9d428,trajectory_069,near_singular,1.0,1.0,same,False
ur5e,trac_task_5ms,7d31283416312d45bb28a2f3e0143818a5a6ba2c70482c412abe08ee1f50f5c6,trajectory_128,high_curvature,1.0,1.0,same,False
ur5e,trac_task_5ms,7ec3a941b8a8e9f6396fe87a2a526d704c200da5c7b0fdf04f615cc804cb0f16,trajectory_154,high_curvature,1.0,1.0,same,False
ur5e,trac_task_5ms,7f19e5fb7c4a3e5512e3ca808b23999cd566c13c7713e94523157d861841d4df,trajectory_054,near_singular,1.0,1.0,same,False
ur5e,trac_task_5ms,7f4763daab05f66e40bf64089e5137340eaf99858c1b8649ae3113641088b90e,trajectory_005,smooth,1.0,1.0,same,False
ur5e,trac_task_5ms,827b375c519d968a5b41663c8e8a2a747c9eb269019e2d86f29330fde600f1b6,trajectory_010,smooth,1.0,1.0,same,False
ur5e,trac_task_5ms,84275ca5d90e2452b2b6e25b0dc49327ca349cf2cc1388b020532f03badd2856,trajectory_092,joint_limit_return,1.0,1.0,same,False
ur5e,trac_task_5ms,843b7cea53c9f6b748a8488f867f3af3d5f55da01300b043fa64ce853453e711,trajectory_034,smooth,1.0,1.0,same,False
ur5e,trac_task_5ms,85586cb1bf15307d03bb378cf6ac237fffd25e3588ea376288f105be162123eb,trajectory_075,near_singular,1.0,1.0,same,False
ur5e,trac_task_5ms,85dc9c6d83b5e8b4d87c745d9ca244d761b7eeb74bef1be34b0b065e45910ce9,trajectory_016,smooth,1.0,1.0,same,False
ur5e,trac_task_5ms,89043c092bd9a93f80f6d1202c101679b192f603234e799df6201a6c2742c27c,trajectory_148,high_curvature,1.0,1.0,same,False
ur5e,trac_task_5ms,8908cd02de98b2b8e1492152922173fea5395752617a1da31b0a1f4b42671215,trajectory_083,joint_limit_return,1.0,1.0,same,False
ur5e,trac_task_5ms,8954d7372760d015dde205fe23c29cd3f788725a3aaacb3facbec5b439e30a27,trajectory_011,smooth,1.0,1.0,same,False
ur5e,trac_task_5ms,89e2a18f38d91422b27bab0ab848308c9e7a0ef1426a7cb35ae47a7834129fee,trajectory_036,smooth,1.0,1.0,same,False
ur5e,trac_task_5ms,8a31187b8082f322d3889fa8690653f8ea1bb720ca6b7580c281e490c5d9ff82,trajectory_142,high_curvature,1.0,1.0,same,False
ur5e,trac_task_5ms,8abc6aeecb82cf161109e7a82956e5c3d3496c0968eb3540b70b270b8dd0e382,trajectory_030,smooth,1.0,1.0,same,False
ur5e,trac_task_5ms,8d7bbe8ea92596c88e4302fb0ba88365293f88c96fdc92722986905bc459aea4,trajectory_078,near_singular,1.0,1.0,same,False
ur5e,trac_task_5ms,902a8600c2185a59cf86deaa728f357a1c8f7c12f612ef6346dcfb241e293ca1,trajectory_158,high_curvature,1.0,1.0,same,False
ur5e,trac_task_5ms,90ae6d4e772c54e6f62a165614eed2df96c93f4d486693d2a17d976338f54bb6,trajectory_012,smooth,1.0,0.0,gained,True
ur5e,trac_task_5ms,91ed2116da7bf073830df8553a162c8e21c01a157b9aa36f8d708a2a598af937,trajectory_139,high_curvature,1.0,1.0,same,False
ur5e,trac_task_5ms,9602447adb23a927a798b929ce2924e219d87de30e27012b5194fdc45718699c,trajectory_112,joint_limit_return,1.0,1.0,same,False
ur5e,trac_task_5ms,9660cef6ce0545e32bd3f3b05df8237968dc62decbd0a22d567e190f4d7053d2,trajectory_111,joint_limit_return,1.0,1.0,same,False
ur5e,trac_task_5ms,973fd8131a9cd42f1dfbb69f8755470b9f35fc4f642098dbfd720d4346751e59,trajectory_043,near_singular,1.0,1.0,same,False
ur5e,trac_task_5ms,97ac5290d57cbe7a453c02dcfb36927eda1953de8480792f9c91f45e08bcb212,trajectory_025,smooth,1.0,1.0,same,False
ur5e,trac_task_5ms,9a9ec1e0022a853751297ce0a98e4f8964494a7ce54c92efeeae3b0e0da6e703,trajectory_045,near_singular,1.0,0.3333333333333333,gained,False
ur5e,trac_task_5ms,9b4ce9e30581c65e935158f1fd19b88bff8be3de5905f24cfd4756d535c5a879,trajectory_039,smooth,1.0,1.0,same,False
ur5e,trac_task_5ms,9bd9331c5990f861976a22603cc57bd572b2ce6682ee7e3ced8c7392ca0d221a,trajectory_053,near_singular,1.0,1.0,same,False
ur5e,trac_task_5ms,9d89e1bfb32d5fc8c14e827c039bfa0ae099593c8ff0d70f841bc5cc501d4bd4,trajectory_151,high_curvature,1.0,1.0,same,False
ur5e,trac_task_5ms,9f3a06b8da1bf017fc6d0d042efa79b8e1d19bce4a134ed0e0ed52f76125c3af,trajectory_047,near_singular,1.0,1.0,same,False
ur5e,trac_task_5ms,a109a7254612e6f8df68ba11aaaff028114a82e042ce2eaa3e4e73c5a5b77a7f,trajectory_076,near_singular,1.0,1.0,same,False
ur5e,trac_task_5ms,a11a9cb9acf1dc8dde81e8950d00399d055990e4d6112f37dba444d46d0fd22d,trajectory_041,near_singular,1.0,0.3333333333333333,gained,False
ur5e,trac_task_5ms,a1dcd3f9d2d0215aeb629414e6ebd203f2345395673d63274b4465e0847d6ccb,trajectory_089,joint_limit_return,1.0,0.6666666666666666,gained,False
ur5e,trac_task_5ms,a7bc4058163210f465a6173a3ffc77fa7c5b4e7a90960c50bed947d0346b6a13,trajectory_081,joint_limit_return,1.0,1.0,same,False
ur5e,trac_task_5ms,a887ec40ba4dd72bbe4406acf5cf70281c31b41deec40b48cc2213c5665b72cb,trajectory_146,high_curvature,1.0,1.0,same,False
ur5e,trac_task_5ms,a9689872a7740bb25a1a2ff69704093229f9f308d2f07588903acda37c478c7c,trajectory_022,smooth,1.0,1.0,same,False
ur5e,trac_task_5ms,a9c47a91c002091ddea4ec1679ab0bb336b9d3d6aa5e99d1b1a70c390473eefc,trajectory_079,near_singular,1.0,1.0,same,False
ur5e,trac_task_5ms,aa2170a104fe9a5883cd2fac7365c8e64fa69aeae243c2a51e690d7688af2d5a,trajectory_035,smooth,1.0,1.0,same,False
ur5e,trac_task_5ms,aa5825ef6b28d8d90cfb790aca68cb615c47723d18109e0a5c03bead5c7c9d24,trajectory_026,smooth,1.0,1.0,same,False
ur5e,trac_task_5ms,af38432b70f3754f4a643ba6a588a64cc2e53ca500c09479433518c5d7e2a2b0,trajectory_077,near_singular,1.0,1.0,same,False
ur5e,trac_task_5ms,b34fad5df1e0a336db93b77bb87845da3d17b38206b8496af3ea2adbd78d821e,trajectory_114,joint_limit_return,1.0,1.0,same,False
ur5e,trac_task_5ms,b5b68e744d02d37b144270ef2b9a6acfc983022dbc3e84503f9d6b952fc2a356,trajectory_150,high_curvature,1.0,1.0,same,False
ur5e,trac_task_5ms,b5fd37d5173ef327cdc96402d2d3c4869598cb3cb5dda9a0b50c35bb5d56e57d,trajectory_063,near_singular,1.0,1.0,same,False
ur5e,trac_task_5ms,b673ff7ac8a40599b61e9f3c7ebaee52de8edf81014cf5a8037bc7a2ad358a9d,trajectory_028,smooth,1.0,1.0,same,False
ur5e,trac_task_5ms,b85bb93111b10690027a3f1c51c8e8627a6ed0e4adeed0b1d40f0126f6082bd6,trajectory_023,smooth,1.0,1.0,same,False
ur5e,trac_task_5ms,ba9bb4e132a286302883d3ca2207dc242aa87c57450d1d6cc2dcde74d79d625b,trajectory_046,near_singular,1.0,1.0,same,False
ur5e,trac_task_5ms,bad5e5c0fcc0674d2f204b7d752f89b1ce0e189c061a241d4a153ad0c78947d9,trajectory_044,near_singular,1.0,1.0,same,False
ur5e,trac_task_5ms,be3fedf6b4ea6b22f2babefaf2de72264a62f2a64da106c9a73fa85110045699,trajectory_015,smooth,1.0,1.0,same,False
ur5e,trac_task_5ms,bf95d183d97ef7ba56cbaea67cad039c8230048f1456470eb022d582e5d87b96,trajectory_090,joint_limit_return,1.0,1.0,same,False
ur5e,trac_task_5ms,c080efe6c92fe0222a4c277a6b40e11d7ade18ceee24413120e3ec60656c5308,trajectory_107,joint_limit_return,1.0,1.0,same,False
ur5e,trac_task_5ms,c173bc1217a828de6205bf0d0c767d2505fbe856597d39d948838ce9d559a094,trajectory_071,near_singular,0.0,0.0,same,False
ur5e,trac_task_5ms,c18a069410f1e5f50fc53ecea9e46086bb6f0d6bad4a86937735d6a854003b3e,trajectory_110,joint_limit_return,1.0,1.0,same,False
ur5e,trac_task_5ms,c2fe4dc2655f134bf018f339c9f44c7b077cb10bab25e618f42301e7377a070d,trajectory_153,high_curvature,1.0,1.0,same,False
ur5e,trac_task_5ms,c3b17d9135e3f5110c601ebb388e43620ea47a61f948a8525c5a4ddc1572be71,trajectory_098,joint_limit_return,1.0,1.0,same,False
ur5e,trac_task_5ms,c4576342bc5bd0b1f1888887cf118ac5ed5ee31ffdb3ea595cc0970a28f536e2,trajectory_008,smooth,1.0,1.0,same,False
ur5e,trac_task_5ms,c468f9ee771baf75248c87f948f9e87b66215b6e78ae94ed1f4e6d3dbdc170f5,trajectory_155,high_curvature,1.0,1.0,same,False
ur5e,trac_task_5ms,c47efcaf1c35c157b775c76f595d9d70f4e0f13fd9103ce872fce7e236f17bf7,trajectory_056,near_singular,1.0,1.0,same,False
ur5e,trac_task_5ms,c504b0efe36bf4eea5c35716f51b05483e734ed8836b421da0f3087aad1b106b,trajectory_085,joint_limit_return,1.0,1.0,same,False
ur5e,trac_task_5ms,c5d5a8e72ce4c6b762185b1a227ec3e774ed4967a00b6de4cbd60dc0b3489d29,trajectory_018,smooth,1.0,1.0,same,False
ur5e,trac_task_5ms,c62854c73a56ad1ea7d427d4b39c770a0fc15217f31fa9341e1145cf73012ccf,trajectory_020,smooth,1.0,1.0,same,False
ur5e,trac_task_5ms,c8ec0518b6db3155050b11a3423dd67c62760ef325eb32eed4d81264285cc2e0,trajectory_031,smooth,1.0,1.0,same,False
ur5e,trac_task_5ms,ca23ec82b31989c11f622d2357230e7f85a752cdd5fcfc1916418816019b16c0,trajectory_074,near_singular,1.0,1.0,same,False
ur5e,trac_task_5ms,cb34f01e0e28065f626918b20c6e13b47e93164dc8cc78652a4844a9b91019ba,trajectory_156,high_curvature,1.0,1.0,same,False
ur5e,trac_task_5ms,cbddc7b090023022ded30fbe029247ad1a9a2f6f44eb3d1ea09b1471cf29edbc,trajectory_095,joint_limit_return,1.0,1.0,same,False
ur5e,trac_task_5ms,cdcf0ee9be127e80d0dc25f588c4d3e118f0a51fe9b42b01ba416e0eef260a78,trajectory_094,joint_limit_return,1.0,1.0,same,False
ur5e,trac_task_5ms,d196f286593ce2494c2d452e351f0cbff757344c9ad934c43f3456f315e6ff6f,trajectory_062,near_singular,1.0,1.0,same,False
ur5e,trac_task_5ms,d403ab409425a8e0d76b1c90ed4e5f61af12a533519277de745fb18744453b67,trajectory_116,joint_limit_return,1.0,1.0,same,False
ur5e,trac_task_5ms,d542b46934017ffd3d5d463fdb46c29768b64ecbe442f7d1ddf7e201a272af2c,trajectory_159,high_curvature,1.0,1.0,same,False
ur5e,trac_task_5ms,d8bd9c0af720100e6fbad9dc449e632c6315fd52b2c3b6c2293cdb3413fa78f8,trajectory_038,smooth,1.0,0.6666666666666666,gained,False
ur5e,trac_task_5ms,d90fb01942c4f5f5a4690d2fb3e6578ce8589d7adb1b4fcdeecb8f49b768150f,trajectory_066,near_singular,1.0,1.0,same,False
ur5e,trac_task_5ms,daffa6e56fbd6c3e5a0b1bc149b2b3db76cc7969e84115384cfda267a25f5623,trajectory_108,joint_limit_return,1.0,1.0,same,False
ur5e,trac_task_5ms,dcae8362f72540a854446babea83f879db72d9ea6bc88b34b80f16a8461d30ac,trajectory_052,near_singular,1.0,1.0,same,False
ur5e,trac_task_5ms,dcb498be2431001dfc93a7c61d63bd58061c9ec13d3aa68c4d4c99a3b169c650,trajectory_057,near_singular,1.0,1.0,same,False
ur5e,trac_task_5ms,dd8ea68eb60a2a79785ffc347cae495796617b794d9da0a74d8539f601034c78,trajectory_147,high_curvature,1.0,1.0,same,False
ur5e,trac_task_5ms,dd9ccb5b42c8963d53c3795cb79fd054cd4b1da572bc46bfd61297d324ca3f5e,trajectory_061,near_singular,1.0,1.0,same,False
ur5e,trac_task_5ms,def4c7c21eb5056eb06fe3493dbbd47b0e017e9d04fb05e9ce718304fde13155,trajectory_127,high_curvature,1.0,1.0,same,False
ur5e,trac_task_5ms,df81e3d36a17590279c10102a5d3564ade94174a725b81c2b9982e7861176d01,trajectory_042,near_singular,1.0,1.0,same,False
ur5e,trac_task_5ms,dfb95f240fb92ece611a18d9d6a1f3f0c2954ffa25d6adb20bf4808f1e8eea3e,trajectory_149,high_curvature,1.0,1.0,same,False
ur5e,trac_task_5ms,e028bf75afa080d243a9bdccd3419d1cb5a5d718dca69db83562268e89ed12e3,trajectory_059,near_singular,1.0,1.0,same,False
ur5e,trac_task_5ms,e621fdc4f247e6d4f941602738d8470496c5f9695bfc622242db0628c871b460,trajectory_131,high_curvature,0.0,1.0,lost,True
ur5e,trac_task_5ms,e644ec1ddd274fcfdfbf0fed4c50373ce5666e2274ee3fe2cb157df665d13588,trajectory_132,high_curvature,1.0,1.0,same,False
ur5e,trac_task_5ms,e94d987badb3767e3544aa16554e82c6863b3b12927a26d94f7bbb32b9be1cf9,trajectory_024,smooth,1.0,1.0,same,False
ur5e,trac_task_5ms,ed3d541f8d51c56dcef974b5dce8e87cbd24af8eabdf00973c49f94965da49df,trajectory_125,high_curvature,1.0,1.0,same,False
ur5e,trac_task_5ms,ee6031ae34dcb9670f70c523530997a74ff806611263e1fca22da37b1cd003d5,trajectory_064,near_singular,1.0,1.0,same,False
ur5e,trac_task_5ms,eecc7b5aa0a6af348f8fe5410ce6d3c80c76a3b76815cc492ac7dff69ea040a0,trajectory_118,joint_limit_return,1.0,1.0,same,False
ur5e,trac_task_5ms,ef5970a23141d97e190951c06fce09a1b043b0d2e91efc242b18fd04b329e35b,trajectory_004,smooth,1.0,1.0,same,False
ur5e,trac_task_5ms,f17a7ffba93420840a76c2b3daad57e2a486c769ddcd5c712bcd35d81635c814,trajectory_133,high_curvature,1.0,1.0,same,False
ur5e,trac_task_5ms,f1d4fe64de9a37b56068fc8b5e18efdf3afb4094b5bcda3c5d8dd84239894e9e,trajectory_138,high_curvature,1.0,1.0,same,False
ur5e,trac_task_5ms,f2786b0cb702d9956b071d27ad9f0d5c4a568e36c053c20f87f9a0fb94d54a45,trajectory_055,near_singular,1.0,1.0,same,False
ur5e,trac_task_5ms,f2f90e8de9e99f8f2639a8ef08ec9638381ba3bb44168c94c8158835e3a7c637,trajectory_019,smooth,1.0,1.0,same,False
ur5e,trac_task_5ms,f3d5f800686bbb23713085d4bb5b97ec4a0d2920a0048bb62bc1efda5dd22d7b,trajectory_058,near_singular,1.0,1.0,same,False
ur5e,trac_task_5ms,f6049a1d1c02bec9c02bdde0795f54736df40109a1be62528d6f16245a5a7f2c,trajectory_001,smooth,1.0,1.0,same,False
ur5e,trac_task_5ms,f8efe5854fed39bd18dfd911ea4c793e612245b655469805844b8433c1505c42,trajectory_141,high_curvature,1.0,1.0,same,False
ur5e,trac_task_5ms,fa6c88092aec16921c068990a30a090c7015f7affeac53cc3e5b002ed6a90b41,trajectory_080,joint_limit_return,1.0,1.0,same,False
ur5e,trac_task_5ms,fc1b3d1c1640b26978eb54d66f481919216797cf182f6bde14c9a0949d312527,trajectory_050,near_singular,1.0,1.0,same,False
ur5e,trac_task_5ms,fe43e012e3d2ff6c1d61eed3c30e66289cfbaa3244cbd27939a4ae7b37c5ae96,trajectory_129,high_curvature,1.0,1.0,same,False
ur5e,trac_task_5ms,ff9240424126b109ed9128ebdcc1c535dd8e1041ecedc909a91f8cebff022cbc,trajectory_130,high_curvature,1.0,1.0,same,False
ur5e,trac_task_20ms,022a86bff64083fceaa1158ce14f103f5ce290797a2aeaa45866261f26501a05,trajectory_037,smooth,1.0,1.0,same,False
ur5e,trac_task_20ms,05bc5f30c5c7cd51fc72c341d4191b9e00393d1440d433b17b8a3726f6c23282,trajectory_084,joint_limit_return,1.0,1.0,same,False
ur5e,trac_task_20ms,0718780cf124f9d1309bc57741250c3d9dea14f89f6a71c9562362b4677c301e,trajectory_033,smooth,1.0,1.0,same,False
ur5e,trac_task_20ms,0a87de50d376d58ae400cb330f9477d95c5812cc55e8fe33d3d3e96c01ecb45b,trajectory_122,high_curvature,1.0,1.0,same,False
ur5e,trac_task_20ms,0dd84d0ff35e701d49257c8fce503e635899f3fb95c2a17d91bde82b57d508f7,trajectory_009,smooth,1.0,1.0,same,False
ur5e,trac_task_20ms,0e9f731eaf589bff44467bfac21a34eb815e23e9466e26f74adad7a794606d3d,trajectory_088,joint_limit_return,1.0,1.0,same,False
ur5e,trac_task_20ms,0feef86abbdffbf56da2030987cdb7582310e2bf877e0958c4748047fc98589a,trajectory_124,high_curvature,1.0,0.6666666666666666,gained,False
ur5e,trac_task_20ms,147723ec885c076a79aa6df0f28d41a2a60704eed4fe5ca91287298cd1aa3e4b,trajectory_082,joint_limit_return,1.0,1.0,same,False
ur5e,trac_task_20ms,14dbdf92e0ba228836bb0eec00261a8ad4e4f6db40403bc0f3ceaaff96938313,trajectory_073,near_singular,1.0,1.0,same,False
ur5e,trac_task_20ms,160edaf457fb519de58b208c6b896ed08faf68c6011b9deb24be264e3a9e1a28,trajectory_027,smooth,1.0,1.0,same,False
ur5e,trac_task_20ms,196468597141f70e3695efbf23ef22b8093a2e57269df5532db6d58bf957661a,trajectory_119,joint_limit_return,1.0,1.0,same,False
ur5e,trac_task_20ms,1a2793db2858cf7ab0a6fa5cbe25d57b2d95eb513f8d9365e6d7fd41703b3766,trajectory_140,high_curvature,1.0,0.3333333333333333,gained,False
ur5e,trac_task_20ms,1abc4cdbe65529afffd0d3fa05667f31ecddfb5331c99f215a488f90799d2908,trajectory_126,high_curvature,1.0,1.0,same,False
ur5e,trac_task_20ms,1b2ec0d8b336e6260360e28a967aa23b47ef29b00f91d5dfea5cb793860b6bcf,trajectory_068,near_singular,1.0,1.0,same,False
ur5e,trac_task_20ms,1c8c2cee8513118aa63d821d78ec578bb264cb2516af23dacd41ea148416f656,trajectory_086,joint_limit_return,1.0,0.3333333333333333,gained,False
ur5e,trac_task_20ms,1cf990ad59f833600841f28f07a2d960dbbfaaa6594f6f3cbfb900d2c4f9bfac,trajectory_099,joint_limit_return,1.0,1.0,same,False
ur5e,trac_task_20ms,1d8a1724561e2a8a9fd0f5d373fd3de8754e9d05650d220fbf89c2848de48db8,trajectory_021,smooth,1.0,1.0,same,False
ur5e,trac_task_20ms,1f62567c664201a1c310c84b5060a5f7554c8c7ed4a1d2bb79efaa0dc82eade4,trajectory_049,near_singular,1.0,1.0,same,False
ur5e,trac_task_20ms,28916f2098e26191ef1652120b593b6508843754985b2d8baa75940e0c5fd512,trajectory_040,near_singular,1.0,1.0,same,False
ur5e,trac_task_20ms,2c260dbbe16e3043b30c0180c74d6e1e8bb5fb373fa24e790dd8baa144c2df21,trajectory_143,high_curvature,1.0,1.0,same,False
ur5e,trac_task_20ms,2f61f0333eb0869c3d2af547f540382f5580ff0036f49f12d59da94e69814172,trajectory_029,smooth,1.0,1.0,same,False
ur5e,trac_task_20ms,31f69f5235e9e326d7bc7f1966cb8accca1717504fa8fa1e69b76a435ee8034e,trajectory_013,smooth,1.0,1.0,same,False
ur5e,trac_task_20ms,33c79c7e52903f30993f634203d079c2b23cbf39d542843b95460d9cb9ecf488,trajectory_091,joint_limit_return,1.0,1.0,same,False
ur5e,trac_task_20ms,34cdeabd4b45ecccec143b2bb953ce185e50c8b7baa7ec7715cfbf69fb223766,trajectory_101,joint_limit_return,1.0,1.0,same,False
ur5e,trac_task_20ms,35007e70c7f121c5ecddef083d9b5a5c2ffa280cbf90750562adad287ca7ec7e,trajectory_032,smooth,1.0,1.0,same,False
ur5e,trac_task_20ms,352d4578e4c0db5d0e6ba9bf0e28c3015e86d29ea6b427d7f643b599fc7acdf2,trajectory_006,smooth,1.0,1.0,same,False
ur5e,trac_task_20ms,37785295d302f66972dfc33f3febb47f17cdbdd9ef89afaff833af8f54a316b2,trajectory_106,joint_limit_return,1.0,1.0,same,False
ur5e,trac_task_20ms,386d04c1dfc5cb803ad457c1f076c741ce7a9c31c301f4be1978e1191723b5ad,trajectory_121,high_curvature,1.0,1.0,same,False
ur5e,trac_task_20ms,3b8b57c4f8bc994dc44f23d1343dca1c2bb3dab23420328d7c45efbf64cad935,trajectory_123,high_curvature,1.0,1.0,same,False
ur5e,trac_task_20ms,3e25fa2cd6f1be3006dda0f222bd5706c91724aa38d54c369b5e6e68977e5706,trajectory_060,near_singular,1.0,1.0,same,False
ur5e,trac_task_20ms,3e87cf4bfc6df2c0fd5b84a81a422fbf44b18d64304f101cbfc4a6e2c88de42f,trajectory_120,high_curvature,1.0,1.0,same,False
ur5e,trac_task_20ms,403a8fc503ef3b1432586af381e00ae56468ee8dc0f1890b6cc740d2b71398a9,trajectory_145,high_curvature,1.0,1.0,same,False
ur5e,trac_task_20ms,455a43be73a6806a5686c0dc0589a0c17955f71c5647e6d8850e530f589ecca3,trajectory_003,smooth,1.0,1.0,same,False
ur5e,trac_task_20ms,455df4f337dd869ec3d041361009426d63667b3c1f9fd5dc147bf06e9798ebbe,trajectory_097,joint_limit_return,1.0,1.0,same,False
ur5e,trac_task_20ms,47d4a0170ccef17605464405a8c16d904f85d4732af703a9ece8ee196c0a441c,trajectory_115,joint_limit_return,1.0,1.0,same,False
ur5e,trac_task_20ms,48832d0ec9a2c6125d5f17a150bfa429e812d18d57eb972c46e198ba4d8f751c,trajectory_051,near_singular,1.0,1.0,same,False
ur5e,trac_task_20ms,48f55f94abd2f19dc0e42f9789c73bbd605042a4903da3ac8961a938b930776f,trajectory_152,high_curvature,1.0,1.0,same,False
ur5e,trac_task_20ms,495aed44fa5c9924a609b11d58630ae664e155bdcd7e9c62435fa9488d8fb41f,trajectory_007,smooth,1.0,1.0,same,False
ur5e,trac_task_20ms,4a2327c086935f743ca02bbfffb75a4d3833e788244e6f69fcf3aa03a72f107c,trajectory_137,high_curvature,1.0,1.0,same,False
ur5e,trac_task_20ms,4c0120b997986071fa8373f6475c86e8b599a87c76e17842cee2130d0a4f4780,trajectory_002,smooth,1.0,1.0,same,False
ur5e,trac_task_20ms,4c68775b3fe6de780c3b7546007a4a5b2335202aa710f1956e38babdd382f8cd,trajectory_096,joint_limit_return,1.0,1.0,same,False
ur5e,trac_task_20ms,503872d2622b8d6e6c4a56829f7bd6b30d2c707da4ec550df17ad34fc7f40158,trajectory_017,smooth,1.0,1.0,same,False
ur5e,trac_task_20ms,51480cdcfda1f03ce68798883c7c94f5827a269f6b64569ab19adfd6a908fc0c,trajectory_102,joint_limit_return,1.0,1.0,same,False
ur5e,trac_task_20ms,54bf715f54efcb7f9ee35f33bff4ffbba3dd240d9300fde5f2076bc79d1f7a10,trajectory_135,high_curvature,1.0,1.0,same,False
ur5e,trac_task_20ms,58bb40e5c210481f24086f76a049e33e02a8b7fb9b04e75a474c9049dd072f2b,trajectory_104,joint_limit_return,1.0,1.0,same,False
ur5e,trac_task_20ms,5b29cfb3cab0787e7ac9277e33c368fbb0dcd7b7789bd5c492f07fd04cccac8a,trajectory_157,high_curvature,1.0,1.0,same,False
ur5e,trac_task_20ms,5cb0d3ea27db6724338fd77ae538852f6d94607e0354c2dc56cfc3be3be1aaab,trajectory_072,near_singular,1.0,1.0,same,False
ur5e,trac_task_20ms,5d30bb2389dcd9ce2132810b892d827add2be514e596f0d408b26957a6169a1c,trajectory_048,near_singular,1.0,1.0,same,False
ur5e,trac_task_20ms,5da7af6fee9b0503eed8ff8c985472802b69533e592a05eedf52d9e28bb5b0c9,trajectory_109,joint_limit_return,1.0,1.0,same,False
ur5e,trac_task_20ms,61cf065b1346ac7313777bcf9b8ce2ae067a03b601b9f752872306d83f082a83,trajectory_113,joint_limit_return,1.0,1.0,same,False
ur5e,trac_task_20ms,6591fe1e55ed4f0de6433d67d1821adecb639171ad745ac2c7cb576f94191676,trajectory_136,high_curvature,1.0,1.0,same,False
ur5e,trac_task_20ms,67148de783e9a0c5f073d19a0d7c3c44ca35a647d7cb2ead25e02b90953262f8,trajectory_105,joint_limit_return,1.0,1.0,same,False
ur5e,trac_task_20ms,68432406fa88e3ba9e73856d01b1cc541f9134369bb2459059f1fc36564c045f,trajectory_117,joint_limit_return,1.0,1.0,same,False
ur5e,trac_task_20ms,686ce309383dceffb72e64c1d7eb06f366c93fda04084cd6c39f6e89332fa799,trajectory_000,smooth,1.0,1.0,same,False
ur5e,trac_task_20ms,6f494d893ed1a07925719d015b2ee2f55de5088b1aaebfb231b0b9bbb0d40039,trajectory_014,smooth,1.0,1.0,same,False
ur5e,trac_task_20ms,7081b5dc46ee76c4a76bd8c142d61d00ad0300933221a340da1fa88d8caaa1b8,trajectory_065,near_singular,1.0,1.0,same,False
ur5e,trac_task_20ms,71d7ebb573b83f4eb7da1edce7175c9650c45196db754a1cb806a2b89bc610ba,trajectory_087,joint_limit_return,1.0,1.0,same,False
ur5e,trac_task_20ms,724195496ade67a21fa38a9b189e3e4edede9148fcf1b5a360738cba7807468b,trajectory_134,high_curvature,1.0,1.0,same,False
ur5e,trac_task_20ms,72ad8987f43d3155ae17d4c5db8054e43e840aa838acb2e1e6d25da0d1c8d411,trajectory_103,joint_limit_return,1.0,1.0,same,False
ur5e,trac_task_20ms,740b45ba8a847d389787064239c5447da96fd8c9783539870faded64202a17ad,trajectory_093,joint_limit_return,1.0,1.0,same,False
ur5e,trac_task_20ms,7707342c2b3de4fcbd79ac4f834aa60b52752614ffb53de30168eb3333874836,trajectory_144,high_curvature,1.0,0.3333333333333333,gained,False
ur5e,trac_task_20ms,78e2c05235eed4c7aded39a5955b332ed8c3b5f3ff6d1e633c0ba4f840d706fc,trajectory_070,near_singular,1.0,1.0,same,False
ur5e,trac_task_20ms,7b691d6bc61902ea7d02df04837d5eff55bcb12ddc737f432ecf9ff87ad585f1,trajectory_100,joint_limit_return,1.0,1.0,same,False
ur5e,trac_task_20ms,7cddcc7aecfb2cc7a9567c82fdf3d8bc4e454260d03cda535a3738b074cf8dd5,trajectory_067,near_singular,1.0,1.0,same,False
ur5e,trac_task_20ms,7cf509b9613e6bc8539efc4da94e1bf8e7d1c2656024efa0e0b8f0d0eff9d428,trajectory_069,near_singular,1.0,1.0,same,False
ur5e,trac_task_20ms,7d31283416312d45bb28a2f3e0143818a5a6ba2c70482c412abe08ee1f50f5c6,trajectory_128,high_curvature,1.0,1.0,same,False
ur5e,trac_task_20ms,7ec3a941b8a8e9f6396fe87a2a526d704c200da5c7b0fdf04f615cc804cb0f16,trajectory_154,high_curvature,1.0,1.0,same,False
ur5e,trac_task_20ms,7f19e5fb7c4a3e5512e3ca808b23999cd566c13c7713e94523157d861841d4df,trajectory_054,near_singular,1.0,1.0,same,False
ur5e,trac_task_20ms,7f4763daab05f66e40bf64089e5137340eaf99858c1b8649ae3113641088b90e,trajectory_005,smooth,1.0,1.0,same,False
ur5e,trac_task_20ms,827b375c519d968a5b41663c8e8a2a747c9eb269019e2d86f29330fde600f1b6,trajectory_010,smooth,1.0,1.0,same,False
ur5e,trac_task_20ms,84275ca5d90e2452b2b6e25b0dc49327ca349cf2cc1388b020532f03badd2856,trajectory_092,joint_limit_return,1.0,1.0,same,False
ur5e,trac_task_20ms,843b7cea53c9f6b748a8488f867f3af3d5f55da01300b043fa64ce853453e711,trajectory_034,smooth,1.0,1.0,same,False
ur5e,trac_task_20ms,85586cb1bf15307d03bb378cf6ac237fffd25e3588ea376288f105be162123eb,trajectory_075,near_singular,1.0,1.0,same,False
ur5e,trac_task_20ms,85dc9c6d83b5e8b4d87c745d9ca244d761b7eeb74bef1be34b0b065e45910ce9,trajectory_016,smooth,1.0,1.0,same,False
ur5e,trac_task_20ms,89043c092bd9a93f80f6d1202c101679b192f603234e799df6201a6c2742c27c,trajectory_148,high_curvature,1.0,1.0,same,False
ur5e,trac_task_20ms,8908cd02de98b2b8e1492152922173fea5395752617a1da31b0a1f4b42671215,trajectory_083,joint_limit_return,1.0,1.0,same,False
ur5e,trac_task_20ms,8954d7372760d015dde205fe23c29cd3f788725a3aaacb3facbec5b439e30a27,trajectory_011,smooth,1.0,1.0,same,False
ur5e,trac_task_20ms,89e2a18f38d91422b27bab0ab848308c9e7a0ef1426a7cb35ae47a7834129fee,trajectory_036,smooth,1.0,1.0,same,False
ur5e,trac_task_20ms,8a31187b8082f322d3889fa8690653f8ea1bb720ca6b7580c281e490c5d9ff82,trajectory_142,high_curvature,1.0,1.0,same,False
ur5e,trac_task_20ms,8abc6aeecb82cf161109e7a82956e5c3d3496c0968eb3540b70b270b8dd0e382,trajectory_030,smooth,1.0,1.0,same,False
ur5e,trac_task_20ms,8d7bbe8ea92596c88e4302fb0ba88365293f88c96fdc92722986905bc459aea4,trajectory_078,near_singular,1.0,1.0,same,False
ur5e,trac_task_20ms,902a8600c2185a59cf86deaa728f357a1c8f7c12f612ef6346dcfb241e293ca1,trajectory_158,high_curvature,1.0,1.0,same,False
ur5e,trac_task_20ms,90ae6d4e772c54e6f62a165614eed2df96c93f4d486693d2a17d976338f54bb6,trajectory_012,smooth,1.0,0.0,gained,True
ur5e,trac_task_20ms,91ed2116da7bf073830df8553a162c8e21c01a157b9aa36f8d708a2a598af937,trajectory_139,high_curvature,1.0,1.0,same,False
ur5e,trac_task_20ms,9602447adb23a927a798b929ce2924e219d87de30e27012b5194fdc45718699c,trajectory_112,joint_limit_return,1.0,1.0,same,False
ur5e,trac_task_20ms,9660cef6ce0545e32bd3f3b05df8237968dc62decbd0a22d567e190f4d7053d2,trajectory_111,joint_limit_return,1.0,1.0,same,False
ur5e,trac_task_20ms,973fd8131a9cd42f1dfbb69f8755470b9f35fc4f642098dbfd720d4346751e59,trajectory_043,near_singular,1.0,1.0,same,False
ur5e,trac_task_20ms,97ac5290d57cbe7a453c02dcfb36927eda1953de8480792f9c91f45e08bcb212,trajectory_025,smooth,1.0,1.0,same,False
ur5e,trac_task_20ms,9a9ec1e0022a853751297ce0a98e4f8964494a7ce54c92efeeae3b0e0da6e703,trajectory_045,near_singular,1.0,1.0,same,False
ur5e,trac_task_20ms,9b4ce9e30581c65e935158f1fd19b88bff8be3de5905f24cfd4756d535c5a879,trajectory_039,smooth,1.0,1.0,same,False
ur5e,trac_task_20ms,9bd9331c5990f861976a22603cc57bd572b2ce6682ee7e3ced8c7392ca0d221a,trajectory_053,near_singular,1.0,1.0,same,False
ur5e,trac_task_20ms,9d89e1bfb32d5fc8c14e827c039bfa0ae099593c8ff0d70f841bc5cc501d4bd4,trajectory_151,high_curvature,1.0,1.0,same,False
ur5e,trac_task_20ms,9f3a06b8da1bf017fc6d0d042efa79b8e1d19bce4a134ed0e0ed52f76125c3af,trajectory_047,near_singular,1.0,1.0,same,False
ur5e,trac_task_20ms,a109a7254612e6f8df68ba11aaaff028114a82e042ce2eaa3e4e73c5a5b77a7f,trajectory_076,near_singular,1.0,1.0,same,False
ur5e,trac_task_20ms,a11a9cb9acf1dc8dde81e8950d00399d055990e4d6112f37dba444d46d0fd22d,trajectory_041,near_singular,1.0,0.6666666666666666,gained,False
ur5e,trac_task_20ms,a1dcd3f9d2d0215aeb629414e6ebd203f2345395673d63274b4465e0847d6ccb,trajectory_089,joint_limit_return,1.0,1.0,same,False
ur5e,trac_task_20ms,a7bc4058163210f465a6173a3ffc77fa7c5b4e7a90960c50bed947d0346b6a13,trajectory_081,joint_limit_return,1.0,1.0,same,False
ur5e,trac_task_20ms,a887ec40ba4dd72bbe4406acf5cf70281c31b41deec40b48cc2213c5665b72cb,trajectory_146,high_curvature,1.0,1.0,same,False
ur5e,trac_task_20ms,a9689872a7740bb25a1a2ff69704093229f9f308d2f07588903acda37c478c7c,trajectory_022,smooth,1.0,1.0,same,False
ur5e,trac_task_20ms,a9c47a91c002091ddea4ec1679ab0bb336b9d3d6aa5e99d1b1a70c390473eefc,trajectory_079,near_singular,1.0,1.0,same,False
ur5e,trac_task_20ms,aa2170a104fe9a5883cd2fac7365c8e64fa69aeae243c2a51e690d7688af2d5a,trajectory_035,smooth,1.0,1.0,same,False
ur5e,trac_task_20ms,aa5825ef6b28d8d90cfb790aca68cb615c47723d18109e0a5c03bead5c7c9d24,trajectory_026,smooth,1.0,1.0,same,False
ur5e,trac_task_20ms,af38432b70f3754f4a643ba6a588a64cc2e53ca500c09479433518c5d7e2a2b0,trajectory_077,near_singular,1.0,1.0,same,False
ur5e,trac_task_20ms,b34fad5df1e0a336db93b77bb87845da3d17b38206b8496af3ea2adbd78d821e,trajectory_114,joint_limit_return,1.0,1.0,same,False
ur5e,trac_task_20ms,b5b68e744d02d37b144270ef2b9a6acfc983022dbc3e84503f9d6b952fc2a356,trajectory_150,high_curvature,1.0,1.0,same,False
ur5e,trac_task_20ms,b5fd37d5173ef327cdc96402d2d3c4869598cb3cb5dda9a0b50c35bb5d56e57d,trajectory_063,near_singular,1.0,1.0,same,False
ur5e,trac_task_20ms,b673ff7ac8a40599b61e9f3c7ebaee52de8edf81014cf5a8037bc7a2ad358a9d,trajectory_028,smooth,1.0,1.0,same,False
ur5e,trac_task_20ms,b85bb93111b10690027a3f1c51c8e8627a6ed0e4adeed0b1d40f0126f6082bd6,trajectory_023,smooth,1.0,1.0,same,False
ur5e,trac_task_20ms,ba9bb4e132a286302883d3ca2207dc242aa87c57450d1d6cc2dcde74d79d625b,trajectory_046,near_singular,1.0,1.0,same,False
ur5e,trac_task_20ms,bad5e5c0fcc0674d2f204b7d752f89b1ce0e189c061a241d4a153ad0c78947d9,trajectory_044,near_singular,1.0,1.0,same,False
ur5e,trac_task_20ms,be3fedf6b4ea6b22f2babefaf2de72264a62f2a64da106c9a73fa85110045699,trajectory_015,smooth,1.0,1.0,same,False
ur5e,trac_task_20ms,bf95d183d97ef7ba56cbaea67cad039c8230048f1456470eb022d582e5d87b96,trajectory_090,joint_limit_return,1.0,1.0,same,False
ur5e,trac_task_20ms,c080efe6c92fe0222a4c277a6b40e11d7ade18ceee24413120e3ec60656c5308,trajectory_107,joint_limit_return,1.0,1.0,same,False
ur5e,trac_task_20ms,c173bc1217a828de6205bf0d0c767d2505fbe856597d39d948838ce9d559a094,trajectory_071,near_singular,0.0,0.0,same,False
ur5e,trac_task_20ms,c18a069410f1e5f50fc53ecea9e46086bb6f0d6bad4a86937735d6a854003b3e,trajectory_110,joint_limit_return,1.0,1.0,same,False
ur5e,trac_task_20ms,c2fe4dc2655f134bf018f339c9f44c7b077cb10bab25e618f42301e7377a070d,trajectory_153,high_curvature,1.0,1.0,same,False
ur5e,trac_task_20ms,c3b17d9135e3f5110c601ebb388e43620ea47a61f948a8525c5a4ddc1572be71,trajectory_098,joint_limit_return,1.0,1.0,same,False
ur5e,trac_task_20ms,c4576342bc5bd0b1f1888887cf118ac5ed5ee31ffdb3ea595cc0970a28f536e2,trajectory_008,smooth,1.0,1.0,same,False
ur5e,trac_task_20ms,c468f9ee771baf75248c87f948f9e87b66215b6e78ae94ed1f4e6d3dbdc170f5,trajectory_155,high_curvature,1.0,1.0,same,False
ur5e,trac_task_20ms,c47efcaf1c35c157b775c76f595d9d70f4e0f13fd9103ce872fce7e236f17bf7,trajectory_056,near_singular,1.0,1.0,same,False
ur5e,trac_task_20ms,c504b0efe36bf4eea5c35716f51b05483e734ed8836b421da0f3087aad1b106b,trajectory_085,joint_limit_return,1.0,1.0,same,False
ur5e,trac_task_20ms,c5d5a8e72ce4c6b762185b1a227ec3e774ed4967a00b6de4cbd60dc0b3489d29,trajectory_018,smooth,1.0,1.0,same,False
ur5e,trac_task_20ms,c62854c73a56ad1ea7d427d4b39c770a0fc15217f31fa9341e1145cf73012ccf,trajectory_020,smooth,1.0,1.0,same,False
ur5e,trac_task_20ms,c8ec0518b6db3155050b11a3423dd67c62760ef325eb32eed4d81264285cc2e0,trajectory_031,smooth,1.0,1.0,same,False
ur5e,trac_task_20ms,ca23ec82b31989c11f622d2357230e7f85a752cdd5fcfc1916418816019b16c0,trajectory_074,near_singular,1.0,1.0,same,False
ur5e,trac_task_20ms,cb34f01e0e28065f626918b20c6e13b47e93164dc8cc78652a4844a9b91019ba,trajectory_156,high_curvature,1.0,1.0,same,False
ur5e,trac_task_20ms,cbddc7b090023022ded30fbe029247ad1a9a2f6f44eb3d1ea09b1471cf29edbc,trajectory_095,joint_limit_return,1.0,1.0,same,False
ur5e,trac_task_20ms,cdcf0ee9be127e80d0dc25f588c4d3e118f0a51fe9b42b01ba416e0eef260a78,trajectory_094,joint_limit_return,1.0,1.0,same,False
ur5e,trac_task_20ms,d196f286593ce2494c2d452e351f0cbff757344c9ad934c43f3456f315e6ff6f,trajectory_062,near_singular,1.0,1.0,same,False
ur5e,trac_task_20ms,d403ab409425a8e0d76b1c90ed4e5f61af12a533519277de745fb18744453b67,trajectory_116,joint_limit_return,1.0,1.0,same,False
ur5e,trac_task_20ms,d542b46934017ffd3d5d463fdb46c29768b64ecbe442f7d1ddf7e201a272af2c,trajectory_159,high_curvature,1.0,1.0,same,False
ur5e,trac_task_20ms,d8bd9c0af720100e6fbad9dc449e632c6315fd52b2c3b6c2293cdb3413fa78f8,trajectory_038,smooth,1.0,1.0,same,False
ur5e,trac_task_20ms,d90fb01942c4f5f5a4690d2fb3e6578ce8589d7adb1b4fcdeecb8f49b768150f,trajectory_066,near_singular,1.0,1.0,same,False
ur5e,trac_task_20ms,daffa6e56fbd6c3e5a0b1bc149b2b3db76cc7969e84115384cfda267a25f5623,trajectory_108,joint_limit_return,1.0,1.0,same,False
ur5e,trac_task_20ms,dcae8362f72540a854446babea83f879db72d9ea6bc88b34b80f16a8461d30ac,trajectory_052,near_singular,1.0,1.0,same,False
ur5e,trac_task_20ms,dcb498be2431001dfc93a7c61d63bd58061c9ec13d3aa68c4d4c99a3b169c650,trajectory_057,near_singular,1.0,1.0,same,False
ur5e,trac_task_20ms,dd8ea68eb60a2a79785ffc347cae495796617b794d9da0a74d8539f601034c78,trajectory_147,high_curvature,1.0,1.0,same,False
ur5e,trac_task_20ms,dd9ccb5b42c8963d53c3795cb79fd054cd4b1da572bc46bfd61297d324ca3f5e,trajectory_061,near_singular,1.0,1.0,same,False
ur5e,trac_task_20ms,def4c7c21eb5056eb06fe3493dbbd47b0e017e9d04fb05e9ce718304fde13155,trajectory_127,high_curvature,1.0,1.0,same,False
ur5e,trac_task_20ms,df81e3d36a17590279c10102a5d3564ade94174a725b81c2b9982e7861176d01,trajectory_042,near_singular,1.0,1.0,same,False
ur5e,trac_task_20ms,dfb95f240fb92ece611a18d9d6a1f3f0c2954ffa25d6adb20bf4808f1e8eea3e,trajectory_149,high_curvature,1.0,1.0,same,False
ur5e,trac_task_20ms,e028bf75afa080d243a9bdccd3419d1cb5a5d718dca69db83562268e89ed12e3,trajectory_059,near_singular,1.0,1.0,same,False
ur5e,trac_task_20ms,e621fdc4f247e6d4f941602738d8470496c5f9695bfc622242db0628c871b460,trajectory_131,high_curvature,0.0,1.0,lost,True
ur5e,trac_task_20ms,e644ec1ddd274fcfdfbf0fed4c50373ce5666e2274ee3fe2cb157df665d13588,trajectory_132,high_curvature,1.0,1.0,same,False
ur5e,trac_task_20ms,e94d987badb3767e3544aa16554e82c6863b3b12927a26d94f7bbb32b9be1cf9,trajectory_024,smooth,1.0,1.0,same,False
ur5e,trac_task_20ms,ed3d541f8d51c56dcef974b5dce8e87cbd24af8eabdf00973c49f94965da49df,trajectory_125,high_curvature,1.0,1.0,same,False
ur5e,trac_task_20ms,ee6031ae34dcb9670f70c523530997a74ff806611263e1fca22da37b1cd003d5,trajectory_064,near_singular,1.0,1.0,same,False
ur5e,trac_task_20ms,eecc7b5aa0a6af348f8fe5410ce6d3c80c76a3b76815cc492ac7dff69ea040a0,trajectory_118,joint_limit_return,1.0,1.0,same,False
ur5e,trac_task_20ms,ef5970a23141d97e190951c06fce09a1b043b0d2e91efc242b18fd04b329e35b,trajectory_004,smooth,1.0,1.0,same,False
ur5e,trac_task_20ms,f17a7ffba93420840a76c2b3daad57e2a486c769ddcd5c712bcd35d81635c814,trajectory_133,high_curvature,1.0,1.0,same,False
ur5e,trac_task_20ms,f1d4fe64de9a37b56068fc8b5e18efdf3afb4094b5bcda3c5d8dd84239894e9e,trajectory_138,high_curvature,1.0,1.0,same,False
ur5e,trac_task_20ms,f2786b0cb702d9956b071d27ad9f0d5c4a568e36c053c20f87f9a0fb94d54a45,trajectory_055,near_singular,1.0,1.0,same,False
ur5e,trac_task_20ms,f2f90e8de9e99f8f2639a8ef08ec9638381ba3bb44168c94c8158835e3a7c637,trajectory_019,smooth,1.0,1.0,same,False
ur5e,trac_task_20ms,f3d5f800686bbb23713085d4bb5b97ec4a0d2920a0048bb62bc1efda5dd22d7b,trajectory_058,near_singular,1.0,1.0,same,False
ur5e,trac_task_20ms,f6049a1d1c02bec9c02bdde0795f54736df40109a1be62528d6f16245a5a7f2c,trajectory_001,smooth,1.0,1.0,same,False
ur5e,trac_task_20ms,f8efe5854fed39bd18dfd911ea4c793e612245b655469805844b8433c1505c42,trajectory_141,high_curvature,1.0,1.0,same,False
ur5e,trac_task_20ms,fa6c88092aec16921c068990a30a090c7015f7affeac53cc3e5b002ed6a90b41,trajectory_080,joint_limit_return,1.0,1.0,same,False
ur5e,trac_task_20ms,fc1b3d1c1640b26978eb54d66f481919216797cf182f6bde14c9a0949d312527,trajectory_050,near_singular,1.0,1.0,same,False
ur5e,trac_task_20ms,fe43e012e3d2ff6c1d61eed3c30e66289cfbaa3244cbd27939a4ae7b37c5ae96,trajectory_129,high_curvature,1.0,1.0,same,False
ur5e,trac_task_20ms,ff9240424126b109ed9128ebdcc1c535dd8e1041ecedc909a91f8cebff022cbc,trajectory_130,high_curvature,1.0,1.0,same,False
ur5e,pink_qp,022a86bff64083fceaa1158ce14f103f5ce290797a2aeaa45866261f26501a05,trajectory_037,smooth,1.0,1.0,same,False
ur5e,pink_qp,05bc5f30c5c7cd51fc72c341d4191b9e00393d1440d433b17b8a3726f6c23282,trajectory_084,joint_limit_return,1.0,1.0,same,False
ur5e,pink_qp,0718780cf124f9d1309bc57741250c3d9dea14f89f6a71c9562362b4677c301e,trajectory_033,smooth,1.0,1.0,same,False
ur5e,pink_qp,0a87de50d376d58ae400cb330f9477d95c5812cc55e8fe33d3d3e96c01ecb45b,trajectory_122,high_curvature,1.0,1.0,same,False
ur5e,pink_qp,0dd84d0ff35e701d49257c8fce503e635899f3fb95c2a17d91bde82b57d508f7,trajectory_009,smooth,1.0,1.0,same,False
ur5e,pink_qp,0e9f731eaf589bff44467bfac21a34eb815e23e9466e26f74adad7a794606d3d,trajectory_088,joint_limit_return,1.0,1.0,same,False
ur5e,pink_qp,0feef86abbdffbf56da2030987cdb7582310e2bf877e0958c4748047fc98589a,trajectory_124,high_curvature,1.0,0.0,gained,True
ur5e,pink_qp,147723ec885c076a79aa6df0f28d41a2a60704eed4fe5ca91287298cd1aa3e4b,trajectory_082,joint_limit_return,1.0,1.0,same,False
ur5e,pink_qp,14dbdf92e0ba228836bb0eec00261a8ad4e4f6db40403bc0f3ceaaff96938313,trajectory_073,near_singular,1.0,1.0,same,False
ur5e,pink_qp,160edaf457fb519de58b208c6b896ed08faf68c6011b9deb24be264e3a9e1a28,trajectory_027,smooth,1.0,1.0,same,False
ur5e,pink_qp,196468597141f70e3695efbf23ef22b8093a2e57269df5532db6d58bf957661a,trajectory_119,joint_limit_return,1.0,1.0,same,False
ur5e,pink_qp,1a2793db2858cf7ab0a6fa5cbe25d57b2d95eb513f8d9365e6d7fd41703b3766,trajectory_140,high_curvature,1.0,0.0,gained,True
ur5e,pink_qp,1abc4cdbe65529afffd0d3fa05667f31ecddfb5331c99f215a488f90799d2908,trajectory_126,high_curvature,1.0,1.0,same,False
ur5e,pink_qp,1b2ec0d8b336e6260360e28a967aa23b47ef29b00f91d5dfea5cb793860b6bcf,trajectory_068,near_singular,1.0,0.0,gained,True
ur5e,pink_qp,1c8c2cee8513118aa63d821d78ec578bb264cb2516af23dacd41ea148416f656,trajectory_086,joint_limit_return,1.0,1.0,same,False
ur5e,pink_qp,1cf990ad59f833600841f28f07a2d960dbbfaaa6594f6f3cbfb900d2c4f9bfac,trajectory_099,joint_limit_return,1.0,1.0,same,False
ur5e,pink_qp,1d8a1724561e2a8a9fd0f5d373fd3de8754e9d05650d220fbf89c2848de48db8,trajectory_021,smooth,1.0,1.0,same,False
ur5e,pink_qp,1f62567c664201a1c310c84b5060a5f7554c8c7ed4a1d2bb79efaa0dc82eade4,trajectory_049,near_singular,1.0,1.0,same,False
ur5e,pink_qp,28916f2098e26191ef1652120b593b6508843754985b2d8baa75940e0c5fd512,trajectory_040,near_singular,1.0,1.0,same,False
ur5e,pink_qp,2c260dbbe16e3043b30c0180c74d6e1e8bb5fb373fa24e790dd8baa144c2df21,trajectory_143,high_curvature,1.0,1.0,same,False
ur5e,pink_qp,2f61f0333eb0869c3d2af547f540382f5580ff0036f49f12d59da94e69814172,trajectory_029,smooth,1.0,1.0,same,False
ur5e,pink_qp,31f69f5235e9e326d7bc7f1966cb8accca1717504fa8fa1e69b76a435ee8034e,trajectory_013,smooth,1.0,1.0,same,False
ur5e,pink_qp,33c79c7e52903f30993f634203d079c2b23cbf39d542843b95460d9cb9ecf488,trajectory_091,joint_limit_return,1.0,1.0,same,False
ur5e,pink_qp,34cdeabd4b45ecccec143b2bb953ce185e50c8b7baa7ec7715cfbf69fb223766,trajectory_101,joint_limit_return,1.0,1.0,same,False
ur5e,pink_qp,35007e70c7f121c5ecddef083d9b5a5c2ffa280cbf90750562adad287ca7ec7e,trajectory_032,smooth,1.0,1.0,same,False
ur5e,pink_qp,352d4578e4c0db5d0e6ba9bf0e28c3015e86d29ea6b427d7f643b599fc7acdf2,trajectory_006,smooth,1.0,1.0,same,False
ur5e,pink_qp,37785295d302f66972dfc33f3febb47f17cdbdd9ef89afaff833af8f54a316b2,trajectory_106,joint_limit_return,1.0,1.0,same,False
ur5e,pink_qp,386d04c1dfc5cb803ad457c1f076c741ce7a9c31c301f4be1978e1191723b5ad,trajectory_121,high_curvature,1.0,0.0,gained,True
ur5e,pink_qp,3b8b57c4f8bc994dc44f23d1343dca1c2bb3dab23420328d7c45efbf64cad935,trajectory_123,high_curvature,1.0,1.0,same,False
ur5e,pink_qp,3e25fa2cd6f1be3006dda0f222bd5706c91724aa38d54c369b5e6e68977e5706,trajectory_060,near_singular,1.0,1.0,same,False
ur5e,pink_qp,3e87cf4bfc6df2c0fd5b84a81a422fbf44b18d64304f101cbfc4a6e2c88de42f,trajectory_120,high_curvature,1.0,1.0,same,False
ur5e,pink_qp,403a8fc503ef3b1432586af381e00ae56468ee8dc0f1890b6cc740d2b71398a9,trajectory_145,high_curvature,1.0,1.0,same,False
ur5e,pink_qp,455a43be73a6806a5686c0dc0589a0c17955f71c5647e6d8850e530f589ecca3,trajectory_003,smooth,1.0,0.0,gained,True
ur5e,pink_qp,455df4f337dd869ec3d041361009426d63667b3c1f9fd5dc147bf06e9798ebbe,trajectory_097,joint_limit_return,1.0,0.0,gained,True
ur5e,pink_qp,47d4a0170ccef17605464405a8c16d904f85d4732af703a9ece8ee196c0a441c,trajectory_115,joint_limit_return,1.0,1.0,same,False
ur5e,pink_qp,48832d0ec9a2c6125d5f17a150bfa429e812d18d57eb972c46e198ba4d8f751c,trajectory_051,near_singular,1.0,1.0,same,False
ur5e,pink_qp,48f55f94abd2f19dc0e42f9789c73bbd605042a4903da3ac8961a938b930776f,trajectory_152,high_curvature,1.0,1.0,same,False
ur5e,pink_qp,495aed44fa5c9924a609b11d58630ae664e155bdcd7e9c62435fa9488d8fb41f,trajectory_007,smooth,1.0,1.0,same,False
ur5e,pink_qp,4a2327c086935f743ca02bbfffb75a4d3833e788244e6f69fcf3aa03a72f107c,trajectory_137,high_curvature,1.0,1.0,same,False
ur5e,pink_qp,4c0120b997986071fa8373f6475c86e8b599a87c76e17842cee2130d0a4f4780,trajectory_002,smooth,1.0,1.0,same,False
ur5e,pink_qp,4c68775b3fe6de780c3b7546007a4a5b2335202aa710f1956e38babdd382f8cd,trajectory_096,joint_limit_return,1.0,1.0,same,False
ur5e,pink_qp,503872d2622b8d6e6c4a56829f7bd6b30d2c707da4ec550df17ad34fc7f40158,trajectory_017,smooth,1.0,1.0,same,False
ur5e,pink_qp,51480cdcfda1f03ce68798883c7c94f5827a269f6b64569ab19adfd6a908fc0c,trajectory_102,joint_limit_return,1.0,1.0,same,False
ur5e,pink_qp,54bf715f54efcb7f9ee35f33bff4ffbba3dd240d9300fde5f2076bc79d1f7a10,trajectory_135,high_curvature,1.0,1.0,same,False
ur5e,pink_qp,58bb40e5c210481f24086f76a049e33e02a8b7fb9b04e75a474c9049dd072f2b,trajectory_104,joint_limit_return,1.0,1.0,same,False
ur5e,pink_qp,5b29cfb3cab0787e7ac9277e33c368fbb0dcd7b7789bd5c492f07fd04cccac8a,trajectory_157,high_curvature,1.0,1.0,same,False
ur5e,pink_qp,5cb0d3ea27db6724338fd77ae538852f6d94607e0354c2dc56cfc3be3be1aaab,trajectory_072,near_singular,1.0,0.0,gained,True
ur5e,pink_qp,5d30bb2389dcd9ce2132810b892d827add2be514e596f0d408b26957a6169a1c,trajectory_048,near_singular,1.0,1.0,same,False
ur5e,pink_qp,5da7af6fee9b0503eed8ff8c985472802b69533e592a05eedf52d9e28bb5b0c9,trajectory_109,joint_limit_return,1.0,1.0,same,False
ur5e,pink_qp,61cf065b1346ac7313777bcf9b8ce2ae067a03b601b9f752872306d83f082a83,trajectory_113,joint_limit_return,1.0,1.0,same,False
ur5e,pink_qp,6591fe1e55ed4f0de6433d67d1821adecb639171ad745ac2c7cb576f94191676,trajectory_136,high_curvature,1.0,1.0,same,False
ur5e,pink_qp,67148de783e9a0c5f073d19a0d7c3c44ca35a647d7cb2ead25e02b90953262f8,trajectory_105,joint_limit_return,1.0,1.0,same,False
ur5e,pink_qp,68432406fa88e3ba9e73856d01b1cc541f9134369bb2459059f1fc36564c045f,trajectory_117,joint_limit_return,1.0,1.0,same,False
ur5e,pink_qp,686ce309383dceffb72e64c1d7eb06f366c93fda04084cd6c39f6e89332fa799,trajectory_000,smooth,1.0,1.0,same,False
ur5e,pink_qp,6f494d893ed1a07925719d015b2ee2f55de5088b1aaebfb231b0b9bbb0d40039,trajectory_014,smooth,1.0,1.0,same,False
ur5e,pink_qp,7081b5dc46ee76c4a76bd8c142d61d00ad0300933221a340da1fa88d8caaa1b8,trajectory_065,near_singular,1.0,1.0,same,False
ur5e,pink_qp,71d7ebb573b83f4eb7da1edce7175c9650c45196db754a1cb806a2b89bc610ba,trajectory_087,joint_limit_return,1.0,1.0,same,False
ur5e,pink_qp,724195496ade67a21fa38a9b189e3e4edede9148fcf1b5a360738cba7807468b,trajectory_134,high_curvature,1.0,0.0,gained,True
ur5e,pink_qp,72ad8987f43d3155ae17d4c5db8054e43e840aa838acb2e1e6d25da0d1c8d411,trajectory_103,joint_limit_return,1.0,1.0,same,False
ur5e,pink_qp,740b45ba8a847d389787064239c5447da96fd8c9783539870faded64202a17ad,trajectory_093,joint_limit_return,1.0,1.0,same,False
ur5e,pink_qp,7707342c2b3de4fcbd79ac4f834aa60b52752614ffb53de30168eb3333874836,trajectory_144,high_curvature,1.0,0.0,gained,True
ur5e,pink_qp,78e2c05235eed4c7aded39a5955b332ed8c3b5f3ff6d1e633c0ba4f840d706fc,trajectory_070,near_singular,1.0,0.0,gained,True
ur5e,pink_qp,7b691d6bc61902ea7d02df04837d5eff55bcb12ddc737f432ecf9ff87ad585f1,trajectory_100,joint_limit_return,1.0,1.0,same,False
ur5e,pink_qp,7cddcc7aecfb2cc7a9567c82fdf3d8bc4e454260d03cda535a3738b074cf8dd5,trajectory_067,near_singular,1.0,1.0,same,False
ur5e,pink_qp,7cf509b9613e6bc8539efc4da94e1bf8e7d1c2656024efa0e0b8f0d0eff9d428,trajectory_069,near_singular,1.0,1.0,same,False
ur5e,pink_qp,7d31283416312d45bb28a2f3e0143818a5a6ba2c70482c412abe08ee1f50f5c6,trajectory_128,high_curvature,1.0,1.0,same,False
ur5e,pink_qp,7ec3a941b8a8e9f6396fe87a2a526d704c200da5c7b0fdf04f615cc804cb0f16,trajectory_154,high_curvature,1.0,1.0,same,False
ur5e,pink_qp,7f19e5fb7c4a3e5512e3ca808b23999cd566c13c7713e94523157d861841d4df,trajectory_054,near_singular,1.0,1.0,same,False
ur5e,pink_qp,7f4763daab05f66e40bf64089e5137340eaf99858c1b8649ae3113641088b90e,trajectory_005,smooth,1.0,1.0,same,False
ur5e,pink_qp,827b375c519d968a5b41663c8e8a2a747c9eb269019e2d86f29330fde600f1b6,trajectory_010,smooth,1.0,1.0,same,False
ur5e,pink_qp,84275ca5d90e2452b2b6e25b0dc49327ca349cf2cc1388b020532f03badd2856,trajectory_092,joint_limit_return,1.0,1.0,same,False
ur5e,pink_qp,843b7cea53c9f6b748a8488f867f3af3d5f55da01300b043fa64ce853453e711,trajectory_034,smooth,1.0,1.0,same,False
ur5e,pink_qp,85586cb1bf15307d03bb378cf6ac237fffd25e3588ea376288f105be162123eb,trajectory_075,near_singular,1.0,1.0,same,False
ur5e,pink_qp,85dc9c6d83b5e8b4d87c745d9ca244d761b7eeb74bef1be34b0b065e45910ce9,trajectory_016,smooth,1.0,1.0,same,False
ur5e,pink_qp,89043c092bd9a93f80f6d1202c101679b192f603234e799df6201a6c2742c27c,trajectory_148,high_curvature,1.0,1.0,same,False
ur5e,pink_qp,8908cd02de98b2b8e1492152922173fea5395752617a1da31b0a1f4b42671215,trajectory_083,joint_limit_return,1.0,1.0,same,False
ur5e,pink_qp,8954d7372760d015dde205fe23c29cd3f788725a3aaacb3facbec5b439e30a27,trajectory_011,smooth,1.0,1.0,same,False
ur5e,pink_qp,89e2a18f38d91422b27bab0ab848308c9e7a0ef1426a7cb35ae47a7834129fee,trajectory_036,smooth,1.0,1.0,same,False
ur5e,pink_qp,8a31187b8082f322d3889fa8690653f8ea1bb720ca6b7580c281e490c5d9ff82,trajectory_142,high_curvature,1.0,1.0,same,False
ur5e,pink_qp,8abc6aeecb82cf161109e7a82956e5c3d3496c0968eb3540b70b270b8dd0e382,trajectory_030,smooth,1.0,1.0,same,False
ur5e,pink_qp,8d7bbe8ea92596c88e4302fb0ba88365293f88c96fdc92722986905bc459aea4,trajectory_078,near_singular,1.0,1.0,same,False
ur5e,pink_qp,902a8600c2185a59cf86deaa728f357a1c8f7c12f612ef6346dcfb241e293ca1,trajectory_158,high_curvature,1.0,1.0,same,False
ur5e,pink_qp,90ae6d4e772c54e6f62a165614eed2df96c93f4d486693d2a17d976338f54bb6,trajectory_012,smooth,1.0,1.0,same,False
ur5e,pink_qp,91ed2116da7bf073830df8553a162c8e21c01a157b9aa36f8d708a2a598af937,trajectory_139,high_curvature,1.0,1.0,same,False
ur5e,pink_qp,9602447adb23a927a798b929ce2924e219d87de30e27012b5194fdc45718699c,trajectory_112,joint_limit_return,1.0,1.0,same,False
ur5e,pink_qp,9660cef6ce0545e32bd3f3b05df8237968dc62decbd0a22d567e190f4d7053d2,trajectory_111,joint_limit_return,1.0,1.0,same,False
ur5e,pink_qp,973fd8131a9cd42f1dfbb69f8755470b9f35fc4f642098dbfd720d4346751e59,trajectory_043,near_singular,1.0,1.0,same,False
ur5e,pink_qp,97ac5290d57cbe7a453c02dcfb36927eda1953de8480792f9c91f45e08bcb212,trajectory_025,smooth,1.0,1.0,same,False
ur5e,pink_qp,9a9ec1e0022a853751297ce0a98e4f8964494a7ce54c92efeeae3b0e0da6e703,trajectory_045,near_singular,1.0,1.0,same,False
ur5e,pink_qp,9b4ce9e30581c65e935158f1fd19b88bff8be3de5905f24cfd4756d535c5a879,trajectory_039,smooth,1.0,1.0,same,False
ur5e,pink_qp,9bd9331c5990f861976a22603cc57bd572b2ce6682ee7e3ced8c7392ca0d221a,trajectory_053,near_singular,1.0,1.0,same,False
ur5e,pink_qp,9d89e1bfb32d5fc8c14e827c039bfa0ae099593c8ff0d70f841bc5cc501d4bd4,trajectory_151,high_curvature,1.0,1.0,same,False
ur5e,pink_qp,9f3a06b8da1bf017fc6d0d042efa79b8e1d19bce4a134ed0e0ed52f76125c3af,trajectory_047,near_singular,1.0,1.0,same,False
ur5e,pink_qp,a109a7254612e6f8df68ba11aaaff028114a82e042ce2eaa3e4e73c5a5b77a7f,trajectory_076,near_singular,1.0,1.0,same,False
ur5e,pink_qp,a11a9cb9acf1dc8dde81e8950d00399d055990e4d6112f37dba444d46d0fd22d,trajectory_041,near_singular,1.0,1.0,same,False
ur5e,pink_qp,a1dcd3f9d2d0215aeb629414e6ebd203f2345395673d63274b4465e0847d6ccb,trajectory_089,joint_limit_return,1.0,1.0,same,False
ur5e,pink_qp,a7bc4058163210f465a6173a3ffc77fa7c5b4e7a90960c50bed947d0346b6a13,trajectory_081,joint_limit_return,1.0,1.0,same,False
ur5e,pink_qp,a887ec40ba4dd72bbe4406acf5cf70281c31b41deec40b48cc2213c5665b72cb,trajectory_146,high_curvature,1.0,1.0,same,False
ur5e,pink_qp,a9689872a7740bb25a1a2ff69704093229f9f308d2f07588903acda37c478c7c,trajectory_022,smooth,1.0,1.0,same,False
ur5e,pink_qp,a9c47a91c002091ddea4ec1679ab0bb336b9d3d6aa5e99d1b1a70c390473eefc,trajectory_079,near_singular,1.0,1.0,same,False
ur5e,pink_qp,aa2170a104fe9a5883cd2fac7365c8e64fa69aeae243c2a51e690d7688af2d5a,trajectory_035,smooth,1.0,1.0,same,False
ur5e,pink_qp,aa5825ef6b28d8d90cfb790aca68cb615c47723d18109e0a5c03bead5c7c9d24,trajectory_026,smooth,1.0,1.0,same,False
ur5e,pink_qp,af38432b70f3754f4a643ba6a588a64cc2e53ca500c09479433518c5d7e2a2b0,trajectory_077,near_singular,1.0,1.0,same,False
ur5e,pink_qp,b34fad5df1e0a336db93b77bb87845da3d17b38206b8496af3ea2adbd78d821e,trajectory_114,joint_limit_return,1.0,1.0,same,False
ur5e,pink_qp,b5b68e744d02d37b144270ef2b9a6acfc983022dbc3e84503f9d6b952fc2a356,trajectory_150,high_curvature,1.0,1.0,same,False
ur5e,pink_qp,b5fd37d5173ef327cdc96402d2d3c4869598cb3cb5dda9a0b50c35bb5d56e57d,trajectory_063,near_singular,1.0,1.0,same,False
ur5e,pink_qp,b673ff7ac8a40599b61e9f3c7ebaee52de8edf81014cf5a8037bc7a2ad358a9d,trajectory_028,smooth,1.0,0.0,gained,True
ur5e,pink_qp,b85bb93111b10690027a3f1c51c8e8627a6ed0e4adeed0b1d40f0126f6082bd6,trajectory_023,smooth,1.0,1.0,same,False
ur5e,pink_qp,ba9bb4e132a286302883d3ca2207dc242aa87c57450d1d6cc2dcde74d79d625b,trajectory_046,near_singular,1.0,1.0,same,False
ur5e,pink_qp,bad5e5c0fcc0674d2f204b7d752f89b1ce0e189c061a241d4a153ad0c78947d9,trajectory_044,near_singular,1.0,0.0,gained,True
ur5e,pink_qp,be3fedf6b4ea6b22f2babefaf2de72264a62f2a64da106c9a73fa85110045699,trajectory_015,smooth,1.0,1.0,same,False
ur5e,pink_qp,bf95d183d97ef7ba56cbaea67cad039c8230048f1456470eb022d582e5d87b96,trajectory_090,joint_limit_return,1.0,1.0,same,False
ur5e,pink_qp,c080efe6c92fe0222a4c277a6b40e11d7ade18ceee24413120e3ec60656c5308,trajectory_107,joint_limit_return,1.0,1.0,same,False
ur5e,pink_qp,c173bc1217a828de6205bf0d0c767d2505fbe856597d39d948838ce9d559a094,trajectory_071,near_singular,0.0,0.0,same,False
ur5e,pink_qp,c18a069410f1e5f50fc53ecea9e46086bb6f0d6bad4a86937735d6a854003b3e,trajectory_110,joint_limit_return,1.0,1.0,same,False
ur5e,pink_qp,c2fe4dc2655f134bf018f339c9f44c7b077cb10bab25e618f42301e7377a070d,trajectory_153,high_curvature,1.0,1.0,same,False
ur5e,pink_qp,c3b17d9135e3f5110c601ebb388e43620ea47a61f948a8525c5a4ddc1572be71,trajectory_098,joint_limit_return,1.0,1.0,same,False
ur5e,pink_qp,c4576342bc5bd0b1f1888887cf118ac5ed5ee31ffdb3ea595cc0970a28f536e2,trajectory_008,smooth,1.0,1.0,same,False
ur5e,pink_qp,c468f9ee771baf75248c87f948f9e87b66215b6e78ae94ed1f4e6d3dbdc170f5,trajectory_155,high_curvature,1.0,0.0,gained,True
ur5e,pink_qp,c47efcaf1c35c157b775c76f595d9d70f4e0f13fd9103ce872fce7e236f17bf7,trajectory_056,near_singular,1.0,1.0,same,False
ur5e,pink_qp,c504b0efe36bf4eea5c35716f51b05483e734ed8836b421da0f3087aad1b106b,trajectory_085,joint_limit_return,1.0,1.0,same,False
ur5e,pink_qp,c5d5a8e72ce4c6b762185b1a227ec3e774ed4967a00b6de4cbd60dc0b3489d29,trajectory_018,smooth,1.0,1.0,same,False
ur5e,pink_qp,c62854c73a56ad1ea7d427d4b39c770a0fc15217f31fa9341e1145cf73012ccf,trajectory_020,smooth,1.0,1.0,same,False
ur5e,pink_qp,c8ec0518b6db3155050b11a3423dd67c62760ef325eb32eed4d81264285cc2e0,trajectory_031,smooth,1.0,1.0,same,False
ur5e,pink_qp,ca23ec82b31989c11f622d2357230e7f85a752cdd5fcfc1916418816019b16c0,trajectory_074,near_singular,1.0,1.0,same,False
ur5e,pink_qp,cb34f01e0e28065f626918b20c6e13b47e93164dc8cc78652a4844a9b91019ba,trajectory_156,high_curvature,1.0,1.0,same,False
ur5e,pink_qp,cbddc7b090023022ded30fbe029247ad1a9a2f6f44eb3d1ea09b1471cf29edbc,trajectory_095,joint_limit_return,1.0,1.0,same,False
ur5e,pink_qp,cdcf0ee9be127e80d0dc25f588c4d3e118f0a51fe9b42b01ba416e0eef260a78,trajectory_094,joint_limit_return,1.0,1.0,same,False
ur5e,pink_qp,d196f286593ce2494c2d452e351f0cbff757344c9ad934c43f3456f315e6ff6f,trajectory_062,near_singular,1.0,1.0,same,False
ur5e,pink_qp,d403ab409425a8e0d76b1c90ed4e5f61af12a533519277de745fb18744453b67,trajectory_116,joint_limit_return,1.0,1.0,same,False
ur5e,pink_qp,d542b46934017ffd3d5d463fdb46c29768b64ecbe442f7d1ddf7e201a272af2c,trajectory_159,high_curvature,1.0,1.0,same,False
ur5e,pink_qp,d8bd9c0af720100e6fbad9dc449e632c6315fd52b2c3b6c2293cdb3413fa78f8,trajectory_038,smooth,1.0,1.0,same,False
ur5e,pink_qp,d90fb01942c4f5f5a4690d2fb3e6578ce8589d7adb1b4fcdeecb8f49b768150f,trajectory_066,near_singular,1.0,1.0,same,False
ur5e,pink_qp,daffa6e56fbd6c3e5a0b1bc149b2b3db76cc7969e84115384cfda267a25f5623,trajectory_108,joint_limit_return,1.0,1.0,same,False
ur5e,pink_qp,dcae8362f72540a854446babea83f879db72d9ea6bc88b34b80f16a8461d30ac,trajectory_052,near_singular,1.0,1.0,same,False
ur5e,pink_qp,dcb498be2431001dfc93a7c61d63bd58061c9ec13d3aa68c4d4c99a3b169c650,trajectory_057,near_singular,1.0,1.0,same,False
ur5e,pink_qp,dd8ea68eb60a2a79785ffc347cae495796617b794d9da0a74d8539f601034c78,trajectory_147,high_curvature,1.0,1.0,same,False
ur5e,pink_qp,dd9ccb5b42c8963d53c3795cb79fd054cd4b1da572bc46bfd61297d324ca3f5e,trajectory_061,near_singular,1.0,1.0,same,False
ur5e,pink_qp,def4c7c21eb5056eb06fe3493dbbd47b0e017e9d04fb05e9ce718304fde13155,trajectory_127,high_curvature,1.0,1.0,same,False
ur5e,pink_qp,df81e3d36a17590279c10102a5d3564ade94174a725b81c2b9982e7861176d01,trajectory_042,near_singular,1.0,1.0,same,False
ur5e,pink_qp,dfb95f240fb92ece611a18d9d6a1f3f0c2954ffa25d6adb20bf4808f1e8eea3e,trajectory_149,high_curvature,1.0,0.0,gained,True
ur5e,pink_qp,e028bf75afa080d243a9bdccd3419d1cb5a5d718dca69db83562268e89ed12e3,trajectory_059,near_singular,1.0,1.0,same,False
ur5e,pink_qp,e621fdc4f247e6d4f941602738d8470496c5f9695bfc622242db0628c871b460,trajectory_131,high_curvature,0.0,0.0,same,False
ur5e,pink_qp,e644ec1ddd274fcfdfbf0fed4c50373ce5666e2274ee3fe2cb157df665d13588,trajectory_132,high_curvature,1.0,0.0,gained,True
ur5e,pink_qp,e94d987badb3767e3544aa16554e82c6863b3b12927a26d94f7bbb32b9be1cf9,trajectory_024,smooth,1.0,1.0,same,False
ur5e,pink_qp,ed3d541f8d51c56dcef974b5dce8e87cbd24af8eabdf00973c49f94965da49df,trajectory_125,high_curvature,1.0,1.0,same,False
ur5e,pink_qp,ee6031ae34dcb9670f70c523530997a74ff806611263e1fca22da37b1cd003d5,trajectory_064,near_singular,1.0,0.0,gained,True
ur5e,pink_qp,eecc7b5aa0a6af348f8fe5410ce6d3c80c76a3b76815cc492ac7dff69ea040a0,trajectory_118,joint_limit_return,1.0,1.0,same,False
ur5e,pink_qp,ef5970a23141d97e190951c06fce09a1b043b0d2e91efc242b18fd04b329e35b,trajectory_004,smooth,1.0,1.0,same,False
ur5e,pink_qp,f17a7ffba93420840a76c2b3daad57e2a486c769ddcd5c712bcd35d81635c814,trajectory_133,high_curvature,1.0,1.0,same,False
ur5e,pink_qp,f1d4fe64de9a37b56068fc8b5e18efdf3afb4094b5bcda3c5d8dd84239894e9e,trajectory_138,high_curvature,1.0,1.0,same,False
ur5e,pink_qp,f2786b0cb702d9956b071d27ad9f0d5c4a568e36c053c20f87f9a0fb94d54a45,trajectory_055,near_singular,1.0,1.0,same,False
ur5e,pink_qp,f2f90e8de9e99f8f2639a8ef08ec9638381ba3bb44168c94c8158835e3a7c637,trajectory_019,smooth,1.0,1.0,same,False
ur5e,pink_qp,f3d5f800686bbb23713085d4bb5b97ec4a0d2920a0048bb62bc1efda5dd22d7b,trajectory_058,near_singular,1.0,1.0,same,False
ur5e,pink_qp,f6049a1d1c02bec9c02bdde0795f54736df40109a1be62528d6f16245a5a7f2c,trajectory_001,smooth,1.0,1.0,same,False
ur5e,pink_qp,f8efe5854fed39bd18dfd911ea4c793e612245b655469805844b8433c1505c42,trajectory_141,high_curvature,1.0,1.0,same,False
ur5e,pink_qp,fa6c88092aec16921c068990a30a090c7015f7affeac53cc3e5b002ed6a90b41,trajectory_080,joint_limit_return,1.0,1.0,same,False
ur5e,pink_qp,fc1b3d1c1640b26978eb54d66f481919216797cf182f6bde14c9a0949d312527,trajectory_050,near_singular,1.0,1.0,same,False
ur5e,pink_qp,fe43e012e3d2ff6c1d61eed3c30e66289cfbaa3244cbd27939a4ae7b37c5ae96,trajectory_129,high_curvature,1.0,1.0,same,False
ur5e,pink_qp,ff9240424126b109ed9128ebdcc1c535dd8e1041ecedc909a91f8cebff022cbc,trajectory_130,high_curvature,1.0,1.0,same,False
